======================================================================
EPISODE 1
======================================================================
init: year=0 month=3 season=0 money=82000 credit=0 people=28 busy=0 free=28 home_places=50 need_workers=0 tax_due=0 main_tax_due=0 tax_amount=5106 main_tax_amount=0 days_alive=0 stage=0 res0=0 res1=0 res2=0 res3=0 res4=0 res5=0 res6=0 res7=0 res8=0 | nw=1532000.0000
  s=    0 a= 22(BUILD:Apiary) r=+10.0000 cum=    +10.00 v= +6.8103 top5=[a43=0.030, a30=0.029, a15=0.028, a24=0.027, a36=0.026] [BUILD: Apiary]
    state: year=0 month=3 season=0 money=72615 credit=0 people=28 busy=0 free=28 home_places=50 need_workers=0 tax_due=0 main_tax_due=0 tax_amount=5526 main_tax_amount=0 days_alive=1 stage=0 res0=0 res1=0 res2=0 res3=0 res4=0 res5=0 res6=0 res7=0 res8=0 Apiary=1 | nw=1532000.0000
  s=    1 a=  3(BUILD:Farm) r= +2.1056 cum=    +12.11 v= +7.8588 top5=[a43=0.031, a15=0.030, a30=0.029, a39=0.028, a8=0.027] [BUILD: Farm]
  s=    2 a= 39(MANAGER:5) r= -0.1447 cum=    +11.96 v= +6.7581 top5=[a43=0.030, a15=0.028, a8=0.027, a39=0.027, a30=0.027]
  s=    3 a= 34(MANAGER:0) r= -2.5509 cum=     +9.41 v= +5.6208 top5=[a43=0.029, a15=0.027, a30=0.027, a8=0.026, a39=0.026]
  s=    4 a=  5(BUILD:House) r= -0.1491 cum=     +9.26 v= +5.6384 top5=[a43=0.028, a15=0.027, a30=0.026, a8=0.026, a39=0.026] [BUILD: House]
  s=    5 a= 37(MANAGER:3) r= -0.1590 cum=     +9.10 v= +5.2442 top5=[a43=0.028, a15=0.027, a30=0.026, a8=0.026, a39=0.025]
  s=    6 a=  9(BUILD:Ironmine) r= -2.8053 cum=     +6.30 v= +4.9538 top5=[a43=0.028, a15=0.027, a30=0.026, a8=0.025, a39=0.025] [BUILD FAILED: Ironmine]
  s=    7 a= 18(BUILD:CowFarm) r= -0.1675 cum=     +6.13 v= +4.7475 top5=[a43=0.027, a15=0.026, a30=0.025, a8=0.025, a39=0.025] [BUILD: CowFarm]
  s=    8 a=  7(BUILD:Sawmill) r= -0.1761 cum=     +5.95 v= +4.5885 top5=[a43=0.027, a15=0.026, a30=0.025, a8=0.025, a39=0.025] [BUILD: Sawmill]
  s=    9 a= 27(BUILD:WaterMill) r= -3.0699 cum=     +2.88 v= +4.4653 top5=[a43=0.027, a15=0.026, a8=0.025, a30=0.025, a39=0.025] [BUILD FAILED: WaterMill]
  s=   10 a=  0(DAY) r= +0.1222 cum=     +3.01 v= +4.3695 top5=[a43=0.027, a15=0.026, a8=0.025, a30=0.025, a39=0.025]
  s=   11 a= 41(MANAGER:7) r= -0.5085 cum=     +2.50 v= +4.2949 top5=[a43=0.027, a15=0.026, a8=0.025, a30=0.025, a39=0.025]
  s=   12 a= 10(BUILD:Refinery) r= -3.2919 cum=     -0.80 v= +6.8995 top5=[a43=0.029, a8=0.028, a15=0.027, a30=0.026, a39=0.025] [BUILD FAILED: Refinery]
  s=   13 a= 15(BUILD:Fish) r= -0.1961 cum=     -0.99 v= +5.9676 top5=[a43=0.028, a8=0.027, a15=0.027, a30=0.026, a39=0.025] [BUILD: Fish]
  s=   14 a= 35(MANAGER:1) r= -0.2025 cum=     -1.19 v= +5.5749 top5=[a43=0.028, a8=0.027, a15=0.027, a30=0.025, a39=0.025]
  s=   15 a=  0(DAY) r= -3.3397 cum=     -4.53 v= +5.3369 top5=[a43=0.028, a8=0.027, a15=0.026, a30=0.025, a39=0.025]
  s=   16 a=  8(BUILD:Coalmine) r= -0.2075 cum=     -4.74 v= +5.1722 top5=[a43=0.028, a8=0.026, a15=0.026, a30=0.025, a39=0.025] [BUILD: Coalmine]
  s=   17 a= 39(MANAGER:5) r= -0.2131 cum=     -4.95 v= +5.0493 top5=[a43=0.028, a8=0.026, a15=0.026, a30=0.025, a39=0.025]
  s=   18 a=  2(BUILD:WaterChannel) r= +3.6446 cum=     -1.31 v= +4.9567 top5=[a43=0.028, a8=0.026, a15=0.026, a30=0.025, a39=0.025] [BUILD: WaterChannel]
  s=   19 a= 39(MANAGER:5) r= -0.2141 cum=     -1.52 v= +5.5728 top5=[a43=0.029, a8=0.027, a15=0.026, a39=0.026, a30=0.025]
  s=   20 a=  9(BUILD:Ironmine) r= -3.6513 cum=     -5.17 v= +5.4994 top5=[a43=0.029, a8=0.027, a15=0.026, a39=0.026, a30=0.025] [BUILD FAILED: Ironmine]
  s=   21 a= 42(MANAGER:8) r= -0.1286 cum=     -5.30 v= +5.5739 top5=[a43=0.029, a8=0.027, a15=0.026, a39=0.026, a14=0.025]
  s=   22 a= 11(BUILD:Goldmine) r= -0.4987 cum=     -5.80 v= +6.2376 top5=[a43=0.031, a8=0.028, a15=0.027, a39=0.027, a14=0.026] [BUILD: Goldmine]
  s=   23 a= 26(BUILD:BigSawmill) r= -3.7543 cum=     -9.56 v= +6.1094 top5=[a43=0.031, a8=0.028, a15=0.027, a39=0.026, a14=0.026] [BUILD FAILED: BigSawmill]
  s=   24 a= 10(BUILD:Refinery) r= -0.4788 cum=    -10.04 v= +5.9987 top5=[a43=0.030, a8=0.028, a15=0.026, a39=0.026, a14=0.026] [BUILD: Refinery]
  s=   25 a= 16(BUILD:CoalCut) r= -0.5197 cum=    -10.55 v= +9.4912 top5=[a43=0.033, a15=0.031, a8=0.031, a14=0.027, a39=0.027] [BUILD: CoalCut]
  s=   26 a= 36(MANAGER:2) r= -3.8456 cum=    -14.40 v= +9.9062 top5=[a8=0.034, a43=0.034, a15=0.033, a14=0.028, a24=0.028]
  s=   27 a= 15(BUILD:Fish) r= -0.5259 cum=    -14.93 v= +8.6667 top5=[a8=0.032, a43=0.032, a15=0.031, a17=0.027, a14=0.027] [BUILD: Fish]
  s=   28 a= 41(MANAGER:7) r= -0.5305 cum=    -15.46 v= +7.9691 top5=[a43=0.031, a8=0.031, a15=0.030, a17=0.027, a14=0.027]
  s=   29 a= 25(BUILD:SuperHouse) r= -3.9277 cum=    -19.38 v= +7.5165 top5=[a43=0.031, a8=0.030, a15=0.030, a17=0.026, a14=0.026] [BUILD FAILED: SuperHouse]
  s=   30 a=  6(BUILD:SmallHouse) r= -0.5372 cum=    -19.92 v= +7.2198 top5=[a43=0.031, a8=0.030, a15=0.029, a14=0.026, a17=0.026] [BUILD: SmallHouse]
  s=   31 a= 38(MANAGER:4) r= +1.0292 cum=    -18.89 v= +5.2069 top5=[a43=0.028, a15=0.027, a8=0.027, a24=0.025, a14=0.025]
  s=   32 a=  8(BUILD:Coalmine) r= -3.9773 cum=    -22.87 v= +5.2183 top5=[a43=0.028, a15=0.027, a8=0.027, a17=0.025, a11=0.025] [BUILD FAILED: Coalmine]
  s=   33 a= 40(MANAGER:6) r= -0.0709 cum=    -22.94 v= +5.1154 top5=[a43=0.028, a15=0.027, a8=0.027, a17=0.025, a11=0.024]
  s=   34 a=  2(BUILD:WaterChannel) r= +2.1604 cum=    -20.78 v= +5.0201 top5=[a43=0.028, a15=0.027, a8=0.027, a17=0.025, a11=0.024] [BUILD: WaterChannel]
  s=   35 a= 21(BUILD:BigFarm) r= -0.5529 cum=    -21.33 v= +6.0342 top5=[a43=0.029, a8=0.028, a15=0.027, a39=0.025, a14=0.025] [BUILD: BigFarm]
  s=   36 a= 42(MANAGER:8) r= -4.0276 cum=    -25.36 v= +5.9367 top5=[a43=0.029, a8=0.028, a15=0.027, a39=0.025, a14=0.025]
  s=   37 a=  3(BUILD:Farm) r= +0.6653 cum=    -24.70 v= +7.8185 top5=[a43=0.033, a15=0.029, a8=0.029, a39=0.026, a24=0.026] [BUILD: Farm]
  s=   38 a=  0(DAY) r= -0.4722 cum=    -25.17 v=+11.9231 top5=[a43=0.040, a8=0.036, a11=0.031, a14=0.029, a15=0.029]
  s=   39 a= 21(BUILD:BigFarm) r= -4.0687 cum=    -29.24 v= +9.8590 top5=[a43=0.036, a8=0.032, a11=0.029, a15=0.029, a14=0.027] [BUILD FAILED: BigFarm]
  s=   40 a= 41(MANAGER:7) r= -0.8712 cum=    -30.11 v= +8.9352 top5=[a43=0.034, a8=0.031, a15=0.028, a11=0.028, a39=0.027]
  s=   41 a=  2(BUILD:WaterChannel) r= +0.6671 cum=    -29.44 v= +8.4599 top5=[a43=0.034, a8=0.031, a15=0.028, a11=0.027, a39=0.027] [BUILD: WaterChannel]
  s=   42 a= 31(BUILD:AirStation) r= +4.1045 cum=    -25.34 v= +9.3722 top5=[a43=0.035, a8=0.032, a15=0.029, a11=0.028, a39=0.027] [BUILD: AirStation]
  s=   43 a= 20(BUILD:BigHouse) r= -0.8692 cum=    -26.21 v=+10.3263 top5=[a43=0.036, a8=0.033, a15=0.030, a11=0.028, a39=0.028] [BUILD: BigHouse]
  s=   44 a= 28(BUILD:BigRefinary) r= -4.0278 cum=    -30.23 v=+10.0305 top5=[a43=0.036, a8=0.032, a15=0.030, a11=0.028, a39=0.027] [BUILD FAILED: BigRefinary]
  s=   45 a=  2(BUILD:WaterChannel) r= +0.6509 cum=    -29.58 v= +9.7880 top5=[a43=0.035, a8=0.032, a15=0.029, a11=0.027, a39=0.027] [BUILD: WaterChannel]
  s=   46 a= 40(MANAGER:6) r= -0.3967 cum=    -29.98 v=+11.0524 top5=[a43=0.037, a8=0.032, a15=0.031, a39=0.028, a11=0.028]
  s=   47 a= 19(BUILD:Mushroom) r= -4.0622 cum=    -34.04 v=+10.8153 top5=[a43=0.037, a8=0.032, a15=0.031, a39=0.028, a11=0.028] [BUILD FAILED: Mushroom]
  s=   48 a= 32(BUILD:SmallAtomStation) r= -0.8842 cum=    -34.93 v=+10.6279 top5=[a43=0.037, a8=0.032, a15=0.030, a39=0.028, a11=0.028] [BUILD: SmallAtomStation]
  s=   49 a= 23(BUILD:Torchlight) r= -0.8954 cum=    -35.82 v=+10.4754 top5=[a43=0.036, a8=0.032, a15=0.030, a39=0.028, a11=0.027] [BUILD: Torchlight]
  s=   50 a= 22(BUILD:Apiary) r= +2.3847 cum=    -33.44 v=+10.3415 top5=[a43=0.036, a8=0.031, a15=0.030, a39=0.028, a11=0.027] [BUILD: Apiary]
    state: year=0 month=4 season=0 money=11105 credit=104596 people=28 busy=0 free=28 home_places=50 need_workers=5 tax_due=0 main_tax_due=0 tax_amount=8906 main_tax_amount=0 days_alive=51 stage=0 res0=0 res1=200 res2=0 res3=0 res4=0 res5=0 res6=0 res7=0 res8=0 Farm=4 Garden=2 Apiary=2 AirStation=1 | nw=1493637.9585
  s=   51 a=  4(BUILD:Garden) r= -0.7533 cum=    -34.19 v=+10.4502 top5=[a43=0.036, a8=0.031, a15=0.030, a39=0.028, a11=0.027] [BUILD: Garden]
  s=   52 a=  1(WEEK) r= -4.1210 cum=    -38.31 v=+10.3483 top5=[a43=0.036, a8=0.031, a15=0.030, a39=0.028, a11=0.027]
  s=   53 a= 15(BUILD:Fish) r= -0.9221 cum=    -39.23 v=+11.6352 top5=[a43=0.038, a8=0.033, a15=0.031, a39=0.028, a11=0.028] [BUILD: Fish]
  s=   54 a= 23(BUILD:Torchlight) r= -0.9308 cum=    -40.16 v=+11.4797 top5=[a43=0.038, a8=0.033, a15=0.031, a39=0.028, a11=0.028] [BUILD: Torchlight]
  s=   55 a= 35(MANAGER:1) r= -4.1559 cum=    -44.32 v= +9.3213 top5=[a43=0.032, a8=0.031, a15=0.029, a11=0.027, a30=0.027]
  s=   56 a= 11(BUILD:Goldmine) r= -0.9439 cum=    -45.26 v= +9.2380 top5=[a43=0.032, a8=0.031, a15=0.029, a11=0.027, a30=0.027] [BUILD: Goldmine]
  s=   57 a= 26(BUILD:BigSawmill) r= -0.9478 cum=    -46.21 v= +9.1288 top5=[a43=0.032, a8=0.030, a15=0.029, a11=0.027, a30=0.027] [BUILD: BigSawmill]
  s=   58 a= 38(MANAGER:4) r= -3.4692 cum=    -49.68 v= +9.0280 top5=[a43=0.032, a8=0.030, a15=0.029, a11=0.027, a30=0.027]
  s=   59 a=  7(BUILD:Sawmill) r= -0.9608 cum=    -50.64 v= +8.9218 top5=[a43=0.033, a8=0.030, a15=0.029, a11=0.027, a30=0.027] [BUILD: Sawmill]
  s=   60 a= 11(BUILD:Goldmine) r= -0.9650 cum=    -51.61 v= +8.8386 top5=[a43=0.033, a8=0.030, a15=0.029, a11=0.027, a30=0.027] [BUILD: Goldmine]
  s=   61 a= 43(MANAGER:9) r= -4.2487 cum=    -55.85 v= +8.7836 top5=[a43=0.033, a8=0.030, a15=0.029, a11=0.027, a30=0.027]
  s=   62 a= 30(BUILD:BigIronmine) r= -0.9666 cum=    -56.82 v= +8.7387 top5=[a43=0.033, a8=0.030, a15=0.029, a11=0.027, a30=0.027] [BUILD: BigIronmine]
  s=   63 a=  7(BUILD:Sawmill) r= -0.9710 cum=    -57.79 v= +8.7000 top5=[a43=0.033, a8=0.030, a15=0.029, a11=0.027, a30=0.027] [BUILD: Sawmill]
  s=   64 a= 15(BUILD:Fish) r= -4.2782 cum=    -62.07 v= +8.6672 top5=[a43=0.033, a8=0.030, a15=0.029, a11=0.027, a30=0.027] [BUILD FAILED: Fish]
  s=   65 a= 14(BUILD:Road) r= +3.2511 cum=    -58.82 v= +8.6396 top5=[a43=0.033, a8=0.030, a15=0.029, a11=0.027, a30=0.027] [BUILD: Road]
  s=   66 a= 17(BUILD:HuntingLand) r= -0.9762 cum=    -59.80 v= +9.1663 top5=[a43=0.034, a8=0.029, a15=0.029, a30=0.027, a11=0.027] [BUILD: HuntingLand]
  s=   67 a= 25(BUILD:SuperHouse) r= -4.2105 cum=    -64.01 v= +8.8230 top5=[a43=0.034, a8=0.030, a15=0.029, a30=0.027, a11=0.027] [BUILD FAILED: SuperHouse]
  s=   68 a=  9(BUILD:Ironmine) r= -0.9735 cum=    -64.98 v= +8.7906 top5=[a43=0.034, a8=0.030, a15=0.029, a30=0.027, a11=0.027] [BUILD: Ironmine]
  s=   69 a= 14(BUILD:Road) r= -0.9957 cum=    -65.97 v= +9.1087 top5=[a43=0.034, a8=0.031, a15=0.029, a30=0.027, a11=0.027] [BUILD: Road]
  s=   70 a= 25(BUILD:SuperHouse) r= -4.2414 cum=    -70.22 v= +9.3134 top5=[a43=0.034, a8=0.031, a15=0.029, a30=0.027, a11=0.027] [BUILD FAILED: SuperHouse]
  s=   71 a= 36(MANAGER:2) r= -0.3044 cum=    -70.52 v= +9.2783 top5=[a43=0.034, a8=0.031, a15=0.029, a30=0.027, a11=0.027]
  s=   72 a=  6(BUILD:SmallHouse) r= -0.9797 cum=    -71.50 v= +9.2594 top5=[a43=0.034, a8=0.031, a15=0.029, a30=0.027, a11=0.027] [BUILD: SmallHouse]
  s=   73 a= 19(BUILD:Mushroom) r= +1.1054 cum=    -70.40 v= +9.9266 top5=[a43=0.034, a8=0.031, a15=0.030, a11=0.028, a30=0.028] [BUILD: Mushroom]
  s=   74 a= 14(BUILD:Road) r= -1.0219 cum=    -71.42 v=+10.0077 top5=[a43=0.035, a8=0.032, a15=0.030, a30=0.029, a11=0.028] [BUILD FAILED: Road]
  s=   75 a=  9(BUILD:Ironmine) r= -1.0320 cum=    -72.45 v= +9.9145 top5=[a43=0.035, a8=0.032, a15=0.030, a30=0.029, a11=0.028] [BUILD FAILED: Ironmine]
  s=   76 a=  7(BUILD:Sawmill) r= -4.3313 cum=    -76.78 v= +9.8383 top5=[a43=0.035, a8=0.032, a15=0.030, a30=0.029, a11=0.028] [BUILD FAILED: Sawmill]
  s=   77 a= 21(BUILD:BigFarm) r= -1.0448 cum=    -77.82 v=+10.2423 top5=[a43=0.035, a8=0.032, a15=0.030, a30=0.029, a39=0.028] [BUILD FAILED: BigFarm]
  s=   78 a= 17(BUILD:HuntingLand) r= -1.0577 cum=    -78.88 v= +9.9261 top5=[a43=0.034, a8=0.032, a15=0.030, a30=0.030, a39=0.029] [BUILD FAILED: HuntingLand]
  s=   79 a= 19(BUILD:Mushroom) r= -4.3543 cum=    -83.24 v= +9.8829 top5=[a43=0.035, a8=0.032, a15=0.030, a30=0.030, a39=0.029] [BUILD FAILED: Mushroom]
  s=   80 a= 43(MANAGER:9) r= -1.0518 cum=    -84.29 v= +9.8377 top5=[a43=0.035, a8=0.032, a15=0.030, a30=0.030, a39=0.029]
  s=   81 a= 34(MANAGER:0) r= -1.0549 cum=    -85.34 v= +9.7973 top5=[a43=0.035, a8=0.032, a15=0.030, a30=0.030, a39=0.029]
  s=   82 a= 29(BUILD:Puerperal) r= -4.3767 cum=    -89.72 v= +9.7560 top5=[a43=0.035, a8=0.031, a15=0.030, a30=0.030, a39=0.029] [BUILD FAILED: Puerperal]
  s=   83 a= 31(BUILD:AirStation) r= -1.0675 cum=    -90.79 v= +9.7171 top5=[a43=0.035, a8=0.031, a15=0.030, a30=0.030, a39=0.029] [BUILD FAILED: AirStation]
  s=   84 a= 21(BUILD:BigFarm) r= -1.0779 cum=    -91.87 v= +9.6914 top5=[a43=0.035, a8=0.031, a15=0.030, a30=0.030, a39=0.029] [BUILD FAILED: BigFarm]
  s=   85 a= 44(MANAGER:10) r= -4.3986 cum=    -96.26 v= +9.6732 top5=[a43=0.036, a8=0.031, a15=0.030, a30=0.030, a39=0.029]
  s=   86 a= 24(BUILD:Hothouse) r= -1.0725 cum=    -97.34 v=+21.5882 top5=[a11=0.080, a43=0.071, a34=0.061, a24=0.051, a15=0.045] [BUILD FAILED: Hothouse]
  s=   87 a= 21(BUILD:BigFarm) r= -1.0791 cum=    -98.42 v=+16.0106 top5=[a11=0.068, a24=0.059, a43=0.048, a34=0.043, a32=0.041] [BUILD FAILED: BigFarm]
  s=   88 a= 27(BUILD:WaterMill) r= -4.4198 cum=   -102.84 v=+15.6671 top5=[a11=0.055, a24=0.052, a43=0.043, a34=0.039, a32=0.036] [BUILD FAILED: WaterMill]
  s=   89 a=  9(BUILD:Ironmine) r= -1.0806 cum=   -103.92 v=+15.2002 top5=[a11=0.050, a24=0.047, a43=0.041, a34=0.037, a39=0.034] [BUILD FAILED: Ironmine]
  s=   90 a=  1(WEEK) r= -4.4165 cum=   -108.33 v=+14.5670 top5=[a11=0.046, a24=0.044, a43=0.040, a34=0.035, a39=0.035]
  s=   91 a= 17(BUILD:HuntingLand) r= -4.3910 cum=   -112.72 v=+14.1445 top5=[a11=0.045, a24=0.041, a43=0.040, a39=0.038, a34=0.034] [BUILD FAILED: HuntingLand]
  s=   92 a= 41(MANAGER:7) r= -1.0851 cum=   -113.81 v=+13.4600 top5=[a11=0.043, a24=0.039, a43=0.039, a39=0.038, a34=0.033]
  s=   93 a=  9(BUILD:Ironmine) r= -1.0951 cum=   -114.90 v=+12.8693 top5=[a11=0.042, a43=0.038, a39=0.038, a24=0.038, a34=0.032] [BUILD FAILED: Ironmine]
  s=   94 a=  1(WEEK) r= -4.4143 cum=   -119.32 v=+12.3971 top5=[a11=0.041, a39=0.038, a43=0.037, a24=0.037, a34=0.032]
  s=   95 a=  6(BUILD:SmallHouse) r= -1.1082 cum=   -120.43 v=+11.8113 top5=[a11=0.042, a39=0.040, a43=0.038, a24=0.035, a34=0.032] [BUILD FAILED: SmallHouse]
  s=   96 a= 19(BUILD:Mushroom) r= -1.1111 cum=   -121.54 v=+11.4133 top5=[a11=0.041, a39=0.040, a43=0.037, a24=0.034, a34=0.032] [BUILD FAILED: Mushroom]
  s=   97 a= 36(MANAGER:2) r= -4.2324 cum=   -125.77 v=+11.0521 top5=[a39=0.041, a11=0.040, a43=0.037, a24=0.034, a34=0.031]
  s=   98 a= 33(BUILD:AtomStation) r= -1.1203 cum=   -126.89 v=+10.7100 top5=[a39=0.041, a11=0.040, a43=0.036, a24=0.033, a34=0.031] [BUILD FAILED: AtomStation]
  s=   99 a=  3(BUILD:Farm) r= -1.1274 cum=   -128.02 v=+10.4030 top5=[a39=0.041, a11=0.040, a43=0.036, a24=0.032, a34=0.031] [BUILD FAILED: Farm]
  s=  100 a= 21(BUILD:BigFarm) r= -4.4638 cum=   -132.48 v=+10.1204 top5=[a39=0.041, a11=0.039, a43=0.036, a24=0.031, a34=0.031] [BUILD FAILED: BigFarm]
    state: year=0 month=6 season=1 money=3936 credit=119782 people=28 busy=0 free=28 home_places=70 need_workers=24 tax_due=0 main_tax_due=0 tax_amount=9330 main_tax_amount=0 days_alive=119 stage=0 res0=0 res1=400 res2=0 res3=0 res4=0 res5=0 res6=0 res7=0 res8=0 Farm=4 Garden=2 SmallHouse=1 Apiary=2 AirStation=1 | nw=1477241.2534
  s=  101 a= 35(MANAGER:1) r= -0.6660 cum=   -133.15 v= +9.8661 top5=[a39=0.041, a11=0.039, a43=0.036, a34=0.031, a24=0.031]
  s=  102 a=  9(BUILD:Ironmine) r= -1.1346 cum=   -134.28 v= +9.6244 top5=[a39=0.041, a11=0.038, a43=0.035, a34=0.030, a24=0.030] [BUILD FAILED: Ironmine]
  s=  103 a= 42(MANAGER:8) r= -4.4828 cum=   -138.76 v= +9.3957 top5=[a39=0.041, a11=0.038, a43=0.035, a34=0.030, a24=0.029]
  s=  104 a= 27(BUILD:WaterMill) r= -1.1377 cum=   -139.90 v= +8.0710 top5=[a11=0.033, a39=0.033, a24=0.032, a43=0.030, a34=0.029] [BUILD FAILED: WaterMill]
  s=  105 a=  0(DAY) r= -0.6954 cum=   -140.60 v= +7.9851 top5=[a11=0.033, a39=0.033, a24=0.032, a43=0.030, a34=0.029]
  s=  106 a= 10(BUILD:Refinery) r= -4.5011 cum=   -145.10 v= +7.9025 top5=[a39=0.033, a11=0.033, a24=0.031, a43=0.030, a34=0.029] [BUILD FAILED: Refinery]
  s=  107 a= 15(BUILD:Fish) r= -1.1463 cum=   -146.25 v= +7.8240 top5=[a39=0.033, a11=0.033, a24=0.031, a43=0.030, a34=0.029] [BUILD FAILED: Fish]
  s=  108 a=  9(BUILD:Ironmine) r= -1.1483 cum=   -147.39 v= +7.7414 top5=[a39=0.034, a11=0.033, a24=0.030, a43=0.030, a34=0.028] [BUILD FAILED: Ironmine]
  s=  109 a= 34(MANAGER:0) r= -4.5201 cum=   -151.91 v= +7.6518 top5=[a39=0.034, a11=0.033, a24=0.030, a43=0.030, a34=0.028]
  s=  110 a= 43(MANAGER:9) r= -1.1590 cum=   -153.07 v= +7.5684 top5=[a39=0.034, a11=0.032, a43=0.030, a24=0.030, a34=0.028]
  s=  111 a=  5(BUILD:House) r= -1.1669 cum=   -154.24 v= +7.5007 top5=[a39=0.034, a11=0.032, a43=0.030, a24=0.029, a34=0.028] [BUILD FAILED: House]
  s=  112 a=  4(BUILD:Garden) r= -4.5385 cum=   -158.78 v= +7.4375 top5=[a39=0.034, a11=0.032, a43=0.030, a24=0.029, a34=0.028] [BUILD FAILED: Garden]
  s=  113 a=  8(BUILD:Coalmine) r= -1.1656 cum=   -159.94 v= +7.3769 top5=[a39=0.035, a11=0.032, a43=0.030, a24=0.028, a34=0.028] [BUILD FAILED: Coalmine]
  s=  114 a=  5(BUILD:House) r= -1.1738 cum=   -161.12 v= +7.3186 top5=[a39=0.035, a11=0.032, a43=0.031, a34=0.028, a24=0.028] [BUILD FAILED: House]
  s=  115 a= 24(BUILD:Hothouse) r= -4.5562 cum=   -165.67 v= +7.2606 top5=[a39=0.035, a11=0.032, a43=0.031, a34=0.028, a24=0.028] [BUILD FAILED: Hothouse]
  s=  116 a= 18(BUILD:CowFarm) r= -1.1786 cum=   -166.85 v= +7.2045 top5=[a39=0.035, a11=0.032, a43=0.031, a34=0.028, a6=0.028] [BUILD FAILED: CowFarm]
  s=  117 a= 24(BUILD:Hothouse) r= -1.1825 cum=   -168.03 v= +7.1535 top5=[a39=0.035, a11=0.032, a43=0.031, a34=0.028, a6=0.028] [BUILD FAILED: Hothouse]
  s=  118 a= 16(BUILD:CoalCut) r= -4.5734 cum=   -172.61 v= +7.1066 top5=[a39=0.036, a11=0.032, a43=0.031, a34=0.028, a6=0.028] [BUILD FAILED: CoalCut]
  s=  119 a= 18(BUILD:CowFarm) r= -1.1894 cum=   -173.80 v= +7.0625 top5=[a39=0.036, a11=0.032, a43=0.032, a34=0.028, a6=0.028] [BUILD FAILED: CowFarm]
  s=  120 a= 16(BUILD:CoalCut) r= -1.1808 cum=   -174.98 v= +7.0191 top5=[a39=0.036, a11=0.032, a43=0.032, a34=0.028, a6=0.028] [BUILD FAILED: CoalCut]
  s=  121 a= 33(BUILD:AtomStation) r= -4.5900 cum=   -179.57 v= +6.9658 top5=[a39=0.037, a43=0.032, a11=0.032, a34=0.028, a6=0.028] [BUILD FAILED: AtomStation]
  s=  122 a= 21(BUILD:BigFarm) r= -1.1968 cum=   -180.77 v= +6.8952 top5=[a39=0.037, a43=0.032, a11=0.032, a6=0.028, a34=0.028] [BUILD FAILED: BigFarm]
  s=  123 a= 21(BUILD:BigFarm) r= -1.2010 cum=   -181.97 v= +6.8266 top5=[a39=0.037, a43=0.032, a11=0.032, a6=0.028, a34=0.028] [BUILD FAILED: BigFarm]
  s=  124 a= 17(BUILD:HuntingLand) r= -4.6060 cum=   -186.57 v= +6.7599 top5=[a39=0.037, a43=0.032, a11=0.032, a6=0.028, a34=0.027] [BUILD FAILED: HuntingLand]
  s=  125 a= 26(BUILD:BigSawmill) r= -1.2074 cum=   -187.78 v= +6.6948 top5=[a39=0.038, a43=0.032, a11=0.032, a6=0.028, a34=0.027] [BUILD FAILED: BigSawmill]
  s=  126 a= 39(MANAGER:5) r= +0.6324 cum=   -187.15 v= +6.6087 top5=[a39=0.038, a43=0.032, a11=0.032, a6=0.028, a34=0.027]
  s=  127 a= 25(BUILD:SuperHouse) r= -4.6052 cum=   -191.75 v= +1.8996 top5=[a43=0.036, a39=0.036, a24=0.029, a32=0.029, a11=0.028] [BUILD FAILED: SuperHouse]
  s=  128 a=  9(BUILD:Ironmine) r= -1.2123 cum=   -192.96 v= +2.1244 top5=[a39=0.036, a43=0.036, a24=0.029, a32=0.029, a11=0.028] [BUILD FAILED: Ironmine]
  s=  129 a= 21(BUILD:BigFarm) r= -1.2198 cum=   -194.18 v= +2.2748 top5=[a39=0.037, a43=0.036, a24=0.029, a32=0.028, a11=0.028] [BUILD FAILED: BigFarm]
  s=  130 a= 30(BUILD:BigIronmine) r= -4.6206 cum=   -198.81 v= +2.3660 top5=[a39=0.037, a43=0.036, a24=0.029, a32=0.028, a11=0.028] [BUILD FAILED: BigIronmine]
  s=  131 a= 12(BUILD:PowerStation) r= -0.0908 cum=   -198.90 v= +2.4257 top5=[a39=0.037, a43=0.036, a24=0.029, a11=0.028, a32=0.028] [BUILD: PowerStation]
  s=  132 a=  4(BUILD:Garden) r= -1.0506 cum=   -199.95 v= +2.7410 top5=[a39=0.037, a43=0.036, a24=0.029, a32=0.027, a11=0.027] [BUILD FAILED: Garden]
  s=  133 a=  6(BUILD:SmallHouse) r= -4.6282 cum=   -204.57 v= +2.7641 top5=[a39=0.037, a43=0.036, a24=0.029, a32=0.027, a11=0.027] [BUILD FAILED: SmallHouse]
  s=  134 a= 10(BUILD:Refinery) r= -1.2227 cum=   -205.80 v= +2.7750 top5=[a39=0.037, a43=0.036, a24=0.029, a11=0.027, a32=0.027] [BUILD FAILED: Refinery]
  s=  135 a=  0(DAY) r= -0.7604 cum=   -206.56 v= +2.7974 top5=[a39=0.031, a43=0.031, a24=0.027, a11=0.027, a9=0.027]
  s=  136 a= 11(BUILD:Goldmine) r= -4.6410 cum=   -211.20 v= +2.8264 top5=[a39=0.031, a43=0.031, a24=0.027, a11=0.027, a9=0.027] [BUILD FAILED: Goldmine]
  s=  137 a= 15(BUILD:Fish) r= -1.2388 cum=   -212.44 v= +2.8494 top5=[a39=0.031, a43=0.031, a24=0.027, a11=0.027, a9=0.026] [BUILD FAILED: Fish]
  s=  138 a= 40(MANAGER:6) r= -0.6752 cum=   -213.11 v= +2.9261 top5=[a39=0.032, a43=0.030, a24=0.027, a11=0.027, a32=0.027]
  s=  139 a= 21(BUILD:BigFarm) r= -4.6528 cum=   -217.77 v= +2.9394 top5=[a39=0.032, a43=0.030, a24=0.027, a11=0.027, a32=0.027] [BUILD FAILED: BigFarm]
  s=  140 a=  9(BUILD:Ironmine) r= -1.2417 cum=   -219.01 v= +2.9363 top5=[a39=0.032, a43=0.030, a11=0.027, a24=0.027, a32=0.027] [BUILD FAILED: Ironmine]
  s=  141 a=  7(BUILD:Sawmill) r= -1.2534 cum=   -220.26 v= +2.9295 top5=[a39=0.032, a43=0.031, a11=0.027, a24=0.027, a32=0.027] [BUILD FAILED: Sawmill]
  s=  142 a= 24(BUILD:Hothouse) r= -4.6665 cum=   -224.93 v= +2.9196 top5=[a39=0.032, a43=0.031, a11=0.027, a24=0.027, a32=0.027] [BUILD FAILED: Hothouse]
  s=  143 a= 25(BUILD:SuperHouse) r= -1.2524 cum=   -226.18 v= +2.9074 top5=[a39=0.032, a43=0.031, a11=0.027, a24=0.027, a32=0.027] [BUILD FAILED: SuperHouse]
  s=  144 a= 25(BUILD:SuperHouse) r= -1.2596 cum=   -227.44 v= +2.8938 top5=[a39=0.032, a43=0.031, a11=0.027, a24=0.027, a32=0.026] [BUILD FAILED: SuperHouse]
  s=  145 a= 26(BUILD:BigSawmill) r= -4.6798 cum=   -232.12 v= +2.8830 top5=[a39=0.033, a43=0.031, a11=0.027, a24=0.027, a32=0.026] [BUILD FAILED: BigSawmill]
  s=  146 a= 18(BUILD:CowFarm) r= -1.2665 cum=   -233.39 v= +2.8709 top5=[a39=0.033, a43=0.031, a11=0.027, a24=0.027, a32=0.026] [BUILD FAILED: CowFarm]
  s=  147 a= 41(MANAGER:7) r= -1.2634 cum=   -234.65 v= +2.8559 top5=[a39=0.033, a43=0.031, a11=0.027, a24=0.027, a32=0.026]
  s=  148 a=  1(WEEK) r= -4.6927 cum=   -239.34 v= +2.8154 top5=[a39=0.033, a43=0.031, a11=0.027, a24=0.027, a32=0.026]
  s=  149 a=  6(BUILD:SmallHouse) r= -1.2850 cum=   -240.63 v= +2.5362 top5=[a39=0.035, a43=0.033, a11=0.027, a25=0.027, a24=0.027] [BUILD FAILED: SmallHouse]
  s=  150 a= 19(BUILD:Mushroom) r= -1.2772 cum=   -241.90 v= +2.4807 top5=[a39=0.035, a43=0.033, a11=0.027, a25=0.027, a24=0.027] [BUILD FAILED: Mushroom]
    state: year=0 month=8 season=1 money=3328 credit=133931 people=28 busy=0 free=28 home_places=70 need_workers=29 tax_due=0 main_tax_due=0 tax_amount=9338 main_tax_amount=0 days_alive=175 stage=0 res0=0 res1=400 res2=0 res3=0 res4=0 res5=0 res6=0 res7=0 res8=0 Farm=4 Garden=2 Road=1 SmallHouse=1 Apiary=2 AirStation=1 | nw=1461306.1107
  s=  151 a= 12(BUILD:PowerStation) r= -0.1354 cum=   -242.04 v= +2.4136 top5=[a39=0.035, a43=0.033, a11=0.027, a25=0.027, a24=0.027] [BUILD: PowerStation]
  s=  152 a= 41(MANAGER:7) r= -1.2982 cum=   -243.34 v= +2.8706 top5=[a39=0.035, a43=0.034, a24=0.027, a11=0.027, a10=0.026]
  s=  153 a= 24(BUILD:Hothouse) r= -4.7286 cum=   -248.07 v= +2.8019 top5=[a39=0.035, a43=0.034, a24=0.027, a11=0.027, a25=0.026] [BUILD FAILED: Hothouse]
  s=  154 a= 41(MANAGER:7) r= -1.3039 cum=   -249.37 v= +2.7333 top5=[a39=0.035, a43=0.035, a24=0.027, a11=0.027, a25=0.026]
  s=  155 a= 24(BUILD:Hothouse) r= -1.3120 cum=   -250.68 v= +2.6650 top5=[a39=0.035, a43=0.035, a24=0.027, a11=0.027, a25=0.026] [BUILD FAILED: Hothouse]
  s=  156 a= 18(BUILD:CowFarm) r= -4.7399 cum=   -255.42 v= +2.6056 top5=[a39=0.035, a43=0.035, a24=0.027, a11=0.027, a25=0.026] [BUILD FAILED: CowFarm]
  s=  157 a= 29(BUILD:Puerperal) r= -1.3067 cum=   -256.73 v= +2.5455 top5=[a39=0.035, a43=0.035, a24=0.027, a11=0.027, a25=0.026] [BUILD FAILED: Puerperal]
  s=  158 a= 22(BUILD:Apiary) r= -1.3194 cum=   -258.05 v= +2.1664 top5=[a39=0.036, a43=0.034, a11=0.028, a25=0.027, a24=0.027] [BUILD FAILED: Apiary]
  s=  159 a= 20(BUILD:BigHouse) r= -4.7508 cum=   -262.80 v= +2.0946 top5=[a39=0.036, a43=0.034, a11=0.028, a25=0.028, a24=0.027] [BUILD FAILED: BigHouse]
  s=  160 a= 18(BUILD:CowFarm) r= +4.7330 cum=   -258.07 v= -3.3601 top5=[a32=0.055, a15=0.045, a11=0.039, a6=0.035, a7=0.034] [BUILD: CowFarm]
  s=  161 a= 29(BUILD:Puerperal) r= -1.1804 cum=   -259.25 v= -3.3179 top5=[a32=0.051, a15=0.041, a11=0.038, a34=0.034, a6=0.033] [BUILD FAILED: Puerperal]
  s=  162 a= 37(MANAGER:3) r= -4.6347 cum=   -263.88 v= -3.6386 top5=[a32=0.046, a15=0.037, a11=0.036, a34=0.033, a9=0.032]
  s=  163 a=  2(BUILD:WaterChannel) r= -1.1620 cum=   -265.04 v= -4.2122 top5=[a32=0.045, a11=0.035, a27=0.033, a34=0.033, a15=0.033] [BUILD FAILED: WaterChannel]
  s=  164 a= 13(BUILD:HydroStation) r= -1.1739 cum=   -266.22 v= -4.1837 top5=[a32=0.043, a11=0.034, a34=0.033, a27=0.033, a15=0.031] [BUILD FAILED: HydroStation]
  s=  165 a= 33(BUILD:AtomStation) r= -4.6477 cum=   -270.86 v= -4.0921 top5=[a32=0.041, a11=0.033, a34=0.032, a27=0.032, a12=0.030] [BUILD FAILED: AtomStation]
  s=  166 a= 27(BUILD:WaterMill) r= -1.1734 cum=   -272.04 v= -3.9027 top5=[a32=0.041, a11=0.033, a27=0.032, a34=0.032, a12=0.030] [BUILD FAILED: WaterMill]
  s=  167 a= 42(MANAGER:8) r= -1.1837 cum=   -273.22 v= -3.7149 top5=[a32=0.040, a27=0.032, a34=0.032, a11=0.032, a12=0.031]
  s=  168 a= 36(MANAGER:2) r= -3.8617 cum=   -277.08 v= -3.5669 top5=[a32=0.039, a27=0.032, a34=0.032, a11=0.032, a12=0.031]
  s=  169 a= 31(BUILD:AirStation) r= -1.1903 cum=   -278.27 v= -3.3899 top5=[a32=0.039, a27=0.033, a34=0.032, a11=0.032, a12=0.031] [BUILD FAILED: AirStation]
  s=  170 a= 10(BUILD:Refinery) r= -1.2012 cum=   -279.48 v= -3.2367 top5=[a32=0.039, a27=0.033, a34=0.032, a11=0.031, a12=0.031] [BUILD FAILED: Refinery]
  s=  171 a= 16(BUILD:CoalCut) r= -4.6851 cum=   -284.16 v= -3.0877 top5=[a32=0.038, a27=0.033, a34=0.031, a12=0.031, a11=0.031] [BUILD FAILED: CoalCut]
  s=  172 a= 27(BUILD:WaterMill) r= -1.1988 cum=   -285.36 v= -2.9491 top5=[a32=0.038, a27=0.033, a12=0.031, a34=0.031, a11=0.031] [BUILD FAILED: WaterMill]
  s=  173 a= 26(BUILD:BigSawmill) r= -1.2010 cum=   -286.56 v= -2.8227 top5=[a32=0.038, a27=0.033, a12=0.031, a34=0.031, a11=0.031] [BUILD FAILED: BigSawmill]
  s=  174 a= 36(MANAGER:2) r= -4.6966 cum=   -291.26 v= -2.7208 top5=[a32=0.038, a27=0.033, a12=0.031, a34=0.031, a11=0.031]
  s=  175 a= 25(BUILD:SuperHouse) r= -0.2628 cum=   -291.52 v= -2.6137 top5=[a32=0.038, a27=0.033, a12=0.031, a11=0.030, a34=0.030] [BUILD: SuperHouse]
  s=  176 a= 11(BUILD:Goldmine) r= -1.2123 cum=   -292.73 v= -2.5190 top5=[a32=0.037, a27=0.033, a12=0.031, a11=0.030, a34=0.030] [BUILD FAILED: Goldmine]
  s=  177 a=  1(WEEK) r= -4.7028 cum=   -297.43 v= -2.4395 top5=[a32=0.037, a27=0.033, a12=0.031, a11=0.030, a34=0.030]
  s=  178 a=  6(BUILD:SmallHouse) r= -1.2117 cum=   -298.65 v= -2.3616 top5=[a32=0.037, a27=0.033, a12=0.031, a11=0.030, a34=0.029] [BUILD FAILED: SmallHouse]
  s=  179 a= 15(BUILD:Fish) r= -4.7014 cum=   -303.35 v= -2.3495 top5=[a32=0.037, a27=0.033, a12=0.031, a11=0.030, a22=0.029] [BUILD FAILED: Fish]
  s=  180 a= 30(BUILD:BigIronmine) r= -4.6879 cum=   -308.04 v= -2.4146 top5=[a32=0.037, a27=0.033, a12=0.031, a22=0.029, a11=0.029] [BUILD FAILED: BigIronmine]
  s=  181 a= 21(BUILD:BigFarm) r= -1.2160 cum=   -309.25 v= -2.4003 top5=[a32=0.037, a27=0.033, a12=0.031, a22=0.030, a43=0.029] [BUILD FAILED: BigFarm]
  s=  182 a= 15(BUILD:Fish) r= -1.2256 cum=   -310.48 v= -2.4067 top5=[a32=0.037, a27=0.033, a12=0.030, a22=0.030, a43=0.029] [BUILD FAILED: Fish]
  s=  183 a= 27(BUILD:WaterMill) r= -4.6995 cum=   -315.18 v= -2.4476 top5=[a32=0.037, a27=0.033, a12=0.030, a22=0.030, a43=0.030] [BUILD FAILED: WaterMill]
  s=  184 a= 37(MANAGER:3) r= -4.6869 cum=   -319.86 v= -2.4957 top5=[a32=0.037, a27=0.033, a12=0.030, a22=0.030, a43=0.030]
  s=  185 a=  7(BUILD:Sawmill) r= -1.2178 cum=   -321.08 v= -1.3689 top5=[a32=0.035, a11=0.034, a44=0.034, a6=0.032, a27=0.031] [BUILD FAILED: Sawmill]
  s=  186 a=  0(DAY) r= -4.6868 cum=   -325.77 v= -1.3873 top5=[a32=0.034, a44=0.034, a11=0.034, a6=0.032, a27=0.031]
  s=  187 a= 43(MANAGER:9) r= -1.2160 cum=   -326.98 v= -1.4033 top5=[a32=0.034, a44=0.034, a11=0.034, a6=0.031, a27=0.031]
  s=  188 a= 31(BUILD:AirStation) r= -1.2406 cum=   -328.22 v= -1.4341 top5=[a32=0.034, a44=0.034, a11=0.034, a6=0.031, a27=0.031] [BUILD FAILED: AirStation]
  s=  189 a= 44(MANAGER:10) r= -4.6985 cum=   -332.92 v= -2.1304 top5=[a44=0.036, a32=0.033, a12=0.033, a27=0.033, a11=0.032]
  s=  190 a= 22(BUILD:Apiary) r= -1.2335 cum=   -334.16 v= -2.0350 top5=[a44=0.036, a32=0.033, a12=0.033, a27=0.033, a11=0.032] [BUILD FAILED: Apiary]
  s=  191 a= 12(BUILD:PowerStation) r= -0.0804 cum=   -334.24 v= -1.9489 top5=[a44=0.036, a32=0.033, a12=0.033, a27=0.033, a11=0.032] [BUILD: PowerStation]
  s=  192 a=  9(BUILD:Ironmine) r= -1.2426 cum=   -335.48 v= -1.8298 top5=[a44=0.035, a27=0.034, a12=0.033, a32=0.033, a6=0.032] [BUILD FAILED: Ironmine]
  s=  193 a= 29(BUILD:Puerperal) r= -4.7148 cum=   -340.19 v= -1.7871 top5=[a44=0.035, a27=0.034, a12=0.033, a32=0.033, a6=0.032] [BUILD FAILED: Puerperal]
  s=  194 a=  2(BUILD:WaterChannel) r= -1.2372 cum=   -341.43 v= -1.7373 top5=[a44=0.035, a27=0.034, a12=0.033, a32=0.033, a6=0.032] [BUILD FAILED: WaterChannel]
  s=  195 a=  3(BUILD:Farm) r= -1.2472 cum=   -342.68 v= -1.7209 top5=[a44=0.035, a27=0.034, a12=0.033, a32=0.033, a6=0.031] [BUILD FAILED: Farm]
  s=  196 a= 22(BUILD:Apiary) r= -4.7257 cum=   -347.40 v= -1.7435 top5=[a44=0.035, a27=0.034, a12=0.033, a32=0.033, a11=0.031] [BUILD FAILED: Apiary]
  s=  197 a=  2(BUILD:WaterChannel) r= -1.2444 cum=   -348.65 v= -1.7627 top5=[a44=0.035, a27=0.033, a12=0.033, a32=0.033, a11=0.031] [BUILD FAILED: WaterChannel]
  s=  198 a= 24(BUILD:Hothouse) r= -1.2585 cum=   -349.91 v= -1.8206 top5=[a44=0.035, a12=0.034, a32=0.033, a27=0.033, a11=0.032] [BUILD FAILED: Hothouse]
  s=  199 a= 44(MANAGER:10) r= -4.7363 cum=   -354.64 v= -1.7952 top5=[a44=0.035, a12=0.034, a32=0.033, a27=0.033, a11=0.032]
  s=  200 a= 38(MANAGER:4) r= +0.6335 cum=   -354.01 v= -1.7621 top5=[a44=0.035, a12=0.033, a32=0.033, a27=0.033, a11=0.032]
    state: year=0 month=10 season=2 money=3293 credit=148270 people=28 busy=1 free=27 home_places=50 need_workers=25 tax_due=0 main_tax_due=0 tax_amount=8498 main_tax_amount=0 days_alive=226 stage=0 res0=0 res1=400 res2=0 res3=0 res4=0 res5=0 res6=0 res7=0 res8=42 Farm=4 Garden=2 Road=3 SmallHouse=1 AirStation=1 | nw=1431222.9473
  s=  201 a= 41(MANAGER:7) r= -1.2574 cum=   -355.27 v= -1.6366 top5=[a32=0.034, a11=0.033, a44=0.032, a6=0.032, a12=0.031]
  s=  202 a=  8(BUILD:Coalmine) r= -4.7325 cum=   -360.00 v= -1.6014 top5=[a32=0.034, a11=0.032, a44=0.032, a6=0.031, a12=0.031] [BUILD FAILED: Coalmine]
  s=  203 a=  2(BUILD:WaterChannel) r= -1.2674 cum=   -361.27 v= -1.5693 top5=[a32=0.033, a11=0.032, a44=0.032, a6=0.031, a12=0.031] [BUILD FAILED: WaterChannel]
  s=  204 a= 17(BUILD:HuntingLand) r= -1.2700 cum=   -362.54 v= -1.5408 top5=[a32=0.033, a11=0.032, a44=0.032, a6=0.031, a12=0.031] [BUILD FAILED: HuntingLand]
  s=  205 a= 30(BUILD:BigIronmine) r= -4.7428 cum=   -367.28 v= -1.5156 top5=[a32=0.033, a11=0.032, a44=0.031, a6=0.031, a12=0.030] [BUILD FAILED: BigIronmine]
  s=  206 a=  6(BUILD:SmallHouse) r= -1.2747 cum=   -368.55 v= -1.4935 top5=[a32=0.033, a11=0.032, a44=0.031, a6=0.031, a12=0.030] [BUILD FAILED: SmallHouse]
  s=  207 a= 12(BUILD:PowerStation) r= -0.1171 cum=   -368.67 v= -1.4827 top5=[a32=0.033, a11=0.032, a44=0.031, a6=0.031, a12=0.030] [BUILD: PowerStation]
  s=  208 a= 43(MANAGER:9) r= -1.2855 cum=   -369.96 v= -1.4924 top5=[a32=0.033, a11=0.032, a43=0.031, a27=0.031, a44=0.031]
  s=  209 a= 26(BUILD:BigSawmill) r= -4.7573 cum=   -374.71 v= -1.5073 top5=[a32=0.033, a11=0.032, a43=0.031, a27=0.031, a44=0.031] [BUILD FAILED: BigSawmill]
  s=  210 a=  8(BUILD:Coalmine) r= -1.2920 cum=   -376.01 v= -1.5287 top5=[a32=0.033, a11=0.032, a43=0.031, a27=0.031, a44=0.031] [BUILD FAILED: Coalmine]
  s=  211 a= 34(MANAGER:0) r= -1.2951 cum=   -377.30 v= -1.5495 top5=[a32=0.033, a11=0.032, a43=0.031, a27=0.031, a44=0.030]
  s=  212 a=  5(BUILD:House) r= -4.7670 cum=   -382.07 v= -1.5701 top5=[a32=0.033, a11=0.032, a43=0.032, a27=0.031, a44=0.030] [BUILD FAILED: House]
  s=  213 a= 11(BUILD:Goldmine) r= -1.2906 cum=   -383.36 v= -1.5970 top5=[a32=0.033, a11=0.032, a43=0.032, a27=0.030, a44=0.030] [BUILD FAILED: Goldmine]
  s=  214 a= 32(BUILD:SmallAtomStation) r= -1.2976 cum=   -384.66 v= -1.4853 top5=[a32=0.033, a43=0.032, a11=0.032, a39=0.030, a44=0.030] [BUILD FAILED: SmallAtomStation]
  s=  215 a= 29(BUILD:Puerperal) r= -4.7764 cum=   -389.43 v= -1.5264 top5=[a32=0.033, a43=0.032, a11=0.032, a39=0.031, a44=0.030] [BUILD FAILED: Puerperal]
  s=  216 a= 10(BUILD:Refinery) r= -1.3052 cum=   -390.74 v= -1.5815 top5=[a32=0.033, a43=0.032, a11=0.032, a39=0.031, a44=0.030] [BUILD FAILED: Refinery]
  s=  217 a=  8(BUILD:Coalmine) r= -1.3071 cum=   -392.05 v= -1.6391 top5=[a32=0.033, a43=0.032, a11=0.032, a39=0.031, a44=0.030] [BUILD FAILED: Coalmine]
  s=  218 a=  7(BUILD:Sawmill) r= -4.7856 cum=   -396.83 v= -1.6972 top5=[a32=0.033, a43=0.032, a11=0.032, a39=0.031, a44=0.030] [BUILD FAILED: Sawmill]
  s=  219 a= 33(BUILD:AtomStation) r= -1.3228 cum=   -398.15 v= -1.7532 top5=[a32=0.033, a43=0.032, a39=0.032, a11=0.032, a44=0.030] [BUILD FAILED: AtomStation]
  s=  220 a= 41(MANAGER:7) r= -1.3139 cum=   -399.47 v= -2.8482 top5=[a32=0.033, a12=0.032, a44=0.032, a6=0.031, a11=0.031]
  s=  221 a= 18(BUILD:CowFarm) r= -4.7946 cum=   -404.26 v= -2.7639 top5=[a32=0.033, a12=0.032, a44=0.032, a6=0.031, a11=0.031] [BUILD FAILED: CowFarm]
  s=  222 a= 10(BUILD:Refinery) r= -1.3209 cum=   -405.58 v= -2.7029 top5=[a32=0.033, a12=0.032, a44=0.032, a6=0.031, a11=0.031] [BUILD FAILED: Refinery]
  s=  223 a= 25(BUILD:SuperHouse) r= -1.3308 cum=   -406.91 v= -2.6386 top5=[a32=0.033, a12=0.032, a44=0.032, a6=0.031, a11=0.031] [BUILD FAILED: SuperHouse]
  s=  224 a= 10(BUILD:Refinery) r= -4.8035 cum=   -411.72 v= -2.5748 top5=[a32=0.033, a12=0.032, a44=0.031, a6=0.031, a11=0.031] [BUILD FAILED: Refinery]
  s=  225 a= 21(BUILD:BigFarm) r= -1.3296 cum=   -413.05 v= -2.5220 top5=[a32=0.033, a12=0.032, a44=0.031, a6=0.031, a11=0.031] [BUILD FAILED: BigFarm]
  s=  226 a= 22(BUILD:Apiary) r= -1.3280 cum=   -414.38 v= -2.4741 top5=[a32=0.033, a12=0.032, a44=0.031, a6=0.031, a11=0.031] [BUILD FAILED: Apiary]
  s=  227 a= 18(BUILD:CowFarm) r= -4.8121 cum=   -419.19 v= -2.4333 top5=[a32=0.033, a12=0.032, a44=0.031, a11=0.031, a6=0.031] [BUILD FAILED: CowFarm]
  s=  228 a= 23(BUILD:Torchlight) r= -1.3397 cum=   -420.53 v= -2.3937 top5=[a32=0.033, a12=0.032, a44=0.031, a11=0.031, a6=0.031] [BUILD FAILED: Torchlight]
  s=  229 a=  4(BUILD:Garden) r= -1.1702 cum=   -421.70 v= -2.3852 top5=[a32=0.032, a12=0.032, a11=0.031, a44=0.031, a6=0.031] [BUILD FAILED: Garden]
  s=  230 a= 25(BUILD:SuperHouse) r= -4.8201 cum=   -426.52 v= -2.3763 top5=[a32=0.032, a12=0.031, a11=0.031, a44=0.031, a6=0.030] [BUILD FAILED: SuperHouse]
  s=  231 a= 20(BUILD:BigHouse) r= -1.3470 cum=   -427.86 v= -2.3764 top5=[a32=0.032, a12=0.031, a11=0.031, a44=0.031, a6=0.030] [BUILD FAILED: BigHouse]
  s=  232 a= 11(BUILD:Goldmine) r= -1.3639 cum=   -429.23 v= -2.3749 top5=[a32=0.032, a12=0.031, a11=0.031, a44=0.030, a6=0.030] [BUILD FAILED: Goldmine]
  s=  233 a= 30(BUILD:BigIronmine) r= -4.8285 cum=   -434.06 v= -2.3462 top5=[a32=0.032, a12=0.031, a11=0.031, a44=0.030, a43=0.030] [BUILD FAILED: BigIronmine]
  s=  234 a= 39(MANAGER:5) r= +0.5733 cum=   -433.48 v= -2.3242 top5=[a32=0.032, a12=0.031, a11=0.031, a44=0.030, a43=0.030]
  s=  235 a= 16(BUILD:CoalCut) r= -1.3683 cum=   -434.85 v= -2.4672 top5=[a12=0.033, a44=0.032, a32=0.031, a11=0.031, a27=0.031] [BUILD FAILED: CoalCut]
  s=  236 a=  6(BUILD:SmallHouse) r= -4.8235 cum=   -439.68 v= -2.4686 top5=[a12=0.033, a44=0.032, a32=0.031, a11=0.031, a27=0.031] [BUILD FAILED: SmallHouse]
  s=  237 a= 12(BUILD:PowerStation) r= -0.1869 cum=   -439.86 v= -2.4775 top5=[a12=0.033, a44=0.032, a32=0.031, a11=0.031, a27=0.031] [BUILD: PowerStation]
  s=  238 a=  3(BUILD:Farm) r= -1.3713 cum=   -441.23 v= -2.4760 top5=[a12=0.032, a27=0.032, a44=0.032, a32=0.031, a11=0.031] [BUILD FAILED: Farm]
  s=  239 a=  9(BUILD:Ironmine) r= -4.8258 cum=   -446.06 v= -2.5367 top5=[a12=0.032, a27=0.032, a44=0.031, a32=0.031, a11=0.031] [BUILD FAILED: Ironmine]
  s=  240 a= 31(BUILD:AirStation) r= -1.3786 cum=   -447.44 v= -2.6006 top5=[a12=0.032, a27=0.032, a44=0.031, a32=0.031, a11=0.031] [BUILD FAILED: AirStation]
  s=  241 a= 11(BUILD:Goldmine) r= -1.3897 cum=   -448.83 v= -2.6824 top5=[a12=0.032, a27=0.031, a44=0.031, a32=0.031, a43=0.031] [BUILD FAILED: Goldmine]
  s=  242 a= 27(BUILD:WaterMill) r= -4.8340 cum=   -453.66 v= -2.7645 top5=[a12=0.031, a27=0.031, a44=0.031, a32=0.031, a43=0.031] [BUILD FAILED: WaterMill]
  s=  243 a= 34(MANAGER:0) r= -1.3857 cum=   -455.05 v= -2.8509 top5=[a27=0.031, a12=0.031, a32=0.031, a43=0.031, a44=0.031]
  s=  244 a= 20(BUILD:BigHouse) r= -1.3893 cum=   -456.44 v= -2.8163 top5=[a12=0.032, a44=0.031, a32=0.031, a27=0.031, a11=0.031] [BUILD FAILED: BigHouse]
  s=  245 a=  1(WEEK) r= -4.8420 cum=   -461.28 v= -2.8911 top5=[a12=0.032, a44=0.031, a32=0.031, a11=0.031, a43=0.031]
  s=  246 a= 23(BUILD:Torchlight) r= -1.3951 cum=   -462.67 v= -2.8316 top5=[a44=0.031, a11=0.031, a32=0.031, a12=0.031, a43=0.031] [BUILD FAILED: Torchlight]
  s=  247 a= 40(MANAGER:6) r= -0.8100 cum=   -463.48 v= -2.9115 top5=[a11=0.031, a32=0.031, a44=0.031, a43=0.031, a12=0.031]
  s=  248 a= 23(BUILD:Torchlight) r= -4.8478 cum=   -468.33 v= -2.9855 top5=[a11=0.031, a32=0.031, a43=0.031, a44=0.031, a12=0.031] [BUILD FAILED: Torchlight]
  s=  249 a= 40(MANAGER:6) r= -1.4059 cum=   -469.74 v= -3.0674 top5=[a43=0.031, a11=0.031, a32=0.031, a44=0.031, a12=0.031]
  s=  250 a=  9(BUILD:Ironmine) r= -1.3992 cum=   -471.14 v=-17.7957 top5=[a12=0.073, a32=0.070, a6=0.046, a39=0.044, a43=0.042] [BUILD FAILED: Ironmine]
    state: year=0 month=12 season=3 money=2693 credit=163820 people=29 busy=1 free=28 home_places=70 need_workers=1 tax_due=0 main_tax_due=0 tax_amount=8502 main_tax_amount=0 days_alive=276 stage=0 res0=0 res1=200 res2=0 res3=0 res4=0 res5=0 res6=0 res7=0 res8=92 Farm=4 Garden=2 Road=5 SmallHouse=1 AirStation=1 | nw=1416282.9952
  s=  251 a= 23(BUILD:Torchlight) r= -4.8555 cum=   -475.99 v=-14.7325 top5=[a12=0.093, a32=0.069, a6=0.051, a11=0.042, a43=0.040] [BUILD FAILED: Torchlight]
  s=  252 a= 43(MANAGER:9) r= -1.4057 cum=   -477.40 v=-14.3854 top5=[a12=0.090, a32=0.063, a6=0.047, a43=0.039, a11=0.039]
  s=  253 a= 25(BUILD:SuperHouse) r= -1.4235 cum=   -478.82 v=-14.2017 top5=[a12=0.088, a32=0.059, a6=0.044, a24=0.038, a43=0.038] [BUILD FAILED: SuperHouse]
  s=  254 a= 26(BUILD:BigSawmill) r= -4.8631 cum=   -483.68 v=-14.0950 top5=[a12=0.085, a32=0.057, a6=0.043, a24=0.038, a43=0.037] [BUILD FAILED: BigSawmill]
  s=  255 a= 19(BUILD:Mushroom) r= -1.4276 cum=   -485.11 v=-13.9620 top5=[a12=0.082, a32=0.054, a6=0.042, a24=0.038, a43=0.036] [BUILD FAILED: Mushroom]
  s=  256 a= 30(BUILD:BigIronmine) r= -1.4264 cum=   -486.54 v=-13.8586 top5=[a12=0.080, a32=0.053, a6=0.041, a24=0.038, a43=0.035] [BUILD FAILED: BigIronmine]
  s=  257 a= 18(BUILD:CowFarm) r= -4.8705 cum=   -491.41 v=-13.7744 top5=[a12=0.078, a32=0.051, a6=0.040, a24=0.037, a43=0.035] [BUILD FAILED: CowFarm]
  s=  258 a= 38(MANAGER:4) r= +0.5128 cum=   -490.90 v=-13.7357 top5=[a12=0.076, a32=0.050, a6=0.039, a24=0.037, a43=0.035]
  s=  259 a= 29(BUILD:Puerperal) r= -1.4328 cum=   -492.33 v=-14.2155 top5=[a12=0.070, a32=0.049, a6=0.041, a43=0.037, a24=0.035] [BUILD FAILED: Puerperal]
  s=  260 a= 37(MANAGER:3) r= -4.8656 cum=   -497.19 v=-14.1531 top5=[a12=0.069, a32=0.048, a6=0.041, a43=0.036, a24=0.035]
  s=  261 a= 14(BUILD:Road) r= -1.4423 cum=   -498.64 v=-14.3887 top5=[a12=0.072, a32=0.048, a6=0.041, a43=0.036, a24=0.035] [BUILD FAILED: Road]
  s=  262 a=  6(BUILD:SmallHouse) r= -1.4406 cum=   -500.08 v=-14.3787 top5=[a12=0.071, a32=0.047, a6=0.041, a43=0.036, a24=0.035] [BUILD FAILED: SmallHouse]
  s=  263 a= 44(MANAGER:10) r= -4.8730 cum=   -504.95 v=-14.3592 top5=[a12=0.069, a32=0.046, a6=0.040, a43=0.036, a24=0.034]
  s=  264 a= 27(BUILD:WaterMill) r= -1.4483 cum=   -506.40 v=-14.3390 top5=[a12=0.067, a32=0.045, a6=0.040, a43=0.036, a24=0.034] [BUILD FAILED: WaterMill]
  s=  265 a= 15(BUILD:Fish) r= -1.4459 cum=   -507.84 v=-14.3529 top5=[a12=0.066, a32=0.045, a6=0.039, a43=0.036, a24=0.034] [BUILD FAILED: Fish]
  s=  266 a= 32(BUILD:SmallAtomStation) r= -4.8803 cum=   -512.72 v=-14.3535 top5=[a12=0.064, a32=0.044, a6=0.039, a43=0.036, a24=0.034] [BUILD FAILED: SmallAtomStation]
  s=  267 a= 32(BUILD:SmallAtomStation) r= -1.4620 cum=   -514.19 v=-14.3429 top5=[a12=0.063, a32=0.044, a6=0.039, a43=0.036, a24=0.033] [BUILD FAILED: SmallAtomStation]
  s=  268 a= 36(MANAGER:2) r= +0.7080 cum=   -513.48 v=-14.3234 top5=[a12=0.061, a32=0.043, a6=0.038, a43=0.036, a24=0.033]
  s=  269 a= 12(BUILD:PowerStation) r= -0.2734 cum=   -513.75 v=-14.2934 top5=[a12=0.060, a32=0.043, a6=0.038, a43=0.036, a24=0.033] [BUILD: PowerStation]
  s=  270 a= 44(MANAGER:10) r= -0.7381 cum=   -514.49 v=-14.1309 top5=[a12=0.057, a32=0.043, a43=0.038, a6=0.036, a24=0.033]
  s=  271 a= 32(BUILD:SmallAtomStation) r= -4.8828 cum=   -519.37 v=-14.1231 top5=[a12=0.055, a32=0.043, a43=0.038, a6=0.036, a24=0.032] [BUILD FAILED: SmallAtomStation]
  s=  272 a= 26(BUILD:BigSawmill) r= -1.4711 cum=   -520.84 v=-14.1136 top5=[a12=0.054, a32=0.043, a43=0.038, a6=0.035, a24=0.032] [BUILD FAILED: BigSawmill]
  s=  273 a= 32(BUILD:SmallAtomStation) r= -1.4794 cum=   -522.32 v=-14.0985 top5=[a12=0.053, a32=0.042, a43=0.037, a6=0.035, a24=0.032] [BUILD FAILED: SmallAtomStation]
  s=  274 a= 43(MANAGER:9) r= -4.8897 cum=   -527.21 v=-14.0654 top5=[a12=0.052, a32=0.042, a43=0.037, a6=0.035, a24=0.032]
  s=  275 a= 22(BUILD:Apiary) r= -1.4754 cum=   -528.69 v=-14.0759 top5=[a12=0.051, a32=0.042, a43=0.037, a6=0.034, a24=0.032] [BUILD FAILED: Apiary]
  s=  276 a= 37(MANAGER:3) r= -4.8881 cum=   -533.58 v=-14.2731 top5=[a12=0.054, a32=0.040, a43=0.037, a6=0.034, a24=0.032]
  s=  277 a= 12(BUILD:PowerStation) r= -0.3944 cum=   -533.97 v=-13.7193 top5=[a12=0.047, a32=0.040, a24=0.034, a43=0.034, a6=0.033] [BUILD: PowerStation]
  s=  278 a= 34(MANAGER:0) r= -1.5965 cum=   -535.57 v=-13.6133 top5=[a12=0.044, a32=0.041, a43=0.035, a24=0.033, a27=0.032]
  s=  279 a= 27(BUILD:WaterMill) r= -4.8907 cum=   -540.46 v=-13.6920 top5=[a12=0.043, a32=0.041, a43=0.034, a24=0.033, a27=0.032] [BUILD FAILED: WaterMill]
  s=  280 a= 25(BUILD:SuperHouse) r= -1.6058 cum=   -542.06 v=-13.7925 top5=[a12=0.043, a32=0.041, a43=0.034, a24=0.033, a25=0.032] [BUILD FAILED: SuperHouse]
  s=  281 a= 41(MANAGER:7) r= -1.6094 cum=   -543.67 v=-17.1428 top5=[a12=0.086, a32=0.036, a36=0.034, a25=0.034, a39=0.032]
  s=  282 a= 23(BUILD:Torchlight) r= -4.8979 cum=   -548.57 v=-17.3408 top5=[a12=0.084, a32=0.036, a36=0.034, a25=0.033, a39=0.032] [BUILD FAILED: Torchlight]
  s=  283 a= 26(BUILD:BigSawmill) r= -1.6187 cum=   -550.19 v=-17.4608 top5=[a12=0.083, a32=0.035, a36=0.034, a25=0.033, a39=0.032] [BUILD FAILED: BigSawmill]
  s=  284 a= 11(BUILD:Goldmine) r= -1.6162 cum=   -551.81 v=-17.3323 top5=[a12=0.087, a32=0.035, a36=0.034, a39=0.033, a25=0.032] [BUILD FAILED: Goldmine]
  s=  285 a= 12(BUILD:PowerStation) r= +1.0517 cum=   -550.75 v=-17.4277 top5=[a12=0.086, a32=0.035, a36=0.034, a39=0.033, a25=0.032] [BUILD: PowerStation]
  s=  286 a= 36(MANAGER:2) r= -0.8651 cum=   -551.62 v=-18.0610 top5=[a12=0.079, a32=0.034, a36=0.033, a25=0.033, a39=0.031]
  s=  287 a= 14(BUILD:Road) r= -4.9017 cum=   -556.52 v=-18.1619 top5=[a12=0.078, a32=0.034, a36=0.033, a25=0.033, a39=0.032] [BUILD FAILED: Road]
  s=  288 a= 22(BUILD:Apiary) r= -1.6327 cum=   -558.15 v=-18.2499 top5=[a12=0.076, a32=0.034, a36=0.033, a25=0.033, a39=0.032] [BUILD FAILED: Apiary]
  s=  289 a= 39(MANAGER:5) r= -1.6346 cum=   -559.79 v=-18.3360 top5=[a12=0.075, a32=0.034, a36=0.033, a25=0.033, a39=0.032]
  s=  290 a= 10(BUILD:Refinery) r= -4.9086 cum=   -564.70 v=-18.4010 top5=[a12=0.073, a32=0.034, a36=0.033, a25=0.033, a39=0.032] [BUILD FAILED: Refinery]
  s=  291 a= 15(BUILD:Fish) r= -1.6394 cum=   -566.34 v=-18.4608 top5=[a12=0.072, a32=0.033, a36=0.033, a25=0.033, a11=0.032] [BUILD FAILED: Fish]
  s=  292 a= 11(BUILD:Goldmine) r= -1.6444 cum=   -567.98 v=-18.3202 top5=[a12=0.075, a36=0.034, a39=0.034, a32=0.033, a11=0.032] [BUILD FAILED: Goldmine]
  s=  293 a= 43(MANAGER:9) r= -4.9154 cum=   -572.90 v=-18.4355 top5=[a12=0.074, a39=0.034, a36=0.034, a32=0.033, a11=0.033]
  s=  294 a= 41(MANAGER:7) r= -1.6481 cum=   -574.54 v=-18.5574 top5=[a12=0.072, a39=0.034, a36=0.034, a32=0.033, a11=0.033]
  s=  295 a= 25(BUILD:SuperHouse) r= -1.6375 cum=   -576.18 v=-18.7257 top5=[a12=0.071, a39=0.034, a36=0.033, a11=0.033, a32=0.033] [BUILD FAILED: SuperHouse]
  s=  296 a= 12(BUILD:PowerStation) r= -0.4505 cum=   -576.63 v=-18.8908 top5=[a12=0.069, a39=0.034, a36=0.033, a11=0.033, a32=0.032] [BUILD: PowerStation]
  s=  297 a=  1(WEEK) r= -4.9259 cum=   -581.56 v=-19.2895 top5=[a12=0.064, a25=0.033, a36=0.033, a11=0.033, a32=0.032]
  s=  298 a= 29(BUILD:Puerperal) r= -4.9163 cum=   -586.47 v=-20.1388 top5=[a12=0.060, a39=0.035, a11=0.035, a36=0.034, a43=0.033] [BUILD FAILED: Puerperal]
  s=  299 a= 44(MANAGER:10) r= -0.9387 cum=   -587.41 v=-20.2981 top5=[a12=0.059, a39=0.035, a11=0.035, a36=0.033, a43=0.033]
  s=  300 a=  4(BUILD:Garden) r= -1.5064 cum=   -588.92 v=-20.4520 top5=[a12=0.058, a39=0.035, a11=0.035, a36=0.033, a43=0.033] [BUILD FAILED: Garden]
    state: year=1 month=1 season=3 money=2335 credit=183183 people=29 busy=0 free=29 home_places=50 need_workers=0 tax_due=0 main_tax_due=0 tax_amount=7666 main_tax_amount=0 days_alive=332 stage=0 res0=0 res1=400 res2=0 res3=0 res4=0 res5=0 res6=0 res7=0 res8=117 Farm=4 Garden=2 Road=9 | nw=1370934.7843
  s=  301 a= 12(BUILD:PowerStation) r= -0.4830 cum=   -589.40 v=-20.6017 top5=[a12=0.056, a39=0.035, a11=0.035, a36=0.033, a43=0.033] [BUILD: PowerStation]
  s=  302 a= 17(BUILD:HuntingLand) r= -1.6994 cum=   -591.10 v=-20.9398 top5=[a12=0.052, a11=0.035, a39=0.034, a43=0.034, a25=0.033] [BUILD FAILED: HuntingLand]
  s=  303 a= 22(BUILD:Apiary) r= -4.9328 cum=   -596.03 v=-21.0848 top5=[a12=0.051, a11=0.035, a39=0.034, a43=0.034, a25=0.033] [BUILD FAILED: Apiary]
  s=  304 a= 18(BUILD:CowFarm) r= -1.6906 cum=   -597.73 v=-21.2767 top5=[a12=0.050, a11=0.035, a39=0.034, a43=0.034, a25=0.033] [BUILD FAILED: CowFarm]
  s=  305 a= 43(MANAGER:9) r= -1.2161 cum=   -598.94 v=-21.4636 top5=[a12=0.048, a11=0.035, a39=0.034, a43=0.034, a25=0.034]
  s=  306 a= 23(BUILD:Torchlight) r= -4.9383 cum=   -603.88 v=-21.2303 top5=[a12=0.078, a25=0.032, a6=0.031, a32=0.031, a34=0.031] [BUILD FAILED: Torchlight]
  s=  307 a= 23(BUILD:Torchlight) r= -1.7032 cum=   -605.58 v=-21.2483 top5=[a12=0.077, a25=0.032, a6=0.031, a34=0.031, a32=0.031] [BUILD FAILED: Torchlight]
  s=  308 a= 11(BUILD:Goldmine) r= -1.7093 cum=   -607.29 v=-21.3226 top5=[a12=0.081, a39=0.032, a25=0.031, a32=0.030, a6=0.030] [BUILD FAILED: Goldmine]
  s=  309 a= 32(BUILD:SmallAtomStation) r= -4.9446 cum=   -612.24 v=-21.3249 top5=[a12=0.079, a39=0.032, a25=0.031, a32=0.030, a6=0.030] [BUILD FAILED: SmallAtomStation]
  s=  310 a= 31(BUILD:AirStation) r= -1.7251 cum=   -613.96 v=-21.3578 top5=[a12=0.078, a39=0.032, a25=0.031, a32=0.030, a6=0.030] [BUILD FAILED: AirStation]
  s=  311 a= 10(BUILD:Refinery) r= -1.7192 cum=   -615.68 v=-21.4065 top5=[a12=0.076, a39=0.032, a25=0.031, a32=0.030, a6=0.030] [BUILD FAILED: Refinery]
  s=  312 a= 25(BUILD:SuperHouse) r= -4.9508 cum=   -620.63 v=-21.4645 top5=[a12=0.075, a39=0.032, a25=0.031, a32=0.030, a6=0.030] [BUILD FAILED: SuperHouse]
  s=  313 a= 22(BUILD:Apiary) r= -1.7339 cum=   -622.37 v=-21.5234 top5=[a12=0.074, a39=0.032, a25=0.031, a32=0.030, a6=0.030] [BUILD FAILED: Apiary]
  s=  314 a= 37(MANAGER:3) r= -4.9493 cum=   -627.32 v=-21.5821 top5=[a12=0.072, a39=0.032, a25=0.031, a32=0.030, a6=0.030]
  s=  315 a= 12(BUILD:PowerStation) r= -0.5067 cum=   -627.82 v=-21.7343 top5=[a12=0.067, a39=0.033, a36=0.031, a6=0.030, a25=0.030] [BUILD: PowerStation]
  s=  316 a= 30(BUILD:BigIronmine) r= -1.7256 cum=   -629.55 v=-21.8018 top5=[a12=0.062, a39=0.031, a6=0.031, a34=0.031, a25=0.031] [BUILD FAILED: BigIronmine]
  s=  317 a= 12(BUILD:PowerStation) r= -0.5158 cum=   -630.06 v=-21.9003 top5=[a12=0.061, a39=0.031, a34=0.031, a6=0.031, a25=0.031] [BUILD: PowerStation]
  s=  318 a= 43(MANAGER:9) r= -1.7322 cum=   -631.80 v=-21.8577 top5=[a12=0.056, a34=0.033, a25=0.032, a6=0.032, a36=0.030]
  s=  319 a=  4(BUILD:Garden) r= -4.9629 cum=   -636.76 v=-21.9738 top5=[a12=0.055, a34=0.033, a25=0.032, a6=0.031, a36=0.030] [BUILD FAILED: Garden]
  s=  320 a= 19(BUILD:Mushroom) r= -1.7486 cum=   -638.51 v=-22.0955 top5=[a12=0.054, a34=0.033, a25=0.032, a6=0.031, a36=0.030] [BUILD FAILED: Mushroom]
  s=  321 a=  2(BUILD:WaterChannel) r= -1.7547 cum=   -640.26 v=-22.2242 top5=[a12=0.053, a34=0.033, a25=0.032, a6=0.031, a11=0.030] [BUILD FAILED: WaterChannel]
  s=  322 a= 39(MANAGER:5) r= -4.9688 cum=   -645.23 v=-22.4160 top5=[a12=0.055, a39=0.031, a25=0.031, a34=0.031, a36=0.030]
  s=  323 a= 33(BUILD:AtomStation) r= -1.7554 cum=   -646.99 v=-22.5472 top5=[a12=0.054, a39=0.031, a25=0.031, a34=0.031, a11=0.030] [BUILD FAILED: AtomStation]
  s=  324 a= 15(BUILD:Fish) r= -1.2606 cum=   -648.25 v=-22.7694 top5=[a12=0.057, a39=0.033, a36=0.031, a11=0.031, a25=0.031] [BUILD FAILED: Fish]
  s=  325 a= 11(BUILD:Goldmine) r= -4.9738 cum=   -653.22 v=-22.8788 top5=[a12=0.056, a39=0.033, a36=0.031, a11=0.031, a25=0.031] [BUILD FAILED: Goldmine]
  s=  326 a= 36(MANAGER:2) r= -0.7524 cum=   -653.97 v=-22.9889 top5=[a12=0.055, a39=0.033, a11=0.031, a36=0.031, a25=0.031]
  s=  327 a= 11(BUILD:Goldmine) r= -1.7680 cum=   -655.74 v=-23.1395 top5=[a12=0.054, a39=0.033, a11=0.031, a36=0.031, a25=0.031] [BUILD FAILED: Goldmine]
  s=  328 a= 19(BUILD:Mushroom) r= -4.9768 cum=   -660.72 v=-23.2676 top5=[a12=0.053, a39=0.033, a11=0.031, a36=0.031, a25=0.031] [BUILD FAILED: Mushroom]
  s=  329 a= 15(BUILD:Fish) r= -1.7764 cum=   -662.49 v=-23.4339 top5=[a12=0.052, a39=0.033, a11=0.031, a25=0.031, a36=0.031] [BUILD FAILED: Fish]
  s=  330 a=  3(BUILD:Farm) r= -1.7825 cum=   -664.28 v=-23.5968 top5=[a12=0.051, a39=0.033, a11=0.032, a25=0.031, a36=0.031] [BUILD FAILED: Farm]
  s=  331 a=  3(BUILD:Farm) r= -4.9826 cum=   -669.26 v=-23.7580 top5=[a12=0.050, a39=0.033, a11=0.032, a25=0.031, a36=0.030] [BUILD FAILED: Farm]
  s=  332 a= 22(BUILD:Apiary) r= -1.7895 cum=   -671.05 v=-23.9168 top5=[a12=0.049, a39=0.033, a11=0.032, a25=0.031, a36=0.030] [BUILD FAILED: Apiary]
  s=  333 a= 42(MANAGER:8) r= +0.7011 cum=   -670.35 v=-24.0807 top5=[a12=0.048, a39=0.033, a11=0.032, a25=0.031, a43=0.030]
  s=  334 a= 15(BUILD:Fish) r= -4.9749 cum=   -675.32 v=-51.1305 top5=[a7=0.056, a15=0.054, a24=0.050, a8=0.043, a9=0.041] [BUILD FAILED: Fish]
  s=  335 a=  0(DAY) r= -2.9300 cum=   -678.25 v=-50.9399 top5=[a7=0.056, a15=0.054, a24=0.050, a8=0.043, a9=0.041]
  s=  336 a= 25(BUILD:SuperHouse) r= -2.9335 cum=   -681.19 v=-50.7521 top5=[a7=0.056, a15=0.054, a24=0.050, a8=0.044, a9=0.041] [BUILD FAILED: SuperHouse]
  s=  337 a= 27(BUILD:WaterMill) r= -4.9778 cum=   -686.16 v=-49.7825 top5=[a7=0.051, a15=0.049, a24=0.047, a9=0.040, a8=0.040] [BUILD FAILED: WaterMill]
  s=  338 a= 12(BUILD:PowerStation) r= -1.7094 cum=   -687.87 v=-48.7304 top5=[a7=0.044, a24=0.044, a15=0.043, a9=0.040, a8=0.035] [BUILD FAILED: PowerStation]
  s=  339 a= 22(BUILD:Apiary) r= -2.9360 cum=   -690.81 v=-45.6955 top5=[a24=0.042, a7=0.040, a9=0.038, a15=0.037, a18=0.032] [BUILD FAILED: Apiary]
  s=  340 a= 36(MANAGER:2) r= -4.9821 cum=   -695.79 v=-44.9479 top5=[a24=0.040, a9=0.038, a7=0.038, a15=0.034, a18=0.032]
  s=  341 a= 34(MANAGER:0) r= -2.9344 cum=   -698.73 v=-38.2274 top5=[a24=0.041, a9=0.039, a7=0.036, a34=0.032, a18=0.032]
  s=  342 a= 17(BUILD:HuntingLand) r= -2.9378 cum=   -701.66 v=-37.5525 top5=[a24=0.040, a9=0.038, a7=0.034, a34=0.032, a18=0.032] [BUILD FAILED: HuntingLand]
  s=  343 a=  6(BUILD:SmallHouse) r= -4.9851 cum=   -706.65 v=-36.9558 top5=[a24=0.039, a9=0.038, a7=0.033, a34=0.033, a18=0.032] [BUILD FAILED: SmallHouse]
  s=  344 a= 25(BUILD:SuperHouse) r= -2.9363 cum=   -709.58 v=-36.4142 top5=[a24=0.038, a9=0.037, a34=0.033, a7=0.032, a18=0.032] [BUILD FAILED: SuperHouse]
  s=  345 a= 41(MANAGER:7) r= -2.9397 cum=   -712.52 v=-35.8973 top5=[a24=0.037, a9=0.037, a34=0.033, a44=0.031, a18=0.031]
  s=  346 a= 12(BUILD:PowerStation) r= -0.2195 cum=   -712.74 v=-35.4124 top5=[a24=0.036, a9=0.036, a34=0.033, a44=0.032, a18=0.031] [BUILD: PowerStation]
  s=  347 a=  6(BUILD:SmallHouse) r= -2.9438 cum=   -715.69 v=-32.1734 top5=[a24=0.037, a9=0.034, a44=0.033, a18=0.032, a34=0.031] [BUILD FAILED: SmallHouse]
  s=  348 a= 44(MANAGER:10) r= -4.9952 cum=   -720.68 v=-31.5216 top5=[a24=0.036, a9=0.033, a44=0.033, a18=0.032, a34=0.032]
  s=  349 a= 40(MANAGER:6) r= -2.3340 cum=   -723.02 v=-30.9116 top5=[a24=0.036, a44=0.033, a9=0.033, a18=0.032, a34=0.032]
  s=  350 a=  9(BUILD:Ironmine) r= -2.9464 cum=   -725.96 v=-30.4028 top5=[a24=0.035, a44=0.033, a9=0.033, a34=0.032, a18=0.032] [BUILD FAILED: Ironmine]
    state: year=1 month=3 season=0 money=2163 credit=195652 people=31 busy=0 free=31 home_places=50 need_workers=15 tax_due=1 main_tax_due=0 tax_amount=7250 main_tax_amount=0 days_alive=365 stage=0 res0=0 res1=200 res2=0 res3=0 res4=0 res5=0 res6=0 res7=0 res8=117 Farm=3 Garden=2 Road=14 | nw=1340527.1896
  s=  351 a= 37(MANAGER:3) r= -4.9996 cum=   -730.96 v=-29.8966 top5=[a24=0.035, a44=0.034, a9=0.032, a34=0.032, a18=0.032]
  s=  352 a= 25(BUILD:SuperHouse) r= -2.9449 cum=   -733.91 v=-30.9018 top5=[a44=0.035, a24=0.035, a9=0.033, a18=0.031, a34=0.031] [BUILD FAILED: SuperHouse]
  s=  353 a=  5(BUILD:House) r= -2.9483 cum=   -736.86 v=-30.4091 top5=[a44=0.035, a24=0.034, a9=0.033, a34=0.031, a18=0.031] [BUILD FAILED: House]
  s=  354 a= 12(BUILD:PowerStation) r= -1.7210 cum=   -738.58 v=-29.9119 top5=[a44=0.035, a24=0.034, a9=0.033, a34=0.031, a18=0.030] [BUILD FAILED: PowerStation]
  s=  355 a= 25(BUILD:SuperHouse) r= -2.9557 cum=   -741.53 v=-26.3195 top5=[a44=0.035, a24=0.035, a9=0.032, a34=0.030, a18=0.030] [BUILD FAILED: SuperHouse]
  s=  356 a= 31(BUILD:AirStation) r= -5.0152 cum=   -746.55 v=-25.8561 top5=[a44=0.035, a24=0.034, a9=0.031, a34=0.030, a11=0.030] [BUILD FAILED: AirStation]
  s=  357 a= 32(BUILD:SmallAtomStation) r= -2.9542 cum=   -749.50 v=-25.4096 top5=[a44=0.034, a24=0.034, a9=0.031, a34=0.031, a11=0.030] [BUILD FAILED: SmallAtomStation]
  s=  358 a= 40(MANAGER:6) r= -2.9575 cum=   -752.46 v=-24.9819 top5=[a44=0.034, a24=0.034, a9=0.031, a34=0.031, a11=0.030]
  s=  359 a= 22(BUILD:Apiary) r= -5.0183 cum=   -757.48 v=-24.5686 top5=[a44=0.034, a24=0.033, a34=0.031, a9=0.030, a11=0.030] [BUILD FAILED: Apiary]
  s=  360 a= 18(BUILD:CowFarm) r= -2.9561 cum=   -760.43 v=-24.1749 top5=[a44=0.034, a24=0.033, a34=0.031, a9=0.030, a11=0.030] [BUILD FAILED: CowFarm]
  s=  361 a= 44(MANAGER:10) r= -2.2070 cum=   -762.64 v=-23.7757 top5=[a44=0.034, a24=0.033, a34=0.031, a9=0.030, a11=0.030]
  s=  362 a= 39(MANAGER:5) r= -5.0228 cum=   -767.66 v=-23.4037 top5=[a44=0.034, a24=0.033, a34=0.031, a9=0.030, a11=0.030]
  s=  363 a=  1(WEEK) r= -2.9588 cum=   -770.62 v=-23.0534 top5=[a44=0.034, a24=0.032, a34=0.031, a11=0.030, a9=0.030]
  s=  364 a=  3(BUILD:Farm) r= -2.9621 cum=   -773.58 v=-22.7173 top5=[a44=0.034, a24=0.032, a34=0.031, a11=0.030, a10=0.030] [BUILD FAILED: Farm]
  s=  365 a=  5(BUILD:House) r= -5.0260 cum=   -778.61 v=-22.3884 top5=[a44=0.034, a24=0.032, a34=0.031, a11=0.030, a10=0.030] [BUILD FAILED: House]
  s=  366 a= 38(MANAGER:4) r= -0.9535 cum=   -779.56 v=-22.0661 top5=[a44=0.034, a24=0.032, a34=0.031, a11=0.030, a10=0.030]
  s=  367 a= 36(MANAGER:2) r= -2.9634 cum=   -782.53 v=-21.6072 top5=[a44=0.033, a24=0.032, a34=0.030, a10=0.030, a30=0.029]
  s=  368 a= 24(BUILD:Hothouse) r= -5.0283 cum=   -787.56 v=-21.3095 top5=[a44=0.033, a24=0.032, a34=0.030, a10=0.030, a30=0.029] [BUILD FAILED: Hothouse]
  s=  369 a=  9(BUILD:Ironmine) r= -2.9621 cum=   -790.52 v=-21.0239 top5=[a44=0.033, a24=0.031, a34=0.031, a10=0.030, a30=0.029] [BUILD FAILED: Ironmine]
  s=  370 a=  1(WEEK) r= -2.9654 cum=   -793.48 v=-20.7494 top5=[a44=0.033, a24=0.031, a34=0.031, a10=0.030, a30=0.029]
  s=  371 a= 22(BUILD:Apiary) r= -5.0317 cum=   -798.52 v=-20.4857 top5=[a44=0.033, a24=0.031, a34=0.031, a10=0.030, a30=0.029] [BUILD FAILED: Apiary]
  s=  372 a= 43(MANAGER:9) r= -2.9642 cum=   -801.48 v=-20.2277 top5=[a44=0.033, a24=0.031, a34=0.031, a10=0.030, a30=0.029]
  s=  373 a= 42(MANAGER:8) r= -2.9675 cum=   -804.45 v=-19.9779 top5=[a44=0.033, a34=0.031, a24=0.031, a10=0.030, a30=0.029]
  s=  374 a=  9(BUILD:Ironmine) r= -5.0352 cum=   -809.48 v=-19.7357 top5=[a44=0.033, a34=0.031, a24=0.031, a10=0.029, a30=0.029] [BUILD FAILED: Ironmine]
  s=  375 a= 16(BUILD:CoalCut) r= -2.9664 cum=   -812.45 v=-19.5020 top5=[a44=0.033, a34=0.031, a24=0.031, a10=0.029, a30=0.029] [BUILD FAILED: CoalCut]
  s=  376 a=  5(BUILD:House) r= -2.9696 cum=   -815.42 v=-19.2764 top5=[a44=0.033, a34=0.031, a24=0.030, a10=0.029, a30=0.029] [BUILD FAILED: House]
  s=  377 a= 36(MANAGER:2) r= -5.0388 cum=   -820.46 v=-19.0583 top5=[a44=0.033, a34=0.032, a24=0.030, a10=0.029, a30=0.029]
  s=  378 a= 22(BUILD:Apiary) r= -2.9685 cum=   -823.43 v=-18.8474 top5=[a44=0.033, a34=0.032, a24=0.030, a10=0.029, a30=0.029] [BUILD FAILED: Apiary]
  s=  379 a= 21(BUILD:BigFarm) r= -2.9718 cum=   -826.40 v=-18.6433 top5=[a44=0.033, a34=0.032, a24=0.030, a10=0.029, a30=0.029] [BUILD FAILED: BigFarm]
  s=  380 a= 36(MANAGER:2) r= -5.0425 cum=   -831.44 v=-18.4456 top5=[a44=0.032, a34=0.032, a24=0.030, a10=0.029, a30=0.029]
  s=  381 a=  2(BUILD:WaterChannel) r= -2.9708 cum=   -834.41 v=-18.2539 top5=[a44=0.032, a34=0.032, a24=0.030, a10=0.029, a30=0.029] [BUILD FAILED: WaterChannel]
  s=  382 a= 25(BUILD:SuperHouse) r= -2.9740 cum=   -837.38 v=-18.0680 top5=[a44=0.032, a34=0.032, a24=0.030, a10=0.029, a30=0.029] [BUILD FAILED: SuperHouse]
  s=  383 a= 16(BUILD:CoalCut) r= -5.0462 cum=   -842.43 v=-17.8875 top5=[a44=0.032, a34=0.032, a24=0.030, a10=0.029, a30=0.028] [BUILD FAILED: CoalCut]
  s=  384 a= 10(BUILD:Refinery) r= -2.9731 cum=   -845.40 v=-17.7126 top5=[a44=0.032, a34=0.032, a24=0.030, a10=0.029, a30=0.028] [BUILD FAILED: Refinery]
  s=  385 a= 24(BUILD:Hothouse) r= -2.9763 cum=   -848.38 v=-17.5442 top5=[a44=0.032, a34=0.032, a24=0.030, a10=0.029, a9=0.028] [BUILD FAILED: Hothouse]
  s=  386 a= 38(MANAGER:4) r= -5.0500 cum=   -853.43 v=-17.3805 top5=[a44=0.032, a34=0.032, a24=0.030, a10=0.029, a9=0.028]
  s=  387 a= 23(BUILD:Torchlight) r= -2.9754 cum=   -856.41 v=-16.8576 top5=[a44=0.032, a34=0.031, a24=0.029, a30=0.029, a36=0.029] [BUILD FAILED: Torchlight]
  s=  388 a= 15(BUILD:Fish) r= -2.9786 cum=   -859.38 v=-16.7075 top5=[a44=0.032, a34=0.031, a24=0.029, a30=0.029, a36=0.029] [BUILD FAILED: Fish]
  s=  389 a= 35(MANAGER:1) r= -5.0539 cum=   -864.44 v=-16.5613 top5=[a44=0.032, a34=0.031, a24=0.029, a30=0.029, a36=0.029]
  s=  390 a= 42(MANAGER:8) r= -2.9777 cum=   -867.42 v=-16.4188 top5=[a44=0.032, a34=0.031, a24=0.029, a30=0.029, a36=0.029]
  s=  391 a= 32(BUILD:SmallAtomStation) r= -2.9810 cum=   -870.40 v=-16.2799 top5=[a44=0.032, a34=0.031, a24=0.029, a30=0.029, a36=0.029] [BUILD FAILED: SmallAtomStation]
  s=  392 a= 22(BUILD:Apiary) r= -5.0579 cum=   -875.45 v=-16.1443 top5=[a44=0.032, a34=0.032, a24=0.029, a30=0.029, a36=0.029] [BUILD FAILED: Apiary]
    state: year=0 month=3 season=0 money=82000 credit=0 people=28 busy=0 free=28 home_places=50 need_workers=0 tax_due=0 main_tax_due=0 tax_amount=5106 main_tax_amount=0 days_alive=0 stage=0 res0=0 res1=0 res2=0 res3=0 res4=0 res5=0 res6=0 res7=0 res8=0 | nw=1532000.0000
  >>> Ep 1: reward=-875.45, steps=393
  >>> final: year=0 month=3 season=0 money=82000 credit=0 people=28 busy=0 free=28 home_places=50 need_workers=0 tax_due=0 main_tax_due=0 tax_amount=5106 main_tax_amount=0 days_alive=0 stage=0 res0=0 res1=0 res2=0 res3=0 res4=0 res5=0 res6=0 res7=0 res8=0 | nw=1532000.0000
======================================================================
EPISODE 2
======================================================================
init: year=0 month=3 season=0 money=82000 credit=0 people=28 busy=0 free=28 home_places=50 need_workers=0 tax_due=0 main_tax_due=0 tax_amount=5106 main_tax_amount=0 days_alive=0 stage=0 res0=0 res1=0 res2=0 res3=0 res4=0 res5=0 res6=0 res7=0 res8=0 | nw=1532000.0000
  s=    0 a= 24(BUILD:Hothouse) r= +5.0511 cum=     +5.05 v=+14.7056 top5=[a9=0.050, a15=0.043, a32=0.040, a25=0.037, a24=0.037] [BUILD: Hothouse]
    state: year=0 month=3 season=0 money=65410 credit=0 people=28 busy=0 free=28 home_places=50 need_workers=0 tax_due=0 main_tax_due=0 tax_amount=5526 main_tax_amount=0 days_alive=1 stage=0 res0=0 res1=0 res2=0 res3=0 res4=0 res5=0 res6=0 res7=0 res8=0 Hothouse=1 | nw=1532000.0000
  s=    1 a= 39(MANAGER:5) r= -0.2984 cum=     +4.75 v=+14.6682 top5=[a32=0.045, a1=0.042, a35=0.034, a19=0.032, a40=0.030]
  s=    2 a= 12(BUILD:PowerStation) r= +0.9252 cum=     +5.68 v=+14.5157 top5=[a32=0.045, a1=0.042, a35=0.034, a19=0.032, a40=0.030] [BUILD: PowerStation]
  s=    3 a= 17(BUILD:HuntingLand) r= -0.2979 cum=     +5.38 v=+14.7122 top5=[a32=0.046, a1=0.043, a35=0.034, a19=0.032, a40=0.030] [BUILD: HuntingLand]
  s=    4 a= 11(BUILD:Goldmine) r= -4.9663 cum=     +0.41 v=+14.5801 top5=[a32=0.045, a1=0.043, a35=0.034, a19=0.032, a40=0.030] [BUILD FAILED: Goldmine]
  s=    5 a=  6(BUILD:SmallHouse) r= -0.2976 cum=     +0.12 v=+14.4400 top5=[a32=0.045, a1=0.043, a35=0.033, a19=0.032, a40=0.030] [BUILD: SmallHouse]
  s=    6 a= 19(BUILD:Mushroom) r= -0.2977 cum=     -0.18 v=+14.2984 top5=[a32=0.044, a1=0.043, a35=0.033, a19=0.032, a40=0.030] [BUILD: Mushroom]
  s=    7 a= 43(MANAGER:9) r= -4.9622 cum=     -5.14 v=+14.1610 top5=[a32=0.044, a1=0.043, a35=0.033, a19=0.031, a40=0.030]
  s=    8 a= 36(MANAGER:2) r= -0.2974 cum=     -5.44 v=+14.0234 top5=[a32=0.044, a1=0.043, a35=0.033, a19=0.031, a40=0.030]
  s=    9 a=  2(BUILD:WaterChannel) r= +1.5920 cum=     -3.85 v=+13.6325 top5=[a32=0.043, a1=0.041, a35=0.033, a40=0.031, a19=0.030] [BUILD: WaterChannel]
  s=   10 a= 20(BUILD:BigHouse) r= -0.2965 cum=     -4.15 v=+14.8191 top5=[a32=0.043, a1=0.042, a35=0.031, a19=0.029, a6=0.029] [BUILD: BigHouse]
  s=   11 a= 25(BUILD:SuperHouse) r= -4.9431 cum=     -9.09 v=+14.6833 top5=[a32=0.043, a1=0.042, a35=0.031, a19=0.029, a6=0.029] [BUILD FAILED: SuperHouse]
  s=   12 a=  6(BUILD:SmallHouse) r= -0.2963 cum=     -9.39 v=+14.5572 top5=[a32=0.043, a1=0.042, a35=0.031, a19=0.029, a6=0.029] [BUILD: SmallHouse]
  s=   13 a= 43(MANAGER:9) r= -0.2963 cum=     -9.68 v=+14.4363 top5=[a32=0.043, a1=0.042, a35=0.030, a19=0.029, a6=0.029]
  s=   14 a= 27(BUILD:WaterMill) r= -4.9395 cum=    -14.62 v=+14.3084 top5=[a32=0.042, a1=0.042, a35=0.030, a19=0.029, a6=0.029] [BUILD FAILED: WaterMill]
  s=   15 a= 43(MANAGER:9) r= -0.2961 cum=    -14.92 v=+14.1805 top5=[a32=0.042, a1=0.041, a35=0.030, a19=0.030, a6=0.029]
  s=   16 a= 31(BUILD:AirStation) r= +3.2551 cum=    -11.66 v=+14.0547 top5=[a32=0.042, a1=0.041, a35=0.030, a19=0.030, a6=0.029] [BUILD: AirStation]
  s=   17 a=  8(BUILD:Coalmine) r= -0.2939 cum=    -11.96 v=+17.0884 top5=[a32=0.041, a1=0.040, a19=0.031, a6=0.030, a14=0.030] [BUILD: Coalmine]
  s=   18 a= 18(BUILD:CowFarm) r= -4.8998 cum=    -16.86 v=+17.0103 top5=[a32=0.041, a1=0.040, a19=0.031, a6=0.030, a14=0.030] [BUILD FAILED: CowFarm]
  s=   19 a= 13(BUILD:HydroStation) r= +4.1589 cum=    -12.70 v=+16.9360 top5=[a32=0.041, a1=0.040, a19=0.031, a6=0.030, a14=0.030] [BUILD: HydroStation]
  s=   20 a= 29(BUILD:Puerperal) r= -0.2907 cum=    -12.99 v=+16.8925 top5=[a32=0.044, a1=0.038, a14=0.031, a43=0.030, a6=0.030] [BUILD: Puerperal]
  s=   21 a= 20(BUILD:BigHouse) r= -4.8466 cum=    -17.83 v=+16.8085 top5=[a32=0.044, a1=0.038, a14=0.031, a43=0.030, a6=0.030] [BUILD FAILED: BigHouse]
  s=   22 a= 15(BUILD:Fish) r= -0.2905 cum=    -18.12 v=+16.7202 top5=[a32=0.044, a1=0.037, a14=0.032, a43=0.030, a36=0.030] [BUILD: Fish]
  s=   23 a= 35(MANAGER:1) r= -0.2906 cum=    -18.42 v=+16.6326 top5=[a32=0.044, a1=0.037, a14=0.032, a43=0.030, a36=0.030]
  s=   24 a=  8(BUILD:Coalmine) r= -4.8447 cum=    -23.26 v=+16.5432 top5=[a32=0.043, a1=0.037, a14=0.032, a36=0.030, a43=0.030] [BUILD FAILED: Coalmine]
  s=   25 a= 17(BUILD:HuntingLand) r= -0.2904 cum=    -23.55 v=+16.4470 top5=[a32=0.043, a1=0.037, a14=0.032, a36=0.030, a43=0.030] [BUILD: HuntingLand]
  s=   26 a= 29(BUILD:Puerperal) r= -0.2905 cum=    -23.84 v=+16.3346 top5=[a32=0.043, a1=0.036, a14=0.032, a36=0.030, a43=0.030] [BUILD: Puerperal]
  s=   27 a= 41(MANAGER:7) r= -4.8429 cum=    -28.68 v=+16.2144 top5=[a32=0.043, a1=0.036, a14=0.032, a36=0.031, a43=0.030]
  s=   28 a= 31(BUILD:AirStation) r= -0.3101 cum=    -28.99 v=+16.9606 top5=[a32=0.043, a1=0.033, a36=0.033, a14=0.032, a43=0.031] [BUILD: AirStation]
  s=   29 a= 13(BUILD:HydroStation) r= -0.2796 cum=    -29.27 v=+16.3846 top5=[a32=0.044, a1=0.033, a36=0.033, a14=0.032, a43=0.031] [BUILD: HydroStation]
  s=   30 a= 30(BUILD:BigIronmine) r= -4.8412 cum=    -34.11 v=+16.7218 top5=[a32=0.046, a36=0.034, a14=0.034, a43=0.031, a1=0.031] [BUILD FAILED: BigIronmine]
  s=   31 a= 11(BUILD:Goldmine) r= -0.3126 cum=    -34.43 v= +7.3130 top5=[a25=0.071, a32=0.048, a43=0.040, a23=0.039, a30=0.035] [BUILD: Goldmine]
  s=   32 a= 43(MANAGER:9) r= -0.3127 cum=    -34.74 v= +7.2971 top5=[a25=0.070, a32=0.048, a43=0.040, a23=0.039, a30=0.035]
  s=   33 a= 11(BUILD:Goldmine) r= -4.8396 cum=    -39.58 v= +7.2748 top5=[a25=0.070, a32=0.048, a43=0.040, a23=0.039, a30=0.035] [BUILD FAILED: Goldmine]
  s=   34 a= 16(BUILD:CoalCut) r= -0.3079 cum=    -39.89 v= +7.2465 top5=[a25=0.070, a32=0.048, a43=0.040, a23=0.040, a30=0.035] [BUILD: CoalCut]
  s=   35 a= 43(MANAGER:9) r= -0.3172 cum=    -40.20 v= +8.2040 top5=[a25=0.066, a32=0.047, a43=0.040, a23=0.038, a30=0.034]
  s=   36 a=  1(WEEK) r= -4.8058 cum=    -45.01 v= +9.0749 top5=[a25=0.062, a32=0.046, a43=0.039, a23=0.036, a30=0.034]
  s=   37 a= 35(MANAGER:1) r= +0.2267 cum=    -44.78 v=+10.1106 top5=[a25=0.058, a32=0.046, a43=0.038, a23=0.036, a30=0.033]
  s=   38 a= 24(BUILD:Hothouse) r= -0.3123 cum=    -45.10 v=+10.6177 top5=[a25=0.055, a32=0.046, a43=0.038, a23=0.035, a30=0.032] [BUILD: Hothouse]
  s=   39 a= 26(BUILD:BigSawmill) r= +2.1020 cum=    -42.99 v=+11.0361 top5=[a25=0.056, a32=0.045, a43=0.038, a23=0.035, a30=0.033] [BUILD: BigSawmill]
  s=   40 a=  4(BUILD:Garden) r= -0.2838 cum=    -43.28 v=+10.7928 top5=[a25=0.055, a32=0.046, a43=0.039, a23=0.034, a30=0.034] [BUILD: Garden]
  s=   41 a= 23(BUILD:Torchlight) r= -0.3221 cum=    -43.60 v=+12.5355 top5=[a25=0.056, a32=0.046, a43=0.037, a23=0.035, a30=0.034] [BUILD: Torchlight]
  s=   42 a= 22(BUILD:Apiary) r= -4.8193 cum=    -48.42 v=+12.4923 top5=[a25=0.061, a32=0.047, a43=0.035, a23=0.033, a14=0.032] [BUILD FAILED: Apiary]
  s=   43 a= 32(BUILD:SmallAtomStation) r= -0.3166 cum=    -48.74 v=+12.6859 top5=[a25=0.060, a32=0.047, a43=0.035, a14=0.032, a23=0.032] [BUILD: SmallAtomStation]
  s=   44 a= 27(BUILD:WaterMill) r= -0.3134 cum=    -49.05 v=+12.8703 top5=[a25=0.058, a32=0.046, a43=0.035, a14=0.033, a23=0.032] [BUILD: WaterMill]
  s=   45 a= 43(MANAGER:9) r= -4.8182 cum=    -53.87 v=+13.0597 top5=[a25=0.057, a32=0.046, a43=0.035, a14=0.033, a23=0.032]
  s=   46 a= 15(BUILD:Fish) r= -0.3199 cum=    -54.19 v=+13.2076 top5=[a25=0.056, a32=0.046, a43=0.035, a14=0.033, a23=0.032] [BUILD: Fish]
  s=   47 a=  0(DAY) r= +0.1583 cum=    -54.03 v=+13.3279 top5=[a25=0.055, a32=0.045, a43=0.034, a14=0.033, a23=0.031]
  s=   48 a=  8(BUILD:Coalmine) r= -4.8147 cum=    -58.84 v=+13.4493 top5=[a25=0.054, a32=0.045, a43=0.034, a14=0.034, a23=0.031] [BUILD FAILED: Coalmine]
  s=   49 a= 41(MANAGER:7) r= -0.3217 cum=    -59.17 v=+13.5625 top5=[a25=0.053, a32=0.044, a14=0.034, a43=0.034, a23=0.031]
  s=   50 a= 16(BUILD:CoalCut) r= -0.3283 cum=    -59.49 v=+13.6743 top5=[a25=0.052, a32=0.044, a14=0.035, a43=0.034, a23=0.031] [BUILD: CoalCut]
    state: year=0 month=4 season=0 money=6502 credit=0 people=28 busy=0 free=28 home_places=50 need_workers=0 tax_due=0 main_tax_due=0 tax_amount=6794 main_tax_amount=0 days_alive=57 stage=0 res0=0 res1=400 res2=0 res3=0 res4=0 res5=0 res6=0 res7=0 res8=0 Farm=1 Road=1 House=1 Hothouse=1 AirStation=1 | nw=1531311.2409
  s=   51 a= 43(MANAGER:9) r= -4.8138 cum=    -64.31 v=+13.7724 top5=[a25=0.051, a32=0.044, a14=0.035, a43=0.034, a23=0.031]
  s=   52 a= 15(BUILD:Fish) r= -0.3221 cum=    -64.63 v=+13.8572 top5=[a25=0.051, a32=0.044, a14=0.035, a43=0.034, a23=0.031] [BUILD: Fish]
  s=   53 a= 44(MANAGER:10) r= +0.3955 cum=    -64.23 v=+13.9328 top5=[a25=0.050, a32=0.043, a14=0.035, a43=0.034, a23=0.031]
  s=   54 a= 19(BUILD:Mushroom) r= -4.8091 cum=    -69.04 v=+14.0125 top5=[a25=0.049, a32=0.043, a14=0.036, a43=0.033, a23=0.031] [BUILD FAILED: Mushroom]
  s=   55 a= 30(BUILD:BigIronmine) r= -0.3213 cum=    -69.36 v=+11.0420 top5=[a25=0.050, a32=0.042, a43=0.033, a23=0.031, a14=0.028] [BUILD: BigIronmine]
  s=   56 a= 32(BUILD:SmallAtomStation) r= -0.3214 cum=    -69.69 v=+11.2577 top5=[a25=0.050, a32=0.042, a43=0.033, a23=0.031, a14=0.029] [BUILD: SmallAtomStation]
  s=   57 a= 15(BUILD:Fish) r= -4.8083 cum=    -74.49 v=+11.4386 top5=[a25=0.050, a32=0.042, a43=0.033, a23=0.031, a14=0.029] [BUILD FAILED: Fish]
  s=   58 a= 40(MANAGER:6) r= +0.2648 cum=    -74.23 v=+11.5949 top5=[a25=0.049, a32=0.042, a43=0.033, a23=0.031, a14=0.029]
  s=   59 a= 22(BUILD:Apiary) r= -0.3224 cum=    -74.55 v=+11.7311 top5=[a25=0.048, a32=0.042, a43=0.033, a23=0.031, a14=0.029] [BUILD: Apiary]
  s=   60 a=  5(BUILD:House) r= -4.8045 cum=    -79.36 v=+11.8689 top5=[a25=0.048, a32=0.042, a43=0.033, a23=0.030, a14=0.029] [BUILD FAILED: House]
  s=   61 a= 23(BUILD:Torchlight) r= -0.3210 cum=    -79.68 v=+11.9956 top5=[a25=0.047, a32=0.042, a43=0.033, a23=0.030, a14=0.030] [BUILD: Torchlight]
  s=   62 a= 14(BUILD:Road) r= +0.5921 cum=    -79.09 v=+12.1304 top5=[a25=0.047, a32=0.042, a43=0.033, a23=0.030, a14=0.030] [BUILD: Road]
  s=   63 a=  6(BUILD:SmallHouse) r= -0.3208 cum=    -79.41 v=+10.8676 top5=[a25=0.049, a14=0.041, a43=0.037, a30=0.035, a17=0.034] [BUILD: SmallHouse]
  s=   64 a= 20(BUILD:BigHouse) r= -4.8004 cum=    -84.21 v=+11.0115 top5=[a25=0.048, a14=0.041, a43=0.037, a30=0.034, a17=0.034] [BUILD FAILED: BigHouse]
  s=   65 a= 40(MANAGER:6) r= -0.3207 cum=    -84.53 v=+11.1244 top5=[a25=0.048, a14=0.041, a43=0.037, a17=0.034, a30=0.034]
  s=   66 a= 44(MANAGER:10) r= +0.3944 cum=    -84.13 v=+11.2186 top5=[a25=0.047, a14=0.041, a43=0.037, a17=0.034, a30=0.034]
  s=   67 a= 17(BUILD:HuntingLand) r= -4.7961 cum=    -88.93 v=+11.2955 top5=[a25=0.047, a14=0.041, a43=0.037, a17=0.034, a32=0.033] [BUILD FAILED: HuntingLand]
  s=   68 a=  1(WEEK) r= -0.0618 cum=    -88.99 v=+11.3549 top5=[a25=0.047, a14=0.041, a43=0.037, a17=0.035, a32=0.033]
  s=   69 a=  0(DAY) r= +4.7928 cum=    -84.20 v=+11.0631 top5=[a25=0.048, a14=0.041, a43=0.039, a17=0.035, a30=0.033]
  s=   70 a= 14(BUILD:Road) r= -4.7429 cum=    -88.94 v=+11.0503 top5=[a25=0.048, a14=0.041, a43=0.039, a17=0.035, a30=0.033] [BUILD FAILED: Road]
  s=   71 a=  1(WEEK) r= -0.0953 cum=    -89.04 v=+11.0245 top5=[a25=0.048, a14=0.041, a43=0.038, a17=0.035, a32=0.033]
  s=   72 a= 27(BUILD:WaterMill) r= -0.3205 cum=    -89.36 v=+10.6591 top5=[a25=0.047, a14=0.041, a43=0.038, a17=0.037, a30=0.033] [BUILD: WaterMill]
  s=   73 a= 11(BUILD:Goldmine) r= -4.7421 cum=    -94.10 v=+10.5833 top5=[a25=0.047, a14=0.041, a43=0.038, a17=0.037, a30=0.033] [BUILD FAILED: Goldmine]
  s=   74 a= 23(BUILD:Torchlight) r= -0.3204 cum=    -94.42 v= +3.8756 top5=[a43=0.043, a34=0.035, a25=0.034, a24=0.032, a14=0.030] [BUILD: Torchlight]
  s=   75 a=  9(BUILD:Ironmine) r= -0.3206 cum=    -94.74 v= +3.9293 top5=[a43=0.043, a34=0.035, a25=0.034, a24=0.032, a9=0.030] [BUILD: Ironmine]
  s=   76 a= 32(BUILD:SmallAtomStation) r= -4.7422 cum=    -99.48 v= +3.9722 top5=[a43=0.042, a34=0.035, a25=0.034, a24=0.032, a9=0.030] [BUILD FAILED: SmallAtomStation]
  s=   77 a= 41(MANAGER:7) r= -0.3187 cum=    -99.80 v= +4.0392 top5=[a43=0.042, a34=0.035, a25=0.033, a24=0.032, a9=0.030]
  s=   78 a= 44(MANAGER:10) r= +0.3923 cum=    -99.41 v= +4.1155 top5=[a43=0.041, a34=0.035, a25=0.033, a24=0.032, a9=0.030]
  s=   79 a= 43(MANAGER:9) r= -4.7389 cum=   -104.15 v= +4.1832 top5=[a43=0.041, a34=0.035, a25=0.033, a24=0.032, a9=0.030]
  s=   80 a= 30(BUILD:BigIronmine) r= -0.3162 cum=   -104.46 v= +4.2161 top5=[a43=0.040, a34=0.034, a25=0.033, a24=0.032, a9=0.030] [BUILD: BigIronmine]
  s=   81 a= 19(BUILD:Mushroom) r= +0.6336 cum=   -103.83 v= +4.2359 top5=[a43=0.040, a34=0.034, a25=0.033, a24=0.032, a9=0.030] [BUILD: Mushroom]
  s=   82 a= 40(MANAGER:6) r= -4.4770 cum=   -108.31 v= +4.2477 top5=[a43=0.039, a34=0.034, a25=0.033, a24=0.032, a9=0.030]
  s=   83 a= 14(BUILD:Road) r= -0.3200 cum=   -108.63 v= +4.2260 top5=[a43=0.039, a34=0.034, a25=0.033, a24=0.032, a9=0.030] [BUILD: Road]
  s=   84 a= 40(MANAGER:6) r= -0.3189 cum=   -108.95 v= +4.2175 top5=[a43=0.039, a34=0.034, a25=0.033, a24=0.032, a9=0.030]
  s=   85 a= 15(BUILD:Fish) r= -4.7360 cum=   -113.68 v= +4.2374 top5=[a43=0.039, a34=0.034, a25=0.033, a24=0.032, a9=0.030] [BUILD FAILED: Fish]
  s=   86 a=  0(DAY) r= +0.1533 cum=   -113.53 v= +4.2357 top5=[a43=0.038, a34=0.034, a25=0.033, a24=0.032, a9=0.030]
  s=   87 a= 18(BUILD:CowFarm) r= -0.3160 cum=   -113.84 v= +4.2570 top5=[a43=0.038, a34=0.034, a25=0.033, a24=0.033, a9=0.030] [BUILD: CowFarm]
  s=   88 a= 16(BUILD:CoalCut) r= -4.7342 cum=   -118.58 v= +4.2829 top5=[a43=0.038, a34=0.034, a25=0.033, a24=0.033, a44=0.030] [BUILD FAILED: CoalCut]
  s=   89 a=  9(BUILD:Ironmine) r= -0.3199 cum=   -118.90 v= +4.3050 top5=[a43=0.038, a34=0.034, a25=0.033, a24=0.033, a44=0.030] [BUILD: Ironmine]
  s=   90 a= 44(MANAGER:10) r= +0.3899 cum=   -118.51 v= +4.3240 top5=[a43=0.038, a34=0.034, a24=0.033, a25=0.033, a44=0.030]
  s=   91 a= 38(MANAGER:4) r= -3.1586 cum=   -121.67 v= +4.3217 top5=[a43=0.038, a34=0.034, a24=0.033, a25=0.032, a44=0.030]
  s=   92 a= 25(BUILD:SuperHouse) r= -0.3189 cum=   -121.99 v= +4.9684 top5=[a43=0.036, a34=0.034, a24=0.034, a25=0.030, a9=0.029] [BUILD: SuperHouse]
  s=   93 a= 26(BUILD:BigSawmill) r= -0.3203 cum=   -122.31 v= +4.9311 top5=[a43=0.036, a34=0.034, a24=0.034, a25=0.030, a44=0.029] [BUILD: BigSawmill]
  s=   94 a= 28(BUILD:BigRefinary) r= -4.7379 cum=   -127.04 v= +4.8910 top5=[a43=0.036, a34=0.034, a24=0.034, a25=0.030, a44=0.029] [BUILD FAILED: BigRefinary]
  s=   95 a= 24(BUILD:Hothouse) r= -0.3161 cum=   -127.36 v= +4.8151 top5=[a43=0.036, a34=0.034, a24=0.034, a25=0.030, a44=0.029] [BUILD: Hothouse]
  s=   96 a= 17(BUILD:HuntingLand) r= -0.3203 cum=   -127.68 v= +4.7183 top5=[a43=0.036, a34=0.034, a24=0.034, a25=0.030, a44=0.029] [BUILD: HuntingLand]
  s=   97 a= 12(BUILD:PowerStation) r= +0.8465 cum=   -126.83 v= +4.6233 top5=[a43=0.036, a34=0.034, a24=0.034, a25=0.030, a44=0.030] [BUILD: PowerStation]
  s=   98 a= 40(MANAGER:6) r= -0.3201 cum=   -127.15 v= +4.2918 top5=[a43=0.036, a34=0.034, a24=0.034, a39=0.030, a14=0.029]
  s=   99 a= 21(BUILD:BigFarm) r= -4.7356 cum=   -131.89 v= +4.2145 top5=[a43=0.035, a34=0.034, a24=0.034, a39=0.030, a14=0.029] [BUILD FAILED: BigFarm]
  s=  100 a= 19(BUILD:Mushroom) r= -0.3200 cum=   -132.21 v= +4.1145 top5=[a43=0.035, a34=0.034, a24=0.034, a39=0.030, a14=0.029] [BUILD: Mushroom]
    state: year=0 month=6 season=1 money=202 credit=0 people=28 busy=0 free=28 home_places=110 need_workers=9 tax_due=0 main_tax_due=0 tax_amount=7226 main_tax_amount=0 days_alive=119 stage=0 res0=0 res1=200 res2=0 res3=0 res4=0 res5=0 res6=0 res7=0 res8=0 Farm=1 Road=2 House=1 SmallHouse=1 Hothouse=1 AirStation=1 | nw=1530187.6341
  s=  101 a=  1(WEEK) r= -0.0567 cum=   -132.27 v= +4.0140 top5=[a43=0.035, a34=0.034, a24=0.034, a39=0.031, a44=0.029]
  s=  102 a= 16(BUILD:CoalCut) r= -4.7348 cum=   -137.00 v= +4.6270 top5=[a43=0.036, a34=0.034, a24=0.033, a14=0.030, a25=0.029] [BUILD FAILED: CoalCut]
  s=  103 a= 34(MANAGER:0) r= -0.3200 cum=   -137.32 v= +4.6155 top5=[a43=0.036, a34=0.034, a24=0.033, a14=0.030, a25=0.029]
  s=  104 a= 14(BUILD:Road) r= -0.3188 cum=   -137.64 v= +4.6031 top5=[a43=0.036, a34=0.034, a24=0.033, a14=0.030, a25=0.029] [BUILD: Road]
  s=  105 a= 38(MANAGER:4) r= -3.1612 cum=   -140.80 v= +4.5906 top5=[a43=0.036, a34=0.034, a24=0.033, a14=0.030, a25=0.029]
  s=  106 a= 42(MANAGER:8) r= -0.2022 cum=   -141.00 v= +4.8172 top5=[a34=0.036, a43=0.036, a14=0.031, a9=0.030, a24=0.030]
  s=  107 a=  6(BUILD:SmallHouse) r= -0.6764 cum=   -141.68 v= -0.0358 top5=[a43=0.036, a24=0.032, a14=0.031, a44=0.029, a9=0.029] [BUILD: SmallHouse]
  s=  108 a=  6(BUILD:SmallHouse) r= -4.7424 cum=   -146.42 v= -0.0489 top5=[a43=0.036, a24=0.032, a14=0.031, a44=0.029, a9=0.029] [BUILD FAILED: SmallHouse]
  s=  109 a= 12(BUILD:PowerStation) r= +0.4890 cum=   -145.93 v= -0.0797 top5=[a43=0.036, a24=0.032, a14=0.030, a44=0.029, a9=0.029] [BUILD: PowerStation]
  s=  110 a=  8(BUILD:Coalmine) r= -0.6768 cum=   -146.61 v= -0.2154 top5=[a43=0.035, a24=0.032, a14=0.031, a9=0.029, a44=0.029] [BUILD: Coalmine]
  s=  111 a= 16(BUILD:CoalCut) r= -4.7401 cum=   -151.35 v= -0.2402 top5=[a43=0.035, a24=0.032, a14=0.031, a9=0.029, a44=0.029] [BUILD FAILED: CoalCut]
  s=  112 a= 30(BUILD:BigIronmine) r= -0.6796 cum=   -152.03 v= -0.2660 top5=[a43=0.035, a24=0.032, a14=0.031, a9=0.029, a44=0.029] [BUILD: BigIronmine]
  s=  113 a= 24(BUILD:Hothouse) r= +2.7935 cum=   -149.24 v= -0.3237 top5=[a43=0.035, a24=0.031, a14=0.031, a9=0.029, a44=0.029] [BUILD: Hothouse]
  s=  114 a= 32(BUILD:SmallAtomStation) r= -0.6737 cum=   -149.91 v= -0.8282 top5=[a43=0.034, a34=0.032, a9=0.031, a14=0.030, a24=0.029] [BUILD: SmallAtomStation]
  s=  115 a= 14(BUILD:Road) r= +0.2256 cum=   -149.68 v= -0.8031 top5=[a43=0.034, a34=0.032, a9=0.031, a14=0.030, a24=0.029] [BUILD: Road]
  s=  116 a= 41(MANAGER:7) r= -0.6809 cum=   -150.37 v= -1.1210 top5=[a43=0.036, a34=0.034, a9=0.031, a24=0.030, a44=0.029]
  s=  117 a=  5(BUILD:House) r= -4.7254 cum=   -155.09 v= -1.1061 top5=[a43=0.036, a34=0.035, a9=0.031, a24=0.030, a44=0.029] [BUILD FAILED: House]
  s=  118 a= 21(BUILD:BigFarm) r= -0.6801 cum=   -155.77 v= -1.1003 top5=[a43=0.036, a34=0.035, a9=0.031, a24=0.030, a44=0.029] [BUILD: BigFarm]
  s=  119 a= 28(BUILD:BigRefinary) r= -0.6807 cum=   -156.45 v= -1.0994 top5=[a43=0.036, a34=0.035, a9=0.030, a24=0.030, a44=0.029] [BUILD: BigRefinary]
  s=  120 a= 30(BUILD:BigIronmine) r= -4.7280 cum=   -161.18 v= -1.1035 top5=[a43=0.037, a34=0.035, a9=0.030, a24=0.030, a44=0.029] [BUILD FAILED: BigIronmine]
  s=  121 a= 39(MANAGER:5) r= +1.2052 cum=   -159.97 v= -1.1175 top5=[a43=0.037, a34=0.035, a9=0.030, a24=0.030, a44=0.029]
  s=  122 a= 22(BUILD:Apiary) r= +1.6790 cum=   -158.29 v= -2.7420 top5=[a43=0.037, a24=0.032, a34=0.032, a39=0.030, a9=0.029] [BUILD: Apiary]
  s=  123 a= 26(BUILD:BigSawmill) r= -0.6867 cum=   -158.98 v= -3.5595 top5=[a43=0.038, a34=0.035, a24=0.030, a9=0.029, a39=0.029] [BUILD: BigSawmill]
  s=  124 a= 26(BUILD:BigSawmill) r= -4.7127 cum=   -163.69 v= -3.3164 top5=[a43=0.038, a34=0.034, a24=0.030, a39=0.030, a9=0.029] [BUILD FAILED: BigSawmill]
  s=  125 a=  4(BUILD:Garden) r= -0.6871 cum=   -164.38 v= -3.3464 top5=[a43=0.038, a34=0.034, a24=0.030, a39=0.030, a9=0.029] [BUILD: Garden]
  s=  126 a=  5(BUILD:House) r= -0.6884 cum=   -165.07 v= -3.4075 top5=[a43=0.038, a34=0.034, a39=0.030, a24=0.030, a9=0.029] [BUILD: House]
  s=  127 a= 43(MANAGER:9) r= -4.7154 cum=   -169.79 v= -3.4937 top5=[a43=0.038, a34=0.034, a39=0.031, a24=0.030, a9=0.029]
  s=  128 a= 19(BUILD:Mushroom) r= -0.6906 cum=   -170.48 v= -3.5799 top5=[a43=0.038, a34=0.034, a39=0.031, a24=0.030, a9=0.029] [BUILD: Mushroom]
  s=  129 a= 30(BUILD:BigIronmine) r= -0.6913 cum=   -171.17 v= -2.7526 top5=[a43=0.036, a24=0.031, a34=0.031, a14=0.030, a9=0.029] [BUILD: BigIronmine]
  s=  130 a= 30(BUILD:BigIronmine) r= -4.7181 cum=   -175.89 v= -2.7306 top5=[a43=0.036, a24=0.031, a34=0.031, a14=0.029, a9=0.029] [BUILD FAILED: BigIronmine]
  s=  131 a=  8(BUILD:Coalmine) r= -0.6941 cum=   -176.58 v= -2.7133 top5=[a43=0.036, a24=0.031, a34=0.031, a14=0.029, a9=0.029] [BUILD: Coalmine]
  s=  132 a= 13(BUILD:HydroStation) r= -0.1736 cum=   -176.75 v= -2.6974 top5=[a43=0.036, a24=0.031, a34=0.031, a14=0.029, a9=0.029] [BUILD: HydroStation]
  s=  133 a= 32(BUILD:SmallAtomStation) r= -0.6952 cum=   -177.45 v= -3.6273 top5=[a43=0.036, a34=0.035, a14=0.029, a24=0.029, a41=0.029] [BUILD: SmallAtomStation]
  s=  134 a= 29(BUILD:Puerperal) r= -4.7220 cum=   -182.17 v= -3.5908 top5=[a43=0.036, a34=0.035, a14=0.029, a41=0.029, a24=0.029] [BUILD FAILED: Puerperal]
  s=  135 a=  0(DAY) r= -0.2238 cum=   -182.39 v= -3.5684 top5=[a43=0.036, a34=0.035, a41=0.029, a14=0.029, a24=0.028]
  s=  136 a= 30(BUILD:BigIronmine) r= -0.6972 cum=   -183.09 v= -3.5450 top5=[a43=0.036, a34=0.035, a41=0.029, a14=0.029, a24=0.028] [BUILD: BigIronmine]
  s=  137 a= 27(BUILD:WaterMill) r= -4.7231 cum=   -187.81 v= -3.5358 top5=[a43=0.036, a34=0.035, a41=0.029, a14=0.029, a24=0.028] [BUILD FAILED: WaterMill]
  s=  138 a= 44(MANAGER:10) r= +0.0109 cum=   -187.80 v= -3.5269 top5=[a43=0.036, a34=0.035, a41=0.029, a14=0.029, a24=0.028]
  s=  139 a= 44(MANAGER:10) r= +0.0106 cum=   -187.79 v= -3.5133 top5=[a43=0.036, a34=0.035, a41=0.029, a14=0.029, a24=0.028]
  s=  140 a= 28(BUILD:BigRefinary) r= -4.7212 cum=   -192.51 v= -3.5425 top5=[a43=0.036, a34=0.035, a41=0.029, a14=0.028, a24=0.028] [BUILD FAILED: BigRefinary]
  s=  141 a=  8(BUILD:Coalmine) r= -0.6973 cum=   -193.21 v= -3.5798 top5=[a43=0.036, a34=0.035, a41=0.029, a24=0.028, a14=0.028] [BUILD: Coalmine]
  s=  142 a= 13(BUILD:HydroStation) r= -0.6790 cum=   -193.89 v= -3.6187 top5=[a43=0.036, a34=0.035, a41=0.029, a24=0.028, a14=0.028] [BUILD: HydroStation]
  s=  143 a= 27(BUILD:WaterMill) r= -4.7237 cum=   -198.61 v= -3.3877 top5=[a43=0.036, a34=0.036, a24=0.029, a41=0.028, a32=0.028] [BUILD FAILED: WaterMill]
  s=  144 a= 12(BUILD:PowerStation) r= +0.4494 cum=   -198.16 v= -3.2557 top5=[a43=0.037, a34=0.035, a24=0.030, a41=0.029, a39=0.029] [BUILD: PowerStation]
  s=  145 a=  8(BUILD:Coalmine) r= -0.7143 cum=   -198.88 v= -3.6957 top5=[a43=0.037, a34=0.035, a41=0.030, a24=0.029, a39=0.028] [BUILD: Coalmine]
  s=  146 a= 34(MANAGER:0) r= -4.7222 cum=   -203.60 v= -3.7497 top5=[a43=0.037, a34=0.035, a41=0.030, a24=0.029, a39=0.028]
  s=  147 a= 11(BUILD:Goldmine) r= -0.7175 cum=   -204.32 v= -3.3260 top5=[a34=0.036, a43=0.036, a41=0.030, a24=0.030, a39=0.029] [BUILD: Goldmine]
  s=  148 a= 11(BUILD:Goldmine) r= -0.7246 cum=   -205.04 v= -4.4052 top5=[a43=0.036, a24=0.033, a34=0.032, a39=0.030, a32=0.028] [BUILD: Goldmine]
  s=  149 a= 29(BUILD:Puerperal) r= -4.7248 cum=   -209.77 v= -4.4268 top5=[a43=0.036, a24=0.033, a34=0.032, a39=0.030, a32=0.028] [BUILD FAILED: Puerperal]
  s=  150 a= 30(BUILD:BigIronmine) r= -0.7274 cum=   -210.50 v= -4.4494 top5=[a43=0.036, a24=0.033, a34=0.032, a39=0.031, a32=0.028] [BUILD: BigIronmine]
    state: year=0 month=8 season=1 money=3089 credit=54682 people=28 busy=0 free=28 home_places=130 need_workers=13 tax_due=0 main_tax_due=0 tax_amount=8910 main_tax_amount=0 days_alive=175 stage=0 res0=0 res1=400 res2=0 res3=0 res4=0 res5=0 res6=0 res7=0 res8=0 Farm=1 Road=4 House=2 SmallHouse=2 Apiary=1 Hothouse=2 AirStation=1 | nw=1524383.5919
  s=  151 a= 29(BUILD:Puerperal) r= -0.7281 cum=   -211.22 v= -4.5527 top5=[a43=0.036, a24=0.033, a34=0.033, a39=0.030, a44=0.029] [BUILD: Puerperal]
  s=  152 a= 24(BUILD:Hothouse) r= -4.7275 cum=   -215.95 v= -4.6374 top5=[a43=0.036, a24=0.034, a34=0.033, a39=0.031, a44=0.029] [BUILD FAILED: Hothouse]
  s=  153 a= 31(BUILD:AirStation) r= -0.7286 cum=   -216.68 v= -4.7112 top5=[a43=0.036, a24=0.034, a34=0.033, a39=0.031, a44=0.029] [BUILD: AirStation]
  s=  154 a= 11(BUILD:Goldmine) r= -0.7299 cum=   -217.41 v= -4.7673 top5=[a43=0.036, a24=0.034, a34=0.033, a39=0.031, a44=0.029] [BUILD: Goldmine]
  s=  155 a= 28(BUILD:BigRefinary) r= -4.7301 cum=   -222.14 v= -4.8244 top5=[a43=0.036, a24=0.034, a34=0.033, a39=0.031, a44=0.029] [BUILD FAILED: BigRefinary]
  s=  156 a= 30(BUILD:BigIronmine) r= -0.7322 cum=   -222.87 v= -4.8827 top5=[a43=0.036, a24=0.034, a34=0.033, a39=0.031, a44=0.029] [BUILD: BigIronmine]
  s=  157 a=  1(WEEK) r= -1.1521 cum=   -224.02 v= -4.9413 top5=[a43=0.037, a24=0.034, a34=0.033, a39=0.032, a44=0.029]
  s=  158 a= 25(BUILD:SuperHouse) r= +1.7577 cum=   -222.27 v= -7.3744 top5=[a12=0.041, a32=0.037, a34=0.033, a30=0.032, a9=0.031] [BUILD: SuperHouse]
  s=  159 a=  6(BUILD:SmallHouse) r= -0.6158 cum=   -222.88 v= -7.3999 top5=[a12=0.040, a32=0.037, a34=0.033, a30=0.031, a9=0.031] [BUILD: SmallHouse]
  s=  160 a= 14(BUILD:Road) r= -0.6164 cum=   -223.50 v= -7.2196 top5=[a12=0.040, a32=0.037, a34=0.033, a30=0.031, a9=0.031] [BUILD: Road]
  s=  161 a= 40(MANAGER:6) r= -4.7295 cum=   -228.23 v= -7.0803 top5=[a12=0.039, a32=0.037, a34=0.033, a30=0.031, a9=0.031]
  s=  162 a=  5(BUILD:House) r= -0.6161 cum=   -228.84 v= -6.9494 top5=[a12=0.039, a32=0.038, a34=0.033, a30=0.031, a9=0.031] [BUILD: House]
  s=  163 a= 30(BUILD:BigIronmine) r= -0.6085 cum=   -229.45 v= -6.8323 top5=[a12=0.038, a32=0.038, a34=0.033, a30=0.031, a9=0.030] [BUILD: BigIronmine]
  s=  164 a= 27(BUILD:WaterMill) r= -4.7315 cum=   -234.18 v= -6.7518 top5=[a12=0.038, a32=0.038, a34=0.033, a30=0.031, a9=0.030] [BUILD FAILED: WaterMill]
  s=  165 a= 44(MANAGER:10) r= +0.0863 cum=   -234.10 v= -6.6796 top5=[a32=0.038, a12=0.038, a34=0.032, a30=0.031, a9=0.030]
  s=  166 a=  0(DAY) r= -0.1470 cum=   -234.24 v= -6.6110 top5=[a32=0.038, a12=0.037, a34=0.032, a30=0.031, a9=0.030]
  s=  167 a= 12(BUILD:PowerStation) r= +1.9467 cum=   -232.30 v= -6.5523 top5=[a32=0.038, a12=0.037, a34=0.032, a30=0.031, a9=0.030] [BUILD: PowerStation]
  s=  168 a= 14(BUILD:Road) r= -0.6346 cum=   -232.93 v= -6.6193 top5=[a32=0.038, a12=0.034, a34=0.031, a27=0.030, a43=0.030] [BUILD: Road]
  s=  169 a= 29(BUILD:Puerperal) r= -4.7221 cum=   -237.65 v= -6.6217 top5=[a32=0.038, a12=0.034, a34=0.031, a27=0.030, a43=0.030] [BUILD FAILED: Puerperal]
  s=  170 a= 35(MANAGER:1) r= -0.0442 cum=   -237.70 v= -6.6273 top5=[a32=0.039, a12=0.033, a34=0.031, a27=0.031, a43=0.030]
  s=  171 a= 17(BUILD:HuntingLand) r= -0.6187 cum=   -238.32 v= -6.6391 top5=[a32=0.039, a12=0.033, a34=0.031, a27=0.031, a43=0.031] [BUILD: HuntingLand]
  s=  172 a= 42(MANAGER:8) r= -4.7225 cum=   -243.04 v= -6.6506 top5=[a32=0.039, a12=0.033, a27=0.031, a43=0.031, a34=0.031]
  s=  173 a= 26(BUILD:BigSawmill) r= -0.0339 cum=   -243.07 v= -6.9489 top5=[a32=0.036, a12=0.031, a14=0.031, a43=0.030, a30=0.028] [BUILD: BigSawmill]
  s=  174 a= 32(BUILD:SmallAtomStation) r= -0.9886 cum=   -244.06 v= -7.3363 top5=[a32=0.036, a12=0.034, a43=0.030, a14=0.030, a30=0.028] [BUILD: SmallAtomStation]
  s=  175 a= 14(BUILD:Road) r= -0.0870 cum=   -244.15 v= -7.3956 top5=[a32=0.036, a12=0.033, a43=0.030, a14=0.030, a30=0.028] [BUILD: Road]
  s=  176 a= 44(MANAGER:10) r= +0.1920 cum=   -243.96 v= -8.6358 top5=[a32=0.038, a43=0.032, a12=0.032, a24=0.029, a14=0.029]
  s=  177 a= 34(MANAGER:0) r= -4.7243 cum=   -248.68 v= -8.6132 top5=[a32=0.038, a43=0.033, a12=0.032, a14=0.028, a24=0.028]
  s=  178 a= 14(BUILD:Road) r= -4.7214 cum=   -253.40 v=-10.8549 top5=[a32=0.039, a12=0.035, a43=0.033, a44=0.031, a34=0.030] [BUILD FAILED: Road]
  s=  179 a= 43(MANAGER:9) r= -0.9890 cum=   -254.39 v=-12.4690 top5=[a32=0.042, a43=0.034, a12=0.033, a44=0.032, a24=0.031]
  s=  180 a=  7(BUILD:Sawmill) r= -4.7218 cum=   -259.11 v=-12.4728 top5=[a32=0.042, a43=0.034, a12=0.033, a44=0.032, a24=0.031] [BUILD FAILED: Sawmill]
  s=  181 a= 38(MANAGER:4) r= +0.8905 cum=   -258.22 v=-12.4832 top5=[a32=0.042, a43=0.035, a12=0.033, a44=0.032, a24=0.031]
  s=  182 a= 25(BUILD:SuperHouse) r= -0.9978 cum=   -259.22 v=-10.0102 top5=[a32=0.039, a34=0.037, a12=0.035, a44=0.034, a41=0.033] [BUILD: SuperHouse]
  s=  183 a= 16(BUILD:CoalCut) r= -4.7188 cum=   -263.94 v= -9.7123 top5=[a32=0.039, a12=0.039, a34=0.037, a44=0.034, a41=0.034] [BUILD FAILED: CoalCut]
  s=  184 a= 22(BUILD:Apiary) r= -1.0044 cum=   -264.94 v= -9.1785 top5=[a32=0.039, a12=0.039, a34=0.036, a44=0.034, a41=0.034] [BUILD FAILED: Apiary]
  s=  185 a= 35(MANAGER:1) r= -0.4642 cum=   -265.41 v= -9.1998 top5=[a32=0.039, a12=0.039, a34=0.036, a44=0.034, a41=0.034]
  s=  186 a=  9(BUILD:Ironmine) r= -4.7213 cum=   -270.13 v= -9.2251 top5=[a32=0.039, a12=0.038, a34=0.035, a44=0.034, a41=0.034] [BUILD FAILED: Ironmine]
  s=  187 a=  5(BUILD:House) r= -1.0011 cum=   -271.13 v= -9.2492 top5=[a32=0.039, a12=0.038, a34=0.035, a44=0.034, a41=0.034] [BUILD FAILED: House]
  s=  188 a= 39(MANAGER:5) r= +0.8813 cum=   -270.25 v= -8.5569 top5=[a12=0.047, a32=0.038, a34=0.036, a41=0.033, a44=0.030]
  s=  189 a=  8(BUILD:Coalmine) r= -4.7184 cum=   -274.97 v= -9.1417 top5=[a12=0.045, a34=0.037, a32=0.036, a41=0.033, a44=0.033] [BUILD FAILED: Coalmine]
  s=  190 a= 23(BUILD:Torchlight) r= -1.0261 cum=   -275.99 v= -9.0961 top5=[a12=0.045, a34=0.037, a32=0.036, a41=0.033, a44=0.033] [BUILD FAILED: Torchlight]
  s=  191 a= 36(MANAGER:2) r= +1.6591 cum=   -274.33 v= -9.0626 top5=[a12=0.045, a34=0.037, a32=0.036, a41=0.033, a44=0.033]
  s=  192 a= 38(MANAGER:4) r= -3.8521 cum=   -278.19 v= -8.9733 top5=[a12=0.045, a34=0.037, a32=0.036, a41=0.033, a44=0.033]
  s=  193 a= 30(BUILD:BigIronmine) r= -1.0249 cum=   -279.21 v= -8.6119 top5=[a12=0.045, a32=0.038, a34=0.037, a41=0.034, a44=0.032] [BUILD FAILED: BigIronmine]
  s=  194 a= 21(BUILD:BigFarm) r= -1.0225 cum=   -280.23 v= -8.6186 top5=[a12=0.045, a32=0.038, a34=0.037, a41=0.034, a44=0.032] [BUILD FAILED: BigFarm]
  s=  195 a= 38(MANAGER:4) r= -3.8485 cum=   -284.08 v= -8.6294 top5=[a12=0.045, a32=0.038, a34=0.037, a41=0.034, a44=0.032]
  s=  196 a= 34(MANAGER:0) r= -1.0182 cum=   -285.10 v= -8.6026 top5=[a12=0.046, a32=0.039, a34=0.037, a41=0.033, a44=0.031]
  s=  197 a= 29(BUILD:Puerperal) r= -1.0208 cum=   -286.12 v= -8.6540 top5=[a12=0.045, a32=0.039, a34=0.037, a41=0.034, a44=0.031] [BUILD FAILED: Puerperal]
  s=  198 a=  6(BUILD:SmallHouse) r= -4.7257 cum=   -290.85 v= -8.7078 top5=[a12=0.045, a32=0.039, a34=0.037, a41=0.034, a44=0.031] [BUILD FAILED: SmallHouse]
  s=  199 a= 39(MANAGER:5) r= +0.8575 cum=   -289.99 v= -8.7888 top5=[a12=0.045, a32=0.039, a34=0.037, a41=0.034, a44=0.031]
  s=  200 a= 24(BUILD:Hothouse) r= -1.0287 cum=   -291.02 v= -9.0376 top5=[a12=0.044, a32=0.038, a34=0.036, a41=0.034, a44=0.033] [BUILD FAILED: Hothouse]
    state: year=0 month=10 season=2 money=6477 credit=113624 people=28 busy=1 free=27 home_places=230 need_workers=14 tax_due=0 main_tax_due=0 tax_amount=9754 main_tax_amount=0 days_alive=227 stage=0 res0=0 res1=200 res2=0 res3=0 res4=0 res5=0 res6=0 res7=0 res8=43 Farm=1 Road=5 House=2 SmallHouse=4 Apiary=1 Hothouse=2 AirStation=1 | nw=1483540.7790
  s=  201 a= 10(BUILD:Refinery) r= -4.7230 cum=   -295.74 v= -9.1117 top5=[a12=0.044, a32=0.038, a34=0.036, a41=0.034, a44=0.033] [BUILD FAILED: Refinery]
  s=  202 a=  8(BUILD:Coalmine) r= -1.0286 cum=   -296.77 v= -9.1851 top5=[a12=0.043, a32=0.038, a34=0.036, a41=0.034, a44=0.033] [BUILD FAILED: Coalmine]
  s=  203 a= 33(BUILD:AtomStation) r= -1.0403 cum=   -297.81 v= -9.2583 top5=[a12=0.043, a32=0.038, a34=0.036, a41=0.034, a44=0.033] [BUILD FAILED: AtomStation]
  s=  204 a= 41(MANAGER:7) r= -4.7266 cum=   -302.54 v= -9.3120 top5=[a12=0.043, a32=0.038, a34=0.036, a41=0.034, a44=0.033]
  s=  205 a=  3(BUILD:Farm) r= -1.0429 cum=   -303.58 v= -9.3792 top5=[a12=0.042, a32=0.038, a34=0.036, a41=0.034, a44=0.033] [BUILD FAILED: Farm]
  s=  206 a= 15(BUILD:Fish) r= -1.0388 cum=   -304.62 v= -9.4274 top5=[a12=0.042, a32=0.037, a34=0.035, a41=0.034, a44=0.033] [BUILD FAILED: Fish]
  s=  207 a= 13(BUILD:HydroStation) r= -4.7302 cum=   -309.35 v= -9.4915 top5=[a12=0.042, a32=0.037, a34=0.035, a41=0.034, a44=0.033] [BUILD FAILED: HydroStation]
  s=  208 a= 27(BUILD:WaterMill) r= -1.0423 cum=   -310.39 v= -9.5533 top5=[a12=0.041, a32=0.037, a34=0.035, a41=0.034, a44=0.033] [BUILD FAILED: WaterMill]
  s=  209 a= 12(BUILD:PowerStation) r= +0.1146 cum=   -310.28 v= -9.6281 top5=[a12=0.041, a32=0.037, a34=0.035, a41=0.034, a44=0.033] [BUILD: PowerStation]
  s=  210 a=  2(BUILD:WaterChannel) r= -1.0581 cum=   -311.34 v= -9.6874 top5=[a32=0.038, a12=0.038, a34=0.034, a41=0.034, a44=0.033] [BUILD FAILED: WaterChannel]
  s=  211 a= 41(MANAGER:7) r= -4.7339 cum=   -316.07 v= -9.7842 top5=[a32=0.038, a12=0.038, a34=0.034, a41=0.034, a44=0.033]
  s=  212 a= 11(BUILD:Goldmine) r= -1.0483 cum=   -317.12 v= -9.8755 top5=[a32=0.038, a12=0.037, a34=0.034, a41=0.033, a44=0.033] [BUILD FAILED: Goldmine]
  s=  213 a= 34(MANAGER:0) r= -1.0558 cum=   -318.17 v= -9.9726 top5=[a32=0.038, a12=0.037, a34=0.034, a41=0.033, a44=0.033]
  s=  214 a=  9(BUILD:Ironmine) r= -4.7375 cum=   -322.91 v=-10.0744 top5=[a32=0.038, a12=0.037, a34=0.033, a41=0.033, a44=0.033] [BUILD FAILED: Ironmine]
  s=  215 a= 34(MANAGER:0) r= -1.0549 cum=   -323.97 v=-10.1789 top5=[a32=0.038, a12=0.037, a44=0.033, a41=0.033, a34=0.033]
  s=  216 a= 44(MANAGER:10) r= -0.3537 cum=   -324.32 v=-10.2356 top5=[a12=0.039, a32=0.037, a34=0.034, a44=0.033, a41=0.033]
  s=  217 a= 44(MANAGER:10) r= -4.7394 cum=   -329.06 v=-10.3208 top5=[a12=0.038, a32=0.037, a34=0.033, a44=0.033, a41=0.033]
  s=  218 a= 22(BUILD:Apiary) r= -1.0670 cum=   -330.13 v=-10.4114 top5=[a12=0.038, a32=0.037, a34=0.033, a44=0.033, a41=0.033] [BUILD FAILED: Apiary]
  s=  219 a= 32(BUILD:SmallAtomStation) r= -1.0599 cum=   -331.19 v= -9.0052 top5=[a12=0.049, a32=0.036, a34=0.036, a41=0.032, a44=0.030] [BUILD FAILED: SmallAtomStation]
  s=  220 a= 37(MANAGER:3) r= -4.7429 cum=   -335.93 v= -9.0010 top5=[a12=0.048, a32=0.037, a34=0.036, a41=0.032, a44=0.031]
  s=  221 a= 12(BUILD:PowerStation) r= +0.1082 cum=   -335.82 v= -9.1362 top5=[a12=0.046, a34=0.036, a32=0.036, a44=0.033, a41=0.031] [BUILD: PowerStation]
  s=  222 a= 27(BUILD:WaterMill) r= -1.0522 cum=   -336.87 v= -8.9160 top5=[a12=0.042, a32=0.037, a34=0.035, a44=0.033, a41=0.032] [BUILD FAILED: WaterMill]
  s=  223 a= 34(MANAGER:0) r= -4.7433 cum=   -341.62 v= -8.9983 top5=[a12=0.042, a32=0.037, a34=0.035, a44=0.033, a41=0.032]
  s=  224 a=  3(BUILD:Farm) r= -1.0585 cum=   -342.67 v= -9.0988 top5=[a12=0.042, a32=0.036, a34=0.035, a44=0.033, a41=0.032] [BUILD FAILED: Farm]
  s=  225 a= 33(BUILD:AtomStation) r= -1.0692 cum=   -343.74 v= -9.2001 top5=[a12=0.042, a32=0.036, a34=0.034, a44=0.033, a41=0.032] [BUILD FAILED: AtomStation]
  s=  226 a= 12(BUILD:PowerStation) r= +0.0850 cum=   -343.66 v= -9.3124 top5=[a12=0.042, a32=0.036, a34=0.034, a44=0.033, a41=0.032] [BUILD: PowerStation]
  s=  227 a= 41(MANAGER:7) r= -1.0757 cum=   -344.73 v= -9.2252 top5=[a12=0.039, a32=0.037, a34=0.033, a44=0.032, a41=0.032]
  s=  228 a= 33(BUILD:AtomStation) r= -4.7501 cum=   -349.48 v= -9.5305 top5=[a12=0.042, a32=0.036, a34=0.034, a44=0.033, a41=0.032] [BUILD FAILED: AtomStation]
  s=  229 a= 38(MANAGER:4) r= +0.8248 cum=   -348.66 v= -9.6503 top5=[a12=0.042, a32=0.036, a34=0.034, a44=0.033, a41=0.032]
  s=  230 a= 42(MANAGER:8) r= -1.0788 cum=   -349.74 v= -9.4415 top5=[a12=0.042, a32=0.038, a34=0.034, a41=0.032, a44=0.032]
  s=  231 a= 14(BUILD:Road) r= -4.7475 cum=   -354.49 v= -9.6210 top5=[a12=0.042, a32=0.038, a34=0.034, a41=0.032, a44=0.032] [BUILD FAILED: Road]
  s=  232 a= 32(BUILD:SmallAtomStation) r= -1.0783 cum=   -355.56 v= -9.7971 top5=[a12=0.042, a32=0.038, a34=0.034, a41=0.032, a44=0.032] [BUILD FAILED: SmallAtomStation]
  s=  233 a= 12(BUILD:PowerStation) r= +1.5122 cum=   -354.05 v=-10.1569 top5=[a12=0.045, a32=0.038, a34=0.034, a44=0.032, a41=0.031] [BUILD: PowerStation]
  s=  234 a=  8(BUILD:Coalmine) r= -1.0728 cum=   -355.12 v=-10.1612 top5=[a12=0.042, a32=0.038, a34=0.033, a44=0.032, a41=0.032] [BUILD FAILED: Coalmine]
  s=  235 a= 18(BUILD:CowFarm) r= -4.7445 cum=   -359.87 v=-10.3313 top5=[a12=0.042, a32=0.038, a34=0.033, a44=0.032, a41=0.032] [BUILD FAILED: CowFarm]
  s=  236 a= 16(BUILD:CoalCut) r= -1.0846 cum=   -360.95 v=-10.4977 top5=[a12=0.042, a32=0.038, a34=0.033, a44=0.032, a41=0.032] [BUILD FAILED: CoalCut]
  s=  237 a=  6(BUILD:SmallHouse) r= -1.0910 cum=   -362.04 v=-10.6630 top5=[a12=0.042, a32=0.038, a34=0.033, a44=0.032, a41=0.032] [BUILD FAILED: SmallHouse]
  s=  238 a= 44(MANAGER:10) r= -4.7479 cum=   -366.79 v=-10.8294 top5=[a12=0.042, a32=0.038, a34=0.033, a44=0.033, a43=0.032]
  s=  239 a= 16(BUILD:CoalCut) r= -1.0870 cum=   -367.88 v=-10.9929 top5=[a12=0.042, a32=0.037, a44=0.033, a34=0.033, a43=0.032] [BUILD FAILED: CoalCut]
  s=  240 a= 35(MANAGER:1) r= -1.0914 cum=   -368.97 v=-11.3128 top5=[a12=0.045, a32=0.038, a34=0.033, a44=0.033, a41=0.031]
  s=  241 a= 40(MANAGER:6) r= -4.7512 cum=   -373.72 v=-11.4361 top5=[a12=0.045, a32=0.038, a34=0.033, a44=0.033, a41=0.031]
  s=  242 a= 44(MANAGER:10) r= -0.3840 cum=   -374.11 v=-11.5254 top5=[a12=0.044, a32=0.038, a44=0.033, a34=0.033, a41=0.031]
  s=  243 a= 24(BUILD:Hothouse) r= -1.1001 cum=   -375.21 v=-11.6157 top5=[a12=0.044, a32=0.038, a44=0.033, a34=0.033, a43=0.031] [BUILD FAILED: Hothouse]
  s=  244 a= 43(MANAGER:9) r= -4.7532 cum=   -379.96 v=-11.6796 top5=[a12=0.043, a32=0.038, a44=0.033, a34=0.033, a43=0.032]
  s=  245 a= 10(BUILD:Refinery) r= -1.1065 cum=   -381.07 v=-11.6248 top5=[a12=0.043, a32=0.038, a44=0.033, a43=0.032, a34=0.032] [BUILD FAILED: Refinery]
  s=  246 a= 29(BUILD:Puerperal) r= -1.1024 cum=   -382.17 v=-11.6887 top5=[a12=0.042, a32=0.038, a44=0.033, a43=0.032, a34=0.032] [BUILD FAILED: Puerperal]
  s=  247 a= 23(BUILD:Torchlight) r= -4.7565 cum=   -386.93 v=-11.7578 top5=[a12=0.042, a32=0.038, a44=0.033, a43=0.033, a34=0.032] [BUILD FAILED: Torchlight]
  s=  248 a= 27(BUILD:WaterMill) r= -1.1103 cum=   -388.04 v=-11.8384 top5=[a12=0.041, a32=0.038, a44=0.033, a43=0.033, a34=0.032] [BUILD FAILED: WaterMill]
  s=  249 a=  1(WEEK) r= -4.7568 cum=   -392.79 v=-19.4381 top5=[a12=0.063, a32=0.035, a24=0.032, a43=0.032, a39=0.029]
  s=  250 a= 16(BUILD:CoalCut) r= -4.7539 cum=   -397.55 v=-18.1111 top5=[a12=0.057, a32=0.037, a43=0.036, a24=0.032, a39=0.030] [BUILD FAILED: CoalCut]
    state: year=0 month=12 season=3 money=5615 credit=127049 people=29 busy=1 free=28 home_places=210 need_workers=9 tax_due=0 main_tax_due=0 tax_amount=9342 main_tax_amount=0 days_alive=283 stage=0 res0=0 res1=200 res2=0 res3=0 res4=0 res5=0 res6=0 res7=0 res8=99 Farm=1 Road=9 House=2 SmallHouse=4 Hothouse=2 AirStation=1 | nw=1462017.6697
  s=  251 a= 25(BUILD:SuperHouse) r= -1.1271 cum=   -398.67 v=-18.0963 top5=[a12=0.056, a32=0.037, a43=0.036, a24=0.032, a39=0.030] [BUILD FAILED: SuperHouse]
  s=  252 a= 35(MANAGER:1) r= -1.1257 cum=   -399.80 v=-18.0808 top5=[a12=0.056, a32=0.037, a43=0.036, a24=0.032, a39=0.030]
  s=  253 a= 18(BUILD:CowFarm) r= -4.7573 cum=   -404.56 v=-18.0421 top5=[a12=0.055, a32=0.037, a43=0.036, a24=0.032, a39=0.030] [BUILD FAILED: CowFarm]
  s=  254 a= 39(MANAGER:5) r= +0.7628 cum=   -403.79 v=-17.9975 top5=[a12=0.054, a32=0.037, a43=0.036, a24=0.032, a39=0.030]
  s=  255 a= 17(BUILD:HuntingLand) r= -1.1339 cum=   -404.93 v=-18.0926 top5=[a12=0.054, a32=0.037, a43=0.035, a24=0.032, a14=0.030] [BUILD FAILED: HuntingLand]
  s=  256 a= 34(MANAGER:0) r= -4.7551 cum=   -409.68 v=-18.0661 top5=[a12=0.053, a32=0.037, a43=0.035, a24=0.032, a14=0.030]
  s=  257 a=  1(WEEK) r= -4.7524 cum=   -414.43 v=-18.0386 top5=[a12=0.052, a32=0.037, a43=0.035, a24=0.032, a14=0.030]
  s=  258 a= 24(BUILD:Hothouse) r= -1.1477 cum=   -415.58 v=-17.9086 top5=[a12=0.047, a32=0.039, a43=0.036, a24=0.032, a14=0.031] [BUILD FAILED: Hothouse]
  s=  259 a= 32(BUILD:SmallAtomStation) r= -4.7527 cum=   -420.34 v=-17.9368 top5=[a12=0.046, a32=0.039, a43=0.036, a24=0.032, a14=0.031] [BUILD FAILED: SmallAtomStation]
  s=  260 a= 19(BUILD:Mushroom) r= -1.1616 cum=   -421.50 v=-17.9642 top5=[a12=0.045, a32=0.039, a43=0.036, a24=0.032, a14=0.031] [BUILD FAILED: Mushroom]
  s=  261 a= 11(BUILD:Goldmine) r= -0.2058 cum=   -421.70 v=-17.9905 top5=[a12=0.044, a32=0.039, a43=0.036, a24=0.032, a14=0.031] [BUILD: Goldmine]
  s=  262 a= 34(MANAGER:0) r= -4.7542 cum=   -426.46 v=-18.0154 top5=[a12=0.044, a32=0.039, a43=0.036, a24=0.032, a14=0.031]
  s=  263 a=  8(BUILD:Coalmine) r= -1.1548 cum=   -427.61 v=-18.0392 top5=[a12=0.043, a32=0.039, a43=0.036, a24=0.032, a14=0.031] [BUILD FAILED: Coalmine]
  s=  264 a= 14(BUILD:Road) r= -1.1574 cum=   -428.77 v=-18.0758 top5=[a12=0.042, a32=0.039, a43=0.036, a24=0.032, a14=0.031] [BUILD FAILED: Road]
  s=  265 a= 11(BUILD:Goldmine) r= -4.7576 cum=   -433.53 v=-18.1527 top5=[a12=0.041, a32=0.039, a43=0.036, a24=0.032, a14=0.031] [BUILD FAILED: Goldmine]
  s=  266 a= 39(MANAGER:5) r= +0.7279 cum=   -432.80 v=-18.2489 top5=[a12=0.041, a32=0.039, a43=0.036, a24=0.032, a14=0.031]
  s=  267 a=  8(BUILD:Coalmine) r= -1.1699 cum=   -433.97 v=-18.5725 top5=[a32=0.040, a12=0.039, a43=0.034, a24=0.031, a14=0.030] [BUILD FAILED: Coalmine]
  s=  268 a= 37(MANAGER:3) r= -4.7556 cum=   -438.72 v=-21.1727 top5=[a12=0.073, a32=0.035, a11=0.029, a39=0.029, a43=0.029]
  s=  269 a= 22(BUILD:Apiary) r= -1.1655 cum=   -439.89 v=-20.7049 top5=[a12=0.077, a32=0.035, a11=0.030, a39=0.030, a43=0.029] [BUILD FAILED: Apiary]
  s=  270 a= 43(MANAGER:9) r= -1.1702 cum=   -441.06 v=-20.7868 top5=[a12=0.075, a32=0.035, a11=0.030, a39=0.030, a43=0.029]
  s=  271 a= 16(BUILD:CoalCut) r= -4.7591 cum=   -445.82 v=-20.8605 top5=[a12=0.074, a32=0.035, a11=0.030, a39=0.030, a43=0.029] [BUILD FAILED: CoalCut]
  s=  272 a=  9(BUILD:Ironmine) r= -1.1840 cum=   -447.00 v=-20.9678 top5=[a12=0.073, a32=0.035, a11=0.030, a39=0.030, a43=0.030] [BUILD FAILED: Ironmine]
  s=  273 a= 43(MANAGER:9) r= -1.1762 cum=   -448.18 v=-21.0904 top5=[a12=0.072, a32=0.035, a11=0.030, a39=0.030, a43=0.030]
  s=  274 a= 37(MANAGER:3) r= -4.7625 cum=   -452.94 v=-21.2138 top5=[a12=0.070, a32=0.035, a11=0.030, a43=0.030, a39=0.030]
  s=  275 a= 24(BUILD:Hothouse) r= -1.1808 cum=   -454.12 v=-20.8963 top5=[a12=0.073, a32=0.035, a36=0.031, a11=0.031, a39=0.030] [BUILD FAILED: Hothouse]
  s=  276 a=  3(BUILD:Farm) r= -1.1760 cum=   -455.30 v=-21.0568 top5=[a12=0.071, a32=0.035, a11=0.031, a36=0.031, a39=0.030] [BUILD FAILED: Farm]
  s=  277 a=  4(BUILD:Garden) r= -4.7659 cum=   -460.06 v=-21.2525 top5=[a12=0.070, a32=0.035, a11=0.031, a39=0.031, a36=0.031] [BUILD FAILED: Garden]
  s=  278 a= 20(BUILD:BigHouse) r= -1.1761 cum=   -461.24 v=-21.4475 top5=[a12=0.069, a32=0.034, a11=0.031, a39=0.031, a36=0.031] [BUILD FAILED: BigHouse]
  s=  279 a= 12(BUILD:PowerStation) r= -0.0157 cum=   -461.26 v=-21.6340 top5=[a12=0.068, a32=0.034, a11=0.031, a39=0.031, a43=0.031] [BUILD: PowerStation]
  s=  280 a=  4(BUILD:Garden) r= -1.0170 cum=   -462.27 v=-22.1794 top5=[a12=0.064, a32=0.034, a43=0.031, a14=0.031, a39=0.030] [BUILD FAILED: Garden]
  s=  281 a= 26(BUILD:BigSawmill) r= -4.7694 cum=   -467.04 v=-22.4334 top5=[a12=0.063, a32=0.034, a43=0.031, a14=0.031, a39=0.030] [BUILD FAILED: BigSawmill]
  s=  282 a= 10(BUILD:Refinery) r= -1.1903 cum=   -468.23 v=-22.6754 top5=[a12=0.062, a32=0.034, a43=0.032, a14=0.031, a39=0.030] [BUILD FAILED: Refinery]
  s=  283 a=  8(BUILD:Coalmine) r= -1.1986 cum=   -469.43 v=-22.9055 top5=[a12=0.061, a32=0.034, a43=0.032, a14=0.031, a39=0.030] [BUILD FAILED: Coalmine]
  s=  284 a=  3(BUILD:Farm) r= -4.7727 cum=   -474.20 v=-23.1188 top5=[a12=0.060, a32=0.034, a43=0.032, a14=0.031, a39=0.030] [BUILD FAILED: Farm]
  s=  285 a= 14(BUILD:Road) r= -0.2894 cum=   -474.49 v=-23.3253 top5=[a12=0.059, a32=0.034, a43=0.032, a14=0.031, a39=0.030] [BUILD: Road]
  s=  286 a=  6(BUILD:SmallHouse) r= -1.1988 cum=   -475.69 v=-24.9319 top5=[a12=0.057, a32=0.034, a43=0.033, a11=0.030, a14=0.030] [BUILD FAILED: SmallHouse]
  s=  287 a= 39(MANAGER:5) r= -4.7743 cum=   -480.47 v=-25.1424 top5=[a12=0.056, a32=0.033, a43=0.033, a11=0.030, a14=0.030]
  s=  288 a= 44(MANAGER:10) r= -0.4929 cum=   -480.96 v=-25.3494 top5=[a12=0.055, a32=0.033, a43=0.033, a11=0.030, a14=0.030]
  s=  289 a= 12(BUILD:PowerStation) r= -0.0319 cum=   -480.99 v=-25.5502 top5=[a12=0.054, a32=0.033, a43=0.033, a11=0.030, a14=0.030] [BUILD: PowerStation]
  s=  290 a= 32(BUILD:SmallAtomStation) r= -1.2114 cum=   -482.20 v=-25.9574 top5=[a12=0.050, a32=0.033, a43=0.033, a14=0.031, a11=0.029] [BUILD FAILED: SmallAtomStation]
  s=  291 a= 13(BUILD:HydroStation) r= -4.7767 cum=   -486.98 v=-26.1556 top5=[a12=0.049, a43=0.033, a32=0.033, a14=0.031, a11=0.029] [BUILD FAILED: HydroStation]
  s=  292 a= 36(MANAGER:2) r= -1.2140 cum=   -488.19 v=-26.3181 top5=[a12=0.049, a43=0.034, a32=0.033, a14=0.031, a11=0.030]
  s=  293 a=  1(WEEK) r= -4.7770 cum=   -492.97 v=-26.3576 top5=[a12=0.051, a43=0.034, a32=0.033, a14=0.031, a11=0.030]
  s=  294 a=  2(BUILD:WaterChannel) r= -4.7743 cum=   -497.75 v=-25.3648 top5=[a12=0.078, a32=0.034, a44=0.030, a6=0.030, a39=0.029] [BUILD FAILED: WaterChannel]
  s=  295 a= 12(BUILD:PowerStation) r= -1.2491 cum=   -498.99 v=-25.4623 top5=[a12=0.076, a32=0.034, a44=0.030, a6=0.030, a39=0.029] [BUILD FAILED: PowerStation]
  s=  296 a=  9(BUILD:Ironmine) r= -1.2446 cum=   -500.24 v=-25.5884 top5=[a12=0.075, a32=0.034, a44=0.030, a6=0.030, a43=0.029] [BUILD FAILED: Ironmine]
  s=  297 a= 14(BUILD:Road) r= -4.7777 cum=   -505.02 v=-25.7595 top5=[a12=0.074, a32=0.034, a44=0.030, a6=0.030, a43=0.029] [BUILD FAILED: Road]
  s=  298 a= 33(BUILD:AtomStation) r= -1.2421 cum=   -506.26 v=-25.9243 top5=[a12=0.073, a32=0.033, a44=0.030, a43=0.030, a6=0.029] [BUILD FAILED: AtomStation]
  s=  299 a= 42(MANAGER:8) r= -1.2520 cum=   -507.51 v=-26.1101 top5=[a12=0.071, a32=0.033, a44=0.030, a43=0.030, a39=0.029]
  s=  300 a= 30(BUILD:BigIronmine) r= -4.7811 cum=   -512.29 v=-26.2899 top5=[a12=0.070, a32=0.033, a44=0.030, a43=0.030, a39=0.030] [BUILD FAILED: BigIronmine]
    state: year=1 month=2 season=3 money=95 credit=143485 people=30 busy=1 free=29 home_places=210 need_workers=9 tax_due=0 main_tax_due=0 tax_amount=8922 main_tax_amount=0 days_alive=344 stage=0 res0=0 res1=200 res2=0 res3=0 res4=0 res5=0 res6=0 res7=0 res8=160 Farm=1 Road=11 House=2 SmallHouse=3 Hothouse=2 AirStation=1 | nw=1436143.7281
  s=  301 a= 17(BUILD:HuntingLand) r= -1.2404 cum=   -513.53 v=-26.4668 top5=[a12=0.069, a32=0.033, a44=0.031, a43=0.030, a39=0.030] [BUILD FAILED: HuntingLand]
  s=  302 a=  4(BUILD:Garden) r= -1.0752 cum=   -514.61 v=-26.6396 top5=[a12=0.068, a32=0.033, a44=0.031, a43=0.030, a39=0.030] [BUILD FAILED: Garden]
  s=  303 a= 24(BUILD:Hothouse) r= -4.7841 cum=   -519.39 v=-26.8234 top5=[a12=0.067, a32=0.033, a43=0.031, a44=0.031, a39=0.030] [BUILD FAILED: Hothouse]
  s=  304 a= 16(BUILD:CoalCut) r= -1.2540 cum=   -520.65 v=-27.0230 top5=[a12=0.067, a32=0.033, a43=0.031, a44=0.030, a39=0.030] [BUILD FAILED: CoalCut]
  s=  305 a= 25(BUILD:SuperHouse) r= -1.2706 cum=   -521.92 v=-27.2197 top5=[a12=0.066, a32=0.033, a43=0.031, a44=0.030, a39=0.030] [BUILD FAILED: SuperHouse]
  s=  306 a= 39(MANAGER:5) r= -4.7875 cum=   -526.70 v=-27.4187 top5=[a12=0.065, a32=0.033, a43=0.031, a39=0.031, a44=0.030]
  s=  307 a= 27(BUILD:WaterMill) r= -1.2550 cum=   -527.96 v=-27.6170 top5=[a12=0.064, a32=0.033, a43=0.031, a39=0.031, a44=0.030] [BUILD FAILED: WaterMill]
  s=  308 a=  1(WEEK) r= -4.3245 cum=   -532.28 v=-27.8106 top5=[a12=0.063, a32=0.033, a43=0.032, a39=0.031, a44=0.030]
  s=  309 a= 26(BUILD:BigSawmill) r= -4.7869 cum=   -537.07 v=-28.7479 top5=[a12=0.061, a32=0.033, a43=0.032, a39=0.032, a44=0.030] [BUILD FAILED: BigSawmill]
  s=  310 a= 32(BUILD:SmallAtomStation) r= -1.2813 cum=   -538.35 v=-28.9205 top5=[a12=0.060, a32=0.033, a43=0.032, a39=0.032, a44=0.030] [BUILD FAILED: SmallAtomStation]
  s=  311 a= 12(BUILD:PowerStation) r= -1.2868 cum=   -539.64 v=-29.0960 top5=[a12=0.059, a32=0.033, a43=0.033, a39=0.032, a44=0.030] [BUILD FAILED: PowerStation]
  s=  312 a= 25(BUILD:SuperHouse) r= -4.7903 cum=   -544.43 v=-29.2583 top5=[a12=0.058, a32=0.033, a43=0.033, a39=0.032, a44=0.030] [BUILD FAILED: SuperHouse]
  s=  313 a=  1(WEEK) r= -2.4935 cum=   -546.92 v=-29.4149 top5=[a12=0.057, a32=0.033, a43=0.033, a39=0.032, a44=0.029]
  s=  314 a= 13(BUILD:HydroStation) r= -2.8266 cum=   -549.75 v=-45.1148 top5=[a44=0.032, a16=0.030, a43=0.029, a12=0.029, a9=0.028] [BUILD FAILED: HydroStation]
  s=  315 a= 30(BUILD:BigIronmine) r= -4.7937 cum=   -554.54 v=-44.9174 top5=[a44=0.032, a16=0.029, a43=0.029, a12=0.029, a9=0.028] [BUILD FAILED: BigIronmine]
  s=  316 a= 37(MANAGER:3) r= -4.7911 cum=   -559.33 v=-44.7185 top5=[a44=0.032, a16=0.029, a43=0.029, a12=0.029, a9=0.028]
  s=  317 a= 14(BUILD:Road) r= -2.8252 cum=   -562.16 v=-44.7309 top5=[a44=0.032, a43=0.029, a12=0.029, a34=0.028, a16=0.028] [BUILD FAILED: Road]
  s=  318 a= 37(MANAGER:3) r= -4.7913 cum=   -566.95 v=-44.5310 top5=[a44=0.032, a43=0.029, a12=0.029, a34=0.028, a16=0.028]
  s=  319 a= 14(BUILD:Road) r= -2.8254 cum=   -569.78 v=-44.5899 top5=[a44=0.032, a12=0.029, a43=0.029, a34=0.029, a9=0.028] [BUILD FAILED: Road]
  s=  320 a= 18(BUILD:CowFarm) r= -2.8271 cum=   -572.60 v=-44.3887 top5=[a44=0.032, a12=0.029, a43=0.029, a34=0.029, a9=0.028] [BUILD FAILED: CowFarm]
  s=  321 a= 22(BUILD:Apiary) r= -4.7945 cum=   -577.40 v=-44.1909 top5=[a44=0.032, a12=0.029, a43=0.029, a34=0.029, a9=0.027] [BUILD FAILED: Apiary]
  s=  322 a=  0(DAY) r= -2.8272 cum=   -580.22 v=-43.9880 top5=[a44=0.032, a12=0.029, a43=0.029, a34=0.029, a9=0.027]
  s=  323 a= 18(BUILD:CowFarm) r= -2.8289 cum=   -583.05 v=-43.7827 top5=[a44=0.032, a12=0.029, a43=0.029, a34=0.029, a9=0.027] [BUILD FAILED: CowFarm]
  s=  324 a=  7(BUILD:Sawmill) r= -4.7976 cum=   -587.85 v=-43.5811 top5=[a44=0.032, a43=0.029, a12=0.029, a34=0.029, a9=0.027] [BUILD FAILED: Sawmill]
  s=  325 a= 38(MANAGER:4) r= -2.8291 cum=   -590.68 v=-43.3831 top5=[a44=0.032, a43=0.029, a12=0.029, a34=0.029, a9=0.027]
  s=  326 a= 29(BUILD:Puerperal) r= -2.8308 cum=   -593.51 v=-43.1887 top5=[a44=0.032, a43=0.029, a12=0.029, a34=0.029, a9=0.027] [BUILD FAILED: Puerperal]
  s=  327 a= 33(BUILD:AtomStation) r= -4.8008 cum=   -598.31 v=-42.9977 top5=[a44=0.032, a43=0.029, a12=0.029, a34=0.029, a9=0.027] [BUILD FAILED: AtomStation]
  s=  328 a=  3(BUILD:Farm) r= -2.8310 cum=   -601.14 v=-42.8099 top5=[a44=0.032, a43=0.029, a12=0.029, a34=0.029, a9=0.027] [BUILD FAILED: Farm]
  s=  329 a= 34(MANAGER:0) r= -2.8326 cum=   -603.97 v=-42.6254 top5=[a44=0.032, a43=0.030, a12=0.029, a34=0.029, a9=0.027]
  s=  330 a= 30(BUILD:BigIronmine) r= -4.8039 cum=   -608.78 v=-42.4427 top5=[a44=0.032, a43=0.030, a12=0.029, a34=0.029, a9=0.027] [BUILD FAILED: BigIronmine]
  s=  331 a= 14(BUILD:Road) r= -2.8328 cum=   -611.61 v=-42.2601 top5=[a44=0.032, a43=0.030, a12=0.029, a34=0.029, a9=0.027] [BUILD FAILED: Road]
  s=  332 a=  4(BUILD:Garden) r= -2.6593 cum=   -614.27 v=-42.0805 top5=[a44=0.032, a43=0.030, a12=0.029, a34=0.029, a9=0.027] [BUILD FAILED: Garden]
  s=  333 a= 38(MANAGER:4) r= -4.8072 cum=   -619.08 v=-41.9037 top5=[a44=0.032, a43=0.030, a34=0.029, a12=0.029, a9=0.027]
  s=  334 a=  3(BUILD:Farm) r= -2.8348 cum=   -621.91 v=-41.7269 top5=[a44=0.032, a43=0.030, a34=0.029, a12=0.029, a9=0.027] [BUILD FAILED: Farm]
  s=  335 a= 40(MANAGER:6) r= -2.8365 cum=   -624.75 v=-41.5520 top5=[a44=0.032, a43=0.030, a34=0.029, a12=0.029, a9=0.027]
  s=  336 a= 37(MANAGER:3) r= -4.8104 cum=   -629.56 v=-41.3798 top5=[a44=0.032, a43=0.030, a34=0.029, a12=0.029, a9=0.027]
  s=  337 a= 36(MANAGER:2) r= -2.8367 cum=   -632.40 v=-41.2101 top5=[a44=0.032, a43=0.030, a34=0.029, a12=0.029, a9=0.027]
  s=  338 a= 38(MANAGER:4) r= -2.8383 cum=   -635.23 v=-41.0430 top5=[a44=0.032, a43=0.030, a34=0.029, a12=0.029, a9=0.027]
  s=  339 a=  8(BUILD:Coalmine) r= -4.8135 cum=   -640.05 v=-40.8782 top5=[a44=0.032, a43=0.030, a34=0.029, a12=0.029, a9=0.027] [BUILD FAILED: Coalmine]
  s=  340 a= 21(BUILD:BigFarm) r= -2.8385 cum=   -642.89 v=-40.7147 top5=[a44=0.032, a43=0.030, a34=0.029, a12=0.029, a9=0.027] [BUILD FAILED: BigFarm]
  s=  341 a= 18(BUILD:CowFarm) r= -2.8402 cum=   -645.73 v=-40.5510 top5=[a44=0.032, a43=0.030, a34=0.029, a12=0.029, a9=0.027] [BUILD FAILED: CowFarm]
  s=  342 a= 38(MANAGER:4) r= -4.8167 cum=   -650.54 v=-40.3897 top5=[a44=0.032, a43=0.030, a34=0.029, a12=0.029, a9=0.027]
  s=  343 a=  7(BUILD:Sawmill) r= -2.8404 cum=   -653.38 v=-40.2307 top5=[a44=0.032, a43=0.030, a34=0.029, a12=0.029, a9=0.027] [BUILD FAILED: Sawmill]
  s=  344 a= 42(MANAGER:8) r= -2.8420 cum=   -656.23 v=-40.0739 top5=[a44=0.032, a43=0.030, a34=0.029, a12=0.029, a9=0.027]
  s=  345 a= 20(BUILD:BigHouse) r= -4.8198 cum=   -661.05 v=-39.9193 top5=[a44=0.032, a43=0.030, a34=0.029, a12=0.029, a9=0.027] [BUILD FAILED: BigHouse]
  s=  346 a=  4(BUILD:Garden) r= -2.8423 cum=   -663.89 v=-39.7669 top5=[a44=0.032, a43=0.030, a34=0.029, a12=0.029, a9=0.027] [BUILD FAILED: Garden]
  s=  347 a= 37(MANAGER:3) r= -2.8439 cum=   -666.73 v=-39.6165 top5=[a44=0.032, a43=0.030, a34=0.030, a12=0.028, a9=0.027]
  s=  348 a=  6(BUILD:SmallHouse) r= -4.8230 cum=   -671.56 v=-39.4682 top5=[a44=0.032, a43=0.030, a34=0.030, a12=0.028, a9=0.027] [BUILD FAILED: SmallHouse]
  s=  349 a= 32(BUILD:SmallAtomStation) r= -2.8441 cum=   -674.40 v=-39.3219 top5=[a44=0.032, a43=0.030, a34=0.030, a12=0.028, a9=0.027] [BUILD FAILED: SmallAtomStation]
  s=  350 a= 15(BUILD:Fish) r= -2.8458 cum=   -677.24 v=-39.1775 top5=[a44=0.032, a43=0.030, a34=0.030, a12=0.028, a9=0.027] [BUILD FAILED: Fish]
    state: year=1 month=3 season=0 money=1275 credit=149623 people=31 busy=1 free=30 home_places=190 need_workers=13 tax_due=1 main_tax_due=0 tax_amount=8082 main_tax_amount=0 days_alive=365 stage=0 res0=0 res1=200 res2=0 res3=0 res4=0 res5=0 res6=0 res7=0 res8=181 Farm=1 Road=11 House=2 SmallHouse=1 Hothouse=2 AirStation=1 | nw=1420075.0504
  s=  351 a= 24(BUILD:Hothouse) r= -4.8261 cum=   -682.07 v=-39.0350 top5=[a44=0.032, a43=0.030, a34=0.030, a12=0.028, a9=0.027] [BUILD FAILED: Hothouse]
  s=  352 a= 26(BUILD:BigSawmill) r= -2.8460 cum=   -684.92 v=-38.8943 top5=[a44=0.032, a43=0.030, a34=0.030, a12=0.028, a9=0.027] [BUILD FAILED: BigSawmill]
  s=  353 a= 35(MANAGER:1) r= -2.8476 cum=   -687.76 v=-38.7555 top5=[a44=0.032, a43=0.030, a34=0.030, a12=0.028, a9=0.027]
  s=  354 a=  0(DAY) r= -4.8293 cum=   -692.59 v=-38.6183 top5=[a44=0.032, a43=0.030, a34=0.030, a12=0.028, a9=0.028]
  s=  355 a=  7(BUILD:Sawmill) r= -2.8479 cum=   -695.44 v=-38.4829 top5=[a44=0.032, a43=0.031, a34=0.030, a12=0.028, a9=0.028] [BUILD FAILED: Sawmill]
  s=  356 a= 26(BUILD:BigSawmill) r= -2.8495 cum=   -698.29 v=-38.3492 top5=[a44=0.032, a43=0.031, a34=0.030, a12=0.028, a9=0.028] [BUILD FAILED: BigSawmill]
  s=  357 a= 44(MANAGER:10) r= -4.8325 cum=   -703.12 v=-38.2171 top5=[a44=0.032, a43=0.031, a34=0.030, a12=0.028, a9=0.028]
  s=  358 a=  9(BUILD:Ironmine) r= -2.8497 cum=   -705.97 v=-38.0866 top5=[a44=0.032, a43=0.031, a34=0.030, a12=0.028, a9=0.028] [BUILD FAILED: Ironmine]
  s=  359 a= 36(MANAGER:2) r= -2.8514 cum=   -708.82 v=-37.9577 top5=[a44=0.032, a43=0.031, a34=0.030, a12=0.028, a9=0.028]
  s=  360 a= 40(MANAGER:6) r= -4.8356 cum=   -713.66 v=-37.8303 top5=[a44=0.032, a43=0.031, a34=0.030, a12=0.028, a9=0.028]
  s=  361 a= 24(BUILD:Hothouse) r= -2.8516 cum=   -716.51 v=-37.7044 top5=[a44=0.032, a43=0.031, a34=0.030, a12=0.028, a9=0.028] [BUILD FAILED: Hothouse]
  s=  362 a= 19(BUILD:Mushroom) r= -2.8532 cum=   -719.37 v=-37.5800 top5=[a44=0.032, a43=0.031, a34=0.030, a12=0.028, a9=0.028] [BUILD FAILED: Mushroom]
  s=  363 a= 31(BUILD:AirStation) r= -4.8388 cum=   -724.20 v=-37.4570 top5=[a44=0.032, a43=0.031, a34=0.030, a12=0.028, a9=0.028] [BUILD FAILED: AirStation]
  s=  364 a=  8(BUILD:Coalmine) r= -2.8535 cum=   -727.06 v=-37.3354 top5=[a44=0.032, a43=0.031, a34=0.030, a12=0.028, a9=0.028] [BUILD FAILED: Coalmine]
  s=  365 a= 38(MANAGER:4) r= -2.8551 cum=   -729.91 v=-37.2151 top5=[a44=0.032, a43=0.031, a34=0.030, a12=0.028, a9=0.028]
  s=  366 a=  5(BUILD:House) r= -4.8419 cum=   -734.75 v=-37.0961 top5=[a44=0.032, a43=0.031, a34=0.030, a12=0.028, a9=0.028] [BUILD FAILED: House]
  s=  367 a= 19(BUILD:Mushroom) r= -2.8553 cum=   -737.61 v=-36.9782 top5=[a44=0.032, a43=0.031, a34=0.030, a12=0.028, a9=0.028] [BUILD FAILED: Mushroom]
  s=  368 a= 16(BUILD:CoalCut) r= -2.8570 cum=   -740.47 v=-36.8604 top5=[a44=0.032, a43=0.031, a34=0.030, a12=0.028, a9=0.028] [BUILD FAILED: CoalCut]
  s=  369 a= 30(BUILD:BigIronmine) r= -4.8451 cum=   -745.31 v=-36.7438 top5=[a44=0.032, a43=0.031, a34=0.030, a9=0.028, a12=0.028] [BUILD FAILED: BigIronmine]
  s=  370 a= 43(MANAGER:9) r= -2.8572 cum=   -748.17 v=-36.6285 top5=[a44=0.032, a43=0.031, a34=0.030, a9=0.028, a12=0.028]
  s=  371 a= 41(MANAGER:7) r= -2.8588 cum=   -751.03 v=-36.5145 top5=[a44=0.032, a43=0.031, a34=0.030, a9=0.028, a12=0.028]
  s=  372 a= 26(BUILD:BigSawmill) r= -4.8482 cum=   -755.88 v=-36.3103 top5=[a44=0.032, a43=0.031, a34=0.030, a9=0.028, a12=0.028] [BUILD FAILED: BigSawmill]
    state: year=0 month=3 season=0 money=82000 credit=0 people=28 busy=0 free=28 home_places=50 need_workers=0 tax_due=0 main_tax_due=0 tax_amount=5106 main_tax_amount=0 days_alive=0 stage=0 res0=0 res1=0 res2=0 res3=0 res4=0 res5=0 res6=0 res7=0 res8=0 | nw=1532000.0000
  >>> Ep 2: reward=-755.88, steps=373
  >>> final: year=0 month=3 season=0 money=82000 credit=0 people=28 busy=0 free=28 home_places=50 need_workers=0 tax_due=0 main_tax_due=0 tax_amount=5106 main_tax_amount=0 days_alive=0 stage=0 res0=0 res1=0 res2=0 res3=0 res4=0 res5=0 res6=0 res7=0 res8=0 | nw=1532000.0000
======================================================================
EPISODE 3
======================================================================
init: year=0 month=3 season=0 money=82000 credit=0 people=28 busy=0 free=28 home_places=50 need_workers=0 tax_due=0 main_tax_due=0 tax_amount=5106 main_tax_amount=0 days_alive=0 stage=0 res0=0 res1=0 res2=0 res3=0 res4=0 res5=0 res6=0 res7=0 res8=0 | nw=1532000.0000
  s=    0 a= 10(BUILD:Refinery) r= -0.2908 cum=     -0.29 v= +6.1372 top5=[a9=0.046, a15=0.046, a24=0.042, a25=0.038, a32=0.034] [BUILD: Refinery]
    state: year=0 month=3 season=0 money=82000 credit=0 people=28 busy=0 free=28 home_places=50 need_workers=0 tax_due=0 main_tax_due=0 tax_amount=5106 main_tax_amount=0 days_alive=1 stage=0 res0=0 res1=0 res2=0 res3=0 res4=0 res5=0 res6=0 res7=0 res8=0 | nw=1532000.0000
  s=    1 a= 22(BUILD:Apiary) r= +2.1362 cum=     +1.85 v= +6.0768 top5=[a9=0.046, a15=0.046, a24=0.042, a25=0.038, a32=0.034] [BUILD: Apiary]
  s=    2 a= 13(BUILD:HydroStation) r= +0.2400 cum=     +2.09 v= +8.2437 top5=[a32=0.039, a1=0.034, a19=0.031, a40=0.030, a22=0.030] [BUILD: HydroStation]
  s=    3 a= 14(BUILD:Road) r= +0.6334 cum=     +2.72 v= +8.6083 top5=[a32=0.038, a1=0.036, a22=0.030, a40=0.030, a19=0.029] [BUILD: Road]
  s=    4 a= 14(BUILD:Road) r= +2.0830 cum=     +4.80 v= +8.9283 top5=[a32=0.038, a1=0.036, a22=0.031, a19=0.029, a6=0.029] [BUILD: Road]
  s=    5 a= 35(MANAGER:1) r= -0.2894 cum=     +4.51 v= +9.2800 top5=[a32=0.039, a1=0.035, a22=0.033, a19=0.031, a24=0.030]
  s=    6 a= 24(BUILD:Hothouse) r= +1.7989 cum=     +6.31 v= +9.2095 top5=[a32=0.039, a1=0.035, a22=0.033, a19=0.031, a24=0.030] [BUILD: Hothouse]
  s=    7 a= 32(BUILD:SmallAtomStation) r= -0.2890 cum=     +6.02 v=+10.0260 top5=[a32=0.039, a1=0.035, a22=0.033, a6=0.032, a19=0.032] [BUILD: SmallAtomStation]
  s=    8 a= 26(BUILD:BigSawmill) r= -4.8170 cum=     +1.21 v= +9.9506 top5=[a32=0.039, a1=0.035, a22=0.034, a6=0.032, a19=0.032] [BUILD FAILED: BigSawmill]
  s=    9 a= 30(BUILD:BigIronmine) r= -0.2889 cum=     +0.92 v= +9.8806 top5=[a32=0.039, a1=0.035, a22=0.034, a6=0.032, a19=0.032] [BUILD: BigIronmine]
  s=   10 a= 30(BUILD:BigIronmine) r= -0.2889 cum=     +0.63 v= +9.8152 top5=[a32=0.039, a1=0.035, a22=0.034, a6=0.032, a19=0.032] [BUILD: BigIronmine]
  s=   11 a= 13(BUILD:HydroStation) r= +4.8162 cum=     +5.44 v= +9.5715 top5=[a32=0.037, a1=0.035, a22=0.033, a19=0.031, a6=0.031] [BUILD: HydroStation]
  s=   12 a=  6(BUILD:SmallHouse) r= -0.2962 cum=     +5.15 v= +8.3330 top5=[a32=0.037, a1=0.035, a6=0.031, a22=0.031, a24=0.030] [BUILD: SmallHouse]
  s=   13 a= 18(BUILD:CowFarm) r= -4.7863 cum=     +0.36 v= +7.6597 top5=[a32=0.037, a1=0.036, a6=0.031, a22=0.030, a15=0.029] [BUILD FAILED: CowFarm]
  s=   14 a= 22(BUILD:Apiary) r= +2.1015 cum=     +2.46 v= +7.6521 top5=[a32=0.037, a1=0.035, a6=0.031, a22=0.031, a15=0.029] [BUILD: Apiary]
  s=   15 a= 34(MANAGER:0) r= -0.2956 cum=     +2.17 v= +7.3887 top5=[a32=0.036, a1=0.034, a6=0.032, a22=0.032, a15=0.030]
  s=   16 a=  7(BUILD:Sawmill) r= -4.7759 cum=     -2.61 v= +7.4000 top5=[a32=0.036, a1=0.034, a6=0.032, a22=0.032, a15=0.030] [BUILD FAILED: Sawmill]
  s=   17 a= 25(BUILD:SuperHouse) r= -0.2919 cum=     -2.90 v= +7.3915 top5=[a32=0.035, a1=0.034, a6=0.032, a22=0.032, a15=0.030] [BUILD: SuperHouse]
  s=   18 a=  5(BUILD:House) r= -0.2956 cum=     -3.20 v= +7.3872 top5=[a32=0.035, a1=0.033, a6=0.032, a22=0.032, a15=0.030] [BUILD: House]
  s=   19 a= 41(MANAGER:7) r= -4.7756 cum=     -7.97 v= +7.3928 top5=[a32=0.035, a1=0.033, a6=0.032, a22=0.032, a15=0.030]
  s=   20 a= 23(BUILD:Torchlight) r= -0.2937 cum=     -8.27 v= +7.5510 top5=[a22=0.034, a32=0.033, a34=0.032, a3=0.032, a6=0.032] [BUILD: Torchlight]
  s=   21 a= 25(BUILD:SuperHouse) r= -0.2937 cum=     -8.56 v= +7.5350 top5=[a22=0.034, a32=0.033, a34=0.032, a3=0.032, a6=0.032] [BUILD: SuperHouse]
  s=   22 a= 43(MANAGER:9) r= -4.7752 cum=    -13.33 v= +7.5202 top5=[a22=0.034, a32=0.033, a34=0.032, a3=0.032, a6=0.032]
  s=   23 a= 27(BUILD:WaterMill) r= -0.2936 cum=    -13.63 v= +7.5099 top5=[a22=0.034, a32=0.033, a34=0.032, a3=0.032, a19=0.032] [BUILD: WaterMill]
  s=   24 a= 23(BUILD:Torchlight) r= -0.2937 cum=    -13.92 v= +7.5015 top5=[a22=0.034, a32=0.033, a34=0.032, a19=0.032, a3=0.031] [BUILD: Torchlight]
  s=   25 a= 13(BUILD:HydroStation) r= -4.7749 cum=    -18.70 v= +7.4931 top5=[a22=0.034, a32=0.032, a34=0.032, a19=0.032, a3=0.031] [BUILD FAILED: HydroStation]
  s=   26 a= 40(MANAGER:6) r= +0.2811 cum=    -18.42 v= +8.2994 top5=[a22=0.034, a34=0.034, a32=0.033, a36=0.030, a19=0.030]
  s=   27 a= 19(BUILD:Mushroom) r= -0.3028 cum=    -18.72 v= +5.3881 top5=[a6=0.034, a34=0.034, a32=0.033, a36=0.033, a1=0.032] [BUILD: Mushroom]
  s=   28 a= 39(MANAGER:5) r= +2.0829 cum=    -16.64 v= +5.2364 top5=[a34=0.034, a6=0.033, a1=0.033, a36=0.032, a24=0.032]
  s=   29 a= 39(MANAGER:5) r= -0.3049 cum=    -16.94 v= +5.0129 top5=[a6=0.033, a36=0.033, a1=0.033, a34=0.032, a32=0.032]
  s=   30 a= 43(MANAGER:9) r= -0.3003 cum=    -17.24 v= +5.0187 top5=[a36=0.034, a6=0.033, a1=0.033, a34=0.032, a32=0.032]
  s=   31 a= 26(BUILD:BigSawmill) r= -4.7660 cum=    -22.01 v= +3.8798 top5=[a34=0.036, a6=0.035, a1=0.032, a32=0.032, a3=0.029] [BUILD FAILED: BigSawmill]
  s=   32 a= 14(BUILD:Road) r= +0.6082 cum=    -21.40 v= +4.0038 top5=[a34=0.036, a6=0.035, a32=0.032, a1=0.032, a24=0.029] [BUILD: Road]
  s=   33 a= 20(BUILD:BigHouse) r= -0.3029 cum=    -21.70 v= +3.9074 top5=[a34=0.038, a6=0.034, a3=0.032, a32=0.031, a1=0.031] [BUILD: BigHouse]
  s=   34 a= 42(MANAGER:8) r= -4.7631 cum=    -26.46 v= +3.9948 top5=[a34=0.038, a6=0.034, a3=0.032, a32=0.031, a1=0.031]
  s=   35 a= 43(MANAGER:9) r= +0.1949 cum=    -26.27 v= -0.1817 top5=[a24=0.035, a6=0.034, a1=0.033, a32=0.031, a40=0.028]
  s=   36 a= 14(BUILD:Road) r= -0.3139 cum=    -26.58 v= +4.4329 top5=[a34=0.037, a32=0.032, a1=0.031, a6=0.031, a24=0.031] [BUILD: Road]
  s=   37 a= 28(BUILD:BigRefinary) r= -4.7616 cum=    -31.34 v= +3.6260 top5=[a34=0.033, a1=0.032, a24=0.031, a6=0.029, a32=0.029] [BUILD FAILED: BigRefinary]
  s=   38 a= 11(BUILD:Goldmine) r= -0.2839 cum=    -31.63 v= +3.2876 top5=[a34=0.032, a1=0.032, a24=0.031, a6=0.030, a43=0.029] [BUILD: Goldmine]
  s=   39 a= 36(MANAGER:2) r= +0.2231 cum=    -31.41 v= +4.0354 top5=[a34=0.035, a1=0.032, a24=0.031, a30=0.030, a6=0.029]
  s=   40 a= 40(MANAGER:6) r= -4.7600 cum=    -36.17 v= +3.8717 top5=[a34=0.034, a1=0.032, a30=0.032, a24=0.031, a43=0.030]
  s=   41 a= 13(BUILD:HydroStation) r= -0.3291 cum=    -36.49 v= +3.3011 top5=[a1=0.032, a30=0.032, a34=0.032, a24=0.030, a43=0.030] [BUILD: HydroStation]
  s=   42 a= 43(MANAGER:9) r= +0.1471 cum=    -36.35 v= +3.3918 top5=[a30=0.033, a1=0.032, a34=0.032, a24=0.030, a43=0.030]
  s=   43 a= 25(BUILD:SuperHouse) r= -4.7587 cum=    -41.11 v= +3.4754 top5=[a30=0.033, a1=0.032, a34=0.032, a24=0.031, a43=0.030] [BUILD FAILED: SuperHouse]
  s=   44 a= 36(MANAGER:2) r= +0.2104 cum=    -40.90 v= +3.5624 top5=[a30=0.033, a1=0.032, a34=0.032, a24=0.031, a43=0.030]
  s=   45 a= 30(BUILD:BigIronmine) r= -0.3300 cum=    -41.23 v= +3.6270 top5=[a30=0.033, a1=0.032, a34=0.032, a24=0.031, a43=0.030] [BUILD: BigIronmine]
  s=   46 a= 14(BUILD:Road) r= -4.7573 cum=    -45.98 v= +3.6895 top5=[a30=0.033, a1=0.032, a34=0.032, a24=0.031, a43=0.030] [BUILD FAILED: Road]
  s=   47 a=  2(BUILD:WaterChannel) r= -0.3333 cum=    -46.32 v= +3.7527 top5=[a30=0.033, a1=0.032, a34=0.032, a24=0.031, a43=0.030] [BUILD: WaterChannel]
  s=   48 a=  8(BUILD:Coalmine) r= -0.3287 cum=    -46.65 v= +3.8059 top5=[a30=0.033, a1=0.032, a34=0.032, a24=0.031, a36=0.031] [BUILD: Coalmine]
  s=   49 a=  2(BUILD:WaterChannel) r= -4.7573 cum=    -51.40 v= +3.8558 top5=[a30=0.033, a1=0.032, a34=0.032, a24=0.031, a36=0.031] [BUILD FAILED: WaterChannel]
  s=   50 a= 43(MANAGER:9) r= -0.3287 cum=    -51.73 v= +3.9010 top5=[a30=0.033, a1=0.032, a34=0.032, a24=0.031, a36=0.031]
    state: year=0 month=4 season=0 money=103 credit=0 people=28 busy=0 free=28 home_places=150 need_workers=5 tax_due=0 main_tax_due=0 tax_amount=8478 main_tax_amount=0 days_alive=51 stage=0 res0=0 res1=200 res2=0 res3=0 res4=0 res5=0 res6=0 res7=0 res8=0 House=2 SmallHouse=3 Apiary=2 Hothouse=1 | nw=1531179.0895
  s=   51 a=  7(BUILD:Sawmill) r= -0.3379 cum=    -52.07 v= +3.9462 top5=[a30=0.033, a1=0.032, a24=0.032, a36=0.032, a34=0.031] [BUILD: Sawmill]
  s=   52 a= 19(BUILD:Mushroom) r= -4.7573 cum=    -56.83 v= +4.0144 top5=[a30=0.033, a1=0.032, a36=0.032, a24=0.032, a34=0.031] [BUILD FAILED: Mushroom]
  s=   53 a= 20(BUILD:BigHouse) r= -0.3346 cum=    -57.16 v= +4.0872 top5=[a30=0.033, a36=0.032, a24=0.032, a1=0.032, a34=0.031] [BUILD: BigHouse]
  s=   54 a= 28(BUILD:BigRefinary) r= -0.3287 cum=    -57.49 v= +4.1629 top5=[a30=0.033, a36=0.032, a24=0.032, a1=0.032, a34=0.031] [BUILD: BigRefinary]
  s=   55 a= 27(BUILD:WaterMill) r= -4.7573 cum=    -62.25 v= +4.2561 top5=[a30=0.033, a36=0.033, a24=0.032, a1=0.032, a34=0.031] [BUILD FAILED: WaterMill]
  s=   56 a= 43(MANAGER:9) r= -0.3333 cum=    -62.58 v= +4.3394 top5=[a30=0.033, a36=0.033, a24=0.032, a1=0.031, a34=0.031]
  s=   57 a= 33(BUILD:AtomStation) r= -0.3287 cum=    -62.91 v= +4.4151 top5=[a30=0.033, a36=0.033, a24=0.033, a1=0.031, a34=0.031] [BUILD: AtomStation]
  s=   58 a= 28(BUILD:BigRefinary) r= -4.7573 cum=    -67.67 v= +4.4825 top5=[a36=0.034, a30=0.033, a24=0.033, a1=0.031, a34=0.031] [BUILD FAILED: BigRefinary]
  s=   59 a= 34(MANAGER:0) r= -0.3281 cum=    -67.99 v= +4.5173 top5=[a36=0.034, a30=0.034, a24=0.033, a1=0.031, a25=0.031]
  s=   60 a= 27(BUILD:WaterMill) r= -0.3241 cum=    -68.32 v= +4.5470 top5=[a36=0.034, a30=0.034, a24=0.033, a1=0.031, a25=0.031] [BUILD: WaterMill]
  s=   61 a= 32(BUILD:SmallAtomStation) r= -4.7573 cum=    -73.08 v= +2.2244 top5=[a34=0.034, a1=0.031, a30=0.031, a24=0.030, a43=0.029] [BUILD FAILED: SmallAtomStation]
  s=   62 a= 25(BUILD:SuperHouse) r= -0.3378 cum=    -73.41 v= +2.4128 top5=[a34=0.034, a30=0.031, a1=0.031, a24=0.030, a43=0.030] [BUILD: SuperHouse]
  s=   63 a=  1(WEEK) r= -0.1269 cum=    -73.54 v= +2.5930 top5=[a34=0.034, a30=0.031, a1=0.031, a24=0.030, a43=0.030]
  s=   64 a= 44(MANAGER:10) r= -4.3752 cum=    -77.92 v= +3.5920 top5=[a34=0.033, a30=0.032, a1=0.031, a24=0.030, a43=0.030]
  s=   65 a=  0(DAY) r= +0.1469 cum=    -77.77 v= +3.6975 top5=[a34=0.033, a30=0.032, a1=0.031, a24=0.031, a43=0.030]
  s=   66 a= 33(BUILD:AtomStation) r= -0.3288 cum=    -78.10 v= +3.7946 top5=[a34=0.033, a30=0.032, a1=0.031, a24=0.031, a43=0.030] [BUILD: AtomStation]
  s=   67 a= 39(MANAGER:5) r= -4.7569 cum=    -82.85 v= +3.8860 top5=[a34=0.033, a30=0.032, a1=0.031, a24=0.031, a43=0.030]
  s=   68 a= 27(BUILD:WaterMill) r= -0.3299 cum=    -83.18 v= +3.9439 top5=[a34=0.033, a30=0.032, a1=0.031, a24=0.031, a43=0.029] [BUILD: WaterMill]
  s=   69 a= 23(BUILD:Torchlight) r= -0.3287 cum=    -83.51 v= +3.9872 top5=[a34=0.033, a30=0.032, a24=0.031, a1=0.031, a6=0.029] [BUILD: Torchlight]
  s=   70 a=  6(BUILD:SmallHouse) r= -4.7569 cum=    -88.27 v= +4.0301 top5=[a34=0.033, a30=0.032, a24=0.031, a1=0.031, a36=0.030] [BUILD FAILED: SmallHouse]
  s=   71 a= 10(BUILD:Refinery) r= -0.3299 cum=    -88.60 v= +4.0807 top5=[a34=0.032, a30=0.032, a24=0.031, a1=0.031, a36=0.030] [BUILD: Refinery]
  s=   72 a= 23(BUILD:Torchlight) r= -0.3269 cum=    -88.93 v= +4.1295 top5=[a34=0.032, a30=0.032, a24=0.031, a1=0.031, a36=0.030] [BUILD: Torchlight]
  s=   73 a= 16(BUILD:CoalCut) r= -4.7569 cum=    -93.68 v= +4.1750 top5=[a34=0.032, a30=0.032, a24=0.031, a36=0.031, a1=0.031] [BUILD FAILED: CoalCut]
  s=   74 a= 11(BUILD:Goldmine) r= -0.3250 cum=    -94.01 v= +4.2136 top5=[a30=0.032, a34=0.032, a24=0.032, a36=0.031, a1=0.031] [BUILD: Goldmine]
  s=   75 a= 35(MANAGER:1) r= +0.3186 cum=    -93.69 v= +4.2834 top5=[a30=0.032, a34=0.032, a24=0.032, a36=0.031, a1=0.031]
  s=   76 a=  1(WEEK) r= -4.7552 cum=    -98.45 v= +4.3368 top5=[a30=0.032, a24=0.032, a34=0.032, a36=0.032, a1=0.030]
  s=   77 a= 26(BUILD:BigSawmill) r= -0.3304 cum=    -98.78 v= +4.7522 top5=[a24=0.034, a36=0.033, a30=0.033, a25=0.031, a34=0.031] [BUILD: BigSawmill]
  s=   78 a= 15(BUILD:Fish) r= -0.3317 cum=    -99.11 v= +4.7461 top5=[a24=0.034, a36=0.033, a30=0.033, a25=0.031, a34=0.030] [BUILD: Fish]
  s=   79 a=  1(WEEK) r= -4.6129 cum=   -103.72 v= +4.7203 top5=[a24=0.034, a36=0.034, a30=0.033, a25=0.031, a34=0.030]
  s=   80 a= 31(BUILD:AirStation) r= -0.3286 cum=   -104.05 v= +1.2674 top5=[a24=0.034, a30=0.033, a34=0.033, a15=0.033, a43=0.031] [BUILD: AirStation]
  s=   81 a= 10(BUILD:Refinery) r= -0.3286 cum=   -104.38 v= +1.2776 top5=[a24=0.033, a30=0.033, a34=0.033, a15=0.032, a43=0.031] [BUILD: Refinery]
  s=   82 a= 34(MANAGER:0) r= -4.7557 cum=   -109.13 v= +1.2828 top5=[a24=0.033, a30=0.033, a34=0.033, a15=0.032, a43=0.031]
  s=   83 a= 20(BUILD:BigHouse) r= -0.3241 cum=   -109.46 v= +1.2926 top5=[a24=0.033, a30=0.033, a34=0.033, a15=0.032, a43=0.031] [BUILD: BigHouse]
  s=   84 a= 26(BUILD:BigSawmill) r= -0.3286 cum=   -109.79 v= +1.3057 top5=[a24=0.033, a30=0.033, a34=0.033, a15=0.032, a43=0.030] [BUILD: BigSawmill]
  s=   85 a=  7(BUILD:Sawmill) r= -4.7557 cum=   -114.54 v= +1.3094 top5=[a24=0.033, a30=0.033, a34=0.033, a15=0.032, a43=0.030] [BUILD FAILED: Sawmill]
  s=   86 a=  9(BUILD:Ironmine) r= -0.3286 cum=   -114.87 v= +1.3195 top5=[a24=0.033, a30=0.033, a34=0.033, a15=0.032, a43=0.030] [BUILD: Ironmine]
  s=   87 a= 43(MANAGER:9) r= +0.6223 cum=   -114.25 v= +1.3309 top5=[a24=0.033, a30=0.033, a34=0.033, a15=0.032, a43=0.030]
  s=   88 a=  6(BUILD:SmallHouse) r= -4.7532 cum=   -119.00 v= +1.3423 top5=[a24=0.033, a34=0.033, a30=0.033, a15=0.032, a43=0.030] [BUILD FAILED: SmallHouse]
  s=   89 a=  1(WEEK) r= -0.1030 cum=   -119.10 v= +1.3478 top5=[a24=0.033, a34=0.033, a30=0.033, a15=0.031, a25=0.030]
  s=   90 a= 41(MANAGER:7) r= -0.3284 cum=   -119.43 v= +1.0908 top5=[a34=0.033, a24=0.033, a30=0.033, a15=0.031, a25=0.030]
  s=   91 a=  0(DAY) r= -4.6059 cum=   -124.04 v= +1.0112 top5=[a34=0.033, a24=0.033, a30=0.032, a15=0.031, a25=0.030]
  s=   92 a= 39(MANAGER:5) r= -0.3239 cum=   -124.36 v= +0.9175 top5=[a34=0.033, a24=0.033, a30=0.032, a15=0.031, a25=0.030]
  s=   93 a= 32(BUILD:SmallAtomStation) r= -0.3267 cum=   -124.69 v= +0.8086 top5=[a34=0.033, a24=0.033, a30=0.032, a15=0.031, a25=0.030] [BUILD: SmallAtomStation]
  s=   94 a= 41(MANAGER:7) r= -4.7532 cum=   -129.44 v= +0.6779 top5=[a34=0.033, a24=0.033, a30=0.032, a25=0.030, a15=0.030]
  s=   95 a=  8(BUILD:Coalmine) r= -0.3192 cum=   -129.76 v= +0.5442 top5=[a24=0.033, a34=0.033, a30=0.032, a25=0.031, a15=0.030] [BUILD: Coalmine]
  s=   96 a= 33(BUILD:AtomStation) r= -0.3285 cum=   -130.09 v= +0.4203 top5=[a24=0.033, a34=0.033, a30=0.032, a25=0.031, a15=0.030] [BUILD: AtomStation]
  s=   97 a= 36(MANAGER:2) r= -4.5598 cum=   -134.65 v= +0.3195 top5=[a24=0.033, a34=0.033, a30=0.032, a25=0.031, a15=0.030]
  s=   98 a= 32(BUILD:SmallAtomStation) r= -0.3266 cum=   -134.98 v= +0.2188 top5=[a24=0.033, a34=0.033, a30=0.032, a25=0.031, a15=0.030] [BUILD: SmallAtomStation]
  s=   99 a= 30(BUILD:BigIronmine) r= -0.3285 cum=   -135.30 v= +0.1109 top5=[a24=0.033, a34=0.033, a30=0.032, a25=0.031, a15=0.030] [BUILD: BigIronmine]
  s=  100 a=  6(BUILD:SmallHouse) r= -4.7539 cum=   -140.06 v= +0.0050 top5=[a24=0.033, a34=0.033, a30=0.031, a25=0.031, a15=0.029] [BUILD FAILED: SmallHouse]
    state: year=0 month=6 season=1 money=0 credit=0 people=28 busy=0 free=28 home_places=230 need_workers=14 tax_due=0 main_tax_due=0 tax_amount=8478 main_tax_amount=0 days_alive=119 stage=0 res0=0 res1=200 res2=0 res3=0 res4=0 res5=0 res6=0 res7=0 res8=0 House=2 SmallHouse=3 Apiary=2 Hothouse=1 | nw=1530015.7002
  s=  101 a= 30(BUILD:BigIronmine) r= -0.3284 cum=   -140.39 v= -0.1055 top5=[a24=0.034, a34=0.033, a30=0.031, a25=0.031, a15=0.029] [BUILD: BigIronmine]
  s=  102 a= 21(BUILD:BigFarm) r= -0.3260 cum=   -140.71 v= -0.2156 top5=[a24=0.034, a34=0.033, a30=0.031, a25=0.031, a43=0.029] [BUILD: BigFarm]
  s=  103 a= 25(BUILD:SuperHouse) r= -4.7539 cum=   -145.47 v= -0.3256 top5=[a24=0.034, a34=0.033, a30=0.031, a25=0.031, a43=0.029] [BUILD FAILED: SuperHouse]
  s=  104 a= 39(MANAGER:5) r= -0.3221 cum=   -145.79 v= +0.5815 top5=[a24=0.033, a34=0.033, a30=0.032, a15=0.031, a43=0.030]
  s=  105 a= 38(MANAGER:4) r= +1.5740 cum=   -144.22 v= +0.6184 top5=[a24=0.033, a34=0.033, a30=0.032, a15=0.031, a43=0.030]
  s=  106 a= 43(MANAGER:9) r= -4.7477 cum=   -148.96 v= +0.8842 top5=[a34=0.034, a24=0.033, a30=0.032, a15=0.032, a43=0.030]
  s=  107 a= 36(MANAGER:2) r= -0.3280 cum=   -149.29 v= +0.8839 top5=[a34=0.034, a24=0.033, a30=0.032, a15=0.031, a43=0.030]
  s=  108 a= 34(MANAGER:0) r= -0.3281 cum=   -149.62 v= +0.8887 top5=[a34=0.034, a24=0.033, a30=0.032, a15=0.031, a43=0.030]
  s=  109 a= 14(BUILD:Road) r= -4.7478 cum=   -154.37 v= +0.8933 top5=[a34=0.034, a24=0.033, a30=0.032, a15=0.031, a43=0.030] [BUILD FAILED: Road]
  s=  110 a=  6(BUILD:SmallHouse) r= -0.3280 cum=   -154.70 v= +0.8930 top5=[a34=0.035, a24=0.033, a30=0.032, a15=0.031, a43=0.030] [BUILD: SmallHouse]
  s=  111 a=  0(DAY) r= +0.1511 cum=   -154.54 v= +0.8861 top5=[a34=0.035, a24=0.033, a30=0.032, a15=0.031, a43=0.030]
  s=  112 a= 39(MANAGER:5) r= -3.1761 cum=   -157.72 v= +0.8538 top5=[a34=0.035, a24=0.033, a30=0.032, a15=0.031, a43=0.030]
  s=  113 a= 22(BUILD:Apiary) r= -0.3282 cum=   -158.05 v= +0.5852 top5=[a34=0.033, a24=0.033, a30=0.032, a15=0.030, a43=0.030] [BUILD: Apiary]
  s=  114 a= 34(MANAGER:0) r= -0.3283 cum=   -158.38 v= +0.5384 top5=[a34=0.033, a24=0.033, a30=0.032, a15=0.030, a43=0.029]
  s=  115 a=  4(BUILD:Garden) r= -4.7505 cum=   -163.13 v= +0.4923 top5=[a34=0.033, a24=0.033, a30=0.032, a15=0.030, a25=0.029] [BUILD FAILED: Garden]
  s=  116 a= 10(BUILD:Refinery) r= -0.3269 cum=   -163.45 v= +0.4379 top5=[a34=0.033, a24=0.033, a30=0.031, a15=0.030, a25=0.029] [BUILD: Refinery]
  s=  117 a= 38(MANAGER:4) r= +1.5716 cum=   -161.88 v= +0.3869 top5=[a34=0.033, a24=0.033, a30=0.031, a15=0.030, a25=0.029]
  s=  118 a= 17(BUILD:HuntingLand) r= -4.7445 cum=   -166.63 v= +0.3971 top5=[a34=0.035, a24=0.033, a30=0.032, a15=0.030, a43=0.029] [BUILD FAILED: HuntingLand]
  s=  119 a= 36(MANAGER:2) r= -0.3247 cum=   -166.95 v= +0.2849 top5=[a34=0.035, a24=0.033, a30=0.032, a15=0.030, a43=0.029]
  s=  120 a= 22(BUILD:Apiary) r= -0.3279 cum=   -167.28 v= +0.1482 top5=[a34=0.035, a24=0.033, a30=0.032, a15=0.030, a43=0.029] [BUILD: Apiary]
  s=  121 a= 31(BUILD:AirStation) r= -4.7446 cum=   -172.02 v= -0.0018 top5=[a34=0.035, a24=0.033, a30=0.032, a15=0.029, a43=0.029] [BUILD FAILED: AirStation]
  s=  122 a= 18(BUILD:CowFarm) r= -0.3247 cum=   -172.35 v= -0.1559 top5=[a34=0.035, a24=0.033, a30=0.032, a15=0.029, a25=0.029] [BUILD: CowFarm]
  s=  123 a=  2(BUILD:WaterChannel) r= -0.3215 cum=   -172.67 v= -0.3082 top5=[a34=0.035, a24=0.033, a30=0.032, a25=0.029, a15=0.029] [BUILD: WaterChannel]
  s=  124 a= 40(MANAGER:6) r= -4.7447 cum=   -177.42 v= -0.4554 top5=[a34=0.035, a24=0.033, a30=0.031, a25=0.029, a15=0.029]
  s=  125 a= 43(MANAGER:9) r= -0.3260 cum=   -177.74 v= -0.6026 top5=[a34=0.035, a24=0.033, a30=0.031, a25=0.030, a43=0.029]
  s=  126 a= 11(BUILD:Goldmine) r= -0.3261 cum=   -178.07 v= -0.7368 top5=[a34=0.035, a24=0.033, a30=0.031, a25=0.030, a43=0.029] [BUILD: Goldmine]
  s=  127 a=  8(BUILD:Coalmine) r= -4.7448 cum=   -182.81 v= -0.8602 top5=[a34=0.035, a24=0.033, a30=0.031, a25=0.030, a43=0.029] [BUILD FAILED: Coalmine]
  s=  128 a= 11(BUILD:Goldmine) r= -0.3278 cum=   -183.14 v= -0.9886 top5=[a34=0.035, a24=0.033, a30=0.031, a25=0.030, a43=0.029] [BUILD: Goldmine]
  s=  129 a= 30(BUILD:BigIronmine) r= -0.3261 cum=   -183.47 v= -1.1232 top5=[a34=0.035, a24=0.033, a30=0.031, a25=0.030, a43=0.029] [BUILD: BigIronmine]
  s=  130 a= 36(MANAGER:2) r= -4.7449 cum=   -188.21 v= -1.2602 top5=[a34=0.035, a24=0.033, a30=0.031, a25=0.030, a43=0.029]
  s=  131 a=  8(BUILD:Coalmine) r= -0.3278 cum=   -188.54 v= -1.3835 top5=[a34=0.035, a24=0.033, a30=0.030, a25=0.030, a43=0.029] [BUILD: Coalmine]
  s=  132 a=  2(BUILD:WaterChannel) r= -0.3266 cum=   -188.87 v= -1.4976 top5=[a34=0.035, a24=0.033, a30=0.030, a25=0.030, a43=0.029] [BUILD: WaterChannel]
  s=  133 a= 25(BUILD:SuperHouse) r= -4.7450 cum=   -193.61 v= -1.6082 top5=[a34=0.035, a24=0.033, a30=0.030, a25=0.030, a43=0.029] [BUILD FAILED: SuperHouse]
  s=  134 a= 24(BUILD:Hothouse) r= -0.3266 cum=   -193.94 v= -1.7122 top5=[a34=0.035, a24=0.033, a30=0.030, a25=0.030, a43=0.030] [BUILD: Hothouse]
  s=  135 a= 25(BUILD:SuperHouse) r= -0.3266 cum=   -194.26 v= +0.2810 top5=[a34=0.035, a24=0.033, a30=0.032, a15=0.031, a43=0.030] [BUILD: SuperHouse]
  s=  136 a= 34(MANAGER:0) r= -4.7451 cum=   -199.01 v= +0.2796 top5=[a34=0.035, a24=0.033, a30=0.031, a15=0.031, a43=0.030]
  s=  137 a=  8(BUILD:Coalmine) r= -0.3278 cum=   -199.34 v= +0.2645 top5=[a34=0.034, a24=0.033, a30=0.031, a15=0.031, a43=0.030] [BUILD: Coalmine]
  s=  138 a= 20(BUILD:BigHouse) r= -0.3279 cum=   -199.66 v= +0.2447 top5=[a34=0.035, a24=0.033, a30=0.031, a15=0.031, a43=0.030] [BUILD: BigHouse]
  s=  139 a= 30(BUILD:BigIronmine) r= -4.7452 cum=   -204.41 v= +0.2258 top5=[a34=0.035, a24=0.033, a30=0.031, a15=0.031, a43=0.030] [BUILD FAILED: BigIronmine]
  s=  140 a= 36(MANAGER:2) r= -0.3279 cum=   -204.74 v= +0.2035 top5=[a34=0.035, a24=0.033, a30=0.031, a15=0.031, a43=0.030]
  s=  141 a= 30(BUILD:BigIronmine) r= -0.3261 cum=   -205.06 v= +0.1780 top5=[a34=0.035, a24=0.033, a30=0.031, a15=0.031, a43=0.030] [BUILD: BigIronmine]
  s=  142 a= 43(MANAGER:9) r= -4.7453 cum=   -209.81 v= +0.1174 top5=[a34=0.035, a24=0.033, a30=0.031, a15=0.030, a43=0.030]
  s=  143 a= 35(MANAGER:1) r= -0.3266 cum=   -210.14 v= +0.0659 top5=[a34=0.034, a24=0.033, a30=0.031, a15=0.030, a43=0.030]
  s=  144 a= 30(BUILD:BigIronmine) r= -0.3233 cum=   -210.46 v= +0.0141 top5=[a34=0.034, a24=0.033, a30=0.031, a15=0.030, a43=0.030] [BUILD: BigIronmine]
  s=  145 a=  2(BUILD:WaterChannel) r= -4.7454 cum=   -215.20 v= -0.0487 top5=[a34=0.034, a24=0.033, a30=0.031, a15=0.030, a43=0.030] [BUILD FAILED: WaterChannel]
  s=  146 a= 19(BUILD:Mushroom) r= -0.3279 cum=   -215.53 v= -0.1222 top5=[a34=0.034, a24=0.032, a30=0.031, a15=0.030, a43=0.030] [BUILD: Mushroom]
  s=  147 a=  9(BUILD:Ironmine) r= -0.3279 cum=   -215.86 v= -0.2057 top5=[a34=0.034, a24=0.032, a30=0.031, a15=0.030, a43=0.029] [BUILD: Ironmine]
  s=  148 a= 25(BUILD:SuperHouse) r= -4.7455 cum=   -220.61 v= -0.3057 top5=[a34=0.034, a24=0.032, a30=0.031, a15=0.029, a43=0.029] [BUILD FAILED: SuperHouse]
  s=  149 a= 23(BUILD:Torchlight) r= -0.3266 cum=   -220.93 v= -0.4256 top5=[a34=0.034, a24=0.032, a30=0.031, a15=0.029, a43=0.029] [BUILD: Torchlight]
  s=  150 a= 44(MANAGER:10) r= +0.3838 cum=   -220.55 v= -0.5746 top5=[a34=0.034, a24=0.032, a30=0.031, a43=0.029, a15=0.029]
    state: year=0 month=8 season=1 money=0 credit=0 people=28 busy=0 free=28 home_places=230 need_workers=9 tax_due=0 main_tax_due=0 tax_amount=8478 main_tax_amount=0 days_alive=169 stage=0 res0=0 res1=200 res2=0 res3=0 res4=0 res5=0 res6=0 res7=0 res8=0 House=2 SmallHouse=3 Apiary=2 Hothouse=1 | nw=1529132.2581
  s=  151 a= 24(BUILD:Hothouse) r= -4.7439 cum=   -225.29 v= -0.7357 top5=[a34=0.035, a24=0.032, a30=0.031, a43=0.029, a15=0.029] [BUILD FAILED: Hothouse]
  s=  152 a= 24(BUILD:Hothouse) r= -0.3278 cum=   -225.62 v= -0.8964 top5=[a34=0.035, a24=0.032, a30=0.031, a43=0.029, a15=0.029] [BUILD: Hothouse]
  s=  153 a= 18(BUILD:CowFarm) r= -0.3278 cum=   -225.95 v= -1.0572 top5=[a34=0.035, a24=0.032, a30=0.031, a43=0.029, a15=0.029] [BUILD: CowFarm]
  s=  154 a=  7(BUILD:Sawmill) r= -4.7440 cum=   -230.69 v= -1.2154 top5=[a34=0.035, a24=0.032, a30=0.031, a43=0.029, a25=0.029] [BUILD FAILED: Sawmill]
  s=  155 a= 23(BUILD:Torchlight) r= -0.3260 cum=   -231.02 v= -1.3831 top5=[a34=0.035, a24=0.032, a30=0.030, a43=0.029, a25=0.029] [BUILD: Torchlight]
  s=  156 a= 15(BUILD:Fish) r= -0.3278 cum=   -231.35 v= -1.5504 top5=[a34=0.035, a24=0.032, a30=0.030, a43=0.029, a25=0.029] [BUILD: Fish]
  s=  157 a=  1(WEEK) r= -4.7441 cum=   -236.09 v= -1.7183 top5=[a34=0.035, a24=0.032, a30=0.030, a25=0.029, a43=0.029]
  s=  158 a= 10(BUILD:Refinery) r= -0.3265 cum=   -236.42 v= -2.5700 top5=[a34=0.035, a24=0.033, a25=0.029, a43=0.029, a30=0.029] [BUILD: Refinery]
  s=  159 a=  0(DAY) r= +0.1511 cum=   -236.26 v= -2.6850 top5=[a34=0.035, a24=0.033, a25=0.029, a43=0.029, a30=0.029]
  s=  160 a= 44(MANAGER:10) r= -4.3628 cum=   -240.63 v= -3.2878 top5=[a34=0.036, a9=0.033, a30=0.032, a32=0.031, a24=0.029]
  s=  161 a= 40(MANAGER:6) r= -0.3336 cum=   -240.96 v= -3.2872 top5=[a34=0.036, a9=0.033, a30=0.032, a32=0.031, a24=0.029]
  s=  162 a= 22(BUILD:Apiary) r= -0.3297 cum=   -241.29 v= -3.3036 top5=[a34=0.036, a9=0.033, a30=0.032, a32=0.031, a24=0.030] [BUILD: Apiary]
  s=  163 a=  2(BUILD:WaterChannel) r= -4.7444 cum=   -246.04 v= -3.3197 top5=[a34=0.036, a9=0.033, a30=0.032, a32=0.031, a24=0.030] [BUILD FAILED: WaterChannel]
  s=  164 a= 18(BUILD:CowFarm) r= -0.3232 cum=   -246.36 v= -3.3207 top5=[a34=0.035, a9=0.032, a30=0.031, a32=0.031, a24=0.030] [BUILD: CowFarm]
  s=  165 a= 25(BUILD:SuperHouse) r= -0.3342 cum=   -246.69 v= -3.2938 top5=[a34=0.035, a9=0.032, a30=0.031, a32=0.031, a24=0.030] [BUILD: SuperHouse]
  s=  166 a=  1(WEEK) r= -4.7445 cum=   -251.44 v= -3.2932 top5=[a34=0.035, a9=0.032, a32=0.031, a30=0.031, a24=0.030]
  s=  167 a= 21(BUILD:BigFarm) r= -0.3278 cum=   -251.77 v= -3.2339 top5=[a34=0.033, a32=0.033, a22=0.032, a24=0.032, a30=0.031] [BUILD: BigFarm]
  s=  168 a= 43(MANAGER:9) r= -0.3279 cum=   -252.09 v= -3.2589 top5=[a34=0.033, a32=0.033, a22=0.032, a24=0.032, a30=0.031]
  s=  169 a= 24(BUILD:Hothouse) r= -4.1236 cum=   -256.22 v= -3.2838 top5=[a32=0.033, a34=0.033, a22=0.032, a24=0.032, a30=0.031] [BUILD FAILED: Hothouse]
  s=  170 a= 41(MANAGER:7) r= -0.3279 cum=   -256.54 v= -3.3084 top5=[a32=0.033, a22=0.033, a34=0.032, a24=0.032, a30=0.031]
  s=  171 a=  3(BUILD:Farm) r= -0.3280 cum=   -256.87 v= -3.3650 top5=[a22=0.033, a32=0.033, a24=0.032, a34=0.032, a30=0.031] [BUILD: Farm]
  s=  172 a=  7(BUILD:Sawmill) r= -4.5998 cum=   -261.47 v= -3.4403 top5=[a22=0.034, a32=0.033, a24=0.032, a34=0.032, a30=0.031] [BUILD FAILED: Sawmill]
  s=  173 a= 41(MANAGER:7) r= -0.3216 cum=   -261.79 v= -3.3199 top5=[a22=0.034, a32=0.033, a24=0.032, a34=0.031, a30=0.031]
  s=  174 a= 20(BUILD:BigHouse) r= -4.7460 cum=   -266.54 v= -3.3758 top5=[a22=0.034, a32=0.033, a24=0.032, a34=0.031, a30=0.031] [BUILD FAILED: BigHouse]
  s=  175 a= 23(BUILD:Torchlight) r= -4.7443 cum=   -271.28 v= -3.6598 top5=[a22=0.035, a32=0.034, a24=0.033, a34=0.031, a30=0.030] [BUILD FAILED: Torchlight]
  s=  176 a= 16(BUILD:CoalCut) r= -0.3324 cum=   -271.62 v= -3.7322 top5=[a22=0.035, a32=0.034, a24=0.033, a34=0.031, a30=0.030] [BUILD: CoalCut]
  s=  177 a= 36(MANAGER:2) r= -0.3279 cum=   -271.94 v= -3.7978 top5=[a22=0.035, a32=0.034, a24=0.033, a34=0.031, a30=0.030]
  s=  178 a= 43(MANAGER:9) r= -4.7444 cum=   -276.69 v= -3.8567 top5=[a22=0.036, a32=0.034, a24=0.033, a34=0.031, a30=0.030]
  s=  179 a= 10(BUILD:Refinery) r= -0.3260 cum=   -277.01 v= -3.9128 top5=[a22=0.036, a32=0.034, a24=0.033, a34=0.030, a30=0.030] [BUILD: Refinery]
  s=  180 a= 30(BUILD:BigIronmine) r= -0.3297 cum=   -277.34 v= -3.9853 top5=[a22=0.036, a32=0.034, a24=0.033, a30=0.030, a34=0.030] [BUILD: BigIronmine]
  s=  181 a= 15(BUILD:Fish) r= -4.7445 cum=   -282.09 v= -4.0791 top5=[a22=0.036, a32=0.035, a24=0.033, a30=0.030, a34=0.030] [BUILD FAILED: Fish]
  s=  182 a= 23(BUILD:Torchlight) r= -0.3369 cum=   -282.43 v= -4.1574 top5=[a22=0.036, a32=0.035, a24=0.033, a30=0.030, a34=0.030] [BUILD: Torchlight]
  s=  183 a= 30(BUILD:BigIronmine) r= -0.3325 cum=   -282.76 v= -4.2357 top5=[a22=0.037, a32=0.035, a24=0.033, a30=0.030, a34=0.030] [BUILD: BigIronmine]
  s=  184 a=  4(BUILD:Garden) r= -4.7447 cum=   -287.50 v= -3.9914 top5=[a34=0.035, a9=0.033, a30=0.031, a24=0.030, a32=0.030] [BUILD FAILED: Garden]
  s=  185 a=  8(BUILD:Coalmine) r= -0.3233 cum=   -287.83 v= -4.0027 top5=[a34=0.035, a9=0.033, a30=0.031, a32=0.031, a24=0.031] [BUILD: Coalmine]
  s=  186 a= 31(BUILD:AirStation) r= -0.3310 cum=   -288.16 v= -4.0290 top5=[a34=0.035, a9=0.032, a32=0.031, a24=0.031, a30=0.031] [BUILD: AirStation]
  s=  187 a= 14(BUILD:Road) r= -4.7448 cum=   -292.90 v= -4.0657 top5=[a34=0.034, a9=0.032, a32=0.031, a24=0.031, a30=0.030] [BUILD FAILED: Road]
  s=  188 a= 31(BUILD:AirStation) r= -0.3314 cum=   -293.23 v= -4.0794 top5=[a34=0.034, a9=0.032, a32=0.031, a24=0.031, a30=0.030] [BUILD: AirStation]
  s=  189 a=  1(WEEK) r= -0.1073 cum=   -293.34 v= -4.0782 top5=[a34=0.034, a9=0.032, a32=0.031, a24=0.031, a30=0.030]
  s=  190 a= 32(BUILD:SmallAtomStation) r= -4.7444 cum=   -298.09 v= -4.1235 top5=[a24=0.033, a32=0.032, a34=0.032, a22=0.032, a9=0.030] [BUILD FAILED: SmallAtomStation]
  s=  191 a= 25(BUILD:SuperHouse) r= -0.3400 cum=   -298.43 v= -4.1669 top5=[a24=0.033, a32=0.033, a22=0.032, a34=0.032, a9=0.030] [BUILD: SuperHouse]
  s=  192 a= 32(BUILD:SmallAtomStation) r= -0.3279 cum=   -298.75 v= -4.2243 top5=[a24=0.033, a32=0.033, a22=0.033, a34=0.032, a9=0.030] [BUILD: SmallAtomStation]
  s=  193 a= 23(BUILD:Torchlight) r= -4.7446 cum=   -303.50 v= -4.2736 top5=[a24=0.033, a22=0.033, a32=0.033, a34=0.031, a9=0.030] [BUILD FAILED: Torchlight]
  s=  194 a= 22(BUILD:Apiary) r= -0.3242 cum=   -303.82 v= -4.3240 top5=[a22=0.033, a24=0.033, a32=0.033, a34=0.031, a9=0.030] [BUILD: Apiary]
  s=  195 a=  4(BUILD:Garden) r= -0.1562 cum=   -303.98 v= -4.3737 top5=[a22=0.034, a24=0.033, a32=0.033, a34=0.031, a9=0.030] [BUILD: Garden]
  s=  196 a= 29(BUILD:Puerperal) r= -4.7443 cum=   -308.72 v= -4.4205 top5=[a22=0.034, a24=0.033, a32=0.033, a34=0.031, a9=0.029] [BUILD FAILED: Puerperal]
  s=  197 a= 22(BUILD:Apiary) r= -0.3295 cum=   -309.05 v= -4.4782 top5=[a22=0.034, a24=0.034, a32=0.033, a34=0.031, a9=0.029] [BUILD: Apiary]
  s=  198 a= 32(BUILD:SmallAtomStation) r= -0.3297 cum=   -309.38 v= -4.5584 top5=[a22=0.034, a24=0.034, a32=0.034, a34=0.031, a9=0.029] [BUILD: SmallAtomStation]
  s=  199 a=  9(BUILD:Ironmine) r= -4.7445 cum=   -314.13 v= -4.6369 top5=[a22=0.035, a32=0.034, a24=0.034, a34=0.031, a9=0.029] [BUILD FAILED: Ironmine]
  s=  200 a= 14(BUILD:Road) r= -0.3296 cum=   -314.46 v= -4.7134 top5=[a22=0.035, a32=0.034, a24=0.034, a34=0.030, a9=0.029] [BUILD: Road]
    state: year=0 month=10 season=2 money=0 credit=0 people=28 busy=0 free=28 home_places=230 need_workers=9 tax_due=0 main_tax_due=0 tax_amount=8478 main_tax_amount=0 days_alive=237 stage=0 res0=0 res1=200 res2=0 res3=0 res4=0 res5=0 res6=0 res7=0 res8=0 House=2 SmallHouse=3 Apiary=2 Hothouse=1 | nw=1527864.0638
  s=  201 a= 36(MANAGER:2) r= -0.3266 cum=   -314.78 v= -4.7804 top5=[a22=0.035, a32=0.034, a24=0.034, a34=0.030, a9=0.029]
  s=  202 a=  1(WEEK) r= -4.7446 cum=   -319.53 v= -4.8415 top5=[a22=0.035, a32=0.034, a24=0.034, a34=0.030, a9=0.029]
  s=  203 a= 12(BUILD:PowerStation) r= -0.3278 cum=   -319.85 v= -4.6417 top5=[a34=0.035, a9=0.032, a24=0.032, a32=0.031, a30=0.030] [BUILD: PowerStation]
  s=  204 a= 43(MANAGER:9) r= -0.3266 cum=   -320.18 v= -4.6523 top5=[a34=0.035, a24=0.032, a9=0.032, a32=0.031, a30=0.030]
  s=  205 a= 37(MANAGER:3) r= -4.7447 cum=   -324.93 v= -4.6775 top5=[a34=0.034, a24=0.032, a9=0.032, a32=0.031, a30=0.030]
  s=  206 a=  7(BUILD:Sawmill) r= -0.3199 cum=   -325.25 v= -4.3452 top5=[a32=0.034, a24=0.034, a34=0.033, a9=0.029, a30=0.029] [BUILD: Sawmill]
  s=  207 a= 12(BUILD:PowerStation) r= +0.8515 cum=   -324.39 v= -4.4185 top5=[a32=0.035, a24=0.034, a34=0.033, a30=0.029, a9=0.029] [BUILD: PowerStation]
  s=  208 a= 34(MANAGER:0) r= -0.3173 cum=   -324.71 v= -5.1218 top5=[a32=0.035, a24=0.033, a34=0.032, a27=0.030, a9=0.028]
  s=  209 a= 27(BUILD:WaterMill) r= -4.7427 cum=   -329.45 v= -5.1708 top5=[a32=0.035, a24=0.033, a34=0.032, a27=0.030, a9=0.028] [BUILD FAILED: WaterMill]
  s=  210 a=  3(BUILD:Farm) r= -0.3157 cum=   -329.77 v= -5.2316 top5=[a32=0.035, a24=0.033, a34=0.032, a27=0.030, a9=0.028] [BUILD: Farm]
  s=  211 a=  8(BUILD:Coalmine) r= -0.3196 cum=   -330.09 v= -5.3043 top5=[a32=0.036, a24=0.033, a34=0.032, a27=0.030, a9=0.028] [BUILD: Coalmine]
  s=  212 a= 27(BUILD:WaterMill) r= -4.7428 cum=   -334.83 v= -5.3854 top5=[a32=0.036, a24=0.033, a34=0.031, a27=0.030, a22=0.028] [BUILD FAILED: WaterMill]
  s=  213 a= 30(BUILD:BigIronmine) r= -0.3107 cum=   -335.14 v= -5.4765 top5=[a32=0.036, a24=0.033, a34=0.031, a27=0.030, a22=0.028] [BUILD: BigIronmine]
  s=  214 a= 43(MANAGER:9) r= -0.3186 cum=   -335.46 v= -5.0932 top5=[a32=0.036, a24=0.034, a34=0.033, a22=0.030, a27=0.029]
  s=  215 a= 24(BUILD:Hothouse) r= -4.7429 cum=   -340.20 v= -5.1807 top5=[a32=0.036, a24=0.034, a34=0.033, a22=0.030, a27=0.029] [BUILD FAILED: Hothouse]
  s=  216 a= 15(BUILD:Fish) r= -0.3198 cum=   -340.52 v= -5.2716 top5=[a32=0.036, a24=0.034, a34=0.033, a22=0.030, a27=0.029] [BUILD: Fish]
  s=  217 a= 32(BUILD:SmallAtomStation) r= -0.3140 cum=   -340.84 v= -5.3607 top5=[a32=0.037, a24=0.035, a34=0.033, a22=0.030, a27=0.029] [BUILD: SmallAtomStation]
  s=  218 a= 25(BUILD:SuperHouse) r= -4.7429 cum=   -345.58 v= -5.4395 top5=[a32=0.037, a24=0.035, a34=0.033, a22=0.030, a27=0.029] [BUILD FAILED: SuperHouse]
  s=  219 a=  2(BUILD:WaterChannel) r= -0.3230 cum=   -345.90 v= -5.5263 top5=[a32=0.037, a24=0.035, a34=0.033, a22=0.031, a27=0.029] [BUILD: WaterChannel]
  s=  220 a= 42(MANAGER:8) r= -0.1912 cum=   -346.10 v= -5.6330 top5=[a32=0.037, a24=0.035, a34=0.033, a22=0.031, a27=0.029]
  s=  221 a= 25(BUILD:SuperHouse) r= -4.7428 cum=   -350.84 v= -9.4077 top5=[a32=0.032, a24=0.031, a22=0.028, a15=0.027, a14=0.027] [BUILD FAILED: SuperHouse]
  s=  222 a= 23(BUILD:Torchlight) r= -0.6766 cum=   -351.52 v= -9.4659 top5=[a32=0.032, a24=0.031, a22=0.028, a14=0.027, a15=0.027] [BUILD: Torchlight]
  s=  223 a= 20(BUILD:BigHouse) r= -0.6783 cum=   -352.19 v= -9.5109 top5=[a32=0.032, a24=0.031, a22=0.028, a14=0.027, a15=0.027] [BUILD: BigHouse]
  s=  224 a= 41(MANAGER:7) r= -4.7440 cum=   -356.94 v= -9.5581 top5=[a32=0.032, a24=0.031, a22=0.028, a14=0.027, a15=0.027]
  s=  225 a= 21(BUILD:BigFarm) r= -0.6857 cum=   -357.62 v= -9.6274 top5=[a32=0.032, a24=0.032, a22=0.029, a14=0.027, a15=0.027] [BUILD: BigFarm]
  s=  226 a= 32(BUILD:SmallAtomStation) r= -0.6862 cum=   -358.31 v= -9.6829 top5=[a32=0.032, a24=0.032, a22=0.029, a14=0.027, a15=0.027] [BUILD: SmallAtomStation]
  s=  227 a= 28(BUILD:BigRefinary) r= -4.7453 cum=   -363.05 v= -9.7374 top5=[a32=0.032, a24=0.032, a22=0.029, a14=0.028, a15=0.027] [BUILD FAILED: BigRefinary]
  s=  228 a= 40(MANAGER:6) r= +0.3674 cum=   -362.69 v= -9.7894 top5=[a32=0.032, a24=0.032, a22=0.029, a14=0.028, a15=0.027]
  s=  229 a= 43(MANAGER:9) r= +0.1481 cum=   -362.54 v= -9.7631 top5=[a32=0.031, a24=0.031, a22=0.030, a14=0.028, a40=0.027]
  s=  230 a= 34(MANAGER:0) r= -4.7429 cum=   -367.28 v= -6.5306 top5=[a32=0.037, a24=0.034, a22=0.034, a34=0.031, a44=0.029]
  s=  231 a= 19(BUILD:Mushroom) r= -0.3231 cum=   -367.61 v= -6.6361 top5=[a32=0.037, a24=0.035, a22=0.034, a34=0.031, a44=0.029] [BUILD: Mushroom]
  s=  232 a= 43(MANAGER:9) r= -0.3340 cum=   -367.94 v= -6.7359 top5=[a32=0.037, a24=0.035, a22=0.034, a34=0.031, a44=0.029]
  s=  233 a= 33(BUILD:AtomStation) r= -4.7431 cum=   -372.68 v=-11.4432 top5=[a12=0.043, a24=0.032, a39=0.032, a14=0.031, a34=0.031] [BUILD FAILED: AtomStation]
  s=  234 a= 40(MANAGER:6) r= -0.3249 cum=   -373.01 v= -9.0455 top5=[a12=0.047, a32=0.033, a39=0.032, a24=0.031, a8=0.030]
  s=  235 a= 28(BUILD:BigRefinary) r= -0.3262 cum=   -373.33 v= -8.9225 top5=[a12=0.046, a32=0.033, a39=0.032, a24=0.031, a14=0.030] [BUILD: BigRefinary]
  s=  236 a= 37(MANAGER:3) r= -4.7432 cum=   -378.08 v= -8.7999 top5=[a12=0.046, a32=0.033, a39=0.032, a24=0.031, a14=0.030]
  s=  237 a= 13(BUILD:HydroStation) r= -0.3170 cum=   -378.39 v= -8.7670 top5=[a12=0.043, a32=0.034, a24=0.031, a39=0.030, a6=0.030] [BUILD: HydroStation]
  s=  238 a= 14(BUILD:Road) r= -0.3203 cum=   -378.71 v= -8.6657 top5=[a12=0.043, a32=0.034, a24=0.031, a39=0.030, a14=0.030] [BUILD: Road]
  s=  239 a= 29(BUILD:Puerperal) r= -4.7432 cum=   -383.46 v= -8.5649 top5=[a12=0.042, a32=0.034, a24=0.031, a39=0.030, a14=0.030] [BUILD FAILED: Puerperal]
  s=  240 a=  8(BUILD:Coalmine) r= -0.3157 cum=   -383.77 v= -8.4629 top5=[a12=0.042, a32=0.034, a24=0.031, a14=0.030, a39=0.030] [BUILD: Coalmine]
  s=  241 a=  8(BUILD:Coalmine) r= -0.3140 cum=   -384.09 v= -8.3592 top5=[a12=0.041, a32=0.034, a14=0.031, a24=0.031, a39=0.030] [BUILD: Coalmine]
  s=  242 a= 29(BUILD:Puerperal) r= -4.7433 cum=   -388.83 v= -8.2576 top5=[a12=0.041, a32=0.034, a14=0.031, a24=0.031, a39=0.030] [BUILD FAILED: Puerperal]
  s=  243 a= 42(MANAGER:8) r= -0.2014 cum=   -389.03 v= -8.1641 top5=[a12=0.040, a32=0.034, a14=0.031, a24=0.031, a39=0.030]
  s=  244 a= 17(BUILD:HuntingLand) r= -0.6707 cum=   -389.70 v=-12.3681 top5=[a32=0.034, a24=0.032, a12=0.032, a22=0.030, a14=0.028] [BUILD: HuntingLand]
  s=  245 a= 10(BUILD:Refinery) r= -4.7437 cum=   -394.45 v=-12.3517 top5=[a32=0.034, a24=0.032, a12=0.032, a22=0.030, a14=0.028] [BUILD FAILED: Refinery]
  s=  246 a= 43(MANAGER:9) r= +0.1541 cum=   -394.29 v=-12.3227 top5=[a32=0.034, a24=0.032, a12=0.031, a22=0.030, a14=0.028]
  s=  247 a= 31(BUILD:AirStation) r= -0.3113 cum=   -394.60 v= -7.8899 top5=[a12=0.038, a32=0.034, a14=0.032, a24=0.031, a39=0.030] [BUILD: AirStation]
  s=  248 a=  3(BUILD:Farm) r= -4.7429 cum=   -399.35 v= -7.8665 top5=[a12=0.038, a32=0.035, a14=0.032, a24=0.031, a39=0.030] [BUILD FAILED: Farm]
  s=  249 a=  1(WEEK) r= -0.0595 cum=   -399.41 v= -7.8636 top5=[a12=0.037, a32=0.035, a14=0.032, a24=0.031, a39=0.030]
  s=  250 a= 20(BUILD:BigHouse) r= -0.3196 cum=   -399.73 v= -8.0185 top5=[a32=0.035, a12=0.034, a14=0.033, a24=0.032, a39=0.030] [BUILD: BigHouse]
    state: year=0 month=12 season=3 money=1276 credit=1245 people=29 busy=0 free=29 home_places=230 need_workers=4 tax_due=0 main_tax_due=0 tax_amount=7646 main_tax_amount=0 days_alive=299 stage=0 res0=0 res1=200 res2=0 res3=0 res4=0 res5=0 res6=0 res7=0 res8=0 Road=1 House=2 SmallHouse=3 Hothouse=1 | nw=1510141.9436
  s=  251 a=  9(BUILD:Ironmine) r= -4.1124 cum=   -403.84 v= -8.1114 top5=[a32=0.035, a12=0.033, a14=0.033, a24=0.032, a39=0.030] [BUILD FAILED: Ironmine]
  s=  252 a= 18(BUILD:CowFarm) r= -0.3247 cum=   -404.16 v= -8.2144 top5=[a32=0.035, a12=0.033, a14=0.033, a24=0.032, a39=0.030] [BUILD: CowFarm]
  s=  253 a=  2(BUILD:WaterChannel) r= -0.3172 cum=   -404.48 v= -8.3230 top5=[a32=0.035, a14=0.033, a12=0.032, a24=0.032, a39=0.030] [BUILD: WaterChannel]
  s=  254 a=  7(BUILD:Sawmill) r= -4.7442 cum=   -409.22 v= -8.4239 top5=[a32=0.035, a14=0.033, a12=0.032, a24=0.032, a39=0.030] [BUILD FAILED: Sawmill]
  s=  255 a= 44(MANAGER:10) r= +0.3911 cum=   -408.83 v= -8.5231 top5=[a32=0.035, a14=0.033, a24=0.032, a12=0.031, a39=0.030]
  s=  256 a= 30(BUILD:BigIronmine) r= -0.3247 cum=   -409.16 v= -8.6328 top5=[a32=0.035, a14=0.033, a24=0.032, a12=0.031, a39=0.030] [BUILD: BigIronmine]
  s=  257 a= 12(BUILD:PowerStation) r= +0.8465 cum=   -408.31 v= -8.7424 top5=[a32=0.035, a14=0.033, a24=0.032, a12=0.031, a39=0.030] [BUILD: PowerStation]
  s=  258 a= 17(BUILD:HuntingLand) r= -0.3219 cum=   -408.63 v=-10.4251 top5=[a12=0.053, a32=0.039, a14=0.033, a39=0.032, a11=0.032] [BUILD: HuntingLand]
  s=  259 a= 27(BUILD:WaterMill) r= -4.7418 cum=   -413.37 v=-10.4206 top5=[a12=0.053, a32=0.039, a14=0.033, a39=0.032, a11=0.032] [BUILD FAILED: WaterMill]
  s=  260 a= 19(BUILD:Mushroom) r= -0.3152 cum=   -413.69 v=-10.4511 top5=[a12=0.052, a32=0.039, a14=0.033, a39=0.032, a11=0.032] [BUILD: Mushroom]
  s=  261 a= 35(MANAGER:1) r= -0.3194 cum=   -414.01 v=-10.4984 top5=[a12=0.051, a32=0.039, a14=0.033, a39=0.032, a11=0.032]
  s=  262 a= 32(BUILD:SmallAtomStation) r= -4.7419 cum=   -418.75 v=-10.5582 top5=[a12=0.050, a32=0.039, a14=0.034, a39=0.032, a11=0.032] [BUILD FAILED: SmallAtomStation]
  s=  263 a= 41(MANAGER:7) r= -0.3246 cum=   -419.08 v=-10.6186 top5=[a12=0.050, a32=0.038, a14=0.034, a39=0.033, a11=0.033]
  s=  264 a= 44(MANAGER:10) r= +0.3953 cum=   -418.68 v=-10.6148 top5=[a12=0.054, a32=0.038, a39=0.034, a11=0.033, a14=0.032]
  s=  265 a= 21(BUILD:BigFarm) r= -4.7405 cum=   -423.42 v=-10.6862 top5=[a12=0.053, a32=0.038, a39=0.034, a11=0.033, a14=0.033] [BUILD FAILED: BigFarm]
  s=  266 a= 43(MANAGER:9) r= -0.3188 cum=   -423.74 v=-10.7593 top5=[a12=0.052, a32=0.038, a39=0.034, a11=0.033, a14=0.033]
  s=  267 a=  1(WEEK) r= -0.0633 cum=   -423.80 v=-10.8304 top5=[a12=0.052, a32=0.038, a39=0.034, a11=0.034, a14=0.033]
  s=  268 a= 17(BUILD:HuntingLand) r= -4.7401 cum=   -428.54 v=-11.3149 top5=[a12=0.047, a32=0.037, a39=0.035, a14=0.035, a11=0.034] [BUILD FAILED: HuntingLand]
  s=  269 a=  7(BUILD:Sawmill) r= -0.3233 cum=   -428.87 v=-11.3991 top5=[a12=0.046, a32=0.037, a39=0.035, a14=0.035, a11=0.034] [BUILD: Sawmill]
  s=  270 a= 23(BUILD:Torchlight) r= -0.3228 cum=   -429.19 v=-11.4895 top5=[a12=0.045, a32=0.037, a39=0.035, a14=0.035, a11=0.034] [BUILD: Torchlight]
  s=  271 a= 13(BUILD:HydroStation) r= -4.7402 cum=   -433.93 v=-11.5750 top5=[a12=0.045, a32=0.037, a14=0.035, a39=0.035, a11=0.034] [BUILD FAILED: HydroStation]
  s=  272 a= 41(MANAGER:7) r= -0.3197 cum=   -434.25 v=-11.6544 top5=[a12=0.044, a32=0.037, a14=0.035, a39=0.035, a11=0.034]
  s=  273 a=  2(BUILD:WaterChannel) r= -0.3201 cum=   -434.57 v=-11.7334 top5=[a12=0.043, a32=0.037, a14=0.036, a39=0.035, a11=0.034] [BUILD: WaterChannel]
  s=  274 a= 40(MANAGER:6) r= -4.4784 cum=   -439.05 v=-11.8229 top5=[a12=0.043, a32=0.037, a14=0.036, a39=0.035, a11=0.034]
  s=  275 a= 26(BUILD:BigSawmill) r= -0.3184 cum=   -439.37 v=-11.8858 top5=[a12=0.042, a32=0.037, a14=0.036, a39=0.035, a11=0.034] [BUILD: BigSawmill]
  s=  276 a= 25(BUILD:SuperHouse) r= -0.3171 cum=   -439.68 v=-12.0153 top5=[a12=0.041, a32=0.037, a14=0.036, a39=0.035, a11=0.034] [BUILD: SuperHouse]
  s=  277 a= 34(MANAGER:0) r= -4.7411 cum=   -444.42 v=-12.1670 top5=[a12=0.041, a32=0.037, a14=0.036, a39=0.035, a11=0.034]
  s=  278 a= 14(BUILD:Road) r= -0.3144 cum=   -444.74 v=-12.3261 top5=[a12=0.040, a32=0.037, a14=0.036, a39=0.035, a11=0.035] [BUILD: Road]
  s=  279 a= 24(BUILD:Hothouse) r= -0.3265 cum=   -445.07 v=-12.4919 top5=[a12=0.039, a32=0.037, a14=0.036, a39=0.035, a11=0.035] [BUILD: Hothouse]
  s=  280 a= 42(MANAGER:8) r= -4.7413 cum=   -449.81 v=-12.6582 top5=[a12=0.038, a32=0.036, a14=0.036, a39=0.035, a11=0.035]
  s=  281 a= 10(BUILD:Refinery) r= -0.6794 cum=   -450.49 v=-14.8057 top5=[a36=0.035, a14=0.035, a12=0.033, a32=0.033, a39=0.031] [BUILD: Refinery]
  s=  282 a= 16(BUILD:CoalCut) r= -0.2036 cum=   -450.69 v=-14.9536 top5=[a36=0.035, a14=0.035, a12=0.033, a32=0.032, a39=0.031] [BUILD: CoalCut]
  s=  283 a= 40(MANAGER:6) r= -4.7417 cum=   -455.43 v=-14.3236 top5=[a12=0.045, a32=0.035, a14=0.033, a39=0.030, a1=0.029]
  s=  284 a= 44(MANAGER:10) r= +0.0312 cum=   -455.40 v=-14.3127 top5=[a12=0.045, a32=0.035, a14=0.033, a39=0.030, a1=0.029]
  s=  285 a=  9(BUILD:Ironmine) r= -0.6778 cum=   -456.08 v=-14.3164 top5=[a12=0.045, a32=0.035, a14=0.033, a39=0.029, a1=0.029] [BUILD: Ironmine]
  s=  286 a= 44(MANAGER:10) r= -4.7087 cum=   -460.79 v=-14.3257 top5=[a12=0.044, a32=0.035, a14=0.033, a39=0.029, a1=0.029]
  s=  287 a= 35(MANAGER:1) r= -0.6839 cum=   -461.47 v=-14.3359 top5=[a12=0.044, a32=0.035, a14=0.033, a39=0.029, a1=0.029]
  s=  288 a= 36(MANAGER:2) r= +1.0991 cum=   -460.37 v=-14.3554 top5=[a12=0.043, a32=0.035, a14=0.033, a39=0.029, a1=0.029]
  s=  289 a= 11(BUILD:Goldmine) r= -4.7390 cum=   -465.11 v=-14.3401 top5=[a12=0.043, a32=0.034, a14=0.033, a39=0.029, a1=0.029] [BUILD FAILED: Goldmine]
  s=  290 a= 12(BUILD:PowerStation) r= +1.9069 cum=   -463.20 v=-14.3667 top5=[a12=0.042, a32=0.034, a14=0.033, a39=0.029, a1=0.029] [BUILD: PowerStation]
  s=  291 a=  4(BUILD:Garden) r= -0.5115 cum=   -463.71 v=-15.1069 top5=[a12=0.040, a32=0.035, a14=0.034, a39=0.029, a1=0.029] [BUILD: Garden]
  s=  292 a= 41(MANAGER:7) r= -4.7333 cum=   -468.45 v=-15.1945 top5=[a12=0.040, a32=0.035, a14=0.034, a39=0.029, a1=0.028]
  s=  293 a= 18(BUILD:CowFarm) r= +4.7317 cum=   -463.72 v=-15.2868 top5=[a12=0.040, a32=0.034, a14=0.034, a39=0.029, a1=0.028] [BUILD: CowFarm]
  s=  294 a=  5(BUILD:House) r= -0.6838 cum=   -464.40 v=-19.2567 top5=[a12=0.043, a32=0.040, a41=0.032, a43=0.032, a14=0.031] [BUILD: House]
  s=  295 a= 32(BUILD:SmallAtomStation) r= -4.7130 cum=   -469.11 v=-19.4073 top5=[a12=0.042, a32=0.040, a41=0.032, a43=0.032, a14=0.031] [BUILD FAILED: SmallAtomStation]
  s=  296 a= 11(BUILD:Goldmine) r= -0.6873 cum=   -469.80 v=-19.5412 top5=[a12=0.042, a32=0.040, a43=0.032, a41=0.032, a14=0.031] [BUILD: Goldmine]
  s=  297 a= 12(BUILD:PowerStation) r= +0.4692 cum=   -469.33 v=-19.1348 top5=[a12=0.043, a32=0.039, a41=0.032, a43=0.031, a14=0.030] [BUILD: PowerStation]
  s=  298 a=  1(WEEK) r= -0.9604 cum=   -470.29 v=-19.8307 top5=[a12=0.041, a32=0.040, a43=0.032, a41=0.032, a14=0.031]
  s=  299 a=  5(BUILD:House) r= -4.7139 cum=   -475.01 v=-20.5668 top5=[a32=0.040, a12=0.040, a43=0.033, a41=0.032, a14=0.030] [BUILD FAILED: House]
  s=  300 a= 43(MANAGER:9) r= -0.6952 cum=   -475.70 v=-20.7002 top5=[a32=0.040, a12=0.039, a43=0.033, a41=0.032, a14=0.030]
    state: year=1 month=2 season=3 money=16860 credit=53824 people=31 busy=0 free=31 home_places=230 need_workers=4 tax_due=0 main_tax_due=0 tax_amount=8078 main_tax_amount=0 days_alive=358 stage=0 res0=0 res1=400 res2=0 res3=0 res4=0 res5=0 res6=0 res7=0 res8=0 Road=4 House=2 SmallHouse=3 CowFarm=1 Hothouse=1 | nw=1507009.9091
  s=  301 a= 14(BUILD:Road) r= +0.2117 cum=   -475.49 v=-20.1994 top5=[a12=0.040, a32=0.040, a41=0.032, a43=0.032, a36=0.030] [BUILD: Road]
  s=  302 a= 39(MANAGER:5) r= -0.6950 cum=   -476.18 v=-22.2911 top5=[a32=0.039, a12=0.037, a43=0.034, a41=0.032, a14=0.029]
  s=  303 a=  5(BUILD:House) r= -4.7151 cum=   -480.90 v=-22.4408 top5=[a32=0.039, a12=0.036, a43=0.034, a41=0.032, a14=0.028] [BUILD FAILED: House]
  s=  304 a= 36(MANAGER:2) r= -0.1272 cum=   -481.03 v=-22.5881 top5=[a32=0.039, a12=0.036, a43=0.034, a41=0.032, a11=0.028]
  s=  305 a= 30(BUILD:BigIronmine) r= -0.6921 cum=   -481.72 v=-22.7408 top5=[a32=0.039, a12=0.035, a43=0.034, a41=0.032, a11=0.029] [BUILD: BigIronmine]
  s=  306 a=  4(BUILD:Garden) r= -4.7156 cum=   -486.43 v=-22.8854 top5=[a32=0.039, a12=0.035, a43=0.034, a41=0.032, a11=0.029] [BUILD FAILED: Garden]
  s=  307 a= 22(BUILD:Apiary) r= +4.0252 cum=   -482.41 v=-23.0174 top5=[a32=0.038, a12=0.035, a43=0.034, a41=0.032, a11=0.029] [BUILD: Apiary]
  s=  308 a= 11(BUILD:Goldmine) r= -2.7723 cum=   -485.18 v=-38.4561 top5=[a41=0.029, a1=0.029, a35=0.029, a31=0.028, a17=0.027] [BUILD FAILED: Goldmine]
  s=  309 a= 28(BUILD:BigRefinary) r= -4.7008 cum=   -489.88 v=-38.3535 top5=[a41=0.029, a1=0.029, a35=0.029, a31=0.028, a17=0.027] [BUILD FAILED: BigRefinary]
  s=  310 a= 20(BUILD:BigHouse) r= -2.7726 cum=   -492.65 v=-38.2521 top5=[a41=0.029, a1=0.029, a35=0.029, a31=0.028, a17=0.027] [BUILD FAILED: BigHouse]
  s=  311 a= 18(BUILD:CowFarm) r= -2.7737 cum=   -495.43 v=-38.1519 top5=[a41=0.029, a1=0.029, a35=0.029, a31=0.028, a17=0.027] [BUILD FAILED: CowFarm]
  s=  312 a= 23(BUILD:Torchlight) r= -4.7031 cum=   -500.13 v=-38.0527 top5=[a35=0.029, a1=0.029, a41=0.029, a31=0.028, a17=0.027] [BUILD FAILED: Torchlight]
  s=  313 a= 41(MANAGER:7) r= -2.7740 cum=   -502.91 v=-37.9547 top5=[a35=0.029, a1=0.029, a41=0.029, a31=0.028, a27=0.027]
  s=  314 a= 27(BUILD:WaterMill) r= -2.7751 cum=   -505.68 v=-37.8577 top5=[a35=0.029, a1=0.029, a41=0.029, a31=0.028, a27=0.027] [BUILD FAILED: WaterMill]
  s=  315 a= 16(BUILD:CoalCut) r= -4.7054 cum=   -510.39 v=-37.7618 top5=[a35=0.029, a1=0.029, a41=0.029, a31=0.028, a27=0.027] [BUILD FAILED: CoalCut]
  s=  316 a= 40(MANAGER:6) r= -2.2016 cum=   -512.59 v=-37.6668 top5=[a35=0.029, a1=0.029, a41=0.029, a31=0.028, a27=0.027]
  s=  317 a=  3(BUILD:Farm) r= -2.7766 cum=   -515.36 v=-37.5757 top5=[a35=0.029, a1=0.029, a41=0.029, a31=0.028, a27=0.027] [BUILD FAILED: Farm]
  s=  318 a= 28(BUILD:BigRefinary) r= -4.7080 cum=   -520.07 v=-37.4782 top5=[a35=0.029, a1=0.029, a41=0.029, a31=0.028, a27=0.027] [BUILD FAILED: BigRefinary]
  s=  319 a= 27(BUILD:WaterMill) r= -2.7769 cum=   -522.85 v=-37.3809 top5=[a35=0.029, a1=0.029, a41=0.029, a31=0.028, a27=0.027] [BUILD FAILED: WaterMill]
  s=  320 a= 39(MANAGER:5) r= -2.7780 cum=   -525.63 v=-37.2845 top5=[a35=0.029, a1=0.029, a41=0.029, a31=0.028, a27=0.027]
  s=  321 a= 25(BUILD:SuperHouse) r= -4.7103 cum=   -530.34 v=-37.1892 top5=[a35=0.029, a1=0.029, a41=0.029, a31=0.028, a27=0.027] [BUILD FAILED: SuperHouse]
  s=  322 a= 27(BUILD:WaterMill) r= -2.7782 cum=   -533.12 v=-37.0944 top5=[a35=0.029, a1=0.029, a41=0.029, a31=0.028, a27=0.027] [BUILD FAILED: WaterMill]
  s=  323 a= 22(BUILD:Apiary) r= -2.7793 cum=   -535.89 v=-37.0005 top5=[a35=0.029, a1=0.029, a41=0.029, a31=0.028, a27=0.027] [BUILD FAILED: Apiary]
  s=  324 a= 33(BUILD:AtomStation) r= -4.7126 cum=   -540.61 v=-36.9076 top5=[a35=0.029, a1=0.029, a41=0.029, a31=0.028, a27=0.027] [BUILD FAILED: AtomStation]
  s=  325 a= 34(MANAGER:0) r= -2.7796 cum=   -543.39 v=-36.8156 top5=[a35=0.029, a1=0.029, a41=0.029, a31=0.028, a27=0.027]
  s=  326 a= 17(BUILD:HuntingLand) r= -2.7807 cum=   -546.17 v=-36.7246 top5=[a35=0.029, a1=0.029, a41=0.029, a31=0.028, a27=0.027] [BUILD FAILED: HuntingLand]
  s=  327 a=  9(BUILD:Ironmine) r= -4.7149 cum=   -550.88 v=-36.6344 top5=[a35=0.029, a1=0.029, a41=0.029, a31=0.028, a27=0.027] [BUILD FAILED: Ironmine]
  s=  328 a= 35(MANAGER:1) r= -2.7810 cum=   -553.66 v=-36.5447 top5=[a35=0.029, a1=0.029, a41=0.029, a31=0.028, a27=0.027]
  s=  329 a= 11(BUILD:Goldmine) r= -2.7821 cum=   -556.45 v=-36.4556 top5=[a35=0.029, a1=0.029, a41=0.029, a31=0.028, a27=0.027] [BUILD FAILED: Goldmine]
  s=  330 a= 22(BUILD:Apiary) r= -4.7172 cum=   -561.16 v=-36.3674 top5=[a35=0.029, a1=0.029, a41=0.029, a31=0.028, a27=0.027] [BUILD FAILED: Apiary]
  s=  331 a= 27(BUILD:WaterMill) r= -2.7823 cum=   -563.94 v=-36.2800 top5=[a35=0.029, a1=0.029, a41=0.029, a31=0.028, a27=0.027] [BUILD FAILED: WaterMill]
  s=  332 a=  1(WEEK) r= -2.7834 cum=   -566.73 v=-36.1932 top5=[a35=0.029, a1=0.029, a41=0.028, a31=0.028, a27=0.027]
  s=  333 a= 32(BUILD:SmallAtomStation) r= -4.7195 cum=   -571.45 v=-36.1064 top5=[a35=0.029, a1=0.028, a41=0.028, a31=0.028, a27=0.027] [BUILD FAILED: SmallAtomStation]
  s=  334 a= 35(MANAGER:1) r= -2.7837 cum=   -574.23 v=-36.0204 top5=[a35=0.029, a41=0.028, a1=0.028, a31=0.028, a27=0.027]
  s=  335 a= 31(BUILD:AirStation) r= -2.7848 cum=   -577.02 v=-35.9351 top5=[a35=0.029, a41=0.028, a1=0.028, a31=0.028, a27=0.027] [BUILD FAILED: AirStation]
  s=  336 a= 22(BUILD:Apiary) r= -4.7218 cum=   -581.74 v=-35.8505 top5=[a35=0.029, a41=0.028, a1=0.028, a31=0.028, a27=0.027] [BUILD FAILED: Apiary]
  s=  337 a= 12(BUILD:PowerStation) r= -0.2077 cum=   -581.95 v=-35.7668 top5=[a35=0.029, a41=0.028, a1=0.028, a31=0.028, a27=0.027] [BUILD: PowerStation]
  s=  338 a= 25(BUILD:SuperHouse) r= -2.7854 cum=   -584.73 v=-33.3730 top5=[a31=0.028, a35=0.028, a11=0.028, a41=0.028, a27=0.028] [BUILD FAILED: SuperHouse]
  s=  339 a= 40(MANAGER:6) r= -4.7229 cum=   -589.45 v=-33.2993 top5=[a35=0.028, a31=0.028, a11=0.028, a41=0.028, a27=0.028]
  s=  340 a= 14(BUILD:Road) r= -2.7857 cum=   -592.24 v=-33.2262 top5=[a35=0.028, a31=0.028, a11=0.028, a41=0.028, a27=0.028] [BUILD FAILED: Road]
  s=  341 a= 15(BUILD:Fish) r= -2.7868 cum=   -595.03 v=-33.1538 top5=[a35=0.028, a31=0.028, a11=0.028, a41=0.028, a27=0.028] [BUILD FAILED: Fish]
  s=  342 a= 15(BUILD:Fish) r= -4.7251 cum=   -599.75 v=-33.0821 top5=[a35=0.028, a31=0.028, a11=0.028, a27=0.028, a41=0.028] [BUILD FAILED: Fish]
  s=  343 a= 19(BUILD:Mushroom) r= -2.7870 cum=   -602.54 v=-33.0110 top5=[a35=0.028, a31=0.028, a11=0.028, a27=0.028, a41=0.028] [BUILD FAILED: Mushroom]
  s=  344 a= 11(BUILD:Goldmine) r= -2.7881 cum=   -605.33 v=-32.9405 top5=[a35=0.028, a31=0.028, a11=0.028, a27=0.028, a41=0.028] [BUILD FAILED: Goldmine]
  s=  345 a= 39(MANAGER:5) r= -4.7274 cum=   -610.05 v=-32.8706 top5=[a35=0.028, a31=0.028, a11=0.028, a27=0.028, a41=0.028]
  s=  346 a=  7(BUILD:Sawmill) r= -2.7884 cum=   -612.84 v=-32.8013 top5=[a35=0.028, a31=0.028, a11=0.028, a27=0.028, a41=0.028] [BUILD FAILED: Sawmill]
  s=  347 a=  1(WEEK) r= -2.7895 cum=   -615.63 v=-32.7326 top5=[a35=0.028, a31=0.028, a27=0.028, a11=0.028, a41=0.028]
  s=  348 a= 25(BUILD:SuperHouse) r= -4.7297 cum=   -620.36 v=-32.6645 top5=[a35=0.028, a31=0.028, a27=0.028, a11=0.028, a41=0.028] [BUILD FAILED: SuperHouse]
  s=  349 a= 44(MANAGER:10) r= -2.0805 cum=   -622.44 v=-32.5970 top5=[a35=0.028, a31=0.028, a27=0.028, a11=0.028, a41=0.028]
  s=  350 a= 16(BUILD:CoalCut) r= -2.7910 cum=   -625.23 v=-32.5299 top5=[a35=0.028, a31=0.028, a27=0.028, a11=0.028, a41=0.028] [BUILD FAILED: CoalCut]
    state: year=1 month=3 season=0 money=1331 credit=54578 people=31 busy=0 free=31 home_places=230 need_workers=4 tax_due=1 main_tax_due=0 tax_amount=8922 main_tax_amount=0 days_alive=365 stage=0 res0=0 res1=200 res2=0 res3=0 res4=0 res5=0 res6=0 res7=0 res8=0 Road=5 House=2 SmallHouse=4 CowFarm=1 Apiary=1 Hothouse=1 | nw=1506210.5560
  s=  351 a= 12(BUILD:PowerStation) r= -1.6279 cum=   -626.86 v=-32.4633 top5=[a35=0.028, a31=0.028, a27=0.028, a11=0.028, a41=0.028] [BUILD FAILED: PowerStation]
  s=  352 a=  8(BUILD:Coalmine) r= -2.7933 cum=   -629.65 v=-29.9257 top5=[a11=0.030, a31=0.028, a27=0.028, a35=0.027, a3=0.027] [BUILD FAILED: Coalmine]
  s=  353 a= 35(MANAGER:1) r= -4.7362 cum=   -634.39 v=-29.8952 top5=[a11=0.030, a31=0.028, a27=0.028, a35=0.027, a3=0.027]
  s=  354 a= 14(BUILD:Road) r= -2.7935 cum=   -637.18 v=-29.8647 top5=[a11=0.030, a31=0.028, a27=0.028, a35=0.027, a3=0.027] [BUILD FAILED: Road]
  s=  355 a= 19(BUILD:Mushroom) r= -2.7946 cum=   -639.98 v=-29.8341 top5=[a11=0.030, a31=0.028, a27=0.028, a35=0.027, a3=0.027] [BUILD FAILED: Mushroom]
  s=  356 a= 27(BUILD:WaterMill) r= -4.7384 cum=   -644.72 v=-29.8009 top5=[a11=0.030, a31=0.028, a27=0.028, a35=0.027, a3=0.027] [BUILD FAILED: WaterMill]
  s=  357 a= 11(BUILD:Goldmine) r= -2.7949 cum=   -647.51 v=-29.7645 top5=[a11=0.030, a31=0.028, a27=0.028, a35=0.027, a3=0.027] [BUILD FAILED: Goldmine]
  s=  358 a=  7(BUILD:Sawmill) r= -2.7959 cum=   -650.31 v=-29.7283 top5=[a11=0.030, a31=0.028, a27=0.028, a35=0.027, a3=0.027] [BUILD FAILED: Sawmill]
  s=  359 a= 36(MANAGER:2) r= -4.7407 cum=   -655.05 v=-29.6921 top5=[a11=0.030, a31=0.028, a27=0.028, a35=0.027, a3=0.027]
  s=  360 a= 39(MANAGER:5) r= -2.7962 cum=   -657.84 v=-27.8495 top5=[a11=0.030, a27=0.028, a3=0.027, a35=0.027, a16=0.027]
  s=  361 a= 30(BUILD:BigIronmine) r= -2.7973 cum=   -660.64 v=-27.8145 top5=[a11=0.030, a27=0.028, a3=0.027, a35=0.027, a16=0.027] [BUILD FAILED: BigIronmine]
  s=  362 a= 10(BUILD:Refinery) r= -4.7430 cum=   -665.39 v=-27.7795 top5=[a11=0.030, a27=0.028, a3=0.027, a35=0.027, a16=0.027] [BUILD FAILED: Refinery]
  s=  363 a=  9(BUILD:Ironmine) r= -2.7975 cum=   -668.18 v=-27.7446 top5=[a11=0.030, a27=0.028, a3=0.027, a35=0.027, a16=0.027] [BUILD FAILED: Ironmine]
  s=  364 a=  0(DAY) r= -2.7986 cum=   -670.98 v=-27.7098 top5=[a11=0.030, a27=0.028, a3=0.027, a35=0.027, a16=0.027]
  s=  365 a= 44(MANAGER:10) r= -4.7452 cum=   -675.73 v=-27.6751 top5=[a11=0.030, a27=0.028, a3=0.028, a35=0.027, a16=0.027]
  s=  366 a= 12(BUILD:PowerStation) r= -4.7439 cum=   -680.47 v=-27.6404 top5=[a11=0.030, a27=0.028, a3=0.028, a35=0.027, a16=0.027] [BUILD FAILED: PowerStation]
    state: year=0 month=3 season=0 money=82000 credit=0 people=28 busy=0 free=28 home_places=50 need_workers=0 tax_due=0 main_tax_due=0 tax_amount=5106 main_tax_amount=0 days_alive=0 stage=0 res0=0 res1=0 res2=0 res3=0 res4=0 res5=0 res6=0 res7=0 res8=0 | nw=1532000.0000
  >>> Ep 3: reward=-680.47, steps=367
  >>> final: year=0 month=3 season=0 money=82000 credit=0 people=28 busy=0 free=28 home_places=50 need_workers=0 tax_due=0 main_tax_due=0 tax_amount=5106 main_tax_amount=0 days_alive=0 stage=0 res0=0 res1=0 res2=0 res3=0 res4=0 res5=0 res6=0 res7=0 res8=0 | nw=1532000.0000

======================================================================
SUMMARY
======================================================================
Episodes: 3
Total steps: 1133
Mean reward: -770.60
Max reward:  -680.47
Min reward:  -875.45
  Ep 1: -875.45
  Ep 2: -755.88
  Ep 3: -680.47

ACTION DISTRIBUTION (all 1133 steps)
  MANAGER:9           :    44 (3.9%)
  BUILD:SuperHouse    :    41 (3.6%)
  BUILD:BigIronmine   :    38 (3.4%)
  BUILD:PowerStation  :    36 (3.2%)
  BUILD:Apiary        :    34 (3.0%)
  BUILD:Road          :    34 (3.0%)
  BUILD:Goldmine      :    33 (2.9%)
  BUILD:SmallAtomStation:    33 (2.9%)
  BUILD:WaterMill     :    32 (2.8%)
  WEEK                :    32 (2.8%)
  BUILD:Coalmine      :    31 (2.7%)
  MANAGER:10          :    31 (2.7%)
  BUILD:Ironmine      :    30 (2.6%)
  MANAGER:7           :    30 (2.6%)
  MANAGER:2           :    29 (2.6%)
  BUILD:Hothouse      :    28 (2.5%)
  MANAGER:0           :    27 (2.4%)
  BUILD:Fish          :    27 (2.4%)
  BUILD:Torchlight    :    27 (2.4%)
  MANAGER:5           :    26 (2.3%)
  BUILD:SmallHouse    :    26 (2.3%)
  MANAGER:6           :    26 (2.3%)
  BUILD:CowFarm       :    25 (2.2%)
  BUILD:BigSawmill    :    24 (2.1%)
  BUILD:CoalCut       :    24 (2.1%)
  BUILD:Refinery      :    23 (2.0%)
  BUILD:Mushroom      :    23 (2.0%)
  BUILD:WaterChannel  :    22 (1.9%)
  BUILD:Sawmill       :    21 (1.9%)
  BUILD:BigFarm       :    21 (1.9%)
  DAY                 :    19 (1.7%)
  MANAGER:1           :    19 (1.7%)
  MANAGER:4           :    19 (1.7%)
  BUILD:HuntingLand   :    19 (1.7%)
  BUILD:Puerperal     :    19 (1.7%)
  BUILD:Farm          :    18 (1.6%)
  BUILD:Garden        :    18 (1.6%)
  BUILD:House         :    17 (1.5%)
  BUILD:AirStation    :    17 (1.5%)
  BUILD:BigHouse      :    17 (1.5%)
  MANAGER:3           :    16 (1.4%)
  MANAGER:8           :    16 (1.4%)
  BUILD:AtomStation   :    15 (1.3%)
  BUILD:HydroStation  :    14 (1.2%)
  BUILD:BigRefinary   :    12 (1.1%)
