======================================================================
EPISODE 1
======================================================================
init: year=0 month=3 season=0 money=82000 credit=0 people=28 busy=0 free=28 home_places=50 need_workers=0 tax_due=0 main_tax_due=0 tax_amount=5106 main_tax_amount=0 days_alive=0 stage=0 res0=0 res1=0 res2=0 res3=0 res4=0 res5=0 res6=0 res7=0 res8=0 | nw=1532000.0000
  s=    0 a= 28(BUILD:BigRefinary) r= -0.8485 cum=     -0.85 v= +0.5829 top5=[a39=0.068, a27=0.052, a32=0.040, a3=0.036, a1=0.035] [BUILD: BigRefinary]
    OBS: year=0 month=3 season=0 money=82000 credit=0 people=28 busy=0 free=28 home_places=50 need_workers=0 tax_due=0 main_tax_due=0 tax_amount=5106 main_tax_amount=0 days_alive=1 stage=0 res0=0 res1=0 res2=0 res3=0 res4=0 res5=0 res6=0 res7=0 res8=0 | nw=1532000.0000
  s=    1 a= 11(BUILD:Goldmine) r= -0.8542 cum=     -1.70 v= +0.1218 top5=[a39=0.028, a27=0.028, a32=0.026, a13=0.026, a11=0.026] [BUILD: Goldmine]
    OBS: year=0 month=3 season=0 money=82000 credit=0 people=28 busy=0 free=28 home_places=50 need_workers=0 tax_due=0 main_tax_due=0 tax_amount=5106 main_tax_amount=0 days_alive=2 stage=0 res0=0 res1=0 res2=0 res3=0 res4=0 res5=0 res6=0 res7=0 res8=0 | nw=1532000.0000
  s=    2 a=  9(BUILD:Ironmine) r= -0.9137 cum=     -2.62 v= +0.0961 top5=[a39=0.027, a27=0.026, a32=0.025, a11=0.025, a13=0.025] [BUILD: Ironmine]
    OBS: year=0 month=3 season=0 money=82000 credit=0 people=28 busy=0 free=28 home_places=50 need_workers=0 tax_due=0 main_tax_due=0 tax_amount=5106 main_tax_amount=0 days_alive=3 stage=0 res0=0 res1=0 res2=0 res3=0 res4=0 res5=0 res6=0 res7=0 res8=0 | nw=1532000.0000
  s=    3 a=  8(BUILD:Coalmine) r= -0.9694 cum=     -3.59 v= +0.0820 top5=[a39=0.026, a27=0.026, a32=0.025, a11=0.025, a13=0.025] [BUILD: Coalmine]
    OBS: year=0 month=3 season=0 money=82000 credit=0 people=28 busy=0 free=28 home_places=50 need_workers=0 tax_due=0 main_tax_due=0 tax_amount=5106 main_tax_amount=0 days_alive=4 stage=0 res0=0 res1=0 res2=0 res3=0 res4=0 res5=0 res6=0 res7=0 res8=0 | nw=1532000.0000
  s=    4 a=  9(BUILD:Ironmine) r= -1.0187 cum=     -4.60 v= +0.0732 top5=[a39=0.026, a27=0.025, a11=0.025, a32=0.025, a14=0.024] [BUILD FAILED: Ironmine money=82000 free=28]
    OBS: year=0 month=3 season=0 money=82000 credit=0 people=28 busy=0 free=28 home_places=50 need_workers=0 tax_due=0 main_tax_due=0 tax_amount=5106 main_tax_amount=0 days_alive=5 stage=0 res0=0 res1=0 res2=0 res3=0 res4=0 res5=0 res6=0 res7=0 res8=0 | nw=1532000.0000
  s=    5 a= 20(BUILD:BigHouse) r= +5.7716 cum=     +1.17 v= +0.0672 top5=[a39=0.025, a27=0.025, a11=0.024, a32=0.024, a14=0.024] [BUILD: BigHouse]
    OBS: year=0 month=3 season=0 money=15600 credit=0 people=28 busy=0 free=28 home_places=50 need_workers=0 tax_due=0 main_tax_due=0 tax_amount=5526 main_tax_amount=0 days_alive=6 stage=0 res0=0 res1=0 res2=0 res3=0 res4=0 res5=0 res6=0 res7=0 res8=0 BigHouse=1 | nw=1532000.0000
  s=    6 a= 22(BUILD:Apiary) r= +4.5641 cum=     +5.73 v= +0.4876 top5=[a1=0.036, a32=0.033, a39=0.033, a14=0.032, a38=0.031] [BUILD: Apiary]
    OBS: year=0 month=3 season=0 money=6215 credit=0 people=28 busy=0 free=28 home_places=50 need_workers=0 tax_due=0 main_tax_due=0 tax_amount=5946 main_tax_amount=0 days_alive=7 stage=0 res0=0 res1=0 res2=0 res3=0 res4=0 res5=0 res6=0 res7=0 res8=0 BigHouse=1 Apiary=1 | nw=1532000.0000
  s=    7 a=  2(BUILD:WaterChannel) r= -0.0946 cum=     +5.64 v= +0.1866 top5=[a39=0.027, a32=0.026, a33=0.026, a25=0.026, a3=0.025] [BUILD: WaterChannel]
    OBS: year=0 month=3 season=0 money=6215 credit=0 people=28 busy=0 free=28 home_places=50 need_workers=0 tax_due=0 main_tax_due=0 tax_amount=5946 main_tax_amount=0 days_alive=8 stage=0 res0=0 res1=0 res2=0 res3=0 res4=0 res5=0 res6=0 res7=0 res8=0 BigHouse=1 Apiary=1 | nw=1532000.0000
  s=    8 a= 26(BUILD:BigSawmill) r= -0.2530 cum=     +5.38 v= +0.1415 top5=[a39=0.026, a33=0.025, a32=0.025, a14=0.025, a25=0.025] [BUILD: BigSawmill]
    OBS: year=0 month=3 season=0 money=6215 credit=0 people=28 busy=0 free=28 home_places=50 need_workers=0 tax_due=0 main_tax_due=0 tax_amount=5946 main_tax_amount=0 days_alive=9 stage=0 res0=0 res1=0 res2=0 res3=0 res4=0 res5=0 res6=0 res7=0 res8=0 BigHouse=1 Apiary=1 | nw=1532000.0000
  s=    9 a= 34(MANAGER:0) r= -0.2639 cum=     +5.12 v= +0.1222 top5=[a39=0.026, a33=0.025, a14=0.025, a32=0.025, a25=0.025]
    OBS: year=0 month=3 season=0 money=6215 credit=0 people=28 busy=0 free=28 home_places=50 need_workers=0 tax_due=0 main_tax_due=0 tax_amount=5946 main_tax_amount=0 days_alive=10 stage=0 res0=0 res1=0 res2=0 res3=0 res4=0 res5=0 res6=0 res7=0 res8=0 BigHouse=1 Apiary=1 | nw=1532000.0000
  s=   10 a=  7(BUILD:Sawmill) r= -0.2744 cum=     +4.85 v= +0.1088 top5=[a39=0.026, a14=0.025, a33=0.025, a32=0.025, a25=0.025] [BUILD: Sawmill]
    OBS: year=0 month=3 season=0 money=6215 credit=0 people=28 busy=0 free=28 home_places=50 need_workers=0 tax_due=0 main_tax_due=0 tax_amount=5946 main_tax_amount=0 days_alive=11 stage=0 res0=0 res1=0 res2=0 res3=0 res4=0 res5=0 res6=0 res7=0 res8=0 BigHouse=1 Apiary=1 | nw=1532000.0000
  s=   11 a= 20(BUILD:BigHouse) r= -0.2845 cum=     +4.56 v= +0.0984 top5=[a39=0.026, a14=0.025, a33=0.025, a32=0.024, a25=0.024] [BUILD: BigHouse]
    OBS: year=0 month=3 season=0 money=6215 credit=0 people=28 busy=0 free=28 home_places=50 need_workers=0 tax_due=0 main_tax_due=0 tax_amount=5946 main_tax_amount=0 days_alive=12 stage=0 res0=0 res1=0 res2=0 res3=0 res4=0 res5=0 res6=0 res7=0 res8=0 BigHouse=1 Apiary=1 | nw=1532000.0000
  s=   12 a=  9(BUILD:Ironmine) r= -0.2942 cum=     +4.27 v= +0.0882 top5=[a39=0.026, a14=0.025, a32=0.024, a33=0.024, a38=0.024] [BUILD: Ironmine]
    OBS: year=0 month=3 season=0 money=6215 credit=0 people=28 busy=0 free=28 home_places=50 need_workers=0 tax_due=0 main_tax_due=0 tax_amount=5946 main_tax_amount=0 days_alive=13 stage=0 res0=0 res1=0 res2=0 res3=0 res4=0 res5=0 res6=0 res7=0 res8=0 BigHouse=1 Apiary=1 | nw=1532000.0000
  s=   13 a= 33(BUILD:AtomStation) r= -0.3036 cum=     +3.96 v= +0.0787 top5=[a39=0.026, a14=0.025, a32=0.024, a38=0.024, a33=0.024] [BUILD: AtomStation]
    OBS: year=0 month=3 season=0 money=6215 credit=0 people=28 busy=0 free=28 home_places=50 need_workers=0 tax_due=0 main_tax_due=0 tax_amount=5946 main_tax_amount=0 days_alive=14 stage=0 res0=0 res1=0 res2=0 res3=0 res4=0 res5=0 res6=0 res7=0 res8=0 BigHouse=1 Apiary=1 | nw=1532000.0000
  s=   14 a=  0(DAY) r= -5.0034 cum=     -1.04 v= +0.0719 top5=[a39=0.026, a14=0.024, a32=0.024, a38=0.024, a12=0.024]
    OBS: year=0 month=3 season=0 money=6215 credit=0 people=28 busy=0 free=28 home_places=50 need_workers=0 tax_due=0 main_tax_due=0 tax_amount=5946 main_tax_amount=0 days_alive=15 stage=0 res0=0 res1=0 res2=0 res3=0 res4=0 res5=0 res6=0 res7=0 res8=0 BigHouse=1 Apiary=1 | nw=1532000.0000
  s=   15 a= 32(BUILD:SmallAtomStation) r= -0.2686 cum=     -1.31 v= +0.0668 top5=[a39=0.026, a14=0.024, a32=0.024, a12=0.024, a38=0.024] [BUILD: SmallAtomStation]
    OBS: year=0 month=3 season=0 money=6215 credit=0 people=28 busy=0 free=28 home_places=50 need_workers=0 tax_due=0 main_tax_due=0 tax_amount=5946 main_tax_amount=0 days_alive=16 stage=0 res0=0 res1=0 res2=0 res3=0 res4=0 res5=0 res6=0 res7=0 res8=0 BigHouse=1 Apiary=1 | nw=1532000.0000
  s=   16 a=  1(WEEK) r= +0.1842 cum=     -1.12 v= +0.0621 top5=[a39=0.026, a14=0.024, a32=0.024, a12=0.024, a38=0.024]
    OBS: year=0 month=3 season=0 money=6215 credit=0 people=28 busy=0 free=28 home_places=50 need_workers=0 tax_due=0 main_tax_due=0 tax_amount=5946 main_tax_amount=0 days_alive=23 stage=0 res0=0 res1=0 res2=0 res3=0 res4=0 res5=0 res6=0 res7=0 res8=0 BigHouse=1 Apiary=1 | nw=1532000.0000
  s=   17 a= 15(BUILD:Fish) r= -0.2837 cum=     -1.41 v= +0.0513 top5=[a39=0.028, a22=0.025, a14=0.025, a12=0.025, a32=0.025] [BUILD: Fish]
    OBS: year=0 month=3 season=0 money=6215 credit=0 people=28 busy=0 free=28 home_places=50 need_workers=0 tax_due=0 main_tax_due=0 tax_amount=5946 main_tax_amount=0 days_alive=24 stage=0 res0=0 res1=0 res2=0 res3=0 res4=0 res5=0 res6=0 res7=0 res8=0 BigHouse=1 Apiary=1 | nw=1532000.0000
  s=   18 a= 21(BUILD:BigFarm) r= -0.2910 cum=     -1.70 v= +0.0496 top5=[a39=0.028, a22=0.025, a14=0.025, a12=0.025, a32=0.025] [BUILD: BigFarm]
    OBS: year=0 month=3 season=0 money=6215 credit=0 people=28 busy=0 free=28 home_places=50 need_workers=0 tax_due=0 main_tax_due=0 tax_amount=5946 main_tax_amount=0 days_alive=25 stage=0 res0=0 res1=0 res2=0 res3=0 res4=0 res5=0 res6=0 res7=0 res8=0 BigHouse=1 Apiary=1 | nw=1532000.0000
  s=   19 a= 26(BUILD:BigSawmill) r= -0.2981 cum=     -2.00 v= +0.0480 top5=[a39=0.028, a22=0.025, a14=0.025, a12=0.025, a32=0.025] [BUILD: BigSawmill]
    OBS: year=0 month=3 season=0 money=6215 credit=0 people=28 busy=0 free=28 home_places=50 need_workers=0 tax_due=0 main_tax_due=0 tax_amount=5946 main_tax_amount=0 days_alive=26 stage=0 res0=0 res1=0 res2=0 res3=0 res4=0 res5=0 res6=0 res7=0 res8=0 BigHouse=1 Apiary=1 | nw=1532000.0000
  s=   20 a= 13(BUILD:HydroStation) r= -0.3051 cum=     -2.30 v= +0.0466 top5=[a39=0.028, a22=0.025, a14=0.025, a12=0.025, a32=0.025] [BUILD: HydroStation]
    OBS: year=0 month=3 season=0 money=6215 credit=0 people=28 busy=0 free=28 home_places=50 need_workers=0 tax_due=0 main_tax_due=0 tax_amount=5946 main_tax_amount=0 days_alive=27 stage=0 res0=0 res1=0 res2=0 res3=0 res4=0 res5=0 res6=0 res7=0 res8=0 BigHouse=1 Apiary=1 | nw=1532000.0000
  s=   21 a= 41(MANAGER:7) r= -0.0000 cum=     -2.30 v= +0.0453 top5=[a39=0.027, a22=0.025, a14=0.025, a12=0.025, a32=0.025]
    OBS: year=0 month=3 season=0 money=5415 credit=0 people=28 busy=0 free=28 home_places=50 need_workers=0 tax_due=0 main_tax_due=0 tax_amount=5954 main_tax_amount=0 days_alive=28 stage=0 res0=0 res1=400 res2=0 res3=0 res4=0 res5=0 res6=0 res7=0 res8=0 BigHouse=1 Apiary=1 | nw=1531600.0000
  s=   22 a= 41(MANAGER:7) r= -0.3185 cum=     -2.62 v= -0.1393 top5=[a39=0.034, a1=0.031, a43=0.030, a12=0.030, a32=0.029]
    OBS: year=0 month=3 season=0 money=5415 credit=0 people=28 busy=0 free=28 home_places=50 need_workers=0 tax_due=0 main_tax_due=0 tax_amount=5954 main_tax_amount=0 days_alive=29 stage=0 res0=0 res1=400 res2=0 res3=0 res4=0 res5=0 res6=0 res7=0 res8=0 BigHouse=1 Apiary=1 | nw=1531600.0000
  s=   23 a=  3(BUILD:Farm) r= -0.3250 cum=     -2.95 v= -0.1080 top5=[a39=0.031, a1=0.028, a32=0.028, a12=0.028, a43=0.027] [BUILD: Farm]
    OBS: year=0 month=3 season=0 money=5415 credit=0 people=28 busy=0 free=28 home_places=50 need_workers=0 tax_due=0 main_tax_due=0 tax_amount=5954 main_tax_amount=0 days_alive=30 stage=0 res0=0 res1=400 res2=0 res3=0 res4=0 res5=0 res6=0 res7=0 res8=0 BigHouse=1 Apiary=1 | nw=1531600.0000
  s=   24 a=  4(BUILD:Garden) r= -0.2957 cum=     -3.24 v= -0.0923 top5=[a39=0.030, a1=0.028, a32=0.027, a12=0.027, a33=0.027] [BUILD: Garden]
    OBS: year=0 month=4 season=0 money=5415 credit=0 people=28 busy=0 free=28 home_places=50 need_workers=0 tax_due=0 main_tax_due=0 tax_amount=5954 main_tax_amount=0 days_alive=31 stage=0 res0=0 res1=400 res2=0 res3=0 res4=0 res5=0 res6=0 res7=0 res8=0 BigHouse=1 Apiary=1 | nw=1531600.0000
  s=   25 a=  2(BUILD:WaterChannel) r= -0.3409 cum=     -3.58 v= +0.0589 top5=[a5=0.029, a3=0.026, a33=0.026, a39=0.026, a32=0.025] [BUILD: WaterChannel]
    OBS: year=0 month=4 season=0 money=5415 credit=0 people=28 busy=0 free=28 home_places=50 need_workers=0 tax_due=0 main_tax_due=0 tax_amount=5954 main_tax_amount=0 days_alive=32 stage=0 res0=0 res1=400 res2=0 res3=0 res4=0 res5=0 res6=0 res7=0 res8=0 BigHouse=1 Apiary=1 | nw=1531594.1988
  s=   26 a= 25(BUILD:SuperHouse) r= -0.3459 cum=     -3.93 v= +0.1622 top5=[a25=0.032, a3=0.029, a39=0.029, a20=0.027, a14=0.026] [BUILD: SuperHouse]
    OBS: year=0 month=4 season=0 money=5415 credit=0 people=28 busy=0 free=28 home_places=50 need_workers=0 tax_due=0 main_tax_due=0 tax_amount=5954 main_tax_amount=0 days_alive=33 stage=0 res0=0 res1=400 res2=0 res3=0 res4=0 res5=0 res6=0 res7=0 res8=0 BigHouse=1 Apiary=1 | nw=1531590.3314
  s=   27 a= 23(BUILD:Torchlight) r= -0.3531 cum=     -4.28 v= +0.1290 top5=[a25=0.029, a39=0.028, a3=0.027, a20=0.026, a5=0.026] [BUILD: Torchlight]
    OBS: year=0 month=4 season=0 money=5415 credit=0 people=28 busy=0 free=28 home_places=50 need_workers=0 tax_due=0 main_tax_due=0 tax_amount=5954 main_tax_amount=0 days_alive=34 stage=0 res0=0 res1=400 res2=0 res3=0 res4=0 res5=0 res6=0 res7=0 res8=0 BigHouse=1 Apiary=1 | nw=1531584.5302
  s=   28 a= 32(BUILD:SmallAtomStation) r= -0.3579 cum=     -4.64 v= +0.1061 top5=[a25=0.028, a39=0.027, a3=0.026, a5=0.026, a20=0.026] [BUILD: SmallAtomStation]
    OBS: year=0 month=4 season=0 money=5415 credit=0 people=28 busy=0 free=28 home_places=50 need_workers=0 tax_due=0 main_tax_due=0 tax_amount=5954 main_tax_amount=0 days_alive=35 stage=0 res0=0 res1=400 res2=0 res3=0 res4=0 res5=0 res6=0 res7=0 res8=0 BigHouse=1 Apiary=1 | nw=1531580.6628
  s=   29 a=  8(BUILD:Coalmine) r= -0.3637 cum=     -5.00 v= +0.0899 top5=[a25=0.027, a39=0.026, a5=0.026, a3=0.026, a20=0.025] [BUILD: Coalmine]
    OBS: year=0 month=4 season=0 money=5415 credit=0 people=28 busy=0 free=28 home_places=50 need_workers=0 tax_due=0 main_tax_due=0 tax_amount=5954 main_tax_amount=0 days_alive=36 stage=0 res0=0 res1=400 res2=0 res3=0 res4=0 res5=0 res6=0 res7=0 res8=0 BigHouse=1 Apiary=1 | nw=1531576.7953
  s=   30 a= 14(BUILD:Road) r= -0.3694 cum=     -5.37 v= +0.0776 top5=[a25=0.027, a39=0.026, a5=0.026, a3=0.025, a20=0.025] [BUILD: Road]
    OBS: year=0 month=4 season=0 money=5415 credit=0 people=28 busy=0 free=28 home_places=50 need_workers=0 tax_due=0 main_tax_due=0 tax_amount=5954 main_tax_amount=0 days_alive=37 stage=0 res0=0 res1=400 res2=0 res3=0 res4=0 res5=0 res6=0 res7=0 res8=0 BigHouse=1 Apiary=1 | nw=1531572.9279
  s=   31 a= 39(MANAGER:5) r= -0.3751 cum=     -5.75 v= +0.0678 top5=[a25=0.026, a39=0.026, a5=0.026, a20=0.025, a3=0.025]
    OBS: year=0 month=4 season=0 money=5415 credit=0 people=28 busy=0 free=28 home_places=50 need_workers=0 tax_due=0 main_tax_due=0 tax_amount=5954 main_tax_amount=0 days_alive=38 stage=0 res0=0 res1=400 res2=0 res3=0 res4=0 res5=0 res6=0 res7=0 res8=0 BigHouse=1 Apiary=1 | nw=1531569.0604
  s=   32 a= 41(MANAGER:7) r= -0.3806 cum=     -6.13 v= +0.0604 top5=[a25=0.026, a39=0.026, a5=0.026, a20=0.025, a43=0.025]
    OBS: year=0 month=4 season=0 money=5415 credit=0 people=28 busy=0 free=28 home_places=50 need_workers=0 tax_due=0 main_tax_due=0 tax_amount=5954 main_tax_amount=0 days_alive=39 stage=0 res0=0 res1=400 res2=0 res3=0 res4=0 res5=0 res6=0 res7=0 res8=0 BigHouse=1 Apiary=1 | nw=1531565.1930
  s=   33 a= 10(BUILD:Refinery) r= -0.3873 cum=     -6.52 v= +0.0543 top5=[a25=0.026, a39=0.026, a5=0.026, a20=0.025, a43=0.025] [BUILD: Refinery]
    OBS: year=0 month=4 season=0 money=5415 credit=0 people=28 busy=0 free=28 home_places=50 need_workers=0 tax_due=0 main_tax_due=0 tax_amount=5954 main_tax_amount=0 days_alive=40 stage=0 res0=0 res1=400 res2=0 res3=0 res4=0 res5=0 res6=0 res7=0 res8=0 BigHouse=1 Apiary=1 | nw=1531559.3918
  s=   34 a= 33(BUILD:AtomStation) r= -0.3914 cum=     -6.91 v= +0.0481 top5=[a5=0.026, a25=0.026, a39=0.026, a20=0.025, a43=0.025] [BUILD: AtomStation]
    OBS: year=0 month=4 season=0 money=5415 credit=0 people=28 busy=0 free=28 home_places=50 need_workers=0 tax_due=0 main_tax_due=0 tax_amount=5954 main_tax_amount=0 days_alive=41 stage=0 res0=0 res1=400 res2=0 res3=0 res4=0 res5=0 res6=0 res7=0 res8=0 BigHouse=1 Apiary=1 | nw=1531555.5244
  s=   35 a= 21(BUILD:BigFarm) r= -0.3967 cum=     -7.30 v= +0.0426 top5=[a5=0.026, a25=0.025, a39=0.025, a20=0.025, a43=0.025] [BUILD: BigFarm]
    OBS: year=0 month=4 season=0 money=5415 credit=0 people=28 busy=0 free=28 home_places=50 need_workers=0 tax_due=0 main_tax_due=0 tax_amount=5954 main_tax_amount=0 days_alive=42 stage=0 res0=0 res1=400 res2=0 res3=0 res4=0 res5=0 res6=0 res7=0 res8=0 BigHouse=1 Apiary=1 | nw=1531551.6569
  s=   36 a= 40(MANAGER:6) r= +0.4112 cum=     -6.89 v= +0.0377 top5=[a5=0.026, a25=0.025, a39=0.025, a43=0.025, a20=0.025]
    OBS: year=0 month=4 season=0 money=5615 credit=0 people=28 busy=0 free=28 home_places=50 need_workers=0 tax_due=0 main_tax_due=0 tax_amount=5958 main_tax_amount=0 days_alive=43 stage=0 res0=0 res1=200 res2=0 res3=0 res4=0 res5=0 res6=0 res7=0 res8=0 BigHouse=1 Apiary=1 | nw=1531549.7232
  s=   37 a=  3(BUILD:Farm) r= -0.4064 cum=     -7.30 v= +0.0342 top5=[a5=0.026, a25=0.025, a39=0.025, a43=0.025, a20=0.024] [BUILD: Farm]
    OBS: year=0 month=4 season=0 money=5615 credit=0 people=28 busy=0 free=28 home_places=50 need_workers=0 tax_due=0 main_tax_due=0 tax_amount=5958 main_tax_amount=0 days_alive=44 stage=0 res0=0 res1=200 res2=0 res3=0 res4=0 res5=0 res6=0 res7=0 res8=0 BigHouse=1 Apiary=1 | nw=1531545.8558
  s=   38 a= 34(MANAGER:0) r= -0.4127 cum=     -7.71 v= +0.0312 top5=[a5=0.026, a39=0.025, a25=0.025, a43=0.025, a20=0.024]
    OBS: year=0 month=4 season=0 money=5615 credit=0 people=28 busy=0 free=28 home_places=50 need_workers=0 tax_due=0 main_tax_due=0 tax_amount=5958 main_tax_amount=0 days_alive=45 stage=0 res0=0 res1=200 res2=0 res3=0 res4=0 res5=0 res6=0 res7=0 res8=0 BigHouse=1 Apiary=1 | nw=1531540.0546
  s=   39 a= 40(MANAGER:6) r= -0.4164 cum=     -8.13 v= +0.0275 top5=[a5=0.026, a39=0.025, a25=0.025, a43=0.025, a24=0.024]
    OBS: year=0 month=4 season=0 money=5615 credit=0 people=28 busy=0 free=28 home_places=50 need_workers=0 tax_due=0 main_tax_due=0 tax_amount=5958 main_tax_amount=0 days_alive=46 stage=0 res0=0 res1=200 res2=0 res3=0 res4=0 res5=0 res6=0 res7=0 res8=0 BigHouse=1 Apiary=1 | nw=1531536.1872
  s=   40 a= 33(BUILD:AtomStation) r= -0.4213 cum=     -8.55 v= +0.0230 top5=[a5=0.026, a39=0.025, a43=0.025, a25=0.025, a24=0.024] [BUILD: AtomStation]
    OBS: year=0 month=4 season=0 money=5615 credit=0 people=28 busy=0 free=28 home_places=50 need_workers=0 tax_due=0 main_tax_due=0 tax_amount=5958 main_tax_amount=0 days_alive=47 stage=0 res0=0 res1=200 res2=0 res3=0 res4=0 res5=0 res6=0 res7=0 res8=0 BigHouse=1 Apiary=1 | nw=1531532.3197
  s=   41 a= 31(BUILD:AirStation) r= -0.4262 cum=     -8.98 v= +0.0195 top5=[a5=0.026, a39=0.025, a43=0.025, a24=0.025, a25=0.024] [BUILD: AirStation]
    OBS: year=0 month=4 season=0 money=5615 credit=0 people=28 busy=0 free=28 home_places=50 need_workers=0 tax_due=0 main_tax_due=0 tax_amount=5958 main_tax_amount=0 days_alive=48 stage=0 res0=0 res1=200 res2=0 res3=0 res4=0 res5=0 res6=0 res7=0 res8=0 BigHouse=1 Apiary=1 | nw=1531528.4523
  s=   42 a= 14(BUILD:Road) r= -0.4310 cum=     -9.41 v= +0.0160 top5=[a5=0.026, a39=0.025, a43=0.025, a24=0.025, a25=0.024] [BUILD: Road]
    OBS: year=0 month=4 season=0 money=5615 credit=0 people=28 busy=0 free=28 home_places=50 need_workers=0 tax_due=0 main_tax_due=0 tax_amount=5958 main_tax_amount=0 days_alive=49 stage=0 res0=0 res1=200 res2=0 res3=0 res4=0 res5=0 res6=0 res7=0 res8=0 BigHouse=1 Apiary=1 | nw=1531524.5848
  s=   43 a= 29(BUILD:Puerperal) r= -0.4357 cum=     -9.84 v= +0.0137 top5=[a5=0.025, a39=0.025, a43=0.025, a24=0.025, a12=0.024] [BUILD: Puerperal]
    OBS: year=0 month=4 season=0 money=5615 credit=0 people=28 busy=0 free=28 home_places=50 need_workers=0 tax_due=0 main_tax_due=0 tax_amount=5958 main_tax_amount=0 days_alive=50 stage=0 res0=0 res1=200 res2=0 res3=0 res4=0 res5=0 res6=0 res7=0 res8=0 BigHouse=1 Apiary=1 | nw=1531520.7174
  s=   44 a=  7(BUILD:Sawmill) r= -0.4404 cum=    -10.28 v= +0.0123 top5=[a39=0.025, a5=0.025, a24=0.025, a43=0.025, a12=0.025] [BUILD: Sawmill]
    OBS: year=0 month=4 season=0 money=5615 credit=0 people=28 busy=0 free=28 home_places=50 need_workers=0 tax_due=0 main_tax_due=0 tax_amount=5958 main_tax_amount=0 days_alive=51 stage=0 res0=0 res1=200 res2=0 res3=0 res4=0 res5=0 res6=0 res7=0 res8=0 BigHouse=1 Apiary=1 | nw=1531516.8499
  s=   45 a= 18(BUILD:CowFarm) r= -0.4451 cum=    -10.73 v= +0.0113 top5=[a39=0.025, a5=0.025, a24=0.025, a12=0.025, a43=0.025] [BUILD: CowFarm]
    OBS: year=0 month=4 season=0 money=5615 credit=0 people=28 busy=0 free=28 home_places=50 need_workers=0 tax_due=0 main_tax_due=0 tax_amount=5958 main_tax_amount=0 days_alive=52 stage=0 res0=0 res1=200 res2=0 res3=0 res4=0 res5=0 res6=0 res7=0 res8=0 BigHouse=1 Apiary=1 | nw=1531512.9825
  s=   46 a= 20(BUILD:BigHouse) r= -0.4511 cum=    -11.18 v= +0.0104 top5=[a39=0.026, a24=0.025, a5=0.025, a12=0.025, a43=0.025] [BUILD: BigHouse]
    OBS: year=0 month=4 season=0 money=5615 credit=0 people=28 busy=0 free=28 home_places=50 need_workers=0 tax_due=0 main_tax_due=0 tax_amount=5958 main_tax_amount=0 days_alive=53 stage=0 res0=0 res1=200 res2=0 res3=0 res4=0 res5=0 res6=0 res7=0 res8=0 BigHouse=1 Apiary=1 | nw=1531507.1813
  s=   47 a= 11(BUILD:Goldmine) r= -0.4542 cum=    -11.63 v= +0.0104 top5=[a39=0.026, a24=0.025, a12=0.025, a5=0.025, a43=0.025] [BUILD: Goldmine]
    OBS: year=0 month=4 season=0 money=5615 credit=0 people=28 busy=0 free=28 home_places=50 need_workers=0 tax_due=0 main_tax_due=0 tax_amount=5958 main_tax_amount=0 days_alive=54 stage=0 res0=0 res1=200 res2=0 res3=0 res4=0 res5=0 res6=0 res7=0 res8=0 BigHouse=1 Apiary=1 | nw=1531503.3139
  s=   48 a= 16(BUILD:CoalCut) r= -0.4586 cum=    -12.09 v= +0.0106 top5=[a39=0.026, a24=0.026, a12=0.025, a5=0.025, a43=0.025] [BUILD: CoalCut]
    OBS: year=0 month=4 season=0 money=5615 credit=0 people=28 busy=0 free=28 home_places=50 need_workers=0 tax_due=0 main_tax_due=0 tax_amount=5958 main_tax_amount=0 days_alive=55 stage=0 res0=0 res1=200 res2=0 res3=0 res4=0 res5=0 res6=0 res7=0 res8=0 BigHouse=1 Apiary=1 | nw=1531499.4464
  s=   49 a= 10(BUILD:Refinery) r= -0.4631 cum=    -12.56 v= +0.0100 top5=[a39=0.026, a24=0.026, a12=0.026, a5=0.025, a43=0.025] [BUILD: Refinery]
    OBS: year=0 month=4 season=0 money=5615 credit=0 people=28 busy=0 free=28 home_places=50 need_workers=0 tax_due=0 main_tax_due=0 tax_amount=5958 main_tax_amount=0 days_alive=56 stage=0 res0=0 res1=200 res2=0 res3=0 res4=0 res5=0 res6=0 res7=0 res8=0 BigHouse=1 Apiary=1 | nw=1531495.5790
  s=   50 a= 33(BUILD:AtomStation) r= -0.4675 cum=    -13.02 v= +0.0079 top5=[a39=0.026, a24=0.026, a12=0.026, a43=0.025, a5=0.025] [BUILD: AtomStation]
    OBS: year=0 month=4 season=0 money=5615 credit=0 people=28 busy=0 free=28 home_places=50 need_workers=0 tax_due=0 main_tax_due=0 tax_amount=5958 main_tax_amount=0 days_alive=57 stage=0 res0=0 res1=200 res2=0 res3=0 res4=0 res5=0 res6=0 res7=0 res8=0 BigHouse=1 Apiary=1 | nw=1531491.7115
  s=   51 a= 41(MANAGER:7) r= +0.1532 cum=    -12.87 v= +0.0065 top5=[a39=0.026, a24=0.026, a12=0.026, a43=0.025, a5=0.025]
    OBS: year=0 month=4 season=0 money=5215 credit=0 people=28 busy=0 free=28 home_places=50 need_workers=0 tax_due=0 main_tax_due=0 tax_amount=5962 main_tax_amount=0 days_alive=58 stage=0 res0=0 res1=400 res2=0 res3=0 res4=0 res5=0 res6=0 res7=0 res8=0 BigHouse=1 Apiary=1 | nw=1531287.8441
  s=   52 a=  5(BUILD:House) r= -0.4758 cum=    -13.35 v= +0.0054 top5=[a39=0.026, a24=0.026, a12=0.026, a43=0.025, a5=0.025] [BUILD: House]
    OBS: year=0 month=4 season=0 money=5215 credit=0 people=28 busy=0 free=28 home_places=50 need_workers=0 tax_due=0 main_tax_due=0 tax_amount=5962 main_tax_amount=0 days_alive=59 stage=0 res0=0 res1=400 res2=0 res3=0 res4=0 res5=0 res6=0 res7=0 res8=0 BigHouse=1 Apiary=1 | nw=1531283.9766
  s=   53 a= 33(BUILD:AtomStation) r= -0.4816 cum=    -13.83 v= +0.0043 top5=[a39=0.026, a24=0.026, a12=0.026, a43=0.025, a5=0.025] [BUILD: AtomStation]
    OBS: year=0 month=4 season=0 money=5215 credit=0 people=28 busy=0 free=28 home_places=50 need_workers=0 tax_due=0 main_tax_due=0 tax_amount=5962 main_tax_amount=0 days_alive=60 stage=0 res0=0 res1=400 res2=0 res3=0 res4=0 res5=0 res6=0 res7=0 res8=0 BigHouse=1 Apiary=1 | nw=1531278.1755
  s=   54 a= 10(BUILD:Refinery) r= -0.4827 cum=    -14.31 v= +0.0028 top5=[a39=0.026, a24=0.026, a12=0.026, a43=0.025, a5=0.025] [BUILD: Refinery]
    OBS: year=0 month=5 season=0 money=5215 credit=0 people=28 busy=0 free=28 home_places=50 need_workers=0 tax_due=0 main_tax_due=0 tax_amount=5962 main_tax_amount=0 days_alive=61 stage=0 res0=0 res1=400 res2=0 res3=0 res4=0 res5=0 res6=0 res7=0 res8=0 BigHouse=1 Apiary=1 | nw=1531276.2418
  s=   55 a= 31(BUILD:AirStation) r= -0.4884 cum=    -14.80 v= +0.0618 top5=[a3=0.025, a25=0.024, a41=0.024, a19=0.024, a18=0.024] [BUILD: AirStation]
    OBS: year=0 month=5 season=0 money=5215 credit=0 people=28 busy=0 free=28 home_places=50 need_workers=0 tax_due=0 main_tax_due=0 tax_amount=5962 main_tax_amount=0 days_alive=62 stage=0 res0=0 res1=400 res2=0 res3=0 res4=0 res5=0 res6=0 res7=0 res8=0 BigHouse=1 Apiary=1 | nw=1531272.3743
  s=   56 a= 14(BUILD:Road) r= -0.4925 cum=    -15.29 v= +0.0599 top5=[a3=0.025, a25=0.024, a41=0.024, a19=0.024, a39=0.024] [BUILD: Road]
    OBS: year=0 month=5 season=0 money=5215 credit=0 people=28 busy=0 free=28 home_places=50 need_workers=0 tax_due=0 main_tax_due=0 tax_amount=5962 main_tax_amount=0 days_alive=63 stage=0 res0=0 res1=400 res2=0 res3=0 res4=0 res5=0 res6=0 res7=0 res8=0 BigHouse=1 Apiary=1 | nw=1531268.5069
  s=   57 a=  1(WEEK) r= +0.3082 cum=    -14.98 v= +0.0579 top5=[a25=0.024, a3=0.024, a41=0.024, a39=0.024, a19=0.024]
    OBS: year=0 month=5 season=0 money=5215 credit=0 people=28 busy=0 free=28 home_places=50 need_workers=0 tax_due=0 main_tax_due=0 tax_amount=5962 main_tax_amount=0 days_alive=70 stage=0 res0=0 res1=400 res2=0 res3=0 res4=0 res5=0 res6=0 res7=0 res8=0 BigHouse=1 Apiary=1 | nw=1531243.3685
  s=   58 a=  3(BUILD:Farm) r= -0.4998 cum=    -15.48 v= +0.0393 top5=[a25=0.025, a39=0.024, a20=0.024, a5=0.024, a14=0.023] [BUILD: Farm]
    OBS: year=0 month=5 season=0 money=5215 credit=0 people=28 busy=0 free=28 home_places=50 need_workers=0 tax_due=0 main_tax_due=0 tax_amount=5962 main_tax_amount=0 days_alive=71 stage=0 res0=0 res1=400 res2=0 res3=0 res4=0 res5=0 res6=0 res7=0 res8=0 BigHouse=1 Apiary=1 | nw=1531239.5010
  s=   59 a= 30(BUILD:BigIronmine) r= -0.5038 cum=    -15.99 v= +0.0369 top5=[a25=0.024, a39=0.024, a20=0.024, a5=0.024, a14=0.023] [BUILD: BigIronmine]
    OBS: year=0 month=5 season=0 money=5215 credit=0 people=28 busy=0 free=28 home_places=50 need_workers=0 tax_due=0 main_tax_due=0 tax_amount=5962 main_tax_amount=0 days_alive=72 stage=0 res0=0 res1=400 res2=0 res3=0 res4=0 res5=0 res6=0 res7=0 res8=0 BigHouse=1 Apiary=1 | nw=1531235.6336
  s=   60 a=  8(BUILD:Coalmine) r= -0.5077 cum=    -16.49 v= +0.0344 top5=[a25=0.024, a39=0.024, a20=0.024, a5=0.024, a14=0.023] [BUILD: Coalmine]
    OBS: year=0 month=5 season=0 money=5215 credit=0 people=28 busy=0 free=28 home_places=50 need_workers=0 tax_due=0 main_tax_due=0 tax_amount=5962 main_tax_amount=0 days_alive=73 stage=0 res0=0 res1=400 res2=0 res3=0 res4=0 res5=0 res6=0 res7=0 res8=0 BigHouse=1 Apiary=1 | nw=1531231.7661
  s=   61 a=  0(DAY) r= +0.3356 cum=    -16.16 v= +0.0315 top5=[a25=0.024, a39=0.024, a5=0.024, a20=0.024, a43=0.023]
    OBS: year=0 month=5 season=0 money=5215 credit=0 people=28 busy=0 free=28 home_places=50 need_workers=0 tax_due=0 main_tax_due=0 tax_amount=5962 main_tax_amount=0 days_alive=74 stage=0 res0=0 res1=400 res2=0 res3=0 res4=0 res5=0 res6=0 res7=0 res8=0 BigHouse=1 Apiary=1 | nw=1531227.8987
  s=   62 a=  1(WEEK) r= -8.2015 cum=    -24.36 v= +0.0290 top5=[a25=0.024, a39=0.024, a5=0.024, a20=0.024, a43=0.024]
    OBS: year=0 month=5 season=0 money=5215 credit=0 people=28 busy=0 free=28 home_places=50 need_workers=0 tax_due=0 main_tax_due=0 tax_amount=5962 main_tax_amount=0 days_alive=81 stage=0 res0=0 res1=400 res2=0 res3=0 res4=0 res5=0 res6=0 res7=0 res8=0 BigHouse=1 Apiary=1 | nw=1531204.6940
  s=   63 a= 30(BUILD:BigIronmine) r= -0.3971 cum=    -24.76 v= +0.0210 top5=[a39=0.025, a5=0.024, a43=0.024, a12=0.024, a24=0.024] [BUILD: BigIronmine]
    OBS: year=0 month=5 season=0 money=5215 credit=0 people=28 busy=0 free=28 home_places=50 need_workers=0 tax_due=0 main_tax_due=0 tax_amount=5962 main_tax_amount=0 days_alive=82 stage=0 res0=0 res1=400 res2=0 res3=0 res4=0 res5=0 res6=0 res7=0 res8=0 BigHouse=1 Apiary=1 | nw=1531200.8266
  s=   64 a= 43(MANAGER:9) r= -0.4001 cum=    -25.16 v= +0.0191 top5=[a39=0.025, a43=0.025, a5=0.024, a24=0.024, a12=0.024]
    OBS: year=0 month=5 season=0 money=5215 credit=0 people=28 busy=0 free=28 home_places=50 need_workers=0 tax_due=0 main_tax_due=0 tax_amount=5962 main_tax_amount=0 days_alive=83 stage=0 res0=0 res1=400 res2=0 res3=0 res4=0 res5=0 res6=0 res7=0 res8=0 BigHouse=1 Apiary=1 | nw=1531196.9591
  s=   65 a= 15(BUILD:Fish) r= -0.4019 cum=    -25.56 v= +0.0179 top5=[a39=0.025, a43=0.025, a5=0.024, a24=0.024, a12=0.024] [BUILD: Fish]
    OBS: year=0 month=5 season=0 money=5215 credit=0 people=28 busy=0 free=28 home_places=50 need_workers=0 tax_due=0 main_tax_due=0 tax_amount=5962 main_tax_amount=0 days_alive=84 stage=0 res0=0 res1=400 res2=0 res3=0 res4=0 res5=0 res6=0 res7=0 res8=0 BigHouse=1 Apiary=1 | nw=1531195.0254
  s=   66 a= 30(BUILD:BigIronmine) r= -0.4048 cum=    -25.96 v= +0.0151 top5=[a39=0.025, a43=0.025, a24=0.024, a12=0.024, a5=0.024] [BUILD: BigIronmine]
    OBS: year=0 month=5 season=0 money=5215 credit=0 people=28 busy=0 free=28 home_places=50 need_workers=0 tax_due=0 main_tax_due=0 tax_amount=5962 main_tax_amount=0 days_alive=85 stage=0 res0=0 res1=400 res2=0 res3=0 res4=0 res5=0 res6=0 res7=0 res8=0 BigHouse=1 Apiary=1 | nw=1531193.0917
  s=   67 a=  7(BUILD:Sawmill) r= -0.4091 cum=    -26.37 v= +0.0121 top5=[a39=0.025, a43=0.025, a24=0.025, a12=0.025, a5=0.024] [BUILD: Sawmill]
    OBS: year=0 month=5 season=0 money=5215 credit=0 people=28 busy=0 free=28 home_places=50 need_workers=0 tax_due=0 main_tax_due=0 tax_amount=5962 main_tax_amount=0 days_alive=86 stage=0 res0=0 res1=400 res2=0 res3=0 res4=0 res5=0 res6=0 res7=0 res8=0 BigHouse=1 Apiary=1 | nw=1531189.2242
  s=   68 a= 18(BUILD:CowFarm) r= -0.4121 cum=    -26.78 v= +0.0090 top5=[a39=0.025, a43=0.025, a24=0.025, a12=0.025, a5=0.024] [BUILD: CowFarm]
    OBS: year=0 month=5 season=0 money=5215 credit=0 people=28 busy=0 free=28 home_places=50 need_workers=0 tax_due=0 main_tax_due=0 tax_amount=5962 main_tax_amount=0 days_alive=87 stage=0 res0=0 res1=400 res2=0 res3=0 res4=0 res5=0 res6=0 res7=0 res8=0 BigHouse=1 Apiary=1 | nw=1531185.3568
  s=   69 a=  4(BUILD:Garden) r= -0.4137 cum=    -27.20 v= +0.0064 top5=[a39=0.025, a24=0.025, a43=0.025, a12=0.025, a5=0.024] [BUILD: Garden]
    OBS: year=0 month=5 season=0 money=5215 credit=0 people=28 busy=0 free=28 home_places=50 need_workers=0 tax_due=0 main_tax_due=0 tax_amount=5962 main_tax_amount=0 days_alive=88 stage=0 res0=0 res1=400 res2=0 res3=0 res4=0 res5=0 res6=0 res7=0 res8=0 BigHouse=1 Apiary=1 | nw=1531183.4231
  s=   70 a= 26(BUILD:BigSawmill) r= -0.4179 cum=    -27.62 v= +0.0036 top5=[a39=0.026, a24=0.025, a43=0.025, a12=0.025, a5=0.024] [BUILD: BigSawmill]
    OBS: year=0 month=5 season=0 money=5215 credit=0 people=28 busy=0 free=28 home_places=50 need_workers=0 tax_due=0 main_tax_due=0 tax_amount=5962 main_tax_amount=0 days_alive=89 stage=0 res0=0 res1=400 res2=0 res3=0 res4=0 res5=0 res6=0 res7=0 res8=0 BigHouse=1 Apiary=1 | nw=1531179.5556
  s=   71 a= 44(MANAGER:10) r= +0.6245 cum=    -26.99 v= +0.0010 top5=[a39=0.026, a24=0.025, a12=0.025, a43=0.025, a14=0.024]
    OBS: year=0 month=5 season=0 money=5215 credit=0 people=28 busy=0 free=28 home_places=50 need_workers=0 tax_due=0 main_tax_due=0 tax_amount=5962 main_tax_amount=0 days_alive=90 stage=0 res0=0 res1=400 res2=0 res3=0 res4=0 res5=0 res6=0 res7=0 res8=0 BigHouse=1 Apiary=1 | nw=1531175.6882
  s=   72 a= 42(MANAGER:8) r= +0.0333 cum=    -26.96 v= -0.0006 top5=[a39=0.026, a24=0.025, a12=0.025, a43=0.025, a14=0.024]
    OBS: year=0 month=5 season=0 money=55215 credit=50100 people=28 busy=0 free=28 home_places=50 need_workers=0 tax_due=0 main_tax_due=0 tax_amount=5962 main_tax_amount=0 days_alive=91 stage=0 res0=0 res1=400 res2=0 res3=0 res4=0 res5=0 res6=0 res7=0 res8=0 BigHouse=1 Apiary=1 | nw=1531073.7545
  s=   73 a= 27(BUILD:WaterMill) r= -0.6719 cum=    -27.63 v= -0.0721 top5=[a14=0.028, a12=0.027, a34=0.027, a29=0.026, a33=0.026] [BUILD: WaterMill]
    OBS: year=0 month=6 season=1 money=55215 credit=50200 people=28 busy=0 free=28 home_places=50 need_workers=5 tax_due=0 main_tax_due=0 tax_amount=5962 main_tax_amount=0 days_alive=92 stage=0 res0=0 res1=400 res2=0 res3=0 res4=0 res5=0 res6=0 res7=0 res8=0 BigHouse=1 Apiary=1 | nw=1530969.8870
  s=   74 a= 19(BUILD:Mushroom) r= -0.6765 cum=    -28.31 v= +0.2057 top5=[a29=0.060, a39=0.052, a43=0.044, a32=0.042, a3=0.041] [BUILD: Mushroom]
    OBS: year=0 month=6 season=1 money=55215 credit=50300 people=28 busy=0 free=28 home_places=50 need_workers=5 tax_due=0 main_tax_due=0 tax_amount=5962 main_tax_amount=0 days_alive=93 stage=0 res0=0 res1=400 res2=0 res3=0 res4=0 res5=0 res6=0 res7=0 res8=0 BigHouse=1 Apiary=1 | nw=1530866.0196
  s=   75 a= 28(BUILD:BigRefinary) r= -0.6811 cum=    -28.99 v= +0.1128 top5=[a29=0.046, a39=0.041, a43=0.037, a32=0.036, a5=0.035] [BUILD: BigRefinary]
    OBS: year=0 month=6 season=1 money=55215 credit=50400 people=28 busy=0 free=28 home_places=50 need_workers=5 tax_due=0 main_tax_due=0 tax_amount=5962 main_tax_amount=0 days_alive=94 stage=0 res0=0 res1=400 res2=0 res3=0 res4=0 res5=0 res6=0 res7=0 res8=0 BigHouse=1 Apiary=1 | nw=1530762.1521
  s=   76 a= 11(BUILD:Goldmine) r= -0.6842 cum=    -29.67 v= +0.0729 top5=[a29=0.041, a39=0.037, a43=0.034, a32=0.033, a5=0.032] [BUILD: Goldmine]
    OBS: year=0 month=6 season=1 money=55215 credit=50500 people=28 busy=0 free=28 home_places=50 need_workers=5 tax_due=0 main_tax_due=0 tax_amount=5962 main_tax_amount=0 days_alive=95 stage=0 res0=0 res1=400 res2=0 res3=0 res4=0 res5=0 res6=0 res7=0 res8=0 BigHouse=1 Apiary=1 | nw=1530660.2184
  s=   77 a= 35(MANAGER:1) r= +0.1139 cum=    -29.56 v= +0.0583 top5=[a29=0.038, a39=0.035, a43=0.032, a32=0.032, a5=0.030]
    OBS: year=0 month=6 season=1 money=55091 credit=50601 people=28 busy=0 free=28 home_places=50 need_workers=5 tax_due=0 main_tax_due=0 tax_amount=5962 main_tax_amount=0 days_alive=96 stage=0 res0=0 res1=400 res2=0 res3=0 res4=0 res5=0 res6=0 res7=0 res8=0 BigHouse=1 Apiary=1 | nw=1530671.1326
  s=   78 a= 11(BUILD:Goldmine) r= -0.6950 cum=    -30.25 v= +0.0519 top5=[a29=0.035, a39=0.033, a43=0.031, a32=0.030, a5=0.029] [BUILD: Goldmine]
    OBS: year=0 month=6 season=1 money=55091 credit=50702 people=28 busy=0 free=28 home_places=50 need_workers=5 tax_due=0 main_tax_due=0 tax_amount=5962 main_tax_amount=0 days_alive=97 stage=0 res0=0 res1=400 res2=0 res3=0 res4=0 res5=0 res6=0 res7=0 res8=0 BigHouse=1 Apiary=1 | nw=1530566.2651
  s=   79 a= 43(MANAGER:9) r= +0.2857 cum=    -29.97 v= +0.0446 top5=[a29=0.034, a39=0.032, a43=0.030, a32=0.029, a33=0.029]
    OBS: year=0 month=6 season=1 money=5091 credit=703 people=28 busy=0 free=28 home_places=50 need_workers=5 tax_due=0 main_tax_due=0 tax_amount=5962 main_tax_amount=0 days_alive=98 stage=0 res0=0 res1=400 res2=0 res3=0 res4=0 res5=0 res6=0 res7=0 res8=0 BigHouse=1 Apiary=1 | nw=1530561.3977
  s=   80 a= 43(MANAGER:9) r= +0.2903 cum=    -29.68 v= +0.0882 top5=[a43=0.033, a39=0.033, a29=0.032, a5=0.031, a32=0.029]
    OBS: year=0 month=6 season=1 money=4388 credit=0 people=28 busy=0 free=28 home_places=50 need_workers=5 tax_due=0 main_tax_due=0 tax_amount=5962 main_tax_amount=0 days_alive=99 stage=0 res0=0 res1=400 res2=0 res3=0 res4=0 res5=0 res6=0 res7=0 res8=0 BigHouse=1 Apiary=1 | nw=1530557.5302
  s=   81 a= 32(BUILD:SmallAtomStation) r= +1.0281 cum=    -28.65 v= +0.0782 top5=[a43=0.032, a39=0.032, a29=0.031, a5=0.030, a32=0.028] [BUILD: SmallAtomStation]
    OBS: year=0 month=6 season=1 money=4388 credit=0 people=28 busy=0 free=28 home_places=50 need_workers=5 tax_due=0 main_tax_due=0 tax_amount=5962 main_tax_amount=0 days_alive=100 stage=0 res0=0 res1=400 res2=0 res3=0 res4=0 res5=0 res6=0 res7=0 res8=0 BigHouse=1 Apiary=1 | nw=1530553.6628
  s=   82 a= 17(BUILD:HuntingLand) r= -0.4446 cum=    -29.09 v= +0.0699 top5=[a43=0.032, a39=0.031, a29=0.031, a5=0.030, a32=0.028] [BUILD: HuntingLand]
    OBS: year=0 month=6 season=1 money=4388 credit=0 people=28 busy=0 free=28 home_places=50 need_workers=5 tax_due=0 main_tax_due=0 tax_amount=5962 main_tax_amount=0 days_alive=101 stage=0 res0=0 res1=400 res2=0 res3=0 res4=0 res5=0 res6=0 res7=0 res8=0 BigHouse=1 Apiary=1 | nw=1530549.7953
  s=   83 a= 23(BUILD:Torchlight) r= -0.4472 cum=    -29.54 v= +0.0624 top5=[a43=0.031, a39=0.031, a29=0.030, a5=0.029, a33=0.027] [BUILD: Torchlight]
    OBS: year=0 month=6 season=1 money=4388 credit=0 people=28 busy=0 free=28 home_places=50 need_workers=5 tax_due=0 main_tax_due=0 tax_amount=5962 main_tax_amount=0 days_alive=102 stage=0 res0=0 res1=400 res2=0 res3=0 res4=0 res5=0 res6=0 res7=0 res8=0 BigHouse=1 Apiary=1 | nw=1530545.9279
  s=   84 a= 32(BUILD:SmallAtomStation) r= -0.4498 cum=    -29.99 v= +0.0560 top5=[a43=0.031, a39=0.031, a29=0.030, a5=0.029, a13=0.027] [BUILD: SmallAtomStation]
    OBS: year=0 month=6 season=1 money=4388 credit=0 people=28 busy=0 free=28 home_places=50 need_workers=5 tax_due=0 main_tax_due=0 tax_amount=5962 main_tax_amount=0 days_alive=103 stage=0 res0=0 res1=400 res2=0 res3=0 res4=0 res5=0 res6=0 res7=0 res8=0 BigHouse=1 Apiary=1 | nw=1530542.0604
  s=   85 a= 12(BUILD:PowerStation) r= +1.3906 cum=    -28.60 v= +0.0497 top5=[a43=0.031, a39=0.030, a29=0.029, a5=0.029, a13=0.027] [BUILD: PowerStation]
    OBS: year=0 month=6 season=1 money=3988 credit=0 people=28 busy=0 free=28 home_places=50 need_workers=5 tax_due=0 main_tax_due=0 tax_amount=5962 main_tax_amount=0 days_alive=104 stage=0 res0=0 res1=400 res2=0 res3=0 res4=0 res5=0 res6=0 res7=0 res8=0 Road=1 BigHouse=1 Apiary=1 | nw=1530538.1930
  s=   86 a= 38(MANAGER:4) r= +2.5348 cum=    -26.07 v= +0.0630 top5=[a39=0.030, a29=0.029, a43=0.028, a5=0.027, a32=0.027]
    OBS: year=0 month=6 season=1 money=3988 credit=0 people=28 busy=0 free=28 home_places=250 need_workers=0 tax_due=0 main_tax_due=0 tax_amount=5962 main_tax_amount=0 days_alive=105 stage=0 res0=0 res1=400 res2=0 res3=0 res4=0 res5=0 res6=0 res7=0 res8=0 Road=1 BigHouse=1 Apiary=1 | nw=1530534.3255
  s=   87 a= 13(BUILD:HydroStation) r= +7.3209 cum=    -18.74 v= -0.0696 top5=[a14=0.044, a39=0.042, a13=0.041, a5=0.040, a43=0.039] [BUILD: HydroStation]
    OBS: year=0 month=6 season=1 money=3988 credit=0 people=28 busy=0 free=28 home_places=250 need_workers=0 tax_due=0 main_tax_due=0 tax_amount=5962 main_tax_amount=0 days_alive=106 stage=0 res0=0 res1=400 res2=0 res3=0 res4=0 res5=0 res6=0 res7=0 res8=0 Road=1 BigHouse=1 Apiary=1 | nw=1530526.8578
  s=   88 a= 36(MANAGER:2) r= +0.2632 cum=    -18.48 v= -0.0365 top5=[a5=0.040, a43=0.039, a14=0.039, a39=0.038, a13=0.037]
    OBS: year=0 month=6 season=1 money=3964 credit=0 people=28 busy=0 free=28 home_places=250 need_workers=0 tax_due=0 main_tax_due=0 tax_amount=5962 main_tax_amount=0 days_alive=107 stage=0 res0=0 res1=400 res2=0 res3=0 res4=0 res5=0 res6=0 res7=0 res8=0 Road=1 BigHouse=1 Apiary=1 | nw=1530541.5322
  s=   89 a= 32(BUILD:SmallAtomStation) r= -0.3875 cum=    -18.87 v= -0.0023 top5=[a5=0.038, a43=0.038, a39=0.036, a14=0.034, a29=0.033] [BUILD: SmallAtomStation]
    OBS: year=0 month=6 season=1 money=3964 credit=0 people=28 busy=0 free=28 home_places=250 need_workers=0 tax_due=0 main_tax_due=0 tax_amount=5962 main_tax_amount=0 days_alive=108 stage=0 res0=0 res1=400 res2=0 res3=0 res4=0 res5=0 res6=0 res7=0 res8=0 Road=1 BigHouse=1 Apiary=1 | nw=1530534.0644
  s=   90 a=  7(BUILD:Sawmill) r= -0.3896 cum=    -19.26 v= +0.0017 top5=[a5=0.037, a43=0.036, a39=0.035, a14=0.032, a29=0.032] [BUILD: Sawmill]
    OBS: year=0 month=6 season=1 money=3964 credit=0 people=28 busy=0 free=28 home_places=250 need_workers=0 tax_due=0 main_tax_due=0 tax_amount=5962 main_tax_amount=0 days_alive=109 stage=0 res0=0 res1=400 res2=0 res3=0 res4=0 res5=0 res6=0 res7=0 res8=0 Road=1 BigHouse=1 Apiary=1 | nw=1530526.5966
  s=   91 a= 14(BUILD:Road) r= -0.3917 cum=    -19.65 v= -0.0054 top5=[a43=0.035, a5=0.035, a39=0.034, a29=0.031, a14=0.031] [BUILD: Road]
    OBS: year=0 month=6 season=1 money=3964 credit=0 people=28 busy=0 free=28 home_places=250 need_workers=0 tax_due=0 main_tax_due=0 tax_amount=5962 main_tax_amount=0 days_alive=110 stage=0 res0=0 res1=400 res2=0 res3=0 res4=0 res5=0 res6=0 res7=0 res8=0 Road=1 BigHouse=1 Apiary=1 | nw=1530519.1288
  s=   92 a=  8(BUILD:Coalmine) r= -0.3938 cum=    -20.04 v= -0.0532 top5=[a5=0.035, a43=0.035, a39=0.034, a29=0.031, a14=0.030] [BUILD: Coalmine]
    OBS: year=0 month=6 season=1 money=3964 credit=0 people=28 busy=0 free=28 home_places=250 need_workers=0 tax_due=0 main_tax_due=0 tax_amount=5962 main_tax_amount=0 days_alive=111 stage=0 res0=0 res1=400 res2=0 res3=0 res4=0 res5=0 res6=0 res7=0 res8=0 Road=1 BigHouse=1 Apiary=1 | nw=1530511.6610
  s=   93 a= 17(BUILD:HuntingLand) r= -0.3958 cum=    -20.44 v= -0.0554 top5=[a43=0.034, a5=0.034, a39=0.034, a29=0.031, a14=0.030] [BUILD: HuntingLand]
    OBS: year=0 month=6 season=1 money=3964 credit=0 people=28 busy=0 free=28 home_places=250 need_workers=0 tax_due=0 main_tax_due=0 tax_amount=5962 main_tax_amount=0 days_alive=112 stage=0 res0=0 res1=400 res2=0 res3=0 res4=0 res5=0 res6=0 res7=0 res8=0 Road=1 BigHouse=1 Apiary=1 | nw=1530504.1932
  s=   94 a= 24(BUILD:Hothouse) r= -0.3967 cum=    -20.84 v= -0.0557 top5=[a43=0.034, a39=0.034, a5=0.034, a29=0.031, a14=0.029] [BUILD: Hothouse]
    OBS: year=0 month=6 season=1 money=3964 credit=0 people=28 busy=0 free=28 home_places=250 need_workers=0 tax_due=0 main_tax_due=0 tax_amount=5962 main_tax_amount=0 days_alive=113 stage=0 res0=0 res1=400 res2=0 res3=0 res4=0 res5=0 res6=0 res7=0 res8=0 Road=1 BigHouse=1 Apiary=1 | nw=1530498.5256
  s=   95 a= 27(BUILD:WaterMill) r= -0.3999 cum=    -21.24 v= -0.0552 top5=[a39=0.033, a43=0.033, a5=0.033, a29=0.030, a32=0.029] [BUILD: WaterMill]
    OBS: year=0 month=6 season=1 money=3964 credit=0 people=28 busy=0 free=28 home_places=250 need_workers=0 tax_due=0 main_tax_due=0 tax_amount=5962 main_tax_amount=0 days_alive=114 stage=0 res0=0 res1=400 res2=0 res3=0 res4=0 res5=0 res6=0 res7=0 res8=0 Road=1 BigHouse=1 Apiary=1 | nw=1530491.0578
  s=   96 a= 36(MANAGER:2) r= +0.2776 cum=    -20.96 v= -0.0558 top5=[a39=0.033, a43=0.033, a5=0.032, a29=0.030, a32=0.029]
    OBS: year=0 month=6 season=1 money=3933 credit=0 people=28 busy=0 free=28 home_places=250 need_workers=0 tax_due=0 main_tax_due=0 tax_amount=5962 main_tax_amount=0 days_alive=115 stage=0 res0=0 res1=400 res2=0 res3=0 res4=0 res5=0 res6=0 res7=0 res8=0 Road=1 BigHouse=1 Apiary=1 | nw=1530510.5322
  s=   97 a= 42(MANAGER:8) r= +0.0279 cum=    -20.93 v= -0.0565 top5=[a39=0.033, a43=0.033, a5=0.032, a29=0.030, a24=0.029]
    OBS: year=0 month=6 season=1 money=53933 credit=50100 people=28 busy=0 free=28 home_places=250 need_workers=0 tax_due=0 main_tax_due=0 tax_amount=5962 main_tax_amount=0 days_alive=116 stage=0 res0=0 res1=400 res2=0 res3=0 res4=0 res5=0 res6=0 res7=0 res8=0 Road=1 BigHouse=1 Apiary=1 | nw=1530403.0644
  s=   98 a= 12(BUILD:PowerStation) r= +3.0068 cum=    -17.92 v= -0.0833 top5=[a29=0.031, a43=0.031, a5=0.031, a3=0.030, a24=0.030] [BUILD: PowerStation]
    OBS: year=0 month=6 season=1 money=53533 credit=50200 people=28 busy=0 free=28 home_places=250 need_workers=0 tax_due=0 main_tax_due=0 tax_amount=5962 main_tax_amount=0 days_alive=117 stage=0 res0=0 res1=400 res2=0 res3=0 res4=0 res5=0 res6=0 res7=0 res8=0 Road=2 BigHouse=1 Apiary=1 | nw=1530295.5966
  s=   99 a= 33(BUILD:AtomStation) r= -0.6295 cum=    -18.55 v= -0.0267 top5=[a29=0.031, a43=0.030, a5=0.030, a24=0.029, a3=0.029] [BUILD: AtomStation]
    OBS: year=0 month=6 season=1 money=53533 credit=50300 people=28 busy=0 free=28 home_places=250 need_workers=0 tax_due=0 main_tax_due=0 tax_amount=5962 main_tax_amount=0 days_alive=118 stage=0 res0=0 res1=400 res2=0 res3=0 res4=0 res5=0 res6=0 res7=0 res8=0 Road=2 BigHouse=1 Apiary=1 | nw=1530188.1288
  s=  100 a= 43(MANAGER:9) r= +0.2578 cum=    -18.30 v= -0.0278 top5=[a29=0.031, a43=0.030, a5=0.030, a24=0.029, a3=0.029]
    OBS: year=0 month=6 season=1 money=3533 credit=300 people=28 busy=0 free=28 home_places=250 need_workers=0 tax_due=0 main_tax_due=0 tax_amount=5962 main_tax_amount=0 days_alive=119 stage=0 res0=0 res1=400 res2=0 res3=0 res4=0 res5=0 res6=0 res7=0 res8=0 Road=2 BigHouse=1 Apiary=1 | nw=1530180.6610
  s=  101 a= 29(BUILD:Puerperal) r= -0.4021 cum=    -18.70 v= -0.0008 top5=[a39=0.031, a43=0.031, a5=0.030, a24=0.029, a32=0.028] [BUILD: Puerperal]
    OBS: year=0 month=6 season=1 money=3533 credit=300 people=28 busy=0 free=28 home_places=250 need_workers=0 tax_due=0 main_tax_due=0 tax_amount=5962 main_tax_amount=0 days_alive=120 stage=0 res0=0 res1=400 res2=0 res3=0 res4=0 res5=0 res6=0 res7=0 res8=0 Road=2 BigHouse=1 Apiary=1 | nw=1530175.1270
  s=  102 a=  4(BUILD:Garden) r= -0.1626 cum=    -18.86 v= +0.0008 top5=[a39=0.032, a43=0.031, a5=0.029, a24=0.029, a32=0.028] [BUILD: Garden]
    OBS: year=0 month=6 season=1 money=3533 credit=300 people=28 busy=0 free=28 home_places=250 need_workers=0 tax_due=0 main_tax_due=0 tax_amount=5962 main_tax_amount=0 days_alive=121 stage=0 res0=0 res1=400 res2=0 res3=0 res4=0 res5=0 res6=0 res7=0 res8=0 Road=2 BigHouse=1 Apiary=1 | nw=1530167.6592
  s=  103 a= 22(BUILD:Apiary) r= -0.4072 cum=    -19.27 v= +0.0014 top5=[a39=0.032, a43=0.031, a24=0.029, a5=0.029, a32=0.028] [BUILD: Apiary]
    OBS: year=0 month=7 season=1 money=3533 credit=300 people=28 busy=0 free=28 home_places=250 need_workers=0 tax_due=0 main_tax_due=0 tax_amount=5962 main_tax_amount=0 days_alive=122 stage=0 res0=0 res1=400 res2=0 res3=0 res4=0 res5=0 res6=0 res7=0 res8=0 Road=2 BigHouse=1 Apiary=1 | nw=1530160.1914
  s=  104 a= 20(BUILD:BigHouse) r= -0.4078 cum=    -19.68 v= +0.0393 top5=[a5=0.033, a43=0.031, a29=0.028, a32=0.028, a3=0.027] [BUILD: BigHouse]
    OBS: year=0 month=7 season=1 money=3533 credit=300 people=28 busy=0 free=28 home_places=250 need_workers=0 tax_due=0 main_tax_due=0 tax_amount=5962 main_tax_amount=0 days_alive=123 stage=0 res0=0 res1=400 res2=0 res3=0 res4=0 res5=0 res6=0 res7=0 res8=0 Road=2 BigHouse=1 Apiary=1 | nw=1530154.6573
  s=  105 a=  5(BUILD:House) r= -0.4110 cum=    -20.09 v= -0.0186 top5=[a5=0.034, a43=0.032, a29=0.028, a39=0.028, a32=0.027] [BUILD: House]
    OBS: year=0 month=7 season=1 money=3533 credit=300 people=28 busy=0 free=28 home_places=250 need_workers=0 tax_due=0 main_tax_due=0 tax_amount=5962 main_tax_amount=0 days_alive=124 stage=0 res0=0 res1=400 res2=0 res3=0 res4=0 res5=0 res6=0 res7=0 res8=0 Road=2 BigHouse=1 Apiary=1 | nw=1530147.1895
  s=  106 a= 40(MANAGER:6) r= +0.4141 cum=    -19.67 v= -0.0229 top5=[a5=0.034, a43=0.032, a29=0.028, a39=0.028, a32=0.027]
    OBS: year=0 month=7 season=1 money=3733 credit=300 people=28 busy=0 free=28 home_places=250 need_workers=0 tax_due=0 main_tax_due=0 tax_amount=5966 main_tax_amount=0 days_alive=125 stage=0 res0=0 res1=200 res2=0 res3=0 res4=0 res5=0 res6=0 res7=0 res8=0 Road=2 BigHouse=1 Apiary=1 | nw=1530139.7217
  s=  107 a= 18(BUILD:CowFarm) r= -0.4144 cum=    -20.09 v= -0.0253 top5=[a5=0.033, a43=0.032, a29=0.028, a39=0.028, a32=0.027] [BUILD: CowFarm]
    OBS: year=0 month=7 season=1 money=3733 credit=300 people=28 busy=0 free=28 home_places=250 need_workers=0 tax_due=0 main_tax_due=0 tax_amount=5966 main_tax_amount=0 days_alive=126 stage=0 res0=0 res1=200 res2=0 res3=0 res4=0 res5=0 res6=0 res7=0 res8=0 Road=2 BigHouse=1 Apiary=1 | nw=1530132.2539
  s=  108 a=  2(BUILD:WaterChannel) r= -0.4151 cum=    -20.50 v= -0.0275 top5=[a5=0.033, a43=0.032, a29=0.028, a39=0.028, a32=0.027] [BUILD: WaterChannel]
    OBS: year=0 month=7 season=1 money=3733 credit=300 people=28 busy=0 free=28 home_places=250 need_workers=0 tax_due=0 main_tax_due=0 tax_amount=5966 main_tax_amount=0 days_alive=127 stage=0 res0=0 res1=200 res2=0 res3=0 res4=0 res5=0 res6=0 res7=0 res8=0 Road=2 BigHouse=1 Apiary=1 | nw=1530126.5863
  s=  109 a= 18(BUILD:CowFarm) r= -0.4181 cum=    -20.92 v= -0.0310 top5=[a5=0.033, a43=0.032, a29=0.028, a39=0.028, a32=0.027] [BUILD: CowFarm]
    OBS: year=0 month=7 season=1 money=3733 credit=300 people=28 busy=0 free=28 home_places=250 need_workers=0 tax_due=0 main_tax_due=0 tax_amount=5966 main_tax_amount=0 days_alive=128 stage=0 res0=0 res1=200 res2=0 res3=0 res4=0 res5=0 res6=0 res7=0 res8=0 Road=2 BigHouse=1 Apiary=1 | nw=1530119.1185
  s=  110 a=  5(BUILD:House) r= -0.4200 cum=    -21.34 v= -0.0354 top5=[a5=0.033, a43=0.032, a29=0.028, a39=0.028, a32=0.027] [BUILD: House]
    OBS: year=0 month=7 season=1 money=3733 credit=300 people=28 busy=0 free=28 home_places=250 need_workers=0 tax_due=0 main_tax_due=0 tax_amount=5966 main_tax_amount=0 days_alive=129 stage=0 res0=0 res1=200 res2=0 res3=0 res4=0 res5=0 res6=0 res7=0 res8=0 Road=2 BigHouse=1 Apiary=1 | nw=1530111.6507
  s=  111 a= 22(BUILD:Apiary) r= -0.4218 cum=    -21.76 v= -0.0389 top5=[a5=0.032, a43=0.032, a29=0.028, a39=0.028, a32=0.027] [BUILD: Apiary]
    OBS: year=0 month=7 season=1 money=3733 credit=300 people=28 busy=0 free=28 home_places=250 need_workers=0 tax_due=0 main_tax_due=0 tax_amount=5966 main_tax_amount=0 days_alive=130 stage=0 res0=0 res1=200 res2=0 res3=0 res4=0 res5=0 res6=0 res7=0 res8=0 Road=2 BigHouse=1 Apiary=1 | nw=1530104.1829
  s=  112 a= 16(BUILD:CoalCut) r= -0.4236 cum=    -22.19 v= -0.0411 top5=[a5=0.032, a43=0.032, a39=0.028, a29=0.028, a32=0.027] [BUILD: CoalCut]
    OBS: year=0 month=7 season=1 money=3733 credit=300 people=28 busy=0 free=28 home_places=250 need_workers=0 tax_due=0 main_tax_due=0 tax_amount=5966 main_tax_amount=0 days_alive=131 stage=0 res0=0 res1=200 res2=0 res3=0 res4=0 res5=0 res6=0 res7=0 res8=0 Road=2 BigHouse=1 Apiary=1 | nw=1530096.7152
  s=  113 a=  5(BUILD:House) r= -0.4254 cum=    -22.61 v= -0.0430 top5=[a5=0.032, a43=0.031, a39=0.028, a29=0.028, a32=0.027] [BUILD: House]
    OBS: year=0 month=7 season=1 money=3733 credit=300 people=28 busy=0 free=28 home_places=250 need_workers=0 tax_due=0 main_tax_due=0 tax_amount=5966 main_tax_amount=0 days_alive=132 stage=0 res0=0 res1=200 res2=0 res3=0 res4=0 res5=0 res6=0 res7=0 res8=0 Road=2 BigHouse=1 Apiary=1 | nw=1530089.2474
  s=  114 a= 38(MANAGER:4) r= +2.3789 cum=    -20.23 v= -0.0444 top5=[a5=0.031, a43=0.031, a39=0.028, a29=0.028, a32=0.027]
    OBS: year=0 month=7 season=1 money=3733 credit=300 people=28 busy=0 free=28 home_places=50 need_workers=0 tax_due=0 main_tax_due=0 tax_amount=5966 main_tax_amount=0 days_alive=133 stage=0 res0=0 res1=200 res2=0 res3=0 res4=0 res5=0 res6=0 res7=0 res8=0 Road=2 BigHouse=1 Apiary=1 | nw=1530081.7796
  s=  115 a=  6(BUILD:SmallHouse) r= -0.4232 cum=    -20.65 v= -0.0511 top5=[a43=0.030, a32=0.029, a0=0.028, a29=0.028, a5=0.028] [BUILD: SmallHouse]
    OBS: year=0 month=7 season=1 money=3733 credit=300 people=28 busy=0 free=28 home_places=50 need_workers=0 tax_due=0 main_tax_due=0 tax_amount=5966 main_tax_amount=0 days_alive=134 stage=0 res0=0 res1=200 res2=0 res3=0 res4=0 res5=0 res6=0 res7=0 res8=0 Road=2 BigHouse=1 Apiary=1 | nw=1530074.3118
  s=  116 a= 42(MANAGER:8) r= +0.0283 cum=    -20.63 v= -0.0513 top5=[a43=0.030, a32=0.029, a0=0.028, a29=0.028, a5=0.027]
    OBS: year=0 month=7 season=1 money=53733 credit=50400 people=28 busy=0 free=28 home_places=50 need_workers=0 tax_due=0 main_tax_due=0 tax_amount=5966 main_tax_amount=0 days_alive=135 stage=0 res0=0 res1=200 res2=0 res3=0 res4=0 res5=0 res6=0 res7=0 res8=0 Road=2 BigHouse=1 Apiary=1 | nw=1529966.8440
  s=  117 a=  3(BUILD:Farm) r= +7.0069 cum=    -13.62 v= -0.0492 top5=[a29=0.031, a3=0.030, a14=0.028, a0=0.027, a24=0.027] [BUILD: Farm]
    OBS: year=0 month=7 season=1 money=46093 credit=50500 people=28 busy=0 free=28 home_places=50 need_workers=0 tax_due=0 main_tax_due=0 tax_amount=6386 main_tax_amount=0 days_alive=136 stage=0 res0=0 res1=200 res2=0 res3=0 res4=0 res5=0 res6=0 res7=0 res8=0 Garden=1 Road=2 BigHouse=1 Apiary=1 | nw=1529859.3762
  s=  118 a= 38(MANAGER:4) r= +1.9429 cum=    -11.68 v= -0.0018 top5=[a29=0.029, a14=0.028, a3=0.028, a32=0.027, a43=0.027]
    OBS: year=0 month=7 season=1 money=46093 credit=50601 people=28 busy=0 free=28 home_places=50 need_workers=0 tax_due=0 main_tax_due=0 tax_amount=6386 main_tax_amount=0 days_alive=137 stage=0 res0=0 res1=200 res2=0 res3=0 res4=0 res5=0 res6=0 res7=0 res8=0 Garden=1 Road=2 BigHouse=1 Apiary=1 | nw=1529750.9084
  s=  119 a= 40(MANAGER:6) r= -0.6133 cum=    -12.29 v= -0.0079 top5=[a29=0.030, a14=0.029, a3=0.028, a43=0.028, a5=0.027]
    OBS: year=0 month=7 season=1 money=46093 credit=50702 people=28 busy=0 free=28 home_places=50 need_workers=0 tax_due=0 main_tax_due=0 tax_amount=6386 main_tax_amount=0 days_alive=138 stage=0 res0=0 res1=200 res2=0 res3=0 res4=0 res5=0 res6=0 res7=0 res8=0 Garden=1 Road=2 BigHouse=1 Apiary=1 | nw=1529642.4406
  s=  120 a= 33(BUILD:AtomStation) r= -0.6159 cum=    -12.91 v= -0.0112 top5=[a29=0.030, a14=0.029, a3=0.028, a43=0.028, a5=0.027] [BUILD: AtomStation]
    OBS: year=0 month=7 season=1 money=46093 credit=50803 people=28 busy=0 free=28 home_places=50 need_workers=0 tax_due=0 main_tax_due=0 tax_amount=6386 main_tax_amount=0 days_alive=139 stage=0 res0=0 res1=200 res2=0 res3=0 res4=0 res5=0 res6=0 res7=0 res8=0 Garden=1 Road=2 BigHouse=1 Apiary=1 | nw=1529533.9728
  s=  121 a= 37(MANAGER:3) r= -5.3389 cum=    -18.24 v= -0.0136 top5=[a29=0.030, a14=0.029, a3=0.028, a43=0.028, a5=0.027]
    OBS: year=0 month=7 season=1 money=47031 credit=50904 people=28 busy=0 free=28 home_places=50 need_workers=0 tax_due=0 main_tax_due=0 tax_amount=5966 main_tax_amount=0 days_alive=140 stage=0 res0=0 res1=200 res2=0 res3=0 res4=0 res5=0 res6=0 res7=0 res8=0 Garden=1 Road=2 BigHouse=1 | nw=1521075.1912
  s=  122 a= 13(BUILD:HydroStation) r= +5.0228 cum=    -13.22 v= -0.0394 top5=[a14=0.032, a29=0.029, a11=0.028, a24=0.028, a43=0.026] [BUILD: HydroStation]
    OBS: year=0 month=7 season=1 money=32993 credit=51005 people=28 busy=0 free=28 home_places=50 need_workers=0 tax_due=0 main_tax_due=0 tax_amount=6386 main_tax_amount=0 days_alive=141 stage=0 res0=0 res1=200 res2=0 res3=0 res4=0 res5=0 res6=0 res7=0 res8=0 Garden=1 Road=2 House=1 BigHouse=1 | nw=1520970.5908
  s=  123 a= 24(BUILD:Hothouse) r= +5.9599 cum=     -7.26 v= +0.0546 top5=[a14=0.034, a38=0.031, a24=0.029, a29=0.028, a33=0.027] [BUILD: Hothouse]
    OBS: year=0 month=7 season=1 money=16403 credit=51107 people=28 busy=0 free=28 home_places=50 need_workers=0 tax_due=0 main_tax_due=0 tax_amount=6806 main_tax_amount=0 days_alive=142 stage=0 res0=0 res1=200 res2=0 res3=0 res4=0 res5=0 res6=0 res7=0 res8=0 Garden=1 Road=2 House=1 BigHouse=1 Hothouse=1 | nw=1520864.9905
  s=  124 a= 26(BUILD:BigSawmill) r= -0.5477 cum=     -7.81 v= +0.0862 top5=[a14=0.035, a38=0.031, a24=0.030, a1=0.028, a32=0.028] [BUILD: BigSawmill]
    OBS: year=0 month=7 season=1 money=16403 credit=51209 people=28 busy=0 free=28 home_places=50 need_workers=0 tax_due=0 main_tax_due=0 tax_amount=6806 main_tax_amount=0 days_alive=143 stage=0 res0=0 res1=200 res2=0 res3=0 res4=0 res5=0 res6=0 res7=0 res8=0 Garden=1 Road=2 House=1 BigHouse=1 Hothouse=1 | nw=1520759.3901
  s=  125 a= 35(MANAGER:1) r= +0.0477 cum=     -7.76 v= +0.0782 top5=[a14=0.035, a38=0.031, a24=0.030, a1=0.028, a32=0.028]
    OBS: year=0 month=7 season=1 money=16346 credit=51311 people=28 busy=0 free=28 home_places=50 need_workers=0 tax_due=0 main_tax_due=0 tax_amount=6806 main_tax_amount=0 days_alive=144 stage=0 res0=0 res1=200 res2=0 res3=0 res4=0 res5=0 res6=0 res7=0 res8=0 Garden=1 Road=2 House=1 BigHouse=1 Hothouse=1 | nw=1520699.3997
  s=  126 a= 33(BUILD:AtomStation) r= -0.5524 cum=     -8.31 v= +0.0722 top5=[a14=0.035, a24=0.031, a38=0.030, a1=0.028, a43=0.027] [BUILD: AtomStation]
    OBS: year=0 month=7 season=1 money=16346 credit=51413 people=28 busy=0 free=28 home_places=50 need_workers=0 tax_due=0 main_tax_due=0 tax_amount=6806 main_tax_amount=0 days_alive=145 stage=0 res0=0 res1=200 res2=0 res3=0 res4=0 res5=0 res6=0 res7=0 res8=0 Garden=1 Road=2 House=1 BigHouse=1 Hothouse=1 | nw=1520593.7993
  s=  127 a= 19(BUILD:Mushroom) r= -0.5547 cum=     -8.87 v= +0.0698 top5=[a14=0.034, a24=0.031, a38=0.030, a1=0.027, a43=0.027] [BUILD: Mushroom]
    OBS: year=0 month=7 season=1 money=16346 credit=51515 people=28 busy=0 free=28 home_places=50 need_workers=0 tax_due=0 main_tax_due=0 tax_amount=6806 main_tax_amount=0 days_alive=146 stage=0 res0=0 res1=200 res2=0 res3=0 res4=0 res5=0 res6=0 res7=0 res8=0 Garden=1 Road=2 House=1 BigHouse=1 Hothouse=1 | nw=1520488.1990
  s=  128 a= 15(BUILD:Fish) r= -0.5576 cum=     -9.43 v= +0.0702 top5=[a14=0.034, a24=0.031, a38=0.030, a43=0.027, a1=0.027] [BUILD: Fish]
    OBS: year=0 month=7 season=1 money=16346 credit=51618 people=28 busy=0 free=28 home_places=50 need_workers=0 tax_due=0 main_tax_due=0 tax_amount=6806 main_tax_amount=0 days_alive=147 stage=0 res0=0 res1=200 res2=0 res3=0 res4=0 res5=0 res6=0 res7=0 res8=0 Garden=1 Road=2 House=1 BigHouse=1 Hothouse=1 | nw=1520381.5986
  s=  129 a= 42(MANAGER:8) r= -0.1831 cum=     -9.61 v= +0.0708 top5=[a14=0.034, a24=0.031, a38=0.030, a43=0.027, a1=0.027]
    OBS: year=0 month=7 season=1 money=66346 credit=101821 people=28 busy=0 free=28 home_places=50 need_workers=0 tax_due=0 main_tax_due=0 tax_amount=6806 main_tax_amount=0 days_alive=148 stage=0 res0=0 res1=200 res2=0 res3=0 res4=0 res5=0 res6=0 res7=0 res8=0 Garden=1 Road=2 House=1 BigHouse=1 Hothouse=1 | nw=1520174.9983
  s=  130 a= 22(BUILD:Apiary) r= +2.1490 cum=     -7.46 v= -0.0077 top5=[a14=0.037, a24=0.033, a38=0.032, a12=0.029, a29=0.028] [BUILD: Apiary]
    OBS: year=0 month=7 season=1 money=56961 credit=102024 people=28 busy=0 free=28 home_places=50 need_workers=0 tax_due=0 main_tax_due=0 tax_amount=7226 main_tax_amount=0 days_alive=149 stage=0 res0=0 res1=200 res2=0 res3=0 res4=0 res5=0 res6=0 res7=0 res8=0 Garden=1 Road=2 House=1 BigHouse=1 Apiary=1 Hothouse=1 | nw=1519968.3979
  s=  131 a= 15(BUILD:Fish) r= -0.7659 cum=     -8.23 v= +0.1003 top5=[a14=0.037, a38=0.035, a24=0.032, a12=0.029, a1=0.028] [BUILD: Fish]
    OBS: year=0 month=7 season=1 money=56961 credit=102228 people=28 busy=0 free=28 home_places=50 need_workers=0 tax_due=0 main_tax_due=0 tax_amount=7226 main_tax_amount=0 days_alive=150 stage=0 res0=0 res1=200 res2=0 res3=0 res4=0 res5=0 res6=0 res7=0 res8=0 Garden=1 Road=2 House=1 BigHouse=1 Apiary=1 Hothouse=1 | nw=1519760.7976
  s=  132 a= 41(MANAGER:7) r= -0.3028 cum=     -8.53 v= +0.0929 top5=[a14=0.036, a38=0.034, a24=0.032, a12=0.029, a1=0.028]
    OBS: year=0 month=7 season=1 money=56561 credit=102432 people=28 busy=0 free=28 home_places=50 need_workers=0 tax_due=0 main_tax_due=0 tax_amount=7230 main_tax_amount=0 days_alive=151 stage=0 res0=0 res1=400 res2=0 res3=0 res4=0 res5=0 res6=0 res7=0 res8=0 Garden=1 Road=2 House=1 BigHouse=1 Apiary=1 Hothouse=1 | nw=1519353.1972
  s=  133 a=  4(BUILD:Garden) r= -0.7723 cum=     -9.30 v= +0.0857 top5=[a14=0.036, a38=0.034, a24=0.033, a12=0.029, a1=0.027] [BUILD: Garden]
    OBS: year=0 month=7 season=1 money=56561 credit=102636 people=28 busy=0 free=28 home_places=50 need_workers=0 tax_due=0 main_tax_due=0 tax_amount=7230 main_tax_amount=0 days_alive=152 stage=0 res0=0 res1=400 res2=0 res3=0 res4=0 res5=0 res6=0 res7=0 res8=0 Garden=1 Road=2 House=1 BigHouse=1 Apiary=1 Hothouse=1 | nw=1519145.5969
  s=  134 a= 18(BUILD:CowFarm) r= +5.8651 cum=     -3.44 v= +0.0800 top5=[a14=0.035, a38=0.034, a24=0.033, a12=0.029, a1=0.027] [BUILD: CowFarm]
    OBS: year=0 month=8 season=1 money=24559 credit=102841 people=28 busy=0 free=28 home_places=50 need_workers=0 tax_due=0 main_tax_due=0 tax_amount=7650 main_tax_amount=0 days_alive=153 stage=0 res0=0 res1=400 res2=0 res3=0 res4=0 res5=0 res6=0 res7=0 res8=0 Garden=1 Road=2 House=1 CowFarm=1 BigHouse=1 Apiary=1 Hothouse=1 | nw=1518936.9965
  s=  135 a=  7(BUILD:Sawmill) r= -0.7470 cum=     -4.18 v= +0.2331 top5=[a14=0.035, a1=0.032, a3=0.032, a33=0.030, a24=0.029] [BUILD: Sawmill]
    OBS: year=0 month=8 season=1 money=24559 credit=103046 people=28 busy=0 free=28 home_places=50 need_workers=0 tax_due=0 main_tax_due=0 tax_amount=7650 main_tax_amount=0 days_alive=154 stage=0 res0=0 res1=400 res2=0 res3=0 res4=0 res5=0 res6=0 res7=0 res8=0 Garden=1 Road=2 House=1 CowFarm=1 BigHouse=1 Apiary=1 Hothouse=1 | nw=1518728.3962
  s=  136 a= 27(BUILD:WaterMill) r= -0.7504 cum=     -4.93 v= +0.2227 top5=[a14=0.034, a1=0.032, a3=0.032, a33=0.030, a24=0.029] [BUILD: WaterMill]
    OBS: year=0 month=8 season=1 money=24559 credit=103252 people=28 busy=0 free=28 home_places=50 need_workers=0 tax_due=0 main_tax_due=0 tax_amount=7650 main_tax_amount=0 days_alive=155 stage=0 res0=0 res1=400 res2=0 res3=0 res4=0 res5=0 res6=0 res7=0 res8=0 Garden=1 Road=2 House=1 CowFarm=1 BigHouse=1 Apiary=1 Hothouse=1 | nw=1518518.7958
  s=  137 a= 15(BUILD:Fish) r= -0.7527 cum=     -5.69 v= +0.2064 top5=[a14=0.032, a1=0.030, a33=0.030, a3=0.030, a38=0.028] [BUILD: Fish]
    OBS: year=0 month=8 season=1 money=24559 credit=103458 people=28 busy=0 free=28 home_places=50 need_workers=0 tax_due=0 main_tax_due=0 tax_amount=7650 main_tax_amount=0 days_alive=156 stage=0 res0=0 res1=400 res2=0 res3=0 res4=0 res5=0 res6=0 res7=0 res8=0 Garden=1 Road=2 House=1 CowFarm=1 BigHouse=1 Apiary=1 Hothouse=1 | nw=1518310.1211
  s=  138 a=  2(BUILD:WaterChannel) r= +5.6938 cum=     +0.01 v= +0.1791 top5=[a14=0.032, a3=0.030, a1=0.030, a33=0.029, a24=0.029] [BUILD: WaterChannel]
    OBS: year=0 month=8 season=1 money=4745 credit=103664 people=28 busy=0 free=28 home_places=50 need_workers=0 tax_due=0 main_tax_due=0 tax_amount=8070 main_tax_amount=0 days_alive=157 stage=0 res0=0 res1=400 res2=0 res3=0 res4=0 res5=0 res6=0 res7=0 res8=0 Farm=1 Garden=1 Road=2 House=1 CowFarm=1 BigHouse=1 Apiary=1 Hothouse=1 | nw=1518099.6462
  s=  139 a=  0(DAY) r= -0.1823 cum=     -0.18 v= +0.2007 top5=[a14=0.034, a1=0.031, a24=0.030, a3=0.030, a32=0.030]
    OBS: year=0 month=8 season=1 money=4745 credit=103871 people=28 busy=0 free=28 home_places=50 need_workers=0 tax_due=0 main_tax_due=0 tax_amount=8070 main_tax_amount=0 days_alive=158 stage=0 res0=0 res1=400 res2=0 res3=0 res4=0 res5=0 res6=0 res7=0 res8=0 Farm=1 Garden=1 Road=2 House=1 CowFarm=1 BigHouse=1 Apiary=1 Hothouse=1 | nw=1517888.1713
  s=  140 a= 32(BUILD:SmallAtomStation) r= -0.7364 cum=     -0.91 v= +0.1926 top5=[a14=0.034, a1=0.030, a24=0.030, a3=0.030, a32=0.030] [BUILD: SmallAtomStation]
    OBS: year=0 month=8 season=1 money=4745 credit=104078 people=28 busy=0 free=28 home_places=50 need_workers=0 tax_due=0 main_tax_due=0 tax_amount=8070 main_tax_amount=0 days_alive=159 stage=0 res0=0 res1=400 res2=0 res3=0 res4=0 res5=0 res6=0 res7=0 res8=0 Farm=1 Garden=1 Road=2 House=1 CowFarm=1 BigHouse=1 Apiary=1 Hothouse=1 | nw=1517676.6965
  s=  141 a= 22(BUILD:Apiary) r= -0.7397 cum=     -1.65 v= +0.1849 top5=[a14=0.034, a24=0.030, a1=0.030, a3=0.029, a32=0.029] [BUILD: Apiary]
    OBS: year=0 month=8 season=1 money=4745 credit=104286 people=28 busy=0 free=28 home_places=50 need_workers=0 tax_due=0 main_tax_due=0 tax_amount=8070 main_tax_amount=0 days_alive=160 stage=0 res0=0 res1=400 res2=0 res3=0 res4=0 res5=0 res6=0 res7=0 res8=0 Farm=1 Garden=1 Road=2 House=1 CowFarm=1 BigHouse=1 Apiary=1 Hothouse=1 | nw=1517464.2216
  s=  142 a= 38(MANAGER:4) r= +1.4824 cum=     -0.17 v= +0.1773 top5=[a14=0.033, a24=0.030, a1=0.030, a3=0.029, a32=0.029]
    OBS: year=0 month=8 season=1 money=4745 credit=104494 people=28 busy=0 free=28 home_places=50 need_workers=0 tax_due=0 main_tax_due=0 tax_amount=8070 main_tax_amount=0 days_alive=161 stage=0 res0=0 res1=400 res2=0 res3=0 res4=0 res5=0 res6=0 res7=0 res8=0 Farm=1 Garden=1 Road=2 House=1 CowFarm=1 BigHouse=1 Apiary=1 Hothouse=1 | nw=1517252.1839
  s=  143 a= 15(BUILD:Fish) r= -0.7438 cum=     -0.91 v= +0.1716 top5=[a14=0.034, a24=0.030, a3=0.030, a32=0.029, a1=0.029] [BUILD: Fish]
    OBS: year=0 month=8 season=1 money=4745 credit=104702 people=28 busy=0 free=28 home_places=50 need_workers=0 tax_due=0 main_tax_due=0 tax_amount=8070 main_tax_amount=0 days_alive=162 stage=0 res0=0 res1=400 res2=0 res3=0 res4=0 res5=0 res6=0 res7=0 res8=0 Farm=1 Garden=1 Road=2 House=1 CowFarm=1 BigHouse=1 Apiary=1 Hothouse=1 | nw=1517039.7091
  s=  144 a= 27(BUILD:WaterMill) r= -0.7471 cum=     -1.66 v= +0.1632 top5=[a14=0.033, a24=0.030, a3=0.030, a32=0.029, a1=0.029] [BUILD: WaterMill]
    OBS: year=0 month=8 season=1 money=4745 credit=104911 people=28 busy=0 free=28 home_places=50 need_workers=0 tax_due=0 main_tax_due=0 tax_amount=8070 main_tax_amount=0 days_alive=163 stage=0 res0=0 res1=400 res2=0 res3=0 res4=0 res5=0 res6=0 res7=0 res8=0 Farm=1 Garden=1 Road=2 House=1 CowFarm=1 BigHouse=1 Apiary=1 Hothouse=1 | nw=1516826.2342
  s=  145 a=  0(DAY) r= -0.1899 cum=     -1.85 v= +0.1554 top5=[a14=0.033, a24=0.030, a3=0.029, a32=0.029, a1=0.028]
    OBS: year=0 month=8 season=1 money=4745 credit=105120 people=28 busy=0 free=28 home_places=50 need_workers=0 tax_due=0 main_tax_due=0 tax_amount=8070 main_tax_amount=0 days_alive=164 stage=0 res0=0 res1=400 res2=0 res3=0 res4=0 res5=0 res6=0 res7=0 res8=0 Farm=1 Garden=1 Road=2 House=1 CowFarm=1 BigHouse=1 Apiary=1 Hothouse=1 | nw=1516612.7593
  s=  146 a= 31(BUILD:AirStation) r= -0.7532 cum=     -2.60 v= +0.1481 top5=[a14=0.033, a24=0.030, a3=0.029, a32=0.028, a1=0.028] [BUILD: AirStation]
    OBS: year=0 month=8 season=1 money=4745 credit=105330 people=28 busy=0 free=28 home_places=50 need_workers=0 tax_due=0 main_tax_due=0 tax_amount=8070 main_tax_amount=0 days_alive=165 stage=0 res0=0 res1=400 res2=0 res3=0 res4=0 res5=0 res6=0 res7=0 res8=0 Farm=1 Garden=1 Road=2 House=1 CowFarm=1 BigHouse=1 Apiary=1 Hothouse=1 | nw=1516398.7217
  s=  147 a= 18(BUILD:CowFarm) r= -0.7561 cum=     -3.36 v= +0.1412 top5=[a14=0.032, a24=0.030, a3=0.029, a32=0.028, a1=0.028] [BUILD: CowFarm]
    OBS: year=0 month=8 season=1 money=4745 credit=105540 people=28 busy=0 free=28 home_places=50 need_workers=0 tax_due=0 main_tax_due=0 tax_amount=8070 main_tax_amount=0 days_alive=166 stage=0 res0=0 res1=400 res2=0 res3=0 res4=0 res5=0 res6=0 res7=0 res8=0 Farm=1 Garden=1 Road=2 House=1 CowFarm=1 BigHouse=1 Apiary=1 Hothouse=1 | nw=1516184.2468
  s=  148 a= 21(BUILD:BigFarm) r= +5.6492 cum=     +2.29 v= +0.1182 top5=[a14=0.032, a24=0.029, a3=0.028, a32=0.028, a1=0.027] [BUILD: BigFarm]
    OBS: year=0 month=8 season=1 money=4745 credit=105751 people=28 busy=0 free=28 home_places=50 need_workers=0 tax_due=0 main_tax_due=0 tax_amount=8070 main_tax_amount=0 days_alive=167 stage=0 res0=0 res1=400 res2=0 res3=0 res4=0 res5=0 res6=0 res7=0 res8=0 Farm=1 Garden=1 Road=2 House=1 CowFarm=1 BigHouse=1 Apiary=1 Hothouse=1 | nw=1515967.7006
  s=  149 a= 23(BUILD:Torchlight) r= -0.7384 cum=     +1.55 v= +0.1084 top5=[a14=0.032, a24=0.030, a32=0.029, a3=0.028, a38=0.027] [BUILD: Torchlight]
    OBS: year=0 month=8 season=1 money=4745 credit=105962 people=28 busy=0 free=28 home_places=50 need_workers=0 tax_due=0 main_tax_due=0 tax_amount=8070 main_tax_amount=0 days_alive=168 stage=0 res0=0 res1=400 res2=0 res3=0 res4=0 res5=0 res6=0 res7=0 res8=0 Farm=1 Garden=1 Road=2 House=1 CowFarm=1 BigHouse=1 Apiary=1 Hothouse=1 | nw=1515751.1544
  s=  150 a= 44(MANAGER:10) r= +0.0842 cum=     +1.64 v= +0.1032 top5=[a14=0.032, a24=0.030, a32=0.029, a3=0.028, a38=0.027]
    OBS: year=0 month=8 season=1 money=4745 credit=106173 people=28 busy=0 free=28 home_places=50 need_workers=0 tax_due=0 main_tax_due=0 tax_amount=8070 main_tax_amount=0 days_alive=169 stage=0 res0=0 res1=400 res2=0 res3=0 res4=0 res5=0 res6=0 res7=0 res8=0 Farm=1 Garden=1 Road=2 House=1 CowFarm=1 BigHouse=1 Apiary=1 Hothouse=1 | nw=1515535.0455
  s=  151 a=  8(BUILD:Coalmine) r= -0.7446 cum=     +0.89 v= +0.0983 top5=[a14=0.032, a24=0.030, a32=0.028, a3=0.028, a38=0.028] [BUILD: Coalmine]
    OBS: year=0 month=8 season=1 money=4745 credit=106385 people=28 busy=0 free=28 home_places=50 need_workers=0 tax_due=0 main_tax_due=0 tax_amount=8070 main_tax_amount=0 days_alive=170 stage=0 res0=0 res1=400 res2=0 res3=0 res4=0 res5=0 res6=0 res7=0 res8=0 Farm=1 Garden=1 Road=2 House=1 CowFarm=1 BigHouse=1 Apiary=1 Hothouse=1 | nw=1515317.4994
  s=  152 a= 18(BUILD:CowFarm) r= -0.7197 cum=     +0.17 v= +0.0932 top5=[a14=0.032, a24=0.031, a32=0.028, a38=0.028, a3=0.028] [BUILD: CowFarm]
    OBS: year=0 month=8 season=1 money=4745 credit=106597 people=28 busy=0 free=28 home_places=50 need_workers=0 tax_due=0 main_tax_due=0 tax_amount=8070 main_tax_amount=0 days_alive=171 stage=0 res0=0 res1=400 res2=0 res3=0 res4=0 res5=0 res6=0 res7=0 res8=0 Farm=1 Garden=1 Road=2 House=1 CowFarm=1 BigHouse=1 Apiary=1 Hothouse=1 | nw=1515099.9532
  s=  153 a= 31(BUILD:AirStation) r= -0.7525 cum=     -0.58 v= +0.0626 top5=[a14=0.029, a24=0.029, a32=0.028, a43=0.026, a33=0.026] [BUILD: AirStation]
    OBS: year=0 month=8 season=1 money=4745 credit=106810 people=28 busy=0 free=28 home_places=50 need_workers=0 tax_due=0 main_tax_due=0 tax_amount=8070 main_tax_amount=0 days_alive=172 stage=0 res0=0 res1=400 res2=0 res3=0 res4=0 res5=0 res6=0 res7=0 res8=0 Farm=1 Garden=1 Road=2 House=1 CowFarm=1 BigHouse=1 Apiary=1 Hothouse=1 | nw=1514877.6090
  s=  154 a= 25(BUILD:SuperHouse) r= -0.7548 cum=     -1.34 v= +0.0512 top5=[a14=0.048, a24=0.040, a12=0.038, a43=0.035, a34=0.033] [BUILD: SuperHouse]
    OBS: year=0 month=8 season=1 money=4745 credit=107023 people=28 busy=0 free=28 home_places=50 need_workers=0 tax_due=0 main_tax_due=0 tax_amount=8070 main_tax_amount=0 days_alive=173 stage=0 res0=0 res1=400 res2=0 res3=0 res4=0 res5=0 res6=0 res7=0 res8=0 Farm=1 Garden=1 Road=2 House=1 CowFarm=1 BigHouse=1 Apiary=1 Hothouse=1 | nw=1514655.8004
  s=  155 a=  6(BUILD:SmallHouse) r= -0.7604 cum=     -2.10 v= +0.0652 top5=[a14=0.044, a24=0.039, a43=0.035, a12=0.034, a34=0.032] [BUILD: SmallHouse]
    OBS: year=0 month=8 season=1 money=4745 credit=107237 people=28 busy=0 free=28 home_places=50 need_workers=0 tax_due=0 main_tax_due=0 tax_amount=8070 main_tax_amount=0 days_alive=174 stage=0 res0=0 res1=400 res2=0 res3=0 res4=0 res5=0 res6=0 res7=0 res8=0 Farm=1 Garden=1 Road=2 House=1 CowFarm=1 BigHouse=1 Apiary=1 Hothouse=1 | nw=1514428.5887
  s=  156 a= 12(BUILD:PowerStation) r= +0.6126 cum=     -1.48 v= +0.0971 top5=[a14=0.040, a24=0.039, a43=0.033, a41=0.030, a34=0.030] [BUILD: PowerStation]
    OBS: year=0 month=8 season=1 money=4345 credit=107451 people=28 busy=0 free=28 home_places=110 need_workers=4 tax_due=0 main_tax_due=0 tax_amount=8070 main_tax_amount=0 days_alive=175 stage=0 res0=0 res1=400 res2=0 res3=0 res4=0 res5=0 res6=0 res7=0 res8=0 Farm=1 Garden=1 Road=3 House=1 CowFarm=1 BigHouse=1 Apiary=1 Hothouse=1 | nw=1514201.3770
  s=  157 a=  1(WEEK) r= -2.8116 cum=     -4.30 v= +0.0752 top5=[a14=0.039, a24=0.037, a43=0.033, a34=0.032, a32=0.030]
    OBS: year=0 month=8 season=1 money=4345 credit=108961 people=28 busy=0 free=28 home_places=110 need_workers=4 tax_due=0 main_tax_due=0 tax_amount=8070 main_tax_amount=0 days_alive=182 stage=0 res0=0 res1=400 res2=0 res3=0 res4=0 res5=0 res6=0 res7=0 res8=0 Farm=1 Garden=1 Road=3 House=1 CowFarm=1 BigHouse=1 Apiary=1 Hothouse=1 | nw=1512600.8289
  s=  158 a= 29(BUILD:Puerperal) r= -0.7681 cum=     -5.06 v= +0.0705 top5=[a14=0.038, a24=0.036, a43=0.035, a34=0.032, a32=0.031] [BUILD: Puerperal]
    OBS: year=0 month=8 season=1 money=4345 credit=109178 people=28 busy=0 free=28 home_places=110 need_workers=4 tax_due=0 main_tax_due=0 tax_amount=8070 main_tax_amount=0 days_alive=183 stage=0 res0=0 res1=400 res2=0 res3=0 res4=0 res5=0 res6=0 res7=0 res8=0 Farm=1 Garden=1 Road=3 House=1 CowFarm=1 BigHouse=1 Apiary=1 Hothouse=1 | nw=1512370.6172
  s=  159 a= 44(MANAGER:10) r= +0.0682 cum=     -5.00 v= +0.0669 top5=[a14=0.037, a24=0.036, a43=0.034, a34=0.032, a32=0.031]
    OBS: year=0 month=9 season=2 money=4345 credit=109396 people=28 busy=0 free=28 home_places=110 need_workers=4 tax_due=0 main_tax_due=0 tax_amount=8070 main_tax_amount=0 days_alive=184 stage=0 res0=0 res1=400 res2=0 res3=0 res4=0 res5=0 res6=0 res7=0 res8=0 Farm=1 Garden=1 Road=3 House=1 CowFarm=1 BigHouse=1 Apiary=1 Hothouse=1 | nw=1512139.4055
  s=  160 a= 24(BUILD:Hothouse) r= -0.7743 cum=     -5.77 v= -0.0219 top5=[a43=0.053, a22=0.049, a29=0.046, a39=0.042, a24=0.040] [BUILD: Hothouse]
    OBS: year=0 month=9 season=2 money=4345 credit=109614 people=28 busy=0 free=28 home_places=110 need_workers=4 tax_due=0 main_tax_due=0 tax_amount=8070 main_tax_amount=0 days_alive=185 stage=0 res0=0 res1=400 res2=0 res3=0 res4=0 res5=0 res6=0 res7=0 res8=0 Farm=1 Garden=1 Road=3 House=1 CowFarm=1 BigHouse=1 Apiary=1 Hothouse=1 | nw=1511908.1938
  s=  161 a=  8(BUILD:Coalmine) r= -0.7774 cum=     -6.55 v= -0.0233 top5=[a43=0.049, a22=0.046, a29=0.043, a39=0.039, a24=0.039] [BUILD: Coalmine]
    OBS: year=0 month=9 season=2 money=4345 credit=109833 people=28 busy=0 free=28 home_places=110 need_workers=4 tax_due=0 main_tax_due=0 tax_amount=8070 main_tax_amount=0 days_alive=186 stage=0 res0=0 res1=400 res2=0 res3=0 res4=0 res5=0 res6=0 res7=0 res8=0 Farm=1 Garden=1 Road=3 House=1 CowFarm=1 BigHouse=1 Apiary=1 Hothouse=1 | nw=1511675.9822
  s=  162 a= 25(BUILD:SuperHouse) r= -0.7811 cum=     -7.33 v= -0.0268 top5=[a43=0.044, a22=0.041, a29=0.038, a24=0.038, a39=0.034] [BUILD: SuperHouse]
    OBS: year=0 month=9 season=2 money=4345 credit=110052 people=28 busy=0 free=28 home_places=110 need_workers=4 tax_due=0 main_tax_due=0 tax_amount=8070 main_tax_amount=0 days_alive=187 stage=0 res0=0 res1=400 res2=0 res3=0 res4=0 res5=0 res6=0 res7=0 res8=0 Farm=1 Garden=1 Road=3 House=1 CowFarm=1 BigHouse=1 Apiary=1 Hothouse=1 | nw=1511441.8368
  s=  163 a= 20(BUILD:BigHouse) r= -0.7842 cum=     -8.11 v= -0.0303 top5=[a43=0.041, a22=0.039, a24=0.037, a29=0.036, a44=0.032] [BUILD: BigHouse]
    OBS: year=0 month=9 season=2 money=4345 credit=110272 people=28 busy=0 free=28 home_places=110 need_workers=4 tax_due=0 main_tax_due=0 tax_amount=8070 main_tax_amount=0 days_alive=188 stage=0 res0=0 res1=400 res2=0 res3=0 res4=0 res5=0 res6=0 res7=0 res8=0 Farm=1 Garden=1 Road=3 House=1 CowFarm=1 BigHouse=1 Apiary=1 Hothouse=1 | nw=1511206.7260
  s=  164 a= 32(BUILD:SmallAtomStation) r= -0.7854 cum=     -8.90 v= -0.0347 top5=[a43=0.039, a22=0.037, a24=0.036, a29=0.034, a12=0.032] [BUILD: SmallAtomStation]
    OBS: year=0 month=9 season=2 money=4345 credit=110492 people=28 busy=0 free=28 home_places=110 need_workers=4 tax_due=0 main_tax_due=0 tax_amount=8070 main_tax_amount=0 days_alive=189 stage=0 res0=0 res1=400 res2=0 res3=0 res4=0 res5=0 res6=0 res7=0 res8=0 Farm=1 Garden=1 Road=3 House=1 CowFarm=1 BigHouse=1 Apiary=1 Hothouse=1 | nw=1510974.0500
  s=  165 a= 14(BUILD:Road) r= -0.7886 cum=     -9.69 v= -0.0398 top5=[a43=0.038, a22=0.036, a24=0.035, a29=0.033, a12=0.032] [BUILD: Road]
    OBS: year=0 month=9 season=2 money=4345 credit=110712 people=28 busy=0 free=28 home_places=110 need_workers=4 tax_due=0 main_tax_due=0 tax_amount=8070 main_tax_amount=0 days_alive=190 stage=0 res0=0 res1=400 res2=0 res3=0 res4=0 res5=0 res6=0 res7=0 res8=0 Farm=1 Garden=1 Road=3 House=1 CowFarm=1 BigHouse=1 Apiary=1 Hothouse=1 | nw=1510740.4010
  s=  166 a=  0(DAY) r= -0.2232 cum=     -9.91 v= -0.0431 top5=[a43=0.037, a22=0.035, a24=0.035, a29=0.032, a12=0.032]
    OBS: year=0 month=9 season=2 money=4345 credit=110933 people=28 busy=0 free=28 home_places=110 need_workers=4 tax_due=0 main_tax_due=0 tax_amount=8070 main_tax_amount=0 days_alive=191 stage=0 res0=0 res1=400 res2=0 res3=0 res4=0 res5=0 res6=0 res7=0 res8=0 Farm=1 Garden=1 Road=3 House=1 CowFarm=1 BigHouse=1 Apiary=1 Hothouse=1 | nw=1510503.4283
  s=  167 a= 31(BUILD:AirStation) r= -0.7952 cum=    -10.70 v= -0.0446 top5=[a43=0.036, a22=0.035, a24=0.034, a12=0.032, a29=0.031] [BUILD: AirStation]
    OBS: year=0 month=9 season=2 money=4345 credit=111154 people=28 busy=0 free=28 home_places=110 need_workers=4 tax_due=0 main_tax_due=0 tax_amount=8070 main_tax_amount=0 days_alive=192 stage=0 res0=0 res1=400 res2=0 res3=0 res4=0 res5=0 res6=0 res7=0 res8=0 Farm=1 Garden=1 Road=3 House=1 CowFarm=1 BigHouse=1 Apiary=1 Hothouse=1 | nw=1510267.8533
  s=  168 a= 29(BUILD:Puerperal) r= -0.7987 cum=    -11.50 v= -0.0460 top5=[a43=0.036, a22=0.034, a24=0.034, a12=0.032, a14=0.031] [BUILD: Puerperal]
    OBS: year=0 month=9 season=2 money=4345 credit=111376 people=28 busy=0 free=28 home_places=110 need_workers=4 tax_due=0 main_tax_due=0 tax_amount=8070 main_tax_amount=0 days_alive=193 stage=0 res0=0 res1=400 res2=0 res3=0 res4=0 res5=0 res6=0 res7=0 res8=0 Farm=1 Garden=1 Road=3 House=1 CowFarm=1 BigHouse=1 Apiary=1 Hothouse=1 | nw=1510030.7078
  s=  169 a= 20(BUILD:BigHouse) r= -0.7666 cum=    -12.27 v= -0.0475 top5=[a43=0.035, a24=0.034, a22=0.033, a12=0.031, a14=0.031] [BUILD: BigHouse]
    OBS: year=0 month=9 season=2 money=4345 credit=111598 people=28 busy=0 free=28 home_places=110 need_workers=4 tax_due=0 main_tax_due=0 tax_amount=8070 main_tax_amount=0 days_alive=194 stage=0 res0=0 res1=400 res2=0 res3=0 res4=0 res5=0 res6=0 res7=0 res8=0 Farm=1 Garden=1 Road=3 House=1 CowFarm=1 BigHouse=1 Apiary=1 Hothouse=1 | nw=1509794.2316
  s=  170 a= 22(BUILD:Apiary) r= -0.8053 cum=    -13.08 v= -0.0685 top5=[a43=0.036, a22=0.033, a12=0.032, a24=0.032, a14=0.032] [BUILD: Apiary]
    OBS: year=0 month=9 season=2 money=4345 credit=111821 people=28 busy=0 free=28 home_places=110 need_workers=4 tax_due=0 main_tax_due=0 tax_amount=8070 main_tax_amount=0 days_alive=195 stage=0 res0=0 res1=400 res2=0 res3=0 res4=0 res5=0 res6=0 res7=0 res8=0 Farm=1 Garden=1 Road=3 House=1 CowFarm=1 BigHouse=1 Apiary=1 Hothouse=1 | nw=1509554.6178
  s=  171 a= 39(MANAGER:5) r= +1.5005 cum=    -11.57 v= -0.2203 top5=[a38=0.042, a33=0.038, a29=0.037, a12=0.036, a43=0.036]
    OBS: year=0 month=9 season=2 money=4345 credit=112044 people=28 busy=0 free=28 home_places=310 need_workers=9 tax_due=0 main_tax_due=0 tax_amount=8070 main_tax_amount=0 days_alive=196 stage=0 res0=0 res1=400 res2=0 res3=0 res4=0 res5=0 res6=0 res7=0 res8=0 Farm=1 Garden=1 Road=3 House=1 CowFarm=1 BigHouse=1 Apiary=1 Hothouse=1 | nw=1509315.0040
  s=  172 a= 28(BUILD:BigRefinary) r= -0.7575 cum=    -12.33 v= -0.2398 top5=[a38=0.040, a29=0.040, a33=0.038, a5=0.036, a43=0.036] [BUILD: BigRefinary]
    OBS: year=0 month=9 season=2 money=4345 credit=112268 people=28 busy=0 free=28 home_places=310 need_workers=9 tax_due=0 main_tax_due=0 tax_amount=8070 main_tax_amount=0 days_alive=197 stage=0 res0=0 res1=400 res2=0 res3=0 res4=0 res5=0 res6=0 res7=0 res8=0 Farm=1 Garden=1 Road=3 House=1 CowFarm=1 BigHouse=1 Apiary=1 Hothouse=1 | nw=1509074.3902
  s=  173 a= 35(MANAGER:1) r= -0.2145 cum=    -12.55 v= -0.2342 top5=[a29=0.038, a38=0.037, a33=0.037, a43=0.035, a44=0.034]
    OBS: year=0 month=9 season=2 money=4295 credit=112492 people=28 busy=0 free=28 home_places=310 need_workers=9 tax_due=0 main_tax_due=0 tax_amount=8070 main_tax_amount=0 days_alive=198 stage=0 res0=0 res1=400 res2=0 res3=0 res4=0 res5=0 res6=0 res7=0 res8=0 Farm=1 Garden=1 Road=3 House=1 CowFarm=1 BigHouse=1 Apiary=1 Hothouse=1 | nw=1508866.2000
  s=  174 a= 44(MANAGER:10) r= +0.0508 cum=    -12.50 v= -0.1230 top5=[a43=0.067, a24=0.039, a22=0.039, a29=0.035, a38=0.032]
    OBS: year=0 month=9 season=2 money=4295 credit=112716 people=28 busy=0 free=28 home_places=310 need_workers=9 tax_due=0 main_tax_due=0 tax_amount=8070 main_tax_amount=0 days_alive=199 stage=0 res0=0 res1=400 res2=0 res3=0 res4=0 res5=0 res6=0 res7=0 res8=0 Farm=1 Garden=1 Road=3 House=1 CowFarm=1 BigHouse=1 Apiary=1 Hothouse=1 | nw=1508617.3439
  s=  175 a= 35(MANAGER:1) r= +0.9241 cum=    -11.57 v= -0.1017 top5=[a43=0.064, a22=0.038, a24=0.038, a29=0.034, a34=0.032]
    OBS: year=0 month=9 season=2 money=4291 credit=112941 people=28 busy=0 free=28 home_places=310 need_workers=9 tax_due=0 main_tax_due=0 tax_amount=8070 main_tax_amount=0 days_alive=200 stage=0 res0=0 res1=400 res2=0 res3=0 res4=0 res5=0 res6=0 res7=0 res8=0 Farm=1 Garden=1 Road=3 House=1 CowFarm=1 BigHouse=1 Apiary=1 Hothouse=1 | nw=1508369.6552
  s=  176 a= 25(BUILD:SuperHouse) r= -0.8270 cum=    -12.40 v= -0.1165 top5=[a43=0.056, a24=0.035, a22=0.035, a29=0.033, a34=0.031] [BUILD: SuperHouse]
    OBS: year=0 month=9 season=2 money=4291 credit=113166 people=28 busy=0 free=28 home_places=310 need_workers=9 tax_due=0 main_tax_due=0 tax_amount=8070 main_tax_amount=0 days_alive=201 stage=0 res0=0 res1=400 res2=0 res3=0 res4=0 res5=0 res6=0 res7=0 res8=0 Farm=1 Garden=1 Road=3 House=1 CowFarm=1 BigHouse=1 Apiary=1 Hothouse=1 | nw=1508117.3298
  s=  177 a=  1(WEEK) r= -0.1391 cum=    -12.54 v= -0.1255 top5=[a43=0.052, a24=0.034, a22=0.034, a29=0.033, a12=0.031]
    OBS: year=0 month=9 season=2 money=4291 credit=113618 people=29 busy=0 free=29 home_places=310 need_workers=9 tax_due=0 main_tax_due=0 tax_amount=8070 main_tax_amount=0 days_alive=203 stage=0 res0=0 res1=400 res2=0 res3=0 res4=0 res5=0 res6=0 res7=0 res8=0 Farm=1 Garden=1 Road=3 House=1 CowFarm=1 BigHouse=1 Apiary=1 Hothouse=1 | nw=1507615.5192
  s=  178 a= 25(BUILD:SuperHouse) r= -0.8329 cum=    -13.37 v= -0.1317 top5=[a43=0.050, a24=0.034, a22=0.033, a29=0.032, a38=0.031] [BUILD: SuperHouse]
    OBS: year=0 month=9 season=2 money=4291 credit=113845 people=29 busy=0 free=29 home_places=310 need_workers=9 tax_due=0 main_tax_due=0 tax_amount=8070 main_tax_amount=0 days_alive=204 stage=0 res0=0 res1=400 res2=0 res3=0 res4=0 res5=0 res6=0 res7=0 res8=0 Farm=1 Garden=1 Road=3 House=1 CowFarm=1 BigHouse=1 Apiary=1 Hothouse=1 | nw=1507363.6631
  s=  179 a=  8(BUILD:Coalmine) r= -5.8739 cum=    -19.24 v= -0.1293 top5=[a43=0.048, a24=0.033, a22=0.033, a29=0.032, a38=0.031] [BUILD FAILED: Coalmine money=4291 free=28]
    OBS: year=0 month=9 season=2 money=4291 credit=114072 people=28 busy=0 free=28 home_places=310 need_workers=9 tax_due=0 main_tax_due=0 tax_amount=8070 main_tax_amount=0 days_alive=205 stage=0 res0=0 res1=400 res2=0 res3=0 res4=0 res5=0 res6=0 res7=0 res8=0 Farm=1 Garden=1 Road=3 House=1 CowFarm=1 BigHouse=1 Apiary=1 Hothouse=1 | nw=1507106.1741
  s=  180 a=  5(BUILD:House) r= -0.8134 cum=    -20.06 v= -0.1253 top5=[a43=0.046, a24=0.033, a22=0.032, a29=0.032, a38=0.031] [BUILD: House]
    OBS: year=0 month=9 season=2 money=4291 credit=114300 people=28 busy=0 free=28 home_places=310 need_workers=9 tax_due=0 main_tax_due=0 tax_amount=8070 main_tax_amount=0 days_alive=206 stage=0 res0=0 res1=400 res2=0 res3=0 res4=0 res5=0 res6=0 res7=0 res8=0 Farm=1 Garden=1 Road=3 House=1 CowFarm=1 BigHouse=1 Apiary=1 Hothouse=1 | nw=1506853.3180
  s=  181 a= 20(BUILD:BigHouse) r= -0.8136 cum=    -20.87 v= -0.1213 top5=[a43=0.045, a22=0.032, a24=0.032, a29=0.032, a38=0.031] [BUILD: BigHouse]
    OBS: year=0 month=9 season=2 money=4291 credit=114528 people=28 busy=0 free=28 home_places=310 need_workers=9 tax_due=0 main_tax_due=0 tax_amount=8070 main_tax_amount=0 days_alive=207 stage=0 res0=0 res1=400 res2=0 res3=0 res4=0 res5=0 res6=0 res7=0 res8=0 Farm=1 Garden=1 Road=3 House=1 CowFarm=1 BigHouse=1 Apiary=1 Hothouse=1 | nw=1506604.5831
  s=  182 a=  2(BUILD:WaterChannel) r= -0.8190 cum=    -21.69 v= -0.1175 top5=[a43=0.044, a22=0.032, a24=0.032, a29=0.032, a38=0.031] [BUILD: WaterChannel]
    OBS: year=0 month=9 season=2 money=4291 credit=114757 people=28 busy=0 free=28 home_places=310 need_workers=9 tax_due=0 main_tax_due=0 tax_amount=8070 main_tax_amount=0 days_alive=208 stage=0 res0=0 res1=400 res2=0 res3=0 res4=0 res5=0 res6=0 res7=0 res8=0 Farm=1 Garden=1 Road=3 House=1 CowFarm=1 BigHouse=1 Apiary=1 Hothouse=1 | nw=1506350.7270
  s=  183 a= 13(BUILD:HydroStation) r= -0.8216 cum=    -22.51 v= -0.1120 top5=[a43=0.044, a22=0.032, a29=0.032, a24=0.032, a38=0.031] [BUILD: HydroStation]
    OBS: year=0 month=9 season=2 money=4291 credit=114986 people=28 busy=0 free=28 home_places=310 need_workers=9 tax_due=0 main_tax_due=0 tax_amount=8070 main_tax_amount=0 days_alive=209 stage=0 res0=0 res1=400 res2=0 res3=0 res4=0 res5=0 res6=0 res7=0 res8=0 Farm=1 Garden=1 Road=3 House=1 CowFarm=1 BigHouse=1 Apiary=1 Hothouse=1 | nw=1506096.8709
  s=  184 a= 12(BUILD:PowerStation) r= +0.5923 cum=    -21.92 v= -0.1055 top5=[a43=0.043, a22=0.032, a38=0.032, a29=0.031, a24=0.031] [BUILD: PowerStation]
    OBS: year=0 month=9 season=2 money=3891 credit=115215 people=28 busy=0 free=28 home_places=310 need_workers=19 tax_due=0 main_tax_due=0 tax_amount=8070 main_tax_amount=0 days_alive=210 stage=0 res0=0 res1=400 res2=0 res3=0 res4=0 res5=0 res6=0 res7=0 res8=0 Farm=1 Garden=1 Road=4 House=1 CowFarm=1 BigHouse=1 Apiary=1 Hothouse=1 | nw=1505840.6790
  s=  185 a=  7(BUILD:Sawmill) r= -0.8282 cum=    -22.75 v= -0.0663 top5=[a43=0.041, a12=0.032, a34=0.032, a38=0.032, a24=0.032] [BUILD: Sawmill]
    OBS: year=0 month=9 season=2 money=3891 credit=115445 people=28 busy=0 free=28 home_places=310 need_workers=19 tax_due=0 main_tax_due=0 tax_amount=8070 main_tax_amount=0 days_alive=211 stage=0 res0=0 res1=400 res2=0 res3=0 res4=0 res5=0 res6=0 res7=0 res8=0 Farm=1 Garden=1 Road=4 House=1 CowFarm=1 BigHouse=1 Apiary=1 Hothouse=1 | nw=1505584.0227
  s=  186 a=  3(BUILD:Farm) r= -0.8297 cum=    -23.58 v= -0.0638 top5=[a43=0.041, a34=0.032, a12=0.032, a38=0.032, a24=0.031] [BUILD: Farm]
    OBS: year=0 month=9 season=2 money=3891 credit=115675 people=28 busy=0 free=28 home_places=310 need_workers=19 tax_due=0 main_tax_due=0 tax_amount=8070 main_tax_amount=0 days_alive=212 stage=0 res0=0 res1=400 res2=0 res3=0 res4=0 res5=0 res6=0 res7=0 res8=0 Farm=1 Garden=1 Road=4 House=1 CowFarm=1 BigHouse=1 Apiary=1 Hothouse=1 | nw=1505329.1666
  s=  187 a= 38(MANAGER:4) r= +1.4868 cum=    -22.09 v= -0.0612 top5=[a43=0.040, a34=0.032, a38=0.032, a12=0.032, a24=0.031]
    OBS: year=0 month=9 season=2 money=3891 credit=115906 people=28 busy=0 free=28 home_places=310 need_workers=9 tax_due=0 main_tax_due=0 tax_amount=8070 main_tax_amount=0 days_alive=213 stage=0 res0=0 res1=400 res2=0 res3=0 res4=0 res5=0 res6=0 res7=0 res8=0 Farm=1 Garden=1 Road=4 House=1 CowFarm=1 BigHouse=1 Apiary=1 Hothouse=1 | nw=1505071.5104
  s=  188 a= 22(BUILD:Apiary) r= -0.8351 cum=    -22.93 v= -0.0664 top5=[a38=0.033, a43=0.033, a22=0.032, a12=0.032, a34=0.031] [BUILD: Apiary]
    OBS: year=0 month=10 season=2 money=3891 credit=116137 people=28 busy=0 free=28 home_places=310 need_workers=9 tax_due=0 main_tax_due=0 tax_amount=8070 main_tax_amount=0 days_alive=214 stage=0 res0=0 res1=400 res2=0 res3=0 res4=0 res5=0 res6=0 res7=0 res8=0 Farm=1 Garden=1 Road=4 House=1 CowFarm=1 BigHouse=1 Apiary=1 Hothouse=1 | nw=1504813.3185
  s=  189 a= 40(MANAGER:6) r= -0.1290 cum=    -23.06 v= -0.0771 top5=[a12=0.031, a43=0.030, a33=0.030, a14=0.029, a44=0.028]
    OBS: year=0 month=10 season=2 money=4091 credit=116369 people=28 busy=0 free=28 home_places=310 need_workers=9 tax_due=0 main_tax_due=0 tax_amount=8074 main_tax_amount=0 days_alive=215 stage=0 res0=0 res1=200 res2=0 res3=0 res4=0 res5=0 res6=0 res7=0 res8=0 Farm=1 Garden=1 Road=4 House=1 CowFarm=1 BigHouse=1 Apiary=1 Hothouse=1 | nw=1504553.6893
  s=  190 a= 27(BUILD:WaterMill) r= -0.8407 cum=    -23.90 v= -0.0752 top5=[a12=0.031, a43=0.030, a33=0.030, a14=0.029, a44=0.028] [BUILD: WaterMill]
    OBS: year=0 month=10 season=2 money=4091 credit=116601 people=28 busy=0 free=28 home_places=310 need_workers=9 tax_due=0 main_tax_due=0 tax_amount=8074 main_tax_amount=0 days_alive=216 stage=0 res0=0 res1=200 res2=0 res3=0 res4=0 res5=0 res6=0 res7=0 res8=0 Farm=1 Garden=1 Road=4 House=1 CowFarm=1 BigHouse=1 Apiary=1 Hothouse=1 | nw=1504295.0330
  s=  191 a= 42(MANAGER:8) r= -0.8414 cum=    -24.74 v= -0.0706 top5=[a43=0.031, a12=0.030, a33=0.029, a44=0.029, a14=0.029]
    OBS: year=0 month=10 season=2 money=4091 credit=116834 people=28 busy=0 free=28 home_places=310 need_workers=9 tax_due=0 main_tax_due=0 tax_amount=8074 main_tax_amount=0 days_alive=217 stage=0 res0=0 res1=200 res2=0 res3=0 res4=0 res5=0 res6=0 res7=0 res8=0 Farm=1 Garden=1 Road=4 House=1 CowFarm=1 BigHouse=1 Apiary=1 Hothouse=1 | nw=1504039.3644
  s=  192 a=  5(BUILD:House) r= -0.8452 cum=    -25.58 v= -0.0661 top5=[a43=0.031, a12=0.030, a33=0.029, a44=0.029, a14=0.029] [BUILD: House]
    OBS: year=0 month=10 season=2 money=4091 credit=117067 people=28 busy=0 free=28 home_places=310 need_workers=9 tax_due=0 main_tax_due=0 tax_amount=8074 main_tax_amount=0 days_alive=218 stage=0 res0=0 res1=200 res2=0 res3=0 res4=0 res5=0 res6=0 res7=0 res8=0 Farm=1 Garden=1 Road=4 House=1 CowFarm=1 BigHouse=1 Apiary=1 Hothouse=1 | nw=1503781.5083
  s=  193 a=  6(BUILD:SmallHouse) r= -0.8493 cum=    -26.43 v= -0.0617 top5=[a43=0.031, a12=0.030, a33=0.029, a44=0.029, a34=0.029] [BUILD: SmallHouse]
    OBS: year=0 month=10 season=2 money=4091 credit=117301 people=28 busy=0 free=28 home_places=310 need_workers=9 tax_due=0 main_tax_due=0 tax_amount=8074 main_tax_amount=0 days_alive=219 stage=0 res0=0 res1=200 res2=0 res3=0 res4=0 res5=0 res6=0 res7=0 res8=0 Farm=1 Garden=1 Road=4 House=1 CowFarm=1 BigHouse=1 Apiary=1 Hothouse=1 | nw=1503520.8520
  s=  194 a= 34(MANAGER:0) r= -0.8518 cum=    -27.28 v= -0.0577 top5=[a43=0.031, a12=0.030, a33=0.029, a44=0.029, a34=0.029]
    OBS: year=0 month=10 season=2 money=4091 credit=117535 people=28 busy=0 free=28 home_places=310 need_workers=9 tax_due=0 main_tax_due=0 tax_amount=8074 main_tax_amount=0 days_alive=220 stage=0 res0=0 res1=200 res2=0 res3=0 res4=0 res5=0 res6=0 res7=0 res8=0 Farm=1 Garden=1 Road=4 House=1 CowFarm=1 BigHouse=1 Apiary=1 Hothouse=1 | nw=1503260.0969
  s=  195 a= 34(MANAGER:0) r= -0.8545 cum=    -28.14 v= -0.0542 top5=[a43=0.031, a12=0.030, a44=0.029, a33=0.029, a34=0.029]
    OBS: year=0 month=10 season=2 money=4091 credit=117770 people=28 busy=0 free=28 home_places=310 need_workers=9 tax_due=0 main_tax_due=0 tax_amount=8074 main_tax_amount=0 days_alive=221 stage=0 res0=0 res1=200 res2=0 res3=0 res4=0 res5=0 res6=0 res7=0 res8=0 Farm=1 Garden=1 Road=4 House=1 CowFarm=1 BigHouse=1 Apiary=1 Hothouse=1 | nw=1502998.9763
  s=  196 a= 18(BUILD:CowFarm) r= -0.8565 cum=    -28.99 v= -0.0505 top5=[a43=0.031, a12=0.030, a44=0.029, a34=0.029, a33=0.029] [BUILD: CowFarm]
    OBS: year=0 month=10 season=2 money=4091 credit=118005 people=28 busy=0 free=28 home_places=310 need_workers=9 tax_due=0 main_tax_due=0 tax_amount=8074 main_tax_amount=0 days_alive=222 stage=0 res0=0 res1=200 res2=0 res3=0 res4=0 res5=0 res6=0 res7=0 res8=0 Farm=1 Garden=1 Road=4 House=1 CowFarm=1 BigHouse=1 Apiary=1 Hothouse=1 | nw=1502738.6829
  s=  197 a= 35(MANAGER:1) r= -0.2421 cum=    -29.24 v= -0.0470 top5=[a43=0.031, a12=0.029, a44=0.029, a34=0.029, a22=0.029]
    OBS: year=0 month=10 season=2 money=4043 credit=118241 people=28 busy=0 free=28 home_places=310 need_workers=9 tax_due=0 main_tax_due=0 tax_amount=8074 main_tax_amount=0 days_alive=223 stage=0 res0=0 res1=200 res2=0 res3=0 res4=0 res5=0 res6=0 res7=0 res8=0 Farm=1 Garden=1 Road=4 House=1 CowFarm=1 BigHouse=1 Apiary=1 Hothouse=1 | nw=1502520.8453
  s=  198 a= 20(BUILD:BigHouse) r= -0.8636 cum=    -30.10 v= -0.0440 top5=[a43=0.031, a12=0.029, a44=0.029, a34=0.029, a22=0.029] [BUILD: BigHouse]
    OBS: year=0 month=10 season=2 money=4043 credit=118477 people=28 busy=0 free=28 home_places=310 need_workers=9 tax_due=0 main_tax_due=0 tax_amount=8074 main_tax_amount=0 days_alive=224 stage=0 res0=0 res1=200 res2=0 res3=0 res4=0 res5=0 res6=0 res7=0 res8=0 Farm=1 Garden=1 Road=4 House=1 CowFarm=1 BigHouse=1 Apiary=1 Hothouse=1 | nw=1502257.6182
  s=  199 a= 39(MANAGER:5) r= +1.5134 cum=    -28.59 v= -0.0420 top5=[a43=0.031, a12=0.029, a44=0.029, a34=0.029, a22=0.029]
    OBS: year=0 month=10 season=2 money=4043 credit=118713 people=28 busy=0 free=28 home_places=250 need_workers=9 tax_due=0 main_tax_due=0 tax_amount=8074 main_tax_amount=0 days_alive=225 stage=0 res0=0 res1=200 res2=0 res3=0 res4=0 res5=0 res6=0 res7=0 res8=0 Farm=1 Garden=1 Road=4 House=1 CowFarm=1 BigHouse=1 Apiary=1 Hothouse=1 | nw=1501996.9601
  s=  200 a= 43(MANAGER:9) r= -0.8632 cum=    -29.45 v= -0.0213 top5=[a43=0.031, a12=0.031, a44=0.030, a34=0.029, a22=0.028]
    OBS: year=0 month=10 season=2 money=4043 credit=118950 people=28 busy=0 free=28 home_places=250 need_workers=9 tax_due=0 main_tax_due=0 tax_amount=8074 main_tax_amount=0 days_alive=226 stage=0 res0=0 res1=200 res2=0 res3=0 res4=0 res5=0 res6=0 res7=0 res8=0 Farm=1 Garden=1 Road=4 House=1 CowFarm=1 BigHouse=1 Apiary=1 Hothouse=1 | nw=1501739.7608
  s=  201 a= 26(BUILD:BigSawmill) r= -0.8684 cum=    -30.32 v= -0.0180 top5=[a43=0.031, a12=0.031, a44=0.030, a34=0.029, a22=0.029] [BUILD: BigSawmill]
    OBS: year=0 month=10 season=2 money=4043 credit=119187 people=28 busy=0 free=28 home_places=250 need_workers=9 tax_due=0 main_tax_due=0 tax_amount=8074 main_tax_amount=0 days_alive=227 stage=0 res0=0 res1=200 res2=0 res3=0 res4=0 res5=0 res6=0 res7=0 res8=0 Farm=1 Garden=1 Road=4 House=1 CowFarm=1 BigHouse=1 Apiary=1 Hothouse=1 | nw=1501477.9047
  s=  202 a= 12(BUILD:PowerStation) r= +0.5959 cum=    -29.72 v= -0.0148 top5=[a43=0.031, a12=0.031, a44=0.030, a34=0.029, a22=0.029] [BUILD: PowerStation]
    OBS: year=0 month=10 season=2 money=3643 credit=119425 people=28 busy=0 free=28 home_places=250 need_workers=9 tax_due=0 main_tax_due=0 tax_amount=8074 main_tax_amount=0 days_alive=228 stage=0 res0=0 res1=200 res2=0 res3=0 res4=0 res5=0 res6=0 res7=0 res8=0 Farm=1 Garden=1 Road=5 House=1 CowFarm=1 BigHouse=1 Apiary=1 Hothouse=1 | nw=1501213.2485
  s=  203 a=  4(BUILD:Garden) r= -0.6547 cum=    -30.38 v= -0.0160 top5=[a12=0.032, a43=0.030, a34=0.029, a44=0.029, a14=0.029] [BUILD: Garden]
    OBS: year=0 month=10 season=2 money=3643 credit=119663 people=28 busy=0 free=28 home_places=250 need_workers=9 tax_due=0 main_tax_due=0 tax_amount=8074 main_tax_amount=0 days_alive=229 stage=0 res0=0 res1=200 res2=0 res3=0 res4=0 res5=0 res6=0 res7=0 res8=0 Farm=1 Garden=1 Road=5 House=1 CowFarm=1 BigHouse=1 Apiary=1 Hothouse=1 | nw=1500952.2914
  s=  204 a= 40(MANAGER:6) r= -0.8772 cum=    -31.25 v= -0.0120 top5=[a12=0.032, a43=0.030, a34=0.029, a44=0.029, a14=0.029]
    OBS: year=0 month=10 season=2 money=3643 credit=119902 people=28 busy=0 free=28 home_places=250 need_workers=9 tax_due=0 main_tax_due=0 tax_amount=8074 main_tax_amount=0 days_alive=230 stage=0 res0=0 res1=200 res2=0 res3=0 res4=0 res5=0 res6=0 res7=0 res8=0 Farm=1 Garden=1 Road=5 House=1 CowFarm=1 BigHouse=1 Apiary=1 Hothouse=1 | nw=1500688.4353
  s=  205 a= 41(MANAGER:7) r= -0.3991 cum=    -31.65 v= -0.0095 top5=[a12=0.031, a43=0.030, a34=0.030, a44=0.029, a14=0.029]
    OBS: year=0 month=10 season=2 money=3243 credit=120141 people=28 busy=0 free=28 home_places=250 need_workers=9 tax_due=0 main_tax_due=0 tax_amount=8078 main_tax_amount=0 days_alive=231 stage=0 res0=0 res1=400 res2=0 res3=0 res4=0 res5=0 res6=0 res7=0 res8=0 Farm=1 Garden=1 Road=5 House=1 CowFarm=1 BigHouse=1 Apiary=1 Hothouse=1 | nw=1500224.5792
  s=  206 a=  7(BUILD:Sawmill) r= -0.8830 cum=    -32.54 v= -0.0065 top5=[a12=0.031, a43=0.030, a34=0.030, a44=0.029, a14=0.029] [BUILD: Sawmill]
    OBS: year=0 month=10 season=2 money=3243 credit=120381 people=28 busy=0 free=28 home_places=250 need_workers=9 tax_due=0 main_tax_due=0 tax_amount=8078 main_tax_amount=0 days_alive=232 stage=0 res0=0 res1=400 res2=0 res3=0 res4=0 res5=0 res6=0 res7=0 res8=0 Farm=1 Garden=1 Road=5 House=1 CowFarm=1 BigHouse=1 Apiary=1 Hothouse=1 | nw=1499959.7231
  s=  207 a= 34(MANAGER:0) r= -0.8864 cum=    -33.42 v= -0.0043 top5=[a12=0.031, a43=0.030, a34=0.030, a44=0.029, a14=0.029]
    OBS: year=0 month=10 season=2 money=3243 credit=120621 people=28 busy=0 free=28 home_places=250 need_workers=9 tax_due=0 main_tax_due=0 tax_amount=8078 main_tax_amount=0 days_alive=233 stage=0 res0=0 res1=400 res2=0 res3=0 res4=0 res5=0 res6=0 res7=0 res8=0 Farm=1 Garden=1 Road=5 House=1 CowFarm=1 BigHouse=1 Apiary=1 Hothouse=1 | nw=1499693.2995
  s=  208 a=  3(BUILD:Farm) r= -0.8885 cum=    -34.31 v= -0.0027 top5=[a12=0.031, a43=0.030, a34=0.030, a44=0.029, a14=0.029] [BUILD: Farm]
    OBS: year=0 month=10 season=2 money=3243 credit=120862 people=28 busy=0 free=28 home_places=250 need_workers=9 tax_due=0 main_tax_due=0 tax_amount=8078 main_tax_amount=0 days_alive=234 stage=0 res0=0 res1=400 res2=0 res3=0 res4=0 res5=0 res6=0 res7=0 res8=0 Farm=1 Garden=1 Road=5 House=1 CowFarm=1 BigHouse=1 Apiary=1 Hothouse=1 | nw=1499427.4434
  s=  209 a=  9(BUILD:Ironmine) r= -0.8897 cum=    -35.20 v= +0.0034 top5=[a12=0.031, a43=0.030, a34=0.030, a44=0.030, a22=0.029] [BUILD: Ironmine]
    OBS: year=0 month=10 season=2 money=3243 credit=121103 people=28 busy=0 free=28 home_places=250 need_workers=9 tax_due=0 main_tax_due=0 tax_amount=8078 main_tax_amount=0 days_alive=235 stage=0 res0=0 res1=400 res2=0 res3=0 res4=0 res5=0 res6=0 res7=0 res8=0 Farm=1 Garden=1 Road=5 House=1 CowFarm=1 BigHouse=1 Apiary=1 Hothouse=1 | nw=1499163.5855
  s=  210 a= 23(BUILD:Torchlight) r= -0.8915 cum=    -36.09 v= +0.0045 top5=[a12=0.031, a43=0.030, a34=0.030, a44=0.030, a22=0.029] [BUILD: Torchlight]
    OBS: year=0 month=10 season=2 money=3243 credit=121345 people=28 busy=0 free=28 home_places=250 need_workers=9 tax_due=0 main_tax_due=0 tax_amount=8078 main_tax_amount=0 days_alive=236 stage=0 res0=0 res1=400 res2=0 res3=0 res4=0 res5=0 res6=0 res7=0 res8=0 Farm=1 Garden=1 Road=5 House=1 CowFarm=1 BigHouse=1 Apiary=1 Hothouse=1 | nw=1498900.8506
  s=  211 a= 18(BUILD:CowFarm) r= -0.8939 cum=    -36.99 v= +0.0062 top5=[a12=0.031, a43=0.030, a34=0.030, a44=0.030, a22=0.029] [BUILD: CowFarm]
    OBS: year=0 month=10 season=2 money=3243 credit=121587 people=28 busy=0 free=28 home_places=250 need_workers=9 tax_due=0 main_tax_due=0 tax_amount=8078 main_tax_amount=0 days_alive=237 stage=0 res0=0 res1=400 res2=0 res3=0 res4=0 res5=0 res6=0 res7=0 res8=0 Farm=1 Garden=1 Road=5 House=1 CowFarm=1 BigHouse=1 Apiary=1 Hothouse=1 | nw=1498638.1156
  s=  212 a= 33(BUILD:AtomStation) r= -0.9016 cum=    -37.89 v= +0.0072 top5=[a12=0.031, a43=0.031, a34=0.030, a44=0.030, a22=0.030] [BUILD: AtomStation]
    OBS: year=0 month=10 season=2 money=3243 credit=121830 people=28 busy=0 free=28 home_places=250 need_workers=9 tax_due=0 main_tax_due=0 tax_amount=8078 main_tax_amount=0 days_alive=238 stage=0 res0=0 res1=400 res2=0 res3=0 res4=0 res5=0 res6=0 res7=0 res8=0 Farm=1 Garden=1 Road=5 House=1 CowFarm=1 BigHouse=1 Apiary=1 Hothouse=1 | nw=1498366.6247
  s=  213 a=  0(DAY) r= -6.1010 cum=    -43.99 v= +0.0069 top5=[a12=0.031, a43=0.031, a34=0.030, a44=0.030, a22=0.030]
    OBS: year=0 month=10 season=2 money=3243 credit=122073 people=28 busy=0 free=28 home_places=250 need_workers=9 tax_due=0 main_tax_due=0 tax_amount=8078 main_tax_amount=0 days_alive=239 stage=0 res0=0 res1=400 res2=0 res3=0 res4=0 res5=0 res6=0 res7=0 res8=0 Farm=1 Garden=1 Road=5 House=1 CowFarm=1 BigHouse=1 Apiary=1 Hothouse=1 | nw=1498095.0347
  s=  214 a= 11(BUILD:Goldmine) r= -0.8802 cum=    -44.87 v= +0.0064 top5=[a12=0.031, a43=0.031, a34=0.030, a22=0.030, a44=0.030] [BUILD: Goldmine]
    OBS: year=0 month=10 season=2 money=3243 credit=122317 people=28 busy=0 free=28 home_places=250 need_workers=9 tax_due=0 main_tax_due=0 tax_amount=8078 main_tax_amount=0 days_alive=240 stage=0 res0=0 res1=400 res2=0 res3=0 res4=0 res5=0 res6=0 res7=0 res8=0 Farm=1 Garden=1 Road=5 House=1 CowFarm=1 BigHouse=1 Apiary=1 Hothouse=1 | nw=1497824.3785
  s=  215 a= 24(BUILD:Hothouse) r= -0.8815 cum=    -45.75 v= +0.0057 top5=[a43=0.031, a12=0.031, a34=0.030, a22=0.030, a44=0.030] [BUILD: Hothouse]
    OBS: year=0 month=10 season=2 money=3243 credit=122561 people=28 busy=0 free=28 home_places=250 need_workers=9 tax_due=0 main_tax_due=0 tax_amount=8078 main_tax_amount=0 days_alive=241 stage=0 res0=0 res1=400 res2=0 res3=0 res4=0 res5=0 res6=0 res7=0 res8=0 Farm=1 Garden=1 Road=5 House=1 CowFarm=1 BigHouse=1 Apiary=1 Hothouse=1 | nw=1497555.5224
  s=  216 a= 28(BUILD:BigRefinary) r= -0.8846 cum=    -46.64 v= +0.0049 top5=[a43=0.031, a12=0.031, a34=0.030, a22=0.030, a44=0.030] [BUILD: BigRefinary]
    OBS: year=0 month=10 season=2 money=3243 credit=122806 people=28 busy=0 free=28 home_places=250 need_workers=9 tax_due=0 main_tax_due=0 tax_amount=8078 main_tax_amount=0 days_alive=242 stage=0 res0=0 res1=400 res2=0 res3=0 res4=0 res5=0 res6=0 res7=0 res8=0 Farm=1 Garden=1 Road=5 House=1 CowFarm=1 BigHouse=1 Apiary=1 Hothouse=1 | nw=1497285.6663
  s=  217 a= 34(MANAGER:0) r= -0.8859 cum=    -47.52 v= +0.0045 top5=[a43=0.031, a12=0.031, a34=0.030, a22=0.030, a44=0.030]
    OBS: year=0 month=10 season=2 money=3243 credit=123051 people=28 busy=0 free=28 home_places=250 need_workers=9 tax_due=0 main_tax_due=0 tax_amount=8078 main_tax_amount=0 days_alive=243 stage=0 res0=0 res1=400 res2=0 res3=0 res4=0 res5=0 res6=0 res7=0 res8=0 Farm=1 Garden=1 Road=5 House=1 CowFarm=1 BigHouse=1 Apiary=1 Hothouse=1 | nw=1497017.7092
  s=  218 a=  8(BUILD:Coalmine) r= -0.8893 cum=    -48.41 v= +0.0042 top5=[a43=0.031, a12=0.031, a34=0.031, a22=0.030, a44=0.030] [BUILD: Coalmine]
    OBS: year=0 month=10 season=2 money=3243 credit=123297 people=28 busy=0 free=28 home_places=250 need_workers=9 tax_due=0 main_tax_due=0 tax_amount=8078 main_tax_amount=0 days_alive=244 stage=0 res0=0 res1=400 res2=0 res3=0 res4=0 res5=0 res6=0 res7=0 res8=0 Farm=1 Garden=1 Road=5 House=1 CowFarm=1 BigHouse=1 Apiary=1 Hothouse=1 | nw=1496748.0186
  s=  219 a= 13(BUILD:HydroStation) r= -0.8928 cum=    -49.30 v= +0.0041 top5=[a43=0.031, a12=0.031, a34=0.031, a22=0.030, a44=0.030] [BUILD: HydroStation]
    OBS: year=0 month=11 season=2 money=3243 credit=123543 people=28 busy=0 free=28 home_places=250 need_workers=9 tax_due=0 main_tax_due=0 tax_amount=8078 main_tax_amount=0 days_alive=245 stage=0 res0=0 res1=400 res2=0 res3=0 res4=0 res5=0 res6=0 res7=0 res8=0 Farm=1 Garden=1 Road=5 House=1 CowFarm=1 BigHouse=1 Apiary=1 Hothouse=1 | nw=1496476.6269
  s=  220 a=  3(BUILD:Farm) r= -0.8968 cum=    -50.20 v= -0.0311 top5=[a12=0.030, a41=0.029, a43=0.028, a44=0.028, a14=0.028] [BUILD: Farm]
    OBS: year=0 month=11 season=2 money=3243 credit=123790 people=28 busy=0 free=28 home_places=250 need_workers=9 tax_due=0 main_tax_due=0 tax_amount=8078 main_tax_amount=0 days_alive=246 stage=0 res0=0 res1=400 res2=0 res3=0 res4=0 res5=0 res6=0 res7=0 res8=0 Farm=1 Garden=1 Road=5 House=1 CowFarm=1 BigHouse=1 Apiary=1 Hothouse=1 | nw=1496202.6324
  s=  221 a= 36(MANAGER:2) r= -0.0271 cum=    -50.23 v= -0.0290 top5=[a12=0.030, a41=0.029, a43=0.029, a44=0.028, a14=0.028]
    OBS: year=0 month=11 season=2 money=2336 credit=124037 people=28 busy=0 free=28 home_places=250 need_workers=9 tax_due=0 main_tax_due=0 tax_amount=8078 main_tax_amount=0 days_alive=247 stage=0 res0=0 res1=400 res2=0 res3=0 res4=0 res5=0 res6=0 res7=0 res8=0 Farm=1 Garden=1 Road=5 House=1 CowFarm=1 BigHouse=1 Apiary=1 Hothouse=1 | nw=1496377.8585
  s=  222 a= 19(BUILD:Mushroom) r= -0.9024 cum=    -51.13 v= -0.0244 top5=[a12=0.030, a43=0.029, a41=0.029, a44=0.028, a14=0.028] [BUILD: Mushroom]
    OBS: year=0 month=11 season=2 money=2336 credit=124285 people=28 busy=0 free=28 home_places=250 need_workers=9 tax_due=0 main_tax_due=0 tax_amount=8078 main_tax_amount=0 days_alive=248 stage=0 res0=0 res1=400 res2=0 res3=0 res4=0 res5=0 res6=0 res7=0 res8=0 Farm=1 Garden=1 Road=5 House=1 CowFarm=1 BigHouse=1 Apiary=1 Hothouse=1 | nw=1496103.1034
  s=  223 a=  8(BUILD:Coalmine) r= -0.9073 cum=    -52.04 v= -0.0223 top5=[a12=0.030, a43=0.029, a41=0.028, a44=0.028, a14=0.028] [BUILD: Coalmine]
    OBS: year=0 month=11 season=2 money=2336 credit=124533 people=28 busy=0 free=28 home_places=250 need_workers=9 tax_due=0 main_tax_due=0 tax_amount=8078 main_tax_amount=0 days_alive=249 stage=0 res0=0 res1=400 res2=0 res3=0 res4=0 res5=0 res6=0 res7=0 res8=0 Farm=1 Garden=1 Road=5 House=1 CowFarm=1 BigHouse=1 Apiary=1 Hothouse=1 | nw=1495824.2271
  s=  224 a= 44(MANAGER:10) r= -0.0011 cum=    -52.04 v= -0.0201 top5=[a12=0.030, a43=0.029, a41=0.028, a44=0.028, a14=0.028]
    OBS: year=0 month=11 season=2 money=2336 credit=124782 people=28 busy=0 free=28 home_places=250 need_workers=9 tax_due=0 main_tax_due=0 tax_amount=8078 main_tax_amount=0 days_alive=250 stage=0 res0=0 res1=400 res2=0 res3=0 res4=0 res5=0 res6=0 res7=0 res8=0 Farm=1 Garden=1 Road=5 House=1 CowFarm=1 BigHouse=1 Apiary=1 Hothouse=1 | nw=1495546.3336
  s=  225 a= 19(BUILD:Mushroom) r= -0.9117 cum=    -52.95 v= -0.0178 top5=[a12=0.030, a43=0.029, a44=0.028, a41=0.028, a14=0.028] [BUILD: Mushroom]
    OBS: year=0 month=11 season=2 money=2336 credit=125031 people=28 busy=0 free=28 home_places=250 need_workers=9 tax_due=0 main_tax_due=0 tax_amount=8078 main_tax_amount=0 days_alive=251 stage=0 res0=0 res1=400 res2=0 res3=0 res4=0 res5=0 res6=0 res7=0 res8=0 Farm=1 Garden=1 Road=5 House=1 CowFarm=1 BigHouse=1 Apiary=1 Hothouse=1 | nw=1495268.7783
  s=  226 a= 12(BUILD:PowerStation) r= +0.5817 cum=    -52.37 v= -0.0149 top5=[a12=0.030, a43=0.029, a44=0.028, a41=0.028, a14=0.028] [BUILD: PowerStation]
    OBS: year=0 month=11 season=2 money=1936 credit=125281 people=28 busy=0 free=28 home_places=250 need_workers=9 tax_due=0 main_tax_due=0 tax_amount=8078 main_tax_amount=0 days_alive=252 stage=0 res0=0 res1=400 res2=0 res3=0 res4=0 res5=0 res6=0 res7=0 res8=0 Farm=1 Garden=1 Road=6 House=1 CowFarm=1 BigHouse=1 Apiary=1 Hothouse=1 | nw=1494992.2212
  s=  227 a=  4(BUILD:Garden) r= -0.6949 cum=    -53.06 v= -0.0268 top5=[a12=0.030, a14=0.028, a43=0.028, a34=0.027, a44=0.027] [BUILD: Garden]
    OBS: year=0 month=11 season=2 money=1936 credit=125531 people=28 busy=0 free=28 home_places=250 need_workers=9 tax_due=0 main_tax_due=0 tax_amount=8078 main_tax_amount=0 days_alive=253 stage=0 res0=0 res1=400 res2=0 res3=0 res4=0 res5=0 res6=0 res7=0 res8=0 Farm=1 Garden=1 Road=6 House=1 CowFarm=1 BigHouse=1 Apiary=1 Hothouse=1 | nw=1494713.8639
  s=  228 a= 11(BUILD:Goldmine) r= -0.9157 cum=    -53.98 v= -0.0233 top5=[a12=0.030, a14=0.028, a43=0.028, a34=0.027, a44=0.027] [BUILD: Goldmine]
    OBS: year=0 month=11 season=2 money=1936 credit=125782 people=28 busy=0 free=28 home_places=250 need_workers=9 tax_due=0 main_tax_due=0 tax_amount=8078 main_tax_amount=0 days_alive=254 stage=0 res0=0 res1=400 res2=0 res3=0 res4=0 res5=0 res6=0 res7=0 res8=0 Farm=1 Garden=1 Road=6 House=1 CowFarm=1 BigHouse=1 Apiary=1 Hothouse=1 | nw=1494441.6426
  s=  229 a= 34(MANAGER:0) r= -0.9205 cum=    -54.90 v= -0.0193 top5=[a12=0.030, a14=0.028, a43=0.028, a34=0.027, a44=0.027]
    OBS: year=0 month=11 season=2 money=1936 credit=126033 people=28 busy=0 free=28 home_places=250 need_workers=9 tax_due=0 main_tax_due=0 tax_amount=8078 main_tax_amount=0 days_alive=255 stage=0 res0=0 res1=400 res2=0 res3=0 res4=0 res5=0 res6=0 res7=0 res8=0 Farm=1 Garden=1 Road=6 House=1 CowFarm=1 BigHouse=1 Apiary=1 Hothouse=1 | nw=1494165.5538
  s=  230 a= 18(BUILD:CowFarm) r= -0.9235 cum=    -55.82 v= -0.0151 top5=[a12=0.030, a14=0.028, a43=0.028, a34=0.028, a44=0.028] [BUILD: CowFarm]
    OBS: year=0 month=11 season=2 money=1936 credit=126285 people=28 busy=0 free=28 home_places=250 need_workers=9 tax_due=0 main_tax_due=0 tax_amount=8078 main_tax_amount=0 days_alive=256 stage=0 res0=0 res1=400 res2=0 res3=0 res4=0 res5=0 res6=0 res7=0 res8=0 Farm=1 Garden=1 Road=6 House=1 CowFarm=1 BigHouse=1 Apiary=1 Hothouse=1 | nw=1493888.4651
  s=  231 a= 31(BUILD:AirStation) r= -0.9261 cum=    -56.75 v= -0.0106 top5=[a12=0.030, a14=0.028, a43=0.028, a34=0.028, a44=0.028] [BUILD: AirStation]
    OBS: year=0 month=11 season=2 money=1936 credit=126537 people=28 busy=0 free=28 home_places=250 need_workers=9 tax_due=0 main_tax_due=0 tax_amount=8078 main_tax_amount=0 days_alive=257 stage=0 res0=0 res1=400 res2=0 res3=0 res4=0 res5=0 res6=0 res7=0 res8=0 Farm=1 Garden=1 Road=6 House=1 CowFarm=1 BigHouse=1 Apiary=1 Hothouse=1 | nw=1493611.0733
  s=  232 a= 16(BUILD:CoalCut) r= -0.9313 cum=    -57.68 v= -0.0070 top5=[a12=0.030, a14=0.028, a43=0.028, a34=0.028, a44=0.028] [BUILD: CoalCut]
    OBS: year=0 month=11 season=2 money=1936 credit=126790 people=28 busy=0 free=28 home_places=250 need_workers=9 tax_due=0 main_tax_due=0 tax_amount=8078 main_tax_amount=0 days_alive=258 stage=0 res0=0 res1=400 res2=0 res3=0 res4=0 res5=0 res6=0 res7=0 res8=0 Farm=1 Garden=1 Road=6 House=1 CowFarm=1 BigHouse=1 Apiary=1 Hothouse=1 | nw=1493329.0961
  s=  233 a= 20(BUILD:BigHouse) r= -0.9336 cum=    -58.61 v= +0.0064 top5=[a12=0.030, a44=0.028, a34=0.028, a43=0.028, a14=0.028] [BUILD: BigHouse]
    OBS: year=0 month=11 season=2 money=1936 credit=127043 people=28 busy=0 free=28 home_places=250 need_workers=9 tax_due=0 main_tax_due=0 tax_amount=8078 main_tax_amount=0 days_alive=259 stage=0 res0=0 res1=400 res2=0 res3=0 res4=0 res5=0 res6=0 res7=0 res8=0 Farm=1 Garden=1 Road=6 House=1 CowFarm=1 BigHouse=1 Apiary=1 Hothouse=1 | nw=1493047.4073
  s=  234 a= 29(BUILD:Puerperal) r= -0.9353 cum=    -59.55 v= +0.0103 top5=[a12=0.030, a44=0.028, a34=0.028, a43=0.028, a14=0.028] [BUILD: Puerperal]
    OBS: year=0 month=11 season=2 money=1936 credit=127297 people=28 busy=0 free=28 home_places=250 need_workers=9 tax_due=0 main_tax_due=0 tax_amount=8078 main_tax_amount=0 days_alive=260 stage=0 res0=0 res1=400 res2=0 res3=0 res4=0 res5=0 res6=0 res7=0 res8=0 Farm=1 Garden=1 Road=6 House=1 CowFarm=1 BigHouse=1 Apiary=1 Hothouse=1 | nw=1492766.8501
  s=  235 a= 24(BUILD:Hothouse) r= -0.9378 cum=    -60.49 v= +0.0137 top5=[a12=0.030, a44=0.028, a34=0.028, a43=0.028, a14=0.028] [BUILD: Hothouse]
    OBS: year=0 month=11 season=2 money=1936 credit=127551 people=28 busy=0 free=28 home_places=250 need_workers=9 tax_due=0 main_tax_due=0 tax_amount=8078 main_tax_amount=0 days_alive=261 stage=0 res0=0 res1=400 res2=0 res3=0 res4=0 res5=0 res6=0 res7=0 res8=0 Farm=1 Garden=1 Road=6 House=1 CowFarm=1 BigHouse=1 Apiary=1 Hothouse=1 | nw=1492486.0603
  s=  236 a=  0(DAY) r= -0.3215 cum=    -60.81 v= +0.0169 top5=[a12=0.030, a34=0.029, a44=0.028, a43=0.028, a14=0.028]
    OBS: year=0 month=11 season=2 money=1936 credit=127806 people=28 busy=0 free=28 home_places=250 need_workers=9 tax_due=0 main_tax_due=0 tax_amount=8078 main_tax_amount=0 days_alive=262 stage=0 res0=0 res1=400 res2=0 res3=0 res4=0 res5=0 res6=0 res7=0 res8=0 Farm=1 Garden=1 Road=6 House=1 CowFarm=1 BigHouse=1 Apiary=1 Hothouse=1 | nw=1492205.4706
  s=  237 a= 33(BUILD:AtomStation) r= -0.9409 cum=    -61.75 v= +0.0190 top5=[a12=0.030, a34=0.029, a44=0.028, a43=0.028, a14=0.028] [BUILD: AtomStation]
    OBS: year=0 month=11 season=2 money=1936 credit=128061 people=28 busy=0 free=28 home_places=250 need_workers=9 tax_due=0 main_tax_due=0 tax_amount=8078 main_tax_amount=0 days_alive=263 stage=0 res0=0 res1=400 res2=0 res3=0 res4=0 res5=0 res6=0 res7=0 res8=0 Farm=1 Garden=1 Road=6 House=1 CowFarm=1 BigHouse=1 Apiary=1 Hothouse=1 | nw=1491928.0492
  s=  238 a= 34(MANAGER:0) r= -0.9467 cum=    -62.70 v= +0.0205 top5=[a12=0.030, a34=0.029, a44=0.028, a43=0.028, a14=0.028]
    OBS: year=0 month=11 season=2 money=1936 credit=128317 people=28 busy=0 free=28 home_places=250 need_workers=9 tax_due=0 main_tax_due=0 tax_amount=8078 main_tax_amount=0 days_alive=264 stage=0 res0=0 res1=400 res2=0 res3=0 res4=0 res5=0 res6=0 res7=0 res8=0 Farm=1 Garden=1 Road=6 House=1 CowFarm=1 BigHouse=1 Apiary=1 Hothouse=1 | nw=1491645.2594
  s=  239 a=  2(BUILD:WaterChannel) r= -0.9460 cum=    -63.64 v= +0.0208 top5=[a12=0.030, a34=0.029, a43=0.029, a44=0.028, a22=0.028] [BUILD: WaterChannel]
    OBS: year=0 month=11 season=2 money=1936 credit=128573 people=28 busy=0 free=28 home_places=250 need_workers=9 tax_due=0 main_tax_due=0 tax_amount=8078 main_tax_amount=0 days_alive=265 stage=0 res0=0 res1=400 res2=0 res3=0 res4=0 res5=0 res6=0 res7=0 res8=0 Farm=1 Garden=1 Road=6 House=1 CowFarm=1 BigHouse=1 Apiary=1 Hothouse=1 | nw=1491367.3689
  s=  240 a= 40(MANAGER:6) r= -0.1946 cum=    -63.84 v= +0.0207 top5=[a12=0.030, a34=0.029, a43=0.029, a44=0.028, a22=0.028]
    OBS: year=0 month=11 season=2 money=2136 credit=128830 people=28 busy=0 free=28 home_places=250 need_workers=9 tax_due=0 main_tax_due=0 tax_amount=8082 main_tax_amount=0 days_alive=266 stage=0 res0=0 res1=200 res2=0 res3=0 res4=0 res5=0 res6=0 res7=0 res8=0 Farm=1 Garden=1 Road=6 House=1 CowFarm=1 BigHouse=1 Apiary=1 Hothouse=1 | nw=1491079.4433
  s=  241 a= 20(BUILD:BigHouse) r= -0.9526 cum=    -64.79 v= +0.0201 top5=[a12=0.030, a34=0.029, a43=0.029, a44=0.028, a22=0.028] [BUILD: BigHouse]
    OBS: year=0 month=11 season=2 money=2136 credit=129087 people=28 busy=0 free=28 home_places=250 need_workers=9 tax_due=0 main_tax_due=0 tax_amount=8082 main_tax_amount=0 days_alive=267 stage=0 res0=0 res1=200 res2=0 res3=0 res4=0 res5=0 res6=0 res7=0 res8=0 Farm=1 Garden=1 Road=6 House=1 CowFarm=1 BigHouse=1 Apiary=1 Hothouse=1 | nw=1490799.2883
  s=  242 a= 24(BUILD:Hothouse) r= -0.9574 cum=    -65.75 v= +0.0195 top5=[a12=0.030, a34=0.029, a43=0.029, a44=0.028, a22=0.028] [BUILD: Hothouse]
    OBS: year=0 month=11 season=2 money=2136 credit=129345 people=28 busy=0 free=28 home_places=250 need_workers=9 tax_due=0 main_tax_due=0 tax_amount=8082 main_tax_amount=0 days_alive=268 stage=0 res0=0 res1=200 res2=0 res3=0 res4=0 res5=0 res6=0 res7=0 res8=0 Farm=1 Garden=1 Road=6 House=1 CowFarm=1 BigHouse=1 Apiary=1 Hothouse=1 | nw=1490515.2668
  s=  243 a= 19(BUILD:Mushroom) r= -0.9587 cum=    -66.71 v= +0.0190 top5=[a12=0.030, a34=0.029, a43=0.029, a44=0.028, a22=0.028] [BUILD: Mushroom]
    OBS: year=0 month=11 season=2 money=2136 credit=129603 people=28 busy=0 free=28 home_places=250 need_workers=9 tax_due=0 main_tax_due=0 tax_amount=8082 main_tax_amount=0 days_alive=269 stage=0 res0=0 res1=200 res2=0 res3=0 res4=0 res5=0 res6=0 res7=0 res8=0 Farm=1 Garden=1 Road=6 House=1 CowFarm=1 BigHouse=1 Apiary=1 Hothouse=1 | nw=1490232.9463
  s=  244 a= 22(BUILD:Apiary) r= -0.9632 cum=    -67.67 v= +0.0190 top5=[a12=0.030, a43=0.029, a34=0.029, a22=0.028, a44=0.028] [BUILD: Apiary]
    OBS: year=0 month=11 season=2 money=2136 credit=129862 people=28 busy=0 free=28 home_places=250 need_workers=9 tax_due=0 main_tax_due=0 tax_amount=8082 main_tax_amount=0 days_alive=270 stage=0 res0=0 res1=200 res2=0 res3=0 res4=0 res5=0 res6=0 res7=0 res8=0 Farm=1 Garden=1 Road=6 House=1 CowFarm=1 BigHouse=1 Apiary=1 Hothouse=1 | nw=1489947.3892
  s=  245 a= 14(BUILD:Road) r= -0.3359 cum=    -68.00 v= +0.0192 top5=[a12=0.030, a43=0.029, a34=0.029, a22=0.029, a44=0.029] [BUILD: Road]
    OBS: year=0 month=11 season=2 money=2136 credit=130121 people=29 busy=0 free=29 home_places=250 need_workers=9 tax_due=0 main_tax_due=0 tax_amount=8082 main_tax_amount=0 days_alive=271 stage=0 res0=0 res1=200 res2=0 res3=0 res4=0 res5=0 res6=0 res7=0 res8=0 Farm=1 Garden=1 Road=6 House=1 CowFarm=1 BigHouse=1 Apiary=1 Hothouse=1 | nw=1489663.6320
  s=  246 a=  4(BUILD:Garden) r= -0.5440 cum=    -68.55 v= +0.0191 top5=[a12=0.030, a43=0.029, a34=0.029, a22=0.029, a38=0.029] [BUILD: Garden]
    OBS: year=0 month=11 season=2 money=2136 credit=130381 people=29 busy=0 free=29 home_places=250 need_workers=9 tax_due=0 main_tax_due=0 tax_amount=8082 main_tax_amount=0 days_alive=272 stage=0 res0=0 res1=200 res2=0 res3=0 res4=0 res5=0 res6=0 res7=0 res8=0 Farm=1 Garden=1 Road=6 House=1 CowFarm=1 BigHouse=1 Apiary=1 Hothouse=1 | nw=1489378.9094
  s=  247 a= 14(BUILD:Road) r= -0.9680 cum=    -69.52 v= +0.0194 top5=[a12=0.030, a43=0.030, a34=0.029, a22=0.029, a38=0.029] [BUILD: Road]
    OBS: year=0 month=11 season=2 money=2136 credit=130641 people=29 busy=0 free=29 home_places=250 need_workers=9 tax_due=0 main_tax_due=0 tax_amount=8082 main_tax_amount=0 days_alive=273 stage=0 res0=0 res1=200 res2=0 res3=0 res4=0 res5=0 res6=0 res7=0 res8=0 Farm=1 Garden=1 Road=6 House=1 CowFarm=1 BigHouse=1 Apiary=1 Hothouse=1 | nw=1489098.1745
  s=  248 a= 18(BUILD:CowFarm) r= -0.9737 cum=    -70.49 v= +0.0194 top5=[a12=0.030, a43=0.030, a34=0.029, a22=0.029, a38=0.029] [BUILD: CowFarm]
    OBS: year=0 month=11 season=2 money=2136 credit=130902 people=29 busy=0 free=29 home_places=250 need_workers=9 tax_due=0 main_tax_due=0 tax_amount=8082 main_tax_amount=0 days_alive=274 stage=0 res0=0 res1=200 res2=0 res3=0 res4=0 res5=0 res6=0 res7=0 res8=0 Farm=1 Garden=1 Road=6 House=1 CowFarm=1 BigHouse=1 Apiary=1 Hothouse=1 | nw=1488812.3184
  s=  249 a= 19(BUILD:Mushroom) r= -0.9761 cum=    -71.47 v= +0.0196 top5=[a12=0.030, a43=0.030, a34=0.029, a22=0.029, a38=0.029] [BUILD: Mushroom]
    OBS: year=0 month=12 season=3 money=2136 credit=131163 people=29 busy=0 free=29 home_places=250 need_workers=4 tax_due=0 main_tax_due=0 tax_amount=8082 main_tax_amount=0 days_alive=275 stage=0 res0=0 res1=200 res2=0 res3=0 res4=0 res5=0 res6=0 res7=0 res8=0 Farm=1 Garden=1 Road=6 House=1 CowFarm=1 BigHouse=1 Apiary=1 Hothouse=1 | nw=1488526.4623
  s=  250 a= 34(MANAGER:0) r= -0.9794 cum=    -72.45 v= -0.1039 top5=[a14=0.073, a12=0.057, a18=0.050, a43=0.042, a20=0.040]
    OBS: year=0 month=12 season=3 money=2136 credit=131425 people=29 busy=0 free=29 home_places=250 need_workers=4 tax_due=0 main_tax_due=0 tax_amount=8082 main_tax_amount=0 days_alive=276 stage=0 res0=0 res1=200 res2=0 res3=0 res4=0 res5=0 res6=0 res7=0 res8=0 Farm=1 Garden=1 Road=6 House=1 CowFarm=1 BigHouse=1 Apiary=1 Hothouse=1 | nw=1488239.1689
  s=  251 a= 24(BUILD:Hothouse) r= -0.9844 cum=    -73.43 v= -0.1155 top5=[a14=0.070, a12=0.056, a18=0.049, a43=0.041, a20=0.036] [BUILD: Hothouse]
    OBS: year=0 month=12 season=3 money=2136 credit=131687 people=29 busy=0 free=29 home_places=250 need_workers=4 tax_due=0 main_tax_due=0 tax_amount=8082 main_tax_amount=0 days_alive=277 stage=0 res0=0 res1=200 res2=0 res3=0 res4=0 res5=0 res6=0 res7=0 res8=0 Farm=1 Garden=1 Road=6 House=1 CowFarm=1 BigHouse=1 Apiary=1 Hothouse=1 | nw=1487947.7544
  s=  252 a= 34(MANAGER:0) r= -0.9892 cum=    -74.42 v= -0.0879 top5=[a14=0.061, a12=0.051, a18=0.044, a43=0.039, a20=0.036]
    OBS: year=0 month=12 season=3 money=2136 credit=131950 people=29 busy=0 free=29 home_places=250 need_workers=4 tax_due=0 main_tax_due=0 tax_amount=8082 main_tax_amount=0 days_alive=278 stage=0 res0=0 res1=200 res2=0 res3=0 res4=0 res5=0 res6=0 res7=0 res8=0 Farm=1 Garden=1 Road=6 House=1 CowFarm=1 BigHouse=1 Apiary=1 Hothouse=1 | nw=1487652.5643
  s=  253 a= 19(BUILD:Mushroom) r= -0.9933 cum=    -75.41 v= -0.0722 top5=[a14=0.057, a12=0.048, a18=0.041, a43=0.037, a20=0.035] [BUILD: Mushroom]
    OBS: year=0 month=12 season=3 money=2136 credit=132213 people=29 busy=0 free=29 home_places=250 need_workers=4 tax_due=0 main_tax_due=0 tax_amount=8082 main_tax_amount=0 days_alive=279 stage=0 res0=0 res1=200 res2=0 res3=0 res4=0 res5=0 res6=0 res7=0 res8=0 Farm=1 Garden=1 Road=6 House=1 CowFarm=1 BigHouse=1 Apiary=1 Hothouse=1 | nw=1487354.6165
  s=  254 a= 33(BUILD:AtomStation) r= -0.9893 cum=    -76.40 v= -0.0603 top5=[a14=0.053, a12=0.046, a18=0.039, a43=0.036, a20=0.035] [BUILD: AtomStation]
    OBS: year=0 month=12 season=3 money=2136 credit=132477 people=29 busy=0 free=29 home_places=250 need_workers=4 tax_due=0 main_tax_due=0 tax_amount=8082 main_tax_amount=0 days_alive=280 stage=0 res0=0 res1=200 res2=0 res3=0 res4=0 res5=0 res6=0 res7=0 res8=0 Farm=1 Garden=1 Road=6 House=1 CowFarm=1 BigHouse=1 Apiary=1 Hothouse=1 | nw=1487066.7212
  s=  255 a= 19(BUILD:Mushroom) r= -0.9911 cum=    -77.39 v= -0.0520 top5=[a14=0.051, a12=0.044, a18=0.038, a43=0.036, a20=0.035] [BUILD: Mushroom]
    OBS: year=0 month=12 season=3 money=2136 credit=132741 people=29 busy=0 free=29 home_places=250 need_workers=4 tax_due=0 main_tax_due=0 tax_amount=8082 main_tax_amount=0 days_alive=281 stage=0 res0=0 res1=200 res2=0 res3=0 res4=0 res5=0 res6=0 res7=0 res8=0 Farm=1 Garden=1 Road=6 House=1 CowFarm=1 BigHouse=1 Apiary=1 Hothouse=1 | nw=1486779.7144
  s=  256 a= 32(BUILD:SmallAtomStation) r= -0.9944 cum=    -78.39 v= -0.0458 top5=[a14=0.049, a12=0.043, a18=0.036, a43=0.035, a20=0.034] [BUILD: SmallAtomStation]
    OBS: year=0 month=12 season=3 money=2136 credit=133006 people=29 busy=0 free=29 home_places=250 need_workers=4 tax_due=0 main_tax_due=0 tax_amount=8082 main_tax_amount=0 days_alive=282 stage=0 res0=0 res1=200 res2=0 res3=0 res4=0 res5=0 res6=0 res7=0 res8=0 Farm=1 Garden=1 Road=6 House=1 CowFarm=1 BigHouse=1 Apiary=1 Hothouse=1 | nw=1486491.3055
  s=  257 a= 20(BUILD:BigHouse) r= -0.9987 cum=    -79.39 v= -0.0407 top5=[a14=0.047, a12=0.042, a18=0.036, a43=0.035, a20=0.034] [BUILD: BigHouse]
    OBS: year=0 month=12 season=3 money=2136 credit=133272 people=29 busy=0 free=29 home_places=250 need_workers=4 tax_due=0 main_tax_due=0 tax_amount=8082 main_tax_amount=0 days_alive=283 stage=0 res0=0 res1=200 res2=0 res3=0 res4=0 res5=0 res6=0 res7=0 res8=0 Farm=1 Garden=1 Road=6 House=1 CowFarm=1 BigHouse=1 Apiary=1 Hothouse=1 | nw=1486200.0121
  s=  258 a= 19(BUILD:Mushroom) r= -0.9997 cum=    -80.39 v= -0.0377 top5=[a14=0.046, a12=0.041, a18=0.035, a43=0.034, a20=0.034] [BUILD: Mushroom]
    OBS: year=0 month=12 season=3 money=2136 credit=133538 people=29 busy=0 free=29 home_places=250 need_workers=4 tax_due=0 main_tax_due=0 tax_amount=8082 main_tax_amount=0 days_alive=284 stage=0 res0=0 res1=200 res2=0 res3=0 res4=0 res5=0 res6=0 res7=0 res8=0 Farm=1 Garden=1 Road=6 House=1 CowFarm=1 BigHouse=1 Apiary=1 Hothouse=1 | nw=1485910.9413
  s=  259 a= 21(BUILD:BigFarm) r= -1.0035 cum=    -81.39 v= -0.0362 top5=[a14=0.045, a12=0.040, a20=0.034, a43=0.034, a18=0.034] [BUILD FAILED: BigFarm money=2136 free=29]
    OBS: year=0 month=12 season=3 money=2136 credit=133805 people=29 busy=0 free=29 home_places=250 need_workers=4 tax_due=0 main_tax_due=0 tax_amount=8082 main_tax_amount=0 days_alive=285 stage=0 res0=0 res1=200 res2=0 res3=0 res4=0 res5=0 res6=0 res7=0 res8=0 Farm=1 Garden=1 Road=6 House=1 CowFarm=1 BigHouse=1 Apiary=1 Hothouse=1 | nw=1485619.6209
  s=  260 a= 10(BUILD:Refinery) r= -1.0066 cum=    -82.40 v= -0.0351 top5=[a14=0.044, a12=0.040, a20=0.034, a43=0.033, a18=0.033] [BUILD FAILED: Refinery money=2136 free=29]
    OBS: year=0 month=12 season=3 money=2136 credit=134072 people=29 busy=0 free=29 home_places=250 need_workers=4 tax_due=0 main_tax_due=0 tax_amount=8082 main_tax_amount=0 days_alive=286 stage=0 res0=0 res1=200 res2=0 res3=0 res4=0 res5=0 res6=0 res7=0 res8=0 Farm=1 Garden=1 Road=6 House=1 CowFarm=1 BigHouse=1 Apiary=1 Hothouse=1 | nw=1485327.2292
  s=  261 a= 17(BUILD:HuntingLand) r= -1.0093 cum=    -83.40 v= -0.0347 top5=[a14=0.044, a12=0.039, a20=0.034, a43=0.033, a18=0.032] [BUILD FAILED: HuntingLand money=2136 free=29]
    OBS: year=0 month=12 season=3 money=2136 credit=134340 people=29 busy=0 free=29 home_places=250 need_workers=4 tax_due=0 main_tax_due=0 tax_amount=8082 main_tax_amount=0 days_alive=287 stage=0 res0=0 res1=200 res2=0 res3=0 res4=0 res5=0 res6=0 res7=0 res8=0 Farm=1 Garden=1 Road=6 House=1 CowFarm=1 BigHouse=1 Apiary=1 Hothouse=1 | nw=1485034.2742
  s=  262 a=  9(BUILD:Ironmine) r= -1.0167 cum=    -84.42 v= -0.0347 top5=[a14=0.043, a12=0.039, a20=0.034, a43=0.033, a18=0.032] [BUILD FAILED: Ironmine money=2136 free=29]
    OBS: year=0 month=12 season=3 money=2136 credit=134608 people=29 busy=0 free=29 home_places=250 need_workers=4 tax_due=0 main_tax_due=0 tax_amount=8082 main_tax_amount=0 days_alive=288 stage=0 res0=0 res1=200 res2=0 res3=0 res4=0 res5=0 res6=0 res7=0 res8=0 Farm=1 Garden=1 Road=6 House=1 CowFarm=1 BigHouse=1 Apiary=1 Hothouse=1 | nw=1484733.6622
  s=  263 a= 14(BUILD:Road) r= -1.0141 cum=    -85.44 v= -0.0358 top5=[a14=0.042, a12=0.038, a20=0.033, a43=0.033, a18=0.031] [BUILD FAILED: Road money=2136 free=29]
    OBS: year=0 month=12 season=3 money=2136 credit=134877 people=29 busy=0 free=29 home_places=250 need_workers=4 tax_due=0 main_tax_due=0 tax_amount=8082 main_tax_amount=0 days_alive=289 stage=0 res0=0 res1=200 res2=0 res3=0 res4=0 res5=0 res6=0 res7=0 res8=0 Farm=1 Garden=1 Road=6 House=1 CowFarm=1 BigHouse=1 Apiary=1 Hothouse=1 | nw=1484440.7322
  s=  264 a= 24(BUILD:Hothouse) r= -1.0162 cum=    -86.45 v= -0.0373 top5=[a14=0.042, a12=0.038, a20=0.033, a43=0.032, a18=0.031] [BUILD FAILED: Hothouse money=2136 free=29]
    OBS: year=0 month=12 season=3 money=2136 credit=135146 people=29 busy=0 free=29 home_places=250 need_workers=4 tax_due=0 main_tax_due=0 tax_amount=8082 main_tax_amount=0 days_alive=290 stage=0 res0=0 res1=200 res2=0 res3=0 res4=0 res5=0 res6=0 res7=0 res8=0 Farm=1 Garden=1 Road=6 House=1 CowFarm=1 BigHouse=1 Apiary=1 Hothouse=1 | nw=1484148.2395
  s=  265 a= 40(MANAGER:6) r= -1.0201 cum=    -87.47 v= -0.0394 top5=[a14=0.042, a12=0.037, a20=0.033, a43=0.032, a18=0.030]
    OBS: year=0 month=12 season=3 money=2136 credit=135416 people=29 busy=0 free=29 home_places=250 need_workers=4 tax_due=0 main_tax_due=0 tax_amount=8082 main_tax_amount=0 days_alive=291 stage=0 res0=0 res1=200 res2=0 res3=0 res4=0 res5=0 res6=0 res7=0 res8=0 Farm=1 Garden=1 Road=6 House=1 CowFarm=1 BigHouse=1 Apiary=1 Hothouse=1 | nw=1483853.4826
  s=  266 a=  5(BUILD:House) r= -1.0260 cum=    -88.50 v= -0.0404 top5=[a14=0.041, a12=0.037, a20=0.033, a43=0.032, a18=0.030] [BUILD FAILED: House money=2136 free=29]
    OBS: year=0 month=12 season=3 money=2136 credit=135686 people=29 busy=0 free=29 home_places=250 need_workers=4 tax_due=0 main_tax_due=0 tax_amount=8082 main_tax_amount=0 days_alive=292 stage=0 res0=0 res1=200 res2=0 res3=0 res4=0 res5=0 res6=0 res7=0 res8=0 Farm=1 Garden=1 Road=6 House=1 CowFarm=1 BigHouse=1 Apiary=1 Hothouse=1 | nw=1483553.3399
  s=  267 a= 18(BUILD:CowFarm) r= -1.0268 cum=    -89.52 v= -0.0425 top5=[a14=0.041, a12=0.037, a20=0.033, a43=0.032, a18=0.029] [BUILD FAILED: CowFarm money=2136 free=29]
    OBS: year=0 month=12 season=3 money=2136 credit=135957 people=29 busy=0 free=29 home_places=250 need_workers=4 tax_due=0 main_tax_due=0 tax_amount=8082 main_tax_amount=0 days_alive=293 stage=0 res0=0 res1=200 res2=0 res3=0 res4=0 res5=0 res6=0 res7=0 res8=0 Farm=1 Garden=1 Road=6 House=1 CowFarm=1 BigHouse=1 Apiary=1 Hothouse=1 | nw=1483255.5848
  s=  268 a= 26(BUILD:BigSawmill) r= -1.0269 cum=    -90.55 v= -0.0447 top5=[a14=0.041, a12=0.037, a20=0.033, a43=0.032, a24=0.029] [BUILD FAILED: BigSawmill money=2136 free=29]
    OBS: year=0 month=12 season=3 money=2136 credit=136228 people=29 busy=0 free=29 home_places=250 need_workers=4 tax_due=0 main_tax_due=0 tax_amount=8082 main_tax_amount=0 days_alive=294 stage=0 res0=0 res1=200 res2=0 res3=0 res4=0 res5=0 res6=0 res7=0 res8=0 Farm=1 Garden=1 Road=6 House=1 CowFarm=1 BigHouse=1 Apiary=1 Hothouse=1 | nw=1482961.4298
  s=  269 a= 15(BUILD:Fish) r= -1.0326 cum=    -91.58 v= -0.0467 top5=[a14=0.040, a12=0.036, a20=0.033, a43=0.032, a24=0.029] [BUILD FAILED: Fish money=2136 free=29]
    OBS: year=0 month=12 season=3 money=2136 credit=136500 people=29 busy=0 free=29 home_places=250 need_workers=4 tax_due=0 main_tax_due=0 tax_amount=8082 main_tax_amount=0 days_alive=295 stage=0 res0=0 res1=200 res2=0 res3=0 res4=0 res5=0 res6=0 res7=0 res8=0 Farm=1 Garden=1 Road=6 House=1 CowFarm=1 BigHouse=1 Apiary=1 Hothouse=1 | nw=1482662.2379
  s=  270 a= 14(BUILD:Road) r= -1.0383 cum=    -92.62 v= -0.0480 top5=[a14=0.040, a12=0.036, a20=0.032, a43=0.032, a24=0.030] [BUILD FAILED: Road money=2136 free=29]
    OBS: year=0 month=12 season=3 money=2136 credit=136773 people=29 busy=0 free=29 home_places=250 need_workers=4 tax_due=0 main_tax_due=0 tax_amount=8082 main_tax_amount=0 days_alive=296 stage=0 res0=0 res1=200 res2=0 res3=0 res4=0 res5=0 res6=0 res7=0 res8=0 Farm=1 Garden=1 Road=6 House=1 CowFarm=1 BigHouse=1 Apiary=1 Hothouse=1 | nw=1482357.9248
  s=  271 a= 10(BUILD:Refinery) r= -1.0365 cum=    -93.66 v= -0.0493 top5=[a14=0.040, a12=0.036, a20=0.032, a43=0.032, a24=0.030] [BUILD FAILED: Refinery money=2136 free=29]
    OBS: year=0 month=12 season=3 money=2136 credit=137046 people=29 busy=0 free=29 home_places=250 need_workers=4 tax_due=0 main_tax_due=0 tax_amount=8082 main_tax_amount=0 days_alive=297 stage=0 res0=0 res1=200 res2=0 res3=0 res4=0 res5=0 res6=0 res7=0 res8=0 Farm=1 Garden=1 Road=6 House=1 CowFarm=1 BigHouse=1 Apiary=1 Hothouse=1 | nw=1482060.0687
  s=  272 a= 28(BUILD:BigRefinary) r= -1.0451 cum=    -94.70 v= -0.0493 top5=[a14=0.040, a12=0.035, a20=0.032, a43=0.032, a24=0.030] [BUILD FAILED: BigRefinary money=2136 free=29]
    OBS: year=0 month=12 season=3 money=2136 credit=137320 people=29 busy=0 free=29 home_places=250 need_workers=4 tax_due=0 main_tax_due=0 tax_amount=8082 main_tax_amount=0 days_alive=298 stage=0 res0=0 res1=200 res2=0 res3=0 res4=0 res5=0 res6=0 res7=0 res8=0 Farm=1 Garden=1 Road=6 House=1 CowFarm=1 BigHouse=1 Apiary=1 Hothouse=1 | nw=1481752.8215
  s=  273 a= 25(BUILD:SuperHouse) r= -1.0436 cum=    -95.75 v= -0.0480 top5=[a14=0.040, a12=0.035, a20=0.032, a43=0.032, a24=0.030] [BUILD FAILED: SuperHouse money=2136 free=29]
    OBS: year=0 month=12 season=3 money=2136 credit=137594 people=29 busy=0 free=29 home_places=250 need_workers=4 tax_due=0 main_tax_due=0 tax_amount=8082 main_tax_amount=0 days_alive=299 stage=0 res0=0 res1=200 res2=0 res3=0 res4=0 res5=0 res6=0 res7=0 res8=0 Farm=1 Garden=1 Road=6 House=1 CowFarm=1 BigHouse=1 Apiary=1 Hothouse=1 | nw=1481451.4955
  s=  274 a= 28(BUILD:BigRefinary) r= +0.2658 cum=    -95.48 v= -0.0461 top5=[a14=0.039, a12=0.035, a43=0.032, a20=0.032, a24=0.030] [BUILD: BigRefinary]
    OBS: year=0 month=12 season=3 money=2136 credit=137869 people=29 busy=0 free=29 home_places=250 need_workers=4 tax_due=0 main_tax_due=0 tax_amount=8082 main_tax_amount=0 days_alive=300 stage=0 res0=0 res1=200 res2=0 res3=0 res4=0 res5=0 res6=0 res7=0 res8=0 Farm=1 Garden=1 Road=6 House=1 CowFarm=1 BigHouse=1 Apiary=1 Hothouse=1 | nw=1481145.0836
  s=  275 a=  9(BUILD:Ironmine) r= -1.0515 cum=    -96.53 v= -0.0437 top5=[a14=0.039, a12=0.035, a43=0.032, a20=0.031, a24=0.031] [BUILD FAILED: Ironmine money=2136 free=29]
    OBS: year=0 month=12 season=3 money=2136 credit=138144 people=29 busy=0 free=29 home_places=250 need_workers=4 tax_due=0 main_tax_due=0 tax_amount=8082 main_tax_amount=0 days_alive=301 stage=0 res0=0 res1=200 res2=0 res3=0 res4=0 res5=0 res6=0 res7=0 res8=0 Farm=1 Garden=1 Road=6 House=1 CowFarm=1 BigHouse=1 Apiary=1 Hothouse=1 | nw=1480839.1581
  s=  276 a= 29(BUILD:Puerperal) r= -1.0548 cum=    -97.59 v= -0.0427 top5=[a14=0.039, a12=0.034, a43=0.031, a20=0.031, a24=0.031] [BUILD FAILED: Puerperal money=2136 free=29]
    OBS: year=0 month=12 season=3 money=2136 credit=138420 people=29 busy=0 free=29 home_places=250 need_workers=4 tax_due=0 main_tax_due=0 tax_amount=8082 main_tax_amount=0 days_alive=302 stage=0 res0=0 res1=200 res2=0 res3=0 res4=0 res5=0 res6=0 res7=0 res8=0 Farm=1 Garden=1 Road=6 House=1 CowFarm=1 BigHouse=1 Apiary=1 Hothouse=1 | nw=1480531.8445
  s=  277 a= 23(BUILD:Torchlight) r= -1.0573 cum=    -98.65 v= -0.0423 top5=[a14=0.039, a12=0.034, a43=0.031, a24=0.031, a20=0.031] [BUILD FAILED: Torchlight money=2136 free=29]
    OBS: year=0 month=12 season=3 money=2136 credit=138696 people=29 busy=0 free=29 home_places=250 need_workers=4 tax_due=0 main_tax_due=0 tax_amount=8082 main_tax_amount=0 days_alive=303 stage=0 res0=0 res1=200 res2=0 res3=0 res4=0 res5=0 res6=0 res7=0 res8=0 Farm=1 Garden=1 Road=6 House=1 CowFarm=1 BigHouse=1 Apiary=1 Hothouse=1 | nw=1480224.3979
  s=  278 a=  7(BUILD:Sawmill) r= -1.0575 cum=    -99.70 v= -0.0420 top5=[a14=0.039, a12=0.034, a43=0.031, a24=0.031, a20=0.031] [BUILD FAILED: Sawmill money=2136 free=29]
    OBS: year=0 month=12 season=3 money=2136 credit=138973 people=29 busy=0 free=29 home_places=250 need_workers=4 tax_due=0 main_tax_due=0 tax_amount=8082 main_tax_amount=0 days_alive=304 stage=0 res0=0 res1=200 res2=0 res3=0 res4=0 res5=0 res6=0 res7=0 res8=0 Farm=1 Garden=1 Road=6 House=1 CowFarm=1 BigHouse=1 Apiary=1 Hothouse=1 | nw=1479920.3052
  s=  279 a= 25(BUILD:SuperHouse) r= -1.0584 cum=   -100.76 v= -0.0418 top5=[a14=0.039, a12=0.034, a24=0.031, a43=0.031, a20=0.030] [BUILD FAILED: SuperHouse money=2136 free=29]
    OBS: year=0 month=12 season=3 money=2136 credit=139250 people=29 busy=0 free=29 home_places=250 need_workers=4 tax_due=0 main_tax_due=0 tax_amount=8082 main_tax_amount=0 days_alive=305 stage=0 res0=0 res1=200 res2=0 res3=0 res4=0 res5=0 res6=0 res7=0 res8=0 Farm=1 Garden=1 Road=6 House=1 CowFarm=1 BigHouse=1 Apiary=1 Hothouse=1 | nw=1479618.3500
  s=  280 a= 19(BUILD:Mushroom) r= -1.0630 cum=   -101.82 v= -0.0421 top5=[a14=0.039, a12=0.033, a24=0.031, a43=0.031, a20=0.030] [BUILD FAILED: Mushroom money=2136 free=29]
    OBS: year=1 month=1 season=3 money=2136 credit=139528 people=29 busy=0 free=29 home_places=250 need_workers=4 tax_due=0 main_tax_due=0 tax_amount=8082 main_tax_amount=0 days_alive=306 stage=0 res0=0 res1=200 res2=0 res3=0 res4=0 res5=0 res6=0 res7=0 res8=0 Farm=1 Garden=1 Road=6 House=1 CowFarm=1 BigHouse=1 Apiary=1 Hothouse=1 | nw=1479313.1229
  s=  281 a= 34(MANAGER:0) r= -1.0670 cum=   -102.89 v= +0.0887 top5=[a14=0.035, a18=0.030, a25=0.030, a5=0.030, a12=0.029]
    OBS: year=1 month=1 season=3 money=2136 credit=139807 people=29 busy=0 free=29 home_places=250 need_workers=4 tax_due=0 main_tax_due=0 tax_amount=8082 main_tax_amount=0 days_alive=307 stage=0 res0=0 res1=200 res2=0 res3=0 res4=0 res5=0 res6=0 res7=0 res8=0 Farm=1 Garden=1 Road=6 House=1 CowFarm=1 BigHouse=1 Apiary=1 Hothouse=1 | nw=1479005.5676
  s=  282 a= 23(BUILD:Torchlight) r= -1.0682 cum=   -103.96 v= +0.0895 top5=[a14=0.035, a18=0.030, a25=0.030, a5=0.030, a12=0.029] [BUILD FAILED: Torchlight money=2136 free=29]
    OBS: year=1 month=1 season=3 money=2136 credit=140086 people=29 busy=0 free=29 home_places=250 need_workers=4 tax_due=0 main_tax_due=0 tax_amount=8082 main_tax_amount=0 days_alive=308 stage=0 res0=0 res1=200 res2=0 res3=0 res4=0 res5=0 res6=0 res7=0 res8=0 Farm=1 Garden=1 Road=6 House=1 CowFarm=1 BigHouse=1 Apiary=1 Hothouse=1 | nw=1478699.8124
  s=  283 a= 30(BUILD:BigIronmine) r= -1.0724 cum=   -105.03 v= +0.0901 top5=[a14=0.035, a25=0.030, a18=0.030, a5=0.030, a12=0.029] [BUILD FAILED: BigIronmine money=2136 free=29]
    OBS: year=1 month=1 season=3 money=2136 credit=140366 people=29 busy=0 free=29 home_places=250 need_workers=4 tax_due=0 main_tax_due=0 tax_amount=8082 main_tax_amount=0 days_alive=309 stage=0 res0=0 res1=200 res2=0 res3=0 res4=0 res5=0 res6=0 res7=0 res8=0 Farm=1 Garden=1 Road=6 House=1 CowFarm=1 BigHouse=1 Apiary=1 Hothouse=1 | nw=1478391.2571
  s=  284 a= 13(BUILD:HydroStation) r= -1.0738 cum=   -106.11 v= +0.0906 top5=[a14=0.035, a25=0.030, a5=0.030, a18=0.030, a12=0.029] [BUILD FAILED: HydroStation money=2136 free=29]
    OBS: year=1 month=1 season=3 money=2136 credit=140646 people=29 busy=0 free=29 home_places=250 need_workers=4 tax_due=0 main_tax_due=0 tax_amount=8082 main_tax_amount=0 days_alive=310 stage=0 res0=0 res1=200 res2=0 res3=0 res4=0 res5=0 res6=0 res7=0 res8=0 Farm=1 Garden=1 Road=6 House=1 CowFarm=1 BigHouse=1 Apiary=1 Hothouse=1 | nw=1478084.1636
  s=  285 a= 43(MANAGER:9) r= -1.0767 cum=   -107.18 v= +0.0913 top5=[a14=0.035, a25=0.030, a5=0.030, a18=0.030, a12=0.029]
    OBS: year=1 month=1 season=3 money=2136 credit=140927 people=29 busy=0 free=29 home_places=250 need_workers=4 tax_due=0 main_tax_due=0 tax_amount=8082 main_tax_amount=0 days_alive=311 stage=0 res0=0 res1=200 res2=0 res3=0 res4=0 res5=0 res6=0 res7=0 res8=0 Farm=1 Garden=1 Road=6 House=1 CowFarm=1 BigHouse=1 Apiary=1 Hothouse=1 | nw=1477776.4085
  s=  286 a= 18(BUILD:CowFarm) r= -1.0803 cum=   -108.26 v= +0.0920 top5=[a14=0.035, a25=0.030, a5=0.030, a18=0.029, a12=0.029] [BUILD FAILED: CowFarm money=2136 free=29]
    OBS: year=1 month=1 season=3 money=2136 credit=141208 people=29 busy=0 free=29 home_places=250 need_workers=4 tax_due=0 main_tax_due=0 tax_amount=8082 main_tax_amount=0 days_alive=312 stage=0 res0=0 res1=200 res2=0 res3=0 res4=0 res5=0 res6=0 res7=0 res8=0 Farm=1 Garden=1 Road=6 House=1 CowFarm=1 BigHouse=1 Apiary=1 Hothouse=1 | nw=1477466.8185
  s=  287 a=  8(BUILD:Coalmine) r= -1.0824 cum=   -109.35 v= +0.0925 top5=[a14=0.035, a25=0.030, a5=0.030, a18=0.029, a24=0.029] [BUILD FAILED: Coalmine money=2136 free=29]
    OBS: year=1 month=1 season=3 money=2136 credit=141490 people=29 busy=0 free=29 home_places=250 need_workers=4 tax_due=0 main_tax_due=0 tax_amount=8082 main_tax_amount=0 days_alive=313 stage=0 res0=0 res1=200 res2=0 res3=0 res4=0 res5=0 res6=0 res7=0 res8=0 Farm=1 Garden=1 Road=6 House=1 CowFarm=1 BigHouse=1 Apiary=1 Hothouse=1 | nw=1477157.7252
  s=  288 a=  2(BUILD:WaterChannel) r= -1.0841 cum=   -110.43 v= +0.0935 top5=[a14=0.034, a25=0.030, a5=0.030, a18=0.029, a24=0.029] [BUILD FAILED: WaterChannel money=2136 free=29]
    OBS: year=1 month=1 season=3 money=2136 credit=141772 people=29 busy=0 free=29 home_places=250 need_workers=4 tax_due=0 main_tax_due=0 tax_amount=8082 main_tax_amount=0 days_alive=314 stage=0 res0=0 res1=200 res2=0 res3=0 res4=0 res5=0 res6=0 res7=0 res8=0 Farm=1 Garden=1 Road=6 House=1 CowFarm=1 BigHouse=1 Apiary=1 Hothouse=1 | nw=1476849.6046
  s=  289 a= 33(BUILD:AtomStation) r= -1.0872 cum=   -111.52 v= +0.0943 top5=[a14=0.034, a25=0.030, a5=0.030, a24=0.029, a18=0.029] [BUILD FAILED: AtomStation money=2136 free=29]
    OBS: year=1 month=1 season=3 money=2136 credit=142055 people=29 busy=0 free=29 home_places=250 need_workers=4 tax_due=0 main_tax_due=0 tax_amount=8082 main_tax_amount=0 days_alive=315 stage=0 res0=0 res1=200 res2=0 res3=0 res4=0 res5=0 res6=0 res7=0 res8=0 Farm=1 Garden=1 Road=6 House=1 CowFarm=1 BigHouse=1 Apiary=1 Hothouse=1 | nw=1476540.4694
  s=  290 a= 38(MANAGER:4) r= +1.5956 cum=   -109.92 v= +0.0959 top5=[a14=0.034, a25=0.030, a5=0.029, a24=0.029, a18=0.029]
    OBS: year=1 month=1 season=3 money=2136 credit=142339 people=29 busy=0 free=29 home_places=250 need_workers=0 tax_due=0 main_tax_due=0 tax_amount=8082 main_tax_amount=0 days_alive=316 stage=0 res0=0 res1=200 res2=0 res3=0 res4=0 res5=0 res6=0 res7=0 res8=0 Farm=1 Garden=1 Road=6 House=1 CowFarm=1 BigHouse=1 Apiary=1 Hothouse=1 | nw=1476225.6427
  s=  291 a= 37(MANAGER:3) r= -5.8889 cum=   -115.81 v= +0.0452 top5=[a14=0.033, a25=0.031, a5=0.031, a39=0.030, a29=0.030]
    OBS: year=1 month=1 season=3 money=3074 credit=142623 people=29 busy=0 free=29 home_places=250 need_workers=0 tax_due=0 main_tax_due=0 tax_amount=7662 main_tax_amount=0 days_alive=317 stage=0 res0=0 res1=200 res2=0 res3=0 res4=0 res5=0 res6=0 res7=0 res8=0 Farm=1 Garden=1 Road=6 House=1 CowFarm=1 BigHouse=1 Hothouse=1 | nw=1467767.3262
  s=  292 a= 25(BUILD:SuperHouse) r= -1.0704 cum=   -116.88 v= -0.0189 top5=[a14=0.035, a39=0.031, a5=0.030, a29=0.029, a25=0.029] [BUILD FAILED: SuperHouse money=3074 free=29]
    OBS: year=1 month=1 season=3 money=3074 credit=142908 people=29 busy=0 free=29 home_places=250 need_workers=0 tax_due=0 main_tax_due=0 tax_amount=7662 main_tax_amount=0 days_alive=318 stage=0 res0=0 res1=200 res2=0 res3=0 res4=0 res5=0 res6=0 res7=0 res8=0 Farm=1 Garden=1 Road=6 House=1 CowFarm=1 BigHouse=1 Hothouse=1 | nw=1467453.6163
  s=  293 a= 43(MANAGER:9) r= -1.0707 cum=   -117.95 v= -0.0222 top5=[a14=0.035, a39=0.031, a5=0.030, a29=0.029, a33=0.029]
    OBS: year=1 month=1 season=3 money=3074 credit=143193 people=29 busy=0 free=29 home_places=250 need_workers=0 tax_due=0 main_tax_due=0 tax_amount=7662 main_tax_amount=0 days_alive=319 stage=0 res0=0 res1=200 res2=0 res3=0 res4=0 res5=0 res6=0 res7=0 res8=0 Farm=1 Garden=1 Road=6 House=1 CowFarm=1 BigHouse=1 Hothouse=1 | nw=1467142.9708
  s=  294 a= 19(BUILD:Mushroom) r= -1.0741 cum=   -119.03 v= -0.0248 top5=[a14=0.035, a39=0.031, a5=0.030, a33=0.029, a12=0.029] [BUILD FAILED: Mushroom money=3074 free=29]
    OBS: year=1 month=1 season=3 money=3074 credit=143479 people=29 busy=0 free=29 home_places=250 need_workers=0 tax_due=0 main_tax_due=0 tax_amount=7662 main_tax_amount=0 days_alive=320 stage=0 res0=0 res1=200 res2=0 res3=0 res4=0 res5=0 res6=0 res7=0 res8=0 Farm=1 Garden=1 Road=6 House=1 CowFarm=1 BigHouse=1 Hothouse=1 | nw=1466830.8882
  s=  295 a= 42(MANAGER:8) r= -1.0740 cum=   -120.10 v= -0.0270 top5=[a14=0.035, a39=0.031, a5=0.030, a33=0.029, a24=0.029]
    OBS: year=1 month=1 season=3 money=3074 credit=143765 people=29 busy=0 free=29 home_places=250 need_workers=0 tax_due=0 main_tax_due=0 tax_amount=7662 main_tax_amount=0 days_alive=321 stage=0 res0=0 res1=200 res2=0 res3=0 res4=0 res5=0 res6=0 res7=0 res8=0 Farm=1 Garden=1 Road=6 House=1 CowFarm=1 BigHouse=1 Hothouse=1 | nw=1466522.5361
  s=  296 a= 43(MANAGER:9) r= -1.0807 cum=   -121.18 v= -0.0284 top5=[a14=0.035, a39=0.031, a5=0.030, a33=0.029, a24=0.029]
    OBS: year=1 month=1 season=3 money=3074 credit=144052 people=29 busy=0 free=29 home_places=250 need_workers=0 tax_due=0 main_tax_due=0 tax_amount=7662 main_tax_amount=0 days_alive=322 stage=0 res0=0 res1=200 res2=0 res3=0 res4=0 res5=0 res6=0 res7=0 res8=0 Farm=1 Garden=1 Road=6 House=1 CowFarm=1 BigHouse=1 Hothouse=1 | nw=1466207.7524
  s=  297 a= 39(MANAGER:5) r= +1.5682 cum=   -119.61 v= -0.0294 top5=[a14=0.035, a39=0.031, a5=0.030, a24=0.029, a33=0.029]
    OBS: year=1 month=1 season=3 money=3074 credit=144340 people=29 busy=0 free=29 home_places=310 need_workers=0 tax_due=0 main_tax_due=0 tax_amount=7662 main_tax_amount=0 days_alive=323 stage=0 res0=0 res1=200 res2=0 res3=0 res4=0 res5=0 res6=0 res7=0 res8=0 Farm=1 Garden=1 Road=6 House=1 CowFarm=1 BigHouse=1 Hothouse=1 | nw=1465898.8628
  s=  298 a= 44(MANAGER:10) r= -0.0873 cum=   -119.70 v= -0.0375 top5=[a14=0.035, a39=0.031, a33=0.030, a12=0.030, a24=0.030]
    OBS: year=1 month=1 season=3 money=3074 credit=144628 people=29 busy=0 free=29 home_places=310 need_workers=0 tax_due=0 main_tax_due=0 tax_amount=7662 main_tax_amount=0 days_alive=324 stage=0 res0=0 res1=200 res2=0 res3=0 res4=0 res5=0 res6=0 res7=0 res8=0 Farm=1 Garden=1 Road=6 House=1 CowFarm=1 BigHouse=1 Hothouse=1 | nw=1465589.8742
  s=  299 a=  4(BUILD:Garden) r= -0.8436 cum=   -120.54 v= -0.0396 top5=[a14=0.035, a39=0.031, a33=0.030, a12=0.030, a24=0.030] [BUILD: Garden]
    OBS: year=1 month=1 season=3 money=3074 credit=144917 people=29 busy=0 free=29 home_places=310 need_workers=0 tax_due=0 main_tax_due=0 tax_amount=7662 main_tax_amount=0 days_alive=325 stage=0 res0=0 res1=200 res2=0 res3=0 res4=0 res5=0 res6=0 res7=0 res8=0 Farm=1 Garden=1 Road=6 House=1 CowFarm=1 BigHouse=1 Hothouse=1 | nw=1465275.7491
  s=  300 a= 33(BUILD:AtomStation) r= -1.0852 cum=   -121.63 v= -0.0432 top5=[a14=0.035, a39=0.031, a33=0.030, a12=0.030, a24=0.030] [BUILD FAILED: AtomStation money=3074 free=29]
    OBS: year=1 month=1 season=3 money=3074 credit=145206 people=29 busy=0 free=29 home_places=310 need_workers=0 tax_due=0 main_tax_due=0 tax_amount=7662 main_tax_amount=0 days_alive=326 stage=0 res0=0 res1=200 res2=0 res3=0 res4=0 res5=0 res6=0 res7=0 res8=0 Farm=1 Garden=1 Road=6 House=1 CowFarm=1 BigHouse=1 Hothouse=1 | nw=1464965.3231
  s=  301 a= 14(BUILD:Road) r= -1.0895 cum=   -122.72 v= -0.0469 top5=[a14=0.035, a39=0.031, a33=0.030, a24=0.030, a12=0.030] [BUILD FAILED: Road money=3074 free=29]
    OBS: year=1 month=1 season=3 money=3074 credit=145496 people=29 busy=0 free=29 home_places=310 need_workers=0 tax_due=0 main_tax_due=0 tax_amount=7662 main_tax_amount=0 days_alive=327 stage=0 res0=0 res1=200 res2=0 res3=0 res4=0 res5=0 res6=0 res7=0 res8=0 Farm=1 Garden=1 Road=6 House=1 CowFarm=1 BigHouse=1 Hothouse=1 | nw=1464651.9982
  s=  302 a= 12(BUILD:PowerStation) r= +0.5449 cum=   -122.17 v= -0.0504 top5=[a14=0.035, a39=0.031, a24=0.030, a33=0.030, a12=0.030] [BUILD: PowerStation]
    OBS: year=1 month=1 season=3 money=2674 credit=145786 people=29 busy=0 free=29 home_places=310 need_workers=0 tax_due=0 main_tax_due=0 tax_amount=7662 main_tax_amount=0 days_alive=328 stage=0 res0=0 res1=200 res2=0 res3=0 res4=0 res5=0 res6=0 res7=0 res8=0 Farm=1 Garden=1 Road=7 House=1 CowFarm=1 BigHouse=1 Hothouse=1 | nw=1464340.4739
  s=  303 a= 19(BUILD:Mushroom) r= -1.0955 cum=   -123.27 v= -0.0397 top5=[a14=0.034, a12=0.031, a33=0.031, a24=0.029, a39=0.029] [BUILD FAILED: Mushroom money=2674 free=29]
    OBS: year=1 month=1 season=3 money=2674 credit=146077 people=29 busy=0 free=29 home_places=310 need_workers=0 tax_due=0 main_tax_due=0 tax_amount=7662 main_tax_amount=0 days_alive=329 stage=0 res0=0 res1=200 res2=0 res3=0 res4=0 res5=0 res6=0 res7=0 res8=0 Farm=1 Garden=1 Road=7 House=1 CowFarm=1 BigHouse=1 Hothouse=1 | nw=1464024.8014
  s=  304 a= 28(BUILD:BigRefinary) r= -1.1007 cum=   -124.37 v= -0.0453 top5=[a14=0.034, a12=0.031, a33=0.031, a24=0.030, a39=0.029] [BUILD FAILED: BigRefinary money=2674 free=29]
    OBS: year=1 month=1 season=3 money=2674 credit=146369 people=29 busy=0 free=29 home_places=310 need_workers=0 tax_due=0 main_tax_due=0 tax_amount=7662 main_tax_amount=0 days_alive=330 stage=0 res0=0 res1=200 res2=0 res3=0 res4=0 res5=0 res6=0 res7=0 res8=0 Farm=1 Garden=1 Road=7 House=1 CowFarm=1 BigHouse=1 Hothouse=1 | nw=1463704.8197
  s=  305 a= 28(BUILD:BigRefinary) r= -1.0959 cum=   -125.46 v= -0.0515 top5=[a14=0.034, a12=0.031, a33=0.031, a24=0.030, a39=0.029] [BUILD FAILED: BigRefinary money=2674 free=29]
    OBS: year=1 month=1 season=3 money=2674 credit=146661 people=29 busy=0 free=29 home_places=310 need_workers=0 tax_due=0 main_tax_due=0 tax_amount=7662 main_tax_amount=0 days_alive=331 stage=0 res0=0 res1=200 res2=0 res3=0 res4=0 res5=0 res6=0 res7=0 res8=0 Farm=1 Garden=1 Road=7 House=1 CowFarm=1 BigHouse=1 Hothouse=1 | nw=1463395.7129
  s=  306 a= 29(BUILD:Puerperal) r= -1.1045 cum=   -126.57 v= -0.0569 top5=[a14=0.034, a12=0.031, a33=0.031, a24=0.030, a39=0.029] [BUILD FAILED: Puerperal money=2674 free=29]
    OBS: year=1 month=1 season=3 money=2674 credit=146954 people=29 busy=0 free=29 home_places=310 need_workers=0 tax_due=0 main_tax_due=0 tax_amount=7662 main_tax_amount=0 days_alive=332 stage=0 res0=0 res1=200 res2=0 res3=0 res4=0 res5=0 res6=0 res7=0 res8=0 Farm=1 Garden=1 Road=7 House=1 CowFarm=1 BigHouse=1 Hothouse=1 | nw=1463077.1658
  s=  307 a= 22(BUILD:Apiary) r= -1.1081 cum=   -127.68 v= -0.0621 top5=[a14=0.034, a12=0.031, a33=0.031, a24=0.030, a39=0.029] [BUILD FAILED: Apiary money=2674 free=29]
    OBS: year=1 month=1 season=3 money=2674 credit=147247 people=29 busy=0 free=29 home_places=310 need_workers=0 tax_due=0 main_tax_due=0 tax_amount=7662 main_tax_amount=0 days_alive=333 stage=0 res0=0 res1=200 res2=0 res3=0 res4=0 res5=0 res6=0 res7=0 res8=0 Farm=1 Garden=1 Road=7 House=1 CowFarm=1 BigHouse=1 Hothouse=1 | nw=1462756.9182
  s=  308 a= 36(MANAGER:2) r= -0.1165 cum=   -127.79 v= -0.0659 top5=[a14=0.034, a12=0.031, a33=0.031, a24=0.030, a39=0.029]
    OBS: year=1 month=1 season=3 money=1352 credit=147541 people=29 busy=0 free=29 home_places=310 need_workers=0 tax_due=0 main_tax_due=0 tax_amount=7662 main_tax_amount=0 days_alive=334 stage=0 res0=0 res1=200 res2=0 res3=0 res4=0 res5=0 res6=0 res7=0 res8=0 Farm=1 Garden=1 Road=7 House=1 CowFarm=1 BigHouse=1 Hothouse=1 | nw=1462920.7147
  s=  309 a= 24(BUILD:Hothouse) r= -1.1106 cum=   -128.90 v= -0.0633 top5=[a14=0.035, a24=0.032, a33=0.031, a12=0.030, a39=0.030] [BUILD FAILED: Hothouse money=1352 free=29]
    OBS: year=1 month=1 season=3 money=1352 credit=147836 people=29 busy=0 free=29 home_places=310 need_workers=0 tax_due=0 main_tax_due=0 tax_amount=7662 main_tax_amount=0 days_alive=335 stage=0 res0=0 res1=200 res2=0 res3=0 res4=0 res5=0 res6=0 res7=0 res8=0 Farm=1 Garden=1 Road=7 House=1 CowFarm=1 BigHouse=1 Hothouse=1 | nw=1462604.2888
  s=  310 a= 29(BUILD:Puerperal) r= -1.1127 cum=   -130.02 v= -0.0660 top5=[a14=0.035, a24=0.032, a33=0.031, a12=0.030, a39=0.030] [BUILD FAILED: Puerperal money=1352 free=29]
    OBS: year=1 month=1 season=3 money=1352 credit=148131 people=29 busy=0 free=29 home_places=310 need_workers=0 tax_due=0 main_tax_due=0 tax_amount=7662 main_tax_amount=0 days_alive=336 stage=0 res0=0 res1=200 res2=0 res3=0 res4=0 res5=0 res6=0 res7=0 res8=0 Farm=1 Garden=1 Road=7 House=1 CowFarm=1 BigHouse=1 Hothouse=1 | nw=1462288.3001
  s=  311 a= 21(BUILD:BigFarm) r= -0.4472 cum=   -130.46 v= -0.0682 top5=[a14=0.036, a24=0.033, a33=0.031, a12=0.030, a39=0.030] [BUILD: BigFarm]
    OBS: year=1 month=2 season=3 money=1352 credit=148427 people=30 busy=0 free=30 home_places=310 need_workers=0 tax_due=0 main_tax_due=0 tax_amount=7662 main_tax_amount=0 days_alive=337 stage=0 res0=0 res1=200 res2=0 res3=0 res4=0 res5=0 res6=0 res7=0 res8=0 Farm=1 Garden=1 Road=7 House=1 CowFarm=1 BigHouse=1 Hothouse=1 | nw=1461965.3902
  s=  312 a= 41(MANAGER:7) r= -0.5837 cum=   -131.05 v= +0.0010 top5=[a14=0.031, a29=0.031, a5=0.030, a25=0.029, a12=0.028]
    OBS: year=1 month=2 season=3 money=952 credit=148723 people=30 busy=0 free=30 home_places=310 need_workers=0 tax_due=0 main_tax_due=0 tax_amount=7666 main_tax_amount=0 days_alive=338 stage=0 res0=0 res1=400 res2=0 res3=0 res4=0 res5=0 res6=0 res7=0 res8=0 Farm=1 Garden=1 Road=7 House=1 CowFarm=1 BigHouse=1 Hothouse=1 | nw=1461442.4797
  s=  313 a= 20(BUILD:BigHouse) r= -1.1247 cum=   -132.17 v= -0.0016 top5=[a14=0.031, a29=0.030, a5=0.030, a25=0.029, a12=0.028] [BUILD FAILED: BigHouse money=952 free=30]
    OBS: year=1 month=2 season=3 money=952 credit=149020 people=30 busy=0 free=30 home_places=310 need_workers=0 tax_due=0 main_tax_due=0 tax_amount=7666 main_tax_amount=0 days_alive=339 stage=0 res0=0 res1=400 res2=0 res3=0 res4=0 res5=0 res6=0 res7=0 res8=0 Farm=1 Garden=1 Road=7 House=1 CowFarm=1 BigHouse=1 Hothouse=1 | nw=1461120.3700
  s=  314 a= 29(BUILD:Puerperal) r= -1.1267 cum=   -133.30 v= -0.0047 top5=[a14=0.032, a29=0.030, a5=0.030, a25=0.029, a12=0.028] [BUILD FAILED: Puerperal money=952 free=30]
    OBS: year=1 month=2 season=3 money=952 credit=149318 people=30 busy=0 free=30 home_places=310 need_workers=0 tax_due=0 main_tax_due=0 tax_amount=7666 main_tax_amount=0 days_alive=340 stage=0 res0=0 res1=400 res2=0 res3=0 res4=0 res5=0 res6=0 res7=0 res8=0 Farm=1 Garden=1 Road=7 House=1 CowFarm=1 BigHouse=1 Hothouse=1 | nw=1460798.9466
  s=  315 a= 23(BUILD:Torchlight) r= -1.1288 cum=   -134.43 v= -0.0077 top5=[a14=0.032, a29=0.030, a5=0.029, a25=0.029, a12=0.028] [BUILD FAILED: Torchlight money=952 free=30]
    OBS: year=1 month=2 season=3 money=952 credit=149616 people=30 busy=0 free=30 home_places=310 need_workers=0 tax_due=0 main_tax_due=0 tax_amount=7666 main_tax_amount=0 days_alive=341 stage=0 res0=0 res1=400 res2=0 res3=0 res4=0 res5=0 res6=0 res7=0 res8=0 Farm=1 Garden=1 Road=7 House=1 CowFarm=1 BigHouse=1 Hothouse=1 | nw=1460477.8197
  s=  316 a= 36(MANAGER:2) r= -0.4248 cum=   -134.85 v= -0.0099 top5=[a14=0.032, a29=0.030, a5=0.029, a25=0.029, a12=0.029]
    OBS: year=1 month=2 season=3 money=824 credit=149915 people=30 busy=0 free=30 home_places=310 need_workers=0 tax_due=0 main_tax_due=0 tax_amount=7666 main_tax_amount=0 days_alive=342 stage=0 res0=0 res1=400 res2=0 res3=0 res4=0 res5=0 res6=0 res7=0 res8=0 Farm=1 Garden=1 Road=7 House=1 CowFarm=1 BigHouse=1 Hothouse=1 | nw=1460200.0362
  s=  317 a= 21(BUILD:BigFarm) r= -1.1349 cum=   -135.99 v= -0.0115 top5=[a14=0.032, a29=0.030, a5=0.029, a25=0.029, a12=0.029] [BUILD FAILED: BigFarm money=824 free=30]
    OBS: year=1 month=2 season=3 money=824 credit=150214 people=30 busy=0 free=30 home_places=310 need_workers=0 tax_due=0 main_tax_due=0 tax_amount=7666 main_tax_amount=0 days_alive=343 stage=0 res0=0 res1=400 res2=0 res3=0 res4=0 res5=0 res6=0 res7=0 res8=0 Farm=1 Garden=1 Road=7 House=1 CowFarm=1 BigHouse=1 Hothouse=1 | nw=1459877.6129
  s=  318 a=  8(BUILD:Coalmine) r= -1.1351 cum=   -137.12 v= -0.0132 top5=[a14=0.032, a29=0.029, a5=0.029, a12=0.029, a25=0.029] [BUILD FAILED: Coalmine money=824 free=30]
    OBS: year=1 month=2 season=3 money=824 credit=150514 people=30 busy=0 free=30 home_places=310 need_workers=0 tax_due=0 main_tax_due=0 tax_amount=7666 main_tax_amount=0 days_alive=344 stage=0 res0=0 res1=400 res2=0 res3=0 res4=0 res5=0 res6=0 res7=0 res8=0 Farm=1 Garden=1 Road=7 House=1 CowFarm=1 BigHouse=1 Hothouse=1 | nw=1459558.4095
  s=  319 a= 12(BUILD:PowerStation) r= +2.5679 cum=   -134.55 v= -0.0149 top5=[a14=0.032, a29=0.029, a5=0.029, a12=0.029, a25=0.028] [BUILD: PowerStation]
    OBS: year=1 month=2 season=3 money=424 credit=150815 people=30 busy=0 free=30 home_places=310 need_workers=0 tax_due=0 main_tax_due=0 tax_amount=7666 main_tax_amount=0 days_alive=345 stage=0 res0=0 res1=400 res2=0 res3=0 res4=0 res5=0 res6=0 res7=0 res8=0 Farm=1 Garden=1 Road=8 House=1 CowFarm=1 BigHouse=1 Hothouse=1 | nw=1459230.0623
  s=  320 a= 39(MANAGER:5) r= +1.5736 cum=   -132.98 v= +0.0045 top5=[a14=0.031, a12=0.029, a33=0.029, a38=0.029, a5=0.028]
    OBS: year=1 month=2 season=3 money=424 credit=151116 people=30 busy=0 free=30 home_places=250 need_workers=0 tax_due=0 main_tax_due=0 tax_amount=7666 main_tax_amount=0 days_alive=346 stage=0 res0=0 res1=400 res2=0 res3=0 res4=0 res5=0 res6=0 res7=0 res8=0 Farm=1 Garden=1 Road=8 House=1 CowFarm=1 BigHouse=1 Hothouse=1 | nw=1458911.7575
  s=  321 a= 29(BUILD:Puerperal) r= -1.1363 cum=   -134.12 v= +0.0118 top5=[a14=0.032, a12=0.028, a5=0.028, a25=0.028, a33=0.028] [BUILD FAILED: Puerperal money=424 free=30]
    OBS: year=1 month=2 season=3 money=424 credit=151418 people=30 busy=0 free=30 home_places=250 need_workers=0 tax_due=0 main_tax_due=0 tax_amount=7666 main_tax_amount=0 days_alive=347 stage=0 res0=0 res1=400 res2=0 res3=0 res4=0 res5=0 res6=0 res7=0 res8=0 Farm=1 Garden=1 Road=8 House=1 CowFarm=1 BigHouse=1 Hothouse=1 | nw=1458587.0678
  s=  322 a= 10(BUILD:Refinery) r= -1.1388 cum=   -135.26 v= +0.0103 top5=[a14=0.032, a12=0.028, a5=0.028, a33=0.028, a38=0.028] [BUILD FAILED: Refinery money=424 free=30]
    OBS: year=1 month=2 season=3 money=424 credit=151720 people=30 busy=0 free=30 home_places=250 need_workers=0 tax_due=0 main_tax_due=0 tax_amount=7666 main_tax_amount=0 days_alive=348 stage=0 res0=0 res1=400 res2=0 res3=0 res4=0 res5=0 res6=0 res7=0 res8=0 Farm=1 Garden=1 Road=8 House=1 CowFarm=1 BigHouse=1 Hothouse=1 | nw=1458262.1801
  s=  323 a= 11(BUILD:Goldmine) r= -1.1449 cum=   -136.40 v= +0.0095 top5=[a14=0.032, a12=0.028, a33=0.028, a5=0.028, a38=0.028] [BUILD FAILED: Goldmine money=424 free=30]
    OBS: year=1 month=2 season=3 money=424 credit=152023 people=30 busy=0 free=30 home_places=250 need_workers=0 tax_due=0 main_tax_due=0 tax_amount=7666 main_tax_amount=0 days_alive=349 stage=0 res0=0 res1=400 res2=0 res3=0 res4=0 res5=0 res6=0 res7=0 res8=0 Farm=1 Garden=1 Road=8 House=1 CowFarm=1 BigHouse=1 Hothouse=1 | nw=1457931.7340
  s=  324 a= 24(BUILD:Hothouse) r= -1.1477 cum=   -137.55 v= +0.0084 top5=[a14=0.032, a12=0.028, a33=0.028, a39=0.028, a5=0.028] [BUILD FAILED: Hothouse money=424 free=30]
    OBS: year=1 month=2 season=3 money=424 credit=152327 people=30 busy=0 free=30 home_places=250 need_workers=0 tax_due=0 main_tax_due=0 tax_amount=7666 main_tax_amount=0 days_alive=350 stage=0 res0=0 res1=400 res2=0 res3=0 res4=0 res5=0 res6=0 res7=0 res8=0 Farm=1 Garden=1 Road=8 House=1 CowFarm=1 BigHouse=1 Hothouse=1 | nw=1457600.7252
  s=  325 a= 39(MANAGER:5) r= +1.5681 cum=   -135.98 v= +0.0071 top5=[a14=0.032, a12=0.028, a33=0.028, a39=0.028, a5=0.028]
    OBS: year=1 month=2 season=3 money=424 credit=152631 people=30 busy=0 free=30 home_places=310 need_workers=0 tax_due=0 main_tax_due=0 tax_amount=7666 main_tax_amount=0 days_alive=351 stage=0 res0=0 res1=400 res2=0 res3=0 res4=0 res5=0 res6=0 res7=0 res8=0 Farm=1 Garden=1 Road=8 House=1 CowFarm=1 BigHouse=1 Hothouse=1 | nw=1457273.9364
  s=  326 a= 11(BUILD:Goldmine) r= -1.1479 cum=   -137.13 v= -0.0304 top5=[a14=0.032, a33=0.029, a12=0.029, a24=0.028, a5=0.028] [BUILD FAILED: Goldmine money=424 free=30]
    OBS: year=1 month=2 season=3 money=424 credit=152936 people=30 busy=0 free=30 home_places=310 need_workers=0 tax_due=0 main_tax_due=0 tax_amount=7666 main_tax_amount=0 days_alive=352 stage=0 res0=0 res1=400 res2=0 res3=0 res4=0 res5=0 res6=0 res7=0 res8=0 Farm=1 Garden=1 Road=8 House=1 CowFarm=1 BigHouse=1 Hothouse=1 | nw=1456945.5277
  s=  327 a=  8(BUILD:Coalmine) r= -1.1486 cum=   -138.28 v= -0.0334 top5=[a14=0.032, a33=0.029, a12=0.029, a24=0.028, a5=0.028] [BUILD FAILED: Coalmine money=424 free=30]
    OBS: year=1 month=2 season=3 money=424 credit=153241 people=30 busy=0 free=30 home_places=310 need_workers=0 tax_due=0 main_tax_due=0 tax_amount=7666 main_tax_amount=0 days_alive=353 stage=0 res0=0 res1=400 res2=0 res3=0 res4=0 res5=0 res6=0 res7=0 res8=0 Farm=1 Garden=1 Road=8 House=1 CowFarm=1 BigHouse=1 Hothouse=1 | nw=1456619.5390
  s=  328 a= 14(BUILD:Road) r= -1.1534 cum=   -139.43 v= -0.0366 top5=[a14=0.032, a33=0.029, a24=0.029, a12=0.029, a38=0.028] [BUILD FAILED: Road money=424 free=30]
    OBS: year=1 month=2 season=3 money=424 credit=153547 people=30 busy=0 free=30 home_places=310 need_workers=0 tax_due=0 main_tax_due=0 tax_amount=7666 main_tax_amount=0 days_alive=354 stage=0 res0=0 res1=400 res2=0 res3=0 res4=0 res5=0 res6=0 res7=0 res8=0 Farm=1 Garden=1 Road=8 House=1 CowFarm=1 BigHouse=1 Hothouse=1 | nw=1456289.8764
  s=  329 a= 37(MANAGER:3) r= -6.8030 cum=   -146.23 v= -0.0383 top5=[a14=0.033, a33=0.029, a24=0.029, a12=0.028, a38=0.028]
    OBS: year=1 month=2 season=3 money=3624 credit=153854 people=30 busy=0 free=30 home_places=310 need_workers=0 tax_due=0 main_tax_due=0 tax_amount=7246 main_tax_amount=0 days_alive=355 stage=0 res0=0 res1=400 res2=0 res3=0 res4=0 res5=0 res6=0 res7=0 res8=0 Farm=1 Garden=1 Road=8 House=1 BigHouse=1 Hothouse=1 | nw=1427282.9862
  s=  330 a= 22(BUILD:Apiary) r= -0.4613 cum=   -146.69 v= +0.1142 top5=[a14=0.033, a29=0.030, a38=0.029, a24=0.028, a5=0.028] [BUILD: Apiary]
    OBS: year=1 month=2 season=3 money=3624 credit=154161 people=31 busy=0 free=31 home_places=310 need_workers=0 tax_due=0 main_tax_due=0 tax_amount=7246 main_tax_amount=0 days_alive=356 stage=0 res0=0 res1=400 res2=0 res3=0 res4=0 res5=0 res6=0 res7=0 res8=0 Farm=1 Garden=1 Road=8 House=1 BigHouse=1 Hothouse=1 | nw=1426957.8396
  s=  331 a=  2(BUILD:WaterChannel) r= -1.1242 cum=   -147.82 v= +0.0894 top5=[a14=0.032, a29=0.030, a38=0.029, a24=0.028, a39=0.027] [BUILD FAILED: WaterChannel money=3624 free=31]
    OBS: year=1 month=2 season=3 money=3624 credit=154469 people=31 busy=0 free=31 home_places=310 need_workers=0 tax_due=0 main_tax_due=0 tax_amount=7246 main_tax_amount=0 days_alive=357 stage=0 res0=0 res1=400 res2=0 res3=0 res4=0 res5=0 res6=0 res7=0 res8=0 Farm=1 Garden=1 Road=8 House=1 BigHouse=1 Hothouse=1 | nw=1426636.5576
  s=  332 a= 12(BUILD:PowerStation) r= +0.5083 cum=   -147.31 v= +0.0804 top5=[a14=0.032, a29=0.030, a38=0.030, a24=0.028, a39=0.028] [BUILD: PowerStation]
    OBS: year=1 month=2 season=3 money=3224 credit=154777 people=31 busy=0 free=31 home_places=310 need_workers=0 tax_due=0 main_tax_due=0 tax_amount=7246 main_tax_amount=0 days_alive=358 stage=0 res0=0 res1=400 res2=0 res3=0 res4=0 res5=0 res6=0 res7=0 res8=0 Farm=1 Garden=1 Road=9 House=1 BigHouse=1 Hothouse=1 | nw=1426315.2756
  s=  333 a=  4(BUILD:Garden) r= -0.8875 cum=   -148.20 v= +0.0916 top5=[a14=0.032, a38=0.030, a29=0.029, a33=0.028, a12=0.027] [BUILD: Garden]
    OBS: year=1 month=2 season=3 money=3224 credit=155086 people=31 busy=0 free=31 home_places=310 need_workers=0 tax_due=0 main_tax_due=0 tax_amount=7246 main_tax_amount=0 days_alive=359 stage=0 res0=0 res1=400 res2=0 res3=0 res4=0 res5=0 res6=0 res7=0 res8=0 Farm=1 Garden=1 Road=9 House=1 BigHouse=1 Hothouse=1 | nw=1425991.8281
  s=  334 a= 34(MANAGER:0) r= -1.1324 cum=   -149.33 v= +0.0817 top5=[a14=0.032, a38=0.031, a29=0.028, a33=0.028, a12=0.028]
    OBS: year=1 month=2 season=3 money=3224 credit=155396 people=31 busy=0 free=31 home_places=310 need_workers=0 tax_due=0 main_tax_due=0 tax_amount=7246 main_tax_amount=0 days_alive=360 stage=0 res0=0 res1=400 res2=0 res3=0 res4=0 res5=0 res6=0 res7=0 res8=0 Farm=1 Garden=1 Road=9 House=1 BigHouse=1 Hothouse=1 | nw=1425668.6445
  s=  335 a=  2(BUILD:WaterChannel) r= -1.1345 cum=   -150.47 v= +0.0719 top5=[a14=0.032, a38=0.031, a33=0.029, a29=0.028, a12=0.028] [BUILD FAILED: WaterChannel money=3224 free=31]
    OBS: year=1 month=2 season=3 money=3224 credit=155706 people=31 busy=0 free=31 home_places=310 need_workers=0 tax_due=0 main_tax_due=0 tax_amount=7246 main_tax_amount=0 days_alive=361 stage=0 res0=0 res1=400 res2=0 res3=0 res4=0 res5=0 res6=0 res7=0 res8=0 Farm=1 Garden=1 Road=9 House=1 BigHouse=1 Hothouse=1 | nw=1425345.8981
  s=  336 a=  0(DAY) r= -0.4714 cum=   -150.94 v= +0.0622 top5=[a14=0.032, a38=0.031, a33=0.029, a29=0.028, a24=0.028]
    OBS: year=1 month=2 season=3 money=3224 credit=156017 people=31 busy=0 free=31 home_places=310 need_workers=0 tax_due=0 main_tax_due=0 tax_amount=7246 main_tax_amount=0 days_alive=362 stage=0 res0=0 res1=400 res2=0 res3=0 res4=0 res5=0 res6=0 res7=0 res8=0 Farm=1 Garden=1 Road=9 House=1 BigHouse=1 Hothouse=1 | nw=1425019.9151
  s=  337 a= 41(MANAGER:7) r= -1.1424 cum=   -152.08 v= +0.0521 top5=[a14=0.032, a38=0.031, a33=0.029, a24=0.028, a12=0.028]
    OBS: year=1 month=2 season=3 money=3224 credit=156329 people=31 busy=0 free=31 home_places=310 need_workers=0 tax_due=0 main_tax_due=0 tax_amount=7246 main_tax_amount=0 days_alive=363 stage=0 res0=0 res1=400 res2=0 res3=0 res4=0 res5=0 res6=0 res7=0 res8=0 Farm=1 Garden=1 Road=9 House=1 BigHouse=1 Hothouse=1 | nw=1424692.9312
  s=  338 a= 28(BUILD:BigRefinary) r= -1.1439 cum=   -153.22 v= +0.0430 top5=[a14=0.032, a38=0.031, a33=0.029, a24=0.028, a12=0.028] [BUILD FAILED: BigRefinary money=3224 free=31]
    OBS: year=1 month=2 season=3 money=3224 credit=156641 people=31 busy=0 free=31 home_places=310 need_workers=0 tax_due=0 main_tax_due=0 tax_amount=7246 main_tax_amount=0 days_alive=364 stage=0 res0=0 res1=400 res2=0 res3=0 res4=0 res5=0 res6=0 res7=0 res8=0 Farm=1 Garden=1 Road=9 House=1 BigHouse=1 Hothouse=1 | nw=1424367.2120
  s=  339 a= 19(BUILD:Mushroom) r= +2.2041 cum=   -151.02 v= +0.0331 top5=[a14=0.033, a38=0.030, a24=0.030, a29=0.028, a33=0.028] [BUILD: Mushroom]
    OBS: year=1 month=3 season=0 money=3224 credit=156954 people=31 busy=0 free=31 home_places=310 need_workers=5 tax_due=1 main_tax_due=0 tax_amount=7246 main_tax_amount=0 days_alive=365 stage=0 res0=0 res1=400 res2=0 res3=0 res4=0 res5=0 res6=0 res7=0 res8=0 Farm=1 Garden=1 Road=9 House=1 BigHouse=1 Hothouse=1 | nw=1424040.9300
  s=  340 a= 28(BUILD:BigRefinary) r= -3.9415 cum=   -154.96 v= +0.1318 top5=[a14=0.041, a19=0.037, a13=0.034, a33=0.034, a15=0.033] [BUILD FAILED: BigRefinary money=3224 free=31]
    OBS: year=1 month=3 season=0 money=3224 credit=156954 people=31 busy=0 free=31 home_places=310 need_workers=5 tax_due=1 main_tax_due=0 tax_amount=7246 main_tax_amount=0 days_alive=365 stage=0 res0=0 res1=400 res2=0 res3=0 res4=0 res5=0 res6=0 res7=0 res8=0 Farm=1 Garden=1 Road=9 House=1 BigHouse=1 Hothouse=1 | nw=1424040.9300
  s=  341 a= 37(MANAGER:3) r= -6.6376 cum=   -161.60 v= +0.1320 top5=[a14=0.041, a19=0.037, a13=0.034, a33=0.034, a15=0.033]
    OBS: year=1 month=3 season=0 money=4883 credit=156954 people=31 busy=0 free=31 home_places=310 need_workers=5 tax_due=1 main_tax_due=0 tax_amount=6826 main_tax_amount=0 days_alive=365 stage=0 res0=0 res1=400 res2=0 res3=0 res4=0 res5=0 res6=0 res7=0 res8=0 Farm=1 Garden=1 Road=9 House=1 BigHouse=1 | nw=1409210.5790
  s=  342 a= 33(BUILD:AtomStation) r= -3.8292 cum=   -165.43 v= +0.0710 top5=[a14=0.041, a15=0.036, a33=0.036, a13=0.035, a39=0.033] [BUILD FAILED: AtomStation money=4883 free=31]
    OBS: year=1 month=3 season=0 money=4883 credit=156954 people=31 busy=0 free=31 home_places=310 need_workers=5 tax_due=1 main_tax_due=0 tax_amount=6826 main_tax_amount=0 days_alive=365 stage=0 res0=0 res1=400 res2=0 res3=0 res4=0 res5=0 res6=0 res7=0 res8=0 Farm=1 Garden=1 Road=9 House=1 BigHouse=1 | nw=1409210.5790
  s=  343 a= 14(BUILD:Road) r= -3.8086 cum=   -169.24 v= +0.0685 top5=[a14=0.039, a15=0.036, a33=0.035, a13=0.034, a39=0.032] [BUILD FAILED: Road money=4883 free=31]
    OBS: year=1 month=3 season=0 money=4883 credit=156954 people=31 busy=0 free=31 home_places=310 need_workers=5 tax_due=1 main_tax_due=0 tax_amount=6826 main_tax_amount=0 days_alive=365 stage=0 res0=0 res1=400 res2=0 res3=0 res4=0 res5=0 res6=0 res7=0 res8=0 Farm=1 Garden=1 Road=9 House=1 BigHouse=1 | nw=1409210.5790
  s=  344 a= 32(BUILD:SmallAtomStation) r= -3.7889 cum=   -173.02 v= +0.0692 top5=[a14=0.037, a15=0.035, a33=0.033, a13=0.033, a38=0.032] [BUILD FAILED: SmallAtomStation money=4883 free=31]
    OBS: year=1 month=3 season=0 money=4883 credit=156954 people=31 busy=0 free=31 home_places=310 need_workers=5 tax_due=1 main_tax_due=0 tax_amount=6826 main_tax_amount=0 days_alive=365 stage=0 res0=0 res1=400 res2=0 res3=0 res4=0 res5=0 res6=0 res7=0 res8=0 Farm=1 Garden=1 Road=9 House=1 BigHouse=1 | nw=1409210.5790
  s=  345 a=  2(BUILD:WaterChannel) r= -3.7701 cum=   -176.79 v= +0.0746 top5=[a14=0.036, a15=0.034, a33=0.032, a13=0.032, a38=0.031] [BUILD FAILED: WaterChannel money=4883 free=31]
    OBS: year=1 month=3 season=0 money=4883 credit=156954 people=31 busy=0 free=31 home_places=310 need_workers=5 tax_due=1 main_tax_due=0 tax_amount=6826 main_tax_amount=0 days_alive=365 stage=0 res0=0 res1=400 res2=0 res3=0 res4=0 res5=0 res6=0 res7=0 res8=0 Farm=1 Garden=1 Road=9 House=1 BigHouse=1 | nw=1409210.5790
  s=  346 a= 31(BUILD:AirStation) r= -3.7520 cum=   -180.55 v= +0.0770 top5=[a14=0.034, a15=0.034, a33=0.032, a13=0.031, a38=0.031] [BUILD FAILED: AirStation money=4883 free=31]
    OBS: year=1 month=3 season=0 money=4883 credit=156954 people=31 busy=0 free=31 home_places=310 need_workers=5 tax_due=1 main_tax_due=0 tax_amount=6826 main_tax_amount=0 days_alive=365 stage=0 res0=0 res1=400 res2=0 res3=0 res4=0 res5=0 res6=0 res7=0 res8=0 Farm=1 Garden=1 Road=9 House=1 BigHouse=1 | nw=1409210.5790
  s=  347 a= 21(BUILD:BigFarm) r= -3.7347 cum=   -184.28 v= +0.0793 top5=[a14=0.033, a15=0.033, a33=0.031, a13=0.030, a38=0.030] [BUILD FAILED: BigFarm money=4883 free=31]
    OBS: year=1 month=3 season=0 money=4883 credit=156954 people=31 busy=0 free=31 home_places=310 need_workers=5 tax_due=1 main_tax_due=0 tax_amount=6826 main_tax_amount=0 days_alive=365 stage=0 res0=0 res1=400 res2=0 res3=0 res4=0 res5=0 res6=0 res7=0 res8=0 Farm=1 Garden=1 Road=9 House=1 BigHouse=1 | nw=1409210.5790
  s=  348 a= 31(BUILD:AirStation) r= -3.7181 cum=   -188.00 v= +0.0816 top5=[a15=0.033, a14=0.033, a33=0.030, a38=0.030, a13=0.030] [BUILD FAILED: AirStation money=4883 free=31]
    OBS: year=1 month=3 season=0 money=4883 credit=156954 people=31 busy=0 free=31 home_places=310 need_workers=5 tax_due=1 main_tax_due=0 tax_amount=6826 main_tax_amount=0 days_alive=365 stage=0 res0=0 res1=400 res2=0 res3=0 res4=0 res5=0 res6=0 res7=0 res8=0 Farm=1 Garden=1 Road=9 House=1 BigHouse=1 | nw=1409210.5790
  s=  349 a= 12(BUILD:PowerStation) r= -2.1585 cum=   -190.16 v= +0.0827 top5=[a15=0.033, a14=0.032, a33=0.030, a38=0.030, a13=0.029] [BUILD FAILED: PowerStation money=4483 free=31]
    OBS: year=1 month=3 season=0 money=4483 credit=156954 people=31 busy=0 free=31 home_places=310 need_workers=5 tax_due=1 main_tax_due=0 tax_amount=6826 main_tax_amount=0 days_alive=365 stage=0 res0=0 res1=400 res2=0 res3=0 res4=0 res5=0 res6=0 res7=0 res8=0 Farm=1 Garden=1 Road=10 House=1 BigHouse=1 | nw=1409210.5790
  s=  350 a= 32(BUILD:SmallAtomStation) r= -3.7019 cum=   -193.86 v= +0.0976 top5=[a15=0.033, a14=0.032, a38=0.031, a33=0.030, a13=0.029] [BUILD FAILED: SmallAtomStation money=4483 free=31]
    OBS: year=1 month=3 season=0 money=4483 credit=156954 people=31 busy=0 free=31 home_places=310 need_workers=5 tax_due=1 main_tax_due=0 tax_amount=6826 main_tax_amount=0 days_alive=365 stage=0 res0=0 res1=400 res2=0 res3=0 res4=0 res5=0 res6=0 res7=0 res8=0 Farm=1 Garden=1 Road=10 House=1 BigHouse=1 | nw=1409210.5790
  s=  351 a= 14(BUILD:Road) r= -3.6867 cum=   -197.55 v= +0.0978 top5=[a15=0.033, a14=0.031, a38=0.031, a33=0.029, a13=0.029] [BUILD FAILED: Road money=4483 free=31]
    OBS: year=1 month=3 season=0 money=4483 credit=156954 people=31 busy=0 free=31 home_places=310 need_workers=5 tax_due=1 main_tax_due=0 tax_amount=6826 main_tax_amount=0 days_alive=365 stage=0 res0=0 res1=400 res2=0 res3=0 res4=0 res5=0 res6=0 res7=0 res8=0 Farm=1 Garden=1 Road=10 House=1 BigHouse=1 | nw=1409210.5790
  s=  352 a= 25(BUILD:SuperHouse) r= -3.6720 cum=   -201.22 v= +0.0978 top5=[a15=0.032, a14=0.031, a38=0.030, a33=0.029, a13=0.028] [BUILD FAILED: SuperHouse money=4483 free=31]
    OBS: year=1 month=3 season=0 money=4483 credit=156954 people=31 busy=0 free=31 home_places=310 need_workers=5 tax_due=1 main_tax_due=0 tax_amount=6826 main_tax_amount=0 days_alive=365 stage=0 res0=0 res1=400 res2=0 res3=0 res4=0 res5=0 res6=0 res7=0 res8=0 Farm=1 Garden=1 Road=10 House=1 BigHouse=1 | nw=1409210.5790
  s=  353 a= 32(BUILD:SmallAtomStation) r= -3.6579 cum=   -204.88 v= +0.0977 top5=[a15=0.032, a14=0.031, a38=0.030, a33=0.029, a13=0.028] [BUILD FAILED: SmallAtomStation money=4483 free=31]
    OBS: year=1 month=3 season=0 money=4483 credit=156954 people=31 busy=0 free=31 home_places=310 need_workers=5 tax_due=1 main_tax_due=0 tax_amount=6826 main_tax_amount=0 days_alive=365 stage=0 res0=0 res1=400 res2=0 res3=0 res4=0 res5=0 res6=0 res7=0 res8=0 Farm=1 Garden=1 Road=10 House=1 BigHouse=1 | nw=1409210.5790
  s=  354 a= 23(BUILD:Torchlight) r= -3.6443 cum=   -208.52 v= +0.0984 top5=[a15=0.032, a14=0.031, a38=0.030, a33=0.028, a19=0.028] [BUILD FAILED: Torchlight money=4483 free=31]
    OBS: year=1 month=3 season=0 money=4483 credit=156954 people=31 busy=0 free=31 home_places=310 need_workers=5 tax_due=1 main_tax_due=0 tax_amount=6826 main_tax_amount=0 days_alive=365 stage=0 res0=0 res1=400 res2=0 res3=0 res4=0 res5=0 res6=0 res7=0 res8=0 Farm=1 Garden=1 Road=10 House=1 BigHouse=1 | nw=1409210.5790
  s=  355 a= 21(BUILD:BigFarm) r= -3.6312 cum=   -212.15 v= +0.1001 top5=[a15=0.032, a14=0.030, a38=0.030, a33=0.028, a19=0.028] [BUILD FAILED: BigFarm money=4483 free=31]
    OBS: year=1 month=3 season=0 money=4483 credit=156954 people=31 busy=0 free=31 home_places=310 need_workers=5 tax_due=1 main_tax_due=0 tax_amount=6826 main_tax_amount=0 days_alive=365 stage=0 res0=0 res1=400 res2=0 res3=0 res4=0 res5=0 res6=0 res7=0 res8=0 Farm=1 Garden=1 Road=10 House=1 BigHouse=1 | nw=1409210.5790
  s=  356 a= 39(MANAGER:5) r= -1.1653 cum=   -213.32 v= +0.1016 top5=[a15=0.032, a14=0.030, a38=0.030, a33=0.028, a19=0.028]
    OBS: year=1 month=3 season=0 money=4483 credit=156954 people=31 busy=0 free=31 home_places=250 need_workers=5 tax_due=1 main_tax_due=0 tax_amount=6826 main_tax_amount=0 days_alive=365 stage=0 res0=0 res1=400 res2=0 res3=0 res4=0 res5=0 res6=0 res7=0 res8=0 Farm=1 Garden=1 Road=10 House=1 BigHouse=1 | nw=1409210.5790
  s=  357 a= 24(BUILD:Hothouse) r= -3.6230 cum=   -216.94 v= +0.1199 top5=[a15=0.031, a14=0.029, a38=0.029, a33=0.028, a19=0.028] [BUILD FAILED: Hothouse money=4483 free=31]
    OBS: year=1 month=3 season=0 money=4483 credit=156954 people=31 busy=0 free=31 home_places=250 need_workers=5 tax_due=1 main_tax_due=0 tax_amount=6826 main_tax_amount=0 days_alive=365 stage=0 res0=0 res1=400 res2=0 res3=0 res4=0 res5=0 res6=0 res7=0 res8=0 Farm=1 Garden=1 Road=10 House=1 BigHouse=1 | nw=1409210.5790
  s=  358 a=  8(BUILD:Coalmine) r= -3.6107 cum=   -220.55 v= +0.1200 top5=[a15=0.031, a14=0.029, a38=0.029, a33=0.028, a19=0.028] [BUILD FAILED: Coalmine money=4483 free=31]
    OBS: year=1 month=3 season=0 money=4483 credit=156954 people=31 busy=0 free=31 home_places=250 need_workers=5 tax_due=1 main_tax_due=0 tax_amount=6826 main_tax_amount=0 days_alive=365 stage=0 res0=0 res1=400 res2=0 res3=0 res4=0 res5=0 res6=0 res7=0 res8=0 Farm=1 Garden=1 Road=10 House=1 BigHouse=1 | nw=1409210.5790
  s=  359 a= 36(MANAGER:2) r= -2.9404 cum=   -223.49 v= +0.1200 top5=[a15=0.031, a14=0.029, a38=0.029, a33=0.028, a19=0.028]
    OBS: year=1 month=3 season=0 money=4377 credit=156954 people=31 busy=0 free=31 home_places=250 need_workers=5 tax_due=1 main_tax_due=0 tax_amount=6826 main_tax_amount=0 days_alive=365 stage=0 res0=0 res1=400 res2=0 res3=0 res4=0 res5=0 res6=0 res7=0 res8=0 Farm=1 Garden=1 Road=10 House=1 BigHouse=1 | nw=1409290.1446
  s=  360 a= 32(BUILD:SmallAtomStation) r= -3.5938 cum=   -227.09 v= +0.1267 top5=[a15=0.031, a14=0.029, a33=0.029, a38=0.028, a19=0.028] [BUILD FAILED: SmallAtomStation money=4377 free=31]
    OBS: year=1 month=3 season=0 money=4377 credit=156954 people=31 busy=0 free=31 home_places=250 need_workers=5 tax_due=1 main_tax_due=0 tax_amount=6826 main_tax_amount=0 days_alive=365 stage=0 res0=0 res1=400 res2=0 res3=0 res4=0 res5=0 res6=0 res7=0 res8=0 Farm=1 Garden=1 Road=10 House=1 BigHouse=1 | nw=1409290.1446
  s=  361 a= 30(BUILD:BigIronmine) r= -3.5826 cum=   -230.67 v= +0.1267 top5=[a15=0.031, a14=0.029, a33=0.029, a38=0.028, a19=0.028] [BUILD FAILED: BigIronmine money=4377 free=31]
    OBS: year=1 month=3 season=0 money=4377 credit=156954 people=31 busy=0 free=31 home_places=250 need_workers=5 tax_due=1 main_tax_due=0 tax_amount=6826 main_tax_amount=0 days_alive=365 stage=0 res0=0 res1=400 res2=0 res3=0 res4=0 res5=0 res6=0 res7=0 res8=0 Farm=1 Garden=1 Road=10 House=1 BigHouse=1 | nw=1409290.1446
  s=  362 a= 33(BUILD:AtomStation) r= -3.5718 cum=   -234.24 v= +0.1267 top5=[a15=0.031, a14=0.029, a33=0.029, a38=0.028, a19=0.028] [BUILD FAILED: AtomStation money=4377 free=31]
    OBS: year=1 month=3 season=0 money=4377 credit=156954 people=31 busy=0 free=31 home_places=250 need_workers=5 tax_due=1 main_tax_due=0 tax_amount=6826 main_tax_amount=0 days_alive=365 stage=0 res0=0 res1=400 res2=0 res3=0 res4=0 res5=0 res6=0 res7=0 res8=0 Farm=1 Garden=1 Road=10 House=1 BigHouse=1 | nw=1409290.1446
  s=  363 a=  7(BUILD:Sawmill) r= -3.5613 cum=   -237.80 v= +0.1268 top5=[a15=0.030, a33=0.029, a14=0.029, a38=0.028, a19=0.028] [BUILD FAILED: Sawmill money=4377 free=31]
    OBS: year=1 month=3 season=0 money=4377 credit=156954 people=31 busy=0 free=31 home_places=250 need_workers=5 tax_due=1 main_tax_due=0 tax_amount=6826 main_tax_amount=0 days_alive=365 stage=0 res0=0 res1=400 res2=0 res3=0 res4=0 res5=0 res6=0 res7=0 res8=0 Farm=1 Garden=1 Road=10 House=1 BigHouse=1 | nw=1409290.1446
  s=  364 a= 20(BUILD:BigHouse) r= -3.5511 cum=   -241.35 v= +0.1267 top5=[a15=0.030, a33=0.029, a14=0.029, a38=0.028, a19=0.028] [BUILD FAILED: BigHouse money=4377 free=31]
    OBS: year=1 month=3 season=0 money=4377 credit=156954 people=31 busy=0 free=31 home_places=250 need_workers=5 tax_due=1 main_tax_due=0 tax_amount=6826 main_tax_amount=0 days_alive=365 stage=0 res0=0 res1=400 res2=0 res3=0 res4=0 res5=0 res6=0 res7=0 res8=0 Farm=1 Garden=1 Road=10 House=1 BigHouse=1 | nw=1409290.1446
  s=  365 a=  5(BUILD:House) r= -3.5413 cum=   -244.89 v= +0.1264 top5=[a15=0.030, a33=0.029, a14=0.029, a38=0.028, a19=0.028] [BUILD FAILED: House money=4377 free=31]
    OBS: year=1 month=3 season=0 money=4377 credit=156954 people=31 busy=0 free=31 home_places=250 need_workers=5 tax_due=1 main_tax_due=0 tax_amount=6826 main_tax_amount=0 days_alive=365 stage=0 res0=0 res1=400 res2=0 res3=0 res4=0 res5=0 res6=0 res7=0 res8=0 Farm=1 Garden=1 Road=10 House=1 BigHouse=1 | nw=1409290.1446
  s=  366 a= 14(BUILD:Road) r= -3.5318 cum=   -248.42 v= +0.1261 top5=[a15=0.030, a33=0.029, a14=0.029, a38=0.028, a19=0.028] [BUILD FAILED: Road money=4377 free=31]
    OBS: year=1 month=3 season=0 money=4377 credit=156954 people=31 busy=0 free=31 home_places=250 need_workers=5 tax_due=1 main_tax_due=0 tax_amount=6826 main_tax_amount=0 days_alive=365 stage=0 res0=0 res1=400 res2=0 res3=0 res4=0 res5=0 res6=0 res7=0 res8=0 Farm=1 Garden=1 Road=10 House=1 BigHouse=1 | nw=1409290.1446
  s=  367 a=  5(BUILD:House) r= -3.5225 cum=   -251.95 v= +0.1259 top5=[a15=0.030, a33=0.029, a14=0.029, a38=0.028, a19=0.028] [BUILD FAILED: House money=4377 free=31]
    OBS: year=1 month=3 season=0 money=4377 credit=156954 people=31 busy=0 free=31 home_places=250 need_workers=5 tax_due=1 main_tax_due=0 tax_amount=6826 main_tax_amount=0 days_alive=365 stage=0 res0=0 res1=400 res2=0 res3=0 res4=0 res5=0 res6=0 res7=0 res8=0 Farm=1 Garden=1 Road=10 House=1 BigHouse=1 | nw=1409290.1446
  s=  368 a= 25(BUILD:SuperHouse) r= -3.5136 cum=   -255.46 v= +0.1258 top5=[a15=0.030, a33=0.029, a14=0.028, a38=0.028, a19=0.028] [BUILD FAILED: SuperHouse money=4377 free=31]
    OBS: year=1 month=3 season=0 money=4377 credit=156954 people=31 busy=0 free=31 home_places=250 need_workers=5 tax_due=1 main_tax_due=0 tax_amount=6826 main_tax_amount=0 days_alive=365 stage=0 res0=0 res1=400 res2=0 res3=0 res4=0 res5=0 res6=0 res7=0 res8=0 Farm=1 Garden=1 Road=10 House=1 BigHouse=1 | nw=1409290.1446
  s=  369 a= 15(BUILD:Fish) r= -3.5049 cum=   -258.97 v= +0.1258 top5=[a15=0.030, a33=0.029, a14=0.028, a38=0.028, a19=0.028] [BUILD FAILED: Fish money=4377 free=31]
    OBS: year=1 month=3 season=0 money=4377 credit=156954 people=31 busy=0 free=31 home_places=250 need_workers=5 tax_due=1 main_tax_due=0 tax_amount=6826 main_tax_amount=0 days_alive=365 stage=0 res0=0 res1=400 res2=0 res3=0 res4=0 res5=0 res6=0 res7=0 res8=0 Farm=1 Garden=1 Road=10 House=1 BigHouse=1 | nw=1409290.1446
  s=  370 a= 39(MANAGER:5) r= -1.1260 cum=   -260.09 v= +0.1258 top5=[a15=0.030, a33=0.029, a14=0.028, a38=0.028, a19=0.028]
    OBS: year=1 month=3 season=0 money=4377 credit=156954 people=31 busy=0 free=31 home_places=310 need_workers=5 tax_due=1 main_tax_due=0 tax_amount=6826 main_tax_amount=0 days_alive=365 stage=0 res0=0 res1=400 res2=0 res3=0 res4=0 res5=0 res6=0 res7=0 res8=0 Farm=1 Garden=1 Road=10 House=1 BigHouse=1 | nw=1409290.1446
  s=  371 a= 26(BUILD:BigSawmill) r= -3.5009 cum=   -263.59 v= +0.1166 top5=[a15=0.031, a14=0.029, a38=0.029, a33=0.028, a19=0.027] [BUILD FAILED: BigSawmill money=4377 free=31]
    OBS: year=1 month=3 season=0 money=4377 credit=156954 people=31 busy=0 free=31 home_places=310 need_workers=5 tax_due=1 main_tax_due=0 tax_amount=6826 main_tax_amount=0 days_alive=365 stage=0 res0=0 res1=400 res2=0 res3=0 res4=0 res5=0 res6=0 res7=0 res8=0 Farm=1 Garden=1 Road=10 House=1 BigHouse=1 | nw=1409290.1446
  s=  372 a= 43(MANAGER:9) r= -3.4927 cum=   -267.09 v= +0.1168 top5=[a15=0.031, a14=0.029, a38=0.028, a33=0.028, a19=0.027]
    OBS: year=1 month=3 season=0 money=4377 credit=156954 people=31 busy=0 free=31 home_places=310 need_workers=5 tax_due=1 main_tax_due=0 tax_amount=6826 main_tax_amount=0 days_alive=365 stage=0 res0=0 res1=400 res2=0 res3=0 res4=0 res5=0 res6=0 res7=0 res8=0 Farm=1 Garden=1 Road=10 House=1 BigHouse=1 | nw=1409290.1446
  s=  373 a= 12(BUILD:PowerStation) r= -2.0318 cum=   -269.12 v= +0.1169 top5=[a15=0.030, a14=0.029, a38=0.028, a33=0.028, a19=0.027] [BUILD FAILED: PowerStation money=3977 free=31]
    OBS: year=1 month=3 season=0 money=3977 credit=156954 people=31 busy=0 free=31 home_places=310 need_workers=5 tax_due=1 main_tax_due=0 tax_amount=6826 main_tax_amount=0 days_alive=365 stage=0 res0=0 res1=400 res2=0 res3=0 res4=0 res5=0 res6=0 res7=0 res8=0 Farm=1 Garden=1 Road=11 House=1 BigHouse=1 | nw=1409290.1446
  s=  374 a=  9(BUILD:Ironmine) r= -3.4865 cum=   -272.60 v= +0.1346 top5=[a15=0.030, a38=0.030, a14=0.029, a33=0.028, a19=0.027] [BUILD FAILED: Ironmine money=3977 free=31]
    OBS: year=1 month=3 season=0 money=3977 credit=156954 people=31 busy=0 free=31 home_places=310 need_workers=5 tax_due=1 main_tax_due=0 tax_amount=6826 main_tax_amount=0 days_alive=365 stage=0 res0=0 res1=400 res2=0 res3=0 res4=0 res5=0 res6=0 res7=0 res8=0 Farm=1 Garden=1 Road=11 House=1 BigHouse=1 | nw=1409290.1446
  s=  375 a= 40(MANAGER:6) r= -2.7596 cum=   -275.36 v= +0.1347 top5=[a15=0.030, a38=0.030, a14=0.029, a33=0.028, a19=0.027]
    OBS: year=1 month=3 season=0 money=4177 credit=156954 people=31 busy=0 free=31 home_places=310 need_workers=5 tax_due=1 main_tax_due=0 tax_amount=6830 main_tax_amount=0 days_alive=365 stage=0 res0=0 res1=200 res2=0 res3=0 res4=0 res5=0 res6=0 res7=0 res8=0 Farm=1 Garden=1 Road=11 House=1 BigHouse=1 | nw=1409290.1446
  s=  376 a= 38(MANAGER:4) r= -1.1197 cum=   -276.48 v= +0.1345 top5=[a15=0.030, a38=0.030, a14=0.029, a33=0.028, a19=0.027]
    OBS: year=1 month=3 season=0 money=4177 credit=156954 people=31 busy=0 free=31 home_places=310 need_workers=0 tax_due=1 main_tax_due=0 tax_amount=6830 main_tax_amount=0 days_alive=365 stage=0 res0=0 res1=200 res2=0 res3=0 res4=0 res5=0 res6=0 res7=0 res8=0 Farm=1 Garden=1 Road=11 House=1 BigHouse=1 | nw=1409290.1446
  s=  377 a= 38(MANAGER:4) r= -1.1211 cum=   -277.60 v= +0.1206 top5=[a15=0.030, a38=0.030, a33=0.028, a14=0.028, a19=0.028]
    OBS: year=1 month=3 season=0 money=4177 credit=156954 people=31 busy=0 free=31 home_places=250 need_workers=0 tax_due=1 main_tax_due=0 tax_amount=6830 main_tax_amount=0 days_alive=365 stage=0 res0=0 res1=200 res2=0 res3=0 res4=0 res5=0 res6=0 res7=0 res8=0 Farm=1 Garden=1 Road=11 House=1 BigHouse=1 | nw=1409290.1446
  s=  378 a=  0(DAY) r= -5.9076 cum=   -283.51 v= +0.1550 top5=[a15=0.029, a38=0.028, a33=0.028, a14=0.028, a19=0.027]
    OBS: year=1 month=3 season=0 money=4177 credit=156954 people=31 busy=0 free=31 home_places=250 need_workers=0 tax_due=1 main_tax_due=0 tax_amount=6830 main_tax_amount=0 days_alive=365 stage=0 res0=0 res1=200 res2=0 res3=0 res4=0 res5=0 res6=0 res7=0 res8=0 Farm=1 Garden=1 Road=11 House=1 BigHouse=1 | nw=1409290.1446
  s=  379 a= 24(BUILD:Hothouse) r= -3.4480 cum=   -286.96 v= +0.1549 top5=[a15=0.029, a38=0.028, a33=0.028, a14=0.028, a19=0.027] [BUILD FAILED: Hothouse money=4177 free=31]
    OBS: year=1 month=3 season=0 money=4177 credit=156954 people=31 busy=0 free=31 home_places=250 need_workers=0 tax_due=1 main_tax_due=0 tax_amount=6830 main_tax_amount=0 days_alive=365 stage=0 res0=0 res1=200 res2=0 res3=0 res4=0 res5=0 res6=0 res7=0 res8=0 Farm=1 Garden=1 Road=11 House=1 BigHouse=1 | nw=1409290.1446
  s=  380 a= 20(BUILD:BigHouse) r= -3.4413 cum=   -290.40 v= +0.1548 top5=[a15=0.029, a38=0.028, a33=0.028, a14=0.028, a19=0.027] [BUILD FAILED: BigHouse money=4177 free=31]
    OBS: year=1 month=3 season=0 money=4177 credit=156954 people=31 busy=0 free=31 home_places=250 need_workers=0 tax_due=1 main_tax_due=0 tax_amount=6830 main_tax_amount=0 days_alive=365 stage=0 res0=0 res1=200 res2=0 res3=0 res4=0 res5=0 res6=0 res7=0 res8=0 Farm=1 Garden=1 Road=11 House=1 BigHouse=1 | nw=1409290.1446
  s=  381 a=  5(BUILD:House) r= -3.4348 cum=   -293.84 v= +0.1547 top5=[a15=0.029, a38=0.028, a33=0.028, a14=0.028, a19=0.027] [BUILD FAILED: House money=4177 free=31]
    OBS: year=1 month=3 season=0 money=4177 credit=156954 people=31 busy=0 free=31 home_places=250 need_workers=0 tax_due=1 main_tax_due=0 tax_amount=6830 main_tax_amount=0 days_alive=365 stage=0 res0=0 res1=200 res2=0 res3=0 res4=0 res5=0 res6=0 res7=0 res8=0 Farm=1 Garden=1 Road=11 House=1 BigHouse=1 | nw=1409290.1446
  s=  382 a=  3(BUILD:Farm) r= -3.4285 cum=   -297.26 v= +0.1545 top5=[a15=0.029, a38=0.028, a33=0.028, a14=0.028, a19=0.027] [BUILD FAILED: Farm money=4177 free=31]
    OBS: year=1 month=3 season=0 money=4177 credit=156954 people=31 busy=0 free=31 home_places=250 need_workers=0 tax_due=1 main_tax_due=0 tax_amount=6830 main_tax_amount=0 days_alive=365 stage=0 res0=0 res1=200 res2=0 res3=0 res4=0 res5=0 res6=0 res7=0 res8=0 Farm=1 Garden=1 Road=11 House=1 BigHouse=1 | nw=1409290.1446
  s=  383 a= 30(BUILD:BigIronmine) r= -3.4223 cum=   -300.69 v= +0.1542 top5=[a15=0.029, a38=0.028, a33=0.028, a14=0.028, a19=0.027] [BUILD FAILED: BigIronmine money=4177 free=31]
    OBS: year=1 month=3 season=0 money=4177 credit=156954 people=31 busy=0 free=31 home_places=250 need_workers=0 tax_due=1 main_tax_due=0 tax_amount=6830 main_tax_amount=0 days_alive=365 stage=0 res0=0 res1=200 res2=0 res3=0 res4=0 res5=0 res6=0 res7=0 res8=0 Farm=1 Garden=1 Road=11 House=1 BigHouse=1 | nw=1409290.1446
  s=  384 a=  0(DAY) r= -5.7903 cum=   -306.48 v= +0.1540 top5=[a15=0.029, a38=0.028, a33=0.028, a14=0.028, a19=0.027]
    OBS: year=1 month=3 season=0 money=4177 credit=156954 people=31 busy=0 free=31 home_places=250 need_workers=0 tax_due=1 main_tax_due=0 tax_amount=6830 main_tax_amount=0 days_alive=365 stage=0 res0=0 res1=200 res2=0 res3=0 res4=0 res5=0 res6=0 res7=0 res8=0 Farm=1 Garden=1 Road=11 House=1 BigHouse=1 | nw=1409290.1446
  s=  385 a= 18(BUILD:CowFarm) r= -3.3841 cum=   -309.86 v= +0.1538 top5=[a15=0.028, a38=0.028, a33=0.028, a14=0.027, a19=0.027] [BUILD FAILED: CowFarm money=4177 free=31]
    OBS: year=1 month=3 season=0 money=4177 credit=156954 people=31 busy=0 free=31 home_places=250 need_workers=0 tax_due=1 main_tax_due=0 tax_amount=6830 main_tax_amount=0 days_alive=365 stage=0 res0=0 res1=200 res2=0 res3=0 res4=0 res5=0 res6=0 res7=0 res8=0 Farm=1 Garden=1 Road=11 House=1 BigHouse=1 | nw=1409290.1446
  s=  386 a= 38(MANAGER:4) r= -1.0881 cum=   -310.95 v= +0.1537 top5=[a15=0.028, a38=0.028, a33=0.028, a14=0.027, a19=0.027]
    OBS: year=1 month=3 season=0 money=4177 credit=156954 people=31 busy=0 free=31 home_places=50 need_workers=0 tax_due=1 main_tax_due=0 tax_amount=6830 main_tax_amount=0 days_alive=365 stage=0 res0=0 res1=200 res2=0 res3=0 res4=0 res5=0 res6=0 res7=0 res8=0 Farm=1 Garden=1 Road=11 House=1 BigHouse=1 | nw=1409290.1446
  s=  387 a= 23(BUILD:Torchlight) r= -3.3831 cum=   -314.33 v= +0.2587 top5=[a15=0.028, a19=0.027, a33=0.027, a14=0.027, a26=0.026] [BUILD FAILED: Torchlight money=4177 free=31]
    OBS: year=1 month=3 season=0 money=4177 credit=156954 people=31 busy=0 free=31 home_places=50 need_workers=0 tax_due=1 main_tax_due=0 tax_amount=6830 main_tax_amount=0 days_alive=365 stage=0 res0=0 res1=200 res2=0 res3=0 res4=0 res5=0 res6=0 res7=0 res8=0 Farm=1 Garden=1 Road=11 House=1 BigHouse=1 | nw=1409290.1446
  s=  388 a= 36(MANAGER:2) r= -3.3779 cum=   -317.71 v= +0.2591 top5=[a15=0.028, a19=0.027, a33=0.027, a14=0.027, a26=0.026]
    OBS: year=1 month=3 season=0 money=4177 credit=156954 people=31 busy=0 free=31 home_places=50 need_workers=0 tax_due=1 main_tax_due=0 tax_amount=6830 main_tax_amount=0 days_alive=365 stage=0 res0=0 res1=200 res2=0 res3=0 res4=0 res5=0 res6=0 res7=0 res8=0 Farm=1 Garden=1 Road=11 House=1 BigHouse=1 | nw=1409290.1446
  s=  389 a= 12(BUILD:PowerStation) r= -1.9666 cum=   -319.68 v= +0.2595 top5=[a15=0.028, a19=0.027, a33=0.027, a14=0.027, a26=0.026] [BUILD FAILED: PowerStation money=3777 free=31]
    OBS: year=1 month=3 season=0 money=3777 credit=156954 people=31 busy=0 free=31 home_places=50 need_workers=0 tax_due=1 main_tax_due=0 tax_amount=6830 main_tax_amount=0 days_alive=365 stage=0 res0=0 res1=200 res2=0 res3=0 res4=0 res5=0 res6=0 res7=0 res8=0 Farm=1 Garden=1 Road=12 House=1 BigHouse=1 | nw=1409290.1446
  s=  390 a= 21(BUILD:BigFarm) r= -3.3754 cum=   -323.05 v= +0.2968 top5=[a15=0.029, a19=0.028, a14=0.028, a26=0.027, a33=0.027] [BUILD FAILED: BigFarm money=3777 free=31]
    OBS: year=1 month=3 season=0 money=3777 credit=156954 people=31 busy=0 free=31 home_places=50 need_workers=0 tax_due=1 main_tax_due=0 tax_amount=6830 main_tax_amount=0 days_alive=365 stage=0 res0=0 res1=200 res2=0 res3=0 res4=0 res5=0 res6=0 res7=0 res8=0 Farm=1 Garden=1 Road=12 House=1 BigHouse=1 | nw=1409290.1446
  s=  391 a= 33(BUILD:AtomStation) r= -3.3705 cum=   -326.42 v= +0.2966 top5=[a15=0.029, a19=0.028, a14=0.028, a26=0.027, a33=0.027] [BUILD FAILED: AtomStation money=3777 free=31]
    OBS: year=1 month=3 season=0 money=3777 credit=156954 people=31 busy=0 free=31 home_places=50 need_workers=0 tax_due=1 main_tax_due=0 tax_amount=6830 main_tax_amount=0 days_alive=365 stage=0 res0=0 res1=200 res2=0 res3=0 res4=0 res5=0 res6=0 res7=0 res8=0 Farm=1 Garden=1 Road=12 House=1 BigHouse=1 | nw=1409290.1446
  s=  392 a= 13(BUILD:HydroStation) r= -3.3657 cum=   -329.79 v= +0.2964 top5=[a15=0.029, a19=0.028, a14=0.028, a26=0.027, a33=0.027] [BUILD FAILED: HydroStation money=3777 free=31]
    OBS: year=1 month=3 season=0 money=3777 credit=156954 people=31 busy=0 free=31 home_places=50 need_workers=0 tax_due=1 main_tax_due=0 tax_amount=6830 main_tax_amount=0 days_alive=365 stage=0 res0=0 res1=200 res2=0 res3=0 res4=0 res5=0 res6=0 res7=0 res8=0 Farm=1 Garden=1 Road=12 House=1 BigHouse=1 | nw=1409290.1446
  s=  393 a= 16(BUILD:CoalCut) r= -3.3611 cum=   -333.15 v= +0.2962 top5=[a15=0.029, a19=0.028, a14=0.028, a26=0.027, a33=0.027] [BUILD FAILED: CoalCut money=3777 free=31]
    OBS: year=1 month=3 season=0 money=3777 credit=156954 people=31 busy=0 free=31 home_places=50 need_workers=0 tax_due=1 main_tax_due=0 tax_amount=6830 main_tax_amount=0 days_alive=365 stage=0 res0=0 res1=200 res2=0 res3=0 res4=0 res5=0 res6=0 res7=0 res8=0 Farm=1 Garden=1 Road=12 House=1 BigHouse=1 | nw=1409290.1446
  s=  394 a= 40(MANAGER:6) r= -3.3566 cum=   -336.51 v= +0.2959 top5=[a15=0.029, a19=0.028, a14=0.028, a26=0.027, a33=0.027]
    OBS: year=1 month=3 season=0 money=3777 credit=156954 people=31 busy=0 free=31 home_places=50 need_workers=0 tax_due=1 main_tax_due=0 tax_amount=6830 main_tax_amount=0 days_alive=365 stage=0 res0=0 res1=200 res2=0 res3=0 res4=0 res5=0 res6=0 res7=0 res8=0 Farm=1 Garden=1 Road=12 House=1 BigHouse=1 | nw=1409290.1446
  s=  395 a= 38(MANAGER:4) r= -3.3522 cum=   -339.86 v= +0.2956 top5=[a15=0.029, a19=0.028, a14=0.028, a26=0.027, a33=0.027]
    OBS: year=1 month=3 season=0 money=3777 credit=156954 people=31 busy=0 free=31 home_places=50 need_workers=0 tax_due=1 main_tax_due=0 tax_amount=6830 main_tax_amount=0 days_alive=365 stage=0 res0=0 res1=200 res2=0 res3=0 res4=0 res5=0 res6=0 res7=0 res8=0 Farm=1 Garden=1 Road=12 House=1 BigHouse=1 | nw=1409290.1446
  s=  396 a= 23(BUILD:Torchlight) r= -3.3479 cum=   -343.21 v= +0.2953 top5=[a15=0.029, a19=0.028, a14=0.028, a26=0.027, a33=0.027] [BUILD FAILED: Torchlight money=3777 free=31]
    OBS: year=1 month=3 season=0 money=3777 credit=156954 people=31 busy=0 free=31 home_places=50 need_workers=0 tax_due=1 main_tax_due=0 tax_amount=6830 main_tax_amount=0 days_alive=365 stage=0 res0=0 res1=200 res2=0 res3=0 res4=0 res5=0 res6=0 res7=0 res8=0 Farm=1 Garden=1 Road=12 House=1 BigHouse=1 | nw=1409290.1446
  s=  397 a=  8(BUILD:Coalmine) r= -3.3437 cum=   -346.55 v= +0.2950 top5=[a15=0.029, a19=0.028, a14=0.028, a26=0.027, a33=0.027] [BUILD FAILED: Coalmine money=3777 free=31]
    OBS: year=1 month=3 season=0 money=3777 credit=156954 people=31 busy=0 free=31 home_places=50 need_workers=0 tax_due=1 main_tax_due=0 tax_amount=6830 main_tax_amount=0 days_alive=365 stage=0 res0=0 res1=200 res2=0 res3=0 res4=0 res5=0 res6=0 res7=0 res8=0 Farm=1 Garden=1 Road=12 House=1 BigHouse=1 | nw=1409290.1446
  s=  398 a= 18(BUILD:CowFarm) r= -5.6604 cum=   -352.21 v= +0.2948 top5=[a15=0.029, a19=0.028, a14=0.028, a26=0.027, a33=0.027] [BUILD FAILED: CowFarm money=82000 free=28]
    OBS: year=0 month=3 season=0 money=82000 credit=0 people=28 busy=0 free=28 home_places=50 need_workers=0 tax_due=0 main_tax_due=0 tax_amount=5106 main_tax_amount=0 days_alive=0 stage=0 res0=0 res1=0 res2=0 res3=0 res4=0 res5=0 res6=0 res7=0 res8=0 | nw=1532000.0000
  >>> Ep 1: reward=-352.21, steps=399
  >>> final: year=0 month=3 season=0 money=82000 credit=0 people=28 busy=0 free=28 home_places=50 need_workers=0 tax_due=0 main_tax_due=0 tax_amount=5106 main_tax_amount=0 days_alive=0 stage=0 res0=0 res1=0 res2=0 res3=0 res4=0 res5=0 res6=0 res7=0 res8=0 | nw=1532000.0000
======================================================================
EPISODE 2
======================================================================
init: year=0 month=3 season=0 money=82000 credit=0 people=28 busy=0 free=28 home_places=50 need_workers=0 tax_due=0 main_tax_due=0 tax_amount=5106 main_tax_amount=0 days_alive=0 stage=0 res0=0 res1=0 res2=0 res3=0 res4=0 res5=0 res6=0 res7=0 res8=0 | nw=1532000.0000
  s=    0 a= 39(MANAGER:5) r= -0.3370 cum=     -0.34 v= +0.0290 top5=[a39=0.041, a29=0.037, a27=0.037, a19=0.036, a22=0.031]
    OBS: year=0 month=3 season=0 money=82000 credit=0 people=28 busy=0 free=28 home_places=50 need_workers=0 tax_due=0 main_tax_due=0 tax_amount=5106 main_tax_amount=0 days_alive=1 stage=0 res0=0 res1=0 res2=0 res3=0 res4=0 res5=0 res6=0 res7=0 res8=0 | nw=1532000.0000
  s=    1 a= 34(MANAGER:0) r= -5.6225 cum=     -5.96 v= +0.0346 top5=[a39=0.040, a29=0.037, a27=0.037, a19=0.036, a22=0.031]
    OBS: year=0 month=3 season=0 money=49003 credit=0 people=28 busy=0 free=28 home_places=50 need_workers=0 tax_due=0 main_tax_due=0 tax_amount=5106 main_tax_amount=0 days_alive=2 stage=0 res0=0 res1=0 res2=0 res3=0 res4=0 res5=0 res6=0 res7=0 res8=0 | nw=1499003.0000
  s=    2 a= 41(MANAGER:7) r= -0.0000 cum=     -5.96 v= +0.0400 top5=[a39=0.038, a29=0.035, a27=0.034, a19=0.032, a22=0.031]
    OBS: year=0 month=3 season=0 money=48203 credit=0 people=28 busy=0 free=28 home_places=50 need_workers=0 tax_due=0 main_tax_due=0 tax_amount=5114 main_tax_amount=0 days_alive=3 stage=0 res0=0 res1=400 res2=0 res3=0 res4=0 res5=0 res6=0 res7=0 res8=0 | nw=1498603.0000
  s=    3 a= 16(BUILD:CoalCut) r= -0.3351 cum=     -6.29 v= +0.1845 top5=[a39=0.040, a25=0.035, a22=0.033, a44=0.030, a15=0.030] [BUILD: CoalCut]
    OBS: year=0 month=3 season=0 money=48203 credit=0 people=28 busy=0 free=28 home_places=50 need_workers=0 tax_due=0 main_tax_due=0 tax_amount=5114 main_tax_amount=0 days_alive=4 stage=0 res0=0 res1=400 res2=0 res3=0 res4=0 res5=0 res6=0 res7=0 res8=0 | nw=1498603.0000
  s=    4 a=  1(WEEK) r= +0.2237 cum=     -6.07 v= +0.1830 top5=[a39=0.039, a25=0.034, a22=0.033, a44=0.030, a15=0.030]
    OBS: year=0 month=3 season=0 money=48203 credit=0 people=28 busy=0 free=28 home_places=50 need_workers=0 tax_due=0 main_tax_due=0 tax_amount=5114 main_tax_amount=0 days_alive=11 stage=0 res0=0 res1=400 res2=0 res3=0 res4=0 res5=0 res6=0 res7=0 res8=0 | nw=1498603.0000
  s=    5 a= 29(BUILD:Puerperal) r= +3.4637 cum=     -2.61 v= +0.1979 top5=[a39=0.041, a25=0.034, a22=0.034, a29=0.030, a44=0.030] [BUILD: Puerperal]
    OBS: year=0 month=3 season=0 money=11098 credit=0 people=28 busy=0 free=28 home_places=50 need_workers=0 tax_due=0 main_tax_due=0 tax_amount=5534 main_tax_amount=0 days_alive=12 stage=0 res0=0 res1=400 res2=0 res3=0 res4=0 res5=0 res6=0 res7=0 res8=0 Puerperal=1 | nw=1498603.0000
  s=    6 a= 43(MANAGER:9) r= -0.3338 cum=     -2.94 v= +0.1620 top5=[a39=0.034, a25=0.032, a29=0.031, a33=0.031, a32=0.028]
    OBS: year=0 month=3 season=0 money=11098 credit=0 people=28 busy=0 free=28 home_places=50 need_workers=0 tax_due=0 main_tax_due=0 tax_amount=5534 main_tax_amount=0 days_alive=13 stage=0 res0=0 res1=400 res2=0 res3=0 res4=0 res5=0 res6=0 res7=0 res8=0 Puerperal=1 | nw=1498603.0000
  s=    7 a= 18(BUILD:CowFarm) r= -0.3341 cum=     -3.28 v= +0.1601 top5=[a39=0.034, a25=0.032, a29=0.031, a33=0.031, a32=0.028] [BUILD: CowFarm]
    OBS: year=0 month=3 season=0 money=11098 credit=0 people=28 busy=0 free=28 home_places=50 need_workers=0 tax_due=0 main_tax_due=0 tax_amount=5534 main_tax_amount=0 days_alive=14 stage=0 res0=0 res1=400 res2=0 res3=0 res4=0 res5=0 res6=0 res7=0 res8=0 Puerperal=1 | nw=1498603.0000
  s=    8 a= 29(BUILD:Puerperal) r= -0.3345 cum=     -3.61 v= +0.1582 top5=[a39=0.035, a25=0.031, a29=0.031, a33=0.031, a32=0.028] [BUILD: Puerperal]
    OBS: year=0 month=3 season=0 money=11098 credit=0 people=28 busy=0 free=28 home_places=50 need_workers=0 tax_due=0 main_tax_due=0 tax_amount=5534 main_tax_amount=0 days_alive=15 stage=0 res0=0 res1=400 res2=0 res3=0 res4=0 res5=0 res6=0 res7=0 res8=0 Puerperal=1 | nw=1498603.0000
  s=    9 a= 11(BUILD:Goldmine) r= -0.3349 cum=     -3.94 v= +0.1564 top5=[a39=0.035, a25=0.031, a29=0.031, a33=0.030, a32=0.028] [BUILD: Goldmine]
    OBS: year=0 month=3 season=0 money=11098 credit=0 people=28 busy=0 free=28 home_places=50 need_workers=0 tax_due=0 main_tax_due=0 tax_amount=5534 main_tax_amount=0 days_alive=16 stage=0 res0=0 res1=400 res2=0 res3=0 res4=0 res5=0 res6=0 res7=0 res8=0 Puerperal=1 | nw=1498603.0000
  s=   10 a= 41(MANAGER:7) r= -0.3353 cum=     -4.28 v= +0.1545 top5=[a39=0.035, a25=0.031, a29=0.031, a33=0.030, a32=0.028]
    OBS: year=0 month=3 season=0 money=11098 credit=0 people=28 busy=0 free=28 home_places=50 need_workers=0 tax_due=0 main_tax_due=0 tax_amount=5534 main_tax_amount=0 days_alive=17 stage=0 res0=0 res1=400 res2=0 res3=0 res4=0 res5=0 res6=0 res7=0 res8=0 Puerperal=1 | nw=1498603.0000
  s=   11 a= 16(BUILD:CoalCut) r= -0.3356 cum=     -4.62 v= +0.1524 top5=[a39=0.035, a25=0.031, a29=0.031, a33=0.030, a32=0.028] [BUILD: CoalCut]
    OBS: year=0 month=3 season=0 money=11098 credit=0 people=28 busy=0 free=28 home_places=50 need_workers=0 tax_due=0 main_tax_due=0 tax_amount=5534 main_tax_amount=0 days_alive=18 stage=0 res0=0 res1=400 res2=0 res3=0 res4=0 res5=0 res6=0 res7=0 res8=0 Puerperal=1 | nw=1498603.0000
  s=   12 a= 17(BUILD:HuntingLand) r= -0.3360 cum=     -4.95 v= +0.1503 top5=[a39=0.035, a29=0.031, a25=0.031, a33=0.030, a5=0.027] [BUILD: HuntingLand]
    OBS: year=0 month=3 season=0 money=11098 credit=0 people=28 busy=0 free=28 home_places=50 need_workers=0 tax_due=0 main_tax_due=0 tax_amount=5534 main_tax_amount=0 days_alive=19 stage=0 res0=0 res1=400 res2=0 res3=0 res4=0 res5=0 res6=0 res7=0 res8=0 Puerperal=1 | nw=1498603.0000
  s=   13 a=  5(BUILD:House) r= -0.3364 cum=     -5.29 v= +0.1478 top5=[a39=0.036, a29=0.031, a25=0.031, a33=0.030, a5=0.027] [BUILD: House]
    OBS: year=0 month=3 season=0 money=11098 credit=0 people=28 busy=0 free=28 home_places=50 need_workers=0 tax_due=0 main_tax_due=0 tax_amount=5534 main_tax_amount=0 days_alive=20 stage=0 res0=0 res1=400 res2=0 res3=0 res4=0 res5=0 res6=0 res7=0 res8=0 Puerperal=1 | nw=1498603.0000
  s=   14 a= 24(BUILD:Hothouse) r= -0.3367 cum=     -5.62 v= +0.1464 top5=[a39=0.036, a29=0.031, a25=0.031, a33=0.030, a5=0.028] [BUILD: Hothouse]
    OBS: year=0 month=3 season=0 money=11098 credit=0 people=28 busy=0 free=28 home_places=50 need_workers=0 tax_due=0 main_tax_due=0 tax_amount=5534 main_tax_amount=0 days_alive=21 stage=0 res0=0 res1=400 res2=0 res3=0 res4=0 res5=0 res6=0 res7=0 res8=0 Puerperal=1 | nw=1498603.0000
  s=   15 a=  4(BUILD:Garden) r= -0.1322 cum=     -5.76 v= +0.1446 top5=[a39=0.036, a29=0.031, a25=0.030, a33=0.030, a5=0.028] [BUILD: Garden]
    OBS: year=0 month=3 season=0 money=11098 credit=0 people=28 busy=0 free=28 home_places=50 need_workers=0 tax_due=0 main_tax_due=0 tax_amount=5534 main_tax_amount=0 days_alive=22 stage=0 res0=0 res1=400 res2=0 res3=0 res4=0 res5=0 res6=0 res7=0 res8=0 Puerperal=1 | nw=1498603.0000
  s=   16 a= 38(MANAGER:4) r= +1.9122 cum=     -3.84 v= +0.1425 top5=[a39=0.036, a29=0.031, a25=0.030, a33=0.030, a5=0.028]
    OBS: year=0 month=3 season=0 money=11098 credit=0 people=28 busy=0 free=28 home_places=50 need_workers=0 tax_due=0 main_tax_due=0 tax_amount=5534 main_tax_amount=0 days_alive=23 stage=0 res0=0 res1=400 res2=0 res3=0 res4=0 res5=0 res6=0 res7=0 res8=0 Puerperal=1 | nw=1498603.0000
  s=   17 a= 11(BUILD:Goldmine) r= -0.3369 cum=     -4.18 v= +0.1347 top5=[a39=0.036, a29=0.032, a25=0.030, a33=0.029, a5=0.028] [BUILD: Goldmine]
    OBS: year=0 month=3 season=0 money=11098 credit=0 people=28 busy=0 free=28 home_places=50 need_workers=0 tax_due=0 main_tax_due=0 tax_amount=5534 main_tax_amount=0 days_alive=24 stage=0 res0=0 res1=400 res2=0 res3=0 res4=0 res5=0 res6=0 res7=0 res8=0 Puerperal=1 | nw=1498603.0000
  s=   18 a= 11(BUILD:Goldmine) r= -0.3372 cum=     -4.52 v= +0.1326 top5=[a39=0.036, a29=0.032, a25=0.029, a33=0.029, a5=0.028] [BUILD: Goldmine]
    OBS: year=0 month=3 season=0 money=11098 credit=0 people=28 busy=0 free=28 home_places=50 need_workers=0 tax_due=0 main_tax_due=0 tax_amount=5534 main_tax_amount=0 days_alive=25 stage=0 res0=0 res1=400 res2=0 res3=0 res4=0 res5=0 res6=0 res7=0 res8=0 Puerperal=1 | nw=1498603.0000
  s=   19 a= 21(BUILD:BigFarm) r= -0.3376 cum=     -4.86 v= +0.1310 top5=[a39=0.036, a29=0.032, a25=0.029, a33=0.029, a5=0.028] [BUILD: BigFarm]
    OBS: year=0 month=3 season=0 money=11098 credit=0 people=28 busy=0 free=28 home_places=50 need_workers=0 tax_due=0 main_tax_due=0 tax_amount=5534 main_tax_amount=0 days_alive=26 stage=0 res0=0 res1=400 res2=0 res3=0 res4=0 res5=0 res6=0 res7=0 res8=0 Puerperal=1 | nw=1498603.0000
  s=   20 a= 23(BUILD:Torchlight) r= -0.3380 cum=     -5.19 v= +0.1286 top5=[a39=0.036, a29=0.032, a25=0.029, a33=0.029, a5=0.028] [BUILD: Torchlight]
    OBS: year=0 month=3 season=0 money=11098 credit=0 people=28 busy=0 free=28 home_places=50 need_workers=0 tax_due=0 main_tax_due=0 tax_amount=5534 main_tax_amount=0 days_alive=27 stage=0 res0=0 res1=400 res2=0 res3=0 res4=0 res5=0 res6=0 res7=0 res8=0 Puerperal=1 | nw=1498603.0000
  s=   21 a= 10(BUILD:Refinery) r= -0.3383 cum=     -5.53 v= +0.1260 top5=[a39=0.037, a29=0.032, a25=0.029, a33=0.029, a5=0.028] [BUILD: Refinery]
    OBS: year=0 month=3 season=0 money=11098 credit=0 people=28 busy=0 free=28 home_places=50 need_workers=0 tax_due=0 main_tax_due=0 tax_amount=5534 main_tax_amount=0 days_alive=28 stage=0 res0=0 res1=400 res2=0 res3=0 res4=0 res5=0 res6=0 res7=0 res8=0 Puerperal=1 | nw=1498603.0000
  s=   22 a= 20(BUILD:BigHouse) r= -0.3387 cum=     -5.87 v= +0.1228 top5=[a39=0.037, a29=0.032, a25=0.029, a33=0.029, a5=0.028] [BUILD: BigHouse]
    OBS: year=0 month=3 season=0 money=11098 credit=0 people=28 busy=0 free=28 home_places=50 need_workers=0 tax_due=0 main_tax_due=0 tax_amount=5534 main_tax_amount=0 days_alive=29 stage=0 res0=0 res1=400 res2=0 res3=0 res4=0 res5=0 res6=0 res7=0 res8=0 Puerperal=1 | nw=1498603.0000
  s=   23 a= 20(BUILD:BigHouse) r= -0.3391 cum=     -6.21 v= +0.1197 top5=[a39=0.037, a29=0.031, a25=0.029, a33=0.029, a5=0.028] [BUILD: BigHouse]
    OBS: year=0 month=3 season=0 money=11098 credit=0 people=28 busy=0 free=28 home_places=50 need_workers=0 tax_due=0 main_tax_due=0 tax_amount=5534 main_tax_amount=0 days_alive=30 stage=0 res0=0 res1=400 res2=0 res3=0 res4=0 res5=0 res6=0 res7=0 res8=0 Puerperal=1 | nw=1498603.0000
  s=   24 a= 42(MANAGER:8) r= +0.0280 cum=     -6.18 v= +0.1165 top5=[a39=0.037, a29=0.031, a25=0.029, a33=0.029, a5=0.029]
    OBS: year=0 month=4 season=0 money=61098 credit=50100 people=28 busy=0 free=28 home_places=50 need_workers=0 tax_due=0 main_tax_due=0 tax_amount=5534 main_tax_amount=0 days_alive=31 stage=0 res0=0 res1=400 res2=0 res3=0 res4=0 res5=0 res6=0 res7=0 res8=0 Puerperal=1 | nw=1498503.0000
  s=   25 a=  5(BUILD:House) r= -0.5385 cum=     -6.72 v= +0.1806 top5=[a29=0.035, a33=0.032, a11=0.031, a39=0.030, a32=0.028] [BUILD: House]
    OBS: year=0 month=4 season=0 money=61098 credit=50200 people=28 busy=0 free=28 home_places=50 need_workers=0 tax_due=0 main_tax_due=0 tax_amount=5534 main_tax_amount=0 days_alive=32 stage=0 res0=0 res1=400 res2=0 res3=0 res4=0 res5=0 res6=0 res7=0 res8=0 Puerperal=1 | nw=1498403.0000
  s=   26 a= 35(MANAGER:1) r= -0.5394 cum=     -7.26 v= +0.1764 top5=[a29=0.035, a33=0.032, a11=0.031, a39=0.030, a32=0.028]
    OBS: year=0 month=4 season=0 money=61098 credit=50300 people=28 busy=0 free=28 home_places=50 need_workers=0 tax_due=0 main_tax_due=0 tax_amount=5534 main_tax_amount=0 days_alive=33 stage=0 res0=0 res1=400 res2=0 res3=0 res4=0 res5=0 res6=0 res7=0 res8=0 Puerperal=1 | nw=1498303.0000
  s=   27 a= 32(BUILD:SmallAtomStation) r= -0.5403 cum=     -7.80 v= +0.1723 top5=[a29=0.035, a33=0.032, a11=0.031, a39=0.030, a32=0.028] [BUILD: SmallAtomStation]
    OBS: year=0 month=4 season=0 money=61098 credit=50400 people=28 busy=0 free=28 home_places=50 need_workers=0 tax_due=0 main_tax_due=0 tax_amount=5534 main_tax_amount=0 days_alive=34 stage=0 res0=0 res1=400 res2=0 res3=0 res4=0 res5=0 res6=0 res7=0 res8=0 Puerperal=1 | nw=1498203.0000
  s=   28 a= 29(BUILD:Puerperal) r= -1.2355 cum=     -9.04 v= +0.1569 top5=[a29=0.034, a33=0.032, a39=0.031, a11=0.030, a32=0.028] [BUILD FAILED: Puerperal money=23993 free=28]
    OBS: year=0 month=4 season=0 money=23993 credit=50500 people=28 busy=0 free=28 home_places=50 need_workers=0 tax_due=0 main_tax_due=0 tax_amount=5954 main_tax_amount=0 days_alive=35 stage=0 res0=0 res1=400 res2=0 res3=0 res4=0 res5=0 res6=0 res7=0 res8=0 Puerperal=2 | nw=1498091.5321
  s=   29 a= 29(BUILD:Puerperal) r= -0.5470 cum=     -9.58 v= +0.2370 top5=[a33=0.032, a39=0.031, a25=0.030, a29=0.030, a32=0.028] [BUILD: Puerperal]
    OBS: year=0 month=4 season=0 money=23993 credit=50601 people=28 busy=0 free=28 home_places=50 need_workers=0 tax_due=0 main_tax_due=0 tax_amount=5954 main_tax_amount=0 days_alive=36 stage=0 res0=0 res1=400 res2=0 res3=0 res4=0 res5=0 res6=0 res7=0 res8=0 Puerperal=2 | nw=1497982.8868
  s=   30 a= 15(BUILD:Fish) r= -0.5457 cum=    -10.13 v= +0.2319 top5=[a33=0.032, a39=0.031, a25=0.030, a29=0.030, a32=0.028] [BUILD: Fish]
    OBS: year=0 month=4 season=0 money=23993 credit=50702 people=28 busy=0 free=28 home_places=50 need_workers=0 tax_due=0 main_tax_due=0 tax_amount=5954 main_tax_amount=0 days_alive=37 stage=0 res0=0 res1=400 res2=0 res3=0 res4=0 res5=0 res6=0 res7=0 res8=0 Puerperal=2 | nw=1497878.0642
  s=   31 a=  8(BUILD:Coalmine) r= -0.5466 cum=    -10.68 v= +0.2278 top5=[a33=0.032, a39=0.031, a25=0.030, a29=0.030, a32=0.028] [BUILD: Coalmine]
    OBS: year=0 month=4 season=0 money=23993 credit=50803 people=28 busy=0 free=28 home_places=50 need_workers=0 tax_due=0 main_tax_due=0 tax_amount=5954 main_tax_amount=0 days_alive=38 stage=0 res0=0 res1=400 res2=0 res3=0 res4=0 res5=0 res6=0 res7=0 res8=0 Puerperal=2 | nw=1497773.2416
  s=   32 a= 33(BUILD:AtomStation) r= -0.5497 cum=    -11.23 v= +0.2237 top5=[a33=0.032, a39=0.031, a25=0.030, a29=0.030, a32=0.028] [BUILD: AtomStation]
    OBS: year=0 month=4 season=0 money=23993 credit=50904 people=28 busy=0 free=28 home_places=50 need_workers=0 tax_due=0 main_tax_due=0 tax_amount=5954 main_tax_amount=0 days_alive=39 stage=0 res0=0 res1=400 res2=0 res3=0 res4=0 res5=0 res6=0 res7=0 res8=0 Puerperal=2 | nw=1497664.5963
  s=   33 a= 13(BUILD:HydroStation) r= +0.0779 cum=    -11.15 v= +0.2201 top5=[a33=0.032, a39=0.031, a25=0.030, a29=0.030, a32=0.028] [BUILD: HydroStation]
    OBS: year=0 month=4 season=0 money=9955 credit=51005 people=28 busy=0 free=28 home_places=50 need_workers=0 tax_due=0 main_tax_due=0 tax_amount=6374 main_tax_amount=0 days_alive=40 stage=0 res0=0 res1=400 res2=0 res3=0 res4=0 res5=0 res6=0 res7=0 res8=0 House=1 Puerperal=2 | nw=1497559.7737
  s=   34 a=  9(BUILD:Ironmine) r= -0.5498 cum=    -11.70 v= +0.2183 top5=[a39=0.032, a33=0.031, a25=0.028, a32=0.027, a15=0.027] [BUILD: Ironmine]
    OBS: year=0 month=4 season=0 money=9955 credit=51107 people=28 busy=0 free=28 home_places=50 need_workers=0 tax_due=0 main_tax_due=0 tax_amount=6374 main_tax_amount=0 days_alive=41 stage=0 res0=0 res1=400 res2=0 res3=0 res4=0 res5=0 res6=0 res7=0 res8=0 House=1 Puerperal=2 | nw=1497453.9511
  s=   35 a= 26(BUILD:BigSawmill) r= -0.5529 cum=    -12.25 v= +0.2093 top5=[a39=0.032, a33=0.031, a25=0.028, a32=0.027, a15=0.027] [BUILD: BigSawmill]
    OBS: year=0 month=4 season=0 money=9955 credit=51209 people=28 busy=0 free=28 home_places=50 need_workers=0 tax_due=0 main_tax_due=0 tax_amount=6374 main_tax_amount=0 days_alive=42 stage=0 res0=0 res1=400 res2=0 res3=0 res4=0 res5=0 res6=0 res7=0 res8=0 House=1 Puerperal=2 | nw=1497344.3058
  s=   36 a= 10(BUILD:Refinery) r= -0.5538 cum=    -12.80 v= +0.2005 top5=[a39=0.032, a33=0.030, a25=0.028, a15=0.027, a32=0.027] [BUILD: Refinery]
    OBS: year=0 month=4 season=0 money=9955 credit=51311 people=28 busy=0 free=28 home_places=50 need_workers=0 tax_due=0 main_tax_due=0 tax_amount=6374 main_tax_amount=0 days_alive=43 stage=0 res0=0 res1=400 res2=0 res3=0 res4=0 res5=0 res6=0 res7=0 res8=0 House=1 Puerperal=2 | nw=1497234.6605
  s=   37 a= 15(BUILD:Fish) r= -0.5547 cum=    -13.36 v= +0.1916 top5=[a39=0.032, a33=0.030, a25=0.028, a15=0.027, a32=0.027] [BUILD: Fish]
    OBS: year=0 month=4 season=0 money=9955 credit=51413 people=28 busy=0 free=28 home_places=50 need_workers=0 tax_due=0 main_tax_due=0 tax_amount=6374 main_tax_amount=0 days_alive=44 stage=0 res0=0 res1=400 res2=0 res3=0 res4=0 res5=0 res6=0 res7=0 res8=0 House=1 Puerperal=2 | nw=1497125.0153
  s=   38 a= 13(BUILD:HydroStation) r= -0.5556 cum=    -13.91 v= +0.1827 top5=[a39=0.032, a33=0.030, a25=0.028, a15=0.027, a32=0.027] [BUILD: HydroStation]
    OBS: year=0 month=4 season=0 money=9955 credit=51515 people=28 busy=0 free=28 home_places=50 need_workers=0 tax_due=0 main_tax_due=0 tax_amount=6374 main_tax_amount=0 days_alive=45 stage=0 res0=0 res1=400 res2=0 res3=0 res4=0 res5=0 res6=0 res7=0 res8=0 House=1 Puerperal=2 | nw=1497015.3700
  s=   39 a= 25(BUILD:SuperHouse) r= -0.5571 cum=    -14.47 v= +0.1739 top5=[a39=0.033, a33=0.030, a25=0.028, a15=0.027, a32=0.027] [BUILD: SuperHouse]
    OBS: year=0 month=4 season=0 money=9955 credit=51618 people=28 busy=0 free=28 home_places=50 need_workers=0 tax_due=0 main_tax_due=0 tax_amount=6374 main_tax_amount=0 days_alive=46 stage=0 res0=0 res1=400 res2=0 res3=0 res4=0 res5=0 res6=0 res7=0 res8=0 House=1 Puerperal=2 | nw=1496904.7248
  s=   40 a= 25(BUILD:SuperHouse) r= -0.5558 cum=    -15.03 v= +0.1650 top5=[a39=0.033, a33=0.030, a25=0.027, a15=0.027, a32=0.027] [BUILD: SuperHouse]
    OBS: year=0 month=4 season=0 money=9955 credit=51721 people=28 busy=0 free=28 home_places=50 need_workers=0 tax_due=0 main_tax_due=0 tax_amount=6374 main_tax_amount=0 days_alive=47 stage=0 res0=0 res1=400 res2=0 res3=0 res4=0 res5=0 res6=0 res7=0 res8=0 House=1 Puerperal=2 | nw=1496797.9021
  s=   41 a= 39(MANAGER:5) r= +5.7633 cum=     -9.26 v= +0.1577 top5=[a39=0.033, a33=0.030, a25=0.027, a15=0.027, a32=0.027]
    OBS: year=0 month=4 season=0 money=9955 credit=51824 people=28 busy=3 free=25 home_places=50 need_workers=3 tax_due=0 main_tax_due=0 tax_amount=6374 main_tax_amount=0 days_alive=48 stage=0 res0=0 res1=400 res2=0 res3=0 res4=0 res5=0 res6=0 res7=0 res8=0 House=1 Puerperal=2 | nw=1496687.2569
  s=   42 a= 11(BUILD:Goldmine) r= -0.5531 cum=     -9.82 v= +0.1998 top5=[a39=0.033, a33=0.032, a12=0.028, a15=0.028, a32=0.027] [BUILD: Goldmine]
    OBS: year=0 month=4 season=0 money=9955 credit=51927 people=28 busy=3 free=25 home_places=50 need_workers=3 tax_due=0 main_tax_due=0 tax_amount=6374 main_tax_amount=0 days_alive=49 stage=0 res0=0 res1=400 res2=0 res3=0 res4=0 res5=0 res6=0 res7=0 res8=0 House=1 Puerperal=2 | nw=1496572.7890
  s=   43 a=  7(BUILD:Sawmill) r= -0.5518 cum=    -10.37 v= +0.1963 top5=[a39=0.033, a33=0.032, a12=0.028, a15=0.028, a38=0.027] [BUILD: Sawmill]
    OBS: year=0 month=4 season=0 money=9955 credit=52030 people=28 busy=3 free=25 home_places=50 need_workers=3 tax_due=0 main_tax_due=0 tax_amount=6374 main_tax_amount=0 days_alive=50 stage=0 res0=0 res1=400 res2=0 res3=0 res4=0 res5=0 res6=0 res7=0 res8=0 House=1 Puerperal=2 | nw=1496462.1437
  s=   44 a= 28(BUILD:BigRefinary) r= -0.5533 cum=    -10.92 v= +0.1930 top5=[a39=0.033, a33=0.032, a12=0.028, a15=0.028, a38=0.027] [BUILD: BigRefinary]
    OBS: year=0 month=4 season=0 money=9955 credit=52134 people=28 busy=3 free=25 home_places=50 need_workers=3 tax_due=0 main_tax_due=0 tax_amount=6374 main_tax_amount=0 days_alive=51 stage=0 res0=0 res1=400 res2=0 res3=0 res4=0 res5=0 res6=0 res7=0 res8=0 House=1 Puerperal=2 | nw=1496350.4985
  s=   45 a= 34(MANAGER:0) r= -0.5542 cum=    -11.48 v= +0.1896 top5=[a39=0.033, a33=0.032, a12=0.028, a15=0.028, a38=0.027]
    OBS: year=0 month=4 season=0 money=9955 credit=52238 people=28 busy=3 free=25 home_places=50 need_workers=3 tax_due=0 main_tax_due=0 tax_amount=6374 main_tax_amount=0 days_alive=52 stage=0 res0=0 res1=400 res2=0 res3=0 res4=0 res5=0 res6=0 res7=0 res8=0 House=1 Puerperal=2 | nw=1496238.8532
  s=   46 a= 36(MANAGER:2) r= +0.0307 cum=    -11.45 v= +0.1861 top5=[a39=0.033, a33=0.032, a12=0.028, a15=0.028, a38=0.027]
    OBS: year=0 month=4 season=0 money=9856 credit=52342 people=28 busy=3 free=25 home_places=50 need_workers=3 tax_due=0 main_tax_due=0 tax_amount=6374 main_tax_amount=0 days_alive=53 stage=0 res0=0 res1=400 res2=0 res3=0 res4=0 res5=0 res6=0 res7=0 res8=0 House=1 Puerperal=2 | nw=1496154.3547
  s=   47 a= 39(MANAGER:5) r= -0.5581 cum=    -12.00 v= +0.1807 top5=[a39=0.033, a33=0.032, a12=0.028, a15=0.028, a38=0.027]
    OBS: year=0 month=4 season=0 money=9856 credit=52446 people=28 busy=3 free=25 home_places=50 need_workers=3 tax_due=0 main_tax_due=0 tax_amount=6374 main_tax_amount=0 days_alive=54 stage=0 res0=0 res1=400 res2=0 res3=0 res4=0 res5=0 res6=0 res7=0 res8=0 House=1 Puerperal=2 | nw=1496038.8868
  s=   48 a= 33(BUILD:AtomStation) r= -0.5546 cum=    -12.56 v= +0.1763 top5=[a39=0.034, a33=0.032, a12=0.028, a15=0.027, a38=0.027] [BUILD: AtomStation]
    OBS: year=0 month=4 season=0 money=9856 credit=52550 people=28 busy=3 free=25 home_places=50 need_workers=3 tax_due=0 main_tax_due=0 tax_amount=6374 main_tax_amount=0 days_alive=55 stage=0 res0=0 res1=400 res2=0 res3=0 res4=0 res5=0 res6=0 res7=0 res8=0 House=1 Puerperal=2 | nw=1495931.0642
  s=   49 a= 16(BUILD:CoalCut) r= -0.5604 cum=    -13.12 v= +0.1728 top5=[a39=0.034, a33=0.032, a12=0.028, a15=0.027, a38=0.027] [BUILD: CoalCut]
    OBS: year=0 month=4 season=0 money=9856 credit=52655 people=28 busy=3 free=25 home_places=50 need_workers=3 tax_due=0 main_tax_due=0 tax_amount=6374 main_tax_amount=0 days_alive=56 stage=0 res0=0 res1=400 res2=0 res3=0 res4=0 res5=0 res6=0 res7=0 res8=0 House=1 Puerperal=2 | nw=1495814.5963
  s=   50 a= 14(BUILD:Road) r= +5.7266 cum=     -7.39 v= +0.1692 top5=[a39=0.034, a33=0.032, a12=0.028, a15=0.027, a38=0.027] [BUILD: Road]
    OBS: year=0 month=4 season=0 money=3956 credit=52760 people=28 busy=3 free=25 home_places=50 need_workers=3 tax_due=0 main_tax_due=0 tax_amount=6794 main_tax_amount=0 days_alive=57 stage=0 res0=0 res1=400 res2=0 res3=0 res4=0 res5=0 res6=0 res7=0 res8=0 House=1 SmallHouse=1 Puerperal=2 | nw=1495701.9511
  s=   51 a= 35(MANAGER:1) r= +0.0181 cum=     -7.37 v= +0.0751 top5=[a39=0.035, a33=0.033, a11=0.030, a15=0.029, a12=0.028]
    OBS: year=0 month=4 season=0 money=3923 credit=52865 people=28 busy=3 free=25 home_places=50 need_workers=3 tax_due=0 main_tax_due=0 tax_amount=6794 main_tax_amount=0 days_alive=58 stage=0 res0=0 res1=400 res2=0 res3=0 res4=0 res5=0 res6=0 res7=0 res8=0 House=1 SmallHouse=1 Puerperal=2 | nw=1495598.3547
  s=   52 a= 38(MANAGER:4) r= +1.7080 cum=     -5.67 v= +0.0704 top5=[a39=0.036, a33=0.033, a11=0.030, a15=0.029, a12=0.029]
    OBS: year=0 month=4 season=0 money=3923 credit=52970 people=28 busy=3 free=25 home_places=50 need_workers=3 tax_due=0 main_tax_due=0 tax_amount=6794 main_tax_amount=0 days_alive=59 stage=0 res0=0 res1=400 res2=0 res3=0 res4=0 res5=0 res6=0 res7=0 res8=0 House=1 SmallHouse=1 Puerperal=2 | nw=1495485.7095
  s=   53 a= 30(BUILD:BigIronmine) r= -0.5499 cum=     -6.22 v= +0.0810 top5=[a39=0.036, a33=0.033, a11=0.030, a12=0.029, a15=0.029] [BUILD: BigIronmine]
    OBS: year=0 month=4 season=0 money=3923 credit=53075 people=28 busy=3 free=25 home_places=50 need_workers=3 tax_due=0 main_tax_due=0 tax_amount=6794 main_tax_amount=0 days_alive=60 stage=0 res0=0 res1=400 res2=0 res3=0 res4=0 res5=0 res6=0 res7=0 res8=0 House=1 SmallHouse=1 Puerperal=2 | nw=1495376.8868
  s=   54 a= 20(BUILD:BigHouse) r= -0.5535 cum=     -6.77 v= +0.0772 top5=[a39=0.036, a33=0.033, a11=0.030, a12=0.029, a15=0.029] [BUILD: BigHouse]
    OBS: year=0 month=5 season=0 money=3923 credit=53181 people=28 busy=3 free=25 home_places=50 need_workers=3 tax_due=0 main_tax_due=0 tax_amount=6794 main_tax_amount=0 days_alive=61 stage=0 res0=0 res1=400 res2=0 res3=0 res4=0 res5=0 res6=0 res7=0 res8=0 House=1 SmallHouse=1 Puerperal=2 | nw=1495263.2416
  s=   55 a=  8(BUILD:Coalmine) r= -0.5544 cum=     -7.32 v= +0.2496 top5=[a33=0.033, a39=0.030, a15=0.029, a25=0.028, a11=0.027] [BUILD: Coalmine]
    OBS: year=0 month=5 season=0 money=3923 credit=53287 people=28 busy=3 free=25 home_places=50 need_workers=3 tax_due=0 main_tax_due=0 tax_amount=6794 main_tax_amount=0 days_alive=62 stage=0 res0=0 res1=400 res2=0 res3=0 res4=0 res5=0 res6=0 res7=0 res8=0 House=1 SmallHouse=1 Puerperal=2 | nw=1495149.5963
  s=   56 a= 39(MANAGER:5) r= +1.7121 cum=     -5.61 v= +0.2426 top5=[a33=0.033, a39=0.030, a15=0.029, a25=0.028, a11=0.027]
    OBS: year=0 month=5 season=0 money=3923 credit=53393 people=28 busy=3 free=25 home_places=50 need_workers=3 tax_due=0 main_tax_due=0 tax_amount=6794 main_tax_amount=0 days_alive=63 stage=0 res0=0 res1=400 res2=0 res3=0 res4=0 res5=0 res6=0 res7=0 res8=0 House=1 SmallHouse=1 Puerperal=2 | nw=1495039.7737
  s=   57 a= 25(BUILD:SuperHouse) r= -0.5572 cum=     -6.17 v= +0.2289 top5=[a33=0.033, a39=0.030, a15=0.029, a25=0.029, a32=0.026] [BUILD: SuperHouse]
    OBS: year=0 month=5 season=0 money=3923 credit=53499 people=28 busy=3 free=25 home_places=50 need_workers=3 tax_due=0 main_tax_due=0 tax_amount=6794 main_tax_amount=0 days_alive=64 stage=0 res0=0 res1=400 res2=0 res3=0 res4=0 res5=0 res6=0 res7=0 res8=0 House=1 SmallHouse=1 Puerperal=2 | nw=1494922.3058
  s=   58 a= 20(BUILD:BigHouse) r= +5.6630 cum=     -0.51 v= +0.1906 top5=[a33=0.032, a39=0.031, a25=0.030, a15=0.029, a11=0.028] [BUILD: BigHouse]
    OBS: year=0 month=5 season=0 money=3923 credit=53605 people=28 busy=3 free=25 home_places=50 need_workers=3 tax_due=0 main_tax_due=0 tax_amount=6794 main_tax_amount=0 days_alive=65 stage=0 res0=0 res1=400 res2=0 res3=0 res4=0 res5=0 res6=0 res7=0 res8=0 House=1 SmallHouse=1 Puerperal=2 | nw=1494810.9636
  s=   59 a= 13(BUILD:HydroStation) r= +5.5889 cum=     +5.08 v= +0.1412 top5=[a39=0.033, a25=0.030, a33=0.029, a11=0.029, a15=0.028] [BUILD: HydroStation]
    OBS: year=0 month=5 season=0 money=3923 credit=53712 people=28 busy=3 free=25 home_places=50 need_workers=3 tax_due=0 main_tax_due=0 tax_amount=6794 main_tax_amount=0 days_alive=66 stage=0 res0=0 res1=400 res2=0 res3=0 res4=0 res5=0 res6=0 res7=0 res8=0 House=1 SmallHouse=1 Puerperal=2 | nw=1494693.1918
  s=   60 a= 39(MANAGER:5) r= -0.5399 cum=     +4.54 v= +0.1253 top5=[a39=0.033, a25=0.030, a33=0.029, a11=0.029, a15=0.027]
    OBS: year=0 month=5 season=0 money=3923 credit=53819 people=28 busy=3 free=25 home_places=50 need_workers=3 tax_due=0 main_tax_due=0 tax_amount=6794 main_tax_amount=0 days_alive=67 stage=0 res0=0 res1=400 res2=0 res3=0 res4=0 res5=0 res6=0 res7=0 res8=0 House=1 SmallHouse=1 Puerperal=2 | nw=1494584.1366
  s=   61 a= 16(BUILD:CoalCut) r= -0.5477 cum=     +4.00 v= +0.1202 top5=[a39=0.033, a25=0.030, a11=0.029, a33=0.029, a15=0.027] [BUILD: CoalCut]
    OBS: year=0 month=5 season=0 money=3923 credit=53926 people=28 busy=3 free=25 home_places=50 need_workers=3 tax_due=0 main_tax_due=0 tax_amount=6794 main_tax_amount=0 days_alive=68 stage=0 res0=0 res1=400 res2=0 res3=0 res4=0 res5=0 res6=0 res7=0 res8=0 House=1 SmallHouse=1 Puerperal=2 | nw=1494462.5423
  s=   62 a= 36(MANAGER:2) r= +0.0180 cum=     +4.01 v= +0.1157 top5=[a39=0.033, a25=0.029, a33=0.029, a11=0.029, a15=0.027]
    OBS: year=0 month=5 season=0 money=3866 credit=54033 people=28 busy=3 free=25 home_places=50 need_workers=3 tax_due=0 main_tax_due=0 tax_amount=6794 main_tax_amount=0 days_alive=69 stage=0 res0=0 res1=400 res2=0 res3=0 res4=0 res5=0 res6=0 res7=0 res8=0 House=1 SmallHouse=1 Puerperal=2 | nw=1494365.2944
  s=   63 a= 24(BUILD:Hothouse) r= -0.5471 cum=     +3.47 v= +0.1113 top5=[a39=0.033, a25=0.029, a33=0.029, a11=0.029, a15=0.027] [BUILD: Hothouse]
    OBS: year=0 month=5 season=0 money=3866 credit=54141 people=28 busy=3 free=25 home_places=50 need_workers=3 tax_due=0 main_tax_due=0 tax_amount=6794 main_tax_amount=0 days_alive=70 stage=0 res0=0 res1=400 res2=0 res3=0 res4=0 res5=0 res6=0 res7=0 res8=0 House=1 SmallHouse=1 Puerperal=2 | nw=1494247.8181
  s=   64 a=  9(BUILD:Ironmine) r= -0.5484 cum=     +2.92 v= +0.1064 top5=[a39=0.033, a25=0.029, a33=0.029, a11=0.029, a15=0.027] [BUILD: Ironmine]
    OBS: year=0 month=5 season=0 money=3866 credit=54249 people=28 busy=3 free=25 home_places=50 need_workers=3 tax_due=0 main_tax_due=0 tax_amount=6794 main_tax_amount=0 days_alive=71 stage=0 res0=0 res1=400 res2=0 res3=0 res4=0 res5=0 res6=0 res7=0 res8=0 House=1 SmallHouse=1 Puerperal=2 | nw=1494129.5820
  s=   65 a= 43(MANAGER:9) r= -0.5472 cum=     +2.37 v= +0.1017 top5=[a39=0.033, a25=0.029, a33=0.029, a11=0.029, a15=0.027]
    OBS: year=0 month=5 season=0 money=3866 credit=54357 people=28 busy=3 free=25 home_places=50 need_workers=3 tax_due=0 main_tax_due=0 tax_amount=6794 main_tax_amount=0 days_alive=72 stage=0 res0=0 res1=400 res2=0 res3=0 res4=0 res5=0 res6=0 res7=0 res8=0 House=1 SmallHouse=1 Puerperal=2 | nw=1494015.1685
  s=   66 a= 31(BUILD:AirStation) r= -0.5502 cum=     +1.82 v= +0.0976 top5=[a39=0.033, a33=0.029, a25=0.029, a11=0.029, a15=0.027] [BUILD: AirStation]
    OBS: year=0 month=5 season=0 money=3866 credit=54465 people=28 busy=3 free=25 home_places=50 need_workers=3 tax_due=0 main_tax_due=0 tax_amount=6794 main_tax_amount=0 days_alive=73 stage=0 res0=0 res1=400 res2=0 res3=0 res4=0 res5=0 res6=0 res7=0 res8=0 House=1 SmallHouse=1 Puerperal=2 | nw=1493896.9324
  s=   67 a= 43(MANAGER:9) r= -0.5536 cum=     +1.27 v= +0.0929 top5=[a39=0.033, a33=0.029, a11=0.029, a25=0.029, a15=0.027]
    OBS: year=0 month=5 season=0 money=3866 credit=54573 people=28 busy=3 free=25 home_places=50 need_workers=3 tax_due=0 main_tax_due=0 tax_amount=6794 main_tax_amount=0 days_alive=74 stage=0 res0=0 res1=400 res2=0 res3=0 res4=0 res5=0 res6=0 res7=0 res8=0 House=1 SmallHouse=1 Puerperal=2 | nw=1493774.1138
  s=   68 a= 40(MANAGER:6) r= +0.1306 cum=     +1.40 v= +0.0876 top5=[a39=0.033, a33=0.029, a11=0.029, a25=0.029, a15=0.027]
    OBS: year=0 month=5 season=0 money=4066 credit=54682 people=28 busy=3 free=25 home_places=50 need_workers=3 tax_due=0 main_tax_due=0 tax_amount=6798 main_tax_amount=0 days_alive=75 stage=0 res0=0 res1=200 res2=0 res3=0 res4=0 res5=0 res6=0 res7=0 res8=0 House=1 SmallHouse=1 Puerperal=2 | nw=1493662.5230
  s=   69 a= 24(BUILD:Hothouse) r= -0.5554 cum=     +0.84 v= +0.0829 top5=[a39=0.033, a33=0.029, a11=0.029, a25=0.029, a15=0.027] [BUILD: Hothouse]
    OBS: year=0 month=5 season=0 money=4066 credit=54791 people=28 busy=3 free=25 home_places=50 need_workers=3 tax_due=0 main_tax_due=0 tax_amount=6798 main_tax_amount=0 days_alive=76 stage=0 res0=0 res1=200 res2=0 res3=0 res4=0 res5=0 res6=0 res7=0 res8=0 House=1 SmallHouse=1 Puerperal=2 | nw=1493539.4642
  s=   70 a= 10(BUILD:Refinery) r= -0.5541 cum=     +0.29 v= +0.0790 top5=[a39=0.033, a33=0.029, a11=0.029, a25=0.028, a15=0.027] [BUILD: Refinery]
    OBS: year=0 month=5 season=0 money=4066 credit=54900 people=28 busy=3 free=25 home_places=50 need_workers=3 tax_due=0 main_tax_due=0 tax_amount=6798 main_tax_amount=0 days_alive=77 stage=0 res0=0 res1=200 res2=0 res3=0 res4=0 res5=0 res6=0 res7=0 res8=0 House=1 SmallHouse=1 Puerperal=2 | nw=1493420.2281
  s=   71 a= 40(MANAGER:6) r= -0.5550 cum=     -0.27 v= +0.0748 top5=[a39=0.034, a33=0.030, a11=0.029, a25=0.028, a15=0.027]
    OBS: year=0 month=5 season=0 money=4066 credit=55009 people=28 busy=3 free=25 home_places=50 need_workers=3 tax_due=0 main_tax_due=0 tax_amount=6798 main_tax_amount=0 days_alive=78 stage=0 res0=0 res1=200 res2=0 res3=0 res4=0 res5=0 res6=0 res7=0 res8=0 House=1 SmallHouse=1 Puerperal=2 | nw=1493300.9920
  s=   72 a= 43(MANAGER:9) r= -0.5565 cum=     -0.82 v= +0.0711 top5=[a39=0.034, a33=0.030, a11=0.029, a25=0.028, a15=0.027]
    OBS: year=0 month=5 season=0 money=4066 credit=55119 people=28 busy=3 free=25 home_places=50 need_workers=3 tax_due=0 main_tax_due=0 tax_amount=6798 main_tax_amount=0 days_alive=79 stage=0 res0=0 res1=200 res2=0 res3=0 res4=0 res5=0 res6=0 res7=0 res8=0 House=1 SmallHouse=1 Puerperal=2 | nw=1493180.7559
  s=   73 a= 33(BUILD:AtomStation) r= -0.5574 cum=     -1.38 v= +0.0671 top5=[a39=0.034, a33=0.030, a11=0.029, a25=0.028, a15=0.027] [BUILD: AtomStation]
    OBS: year=0 month=5 season=0 money=4066 credit=55229 people=28 busy=3 free=25 home_places=50 need_workers=3 tax_due=0 main_tax_due=0 tax_amount=6798 main_tax_amount=0 days_alive=80 stage=0 res0=0 res1=200 res2=0 res3=0 res4=0 res5=0 res6=0 res7=0 res8=0 House=1 SmallHouse=1 Puerperal=2 | nw=1493060.5198
  s=   74 a= 37(MANAGER:3) r= -2.9615 cum=     -4.34 v= +0.0425 top5=[a39=0.036, a11=0.030, a33=0.029, a25=0.029, a12=0.027]
    OBS: year=0 month=5 season=0 money=4656 credit=55339 people=28 busy=6 free=22 home_places=110 need_workers=6 tax_due=0 main_tax_due=0 tax_amount=6378 main_tax_amount=0 days_alive=81 stage=0 res0=0 res1=200 res2=0 res3=0 res4=0 res5=0 res6=0 res7=0 res8=0 House=1 Puerperal=2 | nw=1487648.4712
  s=   75 a= 11(BUILD:Goldmine) r= -0.5595 cum=     -4.90 v= +0.1582 top5=[a39=0.031, a33=0.031, a12=0.029, a15=0.027, a24=0.026] [BUILD: Goldmine]
    OBS: year=0 month=5 season=0 money=4656 credit=55449 people=28 busy=6 free=22 home_places=110 need_workers=6 tax_due=0 main_tax_due=0 tax_amount=6378 main_tax_amount=0 days_alive=82 stage=0 res0=0 res1=200 res2=0 res3=0 res4=0 res5=0 res6=0 res7=0 res8=0 House=1 Puerperal=2 | nw=1487525.9320
  s=   76 a=  7(BUILD:Sawmill) r= -0.5626 cum=     -5.46 v= +0.1560 top5=[a39=0.031, a33=0.031, a12=0.029, a15=0.027, a24=0.027] [BUILD: Sawmill]
    OBS: year=0 month=5 season=0 money=4656 credit=55559 people=28 busy=6 free=22 home_places=110 need_workers=6 tax_due=0 main_tax_due=0 tax_amount=6378 main_tax_amount=0 days_alive=83 stage=0 res0=0 res1=200 res2=0 res3=0 res4=0 res5=0 res6=0 res7=0 res8=0 House=1 Puerperal=2 | nw=1487399.5702
  s=   77 a=  5(BUILD:House) r= -0.5640 cum=     -6.03 v= +0.1532 top5=[a39=0.031, a33=0.031, a12=0.028, a15=0.027, a24=0.027] [BUILD: House]
    OBS: year=0 month=5 season=0 money=4656 credit=55670 people=28 busy=6 free=22 home_places=110 need_workers=6 tax_due=0 main_tax_due=0 tax_amount=6378 main_tax_amount=0 days_alive=84 stage=0 res0=0 res1=200 res2=0 res3=0 res4=0 res5=0 res6=0 res7=0 res8=0 House=1 Puerperal=2 | nw=1487272.2084
  s=   78 a= 29(BUILD:Puerperal) r= -0.5646 cum=     -6.59 v= +0.1501 top5=[a39=0.031, a33=0.031, a12=0.028, a24=0.027, a15=0.027] [BUILD: Puerperal]
    OBS: year=0 month=5 season=0 money=4656 credit=55781 people=28 busy=6 free=22 home_places=110 need_workers=6 tax_due=0 main_tax_due=0 tax_amount=6378 main_tax_amount=0 days_alive=85 stage=0 res0=0 res1=200 res2=0 res3=0 res4=0 res5=0 res6=0 res7=0 res8=0 House=1 Puerperal=2 | nw=1487145.3823
  s=   79 a= 29(BUILD:Puerperal) r= -0.5658 cum=     -7.16 v= +0.1476 top5=[a39=0.032, a33=0.031, a12=0.028, a24=0.027, a15=0.027] [BUILD: Puerperal]
    OBS: year=0 month=5 season=0 money=4656 credit=55892 people=28 busy=6 free=22 home_places=110 need_workers=6 tax_due=0 main_tax_due=0 tax_amount=6378 main_tax_amount=0 days_alive=86 stage=0 res0=0 res1=200 res2=0 res3=0 res4=0 res5=0 res6=0 res7=0 res8=0 House=1 Puerperal=2 | nw=1487018.0205
  s=   80 a= 22(BUILD:Apiary) r= -0.5667 cum=     -7.73 v= +0.1452 top5=[a39=0.032, a33=0.031, a12=0.028, a24=0.027, a15=0.027] [BUILD: Apiary]
    OBS: year=0 month=5 season=0 money=4656 credit=56003 people=28 busy=6 free=22 home_places=110 need_workers=6 tax_due=0 main_tax_due=0 tax_amount=6378 main_tax_amount=0 days_alive=87 stage=0 res0=0 res1=200 res2=0 res3=0 res4=0 res5=0 res6=0 res7=0 res8=0 House=1 Puerperal=2 | nw=1486890.6587
  s=   81 a= 22(BUILD:Apiary) r= -0.5682 cum=     -8.29 v= +0.1429 top5=[a39=0.032, a33=0.031, a12=0.028, a24=0.028, a15=0.027] [BUILD: Apiary]
    OBS: year=0 month=5 season=0 money=4656 credit=56115 people=28 busy=6 free=22 home_places=110 need_workers=6 tax_due=0 main_tax_due=0 tax_amount=6378 main_tax_amount=0 days_alive=88 stage=0 res0=0 res1=200 res2=0 res3=0 res4=0 res5=0 res6=0 res7=0 res8=0 House=1 Puerperal=2 | nw=1486762.2969
  s=   82 a=  1(WEEK) r= -5.6371 cum=    -13.93 v= +0.1405 top5=[a39=0.032, a33=0.031, a12=0.028, a24=0.028, a29=0.027]
    OBS: year=0 month=6 season=1 money=4656 credit=56563 people=28 busy=6 free=22 home_places=110 need_workers=6 tax_due=0 main_tax_due=0 tax_amount=6378 main_tax_amount=0 days_alive=92 stage=0 res0=0 res1=200 res2=0 res3=0 res4=0 res5=0 res6=0 res7=0 res8=0 House=1 Puerperal=2 | nw=1486256.4949
  s=   83 a= 35(MANAGER:1) r= +0.0144 cum=    -13.92 v= +0.1607 top5=[a3=0.031, a39=0.030, a29=0.029, a32=0.028, a0=0.027]
    OBS: year=0 month=6 season=1 money=4530 credit=56676 people=28 busy=6 free=22 home_places=110 need_workers=6 tax_due=0 main_tax_due=0 tax_amount=6378 main_tax_amount=0 days_alive=93 stage=0 res0=0 res1=200 res2=0 res3=0 res4=0 res5=0 res6=0 res7=0 res8=0 House=1 Puerperal=2 | nw=1486165.5063
  s=   84 a=  6(BUILD:SmallHouse) r= -0.5678 cum=    -14.48 v= +0.1597 top5=[a3=0.031, a39=0.030, a29=0.029, a32=0.027, a0=0.027] [BUILD: SmallHouse]
    OBS: year=0 month=6 season=1 money=4530 credit=56789 people=28 busy=6 free=22 home_places=110 need_workers=6 tax_due=0 main_tax_due=0 tax_amount=6378 main_tax_amount=0 days_alive=94 stage=0 res0=0 res1=200 res2=0 res3=0 res4=0 res5=0 res6=0 res7=0 res8=0 House=1 Puerperal=2 | nw=1486036.1445
  s=   85 a= 23(BUILD:Torchlight) r= -0.5687 cum=    -15.05 v= +0.1599 top5=[a3=0.031, a39=0.030, a29=0.029, a0=0.027, a32=0.027] [BUILD: Torchlight]
    OBS: year=0 month=6 season=1 money=4530 credit=56902 people=28 busy=6 free=22 home_places=110 need_workers=6 tax_due=0 main_tax_due=0 tax_amount=6378 main_tax_amount=0 days_alive=95 stage=0 res0=0 res1=200 res2=0 res3=0 res4=0 res5=0 res6=0 res7=0 res8=0 House=1 Puerperal=2 | nw=1485906.7827
  s=   86 a=  5(BUILD:House) r= -0.5675 cum=    -15.62 v= +0.1604 top5=[a3=0.031, a39=0.030, a29=0.029, a0=0.028, a32=0.027] [BUILD: House]
    OBS: year=0 month=6 season=1 money=4530 credit=57015 people=28 busy=6 free=22 home_places=110 need_workers=6 tax_due=0 main_tax_due=0 tax_amount=6378 main_tax_amount=0 days_alive=96 stage=0 res0=0 res1=200 res2=0 res3=0 res4=0 res5=0 res6=0 res7=0 res8=0 House=1 Puerperal=2 | nw=1485781.2435
  s=   87 a= 28(BUILD:BigRefinary) r= -0.5689 cum=    -16.19 v= +0.1608 top5=[a3=0.031, a39=0.030, a29=0.029, a0=0.028, a32=0.027] [BUILD: BigRefinary]
    OBS: year=0 month=6 season=1 money=4530 credit=57129 people=28 busy=6 free=22 home_places=110 need_workers=6 tax_due=0 main_tax_due=0 tax_amount=6378 main_tax_amount=0 days_alive=97 stage=0 res0=0 res1=200 res2=0 res3=0 res4=0 res5=0 res6=0 res7=0 res8=0 House=1 Puerperal=2 | nw=1485654.7043
  s=   88 a= 42(MANAGER:8) r= -0.2065 cum=    -16.40 v= +0.1606 top5=[a3=0.031, a39=0.030, a29=0.029, a0=0.028, a32=0.027]
    OBS: year=0 month=6 season=1 money=54530 credit=107343 people=28 busy=6 free=22 home_places=110 need_workers=6 tax_due=0 main_tax_due=0 tax_amount=6378 main_tax_amount=0 days_alive=98 stage=0 res0=0 res1=200 res2=0 res3=0 res4=0 res5=0 res6=0 res7=0 res8=0 House=1 Puerperal=2 | nw=1485424.3425
  s=   89 a= 33(BUILD:AtomStation) r= -0.7705 cum=    -17.17 v= +0.1596 top5=[a29=0.033, a11=0.032, a24=0.031, a39=0.031, a3=0.030] [BUILD: AtomStation]
    OBS: year=0 month=6 season=1 money=54530 credit=107557 people=28 busy=6 free=22 home_places=110 need_workers=6 tax_due=0 main_tax_due=0 tax_amount=6378 main_tax_amount=0 days_alive=99 stage=0 res0=0 res1=200 res2=0 res3=0 res4=0 res5=0 res6=0 res7=0 res8=0 House=1 Puerperal=2 | nw=1485193.9807
  s=   90 a=  7(BUILD:Sawmill) r= +0.3572 cum=    -16.81 v= +0.1559 top5=[a29=0.033, a11=0.032, a24=0.032, a39=0.031, a3=0.029] [BUILD: Sawmill]
    OBS: year=0 month=6 season=1 money=54530 credit=107772 people=28 busy=6 free=22 home_places=110 need_workers=6 tax_due=0 main_tax_due=0 tax_amount=6378 main_tax_amount=0 days_alive=100 stage=0 res0=0 res1=200 res2=0 res3=0 res4=0 res5=0 res6=0 res7=0 res8=0 House=1 Puerperal=2 | nw=1484966.4416
  s=   91 a= 31(BUILD:AirStation) r= +5.6411 cum=    -11.17 v= +0.1517 top5=[a29=0.033, a11=0.032, a24=0.032, a39=0.031, a3=0.029] [BUILD: AirStation]
    OBS: year=0 month=6 season=1 money=30740 credit=107987 people=28 busy=6 free=22 home_places=110 need_workers=6 tax_due=0 main_tax_due=0 tax_amount=6798 main_tax_amount=0 days_alive=101 stage=0 res0=0 res1=200 res2=0 res3=0 res4=0 res5=0 res6=0 res7=0 res8=0 House=1 Puerperal=2 AirStation=1 | nw=1484735.0798
  s=   92 a=  2(BUILD:WaterChannel) r= +1.3616 cum=     -9.81 v= +0.1234 top5=[a11=0.033, a24=0.030, a39=0.030, a29=0.030, a3=0.028] [BUILD: WaterChannel]
    OBS: year=0 month=6 season=1 money=10926 credit=108202 people=28 busy=6 free=22 home_places=110 need_workers=6 tax_due=0 main_tax_due=0 tax_amount=7218 main_tax_amount=0 days_alive=102 stage=0 res0=0 res1=200 res2=0 res3=0 res4=0 res5=0 res6=0 res7=0 res8=0 Farm=1 House=1 Puerperal=2 AirStation=1 | nw=1484507.5406
  s=   93 a= 44(MANAGER:10) r= +0.0721 cum=     -9.73 v= +0.1482 top5=[a39=0.031, a24=0.029, a32=0.029, a29=0.029, a3=0.028]
    OBS: year=0 month=6 season=1 money=10926 credit=108418 people=28 busy=6 free=22 home_places=110 need_workers=6 tax_due=0 main_tax_due=0 tax_amount=7218 main_tax_amount=0 days_alive=103 stage=0 res0=0 res1=200 res2=0 res3=0 res4=0 res5=0 res6=0 res7=0 res8=0 Farm=1 House=1 Puerperal=2 AirStation=1 | nw=1484279.0014
  s=   94 a= 21(BUILD:BigFarm) r= -0.7649 cum=    -10.50 v= +0.1481 top5=[a39=0.031, a24=0.030, a32=0.029, a29=0.029, a3=0.028] [BUILD: BigFarm]
    OBS: year=0 month=6 season=1 money=10926 credit=108634 people=28 busy=6 free=22 home_places=110 need_workers=6 tax_due=0 main_tax_due=0 tax_amount=7218 main_tax_amount=0 days_alive=104 stage=0 res0=0 res1=200 res2=0 res3=0 res4=0 res5=0 res6=0 res7=0 res8=0 Farm=1 House=1 Puerperal=2 AirStation=1 | nw=1484050.4623
  s=   95 a= 27(BUILD:WaterMill) r= -0.7690 cum=    -11.27 v= +0.1479 top5=[a39=0.031, a24=0.030, a32=0.029, a29=0.029, a11=0.029] [BUILD: WaterMill]
    OBS: year=0 month=6 season=1 money=10926 credit=108851 people=28 busy=6 free=22 home_places=110 need_workers=6 tax_due=0 main_tax_due=0 tax_amount=7218 main_tax_amount=0 days_alive=105 stage=0 res0=0 res1=200 res2=0 res3=0 res4=0 res5=0 res6=0 res7=0 res8=0 Farm=1 House=1 Puerperal=2 AirStation=1 | nw=1483817.1005
  s=   96 a= 26(BUILD:BigSawmill) r= -0.7704 cum=    -12.04 v= +0.1476 top5=[a39=0.031, a24=0.030, a29=0.029, a32=0.029, a11=0.029] [BUILD: BigSawmill]
    OBS: year=0 month=6 season=1 money=10926 credit=109068 people=28 busy=6 free=22 home_places=110 need_workers=6 tax_due=0 main_tax_due=0 tax_amount=7218 main_tax_amount=0 days_alive=106 stage=0 res0=0 res1=200 res2=0 res3=0 res4=0 res5=0 res6=0 res7=0 res8=0 Farm=1 House=1 Puerperal=2 AirStation=1 | nw=1483583.7387
  s=   97 a= 41(MANAGER:7) r= -0.3248 cum=    -12.36 v= +0.1472 top5=[a39=0.031, a24=0.030, a11=0.029, a29=0.029, a3=0.029]
    OBS: year=0 month=6 season=1 money=10526 credit=109286 people=28 busy=6 free=22 home_places=110 need_workers=6 tax_due=0 main_tax_due=0 tax_amount=7222 main_tax_amount=0 days_alive=107 stage=0 res0=0 res1=400 res2=0 res3=0 res4=0 res5=0 res6=0 res7=0 res8=0 Farm=1 House=1 Puerperal=2 AirStation=1 | nw=1483149.3769
  s=   98 a= 24(BUILD:Hothouse) r= -0.7715 cum=    -13.14 v= +0.1455 top5=[a39=0.031, a24=0.030, a11=0.029, a3=0.029, a29=0.029] [BUILD: Hothouse]
    OBS: year=0 month=6 season=1 money=10526 credit=109504 people=28 busy=6 free=22 home_places=110 need_workers=6 tax_due=0 main_tax_due=0 tax_amount=7222 main_tax_amount=0 days_alive=108 stage=0 res0=0 res1=400 res2=0 res3=0 res4=0 res5=0 res6=0 res7=0 res8=0 Farm=1 House=1 Puerperal=2 AirStation=1 | nw=1482918.8377
  s=   99 a= 22(BUILD:Apiary) r= +2.0308 cum=    -11.10 v= +0.1438 top5=[a39=0.031, a24=0.031, a11=0.029, a3=0.029, a29=0.029] [BUILD: Apiary]
    OBS: year=0 month=6 season=1 money=1141 credit=109723 people=28 busy=6 free=22 home_places=110 need_workers=6 tax_due=0 main_tax_due=0 tax_amount=7642 main_tax_amount=0 days_alive=109 stage=0 res0=0 res1=400 res2=0 res3=0 res4=0 res5=0 res6=0 res7=0 res8=0 Farm=1 House=1 Apiary=1 Puerperal=2 AirStation=1 | nw=1482683.4759
  s=  100 a= 23(BUILD:Torchlight) r= -0.7730 cum=    -11.88 v= +0.1684 top5=[a24=0.031, a39=0.031, a3=0.030, a32=0.029, a33=0.028] [BUILD: Torchlight]
    OBS: year=0 month=6 season=1 money=1141 credit=109942 people=28 busy=6 free=22 home_places=110 need_workers=6 tax_due=0 main_tax_due=0 tax_amount=7642 main_tax_amount=0 days_alive=110 stage=0 res0=0 res1=400 res2=0 res3=0 res4=0 res5=0 res6=0 res7=0 res8=0 Farm=1 House=1 Apiary=1 Puerperal=2 AirStation=1 | nw=1482451.9367
  s=  101 a=  0(DAY) r= -5.6019 cum=    -17.48 v= +0.1630 top5=[a24=0.031, a39=0.031, a3=0.030, a32=0.029, a33=0.028]
    OBS: year=0 month=6 season=1 money=1141 credit=110161 people=28 busy=6 free=22 home_places=110 need_workers=6 tax_due=0 main_tax_due=0 tax_amount=7642 main_tax_amount=0 days_alive=111 stage=0 res0=0 res1=400 res2=0 res3=0 res4=0 res5=0 res6=0 res7=0 res8=0 Farm=1 House=1 Apiary=1 Puerperal=2 AirStation=1 | nw=1482216.5749
  s=  102 a=  5(BUILD:House) r= -0.7728 cum=    -18.25 v= +0.1574 top5=[a24=0.032, a39=0.031, a3=0.030, a32=0.028, a33=0.028] [BUILD: House]
    OBS: year=0 month=6 season=1 money=1141 credit=110381 people=28 busy=6 free=22 home_places=110 need_workers=6 tax_due=0 main_tax_due=0 tax_amount=7642 main_tax_amount=0 days_alive=112 stage=0 res0=0 res1=400 res2=0 res3=0 res4=0 res5=0 res6=0 res7=0 res8=0 Farm=1 House=1 Apiary=1 Puerperal=2 AirStation=1 | nw=1481980.2131
  s=  103 a= 29(BUILD:Puerperal) r= -0.7735 cum=    -19.03 v= +0.1222 top5=[a24=0.032, a39=0.031, a3=0.031, a11=0.029, a29=0.028] [BUILD: Puerperal]
    OBS: year=0 month=6 season=1 money=1141 credit=110601 people=28 busy=6 free=22 home_places=110 need_workers=6 tax_due=0 main_tax_due=0 tax_amount=7642 main_tax_amount=0 days_alive=113 stage=0 res0=0 res1=400 res2=0 res3=0 res4=0 res5=0 res6=0 res7=0 res8=0 Farm=1 House=1 Apiary=1 Puerperal=2 AirStation=1 | nw=1481744.9508
  s=  104 a= 30(BUILD:BigIronmine) r= -0.7791 cum=    -19.80 v= +0.1305 top5=[a24=0.032, a39=0.031, a3=0.031, a11=0.029, a32=0.028] [BUILD: BigIronmine]
    OBS: year=0 month=6 season=1 money=1141 credit=110822 people=28 busy=6 free=22 home_places=110 need_workers=6 tax_due=0 main_tax_due=0 tax_amount=7642 main_tax_amount=0 days_alive=114 stage=0 res0=0 res1=400 res2=0 res3=0 res4=0 res5=0 res6=0 res7=0 res8=0 Farm=1 House=1 Apiary=1 Puerperal=2 AirStation=1 | nw=1481502.1425
  s=  105 a= 32(BUILD:SmallAtomStation) r= -0.7802 cum=    -20.58 v= +0.1274 top5=[a24=0.032, a39=0.031, a3=0.031, a11=0.029, a32=0.028] [BUILD: SmallAtomStation]
    OBS: year=0 month=6 season=1 money=1141 credit=111043 people=28 busy=6 free=22 home_places=110 need_workers=6 tax_due=0 main_tax_due=0 tax_amount=7642 main_tax_amount=0 days_alive=115 stage=0 res0=0 res1=400 res2=0 res3=0 res4=0 res5=0 res6=0 res7=0 res8=0 Farm=1 House=1 Apiary=1 Puerperal=2 AirStation=1 | nw=1481259.8699
  s=  106 a= 15(BUILD:Fish) r= -0.7803 cum=    -21.37 v= +0.1244 top5=[a24=0.032, a39=0.031, a3=0.031, a11=0.029, a29=0.028] [BUILD: Fish]
    OBS: year=0 month=6 season=1 money=1141 credit=111265 people=28 busy=6 free=22 home_places=110 need_workers=6 tax_due=0 main_tax_due=0 tax_amount=7642 main_tax_amount=0 days_alive=116 stage=0 res0=0 res1=400 res2=0 res3=0 res4=0 res5=0 res6=0 res7=0 res8=0 Farm=1 House=1 Apiary=1 Puerperal=2 AirStation=1 | nw=1481019.8843
  s=  107 a= 12(BUILD:PowerStation) r= +1.1553 cum=    -20.21 v= +0.1210 top5=[a24=0.033, a39=0.031, a3=0.031, a11=0.029, a29=0.028] [BUILD: PowerStation]
    OBS: year=0 month=6 season=1 money=741 credit=111487 people=29 busy=6 free=23 home_places=110 need_workers=6 tax_due=0 main_tax_due=0 tax_amount=7642 main_tax_amount=0 days_alive=117 stage=0 res0=0 res1=400 res2=0 res3=0 res4=0 res5=0 res6=0 res7=0 res8=0 Farm=1 Road=1 House=1 Apiary=1 Puerperal=2 AirStation=1 | nw=1480782.6220
  s=  108 a=  7(BUILD:Sawmill) r= -0.7844 cum=    -20.99 v= +0.1380 top5=[a24=0.033, a39=0.031, a3=0.030, a11=0.029, a29=0.028] [BUILD: Sawmill]
    OBS: year=0 month=6 season=1 money=741 credit=111709 people=29 busy=6 free=23 home_places=110 need_workers=6 tax_due=0 main_tax_due=0 tax_amount=7642 main_tax_amount=0 days_alive=118 stage=0 res0=0 res1=400 res2=0 res3=0 res4=0 res5=0 res6=0 res7=0 res8=0 Farm=1 Road=1 House=1 Apiary=1 Puerperal=2 AirStation=1 | nw=1480538.8137
  s=  109 a= 21(BUILD:BigFarm) r= -0.7827 cum=    -21.78 v= +0.1327 top5=[a24=0.033, a39=0.031, a3=0.030, a11=0.029, a29=0.028] [BUILD: BigFarm]
    OBS: year=0 month=6 season=1 money=741 credit=111932 people=29 busy=6 free=23 home_places=110 need_workers=6 tax_due=0 main_tax_due=0 tax_amount=7642 main_tax_amount=0 days_alive=119 stage=0 res0=0 res1=400 res2=0 res3=0 res4=0 res5=0 res6=0 res7=0 res8=0 Farm=1 Road=1 House=1 Apiary=1 Puerperal=2 AirStation=1 | nw=1480300.5514
  s=  110 a= 37(MANAGER:3) r= -5.6042 cum=    -27.38 v= +0.1271 top5=[a24=0.033, a39=0.031, a3=0.030, a11=0.029, a29=0.028]
    OBS: year=0 month=6 season=1 money=3120 credit=112155 people=29 busy=6 free=23 home_places=110 need_workers=6 tax_due=0 main_tax_due=0 tax_amount=7222 main_tax_amount=0 days_alive=120 stage=0 res0=0 res1=400 res2=0 res3=0 res4=0 res5=0 res6=0 res7=0 res8=0 Farm=1 Road=1 House=1 Apiary=1 Puerperal=2 | nw=1458683.9675
  s=  111 a= 16(BUILD:CoalCut) r= -0.7788 cum=    -28.16 v= +0.1141 top5=[a24=0.031, a39=0.031, a3=0.030, a29=0.029, a11=0.028] [BUILD: CoalCut]
    OBS: year=0 month=6 season=1 money=3120 credit=112379 people=29 busy=6 free=23 home_places=110 need_workers=6 tax_due=0 main_tax_due=0 tax_amount=7222 main_tax_amount=0 days_alive=121 stage=0 res0=0 res1=400 res2=0 res3=0 res4=0 res5=0 res6=0 res7=0 res8=0 Farm=1 Road=1 House=1 Apiary=1 Puerperal=2 | nw=1458447.4284
  s=  112 a= 30(BUILD:BigIronmine) r= -0.7802 cum=    -28.94 v= +0.1108 top5=[a24=0.032, a39=0.031, a3=0.030, a29=0.029, a11=0.029] [BUILD: BigIronmine]
    OBS: year=0 month=7 season=1 money=3120 credit=112603 people=29 busy=6 free=23 home_places=110 need_workers=6 tax_due=0 main_tax_due=0 tax_amount=7222 main_tax_amount=0 days_alive=122 stage=0 res0=0 res1=400 res2=0 res3=0 res4=0 res5=0 res6=0 res7=0 res8=0 Farm=1 Road=1 House=1 Apiary=1 Puerperal=2 | nw=1458210.8892
  s=  113 a= 34(MANAGER:0) r= -0.7843 cum=    -29.72 v= +0.2089 top5=[a39=0.030, a3=0.030, a33=0.029, a32=0.029, a29=0.026]
    OBS: year=0 month=7 season=1 money=3120 credit=112828 people=29 busy=6 free=23 home_places=110 need_workers=6 tax_due=0 main_tax_due=0 tax_amount=7222 main_tax_amount=0 days_alive=123 stage=0 res0=0 res1=400 res2=0 res3=0 res4=0 res5=0 res6=0 res7=0 res8=0 Farm=1 Road=1 House=1 Apiary=1 Puerperal=2 | nw=1457969.5274
  s=  114 a= 18(BUILD:CowFarm) r= -0.7835 cum=    -30.51 v= +0.1664 top5=[a39=0.031, a3=0.031, a32=0.028, a33=0.028, a29=0.027] [BUILD: CowFarm]
    OBS: year=0 month=7 season=1 money=3120 credit=113053 people=29 busy=6 free=23 home_places=110 need_workers=6 tax_due=0 main_tax_due=0 tax_amount=7222 main_tax_amount=0 days_alive=124 stage=0 res0=0 res1=400 res2=0 res3=0 res4=0 res5=0 res6=0 res7=0 res8=0 Farm=1 Road=1 House=1 Apiary=1 Puerperal=2 | nw=1457731.9882
  s=  115 a= 15(BUILD:Fish) r= -0.7876 cum=    -31.30 v= +0.1608 top5=[a39=0.031, a3=0.031, a32=0.028, a33=0.028, a29=0.027] [BUILD: Fish]
    OBS: year=0 month=7 season=1 money=3120 credit=113279 people=29 busy=6 free=23 home_places=110 need_workers=6 tax_due=0 main_tax_due=0 tax_amount=7222 main_tax_amount=0 days_alive=125 stage=0 res0=0 res1=400 res2=0 res3=0 res4=0 res5=0 res6=0 res7=0 res8=0 Farm=1 Road=1 House=1 Apiary=1 Puerperal=2 | nw=1457489.6264
  s=  116 a= 30(BUILD:BigIronmine) r= -0.7869 cum=    -32.08 v= +0.1555 top5=[a39=0.031, a3=0.031, a32=0.028, a33=0.028, a29=0.027] [BUILD: BigIronmine]
    OBS: year=0 month=7 season=1 money=3120 credit=113505 people=29 busy=6 free=23 home_places=110 need_workers=6 tax_due=0 main_tax_due=0 tax_amount=7222 main_tax_amount=0 days_alive=126 stage=0 res0=0 res1=400 res2=0 res3=0 res4=0 res5=0 res6=0 res7=0 res8=0 Farm=1 Road=1 House=1 Apiary=1 Puerperal=2 | nw=1457251.0873
  s=  117 a= 26(BUILD:BigSawmill) r= -0.7910 cum=    -32.87 v= +0.1511 top5=[a39=0.031, a3=0.030, a32=0.028, a33=0.028, a29=0.027] [BUILD: BigSawmill]
    OBS: year=0 month=7 season=1 money=3120 credit=113732 people=29 busy=6 free=23 home_places=110 need_workers=6 tax_due=0 main_tax_due=0 tax_amount=7222 main_tax_amount=0 days_alive=127 stage=0 res0=0 res1=400 res2=0 res3=0 res4=0 res5=0 res6=0 res7=0 res8=0 Farm=1 Road=1 House=1 Apiary=1 Puerperal=2 | nw=1457007.7255
  s=  118 a= 20(BUILD:BigHouse) r= -0.7924 cum=    -33.67 v= +0.1463 top5=[a39=0.031, a3=0.030, a32=0.028, a33=0.028, a29=0.027] [BUILD: BigHouse]
    OBS: year=0 month=7 season=1 money=3120 credit=113959 people=29 busy=6 free=23 home_places=110 need_workers=6 tax_due=0 main_tax_due=0 tax_amount=7222 main_tax_amount=0 days_alive=128 stage=0 res0=0 res1=400 res2=0 res3=0 res4=0 res5=0 res6=0 res7=0 res8=0 Farm=1 Road=1 House=1 Apiary=1 Puerperal=2 | nw=1456764.3637
  s=  119 a=  7(BUILD:Sawmill) r= -0.7916 cum=    -34.46 v= +0.1419 top5=[a39=0.031, a3=0.030, a32=0.028, a33=0.028, a29=0.027] [BUILD: Sawmill]
    OBS: year=0 month=7 season=1 money=3120 credit=114186 people=29 busy=6 free=23 home_places=110 need_workers=6 tax_due=0 main_tax_due=0 tax_amount=7222 main_tax_amount=0 days_alive=129 stage=0 res0=0 res1=400 res2=0 res3=0 res4=0 res5=0 res6=0 res7=0 res8=0 Farm=1 Road=1 House=1 Apiary=1 Puerperal=2 | nw=1456524.8245
  s=  120 a= 39(MANAGER:5) r= -0.7936 cum=    -35.25 v= +0.1387 top5=[a39=0.031, a3=0.030, a32=0.028, a33=0.027, a29=0.027]
    OBS: year=0 month=7 season=1 money=3120 credit=114414 people=29 busy=6 free=23 home_places=110 need_workers=6 tax_due=0 main_tax_due=0 tax_amount=7222 main_tax_amount=0 days_alive=130 stage=0 res0=0 res1=400 res2=0 res3=0 res4=0 res5=0 res6=0 res7=0 res8=0 Farm=1 Road=1 House=1 Apiary=1 Puerperal=2 | nw=1456284.2854
  s=  121 a= 35(MANAGER:1) r= -0.1890 cum=    -35.44 v= +0.1360 top5=[a39=0.031, a3=0.030, a32=0.027, a33=0.027, a29=0.027]
    OBS: year=0 month=7 season=1 money=2823 credit=114642 people=29 busy=6 free=23 home_places=110 need_workers=6 tax_due=0 main_tax_due=0 tax_amount=7222 main_tax_amount=0 days_alive=131 stage=0 res0=0 res1=400 res2=0 res3=0 res4=0 res5=0 res6=0 res7=0 res8=0 Farm=1 Road=1 House=1 Apiary=1 Puerperal=2 | nw=1456121.3640
  s=  122 a= 41(MANAGER:7) r= -0.7991 cum=    -36.24 v= +0.1336 top5=[a39=0.031, a3=0.030, a32=0.027, a33=0.027, a29=0.027]
    OBS: year=0 month=7 season=1 money=2823 credit=114871 people=29 busy=6 free=23 home_places=110 need_workers=6 tax_due=0 main_tax_due=0 tax_amount=7222 main_tax_amount=0 days_alive=132 stage=0 res0=0 res1=400 res2=0 res3=0 res4=0 res5=0 res6=0 res7=0 res8=0 Farm=1 Road=1 House=1 Apiary=1 Puerperal=2 | nw=1455876.0022
  s=  123 a= 19(BUILD:Mushroom) r= -0.7620 cum=    -37.00 v= +0.1311 top5=[a39=0.031, a3=0.030, a32=0.027, a24=0.027, a33=0.027] [BUILD: Mushroom]
    OBS: year=0 month=7 season=1 money=2823 credit=115100 people=29 busy=6 free=23 home_places=110 need_workers=6 tax_due=0 main_tax_due=0 tax_amount=7222 main_tax_amount=0 days_alive=133 stage=0 res0=0 res1=400 res2=0 res3=0 res4=0 res5=0 res6=0 res7=0 res8=0 Farm=1 Road=1 House=1 Apiary=1 Puerperal=2 | nw=1455634.4630
  s=  124 a=  0(DAY) r= -5.6390 cum=    -42.64 v= +0.0721 top5=[a3=0.031, a39=0.028, a33=0.028, a24=0.027, a41=0.027]
    OBS: year=0 month=7 season=1 money=2823 credit=115330 people=29 busy=6 free=23 home_places=110 need_workers=6 tax_due=0 main_tax_due=0 tax_amount=7222 main_tax_amount=0 days_alive=134 stage=0 res0=0 res1=400 res2=0 res3=0 res4=0 res5=0 res6=0 res7=0 res8=0 Farm=1 Road=1 House=1 Apiary=1 Puerperal=2 | nw=1455384.2338
  s=  125 a=  0(DAY) r= -0.2399 cum=    -42.88 v= -0.0268 top5=[a3=0.034, a39=0.031, a41=0.029, a13=0.028, a29=0.027]
    OBS: year=0 month=7 season=1 money=2823 credit=115560 people=29 busy=6 free=23 home_places=110 need_workers=6 tax_due=0 main_tax_due=0 tax_amount=7222 main_tax_amount=0 days_alive=135 stage=0 res0=0 res1=400 res2=0 res3=0 res4=0 res5=0 res6=0 res7=0 res8=0 Farm=1 Road=1 House=1 Apiary=1 Puerperal=2 | nw=1455134.0045
  s=  126 a= 27(BUILD:WaterMill) r= -0.8022 cum=    -43.68 v= -0.0310 top5=[a3=0.034, a39=0.031, a41=0.029, a13=0.028, a29=0.027] [BUILD: WaterMill]
    OBS: year=0 month=7 season=1 money=2823 credit=115791 people=29 busy=6 free=23 home_places=110 need_workers=6 tax_due=0 main_tax_due=0 tax_amount=7222 main_tax_amount=0 days_alive=136 stage=0 res0=0 res1=400 res2=0 res3=0 res4=0 res5=0 res6=0 res7=0 res8=0 Farm=1 Road=1 House=1 Apiary=1 Puerperal=2 | nw=1454882.7753
  s=  127 a= 40(MANAGER:6) r= -0.1188 cum=    -43.80 v= -0.0355 top5=[a3=0.034, a39=0.031, a41=0.029, a13=0.028, a29=0.027]
    OBS: year=0 month=7 season=1 money=3023 credit=116022 people=29 busy=6 free=23 home_places=110 need_workers=6 tax_due=0 main_tax_due=0 tax_amount=7226 main_tax_amount=0 days_alive=137 stage=0 res0=0 res1=200 res2=0 res3=0 res4=0 res5=0 res6=0 res7=0 res8=0 Farm=1 Road=1 House=1 Apiary=1 Puerperal=2 | nw=1454631.5460
  s=  128 a= 17(BUILD:HuntingLand) r= -0.8054 cum=    -44.61 v= -0.0396 top5=[a3=0.034, a39=0.031, a41=0.029, a13=0.028, a29=0.027] [BUILD: HuntingLand]
    OBS: year=0 month=7 season=1 money=3023 credit=116254 people=29 busy=6 free=23 home_places=110 need_workers=6 tax_due=0 main_tax_due=0 tax_amount=7226 main_tax_amount=0 days_alive=138 stage=0 res0=0 res1=200 res2=0 res3=0 res4=0 res5=0 res6=0 res7=0 res8=0 Farm=1 Road=1 House=1 Apiary=1 Puerperal=2 | nw=1454379.3168
  s=  129 a= 40(MANAGER:6) r= -0.7712 cum=    -45.38 v= -0.0433 top5=[a3=0.034, a39=0.031, a41=0.028, a13=0.028, a29=0.027]
    OBS: year=0 month=7 season=1 money=3023 credit=116486 people=29 busy=6 free=23 home_places=110 need_workers=6 tax_due=0 main_tax_due=0 tax_amount=7226 main_tax_amount=0 days_alive=139 stage=0 res0=0 res1=200 res2=0 res3=0 res4=0 res5=0 res6=0 res7=0 res8=0 Farm=1 Road=1 House=1 Apiary=1 Puerperal=2 | nw=1454130.9102
  s=  130 a= 35(MANAGER:1) r= -0.2388 cum=    -45.62 v= -0.0545 top5=[a3=0.036, a39=0.030, a41=0.029, a13=0.028, a20=0.026]
    OBS: year=0 month=7 season=1 money=3011 credit=116718 people=29 busy=6 free=23 home_places=110 need_workers=6 tax_due=0 main_tax_due=0 tax_amount=7226 main_tax_amount=0 days_alive=140 stage=0 res0=0 res1=200 res2=0 res3=0 res4=0 res5=0 res6=0 res7=0 res8=0 Farm=1 Road=1 House=1 Apiary=1 Puerperal=2 | nw=1453890.3061
  s=  131 a= 40(MANAGER:6) r= -0.8100 cum=    -46.43 v= -0.1633 top5=[a39=0.035, a3=0.032, a13=0.030, a41=0.027, a32=0.027]
    OBS: year=0 month=7 season=1 money=3011 credit=116951 people=29 busy=6 free=23 home_places=110 need_workers=6 tax_due=0 main_tax_due=0 tax_amount=7226 main_tax_amount=0 days_alive=141 stage=0 res0=0 res1=200 res2=0 res3=0 res4=0 res5=0 res6=0 res7=0 res8=0 Farm=1 Road=1 House=1 Apiary=1 Puerperal=2 | nw=1453637.4974
  s=  132 a= 30(BUILD:BigIronmine) r= -0.8114 cum=    -47.24 v= -0.1614 top5=[a39=0.035, a3=0.032, a13=0.030, a41=0.027, a32=0.027] [BUILD: BigIronmine]
    OBS: year=0 month=7 season=1 money=3011 credit=117184 people=29 busy=6 free=23 home_places=110 need_workers=6 tax_due=0 main_tax_due=0 tax_amount=7226 main_tax_amount=0 days_alive=142 stage=0 res0=0 res1=200 res2=0 res3=0 res4=0 res5=0 res6=0 res7=0 res8=0 Farm=1 Road=1 House=1 Apiary=1 Puerperal=2 | nw=1453384.6886
  s=  133 a=  4(BUILD:Garden) r= -0.4353 cum=    -47.67 v= -0.1596 top5=[a39=0.035, a3=0.032, a13=0.030, a41=0.027, a11=0.027] [BUILD: Garden]
    OBS: year=0 month=7 season=1 money=3011 credit=117418 people=29 busy=6 free=23 home_places=110 need_workers=6 tax_due=0 main_tax_due=0 tax_amount=7226 main_tax_amount=0 days_alive=143 stage=0 res0=0 res1=200 res2=0 res3=0 res4=0 res5=0 res6=0 res7=0 res8=0 Farm=1 Road=1 House=1 Apiary=1 Puerperal=2 | nw=1453127.5929
  s=  134 a= 28(BUILD:BigRefinary) r= -0.8169 cum=    -48.49 v= -0.1575 top5=[a39=0.035, a3=0.032, a13=0.030, a11=0.027, a32=0.027] [BUILD: BigRefinary]
    OBS: year=0 month=7 season=1 money=3011 credit=117652 people=29 busy=6 free=23 home_places=110 need_workers=6 tax_due=0 main_tax_due=0 tax_amount=7226 main_tax_amount=0 days_alive=144 stage=0 res0=0 res1=200 res2=0 res3=0 res4=0 res5=0 res6=0 res7=0 res8=0 Farm=1 Road=1 House=1 Apiary=1 Puerperal=2 | nw=1452869.9615
  s=  135 a= 26(BUILD:BigSawmill) r= -0.8167 cum=    -49.31 v= -0.1546 top5=[a39=0.035, a3=0.032, a13=0.030, a11=0.027, a41=0.027] [BUILD: BigSawmill]
    OBS: year=0 month=7 season=1 money=3011 credit=117887 people=29 busy=6 free=23 home_places=110 need_workers=6 tax_due=0 main_tax_due=0 tax_amount=7226 main_tax_amount=0 days_alive=145 stage=0 res0=0 res1=200 res2=0 res3=0 res4=0 res5=0 res6=0 res7=0 res8=0 Farm=1 Road=1 House=1 Apiary=1 Puerperal=2 | nw=1452615.1528
  s=  136 a= 43(MANAGER:9) r= -0.8203 cum=    -50.13 v= -0.1510 top5=[a39=0.035, a3=0.031, a13=0.030, a11=0.027, a41=0.027]
    OBS: year=0 month=7 season=1 money=3011 credit=118122 people=29 busy=6 free=23 home_places=110 need_workers=6 tax_due=0 main_tax_due=0 tax_amount=7226 main_tax_amount=0 days_alive=146 stage=0 res0=0 res1=200 res2=0 res3=0 res4=0 res5=0 res6=0 res7=0 res8=0 Farm=1 Road=1 House=1 Apiary=1 Puerperal=2 | nw=1452356.5214
  s=  137 a= 10(BUILD:Refinery) r= -0.8223 cum=    -50.95 v= -0.1469 top5=[a39=0.035, a3=0.031, a13=0.030, a11=0.027, a41=0.027] [BUILD: Refinery]
    OBS: year=0 month=7 season=1 money=3011 credit=118358 people=29 busy=6 free=23 home_places=110 need_workers=6 tax_due=0 main_tax_due=0 tax_amount=7226 main_tax_amount=0 days_alive=147 stage=0 res0=0 res1=200 res2=0 res3=0 res4=0 res5=0 res6=0 res7=0 res8=0 Farm=1 Road=1 House=1 Apiary=1 Puerperal=2 | nw=1452096.8900
  s=  138 a= 27(BUILD:WaterMill) r= -0.8194 cum=    -51.77 v= -0.1432 top5=[a39=0.035, a3=0.031, a13=0.030, a11=0.027, a41=0.027] [BUILD: WaterMill]
    OBS: year=0 month=7 season=1 money=3011 credit=118594 people=29 busy=6 free=23 home_places=110 need_workers=6 tax_due=0 main_tax_due=0 tax_amount=7226 main_tax_amount=0 days_alive=148 stage=0 res0=0 res1=200 res2=0 res3=0 res4=0 res5=0 res6=0 res7=0 res8=0 Farm=1 Road=1 House=1 Apiary=1 Puerperal=2 | nw=1451844.9039
  s=  139 a= 41(MANAGER:7) r= +0.1959 cum=    -51.57 v= -0.1400 top5=[a39=0.035, a3=0.031, a13=0.030, a11=0.027, a41=0.027]
    OBS: year=0 month=7 season=1 money=2611 credit=118831 people=30 busy=6 free=24 home_places=110 need_workers=6 tax_due=0 main_tax_due=0 tax_amount=7230 main_tax_amount=0 days_alive=149 stage=0 res0=0 res1=400 res2=0 res3=0 res4=0 res5=0 res6=0 res7=0 res8=0 Farm=1 Road=1 House=1 Apiary=1 Puerperal=2 | nw=1451384.2726
  s=  140 a= 44(MANAGER:10) r= +0.0250 cum=    -51.55 v= -0.1465 top5=[a39=0.035, a3=0.031, a13=0.031, a11=0.027, a41=0.027]
    OBS: year=0 month=7 season=1 money=2611 credit=119068 people=30 busy=6 free=24 home_places=110 need_workers=6 tax_due=0 main_tax_due=0 tax_amount=7230 main_tax_amount=0 days_alive=150 stage=0 res0=0 res1=400 res2=0 res3=0 res4=0 res5=0 res6=0 res7=0 res8=0 Farm=1 Road=1 House=1 Apiary=1 Puerperal=2 | nw=1451123.6412
  s=  141 a= 23(BUILD:Torchlight) r= -0.8288 cum=    -52.38 v= -0.1441 top5=[a39=0.035, a3=0.031, a13=0.030, a11=0.027, a41=0.027] [BUILD: Torchlight]
    OBS: year=0 month=7 season=1 money=2611 credit=119306 people=30 busy=6 free=24 home_places=110 need_workers=6 tax_due=0 main_tax_due=0 tax_amount=7230 main_tax_amount=0 days_alive=151 stage=0 res0=0 res1=400 res2=0 res3=0 res4=0 res5=0 res6=0 res7=0 res8=0 Farm=1 Road=1 House=1 Apiary=1 Puerperal=2 | nw=1450862.0098
  s=  142 a= 24(BUILD:Hothouse) r= -0.8278 cum=    -53.20 v= -0.1413 top5=[a39=0.035, a3=0.031, a13=0.030, a11=0.027, a29=0.027] [BUILD: Hothouse]
    OBS: year=0 month=7 season=1 money=2611 credit=119544 people=30 busy=6 free=24 home_places=110 need_workers=6 tax_due=0 main_tax_due=0 tax_amount=7230 main_tax_amount=0 days_alive=152 stage=0 res0=0 res1=400 res2=0 res3=0 res4=0 res5=0 res6=0 res7=0 res8=0 Farm=1 Road=1 House=1 Apiary=1 Puerperal=2 | nw=1450604.7367
  s=  143 a= 31(BUILD:AirStation) r= -0.8323 cum=    -54.04 v= -0.1384 top5=[a39=0.035, a3=0.031, a13=0.030, a11=0.027, a29=0.027] [BUILD: AirStation]
    OBS: year=0 month=8 season=1 money=2611 credit=119783 people=30 busy=6 free=24 home_places=110 need_workers=6 tax_due=0 main_tax_due=0 tax_amount=7230 main_tax_amount=0 days_alive=153 stage=0 res0=0 res1=400 res2=0 res3=0 res4=0 res5=0 res6=0 res7=0 res8=0 Farm=1 Road=1 House=1 Apiary=1 Puerperal=2 | nw=1450342.1053
  s=  144 a= 21(BUILD:BigFarm) r= -0.8337 cum=    -54.87 v= -0.1328 top5=[a39=0.032, a3=0.031, a41=0.029, a33=0.029, a13=0.028] [BUILD: BigFarm]
    OBS: year=0 month=8 season=1 money=2611 credit=120022 people=30 busy=6 free=24 home_places=110 need_workers=6 tax_due=0 main_tax_due=0 tax_amount=7230 main_tax_amount=0 days_alive=154 stage=0 res0=0 res1=400 res2=0 res3=0 res4=0 res5=0 res6=0 res7=0 res8=0 Farm=1 Road=1 House=1 Apiary=1 Puerperal=2 | nw=1450079.4740
  s=  145 a= 11(BUILD:Goldmine) r= -0.8348 cum=    -55.71 v= -0.1344 top5=[a39=0.032, a3=0.031, a41=0.029, a33=0.029, a13=0.028] [BUILD: Goldmine]
    OBS: year=0 month=8 season=1 money=2611 credit=120262 people=30 busy=6 free=24 home_places=110 need_workers=6 tax_due=0 main_tax_due=0 tax_amount=7230 main_tax_amount=0 days_alive=155 stage=0 res0=0 res1=400 res2=0 res3=0 res4=0 res5=0 res6=0 res7=0 res8=0 Farm=1 Road=1 House=1 Apiary=1 Puerperal=2 | nw=1449817.5437
  s=  146 a= 12(BUILD:PowerStation) r= +0.5719 cum=    -55.13 v= -0.1358 top5=[a39=0.032, a3=0.031, a41=0.029, a33=0.029, a13=0.028] [BUILD: PowerStation]
    OBS: year=0 month=8 season=1 money=2211 credit=120502 people=30 busy=6 free=24 home_places=110 need_workers=16 tax_due=0 main_tax_due=0 tax_amount=7230 main_tax_amount=0 days_alive=156 stage=0 res0=0 res1=400 res2=0 res3=0 res4=0 res5=0 res6=0 res7=0 res8=0 Farm=1 Road=2 House=1 Apiary=1 Puerperal=2 | nw=1449561.5575
  s=  147 a=  5(BUILD:House) r= -0.8366 cum=    -55.97 v= -0.0855 top5=[a39=0.032, a3=0.029, a13=0.029, a32=0.028, a11=0.028] [BUILD: House]
    OBS: year=0 month=8 season=1 money=2211 credit=120743 people=30 busy=6 free=24 home_places=110 need_workers=16 tax_due=0 main_tax_due=0 tax_amount=7230 main_tax_amount=0 days_alive=157 stage=0 res0=0 res1=400 res2=0 res3=0 res4=0 res5=0 res6=0 res7=0 res8=0 Farm=1 Road=2 House=1 Apiary=1 Puerperal=2 | nw=1449300.7488
  s=  148 a= 13(BUILD:HydroStation) r= -0.8381 cum=    -56.81 v= -0.0870 top5=[a39=0.032, a3=0.029, a13=0.029, a32=0.028, a11=0.028] [BUILD: HydroStation]
    OBS: year=0 month=8 season=1 money=2211 credit=120984 people=30 busy=6 free=24 home_places=110 need_workers=16 tax_due=0 main_tax_due=0 tax_amount=7230 main_tax_amount=0 days_alive=158 stage=0 res0=0 res1=400 res2=0 res3=0 res4=0 res5=0 res6=0 res7=0 res8=0 Farm=1 Road=2 House=1 Apiary=1 Puerperal=2 | nw=1449039.9401
  s=  149 a= 11(BUILD:Goldmine) r= -0.8417 cum=    -57.65 v= -0.0882 top5=[a39=0.032, a13=0.029, a3=0.029, a11=0.028, a32=0.028] [BUILD: Goldmine]
    OBS: year=0 month=8 season=1 money=2211 credit=121225 people=30 busy=6 free=24 home_places=110 need_workers=16 tax_due=0 main_tax_due=0 tax_amount=7230 main_tax_amount=0 days_alive=159 stage=0 res0=0 res1=400 res2=0 res3=0 res4=0 res5=0 res6=0 res7=0 res8=0 Farm=1 Road=2 House=1 Apiary=1 Puerperal=2 | nw=1448775.3087
  s=  150 a= 42(MANAGER:8) r= -0.8415 cum=    -58.49 v= -0.0894 top5=[a39=0.032, a13=0.029, a3=0.029, a11=0.029, a32=0.028]
    OBS: year=0 month=8 season=1 money=2211 credit=121467 people=30 busy=6 free=24 home_places=110 need_workers=16 tax_due=0 main_tax_due=0 tax_amount=7230 main_tax_amount=0 days_alive=160 stage=0 res0=0 res1=400 res2=0 res3=0 res4=0 res5=0 res6=0 res7=0 res8=0 Farm=1 Road=2 House=1 Apiary=1 Puerperal=2 | nw=1448513.4999
  s=  151 a= 12(BUILD:PowerStation) r= +0.5652 cum=    -57.93 v= -0.0901 top5=[a39=0.032, a13=0.029, a3=0.029, a11=0.029, a32=0.028] [BUILD: PowerStation]
    OBS: year=0 month=8 season=1 money=1811 credit=121709 people=30 busy=6 free=24 home_places=110 need_workers=16 tax_due=0 main_tax_due=0 tax_amount=7230 main_tax_amount=0 days_alive=161 stage=0 res0=0 res1=400 res2=0 res3=0 res4=0 res5=0 res6=0 res7=0 res8=0 Farm=1 Road=3 House=1 Apiary=1 Puerperal=2 | nw=1448247.8686
  s=  152 a=  9(BUILD:Ironmine) r= -0.8468 cum=    -58.77 v= -0.0613 top5=[a39=0.032, a13=0.029, a11=0.029, a3=0.028, a33=0.028] [BUILD: Ironmine]
    OBS: year=0 month=8 season=1 money=1811 credit=121952 people=30 busy=6 free=24 home_places=110 need_workers=16 tax_due=0 main_tax_due=0 tax_amount=7230 main_tax_amount=0 days_alive=162 stage=0 res0=0 res1=400 res2=0 res3=0 res4=0 res5=0 res6=0 res7=0 res8=0 Farm=1 Road=3 House=1 Apiary=1 Puerperal=2 | nw=1447981.2372
  s=  153 a= 37(MANAGER:3) r= -5.0679 cum=    -63.84 v= -0.0938 top5=[a39=0.032, a13=0.029, a11=0.029, a3=0.029, a32=0.028]
    OBS: year=0 month=8 season=1 money=2749 credit=122195 people=30 busy=6 free=24 home_places=110 need_workers=11 tax_due=0 main_tax_due=0 tax_amount=6810 main_tax_amount=0 days_alive=163 stage=0 res0=0 res1=400 res2=0 res3=0 res4=0 res5=0 res6=0 res7=0 res8=0 Farm=1 Road=3 House=1 Puerperal=2 | nw=1439364.2471
  s=  154 a= 13(BUILD:HydroStation) r= -0.8434 cum=    -64.68 v= -0.0135 top5=[a33=0.029, a39=0.028, a24=0.028, a11=0.027, a38=0.027] [BUILD: HydroStation]
    OBS: year=0 month=8 season=1 money=2749 credit=122439 people=30 busy=6 free=24 home_places=110 need_workers=11 tax_due=0 main_tax_due=0 tax_amount=6810 main_tax_amount=0 days_alive=164 stage=0 res0=0 res1=400 res2=0 res3=0 res4=0 res5=0 res6=0 res7=0 res8=0 Farm=1 Road=3 House=1 Puerperal=2 | nw=1439100.4832
  s=  155 a= 13(BUILD:HydroStation) r= -0.8427 cum=    -65.53 v= -0.0160 top5=[a33=0.029, a24=0.028, a39=0.028, a11=0.028, a38=0.027] [BUILD: HydroStation]
    OBS: year=0 month=8 season=1 money=2749 credit=122683 people=30 busy=6 free=24 home_places=110 need_workers=11 tax_due=0 main_tax_due=0 tax_amount=6810 main_tax_amount=0 days_alive=165 stage=0 res0=0 res1=400 res2=0 res3=0 res4=0 res5=0 res6=0 res7=0 res8=0 Farm=1 Road=3 House=1 Puerperal=2 | nw=1438840.5419
  s=  156 a= 27(BUILD:WaterMill) r= -0.8447 cum=    -66.37 v= -0.0180 top5=[a33=0.029, a24=0.028, a39=0.028, a11=0.028, a38=0.027] [BUILD: WaterMill]
    OBS: year=0 month=8 season=1 money=2749 credit=122928 people=30 busy=6 free=24 home_places=110 need_workers=11 tax_due=0 main_tax_due=0 tax_amount=6810 main_tax_amount=0 days_alive=166 stage=0 res0=0 res1=400 res2=0 res3=0 res4=0 res5=0 res6=0 res7=0 res8=0 Farm=1 Road=3 House=1 Puerperal=2 | nw=1438579.6006
  s=  157 a= 25(BUILD:SuperHouse) r= -0.8462 cum=    -67.22 v= -0.0199 top5=[a33=0.029, a24=0.029, a39=0.028, a11=0.028, a38=0.028] [BUILD: SuperHouse]
    OBS: year=0 month=8 season=1 money=2749 credit=123173 people=30 busy=6 free=24 home_places=110 need_workers=11 tax_due=0 main_tax_due=0 tax_amount=6810 main_tax_amount=0 days_alive=167 stage=0 res0=0 res1=400 res2=0 res3=0 res4=0 res5=0 res6=0 res7=0 res8=0 Farm=1 Road=3 House=1 Puerperal=2 | nw=1438318.6593
  s=  158 a=  1(WEEK) r= -3.3450 cum=    -70.56 v= -0.0604 top5=[a39=0.029, a33=0.029, a24=0.028, a3=0.028, a13=0.028]
    OBS: year=0 month=8 season=1 money=2749 credit=124904 people=30 busy=6 free=24 home_places=110 need_workers=11 tax_due=0 main_tax_due=0 tax_amount=6810 main_tax_amount=0 days_alive=174 stage=0 res0=0 res1=400 res2=0 res3=0 res4=0 res5=0 res6=0 res7=0 res8=0 Farm=1 Road=3 House=1 Puerperal=2 | nw=1436457.4927
  s=  159 a= 39(MANAGER:5) r= -0.8561 cum=    -71.42 v= -0.0661 top5=[a39=0.030, a24=0.029, a13=0.029, a33=0.028, a11=0.028]
    OBS: year=0 month=8 season=1 money=2749 credit=125153 people=30 busy=6 free=24 home_places=110 need_workers=11 tax_due=0 main_tax_due=0 tax_amount=6810 main_tax_amount=0 days_alive=175 stage=0 res0=0 res1=400 res2=0 res3=0 res4=0 res5=0 res6=0 res7=0 res8=0 Farm=1 Road=3 House=1 Puerperal=2 | nw=1436188.7288
  s=  160 a= 10(BUILD:Refinery) r= -0.8582 cum=    -72.28 v= -0.0661 top5=[a39=0.030, a24=0.029, a13=0.029, a33=0.028, a11=0.028] [BUILD: Refinery]
    OBS: year=0 month=8 season=1 money=2749 credit=125403 people=30 busy=6 free=24 home_places=110 need_workers=11 tax_due=0 main_tax_due=0 tax_amount=6810 main_tax_amount=0 days_alive=176 stage=0 res0=0 res1=400 res2=0 res3=0 res4=0 res5=0 res6=0 res7=0 res8=0 Farm=1 Road=3 House=1 Puerperal=2 | nw=1435918.9649
  s=  161 a= 26(BUILD:BigSawmill) r= -0.8597 cum=    -73.14 v= -0.0659 top5=[a39=0.031, a24=0.029, a13=0.029, a11=0.028, a33=0.028] [BUILD: BigSawmill]
    OBS: year=0 month=8 season=1 money=2749 credit=125653 people=30 busy=6 free=24 home_places=110 need_workers=11 tax_due=0 main_tax_due=0 tax_amount=6810 main_tax_amount=0 days_alive=177 stage=0 res0=0 res1=400 res2=0 res3=0 res4=0 res5=0 res6=0 res7=0 res8=0 Farm=1 Road=3 House=1 Puerperal=2 | nw=1435649.2010
  s=  162 a= 37(MANAGER:3) r= -5.7438 cum=    -78.88 v= -0.0654 top5=[a39=0.031, a24=0.029, a13=0.029, a11=0.028, a33=0.028]
    OBS: year=0 month=8 season=1 money=6459 credit=125904 people=30 busy=3 free=27 home_places=110 need_workers=8 tax_due=0 main_tax_due=0 tax_amount=6390 main_tax_amount=0 days_alive=178 stage=0 res0=0 res1=400 res2=0 res3=0 res4=0 res5=0 res6=0 res7=0 res8=0 Farm=1 Road=3 House=1 Puerperal=1 | nw=1402510.9600
  s=  163 a=  5(BUILD:House) r= -0.8495 cum=    -79.73 v= -0.1070 top5=[a39=0.031, a11=0.029, a13=0.029, a12=0.029, a38=0.028] [BUILD: House]
    OBS: year=0 month=8 season=1 money=6459 credit=126155 people=30 busy=3 free=27 home_places=110 need_workers=8 tax_due=0 main_tax_due=0 tax_amount=6390 main_tax_amount=0 days_alive=179 stage=0 res0=0 res1=400 res2=0 res3=0 res4=0 res5=0 res6=0 res7=0 res8=0 Farm=1 Road=3 House=1 Puerperal=1 | nw=1402253.3651
  s=  164 a= 15(BUILD:Fish) r= -0.8547 cum=    -80.58 v= -0.1056 top5=[a39=0.032, a11=0.030, a13=0.029, a12=0.029, a38=0.028] [BUILD: Fish]
    OBS: year=0 month=8 season=1 money=6459 credit=126407 people=30 busy=3 free=27 home_places=110 need_workers=8 tax_due=0 main_tax_due=0 tax_amount=6390 main_tax_amount=0 days_alive=180 stage=0 res0=0 res1=400 res2=0 res3=0 res4=0 res5=0 res6=0 res7=0 res8=0 Farm=1 Road=3 House=1 Puerperal=1 | nw=1401989.2464
  s=  165 a= 13(BUILD:HydroStation) r= -0.8562 cum=    -81.44 v= -0.1042 top5=[a39=0.032, a11=0.030, a13=0.029, a12=0.029, a38=0.028] [BUILD: HydroStation]
    OBS: year=0 month=8 season=1 money=6459 credit=126659 people=30 busy=3 free=27 home_places=110 need_workers=8 tax_due=0 main_tax_due=0 tax_amount=6390 main_tax_amount=0 days_alive=181 stage=0 res0=0 res1=400 res2=0 res3=0 res4=0 res5=0 res6=0 res7=0 res8=0 Farm=1 Road=3 House=1 Puerperal=1 | nw=1401725.1277
  s=  166 a=  2(BUILD:WaterChannel) r= -0.8582 cum=    -82.30 v= -0.1025 top5=[a39=0.032, a11=0.030, a13=0.029, a12=0.029, a24=0.028] [BUILD: WaterChannel]
    OBS: year=0 month=8 season=1 money=6459 credit=126912 people=30 busy=3 free=27 home_places=110 need_workers=8 tax_due=0 main_tax_due=0 tax_amount=6390 main_tax_amount=0 days_alive=182 stage=0 res0=0 res1=400 res2=0 res3=0 res4=0 res5=0 res6=0 res7=0 res8=0 Farm=1 Road=3 House=1 Puerperal=1 | nw=1401460.0091
  s=  167 a= 26(BUILD:BigSawmill) r= -0.8597 cum=    -83.16 v= -0.1006 top5=[a39=0.032, a11=0.030, a13=0.029, a12=0.029, a24=0.028] [BUILD: BigSawmill]
    OBS: year=0 month=8 season=1 money=6459 credit=127165 people=30 busy=3 free=27 home_places=110 need_workers=8 tax_due=0 main_tax_due=0 tax_amount=6390 main_tax_amount=0 days_alive=183 stage=0 res0=0 res1=400 res2=0 res3=0 res4=0 res5=0 res6=0 res7=0 res8=0 Farm=1 Road=3 House=1 Puerperal=1 | nw=1401194.8904
  s=  168 a=  0(DAY) r= -5.7327 cum=    -88.89 v= -0.0987 top5=[a39=0.032, a11=0.030, a13=0.029, a12=0.029, a24=0.029]
    OBS: year=0 month=9 season=2 money=6459 credit=127419 people=30 busy=3 free=27 home_places=110 need_workers=8 tax_due=0 main_tax_due=0 tax_amount=6390 main_tax_amount=0 days_alive=184 stage=0 res0=0 res1=400 res2=0 res3=0 res4=0 res5=0 res6=0 res7=0 res8=0 Farm=1 Road=3 House=1 Puerperal=1 | nw=1400928.7717
  s=  169 a=  1(WEEK) r= -3.4165 cum=    -92.31 v= +0.1308 top5=[a29=0.032, a33=0.029, a27=0.028, a22=0.028, a39=0.027]
    OBS: year=0 month=9 season=2 money=6459 credit=129209 people=30 busy=3 free=27 home_places=110 need_workers=8 tax_due=0 main_tax_due=0 tax_amount=6390 main_tax_amount=0 days_alive=191 stage=0 res0=0 res1=400 res2=0 res3=0 res4=0 res5=0 res6=0 res7=0 res8=0 Farm=1 Road=3 House=1 Puerperal=1 | nw=1399054.3616
  s=  170 a=  3(BUILD:Farm) r= -0.8646 cum=    -93.17 v= +0.1530 top5=[a29=0.032, a33=0.029, a39=0.029, a27=0.028, a22=0.028] [BUILD: Farm]
    OBS: year=0 month=9 season=2 money=6459 credit=129467 people=30 busy=3 free=27 home_places=110 need_workers=8 tax_due=0 main_tax_due=0 tax_amount=6390 main_tax_amount=0 days_alive=192 stage=0 res0=0 res1=400 res2=0 res3=0 res4=0 res5=0 res6=0 res7=0 res8=0 Farm=1 Road=3 House=1 Puerperal=1 | nw=1398782.5418
  s=  171 a= 35(MANAGER:1) r= -0.2405 cum=    -93.41 v= +0.1552 top5=[a29=0.032, a33=0.029, a39=0.029, a27=0.028, a22=0.028]
    OBS: year=0 month=9 season=2 money=6105 credit=129725 people=30 busy=3 free=27 home_places=110 need_workers=8 tax_due=0 main_tax_due=0 tax_amount=6390 main_tax_amount=0 days_alive=193 stage=0 res0=0 res1=400 res2=0 res3=0 res4=0 res5=0 res6=0 res7=0 res8=0 Farm=1 Road=3 House=1 Puerperal=1 | nw=1398608.9579
  s=  172 a=  8(BUILD:Coalmine) r= -0.8671 cum=    -94.28 v= +0.1571 top5=[a29=0.032, a33=0.029, a39=0.029, a27=0.028, a22=0.028] [BUILD: Coalmine]
    OBS: year=0 month=9 season=2 money=6105 credit=129984 people=30 busy=3 free=27 home_places=110 need_workers=8 tax_due=0 main_tax_due=0 tax_amount=6390 main_tax_amount=0 days_alive=194 stage=0 res0=0 res1=400 res2=0 res3=0 res4=0 res5=0 res6=0 res7=0 res8=0 Farm=1 Road=3 House=1 Puerperal=1 | nw=1398337.8393
  s=  173 a= 16(BUILD:CoalCut) r= -0.8686 cum=    -95.15 v= +0.1589 top5=[a29=0.031, a39=0.029, a33=0.029, a27=0.028, a22=0.028] [BUILD: CoalCut]
    OBS: year=0 month=9 season=2 money=6105 credit=130243 people=30 busy=3 free=27 home_places=110 need_workers=8 tax_due=0 main_tax_due=0 tax_amount=6390 main_tax_amount=0 days_alive=195 stage=0 res0=0 res1=400 res2=0 res3=0 res4=0 res5=0 res6=0 res7=0 res8=0 Farm=1 Road=3 House=1 Puerperal=1 | nw=1398066.7206
  s=  174 a= 29(BUILD:Puerperal) r= -0.8718 cum=    -96.02 v= +0.1605 top5=[a29=0.031, a39=0.029, a33=0.029, a27=0.028, a22=0.027] [BUILD: Puerperal]
    OBS: year=0 month=9 season=2 money=6105 credit=130503 people=30 busy=3 free=27 home_places=110 need_workers=8 tax_due=0 main_tax_due=0 tax_amount=6390 main_tax_amount=0 days_alive=196 stage=0 res0=0 res1=400 res2=0 res3=0 res4=0 res5=0 res6=0 res7=0 res8=0 Farm=1 Road=3 House=1 Puerperal=1 | nw=1397792.4804
  s=  175 a= 14(BUILD:Road) r= +0.2189 cum=    -95.80 v= +0.1620 top5=[a29=0.031, a39=0.029, a33=0.029, a27=0.028, a22=0.027] [BUILD: Road]
    OBS: year=0 month=9 season=2 money=205 credit=130764 people=30 busy=3 free=27 home_places=110 need_workers=8 tax_due=0 main_tax_due=0 tax_amount=6810 main_tax_amount=0 days_alive=197 stage=0 res0=0 res1=400 res2=0 res3=0 res4=0 res5=0 res6=0 res7=0 res8=0 Farm=1 Road=3 House=1 SmallHouse=1 Puerperal=1 | nw=1397519.3617
  s=  176 a= 19(BUILD:Mushroom) r= -0.8762 cum=    -96.68 v= +0.1050 top5=[a39=0.032, a33=0.031, a29=0.029, a12=0.027, a27=0.027] [BUILD: Mushroom]
    OBS: year=0 month=9 season=2 money=205 credit=131025 people=30 busy=3 free=27 home_places=110 need_workers=8 tax_due=0 main_tax_due=0 tax_amount=6810 main_tax_amount=0 days_alive=198 stage=0 res0=0 res1=400 res2=0 res3=0 res4=0 res5=0 res6=0 res7=0 res8=0 Farm=1 Road=3 House=1 SmallHouse=1 Puerperal=1 | nw=1397242.4204
  s=  177 a= 40(MANAGER:6) r= -0.1779 cum=    -96.86 v= +0.1053 top5=[a39=0.032, a33=0.031, a29=0.029, a12=0.027, a27=0.027]
    OBS: year=0 month=9 season=2 money=405 credit=131287 people=30 busy=3 free=27 home_places=110 need_workers=8 tax_due=0 main_tax_due=0 tax_amount=6814 main_tax_amount=0 days_alive=199 stage=0 res0=0 res1=200 res2=0 res3=0 res4=0 res5=0 res6=0 res7=0 res8=0 Farm=1 Road=3 House=1 SmallHouse=1 Puerperal=1 | nw=1396968.3017
  s=  178 a= 35(MANAGER:1) r= +0.8485 cum=    -96.01 v= +0.1056 top5=[a39=0.032, a33=0.031, a29=0.029, a12=0.027, a27=0.027]
    OBS: year=0 month=9 season=2 money=357 credit=131549 people=30 busy=3 free=27 home_places=110 need_workers=8 tax_due=0 main_tax_due=0 tax_amount=6814 main_tax_amount=0 days_alive=200 stage=0 res0=0 res1=200 res2=0 res3=0 res4=0 res5=0 res6=0 res7=0 res8=0 Farm=1 Road=3 House=1 SmallHouse=1 Puerperal=1 | nw=1396707.3452
  s=  179 a= 44(MANAGER:10) r= -0.0199 cum=    -96.03 v= +0.1060 top5=[a39=0.032, a33=0.031, a29=0.029, a12=0.027, a27=0.027]
    OBS: year=0 month=9 season=2 money=357 credit=131812 people=30 busy=3 free=27 home_places=110 need_workers=8 tax_due=0 main_tax_due=0 tax_amount=6814 main_tax_amount=0 days_alive=201 stage=0 res0=0 res1=200 res2=0 res3=0 res4=0 res5=0 res6=0 res7=0 res8=0 Farm=1 Road=3 House=1 SmallHouse=1 Puerperal=1 | nw=1396431.6909
  s=  180 a=  2(BUILD:WaterChannel) r= -0.8806 cum=    -96.91 v= +0.1065 top5=[a39=0.032, a33=0.031, a29=0.029, a12=0.027, a27=0.027] [BUILD: WaterChannel]
    OBS: year=0 month=9 season=2 money=357 credit=132075 people=30 busy=3 free=27 home_places=110 need_workers=8 tax_due=0 main_tax_due=0 tax_amount=6814 main_tax_amount=0 days_alive=202 stage=0 res0=0 res1=200 res2=0 res3=0 res4=0 res5=0 res6=0 res7=0 res8=0 Farm=1 Road=3 House=1 SmallHouse=1 Puerperal=1 | nw=1396156.0366
  s=  181 a= 28(BUILD:BigRefinary) r= -0.3089 cum=    -97.22 v= +0.1065 top5=[a39=0.033, a33=0.031, a29=0.029, a12=0.028, a27=0.027] [BUILD: BigRefinary]
    OBS: year=0 month=9 season=2 money=357 credit=132339 people=31 busy=3 free=28 home_places=110 need_workers=8 tax_due=0 main_tax_due=0 tax_amount=6814 main_tax_amount=0 days_alive=203 stage=0 res0=0 res1=200 res2=0 res3=0 res4=0 res5=0 res6=0 res7=0 res8=0 Farm=1 Road=3 House=1 SmallHouse=1 Puerperal=1 | nw=1395879.3822
  s=  182 a= 33(BUILD:AtomStation) r= -0.8848 cum=    -98.10 v= +0.1090 top5=[a39=0.033, a33=0.031, a29=0.028, a12=0.028, a27=0.027] [BUILD: AtomStation]
    OBS: year=0 month=9 season=2 money=357 credit=132603 people=31 busy=3 free=28 home_places=110 need_workers=8 tax_due=0 main_tax_due=0 tax_amount=6814 main_tax_amount=0 days_alive=204 stage=0 res0=0 res1=200 res2=0 res3=0 res4=0 res5=0 res6=0 res7=0 res8=0 Farm=1 Road=3 House=1 SmallHouse=1 Puerperal=1 | nw=1395601.5625
  s=  183 a=  3(BUILD:Farm) r= -5.7471 cum=   -103.85 v= +0.0987 top5=[a39=0.034, a33=0.031, a29=0.029, a12=0.028, a27=0.027] [BUILD FAILED: Farm money=357 free=27]
    OBS: year=0 month=9 season=2 money=357 credit=132868 people=30 busy=3 free=27 home_places=110 need_workers=8 tax_due=0 main_tax_due=0 tax_amount=6814 main_tax_amount=0 days_alive=205 stage=0 res0=0 res1=200 res2=0 res3=0 res4=0 res5=0 res6=0 res7=0 res8=0 Farm=1 Road=3 House=1 SmallHouse=1 Puerperal=1 | nw=1395323.6841
  s=  184 a= 16(BUILD:CoalCut) r= -0.8812 cum=   -104.73 v= +0.0873 top5=[a39=0.034, a33=0.031, a29=0.030, a12=0.027, a27=0.027] [BUILD: CoalCut]
    OBS: year=0 month=9 season=2 money=357 credit=133133 people=30 busy=3 free=27 home_places=110 need_workers=8 tax_due=0 main_tax_due=0 tax_amount=6814 main_tax_amount=0 days_alive=206 stage=0 res0=0 res1=200 res2=0 res3=0 res4=0 res5=0 res6=0 res7=0 res8=0 Farm=1 Road=3 House=1 SmallHouse=1 Puerperal=1 | nw=1395046.7469
  s=  185 a= 11(BUILD:Goldmine) r= -0.8838 cum=   -105.61 v= +0.0891 top5=[a39=0.034, a33=0.031, a29=0.030, a12=0.028, a27=0.027] [BUILD: Goldmine]
    OBS: year=0 month=9 season=2 money=357 credit=133399 people=30 busy=3 free=27 home_places=110 need_workers=8 tax_due=0 main_tax_due=0 tax_amount=6814 main_tax_amount=0 days_alive=207 stage=0 res0=0 res1=200 res2=0 res3=0 res4=0 res5=0 res6=0 res7=0 res8=0 Farm=1 Road=3 House=1 SmallHouse=1 Puerperal=1 | nw=1394767.8684
  s=  186 a= 38(MANAGER:4) r= +1.4031 cum=   -104.21 v= +0.0900 top5=[a39=0.034, a33=0.031, a29=0.030, a12=0.028, a27=0.027]
    OBS: year=0 month=9 season=2 money=357 credit=133665 people=30 busy=3 free=27 home_places=110 need_workers=8 tax_due=0 main_tax_due=0 tax_amount=6814 main_tax_amount=0 days_alive=208 stage=0 res0=0 res1=200 res2=0 res3=0 res4=0 res5=0 res6=0 res7=0 res8=0 Farm=1 Road=3 House=1 SmallHouse=1 Puerperal=1 | nw=1394488.2302
  s=  187 a= 35(MANAGER:1) r= -0.8867 cum=   -105.10 v= +0.0797 top5=[a39=0.034, a33=0.030, a29=0.030, a12=0.028, a27=0.027]
    OBS: year=0 month=9 season=2 money=357 credit=133932 people=30 busy=3 free=27 home_places=110 need_workers=8 tax_due=0 main_tax_due=0 tax_amount=6814 main_tax_amount=0 days_alive=209 stage=0 res0=0 res1=200 res2=0 res3=0 res4=0 res5=0 res6=0 res7=0 res8=0 Farm=1 Road=3 House=1 SmallHouse=1 Puerperal=1 | nw=1394207.5920
  s=  188 a= 18(BUILD:CowFarm) r= -0.8882 cum=   -105.99 v= +0.0802 top5=[a39=0.035, a33=0.030, a29=0.030, a12=0.028, a27=0.027] [BUILD: CowFarm]
    OBS: year=0 month=9 season=2 money=357 credit=134199 people=30 busy=3 free=27 home_places=110 need_workers=8 tax_due=0 main_tax_due=0 tax_amount=6814 main_tax_amount=0 days_alive=210 stage=0 res0=0 res1=200 res2=0 res3=0 res4=0 res5=0 res6=0 res7=0 res8=0 Farm=1 Road=3 House=1 SmallHouse=1 Puerperal=1 | nw=1393926.9537
  s=  189 a= 16(BUILD:CoalCut) r= -0.8907 cum=   -106.88 v= +0.0810 top5=[a39=0.035, a33=0.031, a29=0.030, a12=0.028, a27=0.027] [BUILD: CoalCut]
    OBS: year=0 month=9 season=2 money=357 credit=134467 people=30 busy=3 free=27 home_places=110 need_workers=8 tax_due=0 main_tax_due=0 tax_amount=6814 main_tax_amount=0 days_alive=211 stage=0 res0=0 res1=200 res2=0 res3=0 res4=0 res5=0 res6=0 res7=0 res8=0 Farm=1 Road=3 House=1 SmallHouse=1 Puerperal=1 | nw=1393644.5557
  s=  190 a= 12(BUILD:PowerStation) r= -0.8913 cum=   -107.77 v= +0.0810 top5=[a39=0.035, a33=0.031, a29=0.030, a12=0.028, a27=0.027] [BUILD: PowerStation]
    OBS: year=0 month=9 season=2 money=357 credit=134735 people=30 busy=3 free=27 home_places=110 need_workers=8 tax_due=0 main_tax_due=0 tax_amount=6814 main_tax_amount=0 days_alive=212 stage=0 res0=0 res1=200 res2=0 res3=0 res4=0 res5=0 res6=0 res7=0 res8=0 Farm=1 Road=3 House=1 SmallHouse=1 Puerperal=1 | nw=1393363.6772
  s=  191 a= 31(BUILD:AirStation) r= -0.8939 cum=   -108.66 v= +0.0807 top5=[a39=0.035, a33=0.031, a29=0.030, a12=0.028, a27=0.027] [BUILD: AirStation]
    OBS: year=0 month=9 season=2 money=357 credit=135004 people=30 busy=3 free=27 home_places=110 need_workers=8 tax_due=0 main_tax_due=0 tax_amount=6814 main_tax_amount=0 days_alive=213 stage=0 res0=0 res1=200 res2=0 res3=0 res4=0 res5=0 res6=0 res7=0 res8=0 Farm=1 Road=3 House=1 SmallHouse=1 Puerperal=1 | nw=1393081.0390
  s=  192 a= 20(BUILD:BigHouse) r= -0.8960 cum=   -109.56 v= +0.0800 top5=[a39=0.035, a33=0.031, a29=0.030, a12=0.028, a24=0.027] [BUILD: BigHouse]
    OBS: year=0 month=10 season=2 money=357 credit=135274 people=30 busy=3 free=27 home_places=110 need_workers=8 tax_due=0 main_tax_due=0 tax_amount=6814 main_tax_amount=0 days_alive=214 stage=0 res0=0 res1=200 res2=0 res3=0 res4=0 res5=0 res6=0 res7=0 res8=0 Farm=1 Road=3 House=1 SmallHouse=1 Puerperal=1 | nw=1392797.4008
  s=  193 a= 17(BUILD:HuntingLand) r= -0.8975 cum=   -110.45 v= +0.0621 top5=[a29=0.032, a39=0.030, a33=0.028, a1=0.027, a44=0.027] [BUILD: HuntingLand]
    OBS: year=0 month=10 season=2 money=357 credit=135544 people=30 busy=3 free=27 home_places=110 need_workers=8 tax_due=0 main_tax_due=0 tax_amount=6814 main_tax_amount=0 days_alive=215 stage=0 res0=0 res1=200 res2=0 res3=0 res4=0 res5=0 res6=0 res7=0 res8=0 Farm=1 Road=3 House=1 SmallHouse=1 Puerperal=1 | nw=1392513.7625
  s=  194 a= 38(MANAGER:4) r= +1.4016 cum=   -109.05 v= +0.0658 top5=[a29=0.032, a39=0.030, a33=0.028, a1=0.027, a44=0.027]
    OBS: year=0 month=10 season=2 money=357 credit=135815 people=30 busy=0 free=30 home_places=110 need_workers=5 tax_due=0 main_tax_due=0 tax_amount=6814 main_tax_amount=0 days_alive=216 stage=0 res0=0 res1=200 res2=0 res3=0 res4=0 res5=0 res6=0 res7=0 res8=0 Farm=1 Road=3 House=1 SmallHouse=1 Puerperal=1 | nw=1392229.1243
  s=  195 a= 33(BUILD:AtomStation) r= -0.9000 cum=   -109.95 v= +0.0042 top5=[a29=0.032, a39=0.031, a27=0.027, a33=0.027, a44=0.026] [BUILD: AtomStation]
    OBS: year=0 month=10 season=2 money=357 credit=136086 people=30 busy=0 free=30 home_places=110 need_workers=5 tax_due=0 main_tax_due=0 tax_amount=6814 main_tax_amount=0 days_alive=217 stage=0 res0=0 res1=200 res2=0 res3=0 res4=0 res5=0 res6=0 res7=0 res8=0 Farm=1 Road=3 House=1 SmallHouse=1 Puerperal=1 | nw=1391944.4860
  s=  196 a= 28(BUILD:BigRefinary) r= -0.9009 cum=   -110.85 v= +0.0075 top5=[a29=0.032, a39=0.031, a27=0.027, a33=0.027, a44=0.026] [BUILD: BigRefinary]
    OBS: year=0 month=10 season=2 money=357 credit=136358 people=30 busy=0 free=30 home_places=110 need_workers=5 tax_due=0 main_tax_due=0 tax_amount=6814 main_tax_amount=0 days_alive=218 stage=0 res0=0 res1=200 res2=0 res3=0 res4=0 res5=0 res6=0 res7=0 res8=0 Farm=1 Road=3 House=1 SmallHouse=1 Puerperal=1 | nw=1391660.9694
  s=  197 a= 41(MANAGER:7) r= -0.9058 cum=   -111.76 v= +0.0105 top5=[a29=0.032, a39=0.031, a27=0.028, a33=0.027, a44=0.026]
    OBS: year=0 month=10 season=2 money=357 credit=136630 people=30 busy=0 free=30 home_places=110 need_workers=5 tax_due=0 main_tax_due=0 tax_amount=6814 main_tax_amount=0 days_alive=219 stage=0 res0=0 res1=200 res2=0 res3=0 res4=0 res5=0 res6=0 res7=0 res8=0 Farm=1 Road=3 House=1 SmallHouse=1 Puerperal=1 | nw=1391371.5085
  s=  198 a= 11(BUILD:Goldmine) r= -0.9057 cum=   -112.67 v= +0.0133 top5=[a29=0.032, a39=0.032, a27=0.028, a33=0.027, a44=0.026] [BUILD: Goldmine]
    OBS: year=0 month=10 season=2 money=357 credit=136903 people=30 busy=0 free=30 home_places=110 need_workers=5 tax_due=0 main_tax_due=0 tax_amount=6814 main_tax_amount=0 days_alive=220 stage=0 res0=0 res1=200 res2=0 res3=0 res4=0 res5=0 res6=0 res7=0 res8=0 Farm=1 Road=3 House=1 SmallHouse=1 Puerperal=1 | nw=1391084.8702
  s=  199 a= 12(BUILD:PowerStation) r= -0.9095 cum=   -113.57 v= +0.0166 top5=[a29=0.032, a39=0.032, a27=0.028, a33=0.027, a44=0.026] [BUILD: PowerStation]
    OBS: year=0 month=10 season=2 money=357 credit=137176 people=30 busy=0 free=30 home_places=110 need_workers=5 tax_due=0 main_tax_due=0 tax_amount=6814 main_tax_amount=0 days_alive=221 stage=0 res0=0 res1=200 res2=0 res3=0 res4=0 res5=0 res6=0 res7=0 res8=0 Farm=1 Road=3 House=1 SmallHouse=1 Puerperal=1 | nw=1390794.4094
  s=  200 a= 38(MANAGER:4) r= +1.4006 cum=   -112.17 v= +0.0199 top5=[a29=0.032, a39=0.032, a27=0.028, a33=0.027, a44=0.026]
    OBS: year=0 month=10 season=2 money=357 credit=137450 people=30 busy=0 free=30 home_places=110 need_workers=0 tax_due=0 main_tax_due=0 tax_amount=6814 main_tax_amount=0 days_alive=222 stage=0 res0=0 res1=200 res2=0 res3=0 res4=0 res5=0 res6=0 res7=0 res8=0 Farm=1 Road=3 House=1 SmallHouse=1 Puerperal=1 | nw=1390507.3068
  s=  201 a= 43(MANAGER:9) r= -0.9066 cum=   -113.08 v= +0.0196 top5=[a29=0.032, a39=0.028, a43=0.027, a33=0.027, a12=0.026]
    OBS: year=0 month=10 season=2 money=357 credit=137724 people=30 busy=0 free=30 home_places=110 need_workers=0 tax_due=0 main_tax_due=0 tax_amount=6814 main_tax_amount=0 days_alive=223 stage=0 res0=0 res1=200 res2=0 res3=0 res4=0 res5=0 res6=0 res7=0 res8=0 Farm=1 Road=3 House=1 SmallHouse=1 Puerperal=1 | nw=1390225.1922
  s=  202 a= 23(BUILD:Torchlight) r= -0.9119 cum=   -113.99 v= +0.0212 top5=[a29=0.032, a39=0.028, a43=0.027, a33=0.027, a24=0.026] [BUILD: Torchlight]
    OBS: year=0 month=10 season=2 money=357 credit=137999 people=30 busy=0 free=30 home_places=110 need_workers=0 tax_due=0 main_tax_due=0 tax_amount=6814 main_tax_amount=0 days_alive=224 stage=0 res0=0 res1=200 res2=0 res3=0 res4=0 res5=0 res6=0 res7=0 res8=0 Farm=1 Road=3 House=1 SmallHouse=1 Puerperal=1 | nw=1389936.5540
  s=  203 a= 39(MANAGER:5) r= +1.3993 cum=   -112.59 v= +0.0225 top5=[a29=0.032, a39=0.028, a43=0.027, a33=0.027, a24=0.026]
    OBS: year=0 month=10 season=2 money=357 credit=138274 people=30 busy=3 free=27 home_places=110 need_workers=3 tax_due=0 main_tax_due=0 tax_amount=6814 main_tax_amount=0 days_alive=225 stage=0 res0=0 res1=200 res2=0 res3=0 res4=0 res5=0 res6=0 res7=0 res8=0 Farm=1 Road=3 House=1 SmallHouse=1 Puerperal=1 | nw=1389648.4514
  s=  204 a= 30(BUILD:BigIronmine) r= -0.9143 cum=   -113.51 v= +0.0805 top5=[a29=0.032, a33=0.028, a39=0.028, a24=0.028, a26=0.027] [BUILD: BigIronmine]
    OBS: year=0 month=10 season=2 money=357 credit=138550 people=30 busy=3 free=27 home_places=110 need_workers=3 tax_due=0 main_tax_due=0 tax_amount=6814 main_tax_amount=0 days_alive=226 stage=0 res0=0 res1=200 res2=0 res3=0 res4=0 res5=0 res6=0 res7=0 res8=0 Farm=1 Road=3 House=1 SmallHouse=1 Puerperal=1 | nw=1389358.8131
  s=  205 a= 24(BUILD:Hothouse) r= -0.9172 cum=   -114.42 v= +0.0818 top5=[a29=0.032, a33=0.028, a39=0.028, a24=0.028, a26=0.027] [BUILD: Hothouse]
    OBS: year=0 month=10 season=2 money=357 credit=138827 people=30 busy=3 free=27 home_places=110 need_workers=3 tax_due=0 main_tax_due=0 tax_amount=6814 main_tax_amount=0 days_alive=227 stage=0 res0=0 res1=200 res2=0 res3=0 res4=0 res5=0 res6=0 res7=0 res8=0 Farm=1 Road=3 House=1 SmallHouse=1 Puerperal=1 | nw=1389066.8795
  s=  206 a= 24(BUILD:Hothouse) r= -0.9180 cum=   -115.34 v= +0.0823 top5=[a29=0.032, a39=0.028, a33=0.028, a24=0.028, a26=0.027] [BUILD: Hothouse]
    OBS: year=0 month=10 season=2 money=357 credit=139104 people=30 busy=3 free=27 home_places=110 need_workers=3 tax_due=0 main_tax_due=0 tax_amount=6814 main_tax_amount=0 days_alive=228 stage=0 res0=0 res1=200 res2=0 res3=0 res4=0 res5=0 res6=0 res7=0 res8=0 Farm=1 Road=3 House=1 SmallHouse=1 Puerperal=1 | nw=1388776.2412
  s=  207 a= 21(BUILD:BigFarm) r= -0.3419 cum=   -115.68 v= +0.0819 top5=[a29=0.032, a39=0.029, a33=0.028, a24=0.028, a26=0.027] [BUILD: BigFarm]
    OBS: year=0 month=10 season=2 money=357 credit=139382 people=31 busy=3 free=28 home_places=110 need_workers=3 tax_due=0 main_tax_due=0 tax_amount=6814 main_tax_amount=0 days_alive=229 stage=0 res0=0 res1=200 res2=0 res3=0 res4=0 res5=0 res6=0 res7=0 res8=0 Farm=1 Road=3 House=1 SmallHouse=1 Puerperal=1 | nw=1388482.9019
  s=  208 a= 32(BUILD:SmallAtomStation) r= -0.9227 cum=   -116.61 v= +0.0767 top5=[a29=0.031, a39=0.029, a33=0.028, a24=0.028, a12=0.026] [BUILD: SmallAtomStation]
    OBS: year=0 month=10 season=2 money=357 credit=139660 people=31 busy=3 free=28 home_places=110 need_workers=3 tax_due=0 main_tax_due=0 tax_amount=6814 main_tax_amount=0 days_alive=230 stage=0 res0=0 res1=200 res2=0 res3=0 res4=0 res5=0 res6=0 res7=0 res8=0 Farm=1 Road=3 House=1 SmallHouse=1 Puerperal=1 | nw=1388189.5626
  s=  209 a=  2(BUILD:WaterChannel) r= -0.9238 cum=   -117.53 v= +0.0763 top5=[a29=0.031, a39=0.029, a33=0.028, a24=0.028, a12=0.026] [BUILD: WaterChannel]
    OBS: year=0 month=10 season=2 money=357 credit=139939 people=31 busy=3 free=28 home_places=110 need_workers=3 tax_due=0 main_tax_due=0 tax_amount=6814 main_tax_amount=0 days_alive=231 stage=0 res0=0 res1=200 res2=0 res3=0 res4=0 res5=0 res6=0 res7=0 res8=0 Farm=1 Road=3 House=1 SmallHouse=1 Puerperal=1 | nw=1387896.9244
  s=  210 a= 35(MANAGER:1) r= -0.9258 cum=   -118.46 v= +0.0752 top5=[a29=0.031, a39=0.029, a33=0.028, a24=0.028, a12=0.027]
    OBS: year=0 month=10 season=2 money=357 credit=140218 people=31 busy=3 free=28 home_places=110 need_workers=3 tax_due=0 main_tax_due=0 tax_amount=6814 main_tax_amount=0 days_alive=232 stage=0 res0=0 res1=200 res2=0 res3=0 res4=0 res5=0 res6=0 res7=0 res8=0 Farm=1 Road=3 House=1 SmallHouse=1 Puerperal=1 | nw=1387603.5264
  s=  211 a=  8(BUILD:Coalmine) r= -0.9275 cum=   -119.38 v= +0.0737 top5=[a29=0.031, a39=0.030, a33=0.028, a24=0.028, a12=0.027] [BUILD: Coalmine]
    OBS: year=0 month=10 season=2 money=357 credit=140498 people=31 busy=3 free=28 home_places=110 need_workers=3 tax_due=0 main_tax_due=0 tax_amount=6814 main_tax_amount=0 days_alive=233 stage=0 res0=0 res1=200 res2=0 res3=0 res4=0 res5=0 res6=0 res7=0 res8=0 Farm=1 Road=3 House=1 SmallHouse=1 Puerperal=1 | nw=1387309.8881
  s=  212 a=  5(BUILD:House) r= -0.9291 cum=   -120.31 v= +0.0725 top5=[a29=0.032, a39=0.030, a33=0.028, a24=0.028, a12=0.027] [BUILD: House]
    OBS: year=0 month=10 season=2 money=357 credit=140778 people=31 busy=3 free=28 home_places=110 need_workers=3 tax_due=0 main_tax_due=0 tax_amount=6814 main_tax_amount=0 days_alive=234 stage=0 res0=0 res1=200 res2=0 res3=0 res4=0 res5=0 res6=0 res7=0 res8=0 Farm=1 Road=3 House=1 SmallHouse=1 Puerperal=1 | nw=1387016.2499
  s=  213 a= 33(BUILD:AtomStation) r= -0.9312 cum=   -121.24 v= +0.0715 top5=[a29=0.032, a39=0.030, a33=0.029, a24=0.028, a12=0.027] [BUILD: AtomStation]
    OBS: year=0 month=10 season=2 money=357 credit=141059 people=31 busy=3 free=28 home_places=110 need_workers=3 tax_due=0 main_tax_due=0 tax_amount=6814 main_tax_amount=0 days_alive=235 stage=0 res0=0 res1=200 res2=0 res3=0 res4=0 res5=0 res6=0 res7=0 res8=0 Farm=1 Road=3 House=1 SmallHouse=1 Puerperal=1 | nw=1386721.6116
  s=  214 a= 41(MANAGER:7) r= -0.9331 cum=   -122.18 v= +0.0714 top5=[a29=0.032, a39=0.030, a33=0.029, a24=0.028, a12=0.027]
    OBS: year=0 month=10 season=2 money=357 credit=141341 people=31 busy=3 free=28 home_places=110 need_workers=3 tax_due=0 main_tax_due=0 tax_amount=6814 main_tax_amount=0 days_alive=236 stage=0 res0=0 res1=200 res2=0 res3=0 res4=0 res5=0 res6=0 res7=0 res8=0 Farm=1 Road=3 House=1 SmallHouse=1 Puerperal=1 | nw=1386426.5090
  s=  215 a= 35(MANAGER:1) r= -0.9347 cum=   -123.11 v= +0.0709 top5=[a29=0.032, a39=0.030, a33=0.029, a24=0.028, a12=0.027]
    OBS: year=0 month=10 season=2 money=357 credit=141623 people=31 busy=3 free=28 home_places=110 need_workers=3 tax_due=0 main_tax_due=0 tax_amount=6814 main_tax_amount=0 days_alive=237 stage=0 res0=0 res1=200 res2=0 res3=0 res4=0 res5=0 res6=0 res7=0 res8=0 Farm=1 Road=3 House=1 SmallHouse=1 Puerperal=1 | nw=1386131.4064
  s=  216 a=  2(BUILD:WaterChannel) r= -0.9374 cum=   -124.05 v= +0.0699 top5=[a29=0.032, a39=0.030, a33=0.029, a24=0.028, a12=0.027] [BUILD: WaterChannel]
    OBS: year=0 month=10 season=2 money=357 credit=141906 people=31 busy=3 free=28 home_places=110 need_workers=3 tax_due=0 main_tax_due=0 tax_amount=6814 main_tax_amount=0 days_alive=238 stage=0 res0=0 res1=200 res2=0 res3=0 res4=0 res5=0 res6=0 res7=0 res8=0 Farm=1 Road=3 House=1 SmallHouse=1 Puerperal=1 | nw=1385834.2326
  s=  217 a= 43(MANAGER:9) r= -0.9387 cum=   -124.99 v= +0.0679 top5=[a29=0.032, a39=0.031, a33=0.029, a24=0.029, a12=0.027]
    OBS: year=0 month=10 season=2 money=357 credit=142189 people=31 busy=3 free=28 home_places=110 need_workers=3 tax_due=0 main_tax_due=0 tax_amount=6814 main_tax_amount=0 days_alive=239 stage=0 res0=0 res1=200 res2=0 res3=0 res4=0 res5=0 res6=0 res7=0 res8=0 Farm=1 Road=3 House=1 SmallHouse=1 Puerperal=1 | nw=1385537.5943
  s=  218 a= 20(BUILD:BigHouse) r= -0.9419 cum=   -125.93 v= +0.0645 top5=[a29=0.032, a39=0.031, a33=0.029, a24=0.029, a12=0.027] [BUILD: BigHouse]
    OBS: year=0 month=10 season=2 money=357 credit=142473 people=31 busy=3 free=28 home_places=110 need_workers=3 tax_due=0 main_tax_due=0 tax_amount=6814 main_tax_amount=0 days_alive=240 stage=0 res0=0 res1=200 res2=0 res3=0 res4=0 res5=0 res6=0 res7=0 res8=0 Farm=1 Road=3 House=1 SmallHouse=1 Puerperal=1 | nw=1385238.2550
  s=  219 a= 34(MANAGER:0) r= -0.9429 cum=   -126.87 v= +0.0612 top5=[a29=0.032, a39=0.031, a33=0.029, a24=0.029, a12=0.027]
    OBS: year=0 month=10 season=2 money=357 credit=142757 people=31 busy=3 free=28 home_places=110 need_workers=3 tax_due=0 main_tax_due=0 tax_amount=6814 main_tax_amount=0 days_alive=241 stage=0 res0=0 res1=200 res2=0 res3=0 res4=0 res5=0 res6=0 res7=0 res8=0 Farm=1 Road=3 House=1 SmallHouse=1 Puerperal=1 | nw=1384939.8570
  s=  220 a=  4(BUILD:Garden) r= -0.9456 cum=   -127.82 v= +0.0578 top5=[a29=0.032, a39=0.031, a33=0.029, a24=0.029, a12=0.027] [BUILD: Garden]
    OBS: year=0 month=10 season=2 money=357 credit=143042 people=31 busy=3 free=28 home_places=110 need_workers=3 tax_due=0 main_tax_due=0 tax_amount=6814 main_tax_amount=0 days_alive=242 stage=0 res0=0 res1=200 res2=0 res3=0 res4=0 res5=0 res6=0 res7=0 res8=0 Farm=1 Road=3 House=1 SmallHouse=1 Puerperal=1 | nw=1384639.5177
  s=  221 a= 38(MANAGER:4) r= +1.3964 cum=   -126.42 v= +0.0545 top5=[a29=0.032, a39=0.031, a33=0.029, a24=0.029, a12=0.028]
    OBS: year=0 month=10 season=2 money=357 credit=143328 people=31 busy=0 free=31 home_places=110 need_workers=0 tax_due=0 main_tax_due=0 tax_amount=6814 main_tax_amount=0 days_alive=243 stage=0 res0=0 res1=200 res2=0 res3=0 res4=0 res5=0 res6=0 res7=0 res8=0 Farm=1 Road=3 House=1 SmallHouse=1 Puerperal=1 | nw=1384339.8794
  s=  222 a= 38(MANAGER:4) r= +1.3949 cum=   -125.03 v= -0.0166 top5=[a29=0.033, a39=0.032, a33=0.028, a43=0.028, a24=0.028]
    OBS: year=0 month=10 season=2 money=357 credit=143614 people=31 busy=0 free=31 home_places=50 need_workers=0 tax_due=0 main_tax_due=0 tax_amount=6814 main_tax_amount=0 days_alive=244 stage=0 res0=0 res1=200 res2=0 res3=0 res4=0 res5=0 res6=0 res7=0 res8=0 Farm=1 Road=3 House=1 SmallHouse=1 Puerperal=1 | nw=1384040.2412
  s=  223 a=  8(BUILD:Coalmine) r= -0.9491 cum=   -125.98 v= -0.0240 top5=[a39=0.033, a29=0.032, a43=0.029, a33=0.028, a12=0.028] [BUILD: Coalmine]
    OBS: year=0 month=11 season=2 money=357 credit=143901 people=31 busy=0 free=31 home_places=50 need_workers=0 tax_due=0 main_tax_due=0 tax_amount=6814 main_tax_amount=0 days_alive=245 stage=0 res0=0 res1=200 res2=0 res3=0 res4=0 res5=0 res6=0 res7=0 res8=0 Farm=1 Road=3 House=1 SmallHouse=1 Puerperal=1 | nw=1383737.9019
  s=  224 a= 29(BUILD:Puerperal) r= -0.9501 cum=   -126.93 v= +0.0054 top5=[a29=0.032, a12=0.028, a26=0.027, a43=0.027, a39=0.026] [BUILD: Puerperal]
    OBS: year=0 month=11 season=2 money=357 credit=144188 people=31 busy=0 free=31 home_places=50 need_workers=0 tax_due=0 main_tax_due=0 tax_amount=6814 main_tax_amount=0 days_alive=246 stage=0 res0=0 res1=200 res2=0 res3=0 res4=0 res5=0 res6=0 res7=0 res8=0 Farm=1 Road=3 House=1 SmallHouse=1 Puerperal=1 | nw=1383436.7280
  s=  225 a= 42(MANAGER:8) r= -0.9524 cum=   -127.88 v= +0.0044 top5=[a29=0.032, a12=0.028, a43=0.027, a26=0.027, a39=0.027]
    OBS: year=0 month=11 season=2 money=357 credit=144476 people=31 busy=0 free=31 home_places=50 need_workers=0 tax_due=0 main_tax_due=0 tax_amount=6814 main_tax_amount=0 days_alive=247 stage=0 res0=0 res1=200 res2=0 res3=0 res4=0 res5=0 res6=0 res7=0 res8=0 Farm=1 Road=3 House=1 SmallHouse=1 Puerperal=1 | nw=1383134.3300
  s=  226 a= 14(BUILD:Road) r= -0.9562 cum=   -128.84 v= +0.0030 top5=[a29=0.032, a12=0.028, a43=0.027, a26=0.027, a39=0.027] [BUILD: Road]
    OBS: year=0 month=11 season=2 money=357 credit=144764 people=31 busy=0 free=31 home_places=50 need_workers=0 tax_due=0 main_tax_due=0 tax_amount=6814 main_tax_amount=0 days_alive=248 stage=0 res0=0 res1=200 res2=0 res3=0 res4=0 res5=0 res6=0 res7=0 res8=0 Farm=1 Road=3 House=1 SmallHouse=1 Puerperal=1 | nw=1382828.1093
  s=  227 a= 36(MANAGER:2) r= -0.9567 cum=   -129.79 v= +0.0024 top5=[a29=0.032, a12=0.028, a43=0.027, a39=0.027, a26=0.027]
    OBS: year=0 month=11 season=2 money=357 credit=145053 people=31 busy=0 free=31 home_places=50 need_workers=0 tax_due=0 main_tax_due=0 tax_amount=6814 main_tax_amount=0 days_alive=249 stage=0 res0=0 res1=200 res2=0 res3=0 res4=0 res5=0 res6=0 res7=0 res8=0 Farm=1 Road=3 House=1 SmallHouse=1 Puerperal=1 | nw=1382523.7700
  s=  228 a=  6(BUILD:SmallHouse) r= -0.9582 cum=   -130.75 v= +0.0018 top5=[a29=0.032, a12=0.028, a39=0.027, a43=0.027, a26=0.027] [BUILD: SmallHouse]
    OBS: year=0 month=11 season=2 money=357 credit=145343 people=31 busy=0 free=31 home_places=50 need_workers=0 tax_due=0 main_tax_due=0 tax_amount=6814 main_tax_amount=0 days_alive=250 stage=0 res0=0 res1=200 res2=0 res3=0 res4=0 res5=0 res6=0 res7=0 res8=0 Farm=1 Road=3 House=1 SmallHouse=1 Puerperal=1 | nw=1382219.5962
  s=  229 a= 16(BUILD:CoalCut) r= -0.9608 cum=   -131.71 v= +0.0012 top5=[a29=0.032, a12=0.028, a39=0.027, a43=0.027, a26=0.026] [BUILD: CoalCut]
    OBS: year=0 month=11 season=2 money=357 credit=145633 people=31 busy=0 free=31 home_places=50 need_workers=0 tax_due=0 main_tax_due=0 tax_amount=6814 main_tax_amount=0 days_alive=251 stage=0 res0=0 res1=200 res2=0 res3=0 res4=0 res5=0 res6=0 res7=0 res8=0 Farm=1 Road=3 House=1 SmallHouse=1 Puerperal=1 | nw=1381913.7212
  s=  230 a= 26(BUILD:BigSawmill) r= -0.9617 cum=   -132.67 v= +0.0010 top5=[a29=0.032, a12=0.028, a39=0.027, a43=0.027, a26=0.026] [BUILD: BigSawmill]
    OBS: year=0 month=11 season=2 money=357 credit=145924 people=31 busy=0 free=31 home_places=50 need_workers=0 tax_due=0 main_tax_due=0 tax_amount=6814 main_tax_amount=0 days_alive=252 stage=0 res0=0 res1=200 res2=0 res3=0 res4=0 res5=0 res6=0 res7=0 res8=0 Farm=1 Road=3 House=1 SmallHouse=1 Puerperal=1 | nw=1381609.0830
  s=  231 a=  7(BUILD:Sawmill) r= -0.9643 cum=   -133.64 v= +0.0010 top5=[a29=0.032, a39=0.028, a12=0.027, a43=0.027, a26=0.026] [BUILD: Sawmill]
    OBS: year=0 month=11 season=2 money=357 credit=146215 people=31 busy=0 free=31 home_places=50 need_workers=0 tax_due=0 main_tax_due=0 tax_amount=6814 main_tax_amount=0 days_alive=253 stage=0 res0=0 res1=200 res2=0 res3=0 res4=0 res5=0 res6=0 res7=0 res8=0 Farm=1 Road=3 House=1 SmallHouse=1 Puerperal=1 | nw=1381302.7437
  s=  232 a= 29(BUILD:Puerperal) r= -0.9678 cum=   -134.61 v= +0.0013 top5=[a29=0.032, a39=0.028, a12=0.027, a43=0.027, a33=0.026] [BUILD: Puerperal]
    OBS: year=0 month=11 season=2 money=357 credit=146507 people=31 busy=0 free=31 home_places=50 need_workers=0 tax_due=0 main_tax_due=0 tax_amount=6814 main_tax_amount=0 days_alive=254 stage=0 res0=0 res1=200 res2=0 res3=0 res4=0 res5=0 res6=0 res7=0 res8=0 Farm=1 Road=3 House=1 SmallHouse=1 Puerperal=1 | nw=1380993.2828
  s=  233 a= 24(BUILD:Hothouse) r= -0.9669 cum=   -135.57 v= +0.0017 top5=[a29=0.032, a39=0.028, a12=0.027, a43=0.027, a33=0.026] [BUILD: Hothouse]
    OBS: year=0 month=11 season=2 money=357 credit=146800 people=31 busy=0 free=31 home_places=50 need_workers=0 tax_due=0 main_tax_due=0 tax_amount=6814 main_tax_amount=0 days_alive=255 stage=0 res0=0 res1=200 res2=0 res3=0 res4=0 res5=0 res6=0 res7=0 res8=0 Farm=1 Road=3 House=1 SmallHouse=1 Puerperal=1 | nw=1380687.9400
  s=  234 a= 19(BUILD:Mushroom) r= -0.9671 cum=   -136.54 v= +0.0020 top5=[a29=0.032, a39=0.028, a43=0.027, a12=0.027, a33=0.026] [BUILD: Mushroom]
    OBS: year=0 month=11 season=2 money=357 credit=147093 people=31 busy=0 free=31 home_places=50 need_workers=0 tax_due=0 main_tax_due=0 tax_amount=6814 main_tax_amount=0 days_alive=256 stage=0 res0=0 res1=200 res2=0 res3=0 res4=0 res5=0 res6=0 res7=0 res8=0 Farm=1 Road=3 House=1 SmallHouse=1 Puerperal=1 | nw=1380385.1244
  s=  235 a=  3(BUILD:Farm) r= -0.9725 cum=   -137.51 v= +0.0012 top5=[a29=0.032, a39=0.028, a43=0.027, a12=0.027, a33=0.026] [BUILD: Farm]
    OBS: year=0 month=11 season=2 money=357 credit=147387 people=31 busy=0 free=31 home_places=50 need_workers=0 tax_due=0 main_tax_due=0 tax_amount=6814 main_tax_amount=0 days_alive=257 stage=0 res0=0 res1=200 res2=0 res3=0 res4=0 res5=0 res6=0 res7=0 res8=0 Farm=1 Road=3 House=1 SmallHouse=1 Puerperal=1 | nw=1380075.7851
  s=  236 a= 19(BUILD:Mushroom) r= -0.9728 cum=   -138.48 v= -0.0007 top5=[a29=0.032, a39=0.029, a43=0.028, a12=0.027, a33=0.027] [BUILD: Mushroom]
    OBS: year=0 month=11 season=2 money=357 credit=147681 people=31 busy=0 free=31 home_places=50 need_workers=0 tax_due=0 main_tax_due=0 tax_amount=6814 main_tax_amount=0 days_alive=258 stage=0 res0=0 res1=200 res2=0 res3=0 res4=0 res5=0 res6=0 res7=0 res8=0 Farm=1 Road=3 House=1 SmallHouse=1 Puerperal=1 | nw=1379768.6825
  s=  237 a= 37(MANAGER:3) r= -3.4761 cum=   -141.96 v= -0.0026 top5=[a29=0.032, a39=0.029, a43=0.028, a12=0.027, a33=0.027]
    OBS: year=0 month=11 season=2 money=947 credit=147976 people=31 busy=0 free=31 home_places=50 need_workers=0 tax_due=0 main_tax_due=0 tax_amount=6394 main_tax_amount=0 days_alive=259 stage=0 res0=0 res1=200 res2=0 res3=0 res4=0 res5=0 res6=0 res7=0 res8=0 Farm=1 Road=3 House=1 Puerperal=1 | nw=1374233.4393
  s=  238 a= 25(BUILD:SuperHouse) r= -0.9742 cum=   -142.93 v= +0.0722 top5=[a29=0.031, a3=0.028, a39=0.027, a33=0.027, a26=0.026] [BUILD: SuperHouse]
    OBS: year=0 month=11 season=2 money=947 credit=148271 people=31 busy=0 free=31 home_places=50 need_workers=0 tax_due=0 main_tax_due=0 tax_amount=6394 main_tax_amount=0 days_alive=260 stage=0 res0=0 res1=200 res2=0 res3=0 res4=0 res5=0 res6=0 res7=0 res8=0 Farm=1 Road=3 House=1 Puerperal=1 | nw=1373926.3206
  s=  239 a= 29(BUILD:Puerperal) r= -0.9764 cum=   -143.91 v= +0.0724 top5=[a29=0.031, a3=0.028, a39=0.027, a33=0.027, a26=0.026] [BUILD: Puerperal]
    OBS: year=0 month=11 season=2 money=947 credit=148567 people=31 busy=0 free=31 home_places=50 need_workers=0 tax_due=0 main_tax_due=0 tax_amount=6394 main_tax_amount=0 days_alive=261 stage=0 res0=0 res1=200 res2=0 res3=0 res4=0 res5=0 res6=0 res7=0 res8=0 Farm=1 Road=3 House=1 Puerperal=1 | nw=1373618.2020
  s=  240 a= 25(BUILD:SuperHouse) r= -0.9796 cum=   -144.89 v= +0.0725 top5=[a29=0.031, a3=0.028, a39=0.027, a33=0.027, a26=0.026] [BUILD: SuperHouse]
    OBS: year=0 month=11 season=2 money=947 credit=148864 people=31 busy=0 free=31 home_places=50 need_workers=0 tax_due=0 main_tax_due=0 tax_amount=6394 main_tax_amount=0 days_alive=262 stage=0 res0=0 res1=200 res2=0 res3=0 res4=0 res5=0 res6=0 res7=0 res8=0 Farm=1 Road=3 House=1 Puerperal=1 | nw=1373307.3822
  s=  241 a= 23(BUILD:Torchlight) r= -0.9805 cum=   -145.87 v= +0.0717 top5=[a29=0.031, a39=0.028, a3=0.028, a33=0.027, a0=0.026] [BUILD: Torchlight]
    OBS: year=0 month=11 season=2 money=947 credit=149161 people=31 busy=0 free=31 home_places=50 need_workers=0 tax_due=0 main_tax_due=0 tax_amount=6394 main_tax_amount=0 days_alive=263 stage=0 res0=0 res1=200 res2=0 res3=0 res4=0 res5=0 res6=0 res7=0 res8=0 Farm=1 Road=3 House=1 Puerperal=1 | nw=1372997.7279
  s=  242 a=  1(WEEK) r= -4.2002 cum=   -150.07 v= +0.0709 top5=[a29=0.031, a39=0.028, a3=0.028, a33=0.027, a0=0.026]
    OBS: year=0 month=11 season=2 money=947 credit=151258 people=31 busy=0 free=31 home_places=50 need_workers=0 tax_due=0 main_tax_due=0 tax_amount=6394 main_tax_amount=0 days_alive=270 stage=0 res0=0 res1=200 res2=0 res3=0 res4=0 res5=0 res6=0 res7=0 res8=0 Farm=1 Road=3 House=1 Puerperal=1 | nw=1370806.0153
  s=  243 a= 21(BUILD:BigFarm) r= -0.3973 cum=   -150.47 v= +0.0765 top5=[a29=0.032, a39=0.029, a33=0.028, a3=0.027, a14=0.026] [BUILD: BigFarm]
    OBS: year=0 month=11 season=2 money=947 credit=151560 people=32 busy=0 free=32 home_places=50 need_workers=0 tax_due=0 main_tax_due=0 tax_amount=6394 main_tax_amount=0 days_alive=271 stage=0 res0=0 res1=200 res2=0 res3=0 res4=0 res5=0 res6=0 res7=0 res8=0 Farm=1 Road=3 House=1 Puerperal=1 | nw=1370491.8967
  s=  244 a= 22(BUILD:Apiary) r= -0.9906 cum=   -151.46 v= +0.0693 top5=[a29=0.032, a39=0.029, a33=0.028, a3=0.027, a14=0.027] [BUILD: Apiary]
    OBS: year=0 month=11 season=2 money=947 credit=151863 people=32 busy=0 free=32 home_places=50 need_workers=0 tax_due=0 main_tax_due=0 tax_amount=6394 main_tax_amount=0 days_alive=272 stage=0 res0=0 res1=200 res2=0 res3=0 res4=0 res5=0 res6=0 res7=0 res8=0 Farm=1 Road=3 House=1 Puerperal=1 | nw=1370177.3136
  s=  245 a= 40(MANAGER:6) r= -0.9951 cum=   -152.45 v= +0.0704 top5=[a29=0.032, a39=0.030, a33=0.028, a3=0.027, a14=0.027]
    OBS: year=0 month=11 season=2 money=947 credit=152166 people=32 busy=0 free=32 home_places=50 need_workers=0 tax_due=0 main_tax_due=0 tax_amount=6394 main_tax_amount=0 days_alive=273 stage=0 res0=0 res1=200 res2=0 res3=0 res4=0 res5=0 res6=0 res7=0 res8=0 Farm=1 Road=3 House=1 Puerperal=1 | nw=1369857.8367
  s=  246 a= 25(BUILD:SuperHouse) r= -0.9948 cum=   -153.45 v= +0.0702 top5=[a29=0.032, a39=0.030, a33=0.028, a3=0.027, a14=0.027] [BUILD: SuperHouse]
    OBS: year=0 month=11 season=2 money=947 credit=152470 people=32 busy=0 free=32 home_places=50 need_workers=0 tax_due=0 main_tax_due=0 tax_amount=6394 main_tax_amount=0 days_alive=274 stage=0 res0=0 res1=200 res2=0 res3=0 res4=0 res5=0 res6=0 res7=0 res8=0 Farm=1 Road=3 House=1 Puerperal=1 | nw=1369541.7180
  s=  247 a=  0(DAY) r= -0.4011 cum=   -153.85 v= +0.0707 top5=[a29=0.032, a39=0.030, a33=0.028, a14=0.027, a3=0.027]
    OBS: year=0 month=12 season=3 money=947 credit=152774 people=32 busy=0 free=32 home_places=50 need_workers=0 tax_due=0 main_tax_due=0 tax_amount=6394 main_tax_amount=0 days_alive=275 stage=0 res0=0 res1=200 res2=0 res3=0 res4=0 res5=0 res6=0 res7=0 res8=0 Farm=1 Road=3 House=1 Puerperal=1 | nw=1369229.4220
  s=  248 a= 19(BUILD:Mushroom) r= -0.9987 cum=   -154.85 v= +0.0155 top5=[a29=0.035, a14=0.034, a12=0.032, a38=0.029, a3=0.028] [BUILD: Mushroom]
    OBS: year=0 month=12 season=3 money=947 credit=153079 people=32 busy=0 free=32 home_places=50 need_workers=0 tax_due=0 main_tax_due=0 tax_amount=6394 main_tax_amount=0 days_alive=276 stage=0 res0=0 res1=200 res2=0 res3=0 res4=0 res5=0 res6=0 res7=0 res8=0 Farm=1 Road=3 House=1 Puerperal=1 | nw=1368912.3033
  s=  249 a= 16(BUILD:CoalCut) r= -1.0022 cum=   -155.85 v= +0.0124 top5=[a29=0.035, a14=0.034, a12=0.032, a38=0.029, a39=0.028] [BUILD FAILED: CoalCut money=947 free=32]
    OBS: year=0 month=12 season=3 money=947 credit=153385 people=32 busy=0 free=32 home_places=50 need_workers=0 tax_due=0 main_tax_due=0 tax_amount=6394 main_tax_amount=0 days_alive=277 stage=0 res0=0 res1=200 res2=0 res3=0 res4=0 res5=0 res6=0 res7=0 res8=0 Farm=1 Road=3 House=1 Puerperal=1 | nw=1368592.0631
  s=  250 a= 40(MANAGER:6) r= -1.0039 cum=   -156.86 v= +0.0091 top5=[a29=0.035, a14=0.034, a12=0.032, a38=0.029, a39=0.028]
    OBS: year=0 month=12 season=3 money=947 credit=153691 people=32 busy=0 free=32 home_places=50 need_workers=0 tax_due=0 main_tax_due=0 tax_amount=6394 main_tax_amount=0 days_alive=278 stage=0 res0=0 res1=200 res2=0 res3=0 res4=0 res5=0 res6=0 res7=0 res8=0 Farm=1 Road=3 House=1 Puerperal=1 | nw=1368271.7077
  s=  251 a= 10(BUILD:Refinery) r= -1.0045 cum=   -157.86 v= +0.0051 top5=[a29=0.035, a14=0.034, a12=0.032, a38=0.029, a39=0.028] [BUILD FAILED: Refinery money=947 free=32]
    OBS: year=0 month=12 season=3 money=947 credit=153998 people=32 busy=0 free=32 home_places=50 need_workers=0 tax_due=0 main_tax_due=0 tax_amount=6394 main_tax_amount=0 days_alive=279 stage=0 res0=0 res1=200 res2=0 res3=0 res4=0 res5=0 res6=0 res7=0 res8=0 Farm=1 Road=3 House=1 Puerperal=1 | nw=1367953.1247
  s=  252 a= 13(BUILD:HydroStation) r= -1.0075 cum=   -158.87 v= +0.0011 top5=[a29=0.035, a14=0.034, a12=0.032, a38=0.029, a39=0.028] [BUILD FAILED: HydroStation money=947 free=32]
    OBS: year=0 month=12 season=3 money=947 credit=154305 people=32 busy=0 free=32 home_places=50 need_workers=0 tax_due=0 main_tax_due=0 tax_amount=6394 main_tax_amount=0 days_alive=280 stage=0 res0=0 res1=200 res2=0 res3=0 res4=0 res5=0 res6=0 res7=0 res8=0 Farm=1 Road=3 House=1 Puerperal=1 | nw=1367632.3050
  s=  253 a= 39(MANAGER:5) r= +1.3747 cum=   -157.49 v= -0.0019 top5=[a29=0.035, a14=0.035, a12=0.032, a38=0.029, a39=0.028]
    OBS: year=0 month=12 season=3 money=947 credit=154613 people=32 busy=3 free=29 home_places=50 need_workers=3 tax_due=0 main_tax_due=0 tax_amount=6394 main_tax_amount=0 days_alive=281 stage=0 res0=0 res1=200 res2=0 res3=0 res4=0 res5=0 res6=0 res7=0 res8=0 Farm=1 Road=3 House=1 Puerperal=1 | nw=1367312.7219
  s=  254 a=  9(BUILD:Ironmine) r= -1.0098 cum=   -158.50 v= +0.1028 top5=[a29=0.034, a14=0.033, a12=0.033, a38=0.029, a39=0.029] [BUILD FAILED: Ironmine money=947 free=29]
    OBS: year=0 month=12 season=3 money=947 credit=154922 people=32 busy=3 free=29 home_places=50 need_workers=3 tax_due=0 main_tax_due=0 tax_amount=6394 main_tax_amount=0 days_alive=282 stage=0 res0=0 res1=200 res2=0 res3=0 res4=0 res5=0 res6=0 res7=0 res8=0 Farm=1 Road=3 House=1 Puerperal=1 | nw=1366991.6033
  s=  255 a= 41(MANAGER:7) r= -0.5351 cum=   -159.04 v= +0.0992 top5=[a29=0.033, a14=0.033, a12=0.033, a38=0.030, a39=0.029]
    OBS: year=0 month=12 season=3 money=547 credit=155231 people=32 busy=3 free=29 home_places=50 need_workers=3 tax_due=0 main_tax_due=0 tax_amount=6398 main_tax_amount=0 days_alive=283 stage=0 res0=0 res1=400 res2=0 res3=0 res4=0 res5=0 res6=0 res7=0 res8=0 Farm=1 Road=3 House=1 Puerperal=1 | nw=1366469.9490
  s=  256 a= 20(BUILD:BigHouse) r= -1.0131 cum=   -160.05 v= +0.0967 top5=[a14=0.033, a29=0.033, a12=0.033, a38=0.030, a39=0.029] [BUILD FAILED: BigHouse money=547 free=29]
    OBS: year=0 month=12 season=3 money=547 credit=155541 people=32 busy=3 free=29 home_places=50 need_workers=3 tax_due=0 main_tax_due=0 tax_amount=6398 main_tax_amount=0 days_alive=284 stage=0 res0=0 res1=400 res2=0 res3=0 res4=0 res5=0 res6=0 res7=0 res8=0 Farm=1 Road=3 House=1 Puerperal=1 | nw=1366148.9957
  s=  257 a= 23(BUILD:Torchlight) r= -1.0161 cum=   -161.07 v= +0.0940 top5=[a14=0.033, a29=0.033, a12=0.033, a38=0.030, a39=0.029] [BUILD FAILED: Torchlight money=547 free=29]
    OBS: year=0 month=12 season=3 money=547 credit=155852 people=32 busy=3 free=29 home_places=50 need_workers=3 tax_due=0 main_tax_due=0 tax_amount=6398 main_tax_amount=0 days_alive=285 stage=0 res0=0 res1=400 res2=0 res3=0 res4=0 res5=0 res6=0 res7=0 res8=0 Farm=1 Road=3 House=1 Puerperal=1 | nw=1365825.8771
  s=  258 a= 31(BUILD:AirStation) r= -1.0200 cum=   -162.09 v= +0.0909 top5=[a14=0.034, a12=0.033, a29=0.033, a38=0.030, a39=0.029] [BUILD FAILED: AirStation money=547 free=29]
    OBS: year=0 month=12 season=3 money=547 credit=156163 people=32 busy=3 free=29 home_places=50 need_workers=3 tax_due=0 main_tax_due=0 tax_amount=6398 main_tax_amount=0 days_alive=286 stage=0 res0=0 res1=400 res2=0 res3=0 res4=0 res5=0 res6=0 res7=0 res8=0 Farm=1 Road=3 House=1 Puerperal=1 | nw=1365498.9358
  s=  259 a= 12(BUILD:PowerStation) r= +0.4527 cum=   -161.63 v= +0.0893 top5=[a14=0.034, a12=0.033, a29=0.033, a38=0.030, a39=0.029] [BUILD: PowerStation]
    OBS: year=0 month=12 season=3 money=147 credit=156475 people=32 busy=3 free=29 home_places=50 need_workers=3 tax_due=0 main_tax_due=0 tax_amount=6398 main_tax_amount=0 days_alive=287 stage=0 res0=0 res1=400 res2=0 res3=0 res4=0 res5=0 res6=0 res7=0 res8=0 Farm=1 Road=4 House=1 Puerperal=1 | nw=1365178.6397
  s=  260 a= 35(MANAGER:1) r= -0.3993 cum=   -162.03 v= +0.0875 top5=[a12=0.034, a29=0.033, a14=0.032, a38=0.031, a39=0.029]
    OBS: year=0 month=12 season=3 money=0 credit=156787 people=32 busy=3 free=29 home_places=50 need_workers=3 tax_due=0 main_tax_due=0 tax_amount=6398 main_tax_amount=0 days_alive=288 stage=0 res0=0 res1=400 res2=0 res3=0 res4=0 res5=0 res6=0 res7=0 res8=0 Farm=1 Road=4 House=1 Puerperal=1 | nw=1364894.8300
  s=  261 a= 21(BUILD:BigFarm) r= -1.0269 cum=   -163.06 v= +0.0858 top5=[a12=0.034, a14=0.032, a29=0.032, a38=0.031, a39=0.029] [BUILD FAILED: BigFarm money=0 free=29]
    OBS: year=0 month=12 season=3 money=0 credit=157100 people=32 busy=3 free=29 home_places=50 need_workers=3 tax_due=0 main_tax_due=0 tax_amount=6398 main_tax_amount=0 days_alive=289 stage=0 res0=0 res1=400 res2=0 res3=0 res4=0 res5=0 res6=0 res7=0 res8=0 Farm=1 Road=4 House=1 Puerperal=1 | nw=1364564.1876
  s=  262 a=  5(BUILD:House) r= -1.0259 cum=   -164.09 v= +0.0837 top5=[a12=0.034, a14=0.032, a29=0.032, a38=0.031, a39=0.029] [BUILD FAILED: House money=0 free=29]
    OBS: year=0 month=12 season=3 money=0 credit=157414 people=32 busy=3 free=29 home_places=50 need_workers=3 tax_due=0 main_tax_due=0 tax_amount=6398 main_tax_amount=0 days_alive=290 stage=0 res0=0 res1=400 res2=0 res3=0 res4=0 res5=0 res6=0 res7=0 res8=0 Farm=1 Road=4 House=1 Puerperal=1 | nw=1364238.0689
  s=  263 a= 44(MANAGER:10) r= -0.1320 cum=   -164.22 v= +0.0812 top5=[a12=0.034, a14=0.032, a29=0.032, a38=0.031, a39=0.029]
    OBS: year=0 month=12 season=3 money=0 credit=157728 people=32 busy=3 free=29 home_places=50 need_workers=3 tax_due=0 main_tax_due=0 tax_amount=6398 main_tax_amount=0 days_alive=291 stage=0 res0=0 res1=400 res2=0 res3=0 res4=0 res5=0 res6=0 res7=0 res8=0 Farm=1 Road=4 House=1 Puerperal=1 | nw=1363906.4266
  s=  264 a= 39(MANAGER:5) r= +1.3688 cum=   -162.85 v= +0.0787 top5=[a12=0.034, a14=0.033, a29=0.032, a38=0.031, a39=0.029]
    OBS: year=0 month=12 season=3 money=0 credit=158043 people=32 busy=3 free=29 home_places=110 need_workers=3 tax_due=0 main_tax_due=0 tax_amount=6398 main_tax_amount=0 days_alive=292 stage=0 res0=0 res1=400 res2=0 res3=0 res4=0 res5=0 res6=0 res7=0 res8=0 Farm=1 Road=4 House=1 Puerperal=1 | nw=1363579.3079
  s=  265 a= 31(BUILD:AirStation) r= -1.0308 cum=   -163.88 v= +0.0859 top5=[a12=0.033, a29=0.032, a38=0.032, a14=0.032, a39=0.030] [BUILD FAILED: AirStation money=0 free=29]
    OBS: year=0 month=12 season=3 money=0 credit=158359 people=32 busy=3 free=29 home_places=110 need_workers=3 tax_due=0 main_tax_due=0 tax_amount=6398 main_tax_amount=0 days_alive=293 stage=0 res0=0 res1=400 res2=0 res3=0 res4=0 res5=0 res6=0 res7=0 res8=0 Farm=1 Road=4 House=1 Puerperal=1 | nw=1363251.1892
  s=  266 a= 40(MANAGER:6) r= -0.3032 cum=   -164.18 v= +0.0810 top5=[a14=0.033, a12=0.033, a29=0.032, a38=0.031, a39=0.030]
    OBS: year=0 month=12 season=3 money=200 credit=158675 people=32 busy=3 free=29 home_places=110 need_workers=3 tax_due=0 main_tax_due=0 tax_amount=6402 main_tax_amount=0 days_alive=294 stage=0 res0=0 res1=200 res2=0 res3=0 res4=0 res5=0 res6=0 res7=0 res8=0 Farm=1 Road=4 House=1 Puerperal=1 | nw=1362919.2479
  s=  267 a=  7(BUILD:Sawmill) r= -1.0381 cum=   -165.22 v= +0.0764 top5=[a14=0.033, a12=0.033, a38=0.031, a29=0.031, a39=0.030] [BUILD FAILED: Sawmill money=200 free=29]
    OBS: year=0 month=12 season=3 money=200 credit=158992 people=32 busy=3 free=29 home_places=110 need_workers=3 tax_due=0 main_tax_due=0 tax_amount=6402 main_tax_amount=0 days_alive=295 stage=0 res0=0 res1=200 res2=0 res3=0 res4=0 res5=0 res6=0 res7=0 res8=0 Farm=1 Road=4 House=1 Puerperal=1 | nw=1362584.6056
  s=  268 a= 16(BUILD:CoalCut) r= -1.0388 cum=   -166.26 v= +0.0718 top5=[a14=0.033, a12=0.033, a38=0.031, a29=0.031, a39=0.030] [BUILD FAILED: CoalCut money=200 free=29]
    OBS: year=0 month=12 season=3 money=200 credit=159309 people=32 busy=3 free=29 home_places=110 need_workers=3 tax_due=0 main_tax_due=0 tax_amount=6402 main_tax_amount=0 days_alive=296 stage=0 res0=0 res1=200 res2=0 res3=0 res4=0 res5=0 res6=0 res7=0 res8=0 Farm=1 Road=4 House=1 Puerperal=1 | nw=1362251.6643
  s=  269 a=  1(WEEK) r= -0.6896 cum=   -166.95 v= +0.0670 top5=[a14=0.033, a12=0.033, a38=0.032, a29=0.031, a39=0.030]
    OBS: year=0 month=12 season=3 money=200 credit=160585 people=33 busy=3 free=30 home_places=110 need_workers=3 tax_due=0 main_tax_due=0 tax_amount=6402 main_tax_amount=0 days_alive=300 stage=0 res0=0 res1=200 res2=0 res3=0 res4=0 res5=0 res6=0 res7=0 res8=0 Farm=1 Road=4 House=1 Puerperal=1 | nw=1360916.1422
  s=  270 a= 33(BUILD:AtomStation) r= -1.0462 cum=   -168.00 v= +0.0361 top5=[a14=0.033, a12=0.033, a38=0.032, a29=0.031, a39=0.031] [BUILD FAILED: AtomStation money=200 free=30]
    OBS: year=0 month=12 season=3 money=200 credit=160906 people=33 busy=3 free=30 home_places=110 need_workers=3 tax_due=0 main_tax_due=0 tax_amount=6402 main_tax_amount=0 days_alive=301 stage=0 res0=0 res1=200 res2=0 res3=0 res4=0 res5=0 res6=0 res7=0 res8=0 Farm=1 Road=4 House=1 Puerperal=1 | nw=1360581.3225
  s=  271 a= 34(MANAGER:0) r= -1.0503 cum=   -169.05 v= +0.0302 top5=[a14=0.034, a12=0.033, a38=0.032, a39=0.031, a29=0.031]
    OBS: year=0 month=12 season=3 money=200 credit=161227 people=33 busy=3 free=30 home_places=110 need_workers=3 tax_due=0 main_tax_due=0 tax_amount=6402 main_tax_amount=0 days_alive=302 stage=0 res0=0 res1=200 res2=0 res3=0 res4=0 res5=0 res6=0 res7=0 res8=0 Farm=1 Road=4 House=1 Puerperal=1 | nw=1360242.6801
  s=  272 a= 38(MANAGER:4) r= +1.3610 cum=   -167.69 v= +0.0245 top5=[a14=0.034, a12=0.033, a38=0.032, a39=0.031, a29=0.031]
    OBS: year=0 month=12 season=3 money=200 credit=161549 people=33 busy=0 free=33 home_places=110 need_workers=0 tax_due=0 main_tax_due=0 tax_amount=6402 main_tax_amount=0 days_alive=303 stage=0 res0=0 res1=200 res2=0 res3=0 res4=0 res5=0 res6=0 res7=0 res8=0 Farm=1 Road=4 House=1 Puerperal=1 | nw=1359909.7269
  s=  273 a= 44(MANAGER:10) r= -0.1475 cum=   -167.83 v= -0.1085 top5=[a14=0.036, a12=0.033, a29=0.032, a38=0.032, a39=0.032]
    OBS: year=0 month=12 season=3 money=200 credit=161872 people=33 busy=0 free=33 home_places=110 need_workers=0 tax_due=0 main_tax_due=0 tax_amount=6402 main_tax_amount=0 days_alive=304 stage=0 res0=0 res1=200 res2=0 res3=0 res4=0 res5=0 res6=0 res7=0 res8=0 Farm=1 Road=4 House=1 Puerperal=1 | nw=1359574.0726
  s=  274 a= 12(BUILD:PowerStation) r= -1.0520 cum=   -168.88 v= -0.1134 top5=[a14=0.036, a12=0.033, a29=0.032, a39=0.032, a38=0.032] [BUILD FAILED: PowerStation money=200 free=33]
    OBS: year=0 month=12 season=3 money=200 credit=162195 people=33 busy=0 free=33 home_places=110 need_workers=0 tax_due=0 main_tax_due=0 tax_amount=6402 main_tax_amount=0 days_alive=305 stage=0 res0=0 res1=200 res2=0 res3=0 res4=0 res5=0 res6=0 res7=0 res8=0 Farm=1 Road=4 House=1 Puerperal=1 | nw=1359238.9539
  s=  275 a= 12(BUILD:PowerStation) r= -1.0566 cum=   -169.94 v= -0.1180 top5=[a14=0.036, a12=0.033, a29=0.032, a39=0.032, a38=0.032] [BUILD FAILED: PowerStation money=200 free=33]
    OBS: year=1 month=1 season=3 money=200 credit=162519 people=33 busy=0 free=33 home_places=110 need_workers=0 tax_due=0 main_tax_due=0 tax_amount=6402 main_tax_amount=0 days_alive=306 stage=0 res0=0 res1=200 res2=0 res3=0 res4=0 res5=0 res6=0 res7=0 res8=0 Farm=1 Road=4 House=1 Puerperal=1 | nw=1358899.0126
  s=  276 a= 10(BUILD:Refinery) r= -1.0590 cum=   -171.00 v= +0.0709 top5=[a29=0.035, a14=0.030, a39=0.030, a25=0.030, a3=0.029] [BUILD FAILED: Refinery money=200 free=33]
    OBS: year=1 month=1 season=3 money=200 credit=162844 people=33 busy=0 free=33 home_places=110 need_workers=0 tax_due=0 main_tax_due=0 tax_amount=6402 main_tax_amount=0 days_alive=307 stage=0 res0=0 res1=200 res2=0 res3=0 res4=0 res5=0 res6=0 res7=0 res8=0 Farm=1 Road=4 House=1 Puerperal=1 | nw=1358558.0713
  s=  277 a= 43(MANAGER:9) r= -1.0584 cum=   -172.06 v= +0.0652 top5=[a29=0.035, a14=0.030, a39=0.030, a25=0.030, a3=0.029]
    OBS: year=1 month=1 season=3 money=200 credit=163169 people=33 busy=0 free=33 home_places=110 need_workers=0 tax_due=0 main_tax_due=0 tax_amount=6402 main_tax_amount=0 days_alive=308 stage=0 res0=0 res1=200 res2=0 res3=0 res4=0 res5=0 res6=0 res7=0 res8=0 Farm=1 Road=4 House=1 Puerperal=1 | nw=1358220.9527
  s=  278 a= 25(BUILD:SuperHouse) r= -1.0641 cum=   -173.12 v= +0.0596 top5=[a29=0.035, a14=0.030, a39=0.030, a25=0.029, a3=0.029] [BUILD FAILED: SuperHouse money=200 free=33]
    OBS: year=1 month=1 season=3 money=200 credit=163495 people=33 busy=0 free=33 home_places=110 need_workers=0 tax_due=0 main_tax_due=0 tax_amount=6402 main_tax_amount=0 days_alive=309 stage=0 res0=0 res1=200 res2=0 res3=0 res4=0 res5=0 res6=0 res7=0 res8=0 Farm=1 Road=4 House=1 Puerperal=1 | nw=1357877.3103
  s=  279 a= 35(MANAGER:1) r= -0.4277 cum=   -173.55 v= +0.0541 top5=[a29=0.034, a14=0.031, a39=0.030, a25=0.029, a3=0.029]
    OBS: year=1 month=1 season=3 money=2 credit=163821 people=33 busy=0 free=33 home_places=110 need_workers=0 tax_due=0 main_tax_due=0 tax_amount=6402 main_tax_amount=0 days_alive=310 stage=0 res0=0 res1=200 res2=0 res3=0 res4=0 res5=0 res6=0 res7=0 res8=0 Farm=1 Road=4 House=1 Puerperal=1 | nw=1357589.1270
  s=  280 a= 39(MANAGER:5) r= +1.3531 cum=   -172.20 v= +0.0490 top5=[a29=0.034, a39=0.031, a14=0.031, a25=0.029, a3=0.028]
    OBS: year=1 month=1 season=3 money=2 credit=164148 people=33 busy=3 free=30 home_places=110 need_workers=3 tax_due=0 main_tax_due=0 tax_amount=6402 main_tax_amount=0 days_alive=311 stage=0 res0=0 res1=200 res2=0 res3=0 res4=0 res5=0 res6=0 res7=0 res8=0 Farm=1 Road=4 House=1 Puerperal=1 | nw=1357246.1857
  s=  281 a= 38(MANAGER:4) r= +1.9543 cum=   -170.24 v= +0.1394 top5=[a29=0.033, a39=0.030, a14=0.030, a38=0.028, a3=0.028]
    OBS: year=1 month=1 season=3 money=2 credit=164476 people=34 busy=0 free=34 home_places=110 need_workers=0 tax_due=0 main_tax_due=0 tax_amount=6402 main_tax_amount=0 days_alive=312 stage=0 res0=0 res1=200 res2=0 res3=0 res4=0 res5=0 res6=0 res7=0 res8=0 Farm=1 Road=4 House=1 Puerperal=1 | nw=1356900.0077
  s=  282 a=  0(DAY) r= -6.0402 cum=   -176.28 v= +0.0304 top5=[a29=0.034, a39=0.031, a14=0.031, a25=0.029, a3=0.028]
    OBS: year=1 month=1 season=3 money=2 credit=164804 people=34 busy=0 free=34 home_places=110 need_workers=0 tax_due=0 main_tax_due=0 tax_amount=6402 main_tax_amount=0 days_alive=313 stage=0 res0=0 res1=200 res2=0 res3=0 res4=0 res5=0 res6=0 res7=0 res8=0 Farm=1 Road=4 House=1 Puerperal=1 | nw=1356559.3534
  s=  283 a= 42(MANAGER:8) r= -1.0611 cum=   -177.34 v= +0.0274 top5=[a29=0.034, a39=0.031, a14=0.031, a25=0.029, a3=0.028]
    OBS: year=1 month=1 season=3 money=2 credit=165133 people=34 busy=0 free=34 home_places=110 need_workers=0 tax_due=0 main_tax_due=0 tax_amount=6402 main_tax_amount=0 days_alive=314 stage=0 res0=0 res1=200 res2=0 res3=0 res4=0 res5=0 res6=0 res7=0 res8=0 Farm=1 Road=4 House=1 Puerperal=1 | nw=1356216.5337
  s=  284 a=  3(BUILD:Farm) r= -1.0637 cum=   -178.41 v= +0.0242 top5=[a29=0.034, a39=0.031, a14=0.031, a25=0.028, a3=0.028] [BUILD FAILED: Farm money=2 free=34]
    OBS: year=1 month=1 season=3 money=2 credit=165463 people=34 busy=0 free=34 home_places=110 need_workers=0 tax_due=0 main_tax_due=0 tax_amount=6402 main_tax_amount=0 days_alive=315 stage=0 res0=0 res1=200 res2=0 res3=0 res4=0 res5=0 res6=0 res7=0 res8=0 Farm=1 Road=4 House=1 Puerperal=1 | nw=1355872.2934
  s=  285 a= 18(BUILD:CowFarm) r= -1.0675 cum=   -179.48 v= +0.0200 top5=[a29=0.033, a39=0.031, a14=0.031, a25=0.028, a24=0.028] [BUILD FAILED: CowFarm money=2 free=34]
    OBS: year=1 month=1 season=3 money=2 credit=165793 people=34 busy=0 free=34 home_places=110 need_workers=0 tax_due=0 main_tax_due=0 tax_amount=6402 main_tax_amount=0 days_alive=316 stage=0 res0=0 res1=200 res2=0 res3=0 res4=0 res5=0 res6=0 res7=0 res8=0 Farm=1 Road=4 House=1 Puerperal=1 | nw=1355524.6511
  s=  286 a= 10(BUILD:Refinery) r= -1.0658 cum=   -180.54 v= +0.0160 top5=[a29=0.033, a39=0.032, a14=0.031, a25=0.028, a24=0.028] [BUILD FAILED: Refinery money=2 free=34]
    OBS: year=1 month=1 season=3 money=2 credit=166124 people=34 busy=0 free=34 home_places=110 need_workers=0 tax_due=0 main_tax_due=0 tax_amount=6402 main_tax_amount=0 days_alive=317 stage=0 res0=0 res1=200 res2=0 res3=0 res4=0 res5=0 res6=0 res7=0 res8=0 Farm=1 Road=4 House=1 Puerperal=1 | nw=1355182.6978
  s=  287 a= 41(MANAGER:7) r= -1.0669 cum=   -181.61 v= +0.0121 top5=[a29=0.033, a39=0.032, a14=0.031, a24=0.028, a25=0.028]
    OBS: year=1 month=1 season=3 money=2 credit=166456 people=34 busy=0 free=34 home_places=110 need_workers=0 tax_due=0 main_tax_due=0 tax_amount=6402 main_tax_amount=0 days_alive=318 stage=0 res0=0 res1=200 res2=0 res3=0 res4=0 res5=0 res6=0 res7=0 res8=0 Farm=1 Road=4 House=1 Puerperal=1 | nw=1354841.8661
  s=  288 a= 39(MANAGER:5) r= +1.3372 cum=   -180.27 v= +0.0067 top5=[a29=0.033, a39=0.032, a14=0.031, a24=0.028, a25=0.028]
    OBS: year=1 month=1 season=3 money=2 credit=166788 people=34 busy=3 free=31 home_places=110 need_workers=3 tax_due=0 main_tax_due=0 tax_amount=6402 main_tax_amount=0 days_alive=319 stage=0 res0=0 res1=200 res2=0 res3=0 res4=0 res5=0 res6=0 res7=0 res8=0 Farm=1 Road=4 House=1 Puerperal=1 | nw=1354496.5821
  s=  289 a= 27(BUILD:WaterMill) r= -1.0744 cum=   -181.35 v= +0.0937 top5=[a29=0.032, a39=0.031, a14=0.030, a38=0.029, a24=0.028] [BUILD FAILED: WaterMill money=2 free=31]
    OBS: year=1 month=1 season=3 money=2 credit=167121 people=34 busy=3 free=31 home_places=110 need_workers=3 tax_due=0 main_tax_due=0 tax_amount=6402 main_tax_amount=0 days_alive=320 stage=0 res0=0 res1=200 res2=0 res3=0 res4=0 res5=0 res6=0 res7=0 res8=0 Farm=1 Road=4 House=1 Puerperal=1 | nw=1354147.1051
  s=  290 a= 28(BUILD:BigRefinary) r= -1.0741 cum=   -182.42 v= +0.0900 top5=[a29=0.032, a39=0.031, a14=0.030, a38=0.029, a24=0.029] [BUILD FAILED: BigRefinary money=2 free=31]
    OBS: year=1 month=1 season=3 money=2 credit=167455 people=34 busy=3 free=31 home_places=110 need_workers=3 tax_due=0 main_tax_due=0 tax_amount=6402 main_tax_amount=0 days_alive=321 stage=0 res0=0 res1=200 res2=0 res3=0 res4=0 res5=0 res6=0 res7=0 res8=0 Farm=1 Road=4 House=1 Puerperal=1 | nw=1353800.9865
  s=  291 a=  5(BUILD:House) r= -1.0759 cum=   -183.50 v= +0.0861 top5=[a29=0.032, a39=0.031, a14=0.030, a38=0.029, a24=0.029] [BUILD FAILED: House money=2 free=31]
    OBS: year=1 month=1 season=3 money=2 credit=167789 people=34 busy=3 free=31 home_places=110 need_workers=3 tax_due=0 main_tax_due=0 tax_amount=6402 main_tax_amount=0 days_alive=322 stage=0 res0=0 res1=200 res2=0 res3=0 res4=0 res5=0 res6=0 res7=0 res8=0 Farm=1 Road=4 House=1 Puerperal=1 | nw=1353454.8678
  s=  292 a= 14(BUILD:Road) r= -1.0793 cum=   -184.58 v= +0.0819 top5=[a29=0.031, a39=0.031, a14=0.031, a38=0.029, a24=0.029] [BUILD FAILED: Road money=2 free=31]
    OBS: year=1 month=1 season=3 money=2 credit=168124 people=34 busy=3 free=31 home_places=110 need_workers=3 tax_due=0 main_tax_due=0 tax_amount=6402 main_tax_amount=0 days_alive=323 stage=0 res0=0 res1=200 res2=0 res3=0 res4=0 res5=0 res6=0 res7=0 res8=0 Farm=1 Road=4 House=1 Puerperal=1 | nw=1353106.0481
  s=  293 a= 38(MANAGER:4) r= +1.3346 cum=   -183.24 v= +0.0780 top5=[a29=0.031, a39=0.031, a14=0.031, a38=0.029, a24=0.029]
    OBS: year=1 month=1 season=3 money=2 credit=168460 people=34 busy=0 free=34 home_places=110 need_workers=0 tax_due=0 main_tax_due=0 tax_amount=6402 main_tax_amount=0 days_alive=324 stage=0 res0=0 res1=200 res2=0 res3=0 res4=0 res5=0 res6=0 res7=0 res8=0 Farm=1 Road=4 House=1 Puerperal=1 | nw=1352759.6305
  s=  294 a= 11(BUILD:Goldmine) r= -1.0845 cum=   -184.32 v= -0.0332 top5=[a39=0.032, a29=0.032, a14=0.032, a24=0.029, a12=0.028] [BUILD FAILED: Goldmine money=2 free=34]
    OBS: year=1 month=1 season=3 money=2 credit=168796 people=34 busy=0 free=34 home_places=110 need_workers=0 tax_due=0 main_tax_due=0 tax_amount=6402 main_tax_amount=0 days_alive=325 stage=0 res0=0 res1=200 res2=0 res3=0 res4=0 res5=0 res6=0 res7=0 res8=0 Farm=1 Road=4 House=1 Puerperal=1 | nw=1352405.9881
  s=  295 a= 44(MANAGER:10) r= -0.1780 cum=   -184.50 v= -0.0404 top5=[a39=0.033, a14=0.032, a29=0.032, a24=0.030, a12=0.029]
    OBS: year=1 month=1 season=3 money=2 credit=169133 people=34 busy=0 free=34 home_places=110 need_workers=0 tax_due=0 main_tax_due=0 tax_amount=6402 main_tax_amount=0 days_alive=326 stage=0 res0=0 res1=200 res2=0 res3=0 res4=0 res5=0 res6=0 res7=0 res8=0 Farm=1 Road=4 House=1 Puerperal=1 | nw=1352056.8694
  s=  296 a= 39(MANAGER:5) r= +1.3309 cum=   -183.17 v= -0.0471 top5=[a39=0.033, a14=0.032, a29=0.032, a24=0.030, a12=0.029]
    OBS: year=1 month=1 season=3 money=2 credit=169471 people=34 busy=3 free=31 home_places=110 need_workers=3 tax_due=0 main_tax_due=0 tax_amount=6402 main_tax_amount=0 days_alive=327 stage=0 res0=0 res1=200 res2=0 res3=0 res4=0 res5=0 res6=0 res7=0 res8=0 Farm=1 Road=4 House=1 Puerperal=1 | nw=1351707.2864
  s=  297 a= 22(BUILD:Apiary) r= -1.0864 cum=   -184.26 v= +0.0644 top5=[a39=0.032, a14=0.031, a29=0.031, a24=0.030, a38=0.030] [BUILD FAILED: Apiary money=2 free=31]
    OBS: year=1 month=1 season=3 money=2 credit=169809 people=34 busy=3 free=31 home_places=110 need_workers=3 tax_due=0 main_tax_due=0 tax_amount=6402 main_tax_amount=0 days_alive=328 stage=0 res0=0 res1=200 res2=0 res3=0 res4=0 res5=0 res6=0 res7=0 res8=0 Farm=1 Road=4 House=1 Puerperal=1 | nw=1351357.1677
  s=  298 a=  1(WEEK) r= -6.0425 cum=   -190.30 v= +0.0598 top5=[a39=0.032, a14=0.031, a29=0.030, a24=0.030, a38=0.030]
    OBS: year=1 month=1 season=3 money=2 credit=171854 people=33 busy=3 free=30 home_places=110 need_workers=3 tax_due=0 main_tax_due=0 tax_amount=6402 main_tax_amount=0 days_alive=334 stage=0 res0=0 res1=200 res2=0 res3=0 res4=0 res5=0 res6=0 res7=0 res8=0 Farm=1 Road=4 House=1 Puerperal=1 | nw=1349229.5738
  s=  299 a= 25(BUILD:SuperHouse) r= -1.0903 cum=   -191.39 v= +0.0470 top5=[a39=0.032, a24=0.032, a14=0.032, a38=0.030, a12=0.030] [BUILD FAILED: SuperHouse money=2 free=30]
    OBS: year=1 month=1 season=3 money=2 credit=172197 people=33 busy=3 free=30 home_places=110 need_workers=3 tax_due=0 main_tax_due=0 tax_amount=6402 main_tax_amount=0 days_alive=335 stage=0 res0=0 res1=200 res2=0 res3=0 res4=0 res5=0 res6=0 res7=0 res8=0 Farm=1 Road=4 House=1 Puerperal=1 | nw=1348874.4551
  s=  300 a= 12(BUILD:PowerStation) r= -1.0946 cum=   -192.49 v= +0.0438 top5=[a39=0.033, a24=0.032, a14=0.032, a38=0.030, a12=0.030] [BUILD FAILED: PowerStation money=2 free=30]
    OBS: year=1 month=1 season=3 money=2 credit=172541 people=33 busy=3 free=30 home_places=110 need_workers=3 tax_due=0 main_tax_due=0 tax_amount=6402 main_tax_amount=0 days_alive=336 stage=0 res0=0 res1=200 res2=0 res3=0 res4=0 res5=0 res6=0 res7=0 res8=0 Farm=1 Road=4 House=1 Puerperal=1 | nw=1348515.0495
  s=  301 a= 20(BUILD:BigHouse) r= -0.4949 cum=   -192.98 v= +0.0410 top5=[a39=0.033, a24=0.032, a14=0.032, a38=0.030, a12=0.030] [BUILD: BigHouse]
    OBS: year=1 month=2 season=3 money=2 credit=172886 people=34 busy=3 free=31 home_places=110 need_workers=3 tax_due=0 main_tax_due=0 tax_amount=6402 main_tax_amount=0 days_alive=337 stage=0 res0=0 res1=200 res2=0 res3=0 res4=0 res5=0 res6=0 res7=0 res8=0 Farm=1 Road=4 House=1 Puerperal=1 | nw=1348156.2297
  s=  302 a= 39(MANAGER:5) r= +1.3118 cum=   -191.67 v= +0.1498 top5=[a29=0.035, a3=0.029, a14=0.029, a39=0.028, a38=0.028]
    OBS: year=1 month=2 season=3 money=2 credit=173231 people=34 busy=3 free=31 home_places=110 need_workers=3 tax_due=0 main_tax_due=0 tax_amount=6402 main_tax_amount=0 days_alive=338 stage=0 res0=0 res1=200 res2=0 res3=0 res4=0 res5=0 res6=0 res7=0 res8=0 Farm=1 Road=4 House=1 Puerperal=1 | nw=1347802.9337
  s=  303 a= 35(MANAGER:1) r= -1.0991 cum=   -192.77 v= +0.1442 top5=[a29=0.035, a38=0.029, a14=0.029, a3=0.028, a39=0.028]
    OBS: year=1 month=2 season=3 money=2 credit=173577 people=34 busy=3 free=31 home_places=110 need_workers=3 tax_due=0 main_tax_due=0 tax_amount=6402 main_tax_amount=0 days_alive=339 stage=0 res0=0 res1=200 res2=0 res3=0 res4=0 res5=0 res6=0 res7=0 res8=0 Farm=1 Road=4 House=1 Puerperal=1 | nw=1347443.1140
  s=  304 a= 26(BUILD:BigSawmill) r= -1.1015 cum=   -193.87 v= +0.1394 top5=[a29=0.035, a38=0.029, a14=0.029, a39=0.029, a3=0.028] [BUILD FAILED: BigSawmill money=2 free=31]
    OBS: year=1 month=2 season=3 money=2 credit=173924 people=34 busy=3 free=31 home_places=110 need_workers=3 tax_due=0 main_tax_due=0 tax_amount=6402 main_tax_amount=0 days_alive=340 stage=0 res0=0 res1=200 res2=0 res3=0 res4=0 res5=0 res6=0 res7=0 res8=0 Farm=1 Road=4 House=1 Puerperal=1 | nw=1347082.2942
  s=  305 a= 15(BUILD:Fish) r= -1.1022 cum=   -194.97 v= +0.1343 top5=[a29=0.034, a38=0.029, a14=0.029, a39=0.029, a3=0.028] [BUILD FAILED: Fish money=2 free=31]
    OBS: year=1 month=2 season=3 money=2 credit=174271 people=34 busy=3 free=31 home_places=110 need_workers=3 tax_due=0 main_tax_due=0 tax_amount=6402 main_tax_amount=0 days_alive=341 stage=0 res0=0 res1=200 res2=0 res3=0 res4=0 res5=0 res6=0 res7=0 res8=0 Farm=1 Road=4 House=1 Puerperal=1 | nw=1346723.1756
  s=  306 a= 27(BUILD:WaterMill) r= -1.1062 cum=   -196.08 v= +0.1292 top5=[a29=0.034, a38=0.029, a14=0.029, a39=0.029, a3=0.028] [BUILD FAILED: WaterMill money=2 free=31]
    OBS: year=1 month=2 season=3 money=2 credit=174619 people=34 busy=3 free=31 home_places=110 need_workers=3 tax_due=0 main_tax_due=0 tax_amount=6402 main_tax_amount=0 days_alive=342 stage=0 res0=0 res1=200 res2=0 res3=0 res4=0 res5=0 res6=0 res7=0 res8=0 Farm=1 Road=4 House=1 Puerperal=1 | nw=1346360.3997
  s=  307 a= 41(MANAGER:7) r= -1.1047 cum=   -197.18 v= +0.1253 top5=[a29=0.034, a38=0.029, a14=0.029, a39=0.029, a3=0.028]
    OBS: year=1 month=2 season=3 money=2 credit=174968 people=34 busy=3 free=31 home_places=110 need_workers=3 tax_due=0 main_tax_due=0 tax_amount=6402 main_tax_amount=0 days_alive=343 stage=0 res0=0 res1=200 res2=0 res3=0 res4=0 res5=0 res6=0 res7=0 res8=0 Farm=1 Road=4 House=1 Puerperal=1 | nw=1346003.1037
  s=  308 a= 15(BUILD:Fish) r= -1.1088 cum=   -198.29 v= +0.1218 top5=[a29=0.034, a38=0.030, a14=0.029, a39=0.029, a3=0.027] [BUILD FAILED: Fish money=2 free=31]
    OBS: year=1 month=2 season=3 money=2 credit=175317 people=34 busy=3 free=31 home_places=110 need_workers=3 tax_due=0 main_tax_due=0 tax_amount=6402 main_tax_amount=0 days_alive=344 stage=0 res0=0 res1=200 res2=0 res3=0 res4=0 res5=0 res6=0 res7=0 res8=0 Farm=1 Road=4 House=1 Puerperal=1 | nw=1345641.9850
  s=  309 a=  8(BUILD:Coalmine) r= -1.1136 cum=   -199.40 v= +0.1175 top5=[a29=0.033, a38=0.030, a14=0.029, a39=0.029, a3=0.027] [BUILD FAILED: Coalmine money=2 free=31]
    OBS: year=1 month=2 season=3 money=2 credit=175667 people=34 busy=3 free=31 home_places=110 need_workers=3 tax_due=0 main_tax_due=0 tax_amount=6402 main_tax_amount=0 days_alive=345 stage=0 res0=0 res1=200 res2=0 res3=0 res4=0 res5=0 res6=0 res7=0 res8=0 Farm=1 Road=4 House=1 Puerperal=1 | nw=1345276.0437
  s=  310 a= 44(MANAGER:10) r= -0.2074 cum=   -199.61 v= +0.1143 top5=[a29=0.033, a38=0.030, a14=0.029, a39=0.029, a3=0.027]
    OBS: year=1 month=2 season=3 money=2 credit=176018 people=34 busy=3 free=31 home_places=110 need_workers=3 tax_due=0 main_tax_due=0 tax_amount=6402 main_tax_amount=0 days_alive=346 stage=0 res0=0 res1=200 res2=0 res3=0 res4=0 res5=0 res6=0 res7=0 res8=0 Farm=1 Road=4 House=1 Puerperal=1 | nw=1344912.9250
  s=  311 a= 22(BUILD:Apiary) r= -1.1150 cum=   -200.73 v= +0.1110 top5=[a29=0.033, a38=0.030, a14=0.029, a39=0.029, a24=0.027] [BUILD FAILED: Apiary money=2 free=31]
    OBS: year=1 month=2 season=3 money=2 credit=176370 people=34 busy=3 free=31 home_places=110 need_workers=3 tax_due=0 main_tax_due=0 tax_amount=6402 main_tax_amount=0 days_alive=347 stage=0 res0=0 res1=200 res2=0 res3=0 res4=0 res5=0 res6=0 res7=0 res8=0 Farm=1 Road=4 House=1 Puerperal=1 | nw=1344550.5074
  s=  312 a= 16(BUILD:CoalCut) r= -1.1178 cum=   -201.85 v= +0.1081 top5=[a29=0.033, a38=0.030, a14=0.029, a39=0.029, a24=0.027] [BUILD FAILED: CoalCut money=2 free=31]
    OBS: year=1 month=2 season=3 money=2 credit=176722 people=34 busy=3 free=31 home_places=110 need_workers=3 tax_due=0 main_tax_due=0 tax_amount=6402 main_tax_amount=0 days_alive=348 stage=0 res0=0 res1=200 res2=0 res3=0 res4=0 res5=0 res6=0 res7=0 res8=0 Farm=1 Road=4 House=1 Puerperal=1 | nw=1344186.3888
  s=  313 a= 31(BUILD:AirStation) r= -1.1203 cum=   -202.97 v= +0.1055 top5=[a29=0.032, a38=0.030, a14=0.030, a39=0.029, a24=0.027] [BUILD FAILED: AirStation money=2 free=31]
    OBS: year=1 month=2 season=3 money=2 credit=177075 people=34 busy=3 free=31 home_places=110 need_workers=3 tax_due=0 main_tax_due=0 tax_amount=6402 main_tax_amount=0 days_alive=349 stage=0 res0=0 res1=200 res2=0 res3=0 res4=0 res5=0 res6=0 res7=0 res8=0 Farm=1 Road=4 House=1 Puerperal=1 | nw=1343821.2701
  s=  314 a=  0(DAY) r= -0.5192 cum=   -203.48 v= +0.1028 top5=[a29=0.032, a38=0.030, a14=0.030, a39=0.030, a24=0.027]
    OBS: year=1 month=2 season=3 money=2 credit=177429 people=34 busy=3 free=31 home_places=110 need_workers=3 tax_due=0 main_tax_due=0 tax_amount=6402 main_tax_amount=0 days_alive=350 stage=0 res0=0 res1=200 res2=0 res3=0 res4=0 res5=0 res6=0 res7=0 res8=0 Farm=1 Road=4 House=1 Puerperal=1 | nw=1343451.3288
  s=  315 a= 41(MANAGER:7) r= -1.1248 cum=   -204.61 v= +0.0998 top5=[a29=0.032, a38=0.030, a14=0.030, a39=0.030, a24=0.028]
    OBS: year=1 month=2 season=3 money=2 credit=177783 people=34 busy=3 free=31 home_places=110 need_workers=3 tax_due=0 main_tax_due=0 tax_amount=6402 main_tax_amount=0 days_alive=351 stage=0 res0=0 res1=200 res2=0 res3=0 res4=0 res5=0 res6=0 res7=0 res8=0 Farm=1 Road=4 House=1 Puerperal=1 | nw=1343084.6745
  s=  316 a=  1(WEEK) r= -2.9983 cum=   -207.61 v= +0.0969 top5=[a29=0.032, a38=0.030, a14=0.030, a39=0.030, a24=0.028]
    OBS: year=1 month=2 season=3 money=2 credit=179565 people=35 busy=3 free=32 home_places=110 need_workers=3 tax_due=0 main_tax_due=0 tax_amount=6402 main_tax_amount=0 days_alive=356 stage=0 res0=0 res1=200 res2=0 res3=0 res4=0 res5=0 res6=0 res7=0 res8=0 Farm=1 Road=4 House=1 Puerperal=1 | nw=1341231.0338
  s=  317 a= 35(MANAGER:1) r= -1.1355 cum=   -208.74 v= +0.0719 top5=[a29=0.032, a38=0.031, a39=0.030, a14=0.030, a24=0.029]
    OBS: year=1 month=2 season=3 money=2 credit=179924 people=35 busy=3 free=32 home_places=110 need_workers=3 tax_due=0 main_tax_due=0 tax_amount=6402 main_tax_amount=0 days_alive=357 stage=0 res0=0 res1=200 res2=0 res3=0 res4=0 res5=0 res6=0 res7=0 res8=0 Farm=1 Road=4 House=1 Puerperal=1 | nw=1340857.6784
  s=  318 a=  4(BUILD:Garden) r= -0.7288 cum=   -209.47 v= +0.0676 top5=[a29=0.031, a38=0.031, a39=0.030, a14=0.030, a24=0.029] [BUILD: Garden]
    OBS: year=1 month=2 season=3 money=2 credit=180283 people=35 busy=3 free=32 home_places=110 need_workers=3 tax_due=0 main_tax_due=0 tax_amount=6402 main_tax_amount=0 days_alive=358 stage=0 res0=0 res1=200 res2=0 res3=0 res4=0 res5=0 res6=0 res7=0 res8=0 Farm=1 Road=4 House=1 Puerperal=1 | nw=1340484.8587
  s=  319 a= 14(BUILD:Road) r= -1.1411 cum=   -210.61 v= +0.0637 top5=[a29=0.031, a38=0.031, a39=0.031, a14=0.030, a24=0.029] [BUILD FAILED: Road money=2 free=32]
    OBS: year=1 month=2 season=3 money=2 credit=180643 people=35 busy=3 free=32 home_places=110 need_workers=3 tax_due=0 main_tax_due=0 tax_amount=6402 main_tax_amount=0 days_alive=359 stage=0 res0=0 res1=200 res2=0 res3=0 res4=0 res5=0 res6=0 res7=0 res8=0 Farm=1 Road=4 House=1 Puerperal=1 | nw=1340108.3817
  s=  320 a= 36(MANAGER:2) r= -1.1389 cum=   -211.75 v= +0.0598 top5=[a38=0.031, a29=0.031, a14=0.031, a39=0.031, a24=0.029]
    OBS: year=1 month=2 season=3 money=2 credit=181004 people=35 busy=3 free=32 home_places=110 need_workers=3 tax_due=0 main_tax_due=0 tax_amount=6402 main_tax_amount=0 days_alive=360 stage=0 res0=0 res1=200 res2=0 res3=0 res4=0 res5=0 res6=0 res7=0 res8=0 Farm=1 Road=4 House=1 Puerperal=1 | nw=1339738.5501
  s=  321 a= 21(BUILD:BigFarm) r= -1.1437 cum=   -212.90 v= +0.0558 top5=[a38=0.031, a29=0.031, a14=0.031, a39=0.031, a24=0.029] [BUILD FAILED: BigFarm money=2 free=32]
    OBS: year=1 month=2 season=3 money=2 credit=181366 people=35 busy=3 free=32 home_places=110 need_workers=3 tax_due=0 main_tax_due=0 tax_amount=6402 main_tax_amount=0 days_alive=361 stage=0 res0=0 res1=200 res2=0 res3=0 res4=0 res5=0 res6=0 res7=0 res8=0 Farm=1 Road=4 House=1 Puerperal=1 | nw=1339363.8958
  s=  322 a= 23(BUILD:Torchlight) r= -1.1466 cum=   -214.04 v= +0.0511 top5=[a38=0.031, a29=0.031, a14=0.031, a39=0.031, a24=0.030] [BUILD FAILED: Torchlight money=2 free=32]
    OBS: year=1 month=2 season=3 money=2 credit=181728 people=35 busy=3 free=32 home_places=110 need_workers=3 tax_due=0 main_tax_due=0 tax_amount=6402 main_tax_amount=0 days_alive=362 stage=0 res0=0 res1=200 res2=0 res3=0 res4=0 res5=0 res6=0 res7=0 res8=0 Farm=1 Road=4 House=1 Puerperal=1 | nw=1338987.5404
  s=  323 a= 13(BUILD:HydroStation) r= -1.1481 cum=   -215.19 v= +0.0457 top5=[a38=0.031, a14=0.031, a39=0.031, a29=0.031, a24=0.030] [BUILD FAILED: HydroStation money=2 free=32]
    OBS: year=1 month=2 season=3 money=2 credit=182091 people=35 busy=3 free=32 home_places=110 need_workers=3 tax_due=0 main_tax_due=0 tax_amount=6402 main_tax_amount=0 days_alive=363 stage=0 res0=0 res1=200 res2=0 res3=0 res4=0 res5=0 res6=0 res7=0 res8=0 Farm=1 Road=4 House=1 Puerperal=1 | nw=1338611.8861
  s=  324 a= 23(BUILD:Torchlight) r= -1.1539 cum=   -216.34 v= +0.0399 top5=[a38=0.031, a14=0.031, a39=0.031, a29=0.030, a24=0.030] [BUILD FAILED: Torchlight money=2 free=32]
    OBS: year=1 month=2 season=3 money=2 credit=182455 people=35 busy=3 free=32 home_places=110 need_workers=3 tax_due=0 main_tax_due=0 tax_amount=6402 main_tax_amount=0 days_alive=364 stage=0 res0=0 res1=200 res2=0 res3=0 res4=0 res5=0 res6=0 res7=0 res8=0 Farm=1 Road=4 House=1 Puerperal=1 | nw=1338229.7081
  s=  325 a= 19(BUILD:Mushroom) r= +1.8954 cum=   -214.45 v= +0.0340 top5=[a38=0.031, a14=0.031, a39=0.031, a29=0.030, a24=0.030] [BUILD: Mushroom]
    OBS: year=1 month=3 season=0 money=2 credit=182819 people=35 busy=3 free=32 home_places=110 need_workers=8 tax_due=1 main_tax_due=0 tax_amount=6402 main_tax_amount=0 days_alive=365 stage=0 res0=0 res1=200 res2=0 res3=0 res4=0 res5=0 res6=0 res7=0 res8=0 Farm=1 Road=4 House=1 Puerperal=1 | nw=1337853.5894
  s=  326 a= 26(BUILD:BigSawmill) r= -3.5919 cum=   -218.04 v= +0.1630 top5=[a14=0.029, a3=0.029, a15=0.028, a25=0.027, a38=0.027] [BUILD FAILED: BigSawmill money=2 free=32]
    OBS: year=1 month=3 season=0 money=2 credit=182819 people=35 busy=3 free=32 home_places=110 need_workers=8 tax_due=1 main_tax_due=0 tax_amount=6402 main_tax_amount=0 days_alive=365 stage=0 res0=0 res1=200 res2=0 res3=0 res4=0 res5=0 res6=0 res7=0 res8=0 Farm=1 Road=4 House=1 Puerperal=1 | nw=1337853.5894
  s=  327 a= 16(BUILD:CoalCut) r= -3.5871 cum=   -221.63 v= +0.1630 top5=[a14=0.029, a3=0.029, a15=0.028, a25=0.027, a38=0.027] [BUILD FAILED: CoalCut money=2 free=32]
    OBS: year=1 month=3 season=0 money=2 credit=182819 people=35 busy=3 free=32 home_places=110 need_workers=8 tax_due=1 main_tax_due=0 tax_amount=6402 main_tax_amount=0 days_alive=365 stage=0 res0=0 res1=200 res2=0 res3=0 res4=0 res5=0 res6=0 res7=0 res8=0 Farm=1 Road=4 House=1 Puerperal=1 | nw=1337853.5894
  s=  328 a= 35(MANAGER:1) r= -3.5825 cum=   -225.21 v= +0.1630 top5=[a14=0.029, a3=0.029, a15=0.028, a25=0.028, a38=0.027]
    OBS: year=1 month=3 season=0 money=2 credit=182819 people=35 busy=3 free=32 home_places=110 need_workers=8 tax_due=1 main_tax_due=0 tax_amount=6402 main_tax_amount=0 days_alive=365 stage=0 res0=0 res1=200 res2=0 res3=0 res4=0 res5=0 res6=0 res7=0 res8=0 Farm=1 Road=4 House=1 Puerperal=1 | nw=1337853.5894
  s=  329 a= 33(BUILD:AtomStation) r= -3.5779 cum=   -228.79 v= +0.1630 top5=[a14=0.029, a3=0.028, a15=0.028, a25=0.028, a38=0.027] [BUILD FAILED: AtomStation money=2 free=32]
    OBS: year=1 month=3 season=0 money=2 credit=182819 people=35 busy=3 free=32 home_places=110 need_workers=8 tax_due=1 main_tax_due=0 tax_amount=6402 main_tax_amount=0 days_alive=365 stage=0 res0=0 res1=200 res2=0 res3=0 res4=0 res5=0 res6=0 res7=0 res8=0 Farm=1 Road=4 House=1 Puerperal=1 | nw=1337853.5894
  s=  330 a= 21(BUILD:BigFarm) r= -3.5733 cum=   -232.36 v= +0.1630 top5=[a14=0.029, a3=0.028, a15=0.028, a25=0.028, a38=0.027] [BUILD FAILED: BigFarm money=2 free=32]
    OBS: year=1 month=3 season=0 money=2 credit=182819 people=35 busy=3 free=32 home_places=110 need_workers=8 tax_due=1 main_tax_due=0 tax_amount=6402 main_tax_amount=0 days_alive=365 stage=0 res0=0 res1=200 res2=0 res3=0 res4=0 res5=0 res6=0 res7=0 res8=0 Farm=1 Road=4 House=1 Puerperal=1 | nw=1337853.5894
  s=  331 a= 16(BUILD:CoalCut) r= -3.5689 cum=   -235.93 v= +0.1629 top5=[a14=0.029, a3=0.028, a15=0.028, a25=0.028, a38=0.027] [BUILD FAILED: CoalCut money=2 free=32]
    OBS: year=1 month=3 season=0 money=2 credit=182819 people=35 busy=3 free=32 home_places=110 need_workers=8 tax_due=1 main_tax_due=0 tax_amount=6402 main_tax_amount=0 days_alive=365 stage=0 res0=0 res1=200 res2=0 res3=0 res4=0 res5=0 res6=0 res7=0 res8=0 Farm=1 Road=4 House=1 Puerperal=1 | nw=1337853.5894
  s=  332 a= 41(MANAGER:7) r= -3.5645 cum=   -239.50 v= +0.1629 top5=[a14=0.029, a3=0.028, a15=0.028, a25=0.028, a38=0.027]
    OBS: year=1 month=3 season=0 money=2 credit=182819 people=35 busy=3 free=32 home_places=110 need_workers=8 tax_due=1 main_tax_due=0 tax_amount=6402 main_tax_amount=0 days_alive=365 stage=0 res0=0 res1=200 res2=0 res3=0 res4=0 res5=0 res6=0 res7=0 res8=0 Farm=1 Road=4 House=1 Puerperal=1 | nw=1337853.5894
  s=  333 a= 12(BUILD:PowerStation) r= -3.5602 cum=   -243.06 v= +0.1629 top5=[a14=0.029, a3=0.028, a15=0.028, a25=0.028, a38=0.027] [BUILD FAILED: PowerStation money=2 free=32]
    OBS: year=1 month=3 season=0 money=2 credit=182819 people=35 busy=3 free=32 home_places=110 need_workers=8 tax_due=1 main_tax_due=0 tax_amount=6402 main_tax_amount=0 days_alive=365 stage=0 res0=0 res1=200 res2=0 res3=0 res4=0 res5=0 res6=0 res7=0 res8=0 Farm=1 Road=4 House=1 Puerperal=1 | nw=1337853.5894
  s=  334 a= 34(MANAGER:0) r= -3.5559 cum=   -246.61 v= +0.1629 top5=[a14=0.029, a3=0.028, a15=0.028, a25=0.028, a38=0.027]
    OBS: year=1 month=3 season=0 money=2 credit=182819 people=35 busy=3 free=32 home_places=110 need_workers=8 tax_due=1 main_tax_due=0 tax_amount=6402 main_tax_amount=0 days_alive=365 stage=0 res0=0 res1=200 res2=0 res3=0 res4=0 res5=0 res6=0 res7=0 res8=0 Farm=1 Road=4 House=1 Puerperal=1 | nw=1337853.5894
  s=  335 a= 12(BUILD:PowerStation) r= -3.5517 cum=   -250.16 v= +0.1630 top5=[a14=0.029, a3=0.028, a15=0.028, a25=0.028, a38=0.027] [BUILD FAILED: PowerStation money=2 free=32]
    OBS: year=1 month=3 season=0 money=2 credit=182819 people=35 busy=3 free=32 home_places=110 need_workers=8 tax_due=1 main_tax_due=0 tax_amount=6402 main_tax_amount=0 days_alive=365 stage=0 res0=0 res1=200 res2=0 res3=0 res4=0 res5=0 res6=0 res7=0 res8=0 Farm=1 Road=4 House=1 Puerperal=1 | nw=1337853.5894
  s=  336 a=  7(BUILD:Sawmill) r= -3.5476 cum=   -253.71 v= +0.1630 top5=[a14=0.029, a3=0.028, a25=0.028, a15=0.028, a38=0.027] [BUILD FAILED: Sawmill money=2 free=32]
    OBS: year=1 month=3 season=0 money=2 credit=182819 people=35 busy=3 free=32 home_places=110 need_workers=8 tax_due=1 main_tax_due=0 tax_amount=6402 main_tax_amount=0 days_alive=365 stage=0 res0=0 res1=200 res2=0 res3=0 res4=0 res5=0 res6=0 res7=0 res8=0 Farm=1 Road=4 House=1 Puerperal=1 | nw=1337853.5894
  s=  337 a= 31(BUILD:AirStation) r= -3.5436 cum=   -257.25 v= +0.1630 top5=[a14=0.029, a3=0.028, a25=0.028, a15=0.027, a38=0.027] [BUILD FAILED: AirStation money=2 free=32]
    OBS: year=1 month=3 season=0 money=2 credit=182819 people=35 busy=3 free=32 home_places=110 need_workers=8 tax_due=1 main_tax_due=0 tax_amount=6402 main_tax_amount=0 days_alive=365 stage=0 res0=0 res1=200 res2=0 res3=0 res4=0 res5=0 res6=0 res7=0 res8=0 Farm=1 Road=4 House=1 Puerperal=1 | nw=1337853.5894
  s=  338 a=  1(WEEK) r= -3.5396 cum=   -260.79 v= +0.1631 top5=[a14=0.029, a3=0.028, a25=0.028, a15=0.027, a38=0.027]
    OBS: year=1 month=3 season=0 money=2 credit=182819 people=35 busy=3 free=32 home_places=110 need_workers=8 tax_due=1 main_tax_due=0 tax_amount=6402 main_tax_amount=0 days_alive=365 stage=0 res0=0 res1=200 res2=0 res3=0 res4=0 res5=0 res6=0 res7=0 res8=0 Farm=1 Road=4 House=1 Puerperal=1 | nw=1337853.5894
  s=  339 a= 14(BUILD:Road) r= -3.5356 cum=   -264.33 v= +0.1631 top5=[a14=0.029, a3=0.028, a25=0.028, a15=0.027, a38=0.027] [BUILD FAILED: Road money=2 free=32]
    OBS: year=1 month=3 season=0 money=2 credit=182819 people=35 busy=3 free=32 home_places=110 need_workers=8 tax_due=1 main_tax_due=0 tax_amount=6402 main_tax_amount=0 days_alive=365 stage=0 res0=0 res1=200 res2=0 res3=0 res4=0 res5=0 res6=0 res7=0 res8=0 Farm=1 Road=4 House=1 Puerperal=1 | nw=1337853.5894
  s=  340 a= 43(MANAGER:9) r= -3.5318 cum=   -267.86 v= +0.1632 top5=[a14=0.029, a3=0.028, a25=0.028, a15=0.027, a38=0.027]
    OBS: year=1 month=3 season=0 money=2 credit=182819 people=35 busy=3 free=32 home_places=110 need_workers=8 tax_due=1 main_tax_due=0 tax_amount=6402 main_tax_amount=0 days_alive=365 stage=0 res0=0 res1=200 res2=0 res3=0 res4=0 res5=0 res6=0 res7=0 res8=0 Farm=1 Road=4 House=1 Puerperal=1 | nw=1337853.5894
  s=  341 a= 36(MANAGER:2) r= -3.5279 cum=   -271.39 v= +0.1632 top5=[a14=0.029, a3=0.028, a25=0.028, a15=0.027, a38=0.027]
    OBS: year=1 month=3 season=0 money=2 credit=182819 people=35 busy=3 free=32 home_places=110 need_workers=8 tax_due=1 main_tax_due=0 tax_amount=6402 main_tax_amount=0 days_alive=365 stage=0 res0=0 res1=200 res2=0 res3=0 res4=0 res5=0 res6=0 res7=0 res8=0 Farm=1 Road=4 House=1 Puerperal=1 | nw=1337853.5894
  s=  342 a=  8(BUILD:Coalmine) r= -3.5242 cum=   -274.91 v= +0.1632 top5=[a14=0.029, a3=0.028, a25=0.028, a15=0.027, a38=0.027] [BUILD FAILED: Coalmine money=2 free=32]
    OBS: year=1 month=3 season=0 money=2 credit=182819 people=35 busy=3 free=32 home_places=110 need_workers=8 tax_due=1 main_tax_due=0 tax_amount=6402 main_tax_amount=0 days_alive=365 stage=0 res0=0 res1=200 res2=0 res3=0 res4=0 res5=0 res6=0 res7=0 res8=0 Farm=1 Road=4 House=1 Puerperal=1 | nw=1337853.5894
  s=  343 a= 24(BUILD:Hothouse) r= -3.5205 cum=   -278.43 v= +0.1633 top5=[a14=0.029, a3=0.028, a25=0.028, a15=0.027, a38=0.027] [BUILD FAILED: Hothouse money=2 free=32]
    OBS: year=1 month=3 season=0 money=2 credit=182819 people=35 busy=3 free=32 home_places=110 need_workers=8 tax_due=1 main_tax_due=0 tax_amount=6402 main_tax_amount=0 days_alive=365 stage=0 res0=0 res1=200 res2=0 res3=0 res4=0 res5=0 res6=0 res7=0 res8=0 Farm=1 Road=4 House=1 Puerperal=1 | nw=1337853.5894
  s=  344 a= 43(MANAGER:9) r= -3.5168 cum=   -281.95 v= +0.1633 top5=[a14=0.029, a3=0.028, a25=0.028, a15=0.027, a38=0.027]
    OBS: year=1 month=3 season=0 money=2 credit=182819 people=35 busy=3 free=32 home_places=110 need_workers=8 tax_due=1 main_tax_due=0 tax_amount=6402 main_tax_amount=0 days_alive=365 stage=0 res0=0 res1=200 res2=0 res3=0 res4=0 res5=0 res6=0 res7=0 res8=0 Farm=1 Road=4 House=1 Puerperal=1 | nw=1337853.5894
  s=  345 a=  1(WEEK) r= -5.9546 cum=   -287.91 v= +0.1633 top5=[a14=0.028, a3=0.028, a25=0.028, a15=0.027, a38=0.027]
    OBS: year=1 month=3 season=0 money=2 credit=182819 people=35 busy=3 free=32 home_places=110 need_workers=8 tax_due=1 main_tax_due=0 tax_amount=6402 main_tax_amount=0 days_alive=365 stage=0 res0=0 res1=200 res2=0 res3=0 res4=0 res5=0 res6=0 res7=0 res8=0 Farm=1 Road=4 House=1 Puerperal=1 | nw=1337853.5894
  s=  346 a= 22(BUILD:Apiary) r= -3.4940 cum=   -291.40 v= +0.1634 top5=[a14=0.028, a3=0.028, a25=0.028, a15=0.027, a38=0.027] [BUILD FAILED: Apiary money=2 free=32]
    OBS: year=1 month=3 season=0 money=2 credit=182819 people=35 busy=3 free=32 home_places=110 need_workers=8 tax_due=1 main_tax_due=0 tax_amount=6402 main_tax_amount=0 days_alive=365 stage=0 res0=0 res1=200 res2=0 res3=0 res4=0 res5=0 res6=0 res7=0 res8=0 Farm=1 Road=4 House=1 Puerperal=1 | nw=1337853.5894
  s=  347 a= 15(BUILD:Fish) r= -3.4907 cum=   -294.89 v= +0.1635 top5=[a14=0.028, a3=0.028, a25=0.028, a15=0.027, a38=0.027] [BUILD FAILED: Fish money=2 free=32]
    OBS: year=1 month=3 season=0 money=2 credit=182819 people=35 busy=3 free=32 home_places=110 need_workers=8 tax_due=1 main_tax_due=0 tax_amount=6402 main_tax_amount=0 days_alive=365 stage=0 res0=0 res1=200 res2=0 res3=0 res4=0 res5=0 res6=0 res7=0 res8=0 Farm=1 Road=4 House=1 Puerperal=1 | nw=1337853.5894
  s=  348 a= 43(MANAGER:9) r= -3.4874 cum=   -298.38 v= +0.1636 top5=[a14=0.028, a3=0.028, a25=0.028, a15=0.027, a38=0.027]
    OBS: year=1 month=3 season=0 money=2 credit=182819 people=35 busy=3 free=32 home_places=110 need_workers=8 tax_due=1 main_tax_due=0 tax_amount=6402 main_tax_amount=0 days_alive=365 stage=0 res0=0 res1=200 res2=0 res3=0 res4=0 res5=0 res6=0 res7=0 res8=0 Farm=1 Road=4 House=1 Puerperal=1 | nw=1337853.5894
  s=  349 a=  3(BUILD:Farm) r= -3.4841 cum=   -301.86 v= +0.1636 top5=[a14=0.028, a3=0.028, a25=0.028, a15=0.027, a38=0.027] [BUILD FAILED: Farm money=2 free=32]
    OBS: year=1 month=3 season=0 money=2 credit=182819 people=35 busy=3 free=32 home_places=110 need_workers=8 tax_due=1 main_tax_due=0 tax_amount=6402 main_tax_amount=0 days_alive=365 stage=0 res0=0 res1=200 res2=0 res3=0 res4=0 res5=0 res6=0 res7=0 res8=0 Farm=1 Road=4 House=1 Puerperal=1 | nw=1337853.5894
  s=  350 a=  9(BUILD:Ironmine) r= -3.4809 cum=   -305.34 v= +0.1638 top5=[a14=0.028, a3=0.028, a25=0.028, a15=0.027, a38=0.027] [BUILD FAILED: Ironmine money=2 free=32]
    OBS: year=1 month=3 season=0 money=2 credit=182819 people=35 busy=3 free=32 home_places=110 need_workers=8 tax_due=1 main_tax_due=0 tax_amount=6402 main_tax_amount=0 days_alive=365 stage=0 res0=0 res1=200 res2=0 res3=0 res4=0 res5=0 res6=0 res7=0 res8=0 Farm=1 Road=4 House=1 Puerperal=1 | nw=1337853.5894
  s=  351 a= 33(BUILD:AtomStation) r= -3.4777 cum=   -308.82 v= +0.1639 top5=[a14=0.028, a3=0.028, a25=0.028, a15=0.027, a38=0.027] [BUILD FAILED: AtomStation money=2 free=32]
    OBS: year=1 month=3 season=0 money=2 credit=182819 people=35 busy=3 free=32 home_places=110 need_workers=8 tax_due=1 main_tax_due=0 tax_amount=6402 main_tax_amount=0 days_alive=365 stage=0 res0=0 res1=200 res2=0 res3=0 res4=0 res5=0 res6=0 res7=0 res8=0 Farm=1 Road=4 House=1 Puerperal=1 | nw=1337853.5894
  s=  352 a= 41(MANAGER:7) r= -3.4746 cum=   -312.29 v= +0.1640 top5=[a14=0.028, a3=0.028, a25=0.028, a15=0.027, a38=0.027]
    OBS: year=1 month=3 season=0 money=2 credit=182819 people=35 busy=3 free=32 home_places=110 need_workers=8 tax_due=1 main_tax_due=0 tax_amount=6402 main_tax_amount=0 days_alive=365 stage=0 res0=0 res1=200 res2=0 res3=0 res4=0 res5=0 res6=0 res7=0 res8=0 Farm=1 Road=4 House=1 Puerperal=1 | nw=1337853.5894
  s=  353 a= 14(BUILD:Road) r= -3.4716 cum=   -315.77 v= +0.1641 top5=[a14=0.028, a3=0.028, a25=0.028, a15=0.027, a38=0.027] [BUILD FAILED: Road money=2 free=32]
    OBS: year=1 month=3 season=0 money=2 credit=182819 people=35 busy=3 free=32 home_places=110 need_workers=8 tax_due=1 main_tax_due=0 tax_amount=6402 main_tax_amount=0 days_alive=365 stage=0 res0=0 res1=200 res2=0 res3=0 res4=0 res5=0 res6=0 res7=0 res8=0 Farm=1 Road=4 House=1 Puerperal=1 | nw=1337853.5894
  s=  354 a= 23(BUILD:Torchlight) r= -3.4685 cum=   -319.23 v= +0.1641 top5=[a14=0.028, a3=0.028, a25=0.028, a15=0.027, a38=0.027] [BUILD FAILED: Torchlight money=2 free=32]
    OBS: year=1 month=3 season=0 money=2 credit=182819 people=35 busy=3 free=32 home_places=110 need_workers=8 tax_due=1 main_tax_due=0 tax_amount=6402 main_tax_amount=0 days_alive=365 stage=0 res0=0 res1=200 res2=0 res3=0 res4=0 res5=0 res6=0 res7=0 res8=0 Farm=1 Road=4 House=1 Puerperal=1 | nw=1337853.5894
  s=  355 a= 26(BUILD:BigSawmill) r= -3.4655 cum=   -322.70 v= +0.1642 top5=[a14=0.028, a3=0.028, a25=0.028, a15=0.027, a38=0.027] [BUILD FAILED: BigSawmill money=2 free=32]
    OBS: year=1 month=3 season=0 money=2 credit=182819 people=35 busy=3 free=32 home_places=110 need_workers=8 tax_due=1 main_tax_due=0 tax_amount=6402 main_tax_amount=0 days_alive=365 stage=0 res0=0 res1=200 res2=0 res3=0 res4=0 res5=0 res6=0 res7=0 res8=0 Farm=1 Road=4 House=1 Puerperal=1 | nw=1337853.5894
  s=  356 a=  5(BUILD:House) r= -3.4626 cum=   -326.16 v= +0.1643 top5=[a14=0.028, a3=0.028, a25=0.028, a15=0.027, a38=0.027] [BUILD FAILED: House money=2 free=32]
    OBS: year=1 month=3 season=0 money=2 credit=182819 people=35 busy=3 free=32 home_places=110 need_workers=8 tax_due=1 main_tax_due=0 tax_amount=6402 main_tax_amount=0 days_alive=365 stage=0 res0=0 res1=200 res2=0 res3=0 res4=0 res5=0 res6=0 res7=0 res8=0 Farm=1 Road=4 House=1 Puerperal=1 | nw=1337853.5894
  s=  357 a= 21(BUILD:BigFarm) r= -3.4597 cum=   -329.62 v= +0.1644 top5=[a14=0.028, a3=0.028, a25=0.028, a15=0.027, a38=0.027] [BUILD FAILED: BigFarm money=2 free=32]
    OBS: year=1 month=3 season=0 money=2 credit=182819 people=35 busy=3 free=32 home_places=110 need_workers=8 tax_due=1 main_tax_due=0 tax_amount=6402 main_tax_amount=0 days_alive=365 stage=0 res0=0 res1=200 res2=0 res3=0 res4=0 res5=0 res6=0 res7=0 res8=0 Farm=1 Road=4 House=1 Puerperal=1 | nw=1337853.5894
  s=  358 a= 38(MANAGER:4) r= -1.1132 cum=   -330.74 v= +0.1645 top5=[a14=0.028, a3=0.028, a25=0.028, a15=0.027, a38=0.027]
    OBS: year=1 month=3 season=0 money=2 credit=182819 people=35 busy=3 free=32 home_places=110 need_workers=5 tax_due=1 main_tax_due=0 tax_amount=6402 main_tax_amount=0 days_alive=365 stage=0 res0=0 res1=200 res2=0 res3=0 res4=0 res5=0 res6=0 res7=0 res8=0 Farm=1 Road=4 House=1 Puerperal=1 | nw=1337853.5894
  s=  359 a=  4(BUILD:Garden) r= -3.2453 cum=   -333.98 v= +0.1495 top5=[a3=0.028, a25=0.028, a14=0.027, a15=0.027, a33=0.026] [BUILD FAILED: Garden money=2 free=32]
    OBS: year=1 month=3 season=0 money=2 credit=182819 people=35 busy=3 free=32 home_places=110 need_workers=5 tax_due=1 main_tax_due=0 tax_amount=6402 main_tax_amount=0 days_alive=365 stage=0 res0=0 res1=200 res2=0 res3=0 res4=0 res5=0 res6=0 res7=0 res8=0 Farm=1 Road=4 House=1 Puerperal=1 | nw=1337853.5894
  s=  360 a= 22(BUILD:Apiary) r= -3.4570 cum=   -337.44 v= +0.1495 top5=[a3=0.028, a25=0.028, a14=0.027, a15=0.027, a33=0.026] [BUILD FAILED: Apiary money=2 free=32]
    OBS: year=1 month=3 season=0 money=2 credit=182819 people=35 busy=3 free=32 home_places=110 need_workers=5 tax_due=1 main_tax_due=0 tax_amount=6402 main_tax_amount=0 days_alive=365 stage=0 res0=0 res1=200 res2=0 res3=0 res4=0 res5=0 res6=0 res7=0 res8=0 Farm=1 Road=4 House=1 Puerperal=1 | nw=1337853.5894
  s=  361 a= 17(BUILD:HuntingLand) r= -3.4542 cum=   -340.89 v= +0.1496 top5=[a3=0.028, a25=0.028, a14=0.027, a15=0.027, a33=0.026] [BUILD FAILED: HuntingLand money=2 free=32]
    OBS: year=1 month=3 season=0 money=2 credit=182819 people=35 busy=3 free=32 home_places=110 need_workers=5 tax_due=1 main_tax_due=0 tax_amount=6402 main_tax_amount=0 days_alive=365 stage=0 res0=0 res1=200 res2=0 res3=0 res4=0 res5=0 res6=0 res7=0 res8=0 Farm=1 Road=4 House=1 Puerperal=1 | nw=1337853.5894
  s=  362 a= 43(MANAGER:9) r= -3.4515 cum=   -344.34 v= +0.1497 top5=[a3=0.028, a25=0.028, a14=0.027, a15=0.027, a33=0.026]
    OBS: year=1 month=3 season=0 money=2 credit=182819 people=35 busy=3 free=32 home_places=110 need_workers=5 tax_due=1 main_tax_due=0 tax_amount=6402 main_tax_amount=0 days_alive=365 stage=0 res0=0 res1=200 res2=0 res3=0 res4=0 res5=0 res6=0 res7=0 res8=0 Farm=1 Road=4 House=1 Puerperal=1 | nw=1337853.5894
  s=  363 a= 23(BUILD:Torchlight) r= -3.4487 cum=   -347.79 v= +0.1498 top5=[a3=0.028, a25=0.028, a14=0.027, a15=0.027, a33=0.026] [BUILD FAILED: Torchlight money=2 free=32]
    OBS: year=1 month=3 season=0 money=2 credit=182819 people=35 busy=3 free=32 home_places=110 need_workers=5 tax_due=1 main_tax_due=0 tax_amount=6402 main_tax_amount=0 days_alive=365 stage=0 res0=0 res1=200 res2=0 res3=0 res4=0 res5=0 res6=0 res7=0 res8=0 Farm=1 Road=4 House=1 Puerperal=1 | nw=1337853.5894
  s=  364 a= 30(BUILD:BigIronmine) r= -3.4460 cum=   -351.24 v= +0.1499 top5=[a3=0.028, a25=0.028, a14=0.027, a15=0.027, a33=0.026] [BUILD FAILED: BigIronmine money=2 free=32]
    OBS: year=1 month=3 season=0 money=2 credit=182819 people=35 busy=3 free=32 home_places=110 need_workers=5 tax_due=1 main_tax_due=0 tax_amount=6402 main_tax_amount=0 days_alive=365 stage=0 res0=0 res1=200 res2=0 res3=0 res4=0 res5=0 res6=0 res7=0 res8=0 Farm=1 Road=4 House=1 Puerperal=1 | nw=1337853.5894
  s=  365 a=  3(BUILD:Farm) r= -3.4434 cum=   -354.68 v= +0.1500 top5=[a25=0.028, a3=0.028, a14=0.027, a15=0.027, a33=0.026] [BUILD FAILED: Farm money=2 free=32]
    OBS: year=1 month=3 season=0 money=2 credit=182819 people=35 busy=3 free=32 home_places=110 need_workers=5 tax_due=1 main_tax_due=0 tax_amount=6402 main_tax_amount=0 days_alive=365 stage=0 res0=0 res1=200 res2=0 res3=0 res4=0 res5=0 res6=0 res7=0 res8=0 Farm=1 Road=4 House=1 Puerperal=1 | nw=1337853.5894
  s=  366 a= 31(BUILD:AirStation) r= -3.4408 cum=   -358.12 v= +0.1501 top5=[a25=0.028, a3=0.028, a14=0.027, a15=0.027, a33=0.026] [BUILD FAILED: AirStation money=2 free=32]
    OBS: year=1 month=3 season=0 money=2 credit=182819 people=35 busy=3 free=32 home_places=110 need_workers=5 tax_due=1 main_tax_due=0 tax_amount=6402 main_tax_amount=0 days_alive=365 stage=0 res0=0 res1=200 res2=0 res3=0 res4=0 res5=0 res6=0 res7=0 res8=0 Farm=1 Road=4 House=1 Puerperal=1 | nw=1337853.5894
  s=  367 a= 32(BUILD:SmallAtomStation) r= -3.4382 cum=   -361.56 v= +0.1502 top5=[a25=0.028, a3=0.028, a14=0.027, a15=0.027, a33=0.026] [BUILD FAILED: SmallAtomStation money=2 free=32]
    OBS: year=1 month=3 season=0 money=2 credit=182819 people=35 busy=3 free=32 home_places=110 need_workers=5 tax_due=1 main_tax_due=0 tax_amount=6402 main_tax_amount=0 days_alive=365 stage=0 res0=0 res1=200 res2=0 res3=0 res4=0 res5=0 res6=0 res7=0 res8=0 Farm=1 Road=4 House=1 Puerperal=1 | nw=1337853.5894
  s=  368 a= 40(MANAGER:6) r= -3.4356 cum=   -365.00 v= +0.1503 top5=[a25=0.028, a3=0.028, a14=0.027, a15=0.027, a33=0.026]
    OBS: year=1 month=3 season=0 money=2 credit=182819 people=35 busy=3 free=32 home_places=110 need_workers=5 tax_due=1 main_tax_due=0 tax_amount=6402 main_tax_amount=0 days_alive=365 stage=0 res0=0 res1=200 res2=0 res3=0 res4=0 res5=0 res6=0 res7=0 res8=0 Farm=1 Road=4 House=1 Puerperal=1 | nw=1337853.5894
  s=  369 a= 18(BUILD:CowFarm) r= -3.4331 cum=   -368.43 v= +0.1504 top5=[a25=0.028, a3=0.028, a15=0.027, a14=0.027, a33=0.026] [BUILD FAILED: CowFarm money=2 free=32]
    OBS: year=1 month=3 season=0 money=2 credit=182819 people=35 busy=3 free=32 home_places=110 need_workers=5 tax_due=1 main_tax_due=0 tax_amount=6402 main_tax_amount=0 days_alive=365 stage=0 res0=0 res1=200 res2=0 res3=0 res4=0 res5=0 res6=0 res7=0 res8=0 Farm=1 Road=4 House=1 Puerperal=1 | nw=1337853.5894
  s=  370 a= 30(BUILD:BigIronmine) r= -3.4306 cum=   -371.86 v= +0.1505 top5=[a25=0.028, a3=0.028, a15=0.027, a14=0.027, a33=0.026] [BUILD FAILED: BigIronmine money=2 free=32]
    OBS: year=1 month=3 season=0 money=2 credit=182819 people=35 busy=3 free=32 home_places=110 need_workers=5 tax_due=1 main_tax_due=0 tax_amount=6402 main_tax_amount=0 days_alive=365 stage=0 res0=0 res1=200 res2=0 res3=0 res4=0 res5=0 res6=0 res7=0 res8=0 Farm=1 Road=4 House=1 Puerperal=1 | nw=1337853.5894
  s=  371 a= 31(BUILD:AirStation) r= -3.4282 cum=   -375.29 v= +0.1505 top5=[a25=0.028, a3=0.028, a15=0.027, a14=0.027, a33=0.026] [BUILD FAILED: AirStation money=2 free=32]
    OBS: year=1 month=3 season=0 money=2 credit=182819 people=35 busy=3 free=32 home_places=110 need_workers=5 tax_due=1 main_tax_due=0 tax_amount=6402 main_tax_amount=0 days_alive=365 stage=0 res0=0 res1=200 res2=0 res3=0 res4=0 res5=0 res6=0 res7=0 res8=0 Farm=1 Road=4 House=1 Puerperal=1 | nw=1337853.5894
  s=  372 a= 14(BUILD:Road) r= -3.4258 cum=   -378.71 v= +0.1506 top5=[a25=0.028, a3=0.028, a15=0.027, a14=0.027, a33=0.026] [BUILD FAILED: Road money=2 free=32]
    OBS: year=1 month=3 season=0 money=2 credit=182819 people=35 busy=3 free=32 home_places=110 need_workers=5 tax_due=1 main_tax_due=0 tax_amount=6402 main_tax_amount=0 days_alive=365 stage=0 res0=0 res1=200 res2=0 res3=0 res4=0 res5=0 res6=0 res7=0 res8=0 Farm=1 Road=4 House=1 Puerperal=1 | nw=1337853.5894
  s=  373 a= 27(BUILD:WaterMill) r= -3.4234 cum=   -382.14 v= +0.1507 top5=[a25=0.028, a3=0.028, a15=0.027, a14=0.027, a33=0.026] [BUILD FAILED: WaterMill money=2 free=32]
    OBS: year=1 month=3 season=0 money=2 credit=182819 people=35 busy=3 free=32 home_places=110 need_workers=5 tax_due=1 main_tax_due=0 tax_amount=6402 main_tax_amount=0 days_alive=365 stage=0 res0=0 res1=200 res2=0 res3=0 res4=0 res5=0 res6=0 res7=0 res8=0 Farm=1 Road=4 House=1 Puerperal=1 | nw=1337853.5894
  s=  374 a= 19(BUILD:Mushroom) r= -3.4210 cum=   -385.56 v= +0.1507 top5=[a25=0.028, a3=0.028, a15=0.027, a14=0.027, a33=0.026] [BUILD FAILED: Mushroom money=2 free=32]
    OBS: year=1 month=3 season=0 money=2 credit=182819 people=35 busy=3 free=32 home_places=110 need_workers=5 tax_due=1 main_tax_due=0 tax_amount=6402 main_tax_amount=0 days_alive=365 stage=0 res0=0 res1=200 res2=0 res3=0 res4=0 res5=0 res6=0 res7=0 res8=0 Farm=1 Road=4 House=1 Puerperal=1 | nw=1337853.5894
  s=  375 a= 26(BUILD:BigSawmill) r= -3.4187 cum=   -388.98 v= +0.1508 top5=[a25=0.028, a3=0.027, a15=0.027, a14=0.027, a33=0.026] [BUILD FAILED: BigSawmill money=2 free=32]
    OBS: year=1 month=3 season=0 money=2 credit=182819 people=35 busy=3 free=32 home_places=110 need_workers=5 tax_due=1 main_tax_due=0 tax_amount=6402 main_tax_amount=0 days_alive=365 stage=0 res0=0 res1=200 res2=0 res3=0 res4=0 res5=0 res6=0 res7=0 res8=0 Farm=1 Road=4 House=1 Puerperal=1 | nw=1337853.5894
  s=  376 a= 10(BUILD:Refinery) r= -3.4164 cum=   -392.39 v= +0.1508 top5=[a25=0.028, a3=0.027, a15=0.027, a14=0.027, a33=0.026] [BUILD FAILED: Refinery money=2 free=32]
    OBS: year=1 month=3 season=0 money=2 credit=182819 people=35 busy=3 free=32 home_places=110 need_workers=5 tax_due=1 main_tax_due=0 tax_amount=6402 main_tax_amount=0 days_alive=365 stage=0 res0=0 res1=200 res2=0 res3=0 res4=0 res5=0 res6=0 res7=0 res8=0 Farm=1 Road=4 House=1 Puerperal=1 | nw=1337853.5894
  s=  377 a= 26(BUILD:BigSawmill) r= -3.4142 cum=   -395.81 v= +0.1509 top5=[a25=0.028, a3=0.027, a15=0.027, a14=0.027, a33=0.026] [BUILD FAILED: BigSawmill money=2 free=32]
    OBS: year=1 month=3 season=0 money=2 credit=182819 people=35 busy=3 free=32 home_places=110 need_workers=5 tax_due=1 main_tax_due=0 tax_amount=6402 main_tax_amount=0 days_alive=365 stage=0 res0=0 res1=200 res2=0 res3=0 res4=0 res5=0 res6=0 res7=0 res8=0 Farm=1 Road=4 House=1 Puerperal=1 | nw=1337853.5894
  s=  378 a=  7(BUILD:Sawmill) r= -3.4119 cum=   -399.22 v= +0.1510 top5=[a25=0.028, a3=0.027, a15=0.027, a14=0.027, a33=0.026] [BUILD FAILED: Sawmill money=2 free=32]
    OBS: year=1 month=3 season=0 money=2 credit=182819 people=35 busy=3 free=32 home_places=110 need_workers=5 tax_due=1 main_tax_due=0 tax_amount=6402 main_tax_amount=0 days_alive=365 stage=0 res0=0 res1=200 res2=0 res3=0 res4=0 res5=0 res6=0 res7=0 res8=0 Farm=1 Road=4 House=1 Puerperal=1 | nw=1337853.5894
  s=  379 a= 25(BUILD:SuperHouse) r= -3.4097 cum=   -402.63 v= +0.1510 top5=[a25=0.028, a3=0.027, a15=0.027, a14=0.027, a33=0.026] [BUILD FAILED: SuperHouse money=2 free=32]
    OBS: year=1 month=3 season=0 money=2 credit=182819 people=35 busy=3 free=32 home_places=110 need_workers=5 tax_due=1 main_tax_due=0 tax_amount=6402 main_tax_amount=0 days_alive=365 stage=0 res0=0 res1=200 res2=0 res3=0 res4=0 res5=0 res6=0 res7=0 res8=0 Farm=1 Road=4 House=1 Puerperal=1 | nw=1337853.5894
  s=  380 a= 41(MANAGER:7) r= -3.4075 cum=   -406.04 v= +0.1510 top5=[a25=0.028, a3=0.027, a15=0.027, a14=0.027, a33=0.026]
    OBS: year=1 month=3 season=0 money=2 credit=182819 people=35 busy=3 free=32 home_places=110 need_workers=5 tax_due=1 main_tax_due=0 tax_amount=6402 main_tax_amount=0 days_alive=365 stage=0 res0=0 res1=200 res2=0 res3=0 res4=0 res5=0 res6=0 res7=0 res8=0 Farm=1 Road=4 House=1 Puerperal=1 | nw=1337853.5894
  s=  381 a= 10(BUILD:Refinery) r= -3.4054 cum=   -409.44 v= +0.1510 top5=[a25=0.028, a3=0.027, a15=0.027, a14=0.027, a33=0.026] [BUILD FAILED: Refinery money=2 free=32]
    OBS: year=1 month=3 season=0 money=2 credit=182819 people=35 busy=3 free=32 home_places=110 need_workers=5 tax_due=1 main_tax_due=0 tax_amount=6402 main_tax_amount=0 days_alive=365 stage=0 res0=0 res1=200 res2=0 res3=0 res4=0 res5=0 res6=0 res7=0 res8=0 Farm=1 Road=4 House=1 Puerperal=1 | nw=1337853.5894
  s=  382 a= 26(BUILD:BigSawmill) r= -3.4033 cum=   -412.85 v= +0.1510 top5=[a25=0.028, a3=0.027, a15=0.027, a14=0.027, a33=0.026] [BUILD FAILED: BigSawmill money=2 free=32]
    OBS: year=1 month=3 season=0 money=2 credit=182819 people=35 busy=3 free=32 home_places=110 need_workers=5 tax_due=1 main_tax_due=0 tax_amount=6402 main_tax_amount=0 days_alive=365 stage=0 res0=0 res1=200 res2=0 res3=0 res4=0 res5=0 res6=0 res7=0 res8=0 Farm=1 Road=4 House=1 Puerperal=1 | nw=1337853.5894
  s=  383 a= 10(BUILD:Refinery) r= -3.4012 cum=   -416.25 v= +0.1510 top5=[a25=0.028, a3=0.027, a15=0.027, a14=0.027, a33=0.026] [BUILD FAILED: Refinery money=2 free=32]
    OBS: year=1 month=3 season=0 money=2 credit=182819 people=35 busy=3 free=32 home_places=110 need_workers=5 tax_due=1 main_tax_due=0 tax_amount=6402 main_tax_amount=0 days_alive=365 stage=0 res0=0 res1=200 res2=0 res3=0 res4=0 res5=0 res6=0 res7=0 res8=0 Farm=1 Road=4 House=1 Puerperal=1 | nw=1337853.5894
  s=  384 a= 41(MANAGER:7) r= -5.7612 cum=   -422.01 v= +0.1510 top5=[a25=0.028, a3=0.027, a15=0.027, a14=0.027, a33=0.026]
    OBS: year=0 month=3 season=0 money=82000 credit=0 people=28 busy=0 free=28 home_places=50 need_workers=0 tax_due=0 main_tax_due=0 tax_amount=5106 main_tax_amount=0 days_alive=0 stage=0 res0=0 res1=0 res2=0 res3=0 res4=0 res5=0 res6=0 res7=0 res8=0 | nw=1532000.0000
  >>> Ep 2: reward=-422.01, steps=385
  >>> final: year=0 month=3 season=0 money=82000 credit=0 people=28 busy=0 free=28 home_places=50 need_workers=0 tax_due=0 main_tax_due=0 tax_amount=5106 main_tax_amount=0 days_alive=0 stage=0 res0=0 res1=0 res2=0 res3=0 res4=0 res5=0 res6=0 res7=0 res8=0 | nw=1532000.0000
======================================================================
EPISODE 3
======================================================================
init: year=0 month=3 season=0 money=82000 credit=0 people=28 busy=0 free=28 home_places=50 need_workers=0 tax_due=0 main_tax_due=0 tax_amount=5106 main_tax_amount=0 days_alive=0 stage=0 res0=0 res1=0 res2=0 res3=0 res4=0 res5=0 res6=0 res7=0 res8=0 | nw=1532000.0000
  s=    0 a= 23(BUILD:Torchlight) r= -0.3442 cum=     -0.34 v= +0.0208 top5=[a39=0.042, a27=0.041, a19=0.039, a22=0.034, a29=0.033] [BUILD: Torchlight]
    OBS: year=0 month=3 season=0 money=82000 credit=0 people=28 busy=0 free=28 home_places=50 need_workers=0 tax_due=0 main_tax_due=0 tax_amount=5106 main_tax_amount=0 days_alive=1 stage=0 res0=0 res1=0 res2=0 res3=0 res4=0 res5=0 res6=0 res7=0 res8=0 | nw=1532000.0000
  s=    1 a= 21(BUILD:BigFarm) r= -0.1351 cum=     -0.48 v= +0.0263 top5=[a39=0.042, a27=0.041, a19=0.039, a22=0.033, a29=0.033] [BUILD: BigFarm]
    OBS: year=0 month=3 season=0 money=82000 credit=0 people=28 busy=0 free=28 home_places=50 need_workers=0 tax_due=0 main_tax_due=0 tax_amount=5106 main_tax_amount=0 days_alive=2 stage=0 res0=0 res1=0 res2=0 res3=0 res4=0 res5=0 res6=0 res7=0 res8=0 | nw=1532000.0000
  s=    2 a=  2(BUILD:WaterChannel) r= +1.8444 cum=     +1.37 v= +0.0312 top5=[a39=0.041, a27=0.041, a19=0.038, a22=0.033, a29=0.033] [BUILD: WaterChannel]
    OBS: year=0 month=3 season=0 money=62186 credit=0 people=28 busy=0 free=28 home_places=50 need_workers=0 tax_due=0 main_tax_due=0 tax_amount=5526 main_tax_amount=0 days_alive=3 stage=0 res0=0 res1=0 res2=0 res3=0 res4=0 res5=0 res6=0 res7=0 res8=0 Farm=1 | nw=1532000.0000
  s=    3 a= 12(BUILD:PowerStation) r= +1.0671 cum=     +2.43 v= +0.2016 top5=[a27=0.037, a29=0.037, a19=0.035, a39=0.033, a11=0.028] [BUILD: PowerStation]
    OBS: year=0 month=3 season=0 money=61786 credit=0 people=28 busy=0 free=28 home_places=50 need_workers=0 tax_due=0 main_tax_due=0 tax_amount=5526 main_tax_amount=0 days_alive=4 stage=0 res0=0 res1=0 res2=0 res3=0 res4=0 res5=0 res6=0 res7=0 res8=0 Farm=1 Road=1 | nw=1532000.0000
  s=    4 a= 39(MANAGER:5) r= -0.3442 cum=     +2.09 v= +0.2195 top5=[a27=0.037, a29=0.036, a19=0.034, a39=0.033, a11=0.029]
    OBS: year=0 month=3 season=0 money=61786 credit=0 people=28 busy=0 free=28 home_places=50 need_workers=0 tax_due=0 main_tax_due=0 tax_amount=5526 main_tax_amount=0 days_alive=5 stage=0 res0=0 res1=0 res2=0 res3=0 res4=0 res5=0 res6=0 res7=0 res8=0 Farm=1 Road=1 | nw=1532000.0000
  s=    5 a= 11(BUILD:Goldmine) r= -0.3443 cum=     +1.74 v= +0.2199 top5=[a27=0.037, a29=0.036, a19=0.034, a39=0.033, a11=0.029] [BUILD: Goldmine]
    OBS: year=0 month=3 season=0 money=61786 credit=0 people=28 busy=0 free=28 home_places=50 need_workers=0 tax_due=0 main_tax_due=0 tax_amount=5526 main_tax_amount=0 days_alive=6 stage=0 res0=0 res1=0 res2=0 res3=0 res4=0 res5=0 res6=0 res7=0 res8=0 Farm=1 Road=1 | nw=1532000.0000
  s=    6 a= 27(BUILD:WaterMill) r= -0.3445 cum=     +1.40 v= +0.2205 top5=[a27=0.036, a29=0.036, a19=0.034, a39=0.033, a11=0.029] [BUILD: WaterMill]
    OBS: year=0 month=3 season=0 money=61786 credit=0 people=28 busy=0 free=28 home_places=50 need_workers=0 tax_due=0 main_tax_due=0 tax_amount=5526 main_tax_amount=0 days_alive=7 stage=0 res0=0 res1=0 res2=0 res3=0 res4=0 res5=0 res6=0 res7=0 res8=0 Farm=1 Road=1 | nw=1532000.0000
  s=    7 a= 35(MANAGER:1) r= -0.3447 cum=     +1.05 v= +0.2213 top5=[a27=0.036, a29=0.036, a19=0.033, a39=0.033, a11=0.029]
    OBS: year=0 month=3 season=0 money=61786 credit=0 people=28 busy=0 free=28 home_places=50 need_workers=0 tax_due=0 main_tax_due=0 tax_amount=5526 main_tax_amount=0 days_alive=8 stage=0 res0=0 res1=0 res2=0 res3=0 res4=0 res5=0 res6=0 res7=0 res8=0 Farm=1 Road=1 | nw=1532000.0000
  s=    8 a= 44(MANAGER:10) r= +0.5174 cum=     +1.57 v= +0.2223 top5=[a27=0.036, a29=0.036, a39=0.033, a19=0.033, a11=0.030]
    OBS: year=0 month=3 season=0 money=61786 credit=0 people=28 busy=0 free=28 home_places=50 need_workers=0 tax_due=0 main_tax_due=0 tax_amount=5526 main_tax_amount=0 days_alive=9 stage=0 res0=0 res1=0 res2=0 res3=0 res4=0 res5=0 res6=0 res7=0 res8=0 Farm=1 Road=1 | nw=1532000.0000
  s=    9 a= 30(BUILD:BigIronmine) r= -0.3450 cum=     +1.23 v= +0.2239 top5=[a29=0.036, a27=0.036, a39=0.033, a19=0.033, a11=0.030] [BUILD: BigIronmine]
    OBS: year=0 month=3 season=0 money=61786 credit=0 people=28 busy=0 free=28 home_places=50 need_workers=0 tax_due=0 main_tax_due=0 tax_amount=5526 main_tax_amount=0 days_alive=10 stage=0 res0=0 res1=0 res2=0 res3=0 res4=0 res5=0 res6=0 res7=0 res8=0 Farm=1 Road=1 | nw=1532000.0000
  s=   10 a= 29(BUILD:Puerperal) r= -1.0415 cum=     +0.19 v= +0.2021 top5=[a29=0.036, a27=0.036, a39=0.034, a19=0.034, a11=0.029] [BUILD FAILED: Puerperal money=24681 free=28]
    OBS: year=0 month=3 season=0 money=24681 credit=0 people=28 busy=0 free=28 home_places=50 need_workers=0 tax_due=0 main_tax_due=0 tax_amount=5946 main_tax_amount=0 days_alive=11 stage=0 res0=0 res1=0 res2=0 res3=0 res4=0 res5=0 res6=0 res7=0 res8=0 Farm=1 Road=1 Puerperal=1 | nw=1532000.0000
  s=   11 a=  9(BUILD:Ironmine) r= -0.3454 cum=     -0.16 v= +0.1564 top5=[a39=0.034, a27=0.031, a19=0.031, a29=0.031, a22=0.028] [BUILD: Ironmine]
    OBS: year=0 month=3 season=0 money=24681 credit=0 people=28 busy=0 free=28 home_places=50 need_workers=0 tax_due=0 main_tax_due=0 tax_amount=5946 main_tax_amount=0 days_alive=12 stage=0 res0=0 res1=0 res2=0 res3=0 res4=0 res5=0 res6=0 res7=0 res8=0 Farm=1 Road=1 Puerperal=1 | nw=1532000.0000
  s=   12 a= 19(BUILD:Mushroom) r= -0.3456 cum=     -0.51 v= +0.1577 top5=[a39=0.034, a27=0.031, a29=0.031, a19=0.031, a22=0.028] [BUILD: Mushroom]
    OBS: year=0 month=3 season=0 money=24681 credit=0 people=28 busy=0 free=28 home_places=50 need_workers=0 tax_due=0 main_tax_due=0 tax_amount=5946 main_tax_amount=0 days_alive=13 stage=0 res0=0 res1=0 res2=0 res3=0 res4=0 res5=0 res6=0 res7=0 res8=0 Farm=1 Road=1 Puerperal=1 | nw=1532000.0000
  s=   13 a= 18(BUILD:CowFarm) r= -0.3458 cum=     -0.85 v= +0.1592 top5=[a39=0.034, a27=0.031, a29=0.031, a19=0.031, a11=0.028] [BUILD: CowFarm]
    OBS: year=0 month=3 season=0 money=24681 credit=0 people=28 busy=0 free=28 home_places=50 need_workers=0 tax_due=0 main_tax_due=0 tax_amount=5946 main_tax_amount=0 days_alive=14 stage=0 res0=0 res1=0 res2=0 res3=0 res4=0 res5=0 res6=0 res7=0 res8=0 Farm=1 Road=1 Puerperal=1 | nw=1532000.0000
  s=   14 a= 17(BUILD:HuntingLand) r= -0.3459 cum=     -1.20 v= +0.1599 top5=[a39=0.034, a27=0.031, a29=0.031, a19=0.030, a11=0.028] [BUILD: HuntingLand]
    OBS: year=0 month=3 season=0 money=24681 credit=0 people=28 busy=0 free=28 home_places=50 need_workers=0 tax_due=0 main_tax_due=0 tax_amount=5946 main_tax_amount=0 days_alive=15 stage=0 res0=0 res1=0 res2=0 res3=0 res4=0 res5=0 res6=0 res7=0 res8=0 Farm=1 Road=1 Puerperal=1 | nw=1532000.0000
  s=   15 a= 38(MANAGER:4) r= +1.9614 cum=     +0.76 v= +0.1611 top5=[a39=0.034, a27=0.031, a29=0.031, a19=0.030, a11=0.028]
    OBS: year=0 month=3 season=0 money=24681 credit=0 people=28 busy=0 free=28 home_places=50 need_workers=0 tax_due=0 main_tax_due=0 tax_amount=5946 main_tax_amount=0 days_alive=16 stage=0 res0=0 res1=0 res2=0 res3=0 res4=0 res5=0 res6=0 res7=0 res8=0 Farm=1 Road=1 Puerperal=1 | nw=1532000.0000
  s=   16 a= 23(BUILD:Torchlight) r= -0.3457 cum=     +0.42 v= +0.1638 top5=[a39=0.033, a29=0.031, a27=0.031, a19=0.030, a11=0.028] [BUILD: Torchlight]
    OBS: year=0 month=3 season=0 money=24681 credit=0 people=28 busy=0 free=28 home_places=50 need_workers=0 tax_due=0 main_tax_due=0 tax_amount=5946 main_tax_amount=0 days_alive=17 stage=0 res0=0 res1=0 res2=0 res3=0 res4=0 res5=0 res6=0 res7=0 res8=0 Farm=1 Road=1 Puerperal=1 | nw=1532000.0000
  s=   17 a= 32(BUILD:SmallAtomStation) r= -0.3459 cum=     +0.07 v= +0.1646 top5=[a39=0.033, a29=0.031, a27=0.031, a19=0.030, a11=0.028] [BUILD: SmallAtomStation]
    OBS: year=0 month=3 season=0 money=24681 credit=0 people=28 busy=0 free=28 home_places=50 need_workers=0 tax_due=0 main_tax_due=0 tax_amount=5946 main_tax_amount=0 days_alive=18 stage=0 res0=0 res1=0 res2=0 res3=0 res4=0 res5=0 res6=0 res7=0 res8=0 Farm=1 Road=1 Puerperal=1 | nw=1532000.0000
  s=   18 a= 33(BUILD:AtomStation) r= -0.3461 cum=     -0.27 v= +0.1656 top5=[a39=0.033, a29=0.031, a27=0.030, a19=0.029, a11=0.028] [BUILD: AtomStation]
    OBS: year=0 month=3 season=0 money=24681 credit=0 people=28 busy=0 free=28 home_places=50 need_workers=0 tax_due=0 main_tax_due=0 tax_amount=5946 main_tax_amount=0 days_alive=19 stage=0 res0=0 res1=0 res2=0 res3=0 res4=0 res5=0 res6=0 res7=0 res8=0 Farm=1 Road=1 Puerperal=1 | nw=1532000.0000
  s=   19 a=  8(BUILD:Coalmine) r= -0.3463 cum=     -0.62 v= +0.1672 top5=[a39=0.033, a29=0.031, a27=0.030, a19=0.029, a11=0.028] [BUILD: Coalmine]
    OBS: year=0 month=3 season=0 money=24681 credit=0 people=28 busy=0 free=28 home_places=50 need_workers=0 tax_due=0 main_tax_due=0 tax_amount=5946 main_tax_amount=0 days_alive=20 stage=0 res0=0 res1=0 res2=0 res3=0 res4=0 res5=0 res6=0 res7=0 res8=0 Farm=1 Road=1 Puerperal=1 | nw=1532000.0000
  s=   20 a=  2(BUILD:WaterChannel) r= +3.5869 cum=     +2.97 v= +0.1683 top5=[a39=0.034, a29=0.031, a27=0.031, a19=0.029, a11=0.028] [BUILD: WaterChannel]
    OBS: year=0 month=3 season=0 money=4867 credit=0 people=28 busy=0 free=28 home_places=50 need_workers=0 tax_due=0 main_tax_due=0 tax_amount=6366 main_tax_amount=0 days_alive=21 stage=0 res0=0 res1=0 res2=0 res3=0 res4=0 res5=0 res6=0 res7=0 res8=0 Farm=2 Road=1 Puerperal=1 | nw=1532000.0000
  s=   21 a= 12(BUILD:PowerStation) r= +1.0702 cum=     +4.04 v= +0.1972 top5=[a39=0.034, a19=0.029, a27=0.029, a29=0.028, a28=0.027] [BUILD: PowerStation]
    OBS: year=0 month=3 season=0 money=4467 credit=0 people=28 busy=0 free=28 home_places=50 need_workers=0 tax_due=0 main_tax_due=0 tax_amount=6366 main_tax_amount=0 days_alive=22 stage=0 res0=0 res1=0 res2=0 res3=0 res4=0 res5=0 res6=0 res7=0 res8=0 Farm=2 Road=2 Puerperal=1 | nw=1532000.0000
  s=   22 a= 36(MANAGER:2) r= -0.3451 cum=     +3.69 v= +0.2432 top5=[a39=0.033, a28=0.029, a27=0.029, a29=0.029, a19=0.028]
    OBS: year=0 month=3 season=0 money=4467 credit=0 people=28 busy=0 free=28 home_places=50 need_workers=0 tax_due=0 main_tax_due=0 tax_amount=6366 main_tax_amount=0 days_alive=23 stage=0 res0=0 res1=0 res2=0 res3=0 res4=0 res5=0 res6=0 res7=0 res8=0 Farm=2 Road=2 Puerperal=1 | nw=1532000.0000
  s=   23 a= 36(MANAGER:2) r= -0.3453 cum=     +3.35 v= +0.2424 top5=[a39=0.033, a28=0.029, a27=0.029, a29=0.029, a19=0.028]
    OBS: year=0 month=3 season=0 money=4467 credit=0 people=28 busy=0 free=28 home_places=50 need_workers=0 tax_due=0 main_tax_due=0 tax_amount=6366 main_tax_amount=0 days_alive=24 stage=0 res0=0 res1=0 res2=0 res3=0 res4=0 res5=0 res6=0 res7=0 res8=0 Farm=2 Road=2 Puerperal=1 | nw=1532000.0000
  s=   24 a= 40(MANAGER:6) r= -0.3455 cum=     +3.00 v= +0.2419 top5=[a39=0.034, a27=0.029, a28=0.029, a29=0.029, a19=0.028]
    OBS: year=0 month=3 season=0 money=4467 credit=0 people=28 busy=0 free=28 home_places=50 need_workers=0 tax_due=0 main_tax_due=0 tax_amount=6366 main_tax_amount=0 days_alive=25 stage=0 res0=0 res1=0 res2=0 res3=0 res4=0 res5=0 res6=0 res7=0 res8=0 Farm=2 Road=2 Puerperal=1 | nw=1532000.0000
  s=   25 a= 20(BUILD:BigHouse) r= -0.3457 cum=     +2.66 v= +0.2409 top5=[a39=0.034, a27=0.029, a28=0.029, a29=0.028, a19=0.028] [BUILD: BigHouse]
    OBS: year=0 month=3 season=0 money=4467 credit=0 people=28 busy=0 free=28 home_places=50 need_workers=0 tax_due=0 main_tax_due=0 tax_amount=6366 main_tax_amount=0 days_alive=26 stage=0 res0=0 res1=0 res2=0 res3=0 res4=0 res5=0 res6=0 res7=0 res8=0 Farm=2 Road=2 Puerperal=1 | nw=1532000.0000
  s=   26 a= 34(MANAGER:0) r= -0.3459 cum=     +2.31 v= +0.2403 top5=[a39=0.034, a27=0.029, a28=0.029, a29=0.028, a14=0.028]
    OBS: year=0 month=3 season=0 money=4467 credit=0 people=28 busy=0 free=28 home_places=50 need_workers=0 tax_due=0 main_tax_due=0 tax_amount=6366 main_tax_amount=0 days_alive=27 stage=0 res0=0 res1=0 res2=0 res3=0 res4=0 res5=0 res6=0 res7=0 res8=0 Farm=2 Road=2 Puerperal=1 | nw=1532000.0000
  s=   27 a= 43(MANAGER:9) r= -0.3461 cum=     +1.96 v= +0.2400 top5=[a39=0.034, a27=0.029, a28=0.029, a29=0.028, a14=0.028]
    OBS: year=0 month=3 season=0 money=4467 credit=0 people=28 busy=0 free=28 home_places=50 need_workers=0 tax_due=0 main_tax_due=0 tax_amount=6366 main_tax_amount=0 days_alive=28 stage=0 res0=0 res1=0 res2=0 res3=0 res4=0 res5=0 res6=0 res7=0 res8=0 Farm=2 Road=2 Puerperal=1 | nw=1532000.0000
  s=   28 a=  6(BUILD:SmallHouse) r= -0.3463 cum=     +1.62 v= +0.1733 top5=[a39=0.034, a27=0.029, a19=0.028, a29=0.027, a14=0.027] [BUILD: SmallHouse]
    OBS: year=0 month=3 season=0 money=4467 credit=0 people=28 busy=0 free=28 home_places=50 need_workers=0 tax_due=0 main_tax_due=0 tax_amount=6366 main_tax_amount=0 days_alive=29 stage=0 res0=0 res1=0 res2=0 res3=0 res4=0 res5=0 res6=0 res7=0 res8=0 Farm=2 Road=2 Puerperal=1 | nw=1532000.0000
  s=   29 a= 27(BUILD:WaterMill) r= -0.3465 cum=     +1.27 v= +0.1718 top5=[a39=0.035, a27=0.030, a19=0.028, a29=0.027, a14=0.027] [BUILD: WaterMill]
    OBS: year=0 month=3 season=0 money=4467 credit=0 people=28 busy=0 free=28 home_places=50 need_workers=0 tax_due=0 main_tax_due=0 tax_amount=6366 main_tax_amount=0 days_alive=30 stage=0 res0=0 res1=0 res2=0 res3=0 res4=0 res5=0 res6=0 res7=0 res8=0 Farm=2 Road=2 Puerperal=1 | nw=1532000.0000
  s=   30 a= 32(BUILD:SmallAtomStation) r= -0.3466 cum=     +0.92 v= +0.1693 top5=[a39=0.035, a27=0.029, a19=0.028, a29=0.027, a14=0.027] [BUILD: SmallAtomStation]
    OBS: year=0 month=4 season=0 money=4467 credit=0 people=28 busy=0 free=28 home_places=50 need_workers=0 tax_due=0 main_tax_due=0 tax_amount=6366 main_tax_amount=0 days_alive=31 stage=0 res0=0 res1=0 res2=0 res3=0 res4=0 res5=0 res6=0 res7=0 res8=0 Farm=2 Road=2 Puerperal=1 | nw=1532000.0000
  s=   31 a= 32(BUILD:SmallAtomStation) r= -0.3468 cum=     +0.58 v= +0.1916 top5=[a39=0.030, a19=0.030, a29=0.029, a27=0.027, a28=0.027] [BUILD: SmallAtomStation]
    OBS: year=0 month=4 season=0 money=4467 credit=0 people=28 busy=0 free=28 home_places=50 need_workers=0 tax_due=0 main_tax_due=0 tax_amount=6366 main_tax_amount=0 days_alive=32 stage=0 res0=0 res1=0 res2=0 res3=0 res4=0 res5=0 res6=0 res7=0 res8=0 Farm=2 Road=2 Puerperal=1 | nw=1532000.0000
  s=   32 a=  5(BUILD:House) r= -0.3470 cum=     +0.23 v= +0.1905 top5=[a39=0.031, a19=0.030, a29=0.029, a27=0.027, a28=0.027] [BUILD: House]
    OBS: year=0 month=4 season=0 money=4467 credit=0 people=28 busy=0 free=28 home_places=50 need_workers=0 tax_due=0 main_tax_due=0 tax_amount=6366 main_tax_amount=0 days_alive=33 stage=0 res0=0 res1=0 res2=0 res3=0 res4=0 res5=0 res6=0 res7=0 res8=0 Farm=2 Road=2 Puerperal=1 | nw=1532000.0000
  s=   33 a= 30(BUILD:BigIronmine) r= -0.3472 cum=     -0.12 v= +0.1893 top5=[a39=0.031, a19=0.030, a29=0.029, a27=0.027, a28=0.027] [BUILD: BigIronmine]
    OBS: year=0 month=4 season=0 money=4467 credit=0 people=28 busy=0 free=28 home_places=50 need_workers=0 tax_due=0 main_tax_due=0 tax_amount=6366 main_tax_amount=0 days_alive=34 stage=0 res0=0 res1=0 res2=0 res3=0 res4=0 res5=0 res6=0 res7=0 res8=0 Farm=2 Road=2 Puerperal=1 | nw=1532000.0000
  s=   34 a= 28(BUILD:BigRefinary) r= -0.3474 cum=     -0.46 v= +0.1883 top5=[a39=0.031, a19=0.030, a29=0.029, a27=0.027, a28=0.027] [BUILD: BigRefinary]
    OBS: year=0 month=4 season=0 money=4467 credit=0 people=28 busy=0 free=28 home_places=50 need_workers=0 tax_due=0 main_tax_due=0 tax_amount=6366 main_tax_amount=0 days_alive=35 stage=0 res0=0 res1=0 res2=0 res3=0 res4=0 res5=0 res6=0 res7=0 res8=0 Farm=2 Road=2 Puerperal=1 | nw=1532000.0000
  s=   35 a= 42(MANAGER:8) r= +0.0287 cum=     -0.44 v= +0.1874 top5=[a39=0.031, a19=0.030, a29=0.029, a27=0.027, a28=0.027]
    OBS: year=0 month=4 season=0 money=54467 credit=50100 people=28 busy=0 free=28 home_places=50 need_workers=0 tax_due=0 main_tax_due=0 tax_amount=6366 main_tax_amount=0 days_alive=36 stage=0 res0=0 res1=0 res2=0 res3=0 res4=0 res5=0 res6=0 res7=0 res8=0 Farm=2 Road=2 Puerperal=1 | nw=1531900.0000
  s=   36 a=  4(BUILD:Garden) r= -0.5511 cum=     -0.99 v= +0.2699 top5=[a39=0.031, a19=0.031, a29=0.031, a27=0.029, a26=0.027] [BUILD: Garden]
    OBS: year=0 month=4 season=0 money=54467 credit=50200 people=28 busy=0 free=28 home_places=50 need_workers=0 tax_due=0 main_tax_due=0 tax_amount=6366 main_tax_amount=0 days_alive=37 stage=0 res0=0 res1=0 res2=0 res3=0 res4=0 res5=0 res6=0 res7=0 res8=0 Farm=2 Road=2 Puerperal=1 | nw=1531800.0000
  s=   37 a= 27(BUILD:WaterMill) r= -0.5517 cum=     -1.54 v= +0.2693 top5=[a39=0.032, a19=0.031, a29=0.031, a27=0.029, a11=0.027] [BUILD: WaterMill]
    OBS: year=0 month=4 season=0 money=54467 credit=50300 people=28 busy=0 free=28 home_places=50 need_workers=0 tax_due=0 main_tax_due=0 tax_amount=6366 main_tax_amount=0 days_alive=38 stage=0 res0=0 res1=0 res2=0 res3=0 res4=0 res5=0 res6=0 res7=0 res8=0 Farm=2 Road=2 Puerperal=1 | nw=1531700.0000
  s=   38 a= 29(BUILD:Puerperal) r= -1.2547 cum=     -2.79 v= +0.2686 top5=[a39=0.032, a19=0.031, a29=0.031, a27=0.029, a11=0.028] [BUILD FAILED: Puerperal money=17362 free=28]
    OBS: year=0 month=4 season=0 money=17362 credit=50400 people=28 busy=0 free=28 home_places=50 need_workers=0 tax_due=0 main_tax_due=0 tax_amount=6786 main_tax_amount=0 days_alive=39 stage=0 res0=0 res1=0 res2=0 res3=0 res4=0 res5=0 res6=0 res7=0 res8=0 Farm=2 Road=2 Puerperal=2 | nw=1531600.0000
  s=   39 a=  2(BUILD:WaterChannel) r= -0.3066 cum=     -3.10 v= +0.2449 top5=[a39=0.031, a19=0.030, a29=0.029, a28=0.027, a14=0.027] [BUILD: WaterChannel]
    OBS: year=0 month=4 season=0 money=17362 credit=50500 people=28 busy=0 free=28 home_places=50 need_workers=0 tax_due=0 main_tax_due=0 tax_amount=6786 main_tax_amount=0 days_alive=40 stage=0 res0=0 res1=0 res2=0 res3=0 res4=0 res5=0 res6=0 res7=0 res8=0 Farm=2 Road=2 Puerperal=2 | nw=1531500.0000
  s=   40 a= 24(BUILD:Hothouse) r= +1.9574 cum=     -1.14 v= +0.2324 top5=[a39=0.030, a19=0.029, a33=0.027, a28=0.027, a22=0.026] [BUILD: Hothouse]
    OBS: year=0 month=4 season=0 money=772 credit=50601 people=28 busy=0 free=28 home_places=50 need_workers=5 tax_due=0 main_tax_due=0 tax_amount=7206 main_tax_amount=0 days_alive=41 stage=0 res0=0 res1=0 res2=0 res3=0 res4=0 res5=0 res6=0 res7=0 res8=0 Farm=2 Road=2 Hothouse=1 Puerperal=2 | nw=1531393.8968
  s=   41 a=  3(BUILD:Farm) r= -0.3442 cum=     -1.49 v= +0.2763 top5=[a39=0.037, a14=0.030, a32=0.027, a38=0.027, a19=0.026] [BUILD: Farm]
    OBS: year=0 month=4 season=0 money=772 credit=50702 people=28 busy=0 free=28 home_places=50 need_workers=5 tax_due=0 main_tax_due=0 tax_amount=7206 main_tax_amount=0 days_alive=42 stage=0 res0=0 res1=0 res2=0 res3=0 res4=0 res5=0 res6=0 res7=0 res8=0 Farm=2 Road=2 Hothouse=1 Puerperal=2 | nw=1531289.4947
  s=   42 a= 42(MANAGER:8) r= -0.1803 cum=     -1.67 v= +0.2761 top5=[a39=0.037, a14=0.030, a32=0.027, a38=0.027, a19=0.026]
    OBS: year=0 month=4 season=0 money=50772 credit=100903 people=28 busy=0 free=28 home_places=50 need_workers=5 tax_due=0 main_tax_due=0 tax_amount=7206 main_tax_amount=0 days_alive=43 stage=0 res0=0 res1=0 res2=0 res3=0 res4=0 res5=0 res6=0 res7=0 res8=0 Farm=2 Road=2 Hothouse=1 Puerperal=2 | nw=1531083.3915
  s=   43 a= 24(BUILD:Hothouse) r= +1.7535 cum=     +0.09 v= +0.2034 top5=[a39=0.033, a38=0.030, a19=0.029, a14=0.028, a11=0.028] [BUILD: Hothouse]
    OBS: year=0 month=4 season=0 money=34182 credit=101104 people=28 busy=0 free=28 home_places=50 need_workers=5 tax_due=0 main_tax_due=0 tax_amount=7626 main_tax_amount=0 days_alive=44 stage=0 res0=0 res1=0 res2=0 res3=0 res4=0 res5=0 res6=0 res7=0 res8=0 Farm=2 Road=2 Hothouse=2 Puerperal=2 | nw=1530878.9894
  s=   44 a=  7(BUILD:Sawmill) r= -0.7613 cum=     -0.67 v= +0.2218 top5=[a39=0.035, a14=0.033, a38=0.030, a34=0.028, a32=0.027] [BUILD: Sawmill]
    OBS: year=0 month=4 season=0 money=34182 credit=101306 people=28 busy=0 free=28 home_places=50 need_workers=5 tax_due=0 main_tax_due=0 tax_amount=7626 main_tax_amount=0 days_alive=45 stage=0 res0=0 res1=0 res2=0 res3=0 res4=0 res5=0 res6=0 res7=0 res8=0 Farm=2 Road=2 Hothouse=2 Puerperal=2 | nw=1530673.5872
  s=   45 a= 35(MANAGER:1) r= -0.1768 cum=     -0.85 v= +0.2213 top5=[a39=0.035, a14=0.033, a38=0.030, a34=0.028, a32=0.027]
    OBS: year=0 month=4 season=0 money=34170 credit=101508 people=28 busy=0 free=28 home_places=50 need_workers=5 tax_due=0 main_tax_due=0 tax_amount=7626 main_tax_amount=0 days_alive=46 stage=0 res0=0 res1=0 res2=0 res3=0 res4=0 res5=0 res6=0 res7=0 res8=0 Farm=2 Road=2 Hothouse=2 Puerperal=2 | nw=1530476.5979
  s=   46 a=  4(BUILD:Garden) r= -0.7639 cum=     -1.62 v= +0.2208 top5=[a39=0.035, a14=0.033, a38=0.030, a34=0.028, a32=0.027] [BUILD: Garden]
    OBS: year=0 month=4 season=0 money=34170 credit=101711 people=28 busy=0 free=28 home_places=50 need_workers=5 tax_due=0 main_tax_due=0 tax_amount=7626 main_tax_amount=0 days_alive=47 stage=0 res0=0 res1=0 res2=0 res3=0 res4=0 res5=0 res6=0 res7=0 res8=0 Farm=2 Road=2 Hothouse=2 Puerperal=2 | nw=1530270.1957
  s=   47 a= 32(BUILD:SmallAtomStation) r= -0.7649 cum=     -2.38 v= +0.2191 top5=[a39=0.035, a14=0.033, a38=0.030, a34=0.028, a32=0.027] [BUILD: SmallAtomStation]
    OBS: year=0 month=4 season=0 money=34170 credit=101914 people=28 busy=0 free=28 home_places=50 need_workers=5 tax_due=0 main_tax_due=0 tax_amount=7626 main_tax_amount=0 days_alive=48 stage=0 res0=0 res1=0 res2=0 res3=0 res4=0 res5=0 res6=0 res7=0 res8=0 Farm=2 Road=2 Hothouse=2 Puerperal=2 | nw=1530063.7936
  s=   48 a= 22(BUILD:Apiary) r= +3.8905 cum=     +1.51 v= +0.2175 top5=[a39=0.035, a14=0.033, a38=0.030, a34=0.028, a32=0.027] [BUILD: Apiary]
    OBS: year=0 month=4 season=0 money=24785 credit=102117 people=28 busy=0 free=28 home_places=50 need_workers=5 tax_due=0 main_tax_due=0 tax_amount=8046 main_tax_amount=0 days_alive=49 stage=0 res0=0 res1=0 res2=0 res3=0 res4=0 res5=0 res6=0 res7=0 res8=0 Farm=2 Road=2 Apiary=1 Hothouse=2 Puerperal=2 | nw=1529855.6904
  s=   49 a= 28(BUILD:BigRefinary) r= -0.7640 cum=     +0.75 v= +0.3480 top5=[a39=0.037, a14=0.032, a38=0.031, a32=0.029, a12=0.029] [BUILD: BigRefinary]
    OBS: year=0 month=4 season=0 money=24785 credit=102321 people=28 busy=0 free=28 home_places=50 need_workers=5 tax_due=0 main_tax_due=0 tax_amount=8046 main_tax_amount=0 days_alive=50 stage=0 res0=0 res1=0 res2=0 res3=0 res4=0 res5=0 res6=0 res7=0 res8=0 Farm=2 Road=2 Apiary=1 Hothouse=2 Puerperal=2 | nw=1529648.2883
  s=   50 a= 13(BUILD:HydroStation) r= -0.1297 cum=     +0.62 v= +0.3452 top5=[a39=0.037, a14=0.032, a38=0.031, a32=0.029, a12=0.029] [BUILD: HydroStation]
    OBS: year=0 month=4 season=0 money=10747 credit=102525 people=28 busy=0 free=28 home_places=50 need_workers=5 tax_due=0 main_tax_due=0 tax_amount=8466 main_tax_amount=0 days_alive=51 stage=0 res0=0 res1=0 res2=0 res3=0 res4=0 res5=0 res6=0 res7=0 res8=0 Farm=2 Road=2 House=1 Apiary=1 Hothouse=2 Puerperal=2 | nw=1529440.8862
  s=   51 a=  6(BUILD:SmallHouse) r= -0.7656 cum=     -0.15 v= +0.3781 top5=[a39=0.038, a14=0.037, a38=0.031, a32=0.029, a12=0.029] [BUILD: SmallHouse]
    OBS: year=0 month=4 season=0 money=10747 credit=102730 people=28 busy=0 free=28 home_places=50 need_workers=5 tax_due=0 main_tax_due=0 tax_amount=8466 main_tax_amount=0 days_alive=52 stage=0 res0=0 res1=0 res2=0 res3=0 res4=0 res5=0 res6=0 res7=0 res8=0 Farm=2 Road=2 House=1 Apiary=1 Hothouse=2 Puerperal=2 | nw=1529234.1851
  s=   52 a= 27(BUILD:WaterMill) r= -0.7677 cum=     -0.92 v= +0.3727 top5=[a39=0.038, a14=0.037, a38=0.031, a32=0.029, a12=0.029] [BUILD: WaterMill]
    OBS: year=0 month=4 season=0 money=10747 credit=102935 people=28 busy=0 free=28 home_places=50 need_workers=5 tax_due=0 main_tax_due=0 tax_amount=8466 main_tax_amount=0 days_alive=53 stage=0 res0=0 res1=0 res2=0 res3=0 res4=0 res5=0 res6=0 res7=0 res8=0 Farm=2 Road=2 House=1 Apiary=1 Hothouse=2 Puerperal=2 | nw=1529025.7830
  s=   53 a= 43(MANAGER:9) r= -0.7697 cum=     -1.69 v= +0.3674 top5=[a39=0.038, a14=0.037, a38=0.031, a32=0.029, a12=0.029]
    OBS: year=0 month=4 season=0 money=10747 credit=103140 people=28 busy=0 free=28 home_places=50 need_workers=5 tax_due=0 main_tax_due=0 tax_amount=8466 main_tax_amount=0 days_alive=54 stage=0 res0=0 res1=0 res2=0 res3=0 res4=0 res5=0 res6=0 res7=0 res8=0 Farm=2 Road=2 House=1 Apiary=1 Hothouse=2 Puerperal=2 | nw=1528815.6798
  s=   54 a= 31(BUILD:AirStation) r= -0.7703 cum=     -2.46 v= +0.3620 top5=[a39=0.038, a14=0.037, a38=0.031, a32=0.029, a12=0.029] [BUILD: AirStation]
    OBS: year=0 month=4 season=0 money=10747 credit=103346 people=28 busy=0 free=28 home_places=50 need_workers=5 tax_due=0 main_tax_due=0 tax_amount=8466 main_tax_amount=0 days_alive=55 stage=0 res0=0 res1=0 res2=0 res3=0 res4=0 res5=0 res6=0 res7=0 res8=0 Farm=2 Road=2 House=1 Apiary=1 Hothouse=2 Puerperal=2 | nw=1528606.2776
  s=   55 a= 11(BUILD:Goldmine) r= -0.7714 cum=     -3.23 v= +0.3569 top5=[a39=0.038, a14=0.037, a38=0.031, a32=0.029, a12=0.029] [BUILD: Goldmine]
    OBS: year=0 month=4 season=0 money=10747 credit=103552 people=28 busy=0 free=28 home_places=50 need_workers=5 tax_due=0 main_tax_due=0 tax_amount=8466 main_tax_amount=0 days_alive=56 stage=0 res0=0 res1=0 res2=0 res3=0 res4=0 res5=0 res6=0 res7=0 res8=0 Farm=2 Road=2 House=1 Apiary=1 Hothouse=2 Puerperal=2 | nw=1528396.8755
  s=   56 a= 40(MANAGER:6) r= -0.7775 cum=     -4.01 v= +0.3284 top5=[a39=0.039, a14=0.036, a38=0.031, a32=0.028, a12=0.028]
    OBS: year=0 month=4 season=0 money=10747 credit=103759 people=28 busy=0 free=28 home_places=50 need_workers=5 tax_due=0 main_tax_due=0 tax_amount=8466 main_tax_amount=0 days_alive=57 stage=0 res0=0 res1=0 res2=0 res3=0 res4=0 res5=0 res6=0 res7=0 res8=0 Farm=2 Road=2 House=1 Apiary=1 Hothouse=2 Puerperal=2 | nw=1528178.8281
  s=   57 a= 20(BUILD:BigHouse) r= -0.7438 cum=     -4.75 v= +0.3099 top5=[a39=0.039, a14=0.036, a38=0.030, a32=0.028, a12=0.027] [BUILD: BigHouse]
    OBS: year=0 month=4 season=0 money=10747 credit=103966 people=28 busy=0 free=28 home_places=50 need_workers=5 tax_due=0 main_tax_due=0 tax_amount=8466 main_tax_amount=0 days_alive=58 stage=0 res0=0 res1=0 res2=0 res3=0 res4=0 res5=0 res6=0 res7=0 res8=0 Farm=2 Road=2 House=1 Apiary=1 Hothouse=2 Puerperal=2 | nw=1527960.7807
  s=   58 a= 36(MANAGER:2) r= -0.1886 cum=     -4.94 v= +0.2914 top5=[a39=0.038, a14=0.033, a38=0.029, a44=0.028, a32=0.028]
    OBS: year=0 month=4 season=0 money=10708 credit=104173 people=28 busy=0 free=28 home_places=50 need_workers=5 tax_due=0 main_tax_due=0 tax_amount=8466 main_tax_amount=0 days_alive=59 stage=0 res0=0 res1=0 res2=0 res3=0 res4=0 res5=0 res6=0 res7=0 res8=0 Farm=2 Road=2 House=1 Apiary=1 Hothouse=2 Puerperal=2 | nw=1527757.7279
  s=   59 a= 27(BUILD:WaterMill) r= -0.7831 cum=     -5.72 v= +0.3008 top5=[a39=0.038, a14=0.036, a32=0.029, a38=0.029, a44=0.028] [BUILD: WaterMill]
    OBS: year=0 month=4 season=0 money=10708 credit=104381 people=28 busy=0 free=28 home_places=50 need_workers=5 tax_due=0 main_tax_due=0 tax_amount=8466 main_tax_amount=0 days_alive=60 stage=0 res0=0 res1=0 res2=0 res3=0 res4=0 res5=0 res6=0 res7=0 res8=0 Farm=2 Road=2 House=1 Apiary=1 Hothouse=2 Puerperal=2 | nw=1527535.2783
  s=   60 a= 43(MANAGER:9) r= -0.7852 cum=     -6.51 v= +0.2996 top5=[a39=0.038, a14=0.036, a32=0.029, a38=0.029, a44=0.029]
    OBS: year=0 month=5 season=0 money=10708 credit=104589 people=28 busy=0 free=28 home_places=50 need_workers=5 tax_due=0 main_tax_due=0 tax_amount=8466 main_tax_amount=0 days_alive=61 stage=0 res0=0 res1=0 res2=0 res3=0 res4=0 res5=0 res6=0 res7=0 res8=0 Farm=2 Road=2 House=1 Apiary=1 Hothouse=2 Puerperal=2 | nw=1527311.1277
  s=   61 a= 23(BUILD:Torchlight) r= -0.7849 cum=     -7.29 v= +0.3537 top5=[a39=0.036, a14=0.035, a32=0.029, a1=0.028, a38=0.028] [BUILD: Torchlight]
    OBS: year=0 month=5 season=0 money=10708 credit=104798 people=28 busy=0 free=28 home_places=50 need_workers=5 tax_due=0 main_tax_due=0 tax_amount=8466 main_tax_amount=0 days_alive=62 stage=0 res0=0 res1=0 res2=0 res3=0 res4=0 res5=0 res6=0 res7=0 res8=0 Farm=2 Road=2 House=1 Apiary=1 Hothouse=2 Puerperal=2 | nw=1527089.3793
  s=   62 a= 35(MANAGER:1) r= -0.1990 cum=     -7.49 v= +0.3522 top5=[a39=0.036, a14=0.035, a32=0.030, a1=0.028, a38=0.028]
    OBS: year=0 month=5 season=0 money=10681 credit=105007 people=28 busy=0 free=28 home_places=50 need_workers=5 tax_due=0 main_tax_due=0 tax_amount=8466 main_tax_amount=0 days_alive=63 stage=0 res0=0 res1=0 res2=0 res3=0 res4=0 res5=0 res6=0 res7=0 res8=0 Farm=2 Road=2 House=1 Apiary=1 Hothouse=2 Puerperal=2 | nw=1526873.3334
  s=   63 a= 13(BUILD:HydroStation) r= -0.7875 cum=     -8.28 v= +0.3512 top5=[a39=0.036, a14=0.035, a32=0.030, a38=0.028, a1=0.028] [BUILD: HydroStation]
    OBS: year=0 month=5 season=0 money=10681 credit=105217 people=28 busy=0 free=28 home_places=50 need_workers=5 tax_due=0 main_tax_due=0 tax_amount=8466 main_tax_amount=0 days_alive=64 stage=0 res0=0 res1=0 res2=0 res3=0 res4=0 res5=0 res6=0 res7=0 res8=0 Farm=2 Road=2 House=1 Apiary=1 Hothouse=2 Puerperal=2 | nw=1526650.5850
  s=   64 a=  0(DAY) r= -5.8419 cum=    -14.12 v= +0.3504 top5=[a39=0.036, a14=0.035, a32=0.030, a38=0.028, a1=0.028]
    OBS: year=0 month=5 season=0 money=10681 credit=105427 people=28 busy=0 free=28 home_places=50 need_workers=5 tax_due=0 main_tax_due=0 tax_amount=8466 main_tax_amount=0 days_alive=65 stage=0 res0=0 res1=0 res2=0 res3=0 res4=0 res5=0 res6=0 res7=0 res8=0 Farm=2 Road=2 House=1 Apiary=1 Hothouse=2 Puerperal=2 | nw=1526426.1355
  s=   65 a= 12(BUILD:PowerStation) r= +0.6442 cum=    -13.48 v= +0.3488 top5=[a39=0.036, a14=0.035, a32=0.030, a38=0.028, a1=0.028] [BUILD: PowerStation]
    OBS: year=0 month=5 season=0 money=10281 credit=105637 people=28 busy=0 free=28 home_places=50 need_workers=10 tax_due=0 main_tax_due=0 tax_amount=8466 main_tax_amount=0 days_alive=66 stage=0 res0=0 res1=0 res2=0 res3=0 res4=0 res5=0 res6=0 res7=0 res8=0 Farm=2 Road=3 House=1 Apiary=1 Hothouse=2 Puerperal=2 | nw=1526201.6860
  s=   66 a= 37(MANAGER:3) r= -5.8177 cum=    -19.29 v= +0.3492 top5=[a14=0.035, a39=0.035, a32=0.031, a38=0.029, a1=0.028]
    OBS: year=0 month=5 season=0 money=13991 credit=105848 people=28 busy=0 free=28 home_places=50 need_workers=10 tax_due=0 main_tax_due=0 tax_amount=8046 main_tax_amount=0 days_alive=67 stage=0 res0=0 res1=0 res2=0 res3=0 res4=0 res5=0 res6=0 res7=0 res8=0 Farm=2 Road=3 House=1 Apiary=1 Hothouse=2 Puerperal=1 | nw=1492619.4627
  s=   67 a= 20(BUILD:BigHouse) r= -0.7801 cum=    -20.07 v= +0.3285 top5=[a39=0.034, a14=0.033, a32=0.031, a38=0.030, a1=0.028] [BUILD: BigHouse]
    OBS: year=0 month=5 season=0 money=13991 credit=106059 people=28 busy=0 free=28 home_places=50 need_workers=10 tax_due=0 main_tax_due=0 tax_amount=8046 main_tax_amount=0 days_alive=68 stage=0 res0=0 res1=0 res2=0 res3=0 res4=0 res5=0 res6=0 res7=0 res8=0 Farm=2 Road=3 House=1 Apiary=1 Hothouse=2 Puerperal=1 | nw=1492403.3595
  s=   68 a= 19(BUILD:Mushroom) r= -0.7817 cum=    -20.86 v= +0.3285 top5=[a39=0.034, a14=0.033, a32=0.031, a38=0.030, a1=0.028] [BUILD: Mushroom]
    OBS: year=0 month=5 season=0 money=13991 credit=106271 people=28 busy=0 free=28 home_places=50 need_workers=10 tax_due=0 main_tax_due=0 tax_amount=8046 main_tax_amount=0 days_alive=69 stage=0 res0=0 res1=0 res2=0 res3=0 res4=0 res5=0 res6=0 res7=0 res8=0 Farm=2 Road=3 House=1 Apiary=1 Hothouse=2 Puerperal=1 | nw=1492186.2564
  s=   69 a= 29(BUILD:Puerperal) r= -0.7550 cum=    -21.61 v= +0.3282 top5=[a39=0.034, a14=0.033, a32=0.031, a38=0.030, a1=0.028] [BUILD: Puerperal]
    OBS: year=0 month=5 season=0 money=13991 credit=106483 people=28 busy=0 free=28 home_places=50 need_workers=10 tax_due=0 main_tax_due=0 tax_amount=8046 main_tax_amount=0 days_alive=70 stage=0 res0=0 res1=0 res2=0 res3=0 res4=0 res5=0 res6=0 res7=0 res8=0 Farm=2 Road=3 House=1 Apiary=1 Hothouse=2 Puerperal=1 | nw=1491967.4521
  s=   70 a= 11(BUILD:Goldmine) r= -0.7849 cum=    -22.40 v= +0.3009 top5=[a39=0.034, a14=0.031, a32=0.030, a38=0.029, a1=0.028] [BUILD: Goldmine]
    OBS: year=0 month=5 season=0 money=13991 credit=106695 people=28 busy=0 free=28 home_places=50 need_workers=10 tax_due=0 main_tax_due=0 tax_amount=8046 main_tax_amount=0 days_alive=71 stage=0 res0=0 res1=0 res2=0 res3=0 res4=0 res5=0 res6=0 res7=0 res8=0 Farm=2 Road=3 House=1 Apiary=1 Hothouse=2 Puerperal=1 | nw=1491748.4499
  s=   71 a= 17(BUILD:HuntingLand) r= -0.7877 cum=    -23.18 v= +0.1916 top5=[a14=0.036, a38=0.033, a32=0.030, a39=0.029, a12=0.028] [BUILD: HuntingLand]
    OBS: year=0 month=5 season=0 money=13991 credit=106908 people=28 busy=0 free=28 home_places=50 need_workers=10 tax_due=0 main_tax_due=0 tax_amount=8046 main_tax_amount=0 days_alive=72 stage=0 res0=0 res1=0 res2=0 res3=0 res4=0 res5=0 res6=0 res7=0 res8=0 Farm=2 Road=3 House=1 Apiary=1 Hothouse=2 Puerperal=1 | nw=1491526.5486
  s=   72 a= 31(BUILD:AirStation) r= -0.7277 cum=    -23.91 v= +0.1798 top5=[a14=0.034, a38=0.033, a32=0.029, a12=0.028, a39=0.028] [BUILD: AirStation]
    OBS: year=0 month=5 season=0 money=13991 credit=107121 people=28 busy=0 free=28 home_places=50 need_workers=10 tax_due=0 main_tax_due=0 tax_amount=8046 main_tax_amount=0 days_alive=73 stage=0 res0=0 res1=0 res2=0 res3=0 res4=0 res5=0 res6=0 res7=0 res8=0 Farm=2 Road=3 House=1 Apiary=1 Hothouse=2 Puerperal=1 | nw=1491304.6473
  s=   73 a= 39(MANAGER:5) r= -0.7981 cum=    -24.71 v= +0.1586 top5=[a38=0.033, a14=0.031, a32=0.029, a12=0.028, a34=0.028]
    OBS: year=0 month=5 season=0 money=13991 credit=107335 people=28 busy=0 free=28 home_places=50 need_workers=10 tax_due=0 main_tax_due=0 tax_amount=8046 main_tax_amount=0 days_alive=74 stage=0 res0=0 res1=0 res2=0 res3=0 res4=0 res5=0 res6=0 res7=0 res8=0 Farm=2 Road=3 House=1 Apiary=1 Hothouse=2 Puerperal=1 | nw=1491068.5467
  s=   74 a=  8(BUILD:Coalmine) r= -0.7970 cum=    -25.51 v= +0.1677 top5=[a14=0.035, a32=0.033, a34=0.032, a12=0.030, a39=0.029] [BUILD: Coalmine]
    OBS: year=0 month=5 season=0 money=13991 credit=107549 people=28 busy=0 free=28 home_places=50 need_workers=10 tax_due=0 main_tax_due=0 tax_amount=8046 main_tax_amount=0 days_alive=75 stage=0 res0=0 res1=0 res2=0 res3=0 res4=0 res5=0 res6=0 res7=0 res8=0 Farm=2 Road=3 House=1 Apiary=1 Hothouse=2 Puerperal=1 | nw=1490836.2788
  s=   75 a= 13(BUILD:HydroStation) r= -0.7996 cum=    -26.31 v= +0.1706 top5=[a14=0.034, a32=0.032, a34=0.032, a12=0.031, a39=0.029] [BUILD: HydroStation]
    OBS: year=0 month=5 season=0 money=13991 credit=107764 people=28 busy=0 free=28 home_places=50 need_workers=10 tax_due=0 main_tax_due=0 tax_amount=8046 main_tax_amount=0 days_alive=76 stage=0 res0=0 res1=0 res2=0 res3=0 res4=0 res5=0 res6=0 res7=0 res8=0 Farm=2 Road=3 House=1 Apiary=1 Hothouse=2 Puerperal=1 | nw=1490601.3099
  s=   76 a= 39(MANAGER:5) r= +5.8239 cum=    -20.48 v= +0.1520 top5=[a14=0.034, a34=0.032, a32=0.032, a12=0.031, a44=0.029]
    OBS: year=0 month=5 season=0 money=13991 credit=107979 people=28 busy=0 free=28 home_places=50 need_workers=10 tax_due=0 main_tax_due=0 tax_amount=8046 main_tax_amount=0 days_alive=77 stage=0 res0=0 res1=0 res2=0 res3=0 res4=0 res5=0 res6=0 res7=0 res8=0 Farm=2 Road=3 House=1 Apiary=1 Hothouse=2 Puerperal=1 | nw=1490368.6719
  s=   77 a= 39(MANAGER:5) r= -0.7943 cum=    -21.28 v= +0.1418 top5=[a14=0.034, a32=0.033, a34=0.032, a12=0.031, a39=0.030]
    OBS: year=0 month=5 season=0 money=13991 credit=108194 people=28 busy=0 free=28 home_places=50 need_workers=10 tax_due=0 main_tax_due=0 tax_amount=8046 main_tax_amount=0 days_alive=78 stage=0 res0=0 res1=0 res2=0 res3=0 res4=0 res5=0 res6=0 res7=0 res8=0 Farm=2 Road=3 House=1 Apiary=1 Hothouse=2 Puerperal=1 | nw=1490134.3327
  s=   78 a= 26(BUILD:BigSawmill) r= -0.7971 cum=    -22.07 v= +0.1450 top5=[a14=0.034, a32=0.033, a34=0.032, a12=0.031, a39=0.030] [BUILD: BigSawmill]
    OBS: year=0 month=5 season=0 money=13991 credit=108410 people=28 busy=0 free=28 home_places=50 need_workers=10 tax_due=0 main_tax_due=0 tax_amount=8046 main_tax_amount=0 days_alive=79 stage=0 res0=0 res1=0 res2=0 res3=0 res4=0 res5=0 res6=0 res7=0 res8=0 Farm=2 Road=3 House=1 Apiary=1 Hothouse=2 Puerperal=1 | nw=1489897.0599
  s=   79 a= 25(BUILD:SuperHouse) r= -0.7971 cum=    -22.87 v= +0.1480 top5=[a14=0.034, a32=0.033, a34=0.032, a12=0.031, a44=0.030] [BUILD: SuperHouse]
    OBS: year=0 month=5 season=0 money=13991 credit=108626 people=28 busy=0 free=28 home_places=50 need_workers=10 tax_due=0 main_tax_due=0 tax_amount=8046 main_tax_amount=0 days_alive=80 stage=0 res0=0 res1=0 res2=0 res3=0 res4=0 res5=0 res6=0 res7=0 res8=0 Farm=2 Road=3 House=1 Apiary=1 Hothouse=2 Puerperal=1 | nw=1489661.7207
  s=   80 a=  5(BUILD:House) r= -0.7988 cum=    -23.67 v= +0.1508 top5=[a14=0.033, a32=0.032, a34=0.032, a12=0.031, a44=0.030] [BUILD: House]
    OBS: year=0 month=5 season=0 money=13991 credit=108843 people=28 busy=0 free=28 home_places=50 need_workers=10 tax_due=0 main_tax_due=0 tax_amount=8046 main_tax_amount=0 days_alive=81 stage=0 res0=0 res1=0 res2=0 res3=0 res4=0 res5=0 res6=0 res7=0 res8=0 Farm=2 Road=3 House=1 Apiary=1 Hothouse=2 Puerperal=1 | nw=1489425.3816
  s=   81 a= 29(BUILD:Puerperal) r= -0.8008 cum=    -24.47 v= +0.1525 top5=[a14=0.033, a32=0.032, a34=0.032, a12=0.031, a44=0.030] [BUILD: Puerperal]
    OBS: year=0 month=5 season=0 money=13991 credit=109060 people=28 busy=0 free=28 home_places=50 need_workers=10 tax_due=0 main_tax_due=0 tax_amount=8046 main_tax_amount=0 days_alive=82 stage=0 res0=0 res1=0 res2=0 res3=0 res4=0 res5=0 res6=0 res7=0 res8=0 Farm=2 Road=3 House=1 Apiary=1 Hothouse=2 Puerperal=1 | nw=1489187.3414
  s=   82 a=  8(BUILD:Coalmine) r= -0.8004 cum=    -25.27 v= +0.1536 top5=[a14=0.033, a32=0.032, a34=0.032, a12=0.031, a44=0.030] [BUILD: Coalmine]
    OBS: year=0 month=5 season=0 money=13991 credit=109278 people=28 busy=0 free=28 home_places=50 need_workers=10 tax_due=0 main_tax_due=0 tax_amount=8046 main_tax_amount=0 days_alive=83 stage=0 res0=0 res1=0 res2=0 res3=0 res4=0 res5=0 res6=0 res7=0 res8=0 Farm=2 Road=3 House=1 Apiary=1 Hothouse=2 Puerperal=1 | nw=1488951.9013
  s=   83 a= 32(BUILD:SmallAtomStation) r= -0.8026 cum=    -26.07 v= +0.1537 top5=[a14=0.033, a32=0.032, a34=0.032, a12=0.031, a44=0.030] [BUILD: SmallAtomStation]
    OBS: year=0 month=5 season=0 money=13991 credit=109496 people=28 busy=0 free=28 home_places=50 need_workers=10 tax_due=0 main_tax_due=0 tax_amount=8046 main_tax_amount=0 days_alive=84 stage=0 res0=0 res1=0 res2=0 res3=0 res4=0 res5=0 res6=0 res7=0 res8=0 Farm=2 Road=3 House=1 Apiary=1 Hothouse=2 Puerperal=1 | nw=1488714.5622
  s=   84 a=  5(BUILD:House) r= +5.7990 cum=    -20.27 v= +0.1295 top5=[a14=0.033, a34=0.032, a32=0.032, a12=0.031, a44=0.031] [BUILD: House]
    OBS: year=0 month=5 season=0 money=13991 credit=109714 people=28 busy=3 free=25 home_places=50 need_workers=10 tax_due=0 main_tax_due=0 tax_amount=8046 main_tax_amount=0 days_alive=85 stage=0 res0=0 res1=0 res2=0 res3=0 res4=0 res5=0 res6=0 res7=0 res8=0 Farm=2 Road=3 House=1 Apiary=1 Hothouse=2 Puerperal=1 | nw=1488470.7432
  s=   85 a= 26(BUILD:BigSawmill) r= -0.8039 cum=    -21.08 v= +0.1536 top5=[a32=0.033, a44=0.032, a14=0.032, a12=0.031, a39=0.031] [BUILD: BigSawmill]
    OBS: year=0 month=5 season=0 money=13991 credit=109933 people=28 busy=3 free=25 home_places=50 need_workers=10 tax_due=0 main_tax_due=0 tax_amount=8046 main_tax_amount=0 days_alive=86 stage=0 res0=0 res1=0 res2=0 res3=0 res4=0 res5=0 res6=0 res7=0 res8=0 Farm=2 Road=3 House=1 Apiary=1 Hothouse=2 Puerperal=1 | nw=1488222.8598
  s=   86 a= 20(BUILD:BigHouse) r= -0.8050 cum=    -21.88 v= +0.1524 top5=[a32=0.033, a44=0.032, a14=0.032, a12=0.031, a39=0.031] [BUILD: BigHouse]
    OBS: year=0 month=5 season=0 money=13991 credit=110152 people=28 busy=3 free=25 home_places=50 need_workers=10 tax_due=0 main_tax_due=0 tax_amount=8046 main_tax_amount=0 days_alive=87 stage=0 res0=0 res1=0 res2=0 res3=0 res4=0 res5=0 res6=0 res7=0 res8=0 Farm=2 Road=3 House=1 Apiary=1 Hothouse=2 Puerperal=1 | nw=1487974.9763
  s=   87 a= 12(BUILD:PowerStation) r= +0.6133 cum=    -21.27 v= +0.1520 top5=[a44=0.033, a32=0.032, a14=0.032, a12=0.031, a39=0.031] [BUILD: PowerStation]
    OBS: year=0 month=5 season=0 money=13591 credit=110372 people=28 busy=3 free=25 home_places=110 need_workers=26 tax_due=0 main_tax_due=0 tax_amount=8046 main_tax_amount=0 days_alive=88 stage=0 res0=0 res1=0 res2=0 res3=0 res4=0 res5=0 res6=0 res7=0 res8=0 Farm=2 Road=4 House=1 Apiary=1 Hothouse=2 Puerperal=1 | nw=1487731.8146
  s=   88 a= 12(BUILD:PowerStation) r= +0.6084 cum=    -20.66 v= +0.1607 top5=[a32=0.040, a14=0.034, a12=0.033, a44=0.032, a24=0.031] [BUILD: PowerStation]
    OBS: year=0 month=5 season=0 money=13191 credit=110592 people=28 busy=3 free=25 home_places=110 need_workers=26 tax_due=0 main_tax_due=0 tax_amount=8046 main_tax_amount=0 days_alive=89 stage=0 res0=0 res1=0 res2=0 res3=0 res4=0 res5=0 res6=0 res7=0 res8=0 Farm=2 Road=5 House=1 Apiary=1 Hothouse=2 Puerperal=1 | nw=1487480.9974
  s=   89 a= 19(BUILD:Mushroom) r= -0.8077 cum=    -21.47 v= +0.1579 top5=[a32=0.040, a14=0.034, a12=0.033, a44=0.031, a24=0.031] [BUILD: Mushroom]
    OBS: year=0 month=5 season=0 money=13191 credit=110813 people=28 busy=3 free=25 home_places=110 need_workers=26 tax_due=0 main_tax_due=0 tax_amount=8046 main_tax_amount=0 days_alive=90 stage=0 res0=0 res1=0 res2=0 res3=0 res4=0 res5=0 res6=0 res7=0 res8=0 Farm=2 Road=5 House=1 Apiary=1 Hothouse=2 Puerperal=1 | nw=1487233.0130
  s=   90 a= 13(BUILD:HydroStation) r= -0.8077 cum=    -22.28 v= +0.1569 top5=[a32=0.040, a14=0.034, a12=0.033, a44=0.032, a24=0.031] [BUILD: HydroStation]
    OBS: year=0 month=5 season=0 money=13191 credit=111034 people=28 busy=3 free=25 home_places=110 need_workers=26 tax_due=0 main_tax_due=0 tax_amount=8046 main_tax_amount=0 days_alive=91 stage=0 res0=0 res1=0 res2=0 res3=0 res4=0 res5=0 res6=0 res7=0 res8=0 Farm=2 Road=5 House=1 Apiary=1 Hothouse=2 Puerperal=1 | nw=1486986.9277
  s=   91 a= 13(BUILD:HydroStation) r= -0.8104 cum=    -23.09 v= +0.1566 top5=[a32=0.040, a14=0.034, a12=0.033, a44=0.032, a24=0.031] [BUILD: HydroStation]
    OBS: year=0 month=6 season=1 money=13191 credit=111256 people=28 busy=3 free=25 home_places=110 need_workers=26 tax_due=0 main_tax_due=0 tax_amount=8046 main_tax_amount=0 days_alive=92 stage=0 res0=0 res1=0 res2=0 res3=0 res4=0 res5=0 res6=0 res7=0 res8=0 Farm=2 Road=5 House=1 Apiary=1 Hothouse=2 Puerperal=1 | nw=1486737.9433
  s=   92 a= 13(BUILD:HydroStation) r= -0.8093 cum=    -23.90 v= +0.1008 top5=[a32=0.036, a12=0.036, a14=0.030, a4=0.030, a20=0.029] [BUILD: HydroStation]
    OBS: year=0 month=6 season=1 money=13191 credit=111478 people=28 busy=3 free=25 home_places=110 need_workers=26 tax_due=0 main_tax_due=0 tax_amount=8046 main_tax_amount=0 days_alive=93 stage=0 res0=0 res1=0 res2=0 res3=0 res4=0 res5=0 res6=0 res7=0 res8=0 Farm=2 Road=5 House=1 Apiary=1 Hothouse=2 Puerperal=1 | nw=1486492.7815
  s=   93 a=  8(BUILD:Coalmine) r= -0.8126 cum=    -24.71 v= +0.1030 top5=[a32=0.036, a12=0.036, a14=0.030, a4=0.030, a20=0.029] [BUILD: Coalmine]
    OBS: year=0 month=6 season=1 money=13191 credit=111700 people=28 busy=3 free=25 home_places=110 need_workers=26 tax_due=0 main_tax_due=0 tax_amount=8046 main_tax_amount=0 days_alive=94 stage=0 res0=0 res1=0 res2=0 res3=0 res4=0 res5=0 res6=0 res7=0 res8=0 Farm=2 Road=5 House=1 Apiary=1 Hothouse=2 Puerperal=1 | nw=1486243.7971
  s=   94 a= 43(MANAGER:9) r= -0.8132 cum=    -25.52 v= +0.0990 top5=[a32=0.036, a12=0.035, a14=0.030, a4=0.030, a20=0.029]
    OBS: year=0 month=6 season=1 money=13191 credit=111923 people=28 busy=3 free=25 home_places=110 need_workers=26 tax_due=0 main_tax_due=0 tax_amount=8046 main_tax_amount=0 days_alive=95 stage=0 res0=0 res1=0 res2=0 res3=0 res4=0 res5=0 res6=0 res7=0 res8=0 Farm=2 Road=5 House=1 Apiary=1 Hothouse=2 Puerperal=1 | nw=1485995.7465
  s=   95 a= 13(BUILD:HydroStation) r= -0.8133 cum=    -26.34 v= +0.0978 top5=[a32=0.037, a12=0.035, a14=0.030, a4=0.029, a20=0.029] [BUILD: HydroStation]
    OBS: year=0 month=6 season=1 money=13191 credit=112146 people=28 busy=3 free=25 home_places=110 need_workers=26 tax_due=0 main_tax_due=0 tax_amount=8046 main_tax_amount=0 days_alive=96 stage=0 res0=0 res1=0 res2=0 res3=0 res4=0 res5=0 res6=0 res7=0 res8=0 Farm=2 Road=5 House=1 Apiary=1 Hothouse=2 Puerperal=1 | nw=1485749.3622
  s=   96 a= 33(BUILD:AtomStation) r= -0.8161 cum=    -27.15 v= +0.1008 top5=[a32=0.037, a12=0.035, a14=0.030, a4=0.029, a20=0.029] [BUILD: AtomStation]
    OBS: year=0 month=6 season=1 money=13191 credit=112370 people=28 busy=3 free=25 home_places=110 need_workers=26 tax_due=0 main_tax_due=0 tax_amount=8046 main_tax_amount=0 days_alive=97 stage=0 res0=0 res1=0 res2=0 res3=0 res4=0 res5=0 res6=0 res7=0 res8=0 Farm=2 Road=5 House=1 Apiary=1 Hothouse=2 Puerperal=1 | nw=1485500.0788
  s=   97 a= 17(BUILD:HuntingLand) r= -0.8182 cum=    -27.97 v= +0.1032 top5=[a32=0.037, a12=0.035, a14=0.030, a4=0.030, a20=0.029] [BUILD: HuntingLand]
    OBS: year=0 month=6 season=1 money=13191 credit=112594 people=28 busy=3 free=25 home_places=110 need_workers=26 tax_due=0 main_tax_due=0 tax_amount=8046 main_tax_amount=0 days_alive=98 stage=0 res0=0 res1=0 res2=0 res3=0 res4=0 res5=0 res6=0 res7=0 res8=0 Farm=2 Road=5 House=1 Apiary=1 Hothouse=2 Puerperal=1 | nw=1485249.0944
  s=   98 a= 20(BUILD:BigHouse) r= -0.8199 cum=    -28.79 v= +0.1057 top5=[a32=0.036, a12=0.035, a14=0.030, a4=0.030, a20=0.029] [BUILD: BigHouse]
    OBS: year=0 month=6 season=1 money=13191 credit=112819 people=28 busy=3 free=25 home_places=110 need_workers=26 tax_due=0 main_tax_due=0 tax_amount=8046 main_tax_amount=0 days_alive=99 stage=0 res0=0 res1=0 res2=0 res3=0 res4=0 res5=0 res6=0 res7=0 res8=0 Farm=2 Road=5 House=1 Apiary=1 Hothouse=2 Puerperal=1 | nw=1484997.1100
  s=   99 a= 24(BUILD:Hothouse) r= +0.3386 cum=    -28.45 v= +0.1080 top5=[a32=0.036, a12=0.035, a14=0.030, a4=0.030, a44=0.029] [BUILD: Hothouse]
    OBS: year=0 month=6 season=1 money=13191 credit=113044 people=28 busy=3 free=25 home_places=110 need_workers=26 tax_due=0 main_tax_due=0 tax_amount=8046 main_tax_amount=0 days_alive=100 stage=0 res0=0 res1=0 res2=0 res3=0 res4=0 res5=0 res6=0 res7=0 res8=0 Farm=2 Road=5 House=1 Apiary=1 Hothouse=2 Puerperal=1 | nw=1484746.8267
  s=  100 a=  5(BUILD:House) r= -0.8214 cum=    -29.27 v= +0.1103 top5=[a32=0.036, a12=0.034, a14=0.030, a4=0.030, a44=0.029] [BUILD: House]
    OBS: year=0 month=6 season=1 money=13191 credit=113270 people=28 busy=3 free=25 home_places=110 need_workers=26 tax_due=0 main_tax_due=0 tax_amount=8046 main_tax_amount=0 days_alive=101 stage=0 res0=0 res1=0 res2=0 res3=0 res4=0 res5=0 res6=0 res7=0 res8=0 Farm=2 Road=5 House=1 Apiary=1 Hothouse=2 Puerperal=1 | nw=1484495.7760
  s=  101 a= 32(BUILD:SmallAtomStation) r= -0.8236 cum=    -30.10 v= +0.1138 top5=[a32=0.036, a12=0.034, a4=0.030, a14=0.030, a44=0.029] [BUILD: SmallAtomStation]
    OBS: year=0 month=6 season=1 money=13191 credit=113496 people=28 busy=3 free=25 home_places=110 need_workers=26 tax_due=0 main_tax_due=0 tax_amount=8046 main_tax_amount=0 days_alive=102 stage=0 res0=0 res1=0 res2=0 res3=0 res4=0 res5=0 res6=0 res7=0 res8=0 Farm=2 Road=5 House=1 Apiary=1 Hothouse=2 Puerperal=1 | nw=1484242.7916
  s=  102 a= 44(MANAGER:10) r= +0.0455 cum=    -30.05 v= +0.1174 top5=[a32=0.036, a12=0.034, a4=0.030, a14=0.030, a39=0.029]
    OBS: year=0 month=6 season=1 money=13191 credit=113722 people=28 busy=3 free=25 home_places=110 need_workers=26 tax_due=0 main_tax_due=0 tax_amount=8046 main_tax_amount=0 days_alive=103 stage=0 res0=0 res1=0 res2=0 res3=0 res4=0 res5=0 res6=0 res7=0 res8=0 Farm=2 Road=5 House=1 Apiary=1 Hothouse=2 Puerperal=1 | nw=1483989.8073
  s=  103 a= 27(BUILD:WaterMill) r= -0.8252 cum=    -30.88 v= +0.1215 top5=[a32=0.036, a12=0.034, a4=0.030, a14=0.030, a39=0.029] [BUILD: WaterMill]
    OBS: year=0 month=6 season=1 money=13191 credit=113949 people=28 busy=3 free=25 home_places=110 need_workers=26 tax_due=0 main_tax_due=0 tax_amount=8046 main_tax_amount=0 days_alive=104 stage=0 res0=0 res1=0 res2=0 res3=0 res4=0 res5=0 res6=0 res7=0 res8=0 Farm=2 Road=5 House=1 Apiary=1 Hothouse=2 Puerperal=1 | nw=1483737.7219
  s=  104 a= 29(BUILD:Puerperal) r= -0.8274 cum=    -31.70 v= +0.1257 top5=[a32=0.035, a12=0.034, a4=0.030, a14=0.030, a24=0.029] [BUILD: Puerperal]
    OBS: year=0 month=6 season=1 money=13191 credit=114176 people=28 busy=3 free=25 home_places=110 need_workers=26 tax_due=0 main_tax_due=0 tax_amount=8046 main_tax_amount=0 days_alive=105 stage=0 res0=0 res1=0 res2=0 res3=0 res4=0 res5=0 res6=0 res7=0 res8=0 Farm=2 Road=5 House=1 Apiary=1 Hothouse=2 Puerperal=1 | nw=1483483.7375
  s=  105 a= 34(MANAGER:0) r= -0.8291 cum=    -32.53 v= +0.1297 top5=[a32=0.035, a12=0.034, a4=0.030, a14=0.030, a24=0.029]
    OBS: year=0 month=6 season=1 money=13191 credit=114404 people=28 busy=3 free=25 home_places=110 need_workers=26 tax_due=0 main_tax_due=0 tax_amount=8046 main_tax_amount=0 days_alive=106 stage=0 res0=0 res1=0 res2=0 res3=0 res4=0 res5=0 res6=0 res7=0 res8=0 Farm=2 Road=5 House=1 Apiary=1 Hothouse=2 Puerperal=1 | nw=1483228.7531
  s=  106 a= 33(BUILD:AtomStation) r= -0.8302 cum=    -33.36 v= +0.1336 top5=[a32=0.035, a12=0.034, a4=0.030, a14=0.030, a24=0.029] [BUILD: AtomStation]
    OBS: year=0 month=6 season=1 money=13191 credit=114632 people=28 busy=3 free=25 home_places=110 need_workers=26 tax_due=0 main_tax_due=0 tax_amount=8046 main_tax_amount=0 days_alive=107 stage=0 res0=0 res1=0 res2=0 res3=0 res4=0 res5=0 res6=0 res7=0 res8=0 Farm=2 Road=5 House=1 Apiary=1 Hothouse=2 Puerperal=1 | nw=1482973.7687
  s=  107 a=  7(BUILD:Sawmill) r= -0.8320 cum=    -34.19 v= +0.1376 top5=[a32=0.035, a12=0.034, a4=0.030, a14=0.030, a24=0.029] [BUILD: Sawmill]
    OBS: year=0 month=6 season=1 money=13191 credit=114861 people=28 busy=3 free=25 home_places=110 need_workers=26 tax_due=0 main_tax_due=0 tax_amount=8046 main_tax_amount=0 days_alive=108 stage=0 res0=0 res1=0 res2=0 res3=0 res4=0 res5=0 res6=0 res7=0 res8=0 Farm=2 Road=5 House=1 Apiary=1 Hothouse=2 Puerperal=1 | nw=1482717.7843
  s=  108 a= 31(BUILD:AirStation) r= -0.8331 cum=    -35.03 v= +0.1416 top5=[a32=0.035, a12=0.034, a4=0.030, a14=0.030, a24=0.029] [BUILD: AirStation]
    OBS: year=0 month=6 season=1 money=13191 credit=115090 people=28 busy=3 free=25 home_places=110 need_workers=26 tax_due=0 main_tax_due=0 tax_amount=8046 main_tax_amount=0 days_alive=109 stage=0 res0=0 res1=0 res2=0 res3=0 res4=0 res5=0 res6=0 res7=0 res8=0 Farm=2 Road=5 House=1 Apiary=1 Hothouse=2 Puerperal=1 | nw=1482461.7999
  s=  109 a=  6(BUILD:SmallHouse) r= -0.8326 cum=    -35.86 v= +0.1457 top5=[a32=0.035, a12=0.034, a4=0.030, a24=0.030, a14=0.030] [BUILD: SmallHouse]
    OBS: year=0 month=6 season=1 money=13191 credit=115320 people=28 busy=3 free=25 home_places=110 need_workers=26 tax_due=0 main_tax_due=0 tax_amount=8046 main_tax_amount=0 days_alive=110 stage=0 res0=0 res1=0 res2=0 res3=0 res4=0 res5=0 res6=0 res7=0 res8=0 Farm=2 Road=5 House=1 Apiary=1 Hothouse=2 Puerperal=1 | nw=1482208.6382
  s=  110 a= 12(BUILD:PowerStation) r= +0.5985 cum=    -35.26 v= +0.1503 top5=[a32=0.035, a12=0.034, a4=0.030, a24=0.030, a14=0.030] [BUILD: PowerStation]
    OBS: year=0 month=6 season=1 money=12791 credit=115550 people=28 busy=3 free=25 home_places=110 need_workers=26 tax_due=0 main_tax_due=0 tax_amount=8046 main_tax_amount=0 days_alive=111 stage=0 res0=0 res1=0 res2=0 res3=0 res4=0 res5=0 res6=0 res7=0 res8=0 Farm=2 Road=6 House=1 Apiary=1 Hothouse=2 Puerperal=1 | nw=1481953.5528
  s=  111 a= 11(BUILD:Goldmine) r= -0.8362 cum=    -36.10 v= +0.1558 top5=[a12=0.034, a32=0.034, a24=0.031, a4=0.031, a14=0.030] [BUILD: Goldmine]
    OBS: year=0 month=6 season=1 money=12791 credit=115781 people=28 busy=3 free=25 home_places=110 need_workers=26 tax_due=0 main_tax_due=0 tax_amount=8046 main_tax_amount=0 days_alive=112 stage=0 res0=0 res1=0 res2=0 res3=0 res4=0 res5=0 res6=0 res7=0 res8=0 Farm=2 Road=6 House=1 Apiary=1 Hothouse=2 Puerperal=1 | nw=1481697.4675
  s=  112 a= 25(BUILD:SuperHouse) r= -0.8363 cum=    -36.93 v= +0.1601 top5=[a12=0.034, a32=0.034, a24=0.032, a4=0.031, a14=0.030] [BUILD: SuperHouse]
    OBS: year=0 month=6 season=1 money=12791 credit=116012 people=28 busy=3 free=25 home_places=110 need_workers=26 tax_due=0 main_tax_due=0 tax_amount=8046 main_tax_amount=0 days_alive=113 stage=0 res0=0 res1=0 res2=0 res3=0 res4=0 res5=0 res6=0 res7=0 res8=0 Farm=2 Road=6 House=1 Apiary=1 Hothouse=2 Puerperal=1 | nw=1481443.1178
  s=  113 a= 42(MANAGER:8) r= -0.8402 cum=    -37.77 v= +0.1642 top5=[a12=0.034, a32=0.034, a24=0.032, a4=0.031, a14=0.030]
    OBS: year=0 month=6 season=1 money=12791 credit=116244 people=28 busy=3 free=25 home_places=110 need_workers=26 tax_due=0 main_tax_due=0 tax_amount=8046 main_tax_amount=0 days_alive=114 stage=0 res0=0 res1=0 res2=0 res3=0 res4=0 res5=0 res6=0 res7=0 res8=0 Farm=2 Road=6 House=1 Apiary=1 Hothouse=2 Puerperal=1 | nw=1481184.1335
  s=  114 a= 27(BUILD:WaterMill) r= -0.8403 cum=    -38.61 v= +0.1679 top5=[a12=0.034, a32=0.034, a24=0.032, a4=0.031, a14=0.030] [BUILD: WaterMill]
    OBS: year=0 month=6 season=1 money=12791 credit=116476 people=28 busy=3 free=25 home_places=110 need_workers=26 tax_due=0 main_tax_due=0 tax_amount=8046 main_tax_amount=0 days_alive=115 stage=0 res0=0 res1=0 res2=0 res3=0 res4=0 res5=0 res6=0 res7=0 res8=0 Farm=2 Road=6 House=1 Apiary=1 Hothouse=2 Puerperal=1 | nw=1480926.8501
  s=  115 a=  0(DAY) r= -5.8401 cum=    -44.45 v= +0.1700 top5=[a12=0.034, a32=0.033, a24=0.032, a4=0.031, a14=0.030]
    OBS: year=0 month=6 season=1 money=12791 credit=116708 people=28 busy=3 free=25 home_places=110 need_workers=26 tax_due=0 main_tax_due=0 tax_amount=8046 main_tax_amount=0 days_alive=116 stage=0 res0=0 res1=0 res2=0 res3=0 res4=0 res5=0 res6=0 res7=0 res8=0 Farm=2 Road=6 House=1 Apiary=1 Hothouse=2 Puerperal=1 | nw=1480667.8657
  s=  116 a= 38(MANAGER:4) r= +1.4863 cum=    -42.97 v= +0.1715 top5=[a12=0.034, a32=0.033, a24=0.033, a4=0.031, a14=0.030]
    OBS: year=0 month=6 season=1 money=12791 credit=116941 people=28 busy=3 free=25 home_places=110 need_workers=21 tax_due=0 main_tax_due=0 tax_amount=8046 main_tax_amount=0 days_alive=117 stage=0 res0=0 res1=0 res2=0 res3=0 res4=0 res5=0 res6=0 res7=0 res8=0 Farm=2 Road=6 House=1 Apiary=1 Hothouse=2 Puerperal=1 | nw=1480407.8813
  s=  117 a= 21(BUILD:BigFarm) r= -0.6274 cum=    -43.60 v= +0.2148 top5=[a24=0.035, a32=0.031, a38=0.031, a29=0.031, a12=0.030] [BUILD: BigFarm]
    OBS: year=0 month=6 season=1 money=12791 credit=117174 people=28 busy=3 free=25 home_places=110 need_workers=21 tax_due=0 main_tax_due=0 tax_amount=8046 main_tax_amount=0 days_alive=118 stage=0 res0=0 res1=0 res2=0 res3=0 res4=0 res5=0 res6=0 res7=0 res8=0 Farm=2 Road=6 House=1 Apiary=1 Hothouse=2 Puerperal=1 | nw=1480149.8307
  s=  118 a= 19(BUILD:Mushroom) r= -0.8423 cum=    -44.44 v= +0.2132 top5=[a24=0.035, a32=0.031, a38=0.031, a29=0.031, a12=0.030] [BUILD: Mushroom]
    OBS: year=0 month=6 season=1 money=12791 credit=117408 people=28 busy=3 free=25 home_places=110 need_workers=21 tax_due=0 main_tax_due=0 tax_amount=8046 main_tax_amount=0 days_alive=119 stage=0 res0=0 res1=0 res2=0 res3=0 res4=0 res5=0 res6=0 res7=0 res8=0 Farm=2 Road=6 House=1 Apiary=1 Hothouse=2 Puerperal=1 | nw=1479888.8463
  s=  119 a= 23(BUILD:Torchlight) r= -0.8434 cum=    -45.28 v= +0.2111 top5=[a24=0.035, a32=0.031, a38=0.031, a29=0.031, a12=0.030] [BUILD: Torchlight]
    OBS: year=0 month=6 season=1 money=12791 credit=117642 people=28 busy=3 free=25 home_places=110 need_workers=21 tax_due=0 main_tax_due=0 tax_amount=8046 main_tax_amount=0 days_alive=120 stage=0 res0=0 res1=0 res2=0 res3=0 res4=0 res5=0 res6=0 res7=0 res8=0 Farm=2 Road=6 House=1 Apiary=1 Hothouse=2 Puerperal=1 | nw=1479627.8619
  s=  120 a= 32(BUILD:SmallAtomStation) r= -0.8441 cum=    -46.13 v= +0.2097 top5=[a24=0.036, a32=0.031, a38=0.031, a29=0.031, a12=0.030] [BUILD: SmallAtomStation]
    OBS: year=0 month=6 season=1 money=12791 credit=117877 people=28 busy=3 free=25 home_places=110 need_workers=21 tax_due=0 main_tax_due=0 tax_amount=8046 main_tax_amount=0 days_alive=121 stage=0 res0=0 res1=0 res2=0 res3=0 res4=0 res5=0 res6=0 res7=0 res8=0 Farm=2 Road=6 House=1 Apiary=1 Hothouse=2 Puerperal=1 | nw=1479367.7765
  s=  121 a= 25(BUILD:SuperHouse) r= -0.8463 cum=    -46.97 v= +0.2084 top5=[a24=0.036, a32=0.031, a38=0.031, a29=0.031, a12=0.030] [BUILD: SuperHouse]
    OBS: year=0 month=7 season=1 money=12791 credit=118112 people=28 busy=3 free=25 home_places=110 need_workers=21 tax_due=0 main_tax_due=0 tax_amount=8046 main_tax_amount=0 days_alive=122 stage=0 res0=0 res1=0 res2=0 res3=0 res4=0 res5=0 res6=0 res7=0 res8=0 Farm=2 Road=6 House=1 Apiary=1 Hothouse=2 Puerperal=1 | nw=1479105.7921
  s=  122 a= 25(BUILD:SuperHouse) r= -0.8471 cum=    -47.82 v= +0.1394 top5=[a32=0.031, a12=0.031, a24=0.030, a33=0.028, a14=0.028] [BUILD: SuperHouse]
    OBS: year=0 month=7 season=1 money=12791 credit=118348 people=28 busy=3 free=25 home_places=110 need_workers=21 tax_due=0 main_tax_due=0 tax_amount=8046 main_tax_amount=0 days_alive=123 stage=0 res0=0 res1=0 res2=0 res3=0 res4=0 res5=0 res6=0 res7=0 res8=0 Farm=2 Road=6 House=1 Apiary=1 Hothouse=2 Puerperal=1 | nw=1478844.5088
  s=  123 a=  3(BUILD:Farm) r= +3.1394 cum=    -44.68 v= +0.1445 top5=[a32=0.031, a12=0.031, a24=0.030, a33=0.028, a14=0.027] [BUILD: Farm]
    OBS: year=0 month=7 season=1 money=5151 credit=118584 people=28 busy=3 free=25 home_places=110 need_workers=21 tax_due=0 main_tax_due=0 tax_amount=8466 main_tax_amount=0 days_alive=124 stage=0 res0=0 res1=0 res2=0 res3=0 res4=0 res5=0 res6=0 res7=0 res8=0 Farm=2 Garden=1 Road=6 House=1 Apiary=1 Hothouse=2 Puerperal=1 | nw=1478581.5244
  s=  124 a= 18(BUILD:CowFarm) r= -0.8480 cum=    -45.53 v= +0.2047 top5=[a33=0.031, a24=0.031, a32=0.030, a14=0.030, a12=0.027] [BUILD: CowFarm]
    OBS: year=0 month=7 season=1 money=5151 credit=118821 people=28 busy=3 free=25 home_places=110 need_workers=21 tax_due=0 main_tax_due=0 tax_amount=8466 main_tax_amount=0 days_alive=125 stage=0 res0=0 res1=0 res2=0 res3=0 res4=0 res5=0 res6=0 res7=0 res8=0 Farm=2 Garden=1 Road=6 House=1 Apiary=1 Hothouse=2 Puerperal=1 | nw=1478318.0756
  s=  125 a= 21(BUILD:BigFarm) r= -0.4578 cum=    -45.99 v= +0.2059 top5=[a24=0.031, a33=0.031, a32=0.030, a14=0.030, a38=0.027] [BUILD: BigFarm]
    OBS: year=0 month=7 season=1 money=5151 credit=119058 people=28 busy=3 free=25 home_places=110 need_workers=21 tax_due=0 main_tax_due=0 tax_amount=8466 main_tax_amount=0 days_alive=126 stage=0 res0=0 res1=0 res2=0 res3=0 res4=0 res5=0 res6=0 res7=0 res8=0 Farm=2 Garden=1 Road=6 House=1 Apiary=1 Hothouse=2 Puerperal=1 | nw=1478054.0913
  s=  126 a= 21(BUILD:BigFarm) r= -0.8512 cum=    -46.84 v= +0.2071 top5=[a24=0.031, a33=0.031, a32=0.030, a14=0.029, a38=0.027] [BUILD: BigFarm]
    OBS: year=0 month=7 season=1 money=5151 credit=119296 people=28 busy=3 free=25 home_places=110 need_workers=21 tax_due=0 main_tax_due=0 tax_amount=8466 main_tax_amount=0 days_alive=127 stage=0 res0=0 res1=0 res2=0 res3=0 res4=0 res5=0 res6=0 res7=0 res8=0 Farm=2 Garden=1 Road=6 House=1 Apiary=1 Hothouse=2 Puerperal=1 | nw=1477789.1069
  s=  127 a= 22(BUILD:Apiary) r= -0.8524 cum=    -47.69 v= +0.2082 top5=[a24=0.031, a33=0.031, a32=0.030, a14=0.029, a38=0.028] [BUILD: Apiary]
    OBS: year=0 month=7 season=1 money=5151 credit=119534 people=28 busy=3 free=25 home_places=110 need_workers=21 tax_due=0 main_tax_due=0 tax_amount=8466 main_tax_amount=0 days_alive=128 stage=0 res0=0 res1=0 res2=0 res3=0 res4=0 res5=0 res6=0 res7=0 res8=0 Farm=2 Garden=1 Road=6 House=1 Apiary=1 Hothouse=2 Puerperal=1 | nw=1477524.1225
  s=  128 a= 12(BUILD:PowerStation) r= +0.5803 cum=    -47.11 v= +0.2092 top5=[a24=0.032, a33=0.031, a32=0.030, a14=0.029, a38=0.028] [BUILD: PowerStation]
    OBS: year=0 month=7 season=1 money=4751 credit=119773 people=28 busy=3 free=25 home_places=110 need_workers=21 tax_due=0 main_tax_due=0 tax_amount=8466 main_tax_amount=0 days_alive=129 stage=0 res0=0 res1=0 res2=0 res3=0 res4=0 res5=0 res6=0 res7=0 res8=0 Farm=2 Garden=1 Road=7 House=1 Apiary=1 Hothouse=2 Puerperal=1 | nw=1477258.1381
  s=  129 a=  1(WEEK) r= -3.3351 cum=    -50.44 v= +0.2224 top5=[a24=0.033, a33=0.032, a32=0.030, a14=0.029, a38=0.028]
    OBS: year=0 month=7 season=1 money=4751 credit=121456 people=28 busy=3 free=25 home_places=110 need_workers=21 tax_due=0 main_tax_due=0 tax_amount=8466 main_tax_amount=0 days_alive=136 stage=0 res0=0 res1=0 res2=0 res3=0 res4=0 res5=0 res6=0 res7=0 res8=0 Farm=2 Garden=1 Road=7 House=1 Apiary=1 Hothouse=2 Puerperal=1 | nw=1475390.0454
  s=  130 a= 27(BUILD:WaterMill) r= -0.8611 cum=    -51.30 v= +0.2322 top5=[a24=0.033, a33=0.031, a32=0.030, a14=0.029, a38=0.029] [BUILD: WaterMill]
    OBS: year=0 month=7 season=1 money=4751 credit=121698 people=28 busy=3 free=25 home_places=110 need_workers=21 tax_due=0 main_tax_due=0 tax_amount=8466 main_tax_amount=0 days_alive=137 stage=0 res0=0 res1=0 res2=0 res3=0 res4=0 res5=0 res6=0 res7=0 res8=0 Farm=2 Garden=1 Road=7 House=1 Apiary=1 Hothouse=2 Puerperal=1 | nw=1475121.0610
  s=  131 a= 31(BUILD:AirStation) r= -0.8629 cum=    -52.17 v= +0.2336 top5=[a24=0.033, a33=0.031, a32=0.030, a14=0.029, a38=0.029] [BUILD: AirStation]
    OBS: year=0 month=7 season=1 money=4751 credit=121941 people=28 busy=3 free=25 home_places=110 need_workers=21 tax_due=0 main_tax_due=0 tax_amount=8466 main_tax_amount=0 days_alive=138 stage=0 res0=0 res1=0 res2=0 res3=0 res4=0 res5=0 res6=0 res7=0 res8=0 Farm=2 Garden=1 Road=7 House=1 Apiary=1 Hothouse=2 Puerperal=1 | nw=1474851.0766
  s=  132 a= 27(BUILD:WaterMill) r= -0.8641 cum=    -53.03 v= +0.2347 top5=[a24=0.034, a33=0.031, a32=0.030, a14=0.029, a38=0.029] [BUILD: WaterMill]
    OBS: year=0 month=7 season=1 money=4751 credit=122184 people=28 busy=3 free=25 home_places=110 need_workers=21 tax_due=0 main_tax_due=0 tax_amount=8466 main_tax_amount=0 days_alive=139 stage=0 res0=0 res1=0 res2=0 res3=0 res4=0 res5=0 res6=0 res7=0 res8=0 Farm=2 Garden=1 Road=7 House=1 Apiary=1 Hothouse=2 Puerperal=1 | nw=1474581.0922
  s=  133 a= 27(BUILD:WaterMill) r= -0.8658 cum=    -53.90 v= +0.2354 top5=[a24=0.034, a33=0.031, a32=0.030, a38=0.029, a14=0.029] [BUILD: WaterMill]
    OBS: year=0 month=7 season=1 money=4751 credit=122428 people=28 busy=3 free=25 home_places=110 need_workers=21 tax_due=0 main_tax_due=0 tax_amount=8466 main_tax_amount=0 days_alive=140 stage=0 res0=0 res1=0 res2=0 res3=0 res4=0 res5=0 res6=0 res7=0 res8=0 Farm=2 Garden=1 Road=7 House=1 Apiary=1 Hothouse=2 Puerperal=1 | nw=1474310.1078
  s=  134 a=  8(BUILD:Coalmine) r= -0.8660 cum=    -54.76 v= +0.2358 top5=[a24=0.034, a33=0.031, a32=0.030, a38=0.029, a14=0.029] [BUILD: Coalmine]
    OBS: year=0 month=7 season=1 money=4751 credit=122672 people=28 busy=3 free=25 home_places=110 need_workers=21 tax_due=0 main_tax_due=0 tax_amount=8466 main_tax_amount=0 days_alive=141 stage=0 res0=0 res1=0 res2=0 res3=0 res4=0 res5=0 res6=0 res7=0 res8=0 Farm=2 Garden=1 Road=7 House=1 Apiary=1 Hothouse=2 Puerperal=1 | nw=1474040.8245
  s=  135 a= 20(BUILD:BigHouse) r= -0.8685 cum=    -55.63 v= +0.2364 top5=[a24=0.034, a33=0.031, a32=0.030, a38=0.029, a14=0.029] [BUILD: BigHouse]
    OBS: year=0 month=7 season=1 money=4751 credit=122917 people=28 busy=3 free=25 home_places=110 need_workers=21 tax_due=0 main_tax_due=0 tax_amount=8466 main_tax_amount=0 days_alive=142 stage=0 res0=0 res1=0 res2=0 res3=0 res4=0 res5=0 res6=0 res7=0 res8=0 Farm=2 Garden=1 Road=7 House=1 Apiary=1 Hothouse=2 Puerperal=1 | nw=1473769.3757
  s=  136 a= 38(MANAGER:4) r= +1.4904 cum=    -54.14 v= +0.2370 top5=[a24=0.034, a33=0.031, a32=0.030, a38=0.030, a14=0.029]
    OBS: year=0 month=7 season=1 money=4751 credit=123162 people=28 busy=3 free=25 home_places=110 need_workers=19 tax_due=0 main_tax_due=0 tax_amount=8466 main_tax_amount=0 days_alive=143 stage=0 res0=0 res1=0 res2=0 res3=0 res4=0 res5=0 res6=0 res7=0 res8=0 Farm=2 Garden=1 Road=7 House=1 Apiary=1 Hothouse=2 Puerperal=1 | nw=1473497.3913
  s=  137 a= 38(MANAGER:4) r= +1.4685 cum=    -52.67 v= +0.2172 top5=[a24=0.032, a33=0.030, a32=0.030, a38=0.028, a29=0.028]
    OBS: year=0 month=7 season=1 money=4751 credit=123408 people=28 busy=3 free=25 home_places=110 need_workers=15 tax_due=0 main_tax_due=0 tax_amount=8466 main_tax_amount=0 days_alive=144 stage=0 res0=0 res1=0 res2=0 res3=0 res4=0 res5=0 res6=0 res7=0 res8=0 Farm=2 Garden=1 Road=7 House=1 Apiary=1 Hothouse=2 Puerperal=1 | nw=1473227.1672
  s=  138 a=  1(WEEK) r= -1.8047 cum=    -54.48 v= +0.2842 top5=[a39=0.047, a14=0.039, a13=0.034, a22=0.032, a29=0.030]
    OBS: year=0 month=7 season=1 money=4751 credit=124644 people=29 busy=3 free=26 home_places=110 need_workers=15 tax_due=0 main_tax_due=0 tax_amount=8466 main_tax_amount=0 days_alive=149 stage=0 res0=0 res1=0 res2=0 res3=0 res4=0 res5=0 res6=0 res7=0 res8=0 Farm=2 Garden=1 Road=7 House=1 Apiary=1 Hothouse=2 Puerperal=1 | nw=1471853.7715
  s=  139 a= 33(BUILD:AtomStation) r= -0.8762 cum=    -55.35 v= +0.2985 top5=[a39=0.049, a14=0.039, a13=0.035, a22=0.033, a29=0.032] [BUILD: AtomStation]
    OBS: year=0 month=7 season=1 money=4751 credit=124893 people=29 busy=3 free=26 home_places=110 need_workers=15 tax_due=0 main_tax_due=0 tax_amount=8466 main_tax_amount=0 days_alive=150 stage=0 res0=0 res1=0 res2=0 res3=0 res4=0 res5=0 res6=0 res7=0 res8=0 Farm=2 Garden=1 Road=7 House=1 Apiary=1 Hothouse=2 Puerperal=1 | nw=1471578.8116
  s=  140 a= 13(BUILD:HydroStation) r= -0.8785 cum=    -56.23 v= +0.3015 top5=[a39=0.049, a14=0.039, a13=0.035, a22=0.033, a29=0.032] [BUILD: HydroStation]
    OBS: year=0 month=7 season=1 money=4751 credit=125142 people=29 busy=3 free=26 home_places=110 need_workers=15 tax_due=0 main_tax_due=0 tax_amount=8466 main_tax_amount=0 days_alive=151 stage=0 res0=0 res1=0 res2=0 res3=0 res4=0 res5=0 res6=0 res7=0 res8=0 Farm=2 Garden=1 Road=7 House=1 Apiary=1 Hothouse=2 Puerperal=1 | nw=1471301.9527
  s=  141 a=  7(BUILD:Sawmill) r= -0.8781 cum=    -57.11 v= +0.3050 top5=[a39=0.049, a14=0.039, a13=0.035, a22=0.033, a29=0.032] [BUILD: Sawmill]
    OBS: year=0 month=7 season=1 money=4751 credit=125392 people=29 busy=3 free=26 home_places=110 need_workers=15 tax_due=0 main_tax_due=0 tax_amount=8466 main_tax_amount=0 days_alive=152 stage=0 res0=0 res1=0 res2=0 res3=0 res4=0 res5=0 res6=0 res7=0 res8=0 Farm=2 Garden=1 Road=7 House=1 Apiary=1 Hothouse=2 Puerperal=1 | nw=1471027.9164
  s=  142 a= 39(MANAGER:5) r= +1.4598 cum=    -55.65 v= +0.3083 top5=[a39=0.049, a14=0.039, a13=0.035, a22=0.033, a29=0.032]
    OBS: year=0 month=8 season=1 money=4751 credit=125642 people=29 busy=3 free=26 home_places=110 need_workers=19 tax_due=0 main_tax_due=0 tax_amount=8466 main_tax_amount=0 days_alive=153 stage=0 res0=0 res1=0 res2=0 res3=0 res4=0 res5=0 res6=0 res7=0 res8=0 Farm=2 Garden=1 Road=7 House=1 Apiary=1 Hothouse=2 Puerperal=1 | nw=1470750.0575
  s=  143 a= 43(MANAGER:9) r= -0.8813 cum=    -56.53 v= +0.2489 top5=[a14=0.043, a39=0.035, a22=0.033, a13=0.032, a26=0.031]
    OBS: year=0 month=8 season=1 money=4751 credit=125893 people=29 busy=3 free=26 home_places=110 need_workers=19 tax_due=0 main_tax_due=0 tax_amount=8466 main_tax_amount=0 days_alive=154 stage=0 res0=0 res1=0 res2=0 res3=0 res4=0 res5=0 res6=0 res7=0 res8=0 Farm=2 Garden=1 Road=7 House=1 Apiary=1 Hothouse=2 Puerperal=1 | nw=1470473.0976
  s=  144 a= 36(MANAGER:2) r= +0.1754 cum=    -56.36 v= +0.2518 top5=[a14=0.043, a39=0.036, a22=0.033, a13=0.032, a26=0.031]
    OBS: year=0 month=8 season=1 money=3492 credit=126144 people=29 busy=3 free=26 home_places=110 need_workers=19 tax_due=0 main_tax_due=0 tax_amount=8466 main_tax_amount=0 days_alive=155 stage=0 res0=0 res1=0 res2=0 res3=0 res4=0 res5=0 res6=0 res7=0 res8=0 Farm=2 Garden=1 Road=7 House=1 Apiary=1 Hothouse=2 Puerperal=1 | nw=1471003.4972
  s=  145 a= 18(BUILD:CowFarm) r= -0.8853 cum=    -57.24 v= +0.2444 top5=[a14=0.043, a39=0.036, a22=0.033, a13=0.032, a32=0.031] [BUILD: CowFarm]
    OBS: year=0 month=8 season=1 money=3492 credit=126396 people=29 busy=3 free=26 home_places=110 need_workers=19 tax_due=0 main_tax_due=0 tax_amount=8466 main_tax_amount=0 days_alive=156 stage=0 res0=0 res1=0 res2=0 res3=0 res4=0 res5=0 res6=0 res7=0 res8=0 Farm=2 Garden=1 Road=7 House=1 Apiary=1 Hothouse=2 Puerperal=1 | nw=1470723.6383
  s=  146 a= 24(BUILD:Hothouse) r= -0.8853 cum=    -58.13 v= +0.2460 top5=[a14=0.043, a39=0.036, a22=0.033, a13=0.032, a32=0.031] [BUILD: Hothouse]
    OBS: year=0 month=8 season=1 money=3492 credit=126648 people=29 busy=3 free=26 home_places=110 need_workers=19 tax_due=0 main_tax_due=0 tax_amount=8466 main_tax_amount=0 days_alive=157 stage=0 res0=0 res1=0 res2=0 res3=0 res4=0 res5=0 res6=0 res7=0 res8=0 Farm=2 Garden=1 Road=7 House=1 Apiary=1 Hothouse=2 Puerperal=1 | nw=1470445.7131
  s=  147 a=  3(BUILD:Farm) r= -0.6734 cum=    -58.80 v= +0.2360 top5=[a14=0.043, a39=0.036, a22=0.033, a13=0.032, a32=0.032] [BUILD: Farm]
    OBS: year=0 month=8 season=1 money=3492 credit=126901 people=29 busy=3 free=26 home_places=110 need_workers=19 tax_due=0 main_tax_due=0 tax_amount=8466 main_tax_amount=0 days_alive=158 stage=0 res0=0 res1=0 res2=0 res3=0 res4=0 res5=0 res6=0 res7=0 res8=0 Farm=2 Garden=1 Road=7 House=1 Apiary=1 Hothouse=2 Puerperal=1 | nw=1470166.7532
  s=  148 a=  2(BUILD:WaterChannel) r= -0.4937 cum=    -59.29 v= +0.2249 top5=[a14=0.042, a39=0.035, a22=0.032, a32=0.032, a13=0.031] [BUILD: WaterChannel]
    OBS: year=0 month=8 season=1 money=3492 credit=127154 people=29 busy=3 free=26 home_places=110 need_workers=19 tax_due=0 main_tax_due=0 tax_amount=8466 main_tax_amount=0 days_alive=159 stage=0 res0=0 res1=0 res2=0 res3=0 res4=0 res5=0 res6=0 res7=0 res8=0 Farm=2 Garden=1 Road=7 House=1 Apiary=1 Hothouse=2 Puerperal=1 | nw=1469887.7933
  s=  149 a= 23(BUILD:Torchlight) r= -0.8890 cum=    -60.18 v= +0.2183 top5=[a14=0.041, a39=0.035, a22=0.032, a32=0.032, a13=0.031] [BUILD: Torchlight]
    OBS: year=0 month=8 season=1 money=3492 credit=127408 people=29 busy=3 free=26 home_places=110 need_workers=19 tax_due=0 main_tax_due=0 tax_amount=8466 main_tax_amount=0 days_alive=160 stage=0 res0=0 res1=0 res2=0 res3=0 res4=0 res5=0 res6=0 res7=0 res8=0 Farm=2 Garden=1 Road=7 House=1 Apiary=1 Hothouse=2 Puerperal=1 | nw=1469609.7570
  s=  150 a= 41(MANAGER:7) r= -0.5391 cum=    -60.72 v= +0.2133 top5=[a14=0.041, a39=0.035, a32=0.032, a22=0.032, a13=0.030]
    OBS: year=0 month=8 season=1 money=2692 credit=127662 people=29 busy=3 free=26 home_places=110 need_workers=19 tax_due=0 main_tax_due=0 tax_amount=8474 main_tax_amount=0 days_alive=161 stage=0 res0=0 res1=400 res2=0 res3=0 res4=0 res5=0 res6=0 res7=0 res8=0 Farm=2 Garden=1 Road=7 House=1 Apiary=1 Hothouse=2 Puerperal=1 | nw=1468929.7971
  s=  151 a= 38(MANAGER:4) r= +1.4553 cum=    -59.27 v= +0.2121 top5=[a14=0.036, a32=0.034, a39=0.033, a41=0.032, a13=0.031]
    OBS: year=0 month=8 season=1 money=2692 credit=127917 people=29 busy=3 free=26 home_places=110 need_workers=15 tax_due=0 main_tax_due=0 tax_amount=8474 main_tax_amount=0 days_alive=162 stage=0 res0=0 res1=400 res2=0 res3=0 res4=0 res5=0 res6=0 res7=0 res8=0 Farm=2 Garden=1 Road=7 House=1 Apiary=1 Hothouse=2 Puerperal=1 | nw=1468646.9381
  s=  152 a= 31(BUILD:AirStation) r= -0.8946 cum=    -60.16 v= +0.2018 top5=[a39=0.038, a13=0.033, a14=0.033, a32=0.031, a25=0.030] [BUILD: AirStation]
    OBS: year=0 month=8 season=1 money=2692 credit=128172 people=29 busy=3 free=26 home_places=110 need_workers=15 tax_due=0 main_tax_due=0 tax_amount=8474 main_tax_amount=0 days_alive=163 stage=0 res0=0 res1=400 res2=0 res3=0 res4=0 res5=0 res6=0 res7=0 res8=0 Farm=2 Garden=1 Road=7 House=1 Apiary=1 Hothouse=2 Puerperal=1 | nw=1468364.0792
  s=  153 a= 29(BUILD:Puerperal) r= -0.8964 cum=    -61.06 v= +0.1962 top5=[a39=0.038, a13=0.033, a14=0.033, a32=0.031, a25=0.029] [BUILD: Puerperal]
    OBS: year=0 month=8 season=1 money=2692 credit=128428 people=29 busy=3 free=26 home_places=110 need_workers=15 tax_due=0 main_tax_due=0 tax_amount=8474 main_tax_amount=0 days_alive=164 stage=0 res0=0 res1=400 res2=0 res3=0 res4=0 res5=0 res6=0 res7=0 res8=0 Farm=2 Garden=1 Road=7 House=1 Apiary=1 Hothouse=2 Puerperal=1 | nw=1468080.2203
  s=  154 a= 36(MANAGER:2) r= -0.2531 cum=    -61.31 v= +0.1930 top5=[a39=0.037, a13=0.033, a14=0.032, a32=0.031, a25=0.029]
    OBS: year=0 month=8 season=1 money=2539 credit=128684 people=29 busy=3 free=26 home_places=110 need_workers=15 tax_due=0 main_tax_due=0 tax_amount=8474 main_tax_amount=0 days_alive=165 stage=0 res0=0 res1=400 res2=0 res3=0 res4=0 res5=0 res6=0 res7=0 res8=0 Farm=2 Garden=1 Road=7 House=1 Apiary=1 Hothouse=2 Puerperal=1 | nw=1467892.9728
  s=  155 a= 39(MANAGER:5) r= +1.4538 cum=    -59.86 v= +0.1894 top5=[a39=0.037, a13=0.032, a14=0.032, a32=0.031, a25=0.028]
    OBS: year=0 month=8 season=1 money=2539 credit=128941 people=29 busy=3 free=26 home_places=110 need_workers=19 tax_due=0 main_tax_due=0 tax_amount=8474 main_tax_amount=0 days_alive=166 stage=0 res0=0 res1=400 res2=0 res3=0 res4=0 res5=0 res6=0 res7=0 res8=0 Farm=2 Garden=1 Road=7 House=1 Apiary=1 Hothouse=2 Puerperal=1 | nw=1467610.0129
  s=  156 a= 44(MANAGER:10) r= -0.0181 cum=    -59.88 v= +0.1905 top5=[a14=0.034, a32=0.034, a39=0.032, a41=0.031, a13=0.030]
    OBS: year=0 month=8 season=1 money=2539 credit=129198 people=29 busy=3 free=26 home_places=110 need_workers=19 tax_due=0 main_tax_due=0 tax_amount=8474 main_tax_amount=0 days_alive=167 stage=0 res0=0 res1=400 res2=0 res3=0 res4=0 res5=0 res6=0 res7=0 res8=0 Farm=2 Garden=1 Road=7 House=1 Apiary=1 Hothouse=2 Puerperal=1 | nw=1467325.1539
  s=  157 a= 25(BUILD:SuperHouse) r= -0.9014 cum=    -60.78 v= +0.1882 top5=[a14=0.034, a32=0.033, a39=0.032, a41=0.031, a13=0.030] [BUILD: SuperHouse]
    OBS: year=0 month=8 season=1 money=2539 credit=129456 people=29 busy=3 free=26 home_places=110 need_workers=19 tax_due=0 main_tax_due=0 tax_amount=8474 main_tax_amount=0 days_alive=168 stage=0 res0=0 res1=400 res2=0 res3=0 res4=0 res5=0 res6=0 res7=0 res8=0 Farm=2 Garden=1 Road=7 House=1 Apiary=1 Hothouse=2 Puerperal=1 | nw=1467039.2950
  s=  158 a= 29(BUILD:Puerperal) r= -0.9027 cum=    -61.68 v= +0.1866 top5=[a14=0.034, a32=0.033, a39=0.032, a41=0.031, a13=0.030] [BUILD: Puerperal]
    OBS: year=0 month=8 season=1 money=2539 credit=129714 people=29 busy=3 free=26 home_places=110 need_workers=19 tax_due=0 main_tax_due=0 tax_amount=8474 main_tax_amount=0 days_alive=169 stage=0 res0=0 res1=400 res2=0 res3=0 res4=0 res5=0 res6=0 res7=0 res8=0 Farm=2 Garden=1 Road=7 House=1 Apiary=1 Hothouse=2 Puerperal=1 | nw=1466753.4361
  s=  159 a= 18(BUILD:CowFarm) r= -0.9045 cum=    -62.58 v= +0.1846 top5=[a14=0.034, a32=0.033, a39=0.032, a41=0.031, a13=0.030] [BUILD: CowFarm]
    OBS: year=0 month=8 season=1 money=2539 credit=129973 people=29 busy=3 free=26 home_places=110 need_workers=19 tax_due=0 main_tax_due=0 tax_amount=8474 main_tax_amount=0 days_alive=170 stage=0 res0=0 res1=400 res2=0 res3=0 res4=0 res5=0 res6=0 res7=0 res8=0 Farm=2 Garden=1 Road=7 House=1 Apiary=1 Hothouse=2 Puerperal=1 | nw=1466466.5771
  s=  160 a= 42(MANAGER:8) r= -0.9057 cum=    -63.49 v= +0.1825 top5=[a32=0.033, a14=0.033, a39=0.032, a41=0.031, a13=0.030]
    OBS: year=0 month=8 season=1 money=2539 credit=130232 people=29 busy=3 free=26 home_places=110 need_workers=19 tax_due=0 main_tax_due=0 tax_amount=8474 main_tax_amount=0 days_alive=171 stage=0 res0=0 res1=400 res2=0 res3=0 res4=0 res5=0 res6=0 res7=0 res8=0 Farm=2 Garden=1 Road=7 House=1 Apiary=1 Hothouse=2 Puerperal=1 | nw=1466179.7182
  s=  161 a= 35(MANAGER:1) r= -0.3112 cum=    -63.80 v= +0.1805 top5=[a32=0.033, a14=0.033, a39=0.032, a41=0.031, a13=0.030]
    OBS: year=0 month=8 season=1 money=2526 credit=130492 people=29 busy=3 free=26 home_places=110 need_workers=19 tax_due=0 main_tax_due=0 tax_amount=8474 main_tax_amount=0 days_alive=172 stage=0 res0=0 res1=400 res2=0 res3=0 res4=0 res5=0 res6=0 res7=0 res8=0 Farm=2 Garden=1 Road=7 House=1 Apiary=1 Hothouse=2 Puerperal=1 | nw=1465903.9976
  s=  162 a= 40(MANAGER:6) r= -0.1894 cum=    -63.99 v= +0.1794 top5=[a32=0.033, a14=0.033, a39=0.032, a41=0.031, a13=0.030]
    OBS: year=0 month=8 season=1 money=2726 credit=130752 people=29 busy=3 free=26 home_places=110 need_workers=19 tax_due=0 main_tax_due=0 tax_amount=8478 main_tax_amount=0 days_alive=173 stage=0 res0=0 res1=200 res2=0 res3=0 res4=0 res5=0 res6=0 res7=0 res8=0 Farm=2 Garden=1 Road=7 House=1 Apiary=1 Hothouse=2 Puerperal=1 | nw=1465616.6743
  s=  163 a= 28(BUILD:BigRefinary) r= -0.9105 cum=    -64.90 v= +0.1787 top5=[a32=0.033, a14=0.033, a39=0.032, a41=0.031, a13=0.029] [BUILD: BigRefinary]
    OBS: year=0 month=8 season=1 money=2726 credit=131013 people=29 busy=3 free=26 home_places=110 need_workers=19 tax_due=0 main_tax_due=0 tax_amount=8478 main_tax_amount=0 days_alive=174 stage=0 res0=0 res1=200 res2=0 res3=0 res4=0 res5=0 res6=0 res7=0 res8=0 Farm=2 Garden=1 Road=7 House=1 Apiary=1 Hothouse=2 Puerperal=1 | nw=1465327.8154
  s=  164 a= 36(MANAGER:2) r= -0.2721 cum=    -65.17 v= +0.1786 top5=[a32=0.034, a14=0.033, a39=0.032, a41=0.031, a13=0.029]
    OBS: year=0 month=8 season=1 money=2581 credit=131275 people=29 busy=3 free=26 home_places=110 need_workers=19 tax_due=0 main_tax_due=0 tax_amount=8478 main_tax_amount=0 days_alive=175 stage=0 res0=0 res1=200 res2=0 res3=0 res4=0 res5=0 res6=0 res7=0 res8=0 Farm=2 Garden=1 Road=7 House=1 Apiary=1 Hothouse=2 Puerperal=1 | nw=1465123.1165
  s=  165 a= 29(BUILD:Puerperal) r= -0.9123 cum=    -66.09 v= +0.1794 top5=[a32=0.034, a14=0.033, a39=0.032, a41=0.031, a13=0.029] [BUILD: Puerperal]
    OBS: year=0 month=8 season=1 money=2581 credit=131537 people=29 busy=3 free=26 home_places=110 need_workers=19 tax_due=0 main_tax_due=0 tax_amount=8478 main_tax_amount=0 days_alive=176 stage=0 res0=0 res1=200 res2=0 res3=0 res4=0 res5=0 res6=0 res7=0 res8=0 Farm=2 Garden=1 Road=7 House=1 Apiary=1 Hothouse=2 Puerperal=1 | nw=1464835.3959
  s=  166 a= 11(BUILD:Goldmine) r= -0.9131 cum=    -67.00 v= +0.1810 top5=[a32=0.034, a14=0.032, a39=0.032, a41=0.031, a13=0.029] [BUILD: Goldmine]
    OBS: year=0 month=8 season=1 money=2581 credit=131800 people=29 busy=3 free=26 home_places=110 need_workers=19 tax_due=0 main_tax_due=0 tax_amount=8478 main_tax_amount=0 days_alive=177 stage=0 res0=0 res1=200 res2=0 res3=0 res4=0 res5=0 res6=0 res7=0 res8=0 Farm=2 Garden=1 Road=7 House=1 Apiary=1 Hothouse=2 Puerperal=1 | nw=1464548.3596
  s=  167 a=  8(BUILD:Coalmine) r= -0.9163 cum=    -67.92 v= +0.1826 top5=[a32=0.034, a14=0.032, a39=0.032, a41=0.031, a13=0.029] [BUILD: Coalmine]
    OBS: year=0 month=8 season=1 money=2581 credit=132063 people=29 busy=3 free=26 home_places=110 need_workers=19 tax_due=0 main_tax_due=0 tax_amount=8478 main_tax_amount=0 days_alive=178 stage=0 res0=0 res1=200 res2=0 res3=0 res4=0 res5=0 res6=0 res7=0 res8=0 Farm=2 Garden=1 Road=7 House=1 Apiary=1 Hothouse=2 Puerperal=1 | nw=1464258.0363
  s=  168 a= 43(MANAGER:9) r= -0.9175 cum=    -68.83 v= +0.1839 top5=[a32=0.034, a14=0.032, a39=0.032, a41=0.030, a29=0.029]
    OBS: year=0 month=8 season=1 money=2581 credit=132327 people=29 busy=3 free=26 home_places=110 need_workers=19 tax_due=0 main_tax_due=0 tax_amount=8478 main_tax_amount=0 days_alive=179 stage=0 res0=0 res1=200 res2=0 res3=0 res4=0 res5=0 res6=0 res7=0 res8=0 Farm=2 Garden=1 Road=7 House=1 Apiary=1 Hothouse=2 Puerperal=1 | nw=1463967.8784
  s=  169 a= 25(BUILD:SuperHouse) r= -0.9198 cum=    -69.75 v= +0.1848 top5=[a32=0.034, a14=0.032, a39=0.032, a41=0.030, a29=0.029] [BUILD: SuperHouse]
    OBS: year=0 month=8 season=1 money=2581 credit=132591 people=29 busy=3 free=26 home_places=110 need_workers=19 tax_due=0 main_tax_due=0 tax_amount=8478 main_tax_amount=0 days_alive=180 stage=0 res0=0 res1=200 res2=0 res3=0 res4=0 res5=0 res6=0 res7=0 res8=0 Farm=2 Garden=1 Road=7 House=1 Apiary=1 Hothouse=2 Puerperal=1 | nw=1463676.0195
  s=  170 a= 23(BUILD:Torchlight) r= -0.9216 cum=    -70.67 v= +0.1852 top5=[a32=0.034, a14=0.032, a39=0.032, a41=0.030, a29=0.029] [BUILD: Torchlight]
    OBS: year=0 month=8 season=1 money=2581 credit=132856 people=29 busy=3 free=26 home_places=110 need_workers=19 tax_due=0 main_tax_due=0 tax_amount=8478 main_tax_amount=0 days_alive=181 stage=0 res0=0 res1=200 res2=0 res3=0 res4=0 res5=0 res6=0 res7=0 res8=0 Farm=2 Garden=1 Road=7 House=1 Apiary=1 Hothouse=2 Puerperal=1 | nw=1463383.1605
  s=  171 a= 22(BUILD:Apiary) r= -0.9229 cum=    -71.60 v= +0.1855 top5=[a32=0.034, a14=0.032, a39=0.032, a41=0.030, a29=0.030] [BUILD: Apiary]
    OBS: year=0 month=8 season=1 money=2581 credit=133121 people=29 busy=3 free=26 home_places=110 need_workers=19 tax_due=0 main_tax_due=0 tax_amount=8478 main_tax_amount=0 days_alive=182 stage=0 res0=0 res1=200 res2=0 res3=0 res4=0 res5=0 res6=0 res7=0 res8=0 Farm=2 Garden=1 Road=7 House=1 Apiary=1 Hothouse=2 Puerperal=1 | nw=1463090.3016
  s=  172 a= 24(BUILD:Hothouse) r= -0.9248 cum=    -72.52 v= +0.1856 top5=[a32=0.034, a39=0.032, a14=0.032, a41=0.030, a29=0.030] [BUILD: Hothouse]
    OBS: year=0 month=8 season=1 money=2581 credit=133387 people=29 busy=3 free=26 home_places=110 need_workers=19 tax_due=0 main_tax_due=0 tax_amount=8478 main_tax_amount=0 days_alive=183 stage=0 res0=0 res1=200 res2=0 res3=0 res4=0 res5=0 res6=0 res7=0 res8=0 Farm=2 Garden=1 Road=7 House=1 Apiary=1 Hothouse=2 Puerperal=1 | nw=1462796.4427
  s=  173 a= 37(MANAGER:3) r= -5.3154 cum=    -77.84 v= +0.1860 top5=[a32=0.034, a39=0.032, a14=0.032, a41=0.030, a29=0.030]
    OBS: year=0 month=9 season=2 money=3519 credit=133653 people=29 busy=3 free=26 home_places=110 need_workers=19 tax_due=0 main_tax_due=0 tax_amount=8058 main_tax_amount=0 days_alive=184 stage=0 res0=0 res1=200 res2=0 res3=0 res4=0 res5=0 res6=0 res7=0 res8=0 Farm=2 Garden=1 Road=7 House=1 Hothouse=2 Puerperal=1 | nw=1454098.0808
  s=  174 a= 24(BUILD:Hothouse) r= -0.9223 cum=    -78.76 v= +0.1822 top5=[a12=0.035, a14=0.029, a39=0.029, a32=0.029, a33=0.028] [BUILD: Hothouse]
    OBS: year=0 month=9 season=2 money=3519 credit=133920 people=29 busy=3 free=26 home_places=110 need_workers=19 tax_due=0 main_tax_due=0 tax_amount=8058 main_tax_amount=0 days_alive=185 stage=0 res0=0 res1=200 res2=0 res3=0 res4=0 res5=0 res6=0 res7=0 res8=0 Farm=2 Garden=1 Road=7 House=1 Hothouse=2 Puerperal=1 | nw=1453807.0893
  s=  175 a= 39(MANAGER:5) r= +1.4416 cum=    -77.32 v= +0.1820 top5=[a12=0.035, a14=0.029, a39=0.029, a32=0.029, a33=0.028]
    OBS: year=0 month=9 season=2 money=3519 credit=134187 people=29 busy=3 free=26 home_places=110 need_workers=23 tax_due=0 main_tax_due=0 tax_amount=8058 main_tax_amount=0 days_alive=186 stage=0 res0=0 res1=200 res2=0 res3=0 res4=0 res5=0 res6=0 res7=0 res8=0 Farm=2 Garden=1 Road=7 House=1 Hothouse=2 Puerperal=1 | nw=1453516.0978
  s=  176 a= 29(BUILD:Puerperal) r= -0.9248 cum=    -78.24 v= +0.2032 top5=[a12=0.036, a32=0.031, a39=0.029, a33=0.029, a14=0.029] [BUILD: Puerperal]
    OBS: year=0 month=9 season=2 money=3519 credit=134455 people=29 busy=3 free=26 home_places=110 need_workers=23 tax_due=0 main_tax_due=0 tax_amount=8058 main_tax_amount=0 days_alive=187 stage=0 res0=0 res1=200 res2=0 res3=0 res4=0 res5=0 res6=0 res7=0 res8=0 Farm=2 Garden=1 Road=7 House=1 Hothouse=2 Puerperal=1 | nw=1453223.6691
  s=  177 a= 26(BUILD:BigSawmill) r= -0.9272 cum=    -79.17 v= +0.2031 top5=[a12=0.036, a32=0.031, a39=0.029, a33=0.029, a14=0.029] [BUILD: BigSawmill]
    OBS: year=0 month=9 season=2 money=3519 credit=134723 people=29 busy=3 free=26 home_places=110 need_workers=23 tax_due=0 main_tax_due=0 tax_amount=8058 main_tax_amount=0 days_alive=188 stage=0 res0=0 res1=200 res2=0 res3=0 res4=0 res5=0 res6=0 res7=0 res8=0 Farm=2 Garden=1 Road=7 House=1 Hothouse=2 Puerperal=1 | nw=1452929.2429
  s=  178 a= 43(MANAGER:9) r= -0.9268 cum=    -80.10 v= +0.2028 top5=[a12=0.036, a32=0.031, a39=0.029, a33=0.029, a14=0.029]
    OBS: year=0 month=9 season=2 money=3519 credit=134992 people=29 busy=3 free=26 home_places=110 need_workers=23 tax_due=0 main_tax_due=0 tax_amount=8058 main_tax_amount=0 days_alive=189 stage=0 res0=0 res1=200 res2=0 res3=0 res4=0 res5=0 res6=0 res7=0 res8=0 Farm=2 Garden=1 Road=7 House=1 Hothouse=2 Puerperal=1 | nw=1452637.7132
  s=  179 a=  5(BUILD:House) r= -0.9289 cum=    -81.03 v= +0.2018 top5=[a12=0.037, a32=0.031, a39=0.030, a33=0.029, a14=0.029] [BUILD: House]
    OBS: year=0 month=9 season=2 money=3519 credit=135261 people=29 busy=3 free=26 home_places=110 need_workers=23 tax_due=0 main_tax_due=0 tax_amount=8058 main_tax_amount=0 days_alive=190 stage=0 res0=0 res1=200 res2=0 res3=0 res4=0 res5=0 res6=0 res7=0 res8=0 Farm=2 Garden=1 Road=7 House=1 Hothouse=2 Puerperal=1 | nw=1452344.7217
  s=  180 a= 28(BUILD:BigRefinary) r= -0.9318 cum=    -81.96 v= +0.2012 top5=[a12=0.037, a32=0.031, a39=0.030, a33=0.029, a14=0.029] [BUILD: BigRefinary]
    OBS: year=0 month=9 season=2 money=3519 credit=135531 people=29 busy=3 free=26 home_places=110 need_workers=23 tax_due=0 main_tax_due=0 tax_amount=8058 main_tax_amount=0 days_alive=191 stage=0 res0=0 res1=200 res2=0 res3=0 res4=0 res5=0 res6=0 res7=0 res8=0 Farm=2 Garden=1 Road=7 House=1 Hothouse=2 Puerperal=1 | nw=1452049.0291
  s=  181 a= 21(BUILD:BigFarm) r= -0.9327 cum=    -82.89 v= +0.2011 top5=[a12=0.037, a32=0.031, a39=0.030, a33=0.029, a14=0.028] [BUILD: BigFarm]
    OBS: year=0 month=9 season=2 money=3519 credit=135802 people=29 busy=3 free=26 home_places=110 need_workers=23 tax_due=0 main_tax_due=0 tax_amount=8058 main_tax_amount=0 days_alive=192 stage=0 res0=0 res1=200 res2=0 res3=0 res4=0 res5=0 res6=0 res7=0 res8=0 Farm=2 Garden=1 Road=7 House=1 Hothouse=2 Puerperal=1 | nw=1451754.0376
  s=  182 a= 24(BUILD:Hothouse) r= -0.9328 cum=    -83.82 v= +0.2016 top5=[a12=0.037, a32=0.032, a39=0.030, a33=0.029, a14=0.028] [BUILD: Hothouse]
    OBS: year=0 month=9 season=2 money=3519 credit=136073 people=29 busy=3 free=26 home_places=110 need_workers=23 tax_due=0 main_tax_due=0 tax_amount=8058 main_tax_amount=0 days_alive=193 stage=0 res0=0 res1=200 res2=0 res3=0 res4=0 res5=0 res6=0 res7=0 res8=0 Farm=2 Garden=1 Road=7 House=1 Hothouse=2 Puerperal=1 | nw=1451460.9452
  s=  183 a= 32(BUILD:SmallAtomStation) r= -0.9356 cum=    -84.76 v= +0.2026 top5=[a12=0.037, a32=0.032, a39=0.030, a33=0.029, a14=0.028] [BUILD: SmallAtomStation]
    OBS: year=0 month=9 season=2 money=3519 credit=136345 people=29 busy=3 free=26 home_places=110 need_workers=23 tax_due=0 main_tax_due=0 tax_amount=8058 main_tax_amount=0 days_alive=194 stage=0 res0=0 res1=200 res2=0 res3=0 res4=0 res5=0 res6=0 res7=0 res8=0 Farm=2 Garden=1 Road=7 House=1 Hothouse=2 Puerperal=1 | nw=1451165.3910
  s=  184 a=  1(WEEK) r= -5.9347 cum=    -90.69 v= +0.2038 top5=[a12=0.038, a32=0.032, a39=0.030, a33=0.029, a14=0.028]
    OBS: year=0 month=9 season=2 money=3519 credit=138261 people=29 busy=3 free=26 home_places=110 need_workers=23 tax_due=0 main_tax_due=0 tax_amount=8058 main_tax_amount=0 days_alive=201 stage=0 res0=0 res1=200 res2=0 res3=0 res4=0 res5=0 res6=0 res7=0 res8=0 Farm=2 Garden=1 Road=7 House=1 Hothouse=2 Puerperal=1 | nw=1449082.2758
  s=  185 a=  4(BUILD:Garden) r= -0.9425 cum=    -91.64 v= +0.2189 top5=[a12=0.039, a32=0.032, a39=0.031, a14=0.029, a33=0.029] [BUILD: Garden]
    OBS: year=0 month=9 season=2 money=3519 credit=138537 people=29 busy=3 free=26 home_places=110 need_workers=23 tax_due=0 main_tax_due=0 tax_amount=8058 main_tax_amount=0 days_alive=202 stage=0 res0=0 res1=200 res2=0 res3=0 res4=0 res5=0 res6=0 res7=0 res8=0 Farm=2 Garden=1 Road=7 House=1 Hothouse=2 Puerperal=1 | nw=1448780.3853
  s=  186 a= 11(BUILD:Goldmine) r= -0.3519 cum=    -91.99 v= +0.2188 top5=[a12=0.039, a32=0.032, a39=0.031, a14=0.029, a33=0.029] [BUILD: Goldmine]
    OBS: year=0 month=9 season=2 money=3519 credit=138814 people=30 busy=3 free=27 home_places=110 need_workers=23 tax_due=0 main_tax_due=0 tax_amount=8058 main_tax_amount=0 days_alive=203 stage=0 res0=0 res1=200 res2=0 res3=0 res4=0 res5=0 res6=0 res7=0 res8=0 Farm=2 Garden=1 Road=7 House=1 Hothouse=2 Puerperal=1 | nw=1448479.3938
  s=  187 a= 30(BUILD:BigIronmine) r= -0.9442 cum=    -92.93 v= +0.2214 top5=[a12=0.038, a32=0.031, a39=0.031, a14=0.029, a38=0.029] [BUILD: BigIronmine]
    OBS: year=0 month=9 season=2 money=3519 credit=139091 people=30 busy=3 free=27 home_places=110 need_workers=23 tax_due=0 main_tax_due=0 tax_amount=8058 main_tax_amount=0 days_alive=204 stage=0 res0=0 res1=200 res2=0 res3=0 res4=0 res5=0 res6=0 res7=0 res8=0 Farm=2 Garden=1 Road=7 House=1 Hothouse=2 Puerperal=1 | nw=1448178.9379
  s=  188 a=  7(BUILD:Sawmill) r= -5.9193 cum=    -98.85 v= +0.2213 top5=[a12=0.038, a32=0.031, a39=0.031, a14=0.029, a38=0.029] [BUILD FAILED: Sawmill money=3519 free=26]
    OBS: year=0 month=9 season=2 money=3519 credit=139369 people=29 busy=3 free=26 home_places=110 need_workers=23 tax_due=0 main_tax_due=0 tax_amount=8058 main_tax_amount=0 days_alive=205 stage=0 res0=0 res1=200 res2=0 res3=0 res4=0 res5=0 res6=0 res7=0 res8=0 Farm=2 Garden=1 Road=7 House=1 Hothouse=2 Puerperal=1 | nw=1447876.5092
  s=  189 a= 38(MANAGER:4) r= +1.4148 cum=    -97.44 v= +0.2183 top5=[a12=0.039, a32=0.032, a39=0.031, a14=0.029, a33=0.029]
    OBS: year=0 month=9 season=2 money=3519 credit=139647 people=29 busy=3 free=26 home_places=110 need_workers=19 tax_due=0 main_tax_due=0 tax_amount=8058 main_tax_amount=0 days_alive=206 stage=0 res0=0 res1=200 res2=0 res3=0 res4=0 res5=0 res6=0 res7=0 res8=0 Farm=2 Garden=1 Road=7 House=1 Hothouse=2 Puerperal=1 | nw=1447574.5177
  s=  190 a= 24(BUILD:Hothouse) r= -0.9447 cum=    -98.38 v= +0.1810 top5=[a12=0.038, a39=0.030, a32=0.029, a14=0.029, a15=0.028] [BUILD: Hothouse]
    OBS: year=0 month=9 season=2 money=3519 credit=139926 people=29 busy=3 free=26 home_places=110 need_workers=19 tax_due=0 main_tax_due=0 tax_amount=8058 main_tax_amount=0 days_alive=207 stage=0 res0=0 res1=200 res2=0 res3=0 res4=0 res5=0 res6=0 res7=0 res8=0 Farm=2 Garden=1 Road=7 House=1 Hothouse=2 Puerperal=1 | nw=1447271.0889
  s=  191 a= 44(MANAGER:10) r= -0.0653 cum=    -98.45 v= +0.1797 top5=[a12=0.038, a39=0.030, a32=0.029, a14=0.029, a15=0.028]
    OBS: year=0 month=9 season=2 money=3519 credit=140205 people=29 busy=3 free=26 home_places=110 need_workers=19 tax_due=0 main_tax_due=0 tax_amount=8058 main_tax_amount=0 days_alive=208 stage=0 res0=0 res1=200 res2=0 res3=0 res4=0 res5=0 res6=0 res7=0 res8=0 Farm=2 Garden=1 Road=7 House=1 Hothouse=2 Puerperal=1 | nw=1446961.4029
  s=  192 a= 19(BUILD:Mushroom) r= -0.9478 cum=    -99.39 v= +0.1780 top5=[a12=0.038, a39=0.030, a32=0.030, a14=0.029, a15=0.028] [BUILD: Mushroom]
    OBS: year=0 month=9 season=2 money=3519 credit=140485 people=29 busy=3 free=26 home_places=110 need_workers=19 tax_due=0 main_tax_due=0 tax_amount=8058 main_tax_amount=0 days_alive=209 stage=0 res0=0 res1=200 res2=0 res3=0 res4=0 res5=0 res6=0 res7=0 res8=0 Farm=2 Garden=1 Road=7 House=1 Hothouse=2 Puerperal=1 | nw=1446656.9741
  s=  193 a= 44(MANAGER:10) r= -0.0626 cum=    -99.46 v= +0.1763 top5=[a12=0.038, a39=0.030, a32=0.030, a14=0.029, a15=0.028]
    OBS: year=0 month=9 season=2 money=3519 credit=140765 people=29 busy=3 free=26 home_places=110 need_workers=19 tax_due=0 main_tax_due=0 tax_amount=8058 main_tax_amount=0 days_alive=210 stage=0 res0=0 res1=200 res2=0 res3=0 res4=0 res5=0 res6=0 res7=0 res8=0 Farm=2 Garden=1 Road=7 House=1 Hothouse=2 Puerperal=1 | nw=1446354.6669
  s=  194 a= 41(MANAGER:7) r= -0.4786 cum=    -99.94 v= +0.1747 top5=[a12=0.038, a39=0.030, a32=0.030, a14=0.029, a15=0.028]
    OBS: year=0 month=9 season=2 money=3119 credit=141046 people=29 busy=3 free=26 home_places=110 need_workers=19 tax_due=0 main_tax_due=0 tax_amount=8062 main_tax_amount=0 days_alive=211 stage=0 res0=0 res1=400 res2=0 res3=0 res4=0 res5=0 res6=0 res7=0 res8=0 Farm=2 Garden=1 Road=7 House=1 Hothouse=2 Puerperal=1 | nw=1445849.2381
  s=  195 a= 33(BUILD:AtomStation) r= -0.9521 cum=   -100.89 v= +0.1741 top5=[a12=0.038, a39=0.031, a32=0.030, a14=0.029, a15=0.028] [BUILD: AtomStation]
    OBS: year=0 month=9 season=2 money=3119 credit=141328 people=29 busy=3 free=26 home_places=110 need_workers=19 tax_due=0 main_tax_due=0 tax_amount=8062 main_tax_amount=0 days_alive=212 stage=0 res0=0 res1=400 res2=0 res3=0 res4=0 res5=0 res6=0 res7=0 res8=0 Farm=2 Garden=1 Road=7 House=1 Hothouse=2 Puerperal=1 | nw=1445543.9748
  s=  196 a=  4(BUILD:Garden) r= -0.5595 cum=   -101.45 v= +0.1732 top5=[a12=0.038, a39=0.031, a32=0.030, a14=0.029, a15=0.028] [BUILD: Garden]
    OBS: year=0 month=9 season=2 money=3119 credit=141610 people=29 busy=3 free=26 home_places=110 need_workers=19 tax_due=0 main_tax_due=0 tax_amount=8062 main_tax_amount=0 days_alive=213 stage=0 res0=0 res1=400 res2=0 res3=0 res4=0 res5=0 res6=0 res7=0 res8=0 Farm=2 Garden=1 Road=7 House=1 Hothouse=2 Puerperal=1 | nw=1445232.2616
  s=  197 a= 26(BUILD:BigSawmill) r= -0.9580 cum=   -102.40 v= +0.1724 top5=[a12=0.038, a39=0.031, a32=0.030, a14=0.029, a38=0.028] [BUILD: BigSawmill]
    OBS: year=0 month=10 season=2 money=3119 credit=141893 people=29 busy=3 free=26 home_places=110 need_workers=19 tax_due=0 main_tax_due=0 tax_amount=8062 main_tax_amount=0 days_alive=214 stage=0 res0=0 res1=400 res2=0 res3=0 res4=0 res5=0 res6=0 res7=0 res8=0 Farm=2 Garden=1 Road=7 House=1 Hothouse=2 Puerperal=1 | nw=1444921.4475
  s=  198 a= 22(BUILD:Apiary) r= -0.9570 cum=   -103.36 v= +0.1317 top5=[a12=0.034, a32=0.029, a14=0.028, a41=0.027, a33=0.027] [BUILD: Apiary]
    OBS: year=0 month=10 season=2 money=3119 credit=142176 people=29 busy=3 free=26 home_places=110 need_workers=19 tax_due=0 main_tax_due=0 tax_amount=8062 main_tax_amount=0 days_alive=215 stage=0 res0=0 res1=400 res2=0 res3=0 res4=0 res5=0 res6=0 res7=0 res8=0 Farm=2 Garden=1 Road=7 House=1 Hothouse=2 Puerperal=1 | nw=1444614.4560
  s=  199 a= 21(BUILD:BigFarm) r= -0.9591 cum=   -104.32 v= +0.1325 top5=[a12=0.035, a32=0.029, a14=0.028, a41=0.027, a39=0.027] [BUILD: BigFarm]
    OBS: year=0 month=10 season=2 money=3119 credit=142460 people=29 busy=3 free=26 home_places=110 need_workers=19 tax_due=0 main_tax_due=0 tax_amount=8062 main_tax_amount=0 days_alive=216 stage=0 res0=0 res1=400 res2=0 res3=0 res4=0 res5=0 res6=0 res7=0 res8=0 Farm=2 Garden=1 Road=7 House=1 Hothouse=2 Puerperal=1 | nw=1444306.2666
  s=  200 a=  4(BUILD:Garden) r= -0.9614 cum=   -105.28 v= +0.1345 top5=[a12=0.035, a32=0.029, a14=0.028, a39=0.027, a41=0.027] [BUILD: Garden]
    OBS: year=0 month=10 season=2 money=3119 credit=142744 people=29 busy=3 free=26 home_places=110 need_workers=19 tax_due=0 main_tax_due=0 tax_amount=8062 main_tax_amount=0 days_alive=217 stage=0 res0=0 res1=400 res2=0 res3=0 res4=0 res5=0 res6=0 res7=0 res8=0 Farm=2 Garden=1 Road=7 House=1 Hothouse=2 Puerperal=1 | nw=1443996.3760
  s=  201 a= 15(BUILD:Fish) r= -0.9625 cum=   -106.24 v= +0.1366 top5=[a12=0.035, a32=0.029, a14=0.028, a39=0.027, a41=0.027] [BUILD: Fish]
    OBS: year=0 month=10 season=2 money=3119 credit=143029 people=29 busy=3 free=26 home_places=110 need_workers=19 tax_due=0 main_tax_due=0 tax_amount=8062 main_tax_amount=0 days_alive=218 stage=0 res0=0 res1=400 res2=0 res3=0 res4=0 res5=0 res6=0 res7=0 res8=0 Farm=2 Garden=1 Road=7 House=1 Hothouse=2 Puerperal=1 | nw=1443686.8489
  s=  202 a= 11(BUILD:Goldmine) r= -0.9664 cum=   -107.21 v= +0.1391 top5=[a12=0.035, a32=0.029, a14=0.028, a39=0.027, a33=0.027] [BUILD: Goldmine]
    OBS: year=0 month=10 season=2 money=3119 credit=143315 people=29 busy=3 free=26 home_places=110 need_workers=19 tax_due=0 main_tax_due=0 tax_amount=8062 main_tax_amount=0 days_alive=219 stage=0 res0=0 res1=400 res2=0 res3=0 res4=0 res5=0 res6=0 res7=0 res8=0 Farm=2 Garden=1 Road=7 House=1 Hothouse=2 Puerperal=1 | nw=1443373.0348
  s=  203 a=  1(WEEK) r= -2.2396 cum=   -109.45 v= +0.1415 top5=[a12=0.035, a32=0.029, a14=0.028, a39=0.027, a33=0.027]
    OBS: year=0 month=10 season=2 money=3119 credit=144751 people=30 busy=3 free=27 home_places=110 need_workers=19 tax_due=0 main_tax_due=0 tax_amount=8062 main_tax_amount=0 days_alive=224 stage=0 res0=0 res1=400 res2=0 res3=0 res4=0 res5=0 res6=0 res7=0 res8=0 Farm=2 Garden=1 Road=7 House=1 Hothouse=2 Puerperal=1 | nw=1441815.2724
  s=  204 a= 37(MANAGER:3) r= -5.9315 cum=   -115.38 v= +0.1514 top5=[a12=0.035, a14=0.029, a32=0.028, a39=0.028, a41=0.027]
    OBS: year=0 month=10 season=2 money=4778 credit=145040 people=30 busy=3 free=27 home_places=110 need_workers=15 tax_due=0 main_tax_due=0 tax_amount=7642 main_tax_amount=0 days_alive=225 stage=0 res0=0 res1=400 res2=0 res3=0 res4=0 res5=0 res6=0 res7=0 res8=0 Farm=2 Garden=1 Road=7 House=1 Hothouse=1 Puerperal=1 | nw=1426768.5416
  s=  205 a= 39(MANAGER:5) r= +1.3947 cum=   -113.99 v= +0.0949 top5=[a39=0.031, a12=0.029, a33=0.028, a27=0.028, a15=0.027]
    OBS: year=0 month=10 season=2 money=4778 credit=145330 people=30 busy=3 free=27 home_places=110 need_workers=19 tax_due=0 main_tax_due=0 tax_amount=7642 main_tax_amount=0 days_alive=226 stage=0 res0=0 res1=400 res2=0 res3=0 res4=0 res5=0 res6=0 res7=0 res8=0 Farm=2 Garden=1 Road=7 House=1 Hothouse=1 Puerperal=1 | nw=1426456.0119
  s=  206 a= 42(MANAGER:8) r= -0.9721 cum=   -114.96 v= +0.1371 top5=[a12=0.035, a14=0.028, a41=0.028, a33=0.028, a39=0.028]
    OBS: year=0 month=10 season=2 money=4778 credit=145620 people=30 busy=3 free=27 home_places=110 need_workers=19 tax_due=0 main_tax_due=0 tax_amount=7642 main_tax_amount=0 days_alive=227 stage=0 res0=0 res1=400 res2=0 res3=0 res4=0 res5=0 res6=0 res7=0 res8=0 Farm=2 Garden=1 Road=7 House=1 Hothouse=1 Puerperal=1 | nw=1426137.9585
  s=  207 a=  1(WEEK) r= -0.4056 cum=   -115.37 v= +0.1363 top5=[a12=0.035, a14=0.028, a39=0.028, a33=0.028, a41=0.028]
    OBS: year=0 month=10 season=2 money=4778 credit=146202 people=31 busy=3 free=28 home_places=110 need_workers=19 tax_due=0 main_tax_due=0 tax_amount=7642 main_tax_amount=0 days_alive=229 stage=0 res0=0 res1=400 res2=0 res3=0 res4=0 res5=0 res6=0 res7=0 res8=0 Farm=2 Garden=1 Road=7 House=1 Hothouse=1 Puerperal=1 | nw=1425513.4333
  s=  208 a=  1(WEEK) r= -5.9111 cum=   -121.28 v= +0.1339 top5=[a12=0.035, a14=0.029, a39=0.028, a41=0.028, a33=0.028]
    OBS: year=0 month=10 season=2 money=4778 credit=148257 people=31 busy=3 free=28 home_places=110 need_workers=19 tax_due=0 main_tax_due=0 tax_amount=7642 main_tax_amount=0 days_alive=236 stage=0 res0=0 res1=400 res2=0 res3=0 res4=0 res5=0 res6=0 res7=0 res8=0 Farm=2 Garden=1 Road=7 House=1 Hothouse=1 Puerperal=1 | nw=1423308.5854
  s=  209 a= 21(BUILD:BigFarm) r= -0.9754 cum=   -122.25 v= +0.1368 top5=[a12=0.036, a39=0.029, a14=0.029, a38=0.028, a33=0.028] [BUILD: BigFarm]
    OBS: year=0 month=10 season=2 money=4778 credit=148553 people=31 busy=3 free=28 home_places=110 need_workers=19 tax_due=0 main_tax_due=0 tax_amount=7642 main_tax_amount=0 days_alive=237 stage=0 res0=0 res1=400 res2=0 res3=0 res4=0 res5=0 res6=0 res7=0 res8=0 Farm=2 Garden=1 Road=7 House=1 Hothouse=1 Puerperal=1 | nw=1422994.8512
  s=  210 a=  1(WEEK) r= -4.1878 cum=   -126.44 v= +0.1360 top5=[a12=0.037, a39=0.029, a14=0.029, a38=0.029, a33=0.028]
    OBS: year=0 month=10 season=2 money=4778 credit=150642 people=31 busy=3 free=28 home_places=110 need_workers=19 tax_due=0 main_tax_due=0 tax_amount=7642 main_tax_amount=0 days_alive=244 stage=0 res0=0 res1=400 res2=0 res3=0 res4=0 res5=0 res6=0 res7=0 res8=0 Farm=2 Garden=1 Road=7 House=1 Hothouse=1 Puerperal=1 | nw=1420758.6180
  s=  211 a= 28(BUILD:BigRefinary) r= -0.9869 cum=   -127.43 v= +0.1352 top5=[a12=0.038, a39=0.030, a38=0.030, a14=0.029, a33=0.028] [BUILD: BigRefinary]
    OBS: year=0 month=11 season=2 money=4778 credit=150943 people=31 busy=3 free=28 home_places=110 need_workers=19 tax_due=0 main_tax_due=0 tax_amount=7642 main_tax_amount=0 days_alive=245 stage=0 res0=0 res1=400 res2=0 res3=0 res4=0 res5=0 res6=0 res7=0 res8=0 Farm=2 Garden=1 Road=7 House=1 Hothouse=1 Puerperal=1 | nw=1420435.7235
  s=  212 a= 20(BUILD:BigHouse) r= -0.9863 cum=   -128.41 v= +0.1259 top5=[a12=0.031, a14=0.028, a41=0.028, a33=0.027, a39=0.027] [BUILD: BigHouse]
    OBS: year=0 month=11 season=2 money=4778 credit=151244 people=31 busy=3 free=28 home_places=110 need_workers=19 tax_due=0 main_tax_due=0 tax_amount=7642 main_tax_amount=0 days_alive=246 stage=0 res0=0 res1=400 res2=0 res3=0 res4=0 res5=0 res6=0 res7=0 res8=0 Farm=2 Garden=1 Road=7 House=1 Hothouse=1 Puerperal=1 | nw=1420116.2312
  s=  213 a=  7(BUILD:Sawmill) r= -0.9893 cum=   -129.40 v= +0.1248 top5=[a12=0.031, a14=0.028, a41=0.028, a33=0.027, a39=0.027] [BUILD: Sawmill]
    OBS: year=0 month=11 season=2 money=4778 credit=151546 people=31 busy=3 free=28 home_places=110 need_workers=19 tax_due=0 main_tax_due=0 tax_amount=7642 main_tax_amount=0 days_alive=247 stage=0 res0=0 res1=400 res2=0 res3=0 res4=0 res5=0 res6=0 res7=0 res8=0 Farm=2 Garden=1 Road=7 House=1 Hothouse=1 Puerperal=1 | nw=1419794.0377
  s=  214 a=  1(WEEK) r= -5.8918 cum=   -135.29 v= +0.1235 top5=[a12=0.031, a14=0.029, a41=0.028, a33=0.028, a39=0.027]
    OBS: year=0 month=11 season=2 money=4778 credit=153677 people=31 busy=3 free=28 home_places=110 need_workers=19 tax_due=0 main_tax_due=0 tax_amount=7642 main_tax_amount=0 days_alive=254 stage=0 res0=0 res1=400 res2=0 res3=0 res4=0 res5=0 res6=0 res7=0 res8=0 Farm=2 Garden=1 Road=7 House=1 Hothouse=1 Puerperal=1 | nw=1417512.1641
  s=  215 a=  1(WEEK) r= -4.3173 cum=   -139.61 v= +0.1193 top5=[a12=0.033, a14=0.029, a41=0.028, a39=0.028, a33=0.028]
    OBS: year=0 month=11 season=2 money=4778 credit=155838 people=31 busy=3 free=28 home_places=110 need_workers=19 tax_due=0 main_tax_due=0 tax_amount=7642 main_tax_amount=0 days_alive=261 stage=0 res0=0 res1=400 res2=0 res3=0 res4=0 res5=0 res6=0 res7=0 res8=0 Farm=2 Garden=1 Road=7 House=1 Hothouse=1 Puerperal=1 | nw=1415210.9756
  s=  216 a= 24(BUILD:Hothouse) r= -1.0023 cum=   -140.61 v= +0.1255 top5=[a12=0.035, a14=0.029, a39=0.028, a41=0.028, a33=0.028] [BUILD FAILED: Hothouse money=4778 free=28]
    OBS: year=0 month=11 season=2 money=4778 credit=156149 people=31 busy=3 free=28 home_places=110 need_workers=19 tax_due=0 main_tax_due=0 tax_amount=7642 main_tax_amount=0 days_alive=262 stage=0 res0=0 res1=400 res2=0 res3=0 res4=0 res5=0 res6=0 res7=0 res8=0 Farm=2 Garden=1 Road=7 House=1 Hothouse=1 Puerperal=1 | nw=1414881.4833
  s=  217 a= 21(BUILD:BigFarm) r= -1.0061 cum=   -141.62 v= +0.1261 top5=[a12=0.035, a14=0.029, a39=0.028, a41=0.028, a33=0.028] [BUILD FAILED: BigFarm money=4778 free=28]
    OBS: year=0 month=11 season=2 money=4778 credit=156461 people=31 busy=3 free=28 home_places=110 need_workers=19 tax_due=0 main_tax_due=0 tax_amount=7642 main_tax_amount=0 days_alive=263 stage=0 res0=0 res1=400 res2=0 res3=0 res4=0 res5=0 res6=0 res7=0 res8=0 Farm=2 Garden=1 Road=7 House=1 Hothouse=1 Puerperal=1 | nw=1414548.0261
  s=  218 a= 20(BUILD:BigHouse) r= -1.0098 cum=   -142.63 v= +0.1268 top5=[a12=0.036, a14=0.029, a39=0.028, a41=0.028, a33=0.028] [BUILD FAILED: BigHouse money=4778 free=28]
    OBS: year=0 month=11 season=2 money=4778 credit=156773 people=31 busy=3 free=28 home_places=110 need_workers=19 tax_due=0 main_tax_due=0 tax_amount=7642 main_tax_amount=0 days_alive=264 stage=0 res0=0 res1=400 res2=0 res3=0 res4=0 res5=0 res6=0 res7=0 res8=0 Farm=2 Garden=1 Road=7 House=1 Hothouse=1 Puerperal=1 | nw=1414210.5482
  s=  219 a= 37(MANAGER:3) r= -5.8695 cum=   -148.50 v= +0.1277 top5=[a12=0.036, a14=0.029, a39=0.029, a41=0.028, a38=0.028]
    OBS: year=0 month=11 season=2 money=6437 credit=157086 people=31 busy=3 free=28 home_places=110 need_workers=15 tax_due=0 main_tax_due=0 tax_amount=7222 main_tax_amount=0 days_alive=265 stage=0 res0=0 res1=400 res2=0 res3=0 res4=0 res5=0 res6=0 res7=0 res8=0 Farm=2 Garden=1 Road=7 House=1 Puerperal=1 | nw=1399309.0466
  s=  220 a=  7(BUILD:Sawmill) r= -1.0043 cum=   -149.50 v= +0.1757 top5=[a39=0.033, a33=0.030, a41=0.029, a27=0.028, a12=0.028] [BUILD FAILED: Sawmill money=6437 free=28]
    OBS: year=0 month=11 season=2 money=6437 credit=157400 people=31 busy=3 free=28 home_places=110 need_workers=15 tax_due=0 main_tax_due=0 tax_amount=7222 main_tax_amount=0 days_alive=266 stage=0 res0=0 res1=400 res2=0 res3=0 res4=0 res5=0 res6=0 res7=0 res8=0 Farm=2 Garden=1 Road=7 House=1 Puerperal=1 | nw=1398978.6513
  s=  221 a=  9(BUILD:Ironmine) r= -1.0057 cum=   -150.51 v= +0.1743 top5=[a39=0.033, a33=0.030, a41=0.029, a12=0.028, a27=0.028] [BUILD FAILED: Ironmine money=6437 free=28]
    OBS: year=0 month=11 season=2 money=6437 credit=157714 people=31 busy=3 free=28 home_places=110 need_workers=15 tax_due=0 main_tax_due=0 tax_amount=7222 main_tax_amount=0 days_alive=267 stage=0 res0=0 res1=400 res2=0 res3=0 res4=0 res5=0 res6=0 res7=0 res8=0 Farm=2 Garden=1 Road=7 House=1 Puerperal=1 | nw=1398648.2560
  s=  222 a=  2(BUILD:WaterChannel) r= -1.0080 cum=   -151.52 v= +0.1740 top5=[a39=0.033, a33=0.030, a41=0.029, a12=0.028, a27=0.028] [BUILD FAILED: WaterChannel money=6437 free=28]
    OBS: year=0 month=11 season=2 money=6437 credit=158029 people=31 busy=3 free=28 home_places=110 need_workers=15 tax_due=0 main_tax_due=0 tax_amount=7222 main_tax_amount=0 days_alive=268 stage=0 res0=0 res1=400 res2=0 res3=0 res4=0 res5=0 res6=0 res7=0 res8=0 Farm=2 Garden=1 Road=7 House=1 Puerperal=1 | nw=1398316.4233
  s=  223 a= 18(BUILD:CowFarm) r= -1.0097 cum=   -152.53 v= +0.1738 top5=[a39=0.034, a33=0.030, a41=0.029, a12=0.028, a27=0.028] [BUILD FAILED: CowFarm money=6437 free=28]
    OBS: year=0 month=11 season=2 money=6437 credit=158345 people=31 busy=3 free=28 home_places=110 need_workers=15 tax_due=0 main_tax_due=0 tax_amount=7222 main_tax_amount=0 days_alive=269 stage=0 res0=0 res1=400 res2=0 res3=0 res4=0 res5=0 res6=0 res7=0 res8=0 Farm=2 Garden=1 Road=7 House=1 Puerperal=1 | nw=1397984.0280
  s=  224 a= 29(BUILD:Puerperal) r= -1.0122 cum=   -153.54 v= +0.1738 top5=[a39=0.034, a33=0.031, a41=0.029, a12=0.029, a27=0.028] [BUILD FAILED: Puerperal money=6437 free=28]
    OBS: year=0 month=11 season=2 money=6437 credit=158661 people=31 busy=3 free=28 home_places=110 need_workers=15 tax_due=0 main_tax_due=0 tax_amount=7222 main_tax_amount=0 days_alive=270 stage=0 res0=0 res1=400 res2=0 res3=0 res4=0 res5=0 res6=0 res7=0 res8=0 Farm=2 Garden=1 Road=7 House=1 Puerperal=1 | nw=1397649.9316
  s=  225 a= 34(MANAGER:0) r= -0.4269 cum=   -153.97 v= +0.1740 top5=[a39=0.034, a33=0.031, a12=0.029, a41=0.029, a27=0.028]
    OBS: year=0 month=11 season=2 money=6437 credit=158978 people=32 busy=3 free=29 home_places=110 need_workers=15 tax_due=0 main_tax_due=0 tax_amount=7222 main_tax_amount=0 days_alive=271 stage=0 res0=0 res1=400 res2=0 res3=0 res4=0 res5=0 res6=0 res7=0 res8=0 Farm=2 Garden=1 Road=7 House=1 Puerperal=1 | nw=1397316.5363
  s=  226 a= 25(BUILD:SuperHouse) r= -1.0136 cum=   -154.98 v= +0.1657 top5=[a39=0.034, a33=0.030, a12=0.029, a41=0.028, a27=0.027] [BUILD FAILED: SuperHouse money=6437 free=29]
    OBS: year=0 month=11 season=2 money=6437 credit=159295 people=32 busy=3 free=29 home_places=110 need_workers=15 tax_due=0 main_tax_due=0 tax_amount=7222 main_tax_amount=0 days_alive=272 stage=0 res0=0 res1=400 res2=0 res3=0 res4=0 res5=0 res6=0 res7=0 res8=0 Farm=2 Garden=1 Road=7 House=1 Puerperal=1 | nw=1396984.8420
  s=  227 a= 41(MANAGER:7) r= -1.0166 cum=   -156.00 v= +0.1648 top5=[a39=0.034, a33=0.030, a12=0.029, a41=0.028, a38=0.028]
    OBS: year=0 month=11 season=2 money=6437 credit=159613 people=32 busy=3 free=29 home_places=110 need_workers=15 tax_due=0 main_tax_due=0 tax_amount=7222 main_tax_amount=0 days_alive=273 stage=0 res0=0 res1=400 res2=0 res3=0 res4=0 res5=0 res6=0 res7=0 res8=0 Farm=2 Garden=1 Road=7 House=1 Puerperal=1 | nw=1396650.4467
  s=  228 a= 37(MANAGER:3) r= -5.8707 cum=   -161.87 v= +0.1642 top5=[a39=0.035, a33=0.030, a12=0.030, a41=0.028, a38=0.028]
    OBS: year=0 month=11 season=2 money=10147 credit=159932 people=32 busy=0 free=32 home_places=110 need_workers=12 tax_due=0 main_tax_due=0 tax_amount=6802 main_tax_amount=0 days_alive=274 stage=0 res0=0 res1=400 res2=0 res3=0 res4=0 res5=0 res6=0 res7=0 res8=0 Farm=2 Garden=1 Road=7 House=1 | nw=1363703.2533
  s=  229 a=  3(BUILD:Farm) r= +1.2335 cum=   -160.63 v= +0.1525 top5=[a39=0.034, a33=0.030, a38=0.030, a27=0.030, a12=0.029] [BUILD: Farm]
    OBS: year=0 month=12 season=3 money=2507 credit=160251 people=32 busy=0 free=32 home_places=110 need_workers=0 tax_due=0 main_tax_due=0 tax_amount=7222 main_tax_amount=0 days_alive=275 stage=0 res0=0 res1=400 res2=0 res3=0 res4=0 res5=0 res6=0 res7=0 res8=0 Farm=2 Garden=2 Road=7 House=1 | nw=1363374.9676
  s=  230 a= 25(BUILD:SuperHouse) r= -1.0126 cum=   -161.65 v= +0.3003 top5=[a14=0.039, a38=0.032, a25=0.032, a29=0.032, a39=0.029] [BUILD FAILED: SuperHouse money=2507 free=32]
    OBS: year=0 month=12 season=3 money=2507 credit=160571 people=32 busy=0 free=32 home_places=110 need_workers=0 tax_due=0 main_tax_due=0 tax_amount=7222 main_tax_amount=0 days_alive=276 stage=0 res0=0 res1=400 res2=0 res3=0 res4=0 res5=0 res6=0 res7=0 res8=0 Farm=2 Garden=2 Road=7 House=1 | nw=1363046.2175
  s=  231 a= 31(BUILD:AirStation) r= -1.0166 cum=   -162.66 v= +0.1423 top5=[a14=0.034, a38=0.033, a29=0.033, a19=0.028, a43=0.028] [BUILD FAILED: AirStation money=2507 free=32]
    OBS: year=0 month=12 season=3 money=2507 credit=160892 people=32 busy=0 free=32 home_places=110 need_workers=0 tax_due=0 main_tax_due=0 tax_amount=7222 main_tax_amount=0 days_alive=277 stage=0 res0=0 res1=400 res2=0 res3=0 res4=0 res5=0 res6=0 res7=0 res8=0 Farm=2 Garden=2 Road=7 House=1 | nw=1362713.0653
  s=  232 a= 14(BUILD:Road) r= -1.0163 cum=   -163.68 v= +0.1383 top5=[a14=0.034, a38=0.033, a29=0.033, a43=0.028, a19=0.028] [BUILD FAILED: Road money=2507 free=32]
    OBS: year=0 month=12 season=3 money=2507 credit=161213 people=32 busy=0 free=32 home_places=110 need_workers=0 tax_due=0 main_tax_due=0 tax_amount=7222 main_tax_amount=0 days_alive=278 stage=0 res0=0 res1=400 res2=0 res3=0 res4=0 res5=0 res6=0 res7=0 res8=0 Farm=2 Garden=2 Road=7 House=1 | nw=1362382.8780
  s=  233 a= 24(BUILD:Hothouse) r= -1.0181 cum=   -164.70 v= +0.1343 top5=[a14=0.034, a38=0.033, a29=0.033, a43=0.028, a19=0.028] [BUILD FAILED: Hothouse money=2507 free=32]
    OBS: year=0 month=12 season=3 money=2507 credit=161535 people=32 busy=0 free=32 home_places=110 need_workers=0 tax_due=0 main_tax_due=0 tax_amount=7222 main_tax_amount=0 days_alive=279 stage=0 res0=0 res1=400 res2=0 res3=0 res4=0 res5=0 res6=0 res7=0 res8=0 Farm=2 Garden=2 Road=7 House=1 | nw=1362052.1279
  s=  234 a= 43(MANAGER:9) r= -1.0207 cum=   -165.72 v= +0.1305 top5=[a14=0.034, a38=0.034, a29=0.033, a43=0.028, a12=0.028]
    OBS: year=0 month=12 season=3 money=2507 credit=161858 people=32 busy=0 free=32 home_places=110 need_workers=0 tax_due=0 main_tax_due=0 tax_amount=7222 main_tax_amount=0 days_alive=280 stage=0 res0=0 res1=400 res2=0 res3=0 res4=0 res5=0 res6=0 res7=0 res8=0 Farm=2 Garden=2 Road=7 House=1 | nw=1361719.4049
  s=  235 a= 40(MANAGER:6) r= -0.3075 cum=   -166.02 v= +0.1261 top5=[a14=0.034, a38=0.034, a29=0.032, a43=0.028, a12=0.028]
    OBS: year=0 month=12 season=3 money=2707 credit=162181 people=32 busy=0 free=32 home_places=110 need_workers=0 tax_due=0 main_tax_due=0 tax_amount=7226 main_tax_amount=0 days_alive=281 stage=0 res0=0 res1=200 res2=0 res3=0 res4=0 res5=0 res6=0 res7=0 res8=0 Farm=2 Garden=2 Road=7 House=1 | nw=1361385.9538
  s=  236 a= 32(BUILD:SmallAtomStation) r= -1.0255 cum=   -167.05 v= +0.1216 top5=[a14=0.034, a38=0.034, a29=0.032, a43=0.028, a12=0.028] [BUILD FAILED: SmallAtomStation money=2707 free=32]
    OBS: year=0 month=12 season=3 money=2707 credit=162505 people=32 busy=0 free=32 home_places=110 need_workers=0 tax_due=0 main_tax_due=0 tax_amount=7226 main_tax_amount=0 days_alive=282 stage=0 res0=0 res1=200 res2=0 res3=0 res4=0 res5=0 res6=0 res7=0 res8=0 Farm=2 Garden=2 Road=7 House=1 | nw=1361049.8015
  s=  237 a= 32(BUILD:SmallAtomStation) r= -1.0259 cum=   -168.08 v= +0.1179 top5=[a14=0.035, a38=0.034, a29=0.032, a12=0.028, a43=0.028] [BUILD FAILED: SmallAtomStation money=2707 free=32]
    OBS: year=0 month=12 season=3 money=2707 credit=162830 people=32 busy=0 free=32 home_places=110 need_workers=0 tax_due=0 main_tax_due=0 tax_amount=7226 main_tax_amount=0 days_alive=283 stage=0 res0=0 res1=200 res2=0 res3=0 res4=0 res5=0 res6=0 res7=0 res8=0 Farm=2 Garden=2 Road=7 House=1 | nw=1360715.5158
  s=  238 a= 41(MANAGER:7) r= -0.5584 cum=   -168.63 v= +0.1146 top5=[a14=0.035, a38=0.034, a29=0.032, a12=0.028, a24=0.028]
    OBS: year=0 month=12 season=3 money=2307 credit=163155 people=32 busy=0 free=32 home_places=110 need_workers=0 tax_due=0 main_tax_due=0 tax_amount=7230 main_tax_amount=0 days_alive=284 stage=0 res0=0 res1=400 res2=0 res3=0 res4=0 res5=0 res6=0 res7=0 res8=0 Farm=2 Garden=2 Road=7 House=1 | nw=1360180.0647
  s=  239 a=  7(BUILD:Sawmill) r= -1.0293 cum=   -169.66 v= +0.1109 top5=[a14=0.035, a38=0.035, a29=0.032, a24=0.028, a12=0.028] [BUILD FAILED: Sawmill money=2307 free=32]
    OBS: year=0 month=12 season=3 money=2307 credit=163481 people=32 busy=0 free=32 home_places=110 need_workers=0 tax_due=0 main_tax_due=0 tax_amount=7230 main_tax_amount=0 days_alive=285 stage=0 res0=0 res1=400 res2=0 res3=0 res4=0 res5=0 res6=0 res7=0 res8=0 Farm=2 Garden=2 Road=7 House=1 | nw=1359844.7790
  s=  240 a= 41(MANAGER:7) r= -1.0320 cum=   -170.70 v= +0.1068 top5=[a38=0.035, a14=0.035, a29=0.032, a24=0.029, a12=0.028]
    OBS: year=0 month=12 season=3 money=2307 credit=163807 people=32 busy=0 free=32 home_places=110 need_workers=0 tax_due=0 main_tax_due=0 tax_amount=7230 main_tax_amount=0 days_alive=286 stage=0 res0=0 res1=400 res2=0 res3=0 res4=0 res5=0 res6=0 res7=0 res8=0 Farm=2 Garden=2 Road=7 House=1 | nw=1359507.3549
  s=  241 a= 37(MANAGER:3) r= -5.8786 cum=   -176.57 v= +0.1029 top5=[a38=0.035, a14=0.035, a29=0.032, a24=0.029, a12=0.028]
    OBS: year=0 month=12 season=3 money=4288 credit=164134 people=32 busy=0 free=32 home_places=110 need_workers=0 tax_due=0 main_tax_due=0 tax_amount=6810 main_tax_amount=0 days_alive=287 stage=0 res0=0 res1=400 res2=0 res3=0 res4=0 res5=0 res6=0 res7=0 res8=0 Farm=1 Garden=2 Road=7 House=1 | nw=1341731.0151
  s=  242 a= 11(BUILD:Goldmine) r= -1.0286 cum=   -177.60 v= +0.0967 top5=[a38=0.035, a14=0.033, a29=0.033, a12=0.029, a24=0.028] [BUILD FAILED: Goldmine money=4288 free=32]
    OBS: year=0 month=12 season=3 money=4288 credit=164462 people=32 busy=0 free=32 home_places=110 need_workers=0 tax_due=0 main_tax_due=0 tax_amount=6810 main_tax_amount=0 days_alive=288 stage=0 res0=0 res1=400 res2=0 res3=0 res4=0 res5=0 res6=0 res7=0 res8=0 Farm=1 Garden=2 Road=7 House=1 | nw=1341397.2299
  s=  243 a=  3(BUILD:Farm) r= -1.0301 cum=   -178.63 v= +0.0938 top5=[a38=0.036, a14=0.034, a29=0.033, a12=0.029, a24=0.029] [BUILD FAILED: Farm money=4288 free=32]
    OBS: year=0 month=12 season=3 money=4288 credit=164790 people=32 busy=0 free=32 home_places=110 need_workers=0 tax_due=0 main_tax_due=0 tax_amount=6810 main_tax_amount=0 days_alive=289 stage=0 res0=0 res1=400 res2=0 res3=0 res4=0 res5=0 res6=0 res7=0 res8=0 Farm=1 Garden=2 Road=7 House=1 | nw=1341063.4447
  s=  244 a= 35(MANAGER:1) r= -0.3501 cum=   -178.98 v= +0.0905 top5=[a38=0.036, a14=0.034, a29=0.033, a12=0.029, a24=0.029]
    OBS: year=0 month=12 season=3 money=4055 credit=165119 people=32 busy=0 free=32 home_places=110 need_workers=0 tax_due=0 main_tax_due=0 tax_amount=6810 main_tax_amount=0 days_alive=290 stage=0 res0=0 res1=400 res2=0 res3=0 res4=0 res5=0 res6=0 res7=0 res8=0 Farm=1 Garden=2 Road=7 House=1 | nw=1340891.9091
  s=  245 a= 32(BUILD:SmallAtomStation) r= -1.0338 cum=   -180.02 v= +0.0871 top5=[a38=0.036, a14=0.034, a29=0.032, a12=0.029, a24=0.029] [BUILD FAILED: SmallAtomStation money=4055 free=32]
    OBS: year=0 month=12 season=3 money=4055 credit=165449 people=32 busy=0 free=32 home_places=110 need_workers=0 tax_due=0 main_tax_due=0 tax_amount=6810 main_tax_amount=0 days_alive=291 stage=0 res0=0 res1=400 res2=0 res3=0 res4=0 res5=0 res6=0 res7=0 res8=0 Farm=1 Garden=2 Road=7 House=1 | nw=1340556.5612
  s=  246 a= 15(BUILD:Fish) r= -1.0356 cum=   -181.05 v= +0.0830 top5=[a38=0.036, a14=0.034, a29=0.032, a24=0.029, a12=0.029] [BUILD FAILED: Fish money=4055 free=32]
    OBS: year=0 month=12 season=3 money=4055 credit=165779 people=32 busy=0 free=32 home_places=110 need_workers=0 tax_due=0 main_tax_due=0 tax_amount=6810 main_tax_amount=0 days_alive=292 stage=0 res0=0 res1=400 res2=0 res3=0 res4=0 res5=0 res6=0 res7=0 res8=0 Farm=1 Garden=2 Road=7 House=1 | nw=1340220.6776
  s=  247 a= 16(BUILD:CoalCut) r= -1.0374 cum=   -182.09 v= +0.0783 top5=[a38=0.036, a14=0.034, a29=0.032, a24=0.030, a12=0.029] [BUILD FAILED: CoalCut money=4055 free=32]
    OBS: year=0 month=12 season=3 money=4055 credit=166110 people=32 busy=0 free=32 home_places=110 need_workers=0 tax_due=0 main_tax_due=0 tax_amount=6810 main_tax_amount=0 days_alive=293 stage=0 res0=0 res1=400 res2=0 res3=0 res4=0 res5=0 res6=0 res7=0 res8=0 Farm=1 Garden=2 Road=7 House=1 | nw=1339884.3297
  s=  248 a= 18(BUILD:CowFarm) r= -1.0397 cum=   -183.13 v= +0.0733 top5=[a38=0.036, a14=0.034, a29=0.032, a24=0.030, a12=0.030] [BUILD FAILED: CowFarm money=4055 free=32]
    OBS: year=0 month=12 season=3 money=4055 credit=166442 people=32 busy=0 free=32 home_places=110 need_workers=0 tax_due=0 main_tax_due=0 tax_amount=6810 main_tax_amount=0 days_alive=294 stage=0 res0=0 res1=400 res2=0 res3=0 res4=0 res5=0 res6=0 res7=0 res8=0 Farm=1 Garden=2 Road=7 House=1 | nw=1339546.5445
  s=  249 a= 43(MANAGER:9) r= -1.0417 cum=   -184.17 v= +0.0443 top5=[a38=0.037, a14=0.036, a29=0.032, a24=0.031, a12=0.030]
    OBS: year=0 month=12 season=3 money=4055 credit=166774 people=32 busy=0 free=32 home_places=110 need_workers=0 tax_due=0 main_tax_due=0 tax_amount=6810 main_tax_amount=0 days_alive=295 stage=0 res0=0 res1=400 res2=0 res3=0 res4=0 res5=0 res6=0 res7=0 res8=0 Farm=1 Garden=2 Road=7 House=1 | nw=1339207.8847
  s=  250 a= 20(BUILD:BigHouse) r= -1.0435 cum=   -185.21 v= +0.0403 top5=[a38=0.037, a14=0.035, a29=0.032, a24=0.032, a12=0.030] [BUILD FAILED: BigHouse money=4055 free=32]
    OBS: year=0 month=12 season=3 money=4055 credit=167107 people=32 busy=0 free=32 home_places=110 need_workers=0 tax_due=0 main_tax_due=0 tax_amount=6810 main_tax_amount=0 days_alive=296 stage=0 res0=0 res1=400 res2=0 res3=0 res4=0 res5=0 res6=0 res7=0 res8=0 Farm=1 Garden=2 Road=7 House=1 | nw=1338868.6622
  s=  251 a= 20(BUILD:BigHouse) r= -1.0446 cum=   -186.26 v= +0.0350 top5=[a38=0.037, a14=0.035, a24=0.032, a29=0.032, a12=0.030] [BUILD FAILED: BigHouse money=4055 free=32]
    OBS: year=0 month=12 season=3 money=4055 credit=167441 people=32 busy=0 free=32 home_places=110 need_workers=0 tax_due=0 main_tax_due=0 tax_amount=6810 main_tax_amount=0 days_alive=297 stage=0 res0=0 res1=400 res2=0 res3=0 res4=0 res5=0 res6=0 res7=0 res8=0 Farm=1 Garden=2 Road=7 House=1 | nw=1338530.1408
  s=  252 a= 42(MANAGER:8) r= -1.0475 cum=   -187.31 v= +0.0297 top5=[a38=0.037, a14=0.035, a24=0.032, a29=0.032, a12=0.030]
    OBS: year=0 month=12 season=3 money=4055 credit=167775 people=32 busy=0 free=32 home_places=110 need_workers=0 tax_due=0 main_tax_due=0 tax_amount=6810 main_tax_amount=0 days_alive=298 stage=0 res0=0 res1=400 res2=0 res3=0 res4=0 res5=0 res6=0 res7=0 res8=0 Farm=1 Garden=2 Road=7 House=1 | nw=1338189.0918
  s=  253 a= 26(BUILD:BigSawmill) r= -1.0507 cum=   -188.36 v= +0.0241 top5=[a38=0.037, a14=0.036, a24=0.032, a29=0.031, a12=0.031] [BUILD FAILED: BigSawmill money=4055 free=32]
    OBS: year=0 month=12 season=3 money=4055 credit=168110 people=32 busy=0 free=32 home_places=110 need_workers=0 tax_due=0 main_tax_due=0 tax_amount=6810 main_tax_amount=0 days_alive=299 stage=0 res0=0 res1=400 res2=0 res3=0 res4=0 res5=0 res6=0 res7=0 res8=0 Farm=1 Garden=2 Road=7 House=1 | nw=1337845.1953
  s=  254 a= 34(MANAGER:0) r= +0.1270 cum=   -188.23 v= +0.0183 top5=[a38=0.037, a14=0.036, a24=0.033, a29=0.031, a12=0.031]
    OBS: year=0 month=12 season=3 money=4055 credit=168446 people=32 busy=0 free=32 home_places=110 need_workers=0 tax_due=0 main_tax_due=0 tax_amount=6810 main_tax_amount=0 days_alive=300 stage=0 res0=0 res1=400 res2=0 res3=0 res4=0 res5=0 res6=0 res7=0 res8=0 Farm=1 Garden=2 Road=7 House=1 | nw=1337502.9728
  s=  255 a= 21(BUILD:BigFarm) r= -1.0535 cum=   -189.28 v= +0.0125 top5=[a38=0.037, a14=0.036, a24=0.033, a29=0.031, a12=0.031] [BUILD FAILED: BigFarm money=4055 free=32]
    OBS: year=0 month=12 season=3 money=4055 credit=168782 people=32 busy=0 free=32 home_places=110 need_workers=0 tax_due=0 main_tax_due=0 tax_amount=6810 main_tax_amount=0 days_alive=301 stage=0 res0=0 res1=400 res2=0 res3=0 res4=0 res5=0 res6=0 res7=0 res8=0 Farm=1 Garden=2 Road=7 House=1 | nw=1337159.0493
  s=  256 a= 37(MANAGER:3) r= -5.8955 cum=   -195.18 v= +0.0063 top5=[a38=0.037, a14=0.036, a24=0.033, a29=0.031, a12=0.031]
    OBS: year=0 month=12 season=3 money=6036 credit=169119 people=32 busy=0 free=32 home_places=110 need_workers=0 tax_due=0 main_tax_due=0 tax_amount=6390 main_tax_amount=0 days_alive=302 stage=0 res0=0 res1=400 res2=0 res3=0 res4=0 res5=0 res6=0 res7=0 res8=0 Garden=2 Road=7 House=1 | nw=1319030.0193
  s=  257 a= 26(BUILD:BigSawmill) r= -1.0501 cum=   -196.23 v= -0.0072 top5=[a38=0.038, a14=0.036, a29=0.033, a24=0.033, a12=0.032] [BUILD FAILED: BigSawmill money=6036 free=32]
    OBS: year=0 month=12 season=3 money=6036 credit=169457 people=32 busy=0 free=32 home_places=110 need_workers=0 tax_due=0 main_tax_due=0 tax_amount=6390 main_tax_amount=0 days_alive=303 stage=0 res0=0 res1=400 res2=0 res3=0 res4=0 res5=0 res6=0 res7=0 res8=0 Garden=2 Road=7 House=1 | nw=1318689.6362
  s=  258 a=  7(BUILD:Sawmill) r= -1.0522 cum=   -197.28 v= -0.0129 top5=[a38=0.038, a14=0.036, a24=0.033, a29=0.033, a12=0.032] [BUILD FAILED: Sawmill money=6036 free=32]
    OBS: year=0 month=12 season=3 money=6036 credit=169795 people=32 busy=0 free=32 home_places=110 need_workers=0 tax_due=0 main_tax_due=0 tax_amount=6390 main_tax_amount=0 days_alive=304 stage=0 res0=0 res1=400 res2=0 res3=0 res4=0 res5=0 res6=0 res7=0 res8=0 Garden=2 Road=7 House=1 | nw=1318348.2802
  s=  259 a= 44(MANAGER:10) r= -0.1722 cum=   -197.45 v= -0.0187 top5=[a38=0.038, a14=0.036, a24=0.033, a29=0.033, a12=0.032]
    OBS: year=0 month=12 season=3 money=6036 credit=170134 people=32 busy=0 free=32 home_places=110 need_workers=0 tax_due=0 main_tax_due=0 tax_amount=6390 main_tax_amount=0 days_alive=305 stage=0 res0=0 res1=400 res2=0 res3=0 res4=0 res5=0 res6=0 res7=0 res8=0 Garden=2 Road=7 House=1 | nw=1318006.0226
  s=  260 a= 33(BUILD:AtomStation) r= -1.0562 cum=   -198.51 v= -0.0246 top5=[a38=0.038, a14=0.036, a24=0.033, a29=0.033, a12=0.032] [BUILD FAILED: AtomStation money=6036 free=32]
    OBS: year=1 month=1 season=3 money=6036 credit=170474 people=32 busy=0 free=32 home_places=110 need_workers=0 tax_due=0 main_tax_due=0 tax_amount=6390 main_tax_amount=0 days_alive=306 stage=0 res0=0 res1=400 res2=0 res3=0 res4=0 res5=0 res6=0 res7=0 res8=0 Garden=2 Road=7 House=1 | nw=1317662.6666
  s=  261 a=  8(BUILD:Coalmine) r= -1.0577 cum=   -199.57 v= +0.2140 top5=[a14=0.033, a38=0.032, a29=0.031, a32=0.029, a24=0.028] [BUILD FAILED: Coalmine money=6036 free=32]
    OBS: year=1 month=1 season=3 money=6036 credit=170814 people=32 busy=0 free=32 home_places=110 need_workers=0 tax_due=0 main_tax_due=0 tax_amount=6390 main_tax_amount=0 days_alive=307 stage=0 res0=0 res1=400 res2=0 res3=0 res4=0 res5=0 res6=0 res7=0 res8=0 Garden=2 Road=7 House=1 | nw=1317319.4090
  s=  262 a= 37(MANAGER:3) r= -1.0592 cum=   -200.63 v= +0.2123 top5=[a14=0.033, a38=0.032, a29=0.030, a32=0.029, a24=0.029]
    OBS: year=1 month=1 season=3 money=6036 credit=171155 people=32 busy=0 free=32 home_places=110 need_workers=0 tax_due=0 main_tax_due=0 tax_amount=6390 main_tax_amount=0 days_alive=308 stage=0 res0=0 res1=400 res2=0 res3=0 res4=0 res5=0 res6=0 res7=0 res8=0 Garden=2 Road=7 House=1 | nw=1316976.1242
  s=  263 a= 25(BUILD:SuperHouse) r= -1.0619 cum=   -201.69 v= +0.2102 top5=[a14=0.033, a38=0.033, a29=0.030, a24=0.029, a32=0.029] [BUILD FAILED: SuperHouse money=6036 free=32]
    OBS: year=1 month=1 season=3 money=6036 credit=171497 people=32 busy=0 free=32 home_places=110 need_workers=0 tax_due=0 main_tax_due=0 tax_amount=6390 main_tax_amount=0 days_alive=309 stage=0 res0=0 res1=400 res2=0 res3=0 res4=0 res5=0 res6=0 res7=0 res8=0 Garden=2 Road=7 House=1 | nw=1316630.7682
  s=  264 a=  7(BUILD:Sawmill) r= -1.0637 cum=   -202.75 v= +0.2077 top5=[a14=0.033, a38=0.033, a29=0.030, a24=0.029, a32=0.029] [BUILD FAILED: Sawmill money=6036 free=32]
    OBS: year=1 month=1 season=3 money=6036 credit=171839 people=32 busy=0 free=32 home_places=110 need_workers=0 tax_due=0 main_tax_due=0 tax_amount=6390 main_tax_amount=0 days_alive=310 stage=0 res0=0 res1=400 res2=0 res3=0 res4=0 res5=0 res6=0 res7=0 res8=0 Garden=2 Road=7 House=1 | nw=1316284.9750
  s=  265 a= 20(BUILD:BigHouse) r= -1.0652 cum=   -203.82 v= +0.2053 top5=[a38=0.033, a14=0.033, a29=0.030, a24=0.029, a32=0.028] [BUILD FAILED: BigHouse money=6036 free=32]
    OBS: year=1 month=1 season=3 money=6036 credit=172182 people=32 busy=0 free=32 home_places=110 need_workers=0 tax_due=0 main_tax_due=0 tax_amount=6390 main_tax_amount=0 days_alive=311 stage=0 res0=0 res1=400 res2=0 res3=0 res4=0 res5=0 res6=0 res7=0 res8=0 Garden=2 Road=7 House=1 | nw=1315939.1546
  s=  266 a= 37(MANAGER:3) r= -0.4775 cum=   -204.30 v= +0.2029 top5=[a38=0.033, a14=0.033, a29=0.030, a24=0.029, a32=0.028]
    OBS: year=1 month=1 season=3 money=6036 credit=172526 people=33 busy=0 free=33 home_places=110 need_workers=0 tax_due=0 main_tax_due=0 tax_amount=6390 main_tax_amount=0 days_alive=312 stage=0 res0=0 res1=400 res2=0 res3=0 res4=0 res5=0 res6=0 res7=0 res8=0 Garden=2 Road=7 House=1 | nw=1315592.3342
  s=  267 a= 35(MANAGER:1) r= -1.0697 cum=   -205.37 v= +0.1809 top5=[a38=0.034, a14=0.033, a29=0.030, a24=0.030, a32=0.028]
    OBS: year=1 month=1 season=3 money=6036 credit=172871 people=33 busy=0 free=33 home_places=110 need_workers=0 tax_due=0 main_tax_due=0 tax_amount=6390 main_tax_amount=0 days_alive=313 stage=0 res0=0 res1=400 res2=0 res3=0 res4=0 res5=0 res6=0 res7=0 res8=0 Garden=2 Road=7 House=1 | nw=1315243.9783
  s=  268 a= 29(BUILD:Puerperal) r= -1.0713 cum=   -206.44 v= +0.1779 top5=[a38=0.034, a14=0.033, a24=0.030, a29=0.030, a32=0.028] [BUILD FAILED: Puerperal money=6036 free=33]
    OBS: year=1 month=1 season=3 money=6036 credit=173216 people=33 busy=0 free=33 home_places=110 need_workers=0 tax_due=0 main_tax_due=0 tax_amount=6390 main_tax_amount=0 days_alive=314 stage=0 res0=0 res1=400 res2=0 res3=0 res4=0 res5=0 res6=0 res7=0 res8=0 Garden=2 Road=7 House=1 | nw=1314895.6223
  s=  269 a= 20(BUILD:BigHouse) r= -1.0731 cum=   -207.51 v= +0.1750 top5=[a38=0.034, a14=0.033, a24=0.030, a29=0.030, a5=0.028] [BUILD FAILED: BigHouse money=6036 free=33]
    OBS: year=1 month=1 season=3 money=6036 credit=173562 people=33 busy=0 free=33 home_places=110 need_workers=0 tax_due=0 main_tax_due=0 tax_amount=6390 main_tax_amount=0 days_alive=315 stage=0 res0=0 res1=400 res2=0 res3=0 res4=0 res5=0 res6=0 res7=0 res8=0 Garden=2 Road=7 House=1 | nw=1314546.8019
  s=  270 a= 24(BUILD:Hothouse) r= -1.0755 cum=   -208.59 v= +0.1720 top5=[a38=0.034, a14=0.033, a24=0.030, a29=0.029, a5=0.028] [BUILD FAILED: Hothouse money=6036 free=33]
    OBS: year=1 month=1 season=3 money=6036 credit=173909 people=33 busy=0 free=33 home_places=110 need_workers=0 tax_due=0 main_tax_due=0 tax_amount=6390 main_tax_amount=0 days_alive=316 stage=0 res0=0 res1=400 res2=0 res3=0 res4=0 res5=0 res6=0 res7=0 res8=0 Garden=2 Road=7 House=1 | nw=1314196.5443
  s=  271 a= 20(BUILD:BigHouse) r= -1.0770 cum=   -209.66 v= +0.1690 top5=[a38=0.034, a14=0.033, a24=0.030, a29=0.029, a5=0.028] [BUILD FAILED: BigHouse money=6036 free=33]
    OBS: year=1 month=1 season=3 money=6036 credit=174256 people=33 busy=0 free=33 home_places=110 need_workers=0 tax_due=0 main_tax_due=0 tax_amount=6390 main_tax_amount=0 days_alive=317 stage=0 res0=0 res1=400 res2=0 res3=0 res4=0 res5=0 res6=0 res7=0 res8=0 Garden=2 Road=7 House=1 | nw=1313846.2866
  s=  272 a= 28(BUILD:BigRefinary) r= -1.0791 cum=   -210.74 v= +0.1661 top5=[a38=0.034, a14=0.033, a24=0.031, a29=0.029, a12=0.028] [BUILD FAILED: BigRefinary money=6036 free=33]
    OBS: year=1 month=1 season=3 money=6036 credit=174604 people=33 busy=0 free=33 home_places=110 need_workers=0 tax_due=0 main_tax_due=0 tax_amount=6390 main_tax_amount=0 days_alive=318 stage=0 res0=0 res1=400 res2=0 res3=0 res4=0 res5=0 res6=0 res7=0 res8=0 Garden=2 Road=7 House=1 | nw=1313495.0290
  s=  273 a= 43(MANAGER:9) r= -1.0812 cum=   -211.82 v= +0.1635 top5=[a38=0.034, a14=0.033, a24=0.031, a29=0.029, a12=0.028]
    OBS: year=1 month=1 season=3 money=6036 credit=174953 people=33 busy=0 free=33 home_places=110 need_workers=0 tax_due=0 main_tax_due=0 tax_amount=6390 main_tax_amount=0 days_alive=319 stage=0 res0=0 res1=400 res2=0 res3=0 res4=0 res5=0 res6=0 res7=0 res8=0 Garden=2 Road=7 House=1 | nw=1313142.7714
  s=  274 a=  4(BUILD:Garden) r= -1.0823 cum=   -212.90 v= +0.1605 top5=[a38=0.034, a14=0.033, a24=0.031, a29=0.029, a12=0.028] [BUILD FAILED: Garden money=6036 free=33]
    OBS: year=1 month=1 season=3 money=6036 credit=175302 people=33 busy=0 free=33 home_places=110 need_workers=0 tax_due=0 main_tax_due=0 tax_amount=6390 main_tax_amount=0 days_alive=320 stage=0 res0=0 res1=400 res2=0 res3=0 res4=0 res5=0 res6=0 res7=0 res8=0 Garden=2 Road=7 House=1 | nw=1312791.3883
  s=  275 a=  0(DAY) r= -0.4923 cum=   -213.40 v= +0.1566 top5=[a38=0.034, a14=0.033, a24=0.031, a29=0.029, a12=0.028]
    OBS: year=1 month=1 season=3 money=6036 credit=175652 people=33 busy=0 free=33 home_places=110 need_workers=0 tax_due=0 main_tax_due=0 tax_amount=6390 main_tax_amount=0 days_alive=321 stage=0 res0=0 res1=400 res2=0 res3=0 res4=0 res5=0 res6=0 res7=0 res8=0 Garden=2 Road=7 House=1 | nw=1312438.5679
  s=  276 a= 32(BUILD:SmallAtomStation) r= -1.0871 cum=   -214.48 v= +0.1529 top5=[a38=0.034, a14=0.033, a24=0.031, a29=0.028, a12=0.028] [BUILD FAILED: SmallAtomStation money=6036 free=33]
    OBS: year=1 month=1 season=3 money=6036 credit=176003 people=33 busy=0 free=33 home_places=110 need_workers=0 tax_due=0 main_tax_due=0 tax_amount=6390 main_tax_amount=0 days_alive=322 stage=0 res0=0 res1=400 res2=0 res3=0 res4=0 res5=0 res6=0 res7=0 res8=0 Garden=2 Road=7 House=1 | nw=1312084.2119
  s=  277 a=  7(BUILD:Sawmill) r= -1.0892 cum=   -215.57 v= +0.1493 top5=[a38=0.034, a14=0.033, a24=0.031, a12=0.028, a29=0.028] [BUILD FAILED: Sawmill money=6036 free=33]
    OBS: year=1 month=1 season=3 money=6036 credit=176355 people=33 busy=0 free=33 home_places=110 need_workers=0 tax_due=0 main_tax_due=0 tax_amount=6390 main_tax_amount=0 days_alive=323 stage=0 res0=0 res1=400 res2=0 res3=0 res4=0 res5=0 res6=0 res7=0 res8=0 Garden=2 Road=7 House=1 | nw=1311728.9543
  s=  278 a= 26(BUILD:BigSawmill) r= -1.0913 cum=   -216.66 v= +0.1456 top5=[a38=0.034, a14=0.033, a24=0.031, a12=0.028, a29=0.028] [BUILD FAILED: BigSawmill money=6036 free=33]
    OBS: year=1 month=1 season=3 money=6036 credit=176707 people=33 busy=0 free=33 home_places=110 need_workers=0 tax_due=0 main_tax_due=0 tax_amount=6390 main_tax_amount=0 days_alive=324 stage=0 res0=0 res1=400 res2=0 res3=0 res4=0 res5=0 res6=0 res7=0 res8=0 Garden=2 Road=7 House=1 | nw=1311372.7237
  s=  279 a= 16(BUILD:CoalCut) r= -1.0934 cum=   -217.76 v= +0.1418 top5=[a38=0.035, a14=0.033, a24=0.032, a12=0.029, a35=0.028] [BUILD FAILED: CoalCut money=6036 free=33]
    OBS: year=1 month=1 season=3 money=6036 credit=177060 people=33 busy=0 free=33 home_places=110 need_workers=0 tax_due=0 main_tax_due=0 tax_amount=6390 main_tax_amount=0 days_alive=325 stage=0 res0=0 res1=400 res2=0 res3=0 res4=0 res5=0 res6=0 res7=0 res8=0 Garden=2 Road=7 House=1 | nw=1311015.4932
  s=  280 a=  1(WEEK) r= -4.9849 cum=   -222.74 v= +0.1387 top5=[a38=0.035, a14=0.033, a24=0.032, a12=0.029, a35=0.028]
    OBS: year=1 month=1 season=3 money=6036 credit=179550 people=33 busy=0 free=33 home_places=110 need_workers=0 tax_due=0 main_tax_due=0 tax_amount=6390 main_tax_amount=0 days_alive=332 stage=0 res0=0 res1=400 res2=0 res3=0 res4=0 res5=0 res6=0 res7=0 res8=0 Garden=2 Road=7 House=1 | nw=1308503.7065
  s=  281 a= 34(MANAGER:0) r= -1.1027 cum=   -223.85 v= +0.1189 top5=[a38=0.035, a14=0.034, a24=0.033, a12=0.030, a35=0.030]
    OBS: year=1 month=1 season=3 money=6036 credit=179909 people=33 busy=0 free=33 home_places=110 need_workers=0 tax_due=0 main_tax_due=0 tax_amount=6390 main_tax_amount=0 days_alive=333 stage=0 res0=0 res1=400 res2=0 res3=0 res4=0 res5=0 res6=0 res7=0 res8=0 Garden=2 Road=7 House=1 | nw=1308141.8861
  s=  282 a= 19(BUILD:Mushroom) r= -5.9267 cum=   -229.77 v= +0.1157 top5=[a38=0.035, a14=0.034, a24=0.034, a12=0.030, a35=0.030] [BUILD FAILED: Mushroom money=6036 free=32]
    OBS: year=1 month=1 season=3 money=6036 credit=180268 people=32 busy=0 free=32 home_places=110 need_workers=0 tax_due=0 main_tax_due=0 tax_amount=6390 main_tax_amount=0 days_alive=334 stage=0 res0=0 res1=400 res2=0 res3=0 res4=0 res5=0 res6=0 res7=0 res8=0 Garden=2 Road=7 House=1 | nw=1307780.0658
  s=  283 a= 10(BUILD:Refinery) r= -1.1022 cum=   -230.87 v= +0.1243 top5=[a38=0.035, a14=0.034, a24=0.034, a12=0.030, a35=0.030] [BUILD FAILED: Refinery money=6036 free=32]
    OBS: year=1 month=1 season=3 money=6036 credit=180628 people=32 busy=0 free=32 home_places=110 need_workers=0 tax_due=0 main_tax_due=0 tax_amount=6390 main_tax_amount=0 days_alive=335 stage=0 res0=0 res1=400 res2=0 res3=0 res4=0 res5=0 res6=0 res7=0 res8=0 Garden=2 Road=7 House=1 | nw=1307416.7098
  s=  284 a= 42(MANAGER:8) r= -1.1041 cum=   -231.98 v= +0.1197 top5=[a38=0.035, a14=0.034, a24=0.034, a12=0.030, a35=0.030]
    OBS: year=1 month=1 season=3 money=6036 credit=180989 people=32 busy=0 free=32 home_places=110 need_workers=0 tax_due=0 main_tax_due=0 tax_amount=6390 main_tax_amount=0 days_alive=336 stage=0 res0=0 res1=400 res2=0 res3=0 res4=0 res5=0 res6=0 res7=0 res8=0 Garden=2 Road=7 House=1 | nw=1307052.8894
  s=  285 a=  1(WEEK) r= -5.8346 cum=   -237.81 v= +0.1152 top5=[a14=0.035, a38=0.035, a24=0.034, a12=0.030, a35=0.030]
    OBS: year=1 month=2 season=3 money=6036 credit=181350 people=33 busy=0 free=33 home_places=110 need_workers=0 tax_due=0 main_tax_due=0 tax_amount=6390 main_tax_amount=0 days_alive=337 stage=0 res0=0 res1=400 res2=0 res3=0 res4=0 res5=0 res6=0 res7=0 res8=0 Garden=2 Road=7 House=1 | nw=1306688.6318
  s=  286 a= 17(BUILD:HuntingLand) r= -1.1038 cum=   -238.92 v= +0.1817 top5=[a38=0.032, a14=0.032, a29=0.031, a32=0.028, a24=0.028] [BUILD FAILED: HuntingLand money=6036 free=33]
    OBS: year=1 month=2 season=3 money=6036 credit=181712 people=33 busy=0 free=33 home_places=110 need_workers=0 tax_due=0 main_tax_due=0 tax_amount=6390 main_tax_amount=0 days_alive=338 stage=0 res0=0 res1=400 res2=0 res3=0 res4=0 res5=0 res6=0 res7=0 res8=0 Garden=2 Road=7 House=1 | nw=1306323.3742
  s=  287 a= 27(BUILD:WaterMill) r= -1.1060 cum=   -240.02 v= +0.1797 top5=[a38=0.032, a14=0.032, a29=0.031, a32=0.028, a24=0.028] [BUILD FAILED: WaterMill money=6036 free=33]
    OBS: year=1 month=2 season=3 money=6036 credit=182075 people=33 busy=0 free=33 home_places=110 need_workers=0 tax_due=0 main_tax_due=0 tax_amount=6390 main_tax_amount=0 days_alive=339 stage=0 res0=0 res1=400 res2=0 res3=0 res4=0 res5=0 res6=0 res7=0 res8=0 Garden=2 Road=7 House=1 | nw=1305957.0182
  s=  288 a= 37(MANAGER:3) r= -1.1076 cum=   -241.13 v= +0.1776 top5=[a38=0.033, a14=0.032, a29=0.031, a24=0.028, a32=0.028]
    OBS: year=1 month=2 season=3 money=6036 credit=182439 people=33 busy=0 free=33 home_places=110 need_workers=0 tax_due=0 main_tax_due=0 tax_amount=6390 main_tax_amount=0 days_alive=340 stage=0 res0=0 res1=400 res2=0 res3=0 res4=0 res5=0 res6=0 res7=0 res8=0 Garden=2 Road=7 House=1 | nw=1305590.7334
  s=  289 a= 10(BUILD:Refinery) r= -1.1100 cum=   -242.24 v= +0.1754 top5=[a38=0.033, a14=0.032, a29=0.031, a24=0.029, a32=0.028] [BUILD FAILED: Refinery money=6036 free=33]
    OBS: year=1 month=2 season=3 money=6036 credit=182803 people=33 busy=0 free=33 home_places=110 need_workers=0 tax_due=0 main_tax_due=0 tax_amount=6390 main_tax_amount=0 days_alive=341 stage=0 res0=0 res1=400 res2=0 res3=0 res4=0 res5=0 res6=0 res7=0 res8=0 Garden=2 Road=7 House=1 | nw=1305222.9402
  s=  290 a=  3(BUILD:Farm) r= -1.1122 cum=   -243.35 v= +0.1730 top5=[a38=0.033, a14=0.032, a29=0.030, a24=0.029, a32=0.028] [BUILD FAILED: Farm money=6036 free=33]
    OBS: year=1 month=2 season=3 money=6036 credit=183168 people=33 busy=0 free=33 home_places=110 need_workers=0 tax_due=0 main_tax_due=0 tax_amount=6390 main_tax_amount=0 days_alive=342 stage=0 res0=0 res1=400 res2=0 res3=0 res4=0 res5=0 res6=0 res7=0 res8=0 Garden=2 Road=7 House=1 | nw=1304854.2453
  s=  291 a=  9(BUILD:Ironmine) r= -1.1138 cum=   -244.47 v= +0.1703 top5=[a38=0.033, a14=0.032, a29=0.030, a24=0.029, a5=0.028] [BUILD FAILED: Ironmine money=6036 free=33]
    OBS: year=1 month=2 season=3 money=6036 credit=183534 people=33 busy=0 free=33 home_places=110 need_workers=0 tax_due=0 main_tax_due=0 tax_amount=6390 main_tax_amount=0 days_alive=343 stage=0 res0=0 res1=400 res2=0 res3=0 res4=0 res5=0 res6=0 res7=0 res8=0 Garden=2 Road=7 House=1 | nw=1304485.4249
  s=  292 a= 12(BUILD:PowerStation) r= +0.3371 cum=   -244.13 v= +0.1678 top5=[a38=0.033, a14=0.032, a29=0.030, a24=0.029, a5=0.028] [BUILD: PowerStation]
    OBS: year=1 month=2 season=3 money=5636 credit=183901 people=33 busy=0 free=33 home_places=110 need_workers=0 tax_due=0 main_tax_due=0 tax_amount=6390 main_tax_amount=0 days_alive=344 stage=0 res0=0 res1=400 res2=0 res3=0 res4=0 res5=0 res6=0 res7=0 res8=0 Garden=2 Road=8 House=1 | nw=1304115.6045
  s=  293 a= 35(MANAGER:1) r= -1.1176 cum=   -245.25 v= +0.1868 top5=[a38=0.034, a14=0.031, a29=0.029, a24=0.029, a12=0.028]
    OBS: year=1 month=2 season=3 money=5636 credit=184268 people=33 busy=0 free=33 home_places=110 need_workers=0 tax_due=0 main_tax_due=0 tax_amount=6390 main_tax_amount=0 days_alive=345 stage=0 res0=0 res1=400 res2=0 res3=0 res4=0 res5=0 res6=0 res7=0 res8=0 Garden=2 Road=8 House=1 | nw=1303745.3469
  s=  294 a= 36(MANAGER:2) r= -1.1195 cum=   -246.37 v= +0.1848 top5=[a38=0.034, a14=0.032, a29=0.029, a24=0.029, a12=0.028]
    OBS: year=1 month=2 season=3 money=5636 credit=184636 people=33 busy=0 free=33 home_places=110 need_workers=0 tax_due=0 main_tax_due=0 tax_amount=6390 main_tax_amount=0 days_alive=346 stage=0 res0=0 res1=400 res2=0 res3=0 res4=0 res5=0 res6=0 res7=0 res8=0 Garden=2 Road=8 House=1 | nw=1303374.5266
  s=  295 a=  5(BUILD:House) r= -1.1217 cum=   -247.49 v= +0.1826 top5=[a38=0.034, a14=0.032, a24=0.029, a29=0.029, a12=0.028] [BUILD FAILED: House money=5636 free=33]
    OBS: year=1 month=2 season=3 money=5636 credit=185005 people=33 busy=0 free=33 home_places=110 need_workers=0 tax_due=0 main_tax_due=0 tax_amount=6390 main_tax_amount=0 days_alive=347 stage=0 res0=0 res1=400 res2=0 res3=0 res4=0 res5=0 res6=0 res7=0 res8=0 Garden=2 Road=8 House=1 | nw=1303002.7062
  s=  296 a= 18(BUILD:CowFarm) r= -1.1242 cum=   -248.61 v= +0.1797 top5=[a38=0.034, a14=0.032, a24=0.029, a29=0.029, a12=0.028] [BUILD FAILED: CowFarm money=5636 free=33]
    OBS: year=1 month=2 season=3 money=5636 credit=185375 people=33 busy=0 free=33 home_places=110 need_workers=0 tax_due=0 main_tax_due=0 tax_amount=6390 main_tax_amount=0 days_alive=348 stage=0 res0=0 res1=400 res2=0 res3=0 res4=0 res5=0 res6=0 res7=0 res8=0 Garden=2 Road=8 House=1 | nw=1302629.3502
  s=  297 a= 32(BUILD:SmallAtomStation) r= -1.1261 cum=   -249.74 v= +0.1760 top5=[a38=0.034, a14=0.032, a24=0.029, a29=0.029, a12=0.028] [BUILD FAILED: SmallAtomStation money=5636 free=33]
    OBS: year=1 month=2 season=3 money=5636 credit=185745 people=33 busy=0 free=33 home_places=110 need_workers=0 tax_due=0 main_tax_due=0 tax_amount=6390 main_tax_amount=0 days_alive=349 stage=0 res0=0 res1=400 res2=0 res3=0 res4=0 res5=0 res6=0 res7=0 res8=0 Garden=2 Road=8 House=1 | nw=1302255.5569
  s=  298 a= 27(BUILD:WaterMill) r= -1.1277 cum=   -250.87 v= +0.1711 top5=[a38=0.035, a14=0.032, a24=0.029, a29=0.029, a12=0.028] [BUILD FAILED: WaterMill money=5636 free=33]
    OBS: year=1 month=2 season=3 money=5636 credit=186116 people=33 busy=0 free=33 home_places=110 need_workers=0 tax_due=0 main_tax_due=0 tax_amount=6390 main_tax_amount=0 days_alive=350 stage=0 res0=0 res1=400 res2=0 res3=0 res4=0 res5=0 res6=0 res7=0 res8=0 Garden=2 Road=8 House=1 | nw=1301881.7366
  s=  299 a= 39(MANAGER:5) r= -1.1297 cum=   -252.00 v= +0.1592 top5=[a38=0.035, a14=0.032, a24=0.030, a29=0.029, a12=0.028]
    OBS: year=1 month=2 season=3 money=5636 credit=186488 people=33 busy=0 free=33 home_places=110 need_workers=0 tax_due=0 main_tax_due=0 tax_amount=6390 main_tax_amount=0 days_alive=351 stage=0 res0=0 res1=400 res2=0 res3=0 res4=0 res5=0 res6=0 res7=0 res8=0 Garden=2 Road=8 House=1 | nw=1301507.3535
  s=  300 a= 30(BUILD:BigIronmine) r= -1.1319 cum=   -253.13 v= +0.1557 top5=[a38=0.035, a14=0.032, a24=0.030, a29=0.028, a12=0.028] [BUILD FAILED: BigIronmine money=5636 free=33]
    OBS: year=1 month=2 season=3 money=5636 credit=186860 people=33 busy=0 free=33 home_places=110 need_workers=0 tax_due=0 main_tax_due=0 tax_amount=6390 main_tax_amount=0 days_alive=352 stage=0 res0=0 res1=400 res2=0 res3=0 res4=0 res5=0 res6=0 res7=0 res8=0 Garden=2 Road=8 House=1 | nw=1301131.9975
  s=  301 a=  6(BUILD:SmallHouse) r= -1.1340 cum=   -254.26 v= +0.1515 top5=[a38=0.035, a14=0.032, a24=0.031, a12=0.028, a29=0.028] [BUILD FAILED: SmallHouse money=5636 free=33]
    OBS: year=1 month=2 season=3 money=5636 credit=187233 people=33 busy=0 free=33 home_places=110 need_workers=0 tax_due=0 main_tax_due=0 tax_amount=6390 main_tax_amount=0 days_alive=353 stage=0 res0=0 res1=400 res2=0 res3=0 res4=0 res5=0 res6=0 res7=0 res8=0 Garden=2 Road=8 House=1 | nw=1300755.7399
  s=  302 a= 29(BUILD:Puerperal) r= -1.1363 cum=   -255.40 v= +0.1469 top5=[a38=0.035, a14=0.032, a24=0.031, a12=0.029, a29=0.028] [BUILD FAILED: Puerperal money=5636 free=33]
    OBS: year=1 month=2 season=3 money=5636 credit=187607 people=33 busy=0 free=33 home_places=110 need_workers=0 tax_due=0 main_tax_due=0 tax_amount=6390 main_tax_amount=0 days_alive=354 stage=0 res0=0 res1=400 res2=0 res3=0 res4=0 res5=0 res6=0 res7=0 res8=0 Garden=2 Road=8 House=1 | nw=1300378.3839
  s=  303 a= 34(MANAGER:0) r= -1.1384 cum=   -256.54 v= +0.1426 top5=[a38=0.035, a14=0.032, a24=0.031, a12=0.029, a29=0.028]
    OBS: year=1 month=2 season=3 money=5636 credit=187982 people=33 busy=0 free=33 home_places=110 need_workers=0 tax_due=0 main_tax_due=0 tax_amount=6390 main_tax_amount=0 days_alive=355 stage=0 res0=0 res1=400 res2=0 res3=0 res4=0 res5=0 res6=0 res7=0 res8=0 Garden=2 Road=8 House=1 | nw=1300000.1262
  s=  304 a=  0(DAY) r= +0.0475 cum=   -256.49 v= +0.1392 top5=[a38=0.035, a14=0.033, a24=0.031, a12=0.029, a35=0.028]
    OBS: year=1 month=2 season=3 money=5636 credit=188357 people=34 busy=0 free=34 home_places=110 need_workers=0 tax_due=0 main_tax_due=0 tax_amount=6390 main_tax_amount=0 days_alive=356 stage=0 res0=0 res1=400 res2=0 res3=0 res4=0 res5=0 res6=0 res7=0 res8=0 Garden=2 Road=8 House=1 | nw=1299621.8686
  s=  305 a=  0(DAY) r= -0.5479 cum=   -257.04 v= +0.1172 top5=[a38=0.035, a14=0.033, a24=0.031, a12=0.029, a29=0.028]
    OBS: year=1 month=2 season=3 money=5636 credit=188733 people=34 busy=0 free=34 home_places=110 need_workers=0 tax_due=0 main_tax_due=0 tax_amount=6390 main_tax_amount=0 days_alive=357 stage=0 res0=0 res1=400 res2=0 res3=0 res4=0 res5=0 res6=0 res7=0 res8=0 Garden=2 Road=8 House=1 | nw=1299243.0482
  s=  306 a=  8(BUILD:Coalmine) r= -1.1441 cum=   -258.18 v= +0.1148 top5=[a38=0.035, a14=0.033, a24=0.032, a12=0.029, a29=0.028] [BUILD FAILED: Coalmine money=5636 free=34]
    OBS: year=1 month=2 season=3 money=5636 credit=189110 people=34 busy=0 free=34 home_places=110 need_workers=0 tax_due=0 main_tax_due=0 tax_amount=6390 main_tax_amount=0 days_alive=358 stage=0 res0=0 res1=400 res2=0 res3=0 res4=0 res5=0 res6=0 res7=0 res8=0 Garden=2 Road=8 House=1 | nw=1298863.2279
  s=  307 a= 30(BUILD:BigIronmine) r= -1.1469 cum=   -259.33 v= +0.1124 top5=[a38=0.036, a14=0.033, a24=0.032, a12=0.029, a35=0.028] [BUILD FAILED: BigIronmine money=5636 free=34]
    OBS: year=1 month=2 season=3 money=5636 credit=189488 people=34 busy=0 free=34 home_places=110 need_workers=0 tax_due=0 main_tax_due=0 tax_amount=6390 main_tax_amount=0 days_alive=359 stage=0 res0=0 res1=400 res2=0 res3=0 res4=0 res5=0 res6=0 res7=0 res8=0 Garden=2 Road=8 House=1 | nw=1298481.4346
  s=  308 a= 27(BUILD:WaterMill) r= -1.1485 cum=   -260.48 v= +0.1095 top5=[a38=0.036, a14=0.033, a24=0.032, a12=0.029, a35=0.028] [BUILD FAILED: WaterMill money=5636 free=34]
    OBS: year=1 month=2 season=3 money=5636 credit=189866 people=34 busy=0 free=34 home_places=110 need_workers=0 tax_due=0 main_tax_due=0 tax_amount=6390 main_tax_amount=0 days_alive=360 stage=0 res0=0 res1=400 res2=0 res3=0 res4=0 res5=0 res6=0 res7=0 res8=0 Garden=2 Road=8 House=1 | nw=1298099.6413
  s=  309 a= 33(BUILD:AtomStation) r= -1.1502 cum=   -261.63 v= +0.1061 top5=[a38=0.036, a14=0.033, a24=0.032, a12=0.029, a35=0.029] [BUILD FAILED: AtomStation money=5636 free=34]
    OBS: year=1 month=2 season=3 money=5636 credit=190245 people=34 busy=0 free=34 home_places=110 need_workers=0 tax_due=0 main_tax_due=0 tax_amount=6390 main_tax_amount=0 days_alive=361 stage=0 res0=0 res1=400 res2=0 res3=0 res4=0 res5=0 res6=0 res7=0 res8=0 Garden=2 Road=8 House=1 | nw=1297717.8210
  s=  310 a=  9(BUILD:Ironmine) r= -1.1527 cum=   -262.78 v= +0.1026 top5=[a38=0.036, a14=0.033, a24=0.032, a12=0.030, a35=0.029] [BUILD FAILED: Ironmine money=5636 free=34]
    OBS: year=1 month=2 season=3 money=5636 credit=190625 people=34 busy=0 free=34 home_places=110 need_workers=0 tax_due=0 main_tax_due=0 tax_amount=6390 main_tax_amount=0 days_alive=362 stage=0 res0=0 res1=400 res2=0 res3=0 res4=0 res5=0 res6=0 res7=0 res8=0 Garden=2 Road=8 House=1 | nw=1297334.5633
  s=  311 a= 15(BUILD:Fish) r= -1.1553 cum=   -263.93 v= +0.0991 top5=[a38=0.036, a14=0.033, a24=0.033, a12=0.030, a35=0.029] [BUILD FAILED: Fish money=5636 free=34]
    OBS: year=1 month=2 season=3 money=5636 credit=191006 people=34 busy=0 free=34 home_places=110 need_workers=0 tax_due=0 main_tax_due=0 tax_amount=6390 main_tax_amount=0 days_alive=363 stage=0 res0=0 res1=400 res2=0 res3=0 res4=0 res5=0 res6=0 res7=0 res8=0 Garden=2 Road=8 House=1 | nw=1296949.7701
  s=  312 a= 42(MANAGER:8) r= -1.1569 cum=   -265.09 v= +0.0954 top5=[a38=0.036, a14=0.033, a24=0.033, a12=0.030, a35=0.029]
    OBS: year=1 month=2 season=3 money=5636 credit=191388 people=34 busy=0 free=34 home_places=110 need_workers=0 tax_due=0 main_tax_due=0 tax_amount=6390 main_tax_amount=0 days_alive=364 stage=0 res0=0 res1=400 res2=0 res3=0 res4=0 res5=0 res6=0 res7=0 res8=0 Garden=2 Road=8 House=1 | nw=1296564.9497
  s=  313 a= 20(BUILD:BigHouse) r= +1.8218 cum=   -263.27 v= +0.0917 top5=[a38=0.036, a14=0.034, a24=0.033, a12=0.030, a35=0.029] [BUILD: BigHouse]
    OBS: year=1 month=3 season=0 money=5636 credit=191770 people=34 busy=0 free=34 home_places=110 need_workers=0 tax_due=1 main_tax_due=0 tax_amount=6390 main_tax_amount=0 days_alive=365 stage=0 res0=0 res1=400 res2=0 res3=0 res4=0 res5=0 res6=0 res7=0 res8=0 Garden=2 Road=8 House=1 | nw=1296180.1293
  s=  314 a= 20(BUILD:BigHouse) r= -3.5142 cum=   -266.78 v= +0.1020 top5=[a38=0.031, a19=0.031, a15=0.031, a32=0.030, a25=0.027] [BUILD FAILED: BigHouse money=5636 free=34]
    OBS: year=1 month=3 season=0 money=5636 credit=191770 people=34 busy=0 free=34 home_places=110 need_workers=0 tax_due=1 main_tax_due=0 tax_amount=6390 main_tax_amount=0 days_alive=365 stage=0 res0=0 res1=400 res2=0 res3=0 res4=0 res5=0 res6=0 res7=0 res8=0 Garden=2 Road=8 House=1 | nw=1296180.1293
  s=  315 a=  7(BUILD:Sawmill) r= -3.5120 cum=   -270.30 v= +0.1018 top5=[a38=0.031, a19=0.031, a15=0.031, a32=0.030, a25=0.027] [BUILD FAILED: Sawmill money=5636 free=34]
    OBS: year=1 month=3 season=0 money=5636 credit=191770 people=34 busy=0 free=34 home_places=110 need_workers=0 tax_due=1 main_tax_due=0 tax_amount=6390 main_tax_amount=0 days_alive=365 stage=0 res0=0 res1=400 res2=0 res3=0 res4=0 res5=0 res6=0 res7=0 res8=0 Garden=2 Road=8 House=1 | nw=1296180.1293
  s=  316 a= 29(BUILD:Puerperal) r= -3.5099 cum=   -273.81 v= +0.1016 top5=[a38=0.031, a19=0.031, a15=0.031, a32=0.030, a25=0.027] [BUILD FAILED: Puerperal money=5636 free=34]
    OBS: year=1 month=3 season=0 money=5636 credit=191770 people=34 busy=0 free=34 home_places=110 need_workers=0 tax_due=1 main_tax_due=0 tax_amount=6390 main_tax_amount=0 days_alive=365 stage=0 res0=0 res1=400 res2=0 res3=0 res4=0 res5=0 res6=0 res7=0 res8=0 Garden=2 Road=8 House=1 | nw=1296180.1293
  s=  317 a= 19(BUILD:Mushroom) r= -3.5078 cum=   -277.31 v= +0.1013 top5=[a38=0.031, a19=0.031, a15=0.030, a32=0.030, a25=0.027] [BUILD FAILED: Mushroom money=5636 free=34]
    OBS: year=1 month=3 season=0 money=5636 credit=191770 people=34 busy=0 free=34 home_places=110 need_workers=0 tax_due=1 main_tax_due=0 tax_amount=6390 main_tax_amount=0 days_alive=365 stage=0 res0=0 res1=400 res2=0 res3=0 res4=0 res5=0 res6=0 res7=0 res8=0 Garden=2 Road=8 House=1 | nw=1296180.1293
  s=  318 a= 39(MANAGER:5) r= -3.5057 cum=   -280.82 v= +0.1011 top5=[a38=0.031, a19=0.031, a15=0.030, a32=0.030, a25=0.027]
    OBS: year=1 month=3 season=0 money=5636 credit=191770 people=34 busy=0 free=34 home_places=110 need_workers=0 tax_due=1 main_tax_due=0 tax_amount=6390 main_tax_amount=0 days_alive=365 stage=0 res0=0 res1=400 res2=0 res3=0 res4=0 res5=0 res6=0 res7=0 res8=0 Garden=2 Road=8 House=1 | nw=1296180.1293
  s=  319 a= 26(BUILD:BigSawmill) r= -3.5037 cum=   -284.32 v= +0.1009 top5=[a38=0.031, a19=0.031, a15=0.030, a32=0.029, a25=0.027] [BUILD FAILED: BigSawmill money=5636 free=34]
    OBS: year=1 month=3 season=0 money=5636 credit=191770 people=34 busy=0 free=34 home_places=110 need_workers=0 tax_due=1 main_tax_due=0 tax_amount=6390 main_tax_amount=0 days_alive=365 stage=0 res0=0 res1=400 res2=0 res3=0 res4=0 res5=0 res6=0 res7=0 res8=0 Garden=2 Road=8 House=1 | nw=1296180.1293
  s=  320 a= 31(BUILD:AirStation) r= -3.5016 cum=   -287.82 v= +0.1006 top5=[a38=0.031, a19=0.031, a15=0.030, a32=0.029, a25=0.027] [BUILD FAILED: AirStation money=5636 free=34]
    OBS: year=1 month=3 season=0 money=5636 credit=191770 people=34 busy=0 free=34 home_places=110 need_workers=0 tax_due=1 main_tax_due=0 tax_amount=6390 main_tax_amount=0 days_alive=365 stage=0 res0=0 res1=400 res2=0 res3=0 res4=0 res5=0 res6=0 res7=0 res8=0 Garden=2 Road=8 House=1 | nw=1296180.1293
  s=  321 a= 43(MANAGER:9) r= -3.4996 cum=   -291.32 v= +0.1004 top5=[a38=0.031, a19=0.031, a15=0.030, a32=0.029, a25=0.027]
    OBS: year=1 month=3 season=0 money=5636 credit=191770 people=34 busy=0 free=34 home_places=110 need_workers=0 tax_due=1 main_tax_due=0 tax_amount=6390 main_tax_amount=0 days_alive=365 stage=0 res0=0 res1=400 res2=0 res3=0 res4=0 res5=0 res6=0 res7=0 res8=0 Garden=2 Road=8 House=1 | nw=1296180.1293
  s=  322 a= 43(MANAGER:9) r= -3.4976 cum=   -294.82 v= +0.1002 top5=[a38=0.031, a19=0.031, a15=0.030, a32=0.029, a25=0.027]
    OBS: year=1 month=3 season=0 money=5636 credit=191770 people=34 busy=0 free=34 home_places=110 need_workers=0 tax_due=1 main_tax_due=0 tax_amount=6390 main_tax_amount=0 days_alive=365 stage=0 res0=0 res1=400 res2=0 res3=0 res4=0 res5=0 res6=0 res7=0 res8=0 Garden=2 Road=8 House=1 | nw=1296180.1293
  s=  323 a= 22(BUILD:Apiary) r= -3.4956 cum=   -298.32 v= +0.1000 top5=[a38=0.031, a19=0.031, a15=0.030, a32=0.029, a25=0.027] [BUILD FAILED: Apiary money=5636 free=34]
    OBS: year=1 month=3 season=0 money=5636 credit=191770 people=34 busy=0 free=34 home_places=110 need_workers=0 tax_due=1 main_tax_due=0 tax_amount=6390 main_tax_amount=0 days_alive=365 stage=0 res0=0 res1=400 res2=0 res3=0 res4=0 res5=0 res6=0 res7=0 res8=0 Garden=2 Road=8 House=1 | nw=1296180.1293
  s=  324 a= 27(BUILD:WaterMill) r= -3.4936 cum=   -301.81 v= +0.0997 top5=[a38=0.031, a19=0.031, a15=0.030, a32=0.029, a25=0.027] [BUILD FAILED: WaterMill money=5636 free=34]
    OBS: year=1 month=3 season=0 money=5636 credit=191770 people=34 busy=0 free=34 home_places=110 need_workers=0 tax_due=1 main_tax_due=0 tax_amount=6390 main_tax_amount=0 days_alive=365 stage=0 res0=0 res1=400 res2=0 res3=0 res4=0 res5=0 res6=0 res7=0 res8=0 Garden=2 Road=8 House=1 | nw=1296180.1293
  s=  325 a= 33(BUILD:AtomStation) r= -3.4917 cum=   -305.30 v= +0.0995 top5=[a38=0.031, a19=0.031, a15=0.030, a32=0.029, a25=0.027] [BUILD FAILED: AtomStation money=5636 free=34]
    OBS: year=1 month=3 season=0 money=5636 credit=191770 people=34 busy=0 free=34 home_places=110 need_workers=0 tax_due=1 main_tax_due=0 tax_amount=6390 main_tax_amount=0 days_alive=365 stage=0 res0=0 res1=400 res2=0 res3=0 res4=0 res5=0 res6=0 res7=0 res8=0 Garden=2 Road=8 House=1 | nw=1296180.1293
  s=  326 a=  0(DAY) r= -3.4898 cum=   -308.79 v= +0.0993 top5=[a38=0.031, a19=0.031, a15=0.030, a32=0.029, a25=0.027]
    OBS: year=1 month=3 season=0 money=5636 credit=191770 people=34 busy=0 free=34 home_places=110 need_workers=0 tax_due=1 main_tax_due=0 tax_amount=6390 main_tax_amount=0 days_alive=365 stage=0 res0=0 res1=400 res2=0 res3=0 res4=0 res5=0 res6=0 res7=0 res8=0 Garden=2 Road=8 House=1 | nw=1296180.1293
  s=  327 a=  2(BUILD:WaterChannel) r= -3.4879 cum=   -312.28 v= +0.0991 top5=[a38=0.031, a19=0.031, a15=0.030, a32=0.029, a25=0.027] [BUILD FAILED: WaterChannel money=5636 free=34]
    OBS: year=1 month=3 season=0 money=5636 credit=191770 people=34 busy=0 free=34 home_places=110 need_workers=0 tax_due=1 main_tax_due=0 tax_amount=6390 main_tax_amount=0 days_alive=365 stage=0 res0=0 res1=400 res2=0 res3=0 res4=0 res5=0 res6=0 res7=0 res8=0 Garden=2 Road=8 House=1 | nw=1296180.1293
  s=  328 a= 32(BUILD:SmallAtomStation) r= -3.4860 cum=   -315.77 v= +0.0989 top5=[a38=0.031, a19=0.031, a15=0.030, a32=0.029, a25=0.027] [BUILD FAILED: SmallAtomStation money=5636 free=34]
    OBS: year=1 month=3 season=0 money=5636 credit=191770 people=34 busy=0 free=34 home_places=110 need_workers=0 tax_due=1 main_tax_due=0 tax_amount=6390 main_tax_amount=0 days_alive=365 stage=0 res0=0 res1=400 res2=0 res3=0 res4=0 res5=0 res6=0 res7=0 res8=0 Garden=2 Road=8 House=1 | nw=1296180.1293
  s=  329 a= 12(BUILD:PowerStation) r= -2.0314 cum=   -317.80 v= +0.0986 top5=[a38=0.031, a19=0.030, a15=0.030, a32=0.029, a25=0.027] [BUILD FAILED: PowerStation money=5236 free=34]
    OBS: year=1 month=3 season=0 money=5236 credit=191770 people=34 busy=0 free=34 home_places=110 need_workers=0 tax_due=1 main_tax_due=0 tax_amount=6390 main_tax_amount=0 days_alive=365 stage=0 res0=0 res1=400 res2=0 res3=0 res4=0 res5=0 res6=0 res7=0 res8=0 Garden=2 Road=9 House=1 | nw=1296180.1293
  s=  330 a= 21(BUILD:BigFarm) r= -3.4851 cum=   -321.28 v= +0.0858 top5=[a38=0.031, a15=0.031, a19=0.030, a32=0.029, a14=0.027] [BUILD FAILED: BigFarm money=5236 free=34]
    OBS: year=1 month=3 season=0 money=5236 credit=191770 people=34 busy=0 free=34 home_places=110 need_workers=0 tax_due=1 main_tax_due=0 tax_amount=6390 main_tax_amount=0 days_alive=365 stage=0 res0=0 res1=400 res2=0 res3=0 res4=0 res5=0 res6=0 res7=0 res8=0 Garden=2 Road=9 House=1 | nw=1296180.1293
  s=  331 a= 38(MANAGER:4) r= -3.4832 cum=   -324.77 v= +0.0857 top5=[a38=0.031, a15=0.031, a19=0.030, a32=0.029, a14=0.027]
    OBS: year=1 month=3 season=0 money=5236 credit=191770 people=34 busy=0 free=34 home_places=110 need_workers=0 tax_due=1 main_tax_due=0 tax_amount=6390 main_tax_amount=0 days_alive=365 stage=0 res0=0 res1=400 res2=0 res3=0 res4=0 res5=0 res6=0 res7=0 res8=0 Garden=2 Road=9 House=1 | nw=1296180.1293
  s=  332 a= 31(BUILD:AirStation) r= -3.4814 cum=   -328.25 v= +0.0856 top5=[a38=0.031, a15=0.031, a19=0.030, a32=0.029, a14=0.027] [BUILD FAILED: AirStation money=5236 free=34]
    OBS: year=1 month=3 season=0 money=5236 credit=191770 people=34 busy=0 free=34 home_places=110 need_workers=0 tax_due=1 main_tax_due=0 tax_amount=6390 main_tax_amount=0 days_alive=365 stage=0 res0=0 res1=400 res2=0 res3=0 res4=0 res5=0 res6=0 res7=0 res8=0 Garden=2 Road=9 House=1 | nw=1296180.1293
  s=  333 a= 15(BUILD:Fish) r= -3.4796 cum=   -331.73 v= +0.0855 top5=[a38=0.031, a15=0.031, a19=0.030, a32=0.029, a14=0.027] [BUILD FAILED: Fish money=5236 free=34]
    OBS: year=1 month=3 season=0 money=5236 credit=191770 people=34 busy=0 free=34 home_places=110 need_workers=0 tax_due=1 main_tax_due=0 tax_amount=6390 main_tax_amount=0 days_alive=365 stage=0 res0=0 res1=400 res2=0 res3=0 res4=0 res5=0 res6=0 res7=0 res8=0 Garden=2 Road=9 House=1 | nw=1296180.1293
  s=  334 a= 44(MANAGER:10) r= -2.5936 cum=   -334.32 v= +0.0854 top5=[a38=0.031, a15=0.031, a19=0.030, a32=0.029, a14=0.027]
    OBS: year=1 month=3 season=0 money=5236 credit=191770 people=34 busy=0 free=34 home_places=110 need_workers=0 tax_due=1 main_tax_due=0 tax_amount=6390 main_tax_amount=0 days_alive=365 stage=0 res0=0 res1=400 res2=0 res3=0 res4=0 res5=0 res6=0 res7=0 res8=0 Garden=2 Road=9 House=1 | nw=1296180.1293
  s=  335 a=  2(BUILD:WaterChannel) r= -3.4779 cum=   -337.80 v= +0.0853 top5=[a38=0.031, a15=0.031, a19=0.030, a32=0.029, a14=0.027] [BUILD FAILED: WaterChannel money=5236 free=34]
    OBS: year=1 month=3 season=0 money=5236 credit=191770 people=34 busy=0 free=34 home_places=110 need_workers=0 tax_due=1 main_tax_due=0 tax_amount=6390 main_tax_amount=0 days_alive=365 stage=0 res0=0 res1=400 res2=0 res3=0 res4=0 res5=0 res6=0 res7=0 res8=0 Garden=2 Road=9 House=1 | nw=1296180.1293
  s=  336 a= 17(BUILD:HuntingLand) r= -3.4761 cum=   -341.27 v= +0.0851 top5=[a38=0.031, a15=0.031, a19=0.030, a32=0.029, a14=0.027] [BUILD FAILED: HuntingLand money=5236 free=34]
    OBS: year=1 month=3 season=0 money=5236 credit=191770 people=34 busy=0 free=34 home_places=110 need_workers=0 tax_due=1 main_tax_due=0 tax_amount=6390 main_tax_amount=0 days_alive=365 stage=0 res0=0 res1=400 res2=0 res3=0 res4=0 res5=0 res6=0 res7=0 res8=0 Garden=2 Road=9 House=1 | nw=1296180.1293
  s=  337 a= 12(BUILD:PowerStation) r= -2.0257 cum=   -343.30 v= +0.0850 top5=[a38=0.031, a15=0.031, a19=0.030, a32=0.029, a14=0.027] [BUILD FAILED: PowerStation money=4836 free=34]
    OBS: year=1 month=3 season=0 money=4836 credit=191770 people=34 busy=0 free=34 home_places=110 need_workers=0 tax_due=1 main_tax_due=0 tax_amount=6390 main_tax_amount=0 days_alive=365 stage=0 res0=0 res1=400 res2=0 res3=0 res4=0 res5=0 res6=0 res7=0 res8=0 Garden=2 Road=10 House=1 | nw=1296180.1293
  s=  338 a= 35(MANAGER:1) r= -3.4753 cum=   -346.78 v= +0.0749 top5=[a38=0.032, a15=0.031, a19=0.030, a32=0.029, a14=0.028]
    OBS: year=1 month=3 season=0 money=4836 credit=191770 people=34 busy=0 free=34 home_places=110 need_workers=0 tax_due=1 main_tax_due=0 tax_amount=6390 main_tax_amount=0 days_alive=365 stage=0 res0=0 res1=400 res2=0 res3=0 res4=0 res5=0 res6=0 res7=0 res8=0 Garden=2 Road=10 House=1 | nw=1296180.1293
  s=  339 a=  8(BUILD:Coalmine) r= -3.4736 cum=   -350.25 v= +0.0749 top5=[a38=0.032, a15=0.031, a19=0.030, a32=0.029, a14=0.028] [BUILD FAILED: Coalmine money=4836 free=34]
    OBS: year=1 month=3 season=0 money=4836 credit=191770 people=34 busy=0 free=34 home_places=110 need_workers=0 tax_due=1 main_tax_due=0 tax_amount=6390 main_tax_amount=0 days_alive=365 stage=0 res0=0 res1=400 res2=0 res3=0 res4=0 res5=0 res6=0 res7=0 res8=0 Garden=2 Road=10 House=1 | nw=1296180.1293
  s=  340 a= 13(BUILD:HydroStation) r= -3.4719 cum=   -353.72 v= +0.0749 top5=[a38=0.032, a15=0.031, a19=0.030, a32=0.029, a14=0.028] [BUILD FAILED: HydroStation money=4836 free=34]
    OBS: year=1 month=3 season=0 money=4836 credit=191770 people=34 busy=0 free=34 home_places=110 need_workers=0 tax_due=1 main_tax_due=0 tax_amount=6390 main_tax_amount=0 days_alive=365 stage=0 res0=0 res1=400 res2=0 res3=0 res4=0 res5=0 res6=0 res7=0 res8=0 Garden=2 Road=10 House=1 | nw=1296180.1293
  s=  341 a= 22(BUILD:Apiary) r= -3.4701 cum=   -357.19 v= +0.0749 top5=[a38=0.032, a15=0.031, a19=0.030, a32=0.029, a14=0.028] [BUILD FAILED: Apiary money=4836 free=34]
    OBS: year=1 month=3 season=0 money=4836 credit=191770 people=34 busy=0 free=34 home_places=110 need_workers=0 tax_due=1 main_tax_due=0 tax_amount=6390 main_tax_amount=0 days_alive=365 stage=0 res0=0 res1=400 res2=0 res3=0 res4=0 res5=0 res6=0 res7=0 res8=0 Garden=2 Road=10 House=1 | nw=1296180.1293
  s=  342 a= 11(BUILD:Goldmine) r= -3.4684 cum=   -360.66 v= +0.0749 top5=[a38=0.032, a15=0.031, a19=0.030, a32=0.029, a14=0.028] [BUILD FAILED: Goldmine money=4836 free=34]
    OBS: year=1 month=3 season=0 money=4836 credit=191770 people=34 busy=0 free=34 home_places=110 need_workers=0 tax_due=1 main_tax_due=0 tax_amount=6390 main_tax_amount=0 days_alive=365 stage=0 res0=0 res1=400 res2=0 res3=0 res4=0 res5=0 res6=0 res7=0 res8=0 Garden=2 Road=10 House=1 | nw=1296180.1293
  s=  343 a= 34(MANAGER:0) r= -3.4667 cum=   -364.13 v= +0.0749 top5=[a38=0.032, a15=0.031, a19=0.030, a32=0.029, a14=0.028]
    OBS: year=1 month=3 season=0 money=4836 credit=191770 people=34 busy=0 free=34 home_places=110 need_workers=0 tax_due=1 main_tax_due=0 tax_amount=6390 main_tax_amount=0 days_alive=365 stage=0 res0=0 res1=400 res2=0 res3=0 res4=0 res5=0 res6=0 res7=0 res8=0 Garden=2 Road=10 House=1 | nw=1296180.1293
  s=  344 a= 19(BUILD:Mushroom) r= -3.4651 cum=   -367.59 v= +0.0749 top5=[a38=0.032, a15=0.031, a19=0.030, a32=0.029, a14=0.028] [BUILD FAILED: Mushroom money=4836 free=34]
    OBS: year=1 month=3 season=0 money=4836 credit=191770 people=34 busy=0 free=34 home_places=110 need_workers=0 tax_due=1 main_tax_due=0 tax_amount=6390 main_tax_amount=0 days_alive=365 stage=0 res0=0 res1=400 res2=0 res3=0 res4=0 res5=0 res6=0 res7=0 res8=0 Garden=2 Road=10 House=1 | nw=1296180.1293
  s=  345 a=  5(BUILD:House) r= -3.4634 cum=   -371.06 v= +0.0749 top5=[a38=0.032, a15=0.031, a19=0.030, a32=0.029, a14=0.028] [BUILD FAILED: House money=4836 free=34]
    OBS: year=1 month=3 season=0 money=4836 credit=191770 people=34 busy=0 free=34 home_places=110 need_workers=0 tax_due=1 main_tax_due=0 tax_amount=6390 main_tax_amount=0 days_alive=365 stage=0 res0=0 res1=400 res2=0 res3=0 res4=0 res5=0 res6=0 res7=0 res8=0 Garden=2 Road=10 House=1 | nw=1296180.1293
  s=  346 a= 21(BUILD:BigFarm) r= -3.4618 cum=   -374.52 v= +0.0749 top5=[a38=0.032, a15=0.031, a19=0.030, a32=0.029, a14=0.028] [BUILD FAILED: BigFarm money=4836 free=34]
    OBS: year=1 month=3 season=0 money=4836 credit=191770 people=34 busy=0 free=34 home_places=110 need_workers=0 tax_due=1 main_tax_due=0 tax_amount=6390 main_tax_amount=0 days_alive=365 stage=0 res0=0 res1=400 res2=0 res3=0 res4=0 res5=0 res6=0 res7=0 res8=0 Garden=2 Road=10 House=1 | nw=1296180.1293
  s=  347 a= 27(BUILD:WaterMill) r= -3.4602 cum=   -377.98 v= +0.0749 top5=[a38=0.032, a15=0.031, a19=0.030, a32=0.029, a14=0.028] [BUILD FAILED: WaterMill money=4836 free=34]
    OBS: year=1 month=3 season=0 money=4836 credit=191770 people=34 busy=0 free=34 home_places=110 need_workers=0 tax_due=1 main_tax_due=0 tax_amount=6390 main_tax_amount=0 days_alive=365 stage=0 res0=0 res1=400 res2=0 res3=0 res4=0 res5=0 res6=0 res7=0 res8=0 Garden=2 Road=10 House=1 | nw=1296180.1293
  s=  348 a= 26(BUILD:BigSawmill) r= -3.4585 cum=   -381.44 v= +0.0749 top5=[a38=0.032, a15=0.031, a19=0.030, a32=0.029, a14=0.028] [BUILD FAILED: BigSawmill money=4836 free=34]
    OBS: year=1 month=3 season=0 money=4836 credit=191770 people=34 busy=0 free=34 home_places=110 need_workers=0 tax_due=1 main_tax_due=0 tax_amount=6390 main_tax_amount=0 days_alive=365 stage=0 res0=0 res1=400 res2=0 res3=0 res4=0 res5=0 res6=0 res7=0 res8=0 Garden=2 Road=10 House=1 | nw=1296180.1293
  s=  349 a= 16(BUILD:CoalCut) r= -3.4569 cum=   -384.89 v= +0.0749 top5=[a38=0.032, a15=0.031, a19=0.030, a32=0.029, a14=0.028] [BUILD FAILED: CoalCut money=4836 free=34]
    OBS: year=1 month=3 season=0 money=4836 credit=191770 people=34 busy=0 free=34 home_places=110 need_workers=0 tax_due=1 main_tax_due=0 tax_amount=6390 main_tax_amount=0 days_alive=365 stage=0 res0=0 res1=400 res2=0 res3=0 res4=0 res5=0 res6=0 res7=0 res8=0 Garden=2 Road=10 House=1 | nw=1296180.1293
  s=  350 a=  4(BUILD:Garden) r= -3.2418 cum=   -388.13 v= +0.0749 top5=[a38=0.032, a15=0.031, a19=0.030, a32=0.029, a14=0.028] [BUILD FAILED: Garden money=4836 free=34]
    OBS: year=1 month=3 season=0 money=4836 credit=191770 people=34 busy=0 free=34 home_places=110 need_workers=0 tax_due=1 main_tax_due=0 tax_amount=6390 main_tax_amount=0 days_alive=365 stage=0 res0=0 res1=400 res2=0 res3=0 res4=0 res5=0 res6=0 res7=0 res8=0 Garden=2 Road=10 House=1 | nw=1296180.1293
  s=  351 a=  3(BUILD:Farm) r= -3.4543 cum=   -391.59 v= +0.0749 top5=[a38=0.032, a15=0.031, a19=0.030, a32=0.029, a14=0.028] [BUILD FAILED: Farm money=4836 free=34]
    OBS: year=1 month=3 season=0 money=4836 credit=191770 people=34 busy=0 free=34 home_places=110 need_workers=0 tax_due=1 main_tax_due=0 tax_amount=6390 main_tax_amount=0 days_alive=365 stage=0 res0=0 res1=400 res2=0 res3=0 res4=0 res5=0 res6=0 res7=0 res8=0 Garden=2 Road=10 House=1 | nw=1296180.1293
  s=  352 a= 14(BUILD:Road) r= -3.4528 cum=   -395.04 v= +0.0749 top5=[a38=0.032, a15=0.031, a19=0.030, a32=0.029, a14=0.028] [BUILD FAILED: Road money=4836 free=34]
    OBS: year=1 month=3 season=0 money=4836 credit=191770 people=34 busy=0 free=34 home_places=110 need_workers=0 tax_due=1 main_tax_due=0 tax_amount=6390 main_tax_amount=0 days_alive=365 stage=0 res0=0 res1=400 res2=0 res3=0 res4=0 res5=0 res6=0 res7=0 res8=0 Garden=2 Road=10 House=1 | nw=1296180.1293
  s=  353 a=  1(WEEK) r= -3.4512 cum=   -398.49 v= +0.0749 top5=[a38=0.032, a15=0.031, a19=0.030, a32=0.029, a14=0.027]
    OBS: year=1 month=3 season=0 money=4836 credit=191770 people=34 busy=0 free=34 home_places=110 need_workers=0 tax_due=1 main_tax_due=0 tax_amount=6390 main_tax_amount=0 days_alive=365 stage=0 res0=0 res1=400 res2=0 res3=0 res4=0 res5=0 res6=0 res7=0 res8=0 Garden=2 Road=10 House=1 | nw=1296180.1293
  s=  354 a=  8(BUILD:Coalmine) r= -3.4497 cum=   -401.94 v= +0.0749 top5=[a38=0.032, a15=0.031, a19=0.030, a32=0.029, a14=0.027] [BUILD FAILED: Coalmine money=4836 free=34]
    OBS: year=1 month=3 season=0 money=4836 credit=191770 people=34 busy=0 free=34 home_places=110 need_workers=0 tax_due=1 main_tax_due=0 tax_amount=6390 main_tax_amount=0 days_alive=365 stage=0 res0=0 res1=400 res2=0 res3=0 res4=0 res5=0 res6=0 res7=0 res8=0 Garden=2 Road=10 House=1 | nw=1296180.1293
  s=  355 a= 21(BUILD:BigFarm) r= -3.4482 cum=   -405.39 v= +0.0749 top5=[a38=0.032, a15=0.031, a19=0.030, a32=0.029, a14=0.027] [BUILD FAILED: BigFarm money=4836 free=34]
    OBS: year=1 month=3 season=0 money=4836 credit=191770 people=34 busy=0 free=34 home_places=110 need_workers=0 tax_due=1 main_tax_due=0 tax_amount=6390 main_tax_amount=0 days_alive=365 stage=0 res0=0 res1=400 res2=0 res3=0 res4=0 res5=0 res6=0 res7=0 res8=0 Garden=2 Road=10 House=1 | nw=1296180.1293
  s=  356 a= 23(BUILD:Torchlight) r= -3.4467 cum=   -408.84 v= +0.0749 top5=[a38=0.032, a15=0.031, a19=0.030, a32=0.029, a14=0.027] [BUILD FAILED: Torchlight money=4836 free=34]
    OBS: year=1 month=3 season=0 money=4836 credit=191770 people=34 busy=0 free=34 home_places=110 need_workers=0 tax_due=1 main_tax_due=0 tax_amount=6390 main_tax_amount=0 days_alive=365 stage=0 res0=0 res1=400 res2=0 res3=0 res4=0 res5=0 res6=0 res7=0 res8=0 Garden=2 Road=10 House=1 | nw=1296180.1293
  s=  357 a= 32(BUILD:SmallAtomStation) r= -3.4452 cum=   -412.28 v= +0.0750 top5=[a38=0.032, a15=0.031, a19=0.030, a32=0.029, a14=0.027] [BUILD FAILED: SmallAtomStation money=4836 free=34]
    OBS: year=1 month=3 season=0 money=4836 credit=191770 people=34 busy=0 free=34 home_places=110 need_workers=0 tax_due=1 main_tax_due=0 tax_amount=6390 main_tax_amount=0 days_alive=365 stage=0 res0=0 res1=400 res2=0 res3=0 res4=0 res5=0 res6=0 res7=0 res8=0 Garden=2 Road=10 House=1 | nw=1296180.1293
  s=  358 a= 27(BUILD:WaterMill) r= -3.4437 cum=   -415.73 v= +0.0750 top5=[a38=0.032, a15=0.031, a19=0.030, a32=0.029, a14=0.027] [BUILD FAILED: WaterMill money=4836 free=34]
    OBS: year=1 month=3 season=0 money=4836 credit=191770 people=34 busy=0 free=34 home_places=110 need_workers=0 tax_due=1 main_tax_due=0 tax_amount=6390 main_tax_amount=0 days_alive=365 stage=0 res0=0 res1=400 res2=0 res3=0 res4=0 res5=0 res6=0 res7=0 res8=0 Garden=2 Road=10 House=1 | nw=1296180.1293
  s=  359 a= 37(MANAGER:3) r= -3.4423 cum=   -419.17 v= +0.0750 top5=[a38=0.032, a15=0.030, a19=0.030, a32=0.029, a14=0.027]
    OBS: year=1 month=3 season=0 money=4836 credit=191770 people=34 busy=0 free=34 home_places=110 need_workers=0 tax_due=1 main_tax_due=0 tax_amount=6390 main_tax_amount=0 days_alive=365 stage=0 res0=0 res1=400 res2=0 res3=0 res4=0 res5=0 res6=0 res7=0 res8=0 Garden=2 Road=10 House=1 | nw=1296180.1293
  s=  360 a=  7(BUILD:Sawmill) r= -3.4408 cum=   -422.61 v= +0.0750 top5=[a38=0.032, a15=0.030, a19=0.030, a32=0.029, a14=0.027] [BUILD FAILED: Sawmill money=4836 free=34]
    OBS: year=1 month=3 season=0 money=4836 credit=191770 people=34 busy=0 free=34 home_places=110 need_workers=0 tax_due=1 main_tax_due=0 tax_amount=6390 main_tax_amount=0 days_alive=365 stage=0 res0=0 res1=400 res2=0 res3=0 res4=0 res5=0 res6=0 res7=0 res8=0 Garden=2 Road=10 House=1 | nw=1296180.1293
  s=  361 a= 40(MANAGER:6) r= -2.7283 cum=   -425.34 v= +0.0750 top5=[a38=0.032, a15=0.030, a19=0.030, a32=0.029, a14=0.027]
    OBS: year=1 month=3 season=0 money=5036 credit=191770 people=34 busy=0 free=34 home_places=110 need_workers=0 tax_due=1 main_tax_due=0 tax_amount=6394 main_tax_amount=0 days_alive=365 stage=0 res0=0 res1=200 res2=0 res3=0 res4=0 res5=0 res6=0 res7=0 res8=0 Garden=2 Road=10 House=1 | nw=1296180.1293
  s=  362 a= 15(BUILD:Fish) r= -3.4394 cum=   -428.78 v= +0.0750 top5=[a38=0.032, a15=0.030, a19=0.030, a32=0.029, a14=0.027] [BUILD FAILED: Fish money=5036 free=34]
    OBS: year=1 month=3 season=0 money=5036 credit=191770 people=34 busy=0 free=34 home_places=110 need_workers=0 tax_due=1 main_tax_due=0 tax_amount=6394 main_tax_amount=0 days_alive=365 stage=0 res0=0 res1=200 res2=0 res3=0 res4=0 res5=0 res6=0 res7=0 res8=0 Garden=2 Road=10 House=1 | nw=1296180.1293
  s=  363 a= 21(BUILD:BigFarm) r= -3.4380 cum=   -432.21 v= +0.0750 top5=[a38=0.032, a15=0.030, a19=0.030, a32=0.029, a14=0.027] [BUILD FAILED: BigFarm money=5036 free=34]
    OBS: year=1 month=3 season=0 money=5036 credit=191770 people=34 busy=0 free=34 home_places=110 need_workers=0 tax_due=1 main_tax_due=0 tax_amount=6394 main_tax_amount=0 days_alive=365 stage=0 res0=0 res1=200 res2=0 res3=0 res4=0 res5=0 res6=0 res7=0 res8=0 Garden=2 Road=10 House=1 | nw=1296180.1293
  s=  364 a=  7(BUILD:Sawmill) r= -3.4366 cum=   -435.65 v= +0.0750 top5=[a38=0.032, a15=0.030, a19=0.030, a32=0.029, a14=0.027] [BUILD FAILED: Sawmill money=5036 free=34]
    OBS: year=1 month=3 season=0 money=5036 credit=191770 people=34 busy=0 free=34 home_places=110 need_workers=0 tax_due=1 main_tax_due=0 tax_amount=6394 main_tax_amount=0 days_alive=365 stage=0 res0=0 res1=200 res2=0 res3=0 res4=0 res5=0 res6=0 res7=0 res8=0 Garden=2 Road=10 House=1 | nw=1296180.1293
  s=  365 a= 17(BUILD:HuntingLand) r= -3.4352 cum=   -439.09 v= +0.0750 top5=[a38=0.032, a15=0.030, a19=0.030, a32=0.029, a14=0.027] [BUILD FAILED: HuntingLand money=5036 free=34]
    OBS: year=1 month=3 season=0 money=5036 credit=191770 people=34 busy=0 free=34 home_places=110 need_workers=0 tax_due=1 main_tax_due=0 tax_amount=6394 main_tax_amount=0 days_alive=365 stage=0 res0=0 res1=200 res2=0 res3=0 res4=0 res5=0 res6=0 res7=0 res8=0 Garden=2 Road=10 House=1 | nw=1296180.1293
  s=  366 a=  3(BUILD:Farm) r= -3.4338 cum=   -442.52 v= +0.0750 top5=[a38=0.032, a15=0.030, a19=0.030, a32=0.029, a14=0.027] [BUILD FAILED: Farm money=5036 free=34]
    OBS: year=1 month=3 season=0 money=5036 credit=191770 people=34 busy=0 free=34 home_places=110 need_workers=0 tax_due=1 main_tax_due=0 tax_amount=6394 main_tax_amount=0 days_alive=365 stage=0 res0=0 res1=200 res2=0 res3=0 res4=0 res5=0 res6=0 res7=0 res8=0 Garden=2 Road=10 House=1 | nw=1296180.1293
  s=  367 a= 38(MANAGER:4) r= -3.4325 cum=   -445.95 v= +0.0750 top5=[a38=0.032, a15=0.030, a19=0.030, a32=0.029, a14=0.027]
    OBS: year=1 month=3 season=0 money=5036 credit=191770 people=34 busy=0 free=34 home_places=110 need_workers=0 tax_due=1 main_tax_due=0 tax_amount=6394 main_tax_amount=0 days_alive=365 stage=0 res0=0 res1=200 res2=0 res3=0 res4=0 res5=0 res6=0 res7=0 res8=0 Garden=2 Road=10 House=1 | nw=1296180.1293
  s=  368 a= 41(MANAGER:7) r= -2.9659 cum=   -448.92 v= +0.0750 top5=[a38=0.032, a15=0.030, a19=0.030, a32=0.029, a14=0.027]
    OBS: year=1 month=3 season=0 money=4636 credit=191770 people=34 busy=0 free=34 home_places=110 need_workers=0 tax_due=1 main_tax_due=0 tax_amount=6398 main_tax_amount=0 days_alive=365 stage=0 res0=0 res1=400 res2=0 res3=0 res4=0 res5=0 res6=0 res7=0 res8=0 Garden=2 Road=10 House=1 | nw=1295980.1293
  s=  369 a= 31(BUILD:AirStation) r= -3.4308 cum=   -452.35 v= +0.0748 top5=[a38=0.031, a15=0.030, a19=0.030, a32=0.029, a14=0.027] [BUILD FAILED: AirStation money=4636 free=34]
    OBS: year=1 month=3 season=0 money=4636 credit=191770 people=34 busy=0 free=34 home_places=110 need_workers=0 tax_due=1 main_tax_due=0 tax_amount=6398 main_tax_amount=0 days_alive=365 stage=0 res0=0 res1=400 res2=0 res3=0 res4=0 res5=0 res6=0 res7=0 res8=0 Garden=2 Road=10 House=1 | nw=1295980.1293
  s=  370 a=  2(BUILD:WaterChannel) r= -3.4294 cum=   -455.78 v= +0.0749 top5=[a38=0.031, a15=0.030, a19=0.030, a32=0.029, a14=0.027] [BUILD FAILED: WaterChannel money=4636 free=34]
    OBS: year=1 month=3 season=0 money=4636 credit=191770 people=34 busy=0 free=34 home_places=110 need_workers=0 tax_due=1 main_tax_due=0 tax_amount=6398 main_tax_amount=0 days_alive=365 stage=0 res0=0 res1=400 res2=0 res3=0 res4=0 res5=0 res6=0 res7=0 res8=0 Garden=2 Road=10 House=1 | nw=1295980.1293
  s=  371 a= 40(MANAGER:6) r= -2.7194 cum=   -458.50 v= +0.0749 top5=[a38=0.031, a15=0.030, a19=0.030, a32=0.029, a14=0.027]
    OBS: year=1 month=3 season=0 money=4836 credit=191770 people=34 busy=0 free=34 home_places=110 need_workers=0 tax_due=1 main_tax_due=0 tax_amount=6402 main_tax_amount=0 days_alive=365 stage=0 res0=0 res1=200 res2=0 res3=0 res4=0 res5=0 res6=0 res7=0 res8=0 Garden=2 Road=10 House=1 | nw=1295980.1293
  s=  372 a= 38(MANAGER:4) r= -5.8106 cum=   -464.31 v= +0.0750 top5=[a38=0.031, a15=0.030, a19=0.030, a32=0.029, a14=0.027]
    OBS: year=0 month=3 season=0 money=82000 credit=0 people=28 busy=0 free=28 home_places=50 need_workers=0 tax_due=0 main_tax_due=0 tax_amount=5106 main_tax_amount=0 days_alive=0 stage=0 res0=0 res1=0 res2=0 res3=0 res4=0 res5=0 res6=0 res7=0 res8=0 | nw=1532000.0000
  >>> Ep 3: reward=-464.31, steps=373
  >>> final: year=0 month=3 season=0 money=82000 credit=0 people=28 busy=0 free=28 home_places=50 need_workers=0 tax_due=0 main_tax_due=0 tax_amount=5106 main_tax_amount=0 days_alive=0 stage=0 res0=0 res1=0 res2=0 res3=0 res4=0 res5=0 res6=0 res7=0 res8=0 | nw=1532000.0000

======================================================================
SUMMARY
======================================================================
Episodes: 3
Total steps: 1157
Mean reward: -412.84
Max reward:  -352.21
Min reward:  -464.31
  Ep 1: -352.21
  Ep 2: -422.01
  Ep 3: -464.31

ACTION DISTRIBUTION (all 1157 steps)
  BUILD:BigHouse      :    38 (3.3%)
  BUILD:AtomStation   :    34 (2.9%)
  BUILD:Puerperal     :    34 (2.9%)
  MANAGER:9           :    33 (2.9%)
  BUILD:PowerStation  :    33 (2.9%)
  BUILD:BigFarm       :    32 (2.8%)
  MANAGER:5           :    32 (2.8%)
  BUILD:Hothouse      :    32 (2.8%)
  BUILD:Coalmine      :    31 (2.7%)
  BUILD:Sawmill       :    31 (2.7%)
  BUILD:SmallAtomStation:    31 (2.7%)
  MANAGER:4           :    30 (2.6%)
  BUILD:BigSawmill    :    29 (2.5%)
  MANAGER:7           :    29 (2.5%)
  BUILD:SuperHouse    :    29 (2.5%)
  BUILD:Torchlight    :    28 (2.4%)
  BUILD:House         :    28 (2.4%)
  BUILD:WaterMill     :    28 (2.4%)
  BUILD:Mushroom      :    28 (2.4%)
  MANAGER:1           :    28 (2.4%)
  BUILD:Goldmine      :    27 (2.3%)
  WEEK                :    27 (2.3%)
  BUILD:AirStation    :    27 (2.3%)
  BUILD:CowFarm       :    27 (2.3%)
  MANAGER:6           :    26 (2.2%)
  MANAGER:0           :    25 (2.2%)
  BUILD:HydroStation  :    25 (2.2%)
  BUILD:Apiary        :    24 (2.1%)
  BUILD:Road          :    24 (2.1%)
  BUILD:WaterChannel  :    23 (2.0%)
  DAY                 :    23 (2.0%)
  BUILD:BigRefinary   :    22 (1.9%)
  BUILD:Farm          :    22 (1.9%)
  BUILD:Fish          :    21 (1.8%)
  BUILD:Garden        :    21 (1.8%)
  BUILD:CoalCut       :    21 (1.8%)
  MANAGER:10          :    20 (1.7%)
  MANAGER:3           :    20 (1.7%)
  BUILD:Refinery      :    19 (1.6%)
  BUILD:BigIronmine   :    19 (1.6%)
  MANAGER:8           :    19 (1.6%)
  MANAGER:2           :    19 (1.6%)
  BUILD:Ironmine      :    16 (1.4%)
  BUILD:HuntingLand   :    13 (1.1%)
  BUILD:SmallHouse    :     9 (0.8%)
