======================================================================
EPISODE 1
======================================================================
init: year=0 month=3 season=0 money=82000 credit=0 people=28 busy=0 free=28 home_places=50 need_workers=0 tax_due=0 main_tax_due=0 tax_amount=5106 main_tax_amount=0 days_alive=0 stage=0 res0=0 res1=0 res2=0 res3=0 res4=0 res5=0 res6=0 res7=0 res8=0 | nw=1532000.0000
  s=    0 a= 28(BUILD:BigRefinary) r= -0.8485 cum=     -0.85 v=-49.0308 top5=[a36=0.102, a39=0.084, a32=0.070, a44=0.058, a43=0.051]
    state: year=0 month=3 season=0 money=82000 credit=0 people=28 busy=0 free=28 home_places=50 need_workers=0 tax_due=0 main_tax_due=0 tax_amount=5106 main_tax_amount=0 days_alive=1 stage=0 res0=0 res1=0 res2=0 res3=0 res4=0 res5=0 res6=0 res7=0 res8=0 | nw=1532000.0000
  s=    1 a= 29(BUILD:Puerperal) r= +8.8122 cum=     +7.96 v= +2.1408 top5=[a12=0.029, a36=0.029, a39=0.029, a44=0.029, a0=0.029]
  s=    2 a=  4(BUILD:Garden) r= -0.1506 cum=     +7.81 v=+15.8059 top5=[a1=0.031, a0=0.031, a4=0.029, a15=0.029, a12=0.029]
  s=    3 a= 36(MANAGER:2) r= -0.1637 cum=     +7.65 v=+12.0035 top5=[a0=0.030, a1=0.029, a15=0.028, a12=0.028, a4=0.028]
  s=    4 a= 31(BUILD:AirStation) r= +2.9346 cum=    +10.58 v=+11.2290 top5=[a0=0.029, a1=0.028, a12=0.028, a15=0.027, a4=0.027]
  s=    5 a=  4(BUILD:Garden) r= -0.1870 cum=    +10.40 v=+17.2361 top5=[a0=0.029, a4=0.029, a15=0.029, a29=0.029, a1=0.029]
  s=    6 a= 33(BUILD:AtomStation) r= -0.1965 cum=    +10.20 v=+15.4975 top5=[a0=0.029, a15=0.029, a4=0.028, a29=0.028, a1=0.028]
  s=    7 a=  9(BUILD:Ironmine) r= -0.2057 cum=     +9.99 v=+15.0671 top5=[a0=0.029, a15=0.028, a4=0.028, a29=0.028, a1=0.028]
  s=    8 a= 38(MANAGER:4) r= +1.2161 cum=    +11.21 v=+14.6575 top5=[a0=0.029, a15=0.028, a29=0.028, a4=0.028, a1=0.027]
  s=    9 a= 34(MANAGER:0) r= -0.2250 cum=    +10.99 v=+14.9326 top5=[a0=0.029, a29=0.028, a15=0.028, a4=0.028, a1=0.027]
  s=   10 a= 35(MANAGER:1) r= -0.2329 cum=    +10.75 v=+14.8223 top5=[a0=0.029, a29=0.028, a15=0.028, a4=0.027, a44=0.027]
  s=   11 a= 20(BUILD:BigHouse) r= -0.2406 cum=    +10.51 v=+14.8092 top5=[a0=0.029, a29=0.029, a15=0.028, a4=0.027, a44=0.027]
  s=   12 a= 40(MANAGER:6) r= -0.2481 cum=    +10.26 v=+14.8525 top5=[a0=0.030, a29=0.029, a15=0.028, a4=0.028, a44=0.027]
  s=   13 a= 43(MANAGER:9) r= -2.3831 cum=     +7.88 v=+14.9258 top5=[a0=0.030, a29=0.029, a15=0.028, a4=0.028, a44=0.027]
  s=   14 a= 40(MANAGER:6) r= -0.2507 cum=     +7.63 v=+15.0364 top5=[a0=0.030, a29=0.029, a15=0.028, a4=0.028, a44=0.027]
  s=   15 a= 43(MANAGER:9) r= -0.2577 cum=     +7.37 v=+15.1585 top5=[a0=0.030, a29=0.029, a15=0.028, a44=0.028, a4=0.028]
  s=   16 a= 20(BUILD:BigHouse) r= -0.2825 cum=     +7.09 v=+14.5350 top5=[a0=0.031, a29=0.030, a15=0.028, a12=0.028, a38=0.028]
  s=   17 a= 22(BUILD:Apiary) r= +4.5176 cum=    +11.61 v=+13.4920 top5=[a0=0.031, a15=0.029, a12=0.029, a29=0.029, a38=0.028]
  s=   18 a= 18(BUILD:CowFarm) r= -0.2740 cum=    +11.33 v=+17.4947 top5=[a0=0.030, a15=0.030, a29=0.029, a1=0.028, a4=0.028]
  s=   19 a= 13(BUILD:HydroStation) r= -0.2739 cum=    +11.06 v=+17.4115 top5=[a0=0.030, a15=0.030, a29=0.029, a1=0.028, a4=0.028]
  s=   20 a= 38(MANAGER:4) r= +1.5033 cum=    +12.56 v=+17.3004 top5=[a0=0.030, a29=0.030, a15=0.030, a1=0.028, a4=0.028]
  s=   21 a= 40(MANAGER:6) r= -0.2846 cum=    +12.28 v=+17.4181 top5=[a0=0.031, a29=0.030, a15=0.030, a12=0.028, a38=0.028]
  s=   22 a= 21(BUILD:BigFarm) r= -0.2899 cum=    +11.99 v=+17.3292 top5=[a0=0.031, a29=0.030, a15=0.030, a12=0.029, a38=0.028]
  s=   23 a= 39(MANAGER:5) r= +1.5866 cum=    +13.58 v=+17.2515 top5=[a0=0.031, a29=0.030, a15=0.030, a12=0.029, a38=0.028]
  s=   24 a= 38(MANAGER:4) r= +1.6031 cum=    +15.18 v=+16.9039 top5=[a29=0.030, a0=0.030, a15=0.030, a12=0.029, a4=0.028]
  s=   25 a= 33(BUILD:AtomStation) r= -0.3035 cum=    +14.87 v=+17.1177 top5=[a0=0.031, a29=0.031, a15=0.030, a12=0.029, a38=0.029]
  s=   26 a= 15(BUILD:Fish) r= -2.7646 cum=    +12.11 v=+17.0582 top5=[a0=0.031, a29=0.031, a15=0.030, a12=0.029, a38=0.029]
  s=   27 a= 34(MANAGER:0) r= -0.2938 cum=    +11.82 v=+17.0043 top5=[a0=0.031, a29=0.031, a15=0.030, a12=0.029, a38=0.029]
  s=   28 a=  1(WEEK) r= +0.0952 cum=    +11.91 v=+16.9636 top5=[a0=0.032, a29=0.031, a15=0.030, a12=0.029, a38=0.029]
  s=   29 a= 11(BUILD:Goldmine) r= -0.3098 cum=    +11.60 v=+10.8902 top5=[a39=0.037, a38=0.037, a44=0.034, a29=0.031, a12=0.031]
  s=   30 a= 23(BUILD:Torchlight) r= -0.3142 cum=    +11.29 v=+10.8014 top5=[a39=0.037, a38=0.037, a44=0.034, a12=0.031, a29=0.031]
  s=   31 a=  3(BUILD:Farm) r= +5.0779 cum=    +16.37 v=+10.7665 top5=[a39=0.037, a38=0.037, a44=0.034, a12=0.031, a29=0.031]
  s=   32 a=  0(DAY) r= +0.1776 cum=    +16.54 v=+17.2141 top5=[a38=0.036, a44=0.035, a29=0.034, a39=0.034, a15=0.031]
  s=   33 a= 22(BUILD:Apiary) r= -0.3031 cum=    +16.24 v=+17.1050 top5=[a38=0.037, a44=0.035, a29=0.034, a39=0.034, a15=0.031]
  s=   34 a= 11(BUILD:Goldmine) r= -0.3068 cum=    +15.93 v=+17.0220 top5=[a38=0.036, a29=0.035, a44=0.034, a39=0.034, a15=0.031]
  s=   35 a=  5(BUILD:House) r= -0.3105 cum=    +15.62 v=+16.9346 top5=[a38=0.037, a29=0.035, a44=0.034, a39=0.034, a12=0.031]
  s=   36 a= 40(MANAGER:6) r= -0.3238 cum=    +15.30 v=+23.5027 top5=[a39=0.046, a38=0.045, a44=0.041, a12=0.041, a29=0.040]
  s=   37 a= 16(BUILD:CoalCut) r= -0.3255 cum=    +14.97 v=+22.3358 top5=[a38=0.045, a39=0.044, a12=0.040, a44=0.040, a29=0.038]
  s=   38 a= 19(BUILD:Mushroom) r= -0.3311 cum=    +14.64 v=+21.5528 top5=[a38=0.044, a39=0.043, a44=0.039, a12=0.039, a29=0.037]
  s=   39 a= 12(BUILD:PowerStation) r= +0.9387 cum=    +15.58 v=+20.9936 top5=[a38=0.044, a39=0.043, a44=0.039, a12=0.038, a29=0.037]
  s=   40 a=  0(DAY) r= +0.1921 cum=    +15.77 v=+21.8309 top5=[a38=0.044, a39=0.042, a44=0.038, a12=0.038, a29=0.037]
  s=   41 a=  0(DAY) r= +5.2946 cum=    +21.07 v=+21.2346 top5=[a38=0.046, a39=0.043, a44=0.040, a29=0.038, a12=0.037]
  s=   42 a= 39(MANAGER:5) r= +1.6523 cum=    +22.72 v=+22.6575 top5=[a38=0.049, a39=0.045, a44=0.041, a12=0.040, a29=0.037]
  s=   43 a= 33(BUILD:AtomStation) r= -0.3439 cum=    +22.38 v=+20.7004 top5=[a38=0.049, a39=0.043, a12=0.041, a44=0.040, a29=0.037]
  s=   44 a= 30(BUILD:BigIronmine) r= -0.3401 cum=    +22.04 v=+20.5810 top5=[a38=0.048, a39=0.043, a12=0.041, a44=0.040, a29=0.037]
  s=   45 a=  4(BUILD:Garden) r= -0.3451 cum=    +21.69 v=+20.5272 top5=[a38=0.048, a39=0.043, a12=0.041, a44=0.040, a29=0.037]
  s=   46 a=  4(BUILD:Garden) r= -0.3363 cum=    +21.35 v=+21.0158 top5=[a38=0.050, a39=0.044, a44=0.043, a12=0.042, a29=0.039]
  s=   47 a= 38(MANAGER:4) r= +1.7344 cum=    +23.09 v=+21.0599 top5=[a38=0.049, a39=0.044, a44=0.043, a12=0.042, a29=0.040]
  s=   48 a=  1(WEEK) r= -2.7279 cum=    +20.36 v=+22.4609 top5=[a38=0.049, a39=0.045, a44=0.044, a12=0.041, a29=0.040]
  s=   49 a= 25(BUILD:SuperHouse) r= -0.3573 cum=    +20.00 v=+10.0515 top5=[a39=0.069, a38=0.063, a44=0.040, a35=0.036, a34=0.034]
  s=   50 a= 28(BUILD:BigRefinary) r= -0.3674 cum=    +19.64 v=+10.3590 top5=[a39=0.068, a38=0.062, a44=0.040, a35=0.036, a34=0.034]
    state: year=0 month=5 season=0 money=3680 credit=0 people=28 busy=3 free=25 home_places=50 need_workers=3 tax_due=0 main_tax_due=0 tax_amount=6786 main_tax_amount=0 days_alive=63 stage=0 res0=0 res1=0 res2=0 res3=0 res4=0 res5=0 res6=0 res7=0 res8=0 Garden=1 Road=1 Apiary=1 Puerperal=1 AirStation=1 | nw=1531537.1190
  s=   51 a= 17(BUILD:HuntingLand) r= -0.3604 cum=    +19.28 v=+10.6273 top5=[a39=0.067, a38=0.060, a44=0.040, a35=0.036, a34=0.035]
  s=   52 a= 34(MANAGER:0) r= -0.3633 cum=    +18.91 v=+10.8698 top5=[a39=0.066, a38=0.059, a44=0.040, a35=0.036, a34=0.035]
  s=   53 a= 38(MANAGER:4) r= +1.7589 cum=    +20.67 v=+11.0853 top5=[a39=0.065, a38=0.058, a44=0.040, a35=0.036, a34=0.035]
  s=   54 a= 11(BUILD:Goldmine) r= -0.3676 cum=    +20.30 v=+13.2405 top5=[a39=0.075, a38=0.061, a44=0.042, a34=0.036, a35=0.035]
  s=   55 a= 21(BUILD:BigFarm) r= -0.3704 cum=    +19.93 v=+13.4866 top5=[a39=0.074, a38=0.060, a44=0.042, a34=0.036, a35=0.035]
  s=   56 a= 16(BUILD:CoalCut) r= -0.3743 cum=    +19.56 v=+13.7310 top5=[a39=0.073, a38=0.060, a44=0.042, a34=0.036, a35=0.034]
  s=   57 a= 30(BUILD:BigIronmine) r= -0.3746 cum=    +19.18 v=+13.9854 top5=[a39=0.072, a38=0.059, a44=0.043, a34=0.036, a35=0.034]
  s=   58 a= 14(BUILD:Road) r= -3.1247 cum=    +16.06 v=+14.2990 top5=[a39=0.071, a38=0.058, a44=0.043, a34=0.036, a35=0.034]
  s=   59 a=  2(BUILD:WaterChannel) r= -0.3783 cum=    +15.68 v=+14.6794 top5=[a39=0.070, a38=0.058, a44=0.044, a34=0.036, a35=0.034]
  s=   60 a=  5(BUILD:House) r= -0.3736 cum=    +15.31 v=+15.1123 top5=[a39=0.069, a38=0.057, a44=0.044, a34=0.036, a35=0.034]
  s=   61 a= 34(MANAGER:0) r= -0.3855 cum=    +14.92 v=+15.5550 top5=[a39=0.069, a38=0.056, a44=0.045, a34=0.036, a29=0.035]
  s=   62 a= 22(BUILD:Apiary) r= -0.3789 cum=    +14.54 v=+16.0100 top5=[a39=0.068, a38=0.056, a44=0.046, a34=0.035, a29=0.035]
  s=   63 a=  7(BUILD:Sawmill) r= -0.3921 cum=    +14.15 v=+16.5085 top5=[a39=0.067, a38=0.055, a44=0.046, a29=0.036, a34=0.035]
  s=   64 a=  6(BUILD:SmallHouse) r= -0.3841 cum=    +13.77 v=+17.0542 top5=[a39=0.067, a38=0.055, a44=0.047, a29=0.037, a0=0.035]
  s=   65 a= 39(MANAGER:5) r= +1.8683 cum=    +15.64 v=+17.6190 top5=[a39=0.067, a38=0.055, a44=0.048, a29=0.038, a0=0.035]
  s=   66 a=  2(BUILD:WaterChannel) r= -0.3978 cum=    +15.24 v=+16.0011 top5=[a39=0.058, a38=0.054, a44=0.046, a29=0.040, a12=0.037]
  s=   67 a= 19(BUILD:Mushroom) r= -0.3908 cum=    +14.85 v=+16.4611 top5=[a39=0.058, a38=0.054, a44=0.046, a29=0.041, a12=0.037]
  s=   68 a= 16(BUILD:CoalCut) r= -3.2363 cum=    +11.61 v=+16.9218 top5=[a39=0.058, a38=0.054, a44=0.047, a29=0.041, a12=0.038]
  s=   69 a=  0(DAY) r= +0.1734 cum=    +11.78 v=+17.3551 top5=[a39=0.058, a38=0.054, a44=0.047, a29=0.042, a12=0.038]
  s=   70 a= 23(BUILD:Torchlight) r= -0.3765 cum=    +11.41 v=+17.8008 top5=[a39=0.058, a38=0.054, a44=0.048, a29=0.043, a12=0.039]
  s=   71 a= 38(MANAGER:4) r= +1.8720 cum=    +13.28 v=+18.2877 top5=[a39=0.058, a38=0.054, a44=0.048, a29=0.044, a12=0.039]
  s=   72 a=  0(DAY) r= +0.1736 cum=    +13.45 v=+21.2492 top5=[a39=0.067, a38=0.056, a44=0.052, a29=0.043, a12=0.038]
  s=   73 a= 16(BUILD:CoalCut) r= -0.4002 cum=    +13.05 v=+21.6497 top5=[a39=0.066, a38=0.056, a44=0.052, a29=0.043, a12=0.038]
  s=   74 a= 41(MANAGER:7) r= -0.9690 cum=    +12.08 v=+22.0206 top5=[a39=0.066, a38=0.056, a44=0.053, a29=0.044, a12=0.039]
  s=   75 a= 19(BUILD:Mushroom) r= -0.4017 cum=    +11.68 v=+21.7422 top5=[a38=0.098, a39=0.094, a44=0.068, a34=0.051, a29=0.049]
  s=   76 a= 34(MANAGER:0) r= -0.4231 cum=    +11.26 v=+21.7714 top5=[a38=0.082, a39=0.082, a44=0.059, a29=0.046, a34=0.043]
  s=   77 a= 35(MANAGER:1) r= +0.4170 cum=    +11.68 v=+22.1629 top5=[a39=0.077, a38=0.075, a44=0.058, a29=0.046, a12=0.042]
  s=   78 a= 40(MANAGER:6) r= -2.6158 cum=     +9.06 v=+22.4466 top5=[a39=0.074, a38=0.072, a44=0.058, a29=0.045, a12=0.042]
  s=   79 a= 32(BUILD:SmallAtomStation) r= -0.3995 cum=     +8.66 v=+22.3051 top5=[a39=0.073, a38=0.069, a44=0.058, a29=0.045, a12=0.042]
  s=   80 a= 38(MANAGER:4) r= +1.9378 cum=    +10.60 v=+11.0562 top5=[a38=0.613, a39=0.384, a36=0.001, a12=0.001, a44=0.000]
  s=   81 a= 39(MANAGER:5) r= +1.9340 cum=    +12.53 v=+11.8601 top5=[a39=0.491, a38=0.486, a36=0.010, a12=0.006, a44=0.002]
  s=   82 a= 38(MANAGER:4) r= +1.9273 cum=    +14.46 v=+12.7231 top5=[a38=0.492, a39=0.443, a36=0.022, a12=0.014, a44=0.008]
  s=   83 a= 39(MANAGER:5) r= +1.9266 cum=    +16.39 v=+10.7196 top5=[a39=0.465, a38=0.430, a36=0.032, a12=0.019, a44=0.013]
  s=   84 a= 39(MANAGER:5) r= +1.9263 cum=    +18.31 v=+10.6660 top5=[a38=0.425, a39=0.409, a36=0.040, a12=0.027, a44=0.020]
  s=   85 a= 39(MANAGER:5) r= +1.9262 cum=    +20.24 v= +9.4524 top5=[a38=0.413, a39=0.355, a36=0.046, a12=0.034, a44=0.027]
  s=   86 a= 38(MANAGER:4) r= +1.9263 cum=    +22.17 v= +5.5522 top5=[a38=0.470, a39=0.284, a36=0.045, a12=0.043, a44=0.028]
  s=   87 a= 38(MANAGER:4) r= +3.0919 cum=    +25.26 v= +8.4100 top5=[a38=0.361, a39=0.314, a36=0.052, a12=0.039, a44=0.035]
  s=   88 a= 39(MANAGER:5) r= -0.9738 cum=    +24.28 v= +8.6516 top5=[a39=0.331, a38=0.329, a36=0.054, a12=0.038, a44=0.035]
  s=   89 a= 12(BUILD:PowerStation) r= +1.0236 cum=    +25.31 v= +7.8091 top5=[a38=0.323, a39=0.279, a36=0.053, a12=0.042, a44=0.039]
  s=   90 a= 39(MANAGER:5) r= +1.9223 cum=    +27.23 v= +6.5344 top5=[a38=0.339, a39=0.261, a36=0.045, a12=0.040, a44=0.040]
  s=   91 a=  0(DAY) r= +0.1806 cum=    +27.41 v= +3.8846 top5=[a38=0.377, a39=0.227, a12=0.047, a36=0.041, a44=0.041]
  s=   92 a= 38(MANAGER:4) r= +1.9335 cum=    +29.34 v= +3.8064 top5=[a38=0.342, a39=0.213, a12=0.049, a44=0.043, a36=0.042]
  s=   93 a= 38(MANAGER:4) r= +1.9345 cum=    +31.28 v= +7.0076 top5=[a38=0.296, a39=0.229, a36=0.043, a44=0.042, a12=0.041]
  s=   94 a= 39(MANAGER:5) r= +1.9355 cum=    +33.21 v= +7.6179 top5=[a38=0.275, a39=0.253, a36=0.046, a44=0.041, a12=0.040]
  s=   95 a= 36(MANAGER:2) r= +0.9668 cum=    +34.18 v= +7.1422 top5=[a38=0.272, a39=0.212, a44=0.042, a36=0.042, a12=0.042]
  s=   96 a= 41(MANAGER:7) r= -0.4049 cum=    +33.78 v= +5.2896 top5=[a38=0.262, a39=0.214, a36=0.046, a44=0.041, a12=0.039]
  s=   97 a= 24(BUILD:Hothouse) r= -0.3953 cum=    +33.38 v= +5.2453 top5=[a38=0.253, a39=0.208, a36=0.045, a44=0.041, a12=0.039]
  s=   98 a= 38(MANAGER:4) r= -1.0007 cum=    +32.38 v= +5.3249 top5=[a38=0.245, a39=0.202, a36=0.043, a44=0.041, a12=0.039]
  s=   99 a= 15(BUILD:Fish) r= -0.4077 cum=    +31.97 v= +6.5422 top5=[a38=0.231, a39=0.229, a36=0.046, a44=0.041, a12=0.038]
  s=  100 a= 39(MANAGER:5) r= +1.9844 cum=    +33.96 v= +6.5942 top5=[a38=0.224, a39=0.224, a36=0.044, a44=0.041, a12=0.038]
    state: year=0 month=6 season=1 money=1410 credit=0 people=28 busy=3 free=25 home_places=50 need_workers=3 tax_due=0 main_tax_due=0 tax_amount=6802 main_tax_amount=0 days_alive=113 stage=0 res0=0 res1=400 res2=0 res3=0 res4=0 res5=0 res6=0 res7=0 res8=0 Garden=1 Road=2 Apiary=1 Puerperal=1 AirStation=1 | nw=1530387.3534
  s=  101 a=  7(BUILD:Sawmill) r= -0.4107 cum=    +33.55 v= +5.4383 top5=[a38=0.221, a39=0.186, a44=0.040, a36=0.039, a12=0.039]
  s=  102 a= 38(MANAGER:4) r= +1.9866 cum=    +35.53 v= +5.4744 top5=[a38=0.213, a39=0.182, a44=0.040, a12=0.039, a36=0.038]
  s=  103 a= 40(MANAGER:6) r= +0.3232 cum=    +35.86 v= +6.7443 top5=[a39=0.210, a38=0.207, a36=0.040, a44=0.040, a12=0.038]
  s=  104 a= 19(BUILD:Mushroom) r= -0.4143 cum=    +35.44 v= +6.8178 top5=[a39=0.206, a38=0.202, a44=0.039, a36=0.039, a12=0.038]
  s=  105 a= 38(MANAGER:4) r= +1.9979 cum=    +37.44 v= +6.8541 top5=[a39=0.203, a38=0.197, a44=0.039, a12=0.038, a36=0.037]
  s=  106 a= 39(MANAGER:5) r= +2.0094 cum=    +39.45 v= +7.3533 top5=[a39=0.244, a38=0.188, a44=0.038, a36=0.037, a12=0.036]
  s=  107 a= 11(BUILD:Goldmine) r= -0.4159 cum=    +39.03 v= +6.7200 top5=[a39=0.198, a38=0.188, a44=0.039, a12=0.038, a36=0.035]
  s=  108 a= 15(BUILD:Fish) r= -3.4454 cum=    +35.59 v= +6.6270 top5=[a39=0.196, a38=0.183, a44=0.039, a12=0.038, a36=0.033]
  s=  109 a= 39(MANAGER:5) r= +1.9677 cum=    +37.56 v= +6.5272 top5=[a39=0.193, a38=0.179, a44=0.039, a12=0.038, a0=0.033]
  s=  110 a= 40(MANAGER:6) r= -0.4097 cum=    +37.15 v= +1.9782 top5=[a38=0.184, a39=0.153, a44=0.055, a36=0.040, a0=0.036]
  s=  111 a= 28(BUILD:BigRefinary) r= -0.4098 cum=    +36.74 v= +2.0400 top5=[a38=0.180, a39=0.151, a44=0.055, a36=0.040, a0=0.036]
  s=  112 a= 35(MANAGER:1) r= +0.2755 cum=    +37.01 v= +2.1247 top5=[a38=0.177, a39=0.149, a44=0.054, a36=0.039, a0=0.036]
  s=  113 a= 38(MANAGER:4) r= +1.9909 cum=    +39.00 v= +2.2301 top5=[a38=0.174, a39=0.146, a44=0.053, a36=0.039, a0=0.036]
  s=  114 a= 39(MANAGER:5) r= +1.9909 cum=    +40.99 v= +3.9933 top5=[a39=0.175, a38=0.174, a44=0.053, a36=0.042, a0=0.038]
  s=  115 a= 35(MANAGER:1) r= +0.2038 cum=    +41.20 v= +2.3828 top5=[a38=0.167, a39=0.142, a44=0.052, a36=0.038, a0=0.035]
  s=  116 a= 33(BUILD:AtomStation) r= -0.4047 cum=    +40.79 v= +2.4318 top5=[a38=0.165, a39=0.140, a44=0.051, a36=0.037, a0=0.035]
  s=  117 a=  0(DAY) r= +0.1884 cum=    +40.98 v= +2.4333 top5=[a38=0.162, a39=0.139, a44=0.051, a36=0.036, a0=0.035]
  s=  118 a= 25(BUILD:SuperHouse) r= -3.4617 cum=    +37.52 v= +2.4171 top5=[a38=0.159, a39=0.137, a44=0.050, a36=0.036, a0=0.035]
  s=  119 a= 44(MANAGER:10) r= +0.4848 cum=    +38.00 v= +2.3885 top5=[a38=0.156, a39=0.135, a44=0.049, a36=0.035, a0=0.035]
  s=  120 a= 34(MANAGER:0) r= -0.4137 cum=    +37.59 v= +2.3573 top5=[a38=0.154, a39=0.133, a44=0.049, a0=0.034, a36=0.034]
  s=  121 a= 33(BUILD:AtomStation) r= -0.4138 cum=    +37.18 v= +2.3376 top5=[a38=0.152, a39=0.131, a44=0.048, a0=0.034, a36=0.034]
  s=  122 a=  0(DAY) r= +0.1878 cum=    +37.36 v= +2.2989 top5=[a38=0.149, a39=0.129, a44=0.047, a0=0.034, a36=0.033]
  s=  123 a= 39(MANAGER:5) r= +2.0102 cum=    +39.37 v= +2.2574 top5=[a38=0.147, a39=0.128, a44=0.047, a0=0.034, a36=0.032]
  s=  124 a= 21(BUILD:BigFarm) r= -0.4180 cum=    +38.96 v= +5.3684 top5=[a38=0.167, a39=0.134, a44=0.051, a0=0.041, a12=0.033]
  s=  125 a= 43(MANAGER:9) r= -0.4194 cum=    +38.54 v= +5.0381 top5=[a38=0.160, a39=0.129, a44=0.049, a0=0.040, a12=0.033]
  s=  126 a= 18(BUILD:CowFarm) r= -0.4207 cum=    +38.12 v= +4.8873 top5=[a38=0.155, a39=0.125, a44=0.048, a0=0.039, a12=0.033]
  s=  127 a=  9(BUILD:Ironmine) r= -0.4220 cum=    +37.69 v= +4.8441 top5=[a38=0.151, a39=0.123, a44=0.047, a0=0.039, a12=0.033]
  s=  128 a= 23(BUILD:Torchlight) r= -3.4947 cum=    +34.20 v= +4.8374 top5=[a38=0.147, a39=0.120, a44=0.046, a0=0.038, a12=0.033]
  s=  129 a= 39(MANAGER:5) r= +2.0007 cum=    +36.20 v= +4.8100 top5=[a38=0.144, a39=0.117, a44=0.045, a0=0.038, a12=0.033]
  s=  130 a= 38(MANAGER:4) r= +2.0000 cum=    +38.20 v= +2.7291 top5=[a38=0.626, a39=0.089, a0=0.027, a44=0.025, a24=0.016]
  s=  131 a= 38(MANAGER:4) r= +1.9994 cum=    +40.20 v= +5.4540 top5=[a38=0.395, a39=0.134, a44=0.036, a0=0.032, a24=0.022]
  s=  132 a= 20(BUILD:BigHouse) r= -0.4161 cum=    +39.78 v= +7.3343 top5=[a38=0.286, a39=0.161, a44=0.039, a0=0.035, a24=0.024]
  s=  133 a= 38(MANAGER:4) r= +2.0050 cum=    +41.79 v= +7.5629 top5=[a38=0.240, a39=0.156, a44=0.039, a0=0.036, a24=0.025]
  s=  134 a= 39(MANAGER:5) r= +2.0045 cum=    +43.79 v= +8.5586 top5=[a38=0.211, a39=0.201, a44=0.039, a0=0.038, a24=0.026]
  s=  135 a= 22(BUILD:Apiary) r= -0.4056 cum=    +43.39 v= +7.0659 top5=[a38=0.200, a39=0.148, a44=0.039, a0=0.037, a24=0.027]
  s=  136 a= 38(MANAGER:4) r= +2.0101 cum=    +45.40 v= +6.6671 top5=[a38=0.190, a39=0.146, a44=0.039, a0=0.037, a24=0.027]
  s=  137 a= 12(BUILD:PowerStation) r= +1.0749 cum=    +46.47 v= +7.8351 top5=[a39=0.190, a38=0.185, a44=0.039, a0=0.038, a24=0.027]
  s=  138 a= 41(MANAGER:7) r= -0.4195 cum=    +46.05 v= +7.3827 top5=[a38=0.202, a39=0.184, a44=0.043, a0=0.035, a24=0.025]
  s=  139 a= 38(MANAGER:4) r= +2.0270 cum=    +48.08 v= +7.4761 top5=[a38=0.196, a39=0.182, a44=0.043, a0=0.035, a24=0.026]
  s=  140 a= 39(MANAGER:5) r= +2.0206 cum=    +50.10 v= +4.9165 top5=[a39=0.215, a38=0.143, a44=0.043, a0=0.034, a12=0.029]
  s=  141 a= 24(BUILD:Hothouse) r= -0.4205 cum=    +49.68 v= -1.2810 top5=[a39=0.150, a38=0.140, a44=0.060, a0=0.037, a36=0.030]
  s=  142 a= 39(MANAGER:5) r= +2.0258 cum=    +51.71 v= -1.1922 top5=[a39=0.149, a38=0.139, a44=0.059, a0=0.036, a36=0.030]
  s=  143 a= 38(MANAGER:4) r= +2.0254 cum=    +53.73 v= -2.7810 top5=[a38=0.133, a39=0.119, a44=0.057, a0=0.033, a29=0.028]
  s=  144 a= 39(MANAGER:5) r= +2.0252 cum=    +55.76 v= -2.4984 top5=[a39=0.143, a38=0.130, a44=0.057, a0=0.039, a36=0.034]
  s=  145 a= 38(MANAGER:4) r= +2.0250 cum=    +57.78 v= -4.6670 top5=[a38=0.126, a39=0.112, a44=0.055, a0=0.035, a36=0.031]
  s=  146 a= 19(BUILD:Mushroom) r= -3.4797 cum=    +54.30 v= -2.2397 top5=[a39=0.144, a38=0.129, a44=0.055, a0=0.038, a36=0.033]
  s=  147 a= 29(BUILD:Puerperal) r= -0.4152 cum=    +53.89 v= -2.1029 top5=[a39=0.145, a38=0.129, a44=0.054, a0=0.038, a36=0.032]
  s=  148 a= 35(MANAGER:1) r= +0.3711 cum=    +54.26 v= -2.0118 top5=[a39=0.145, a38=0.129, a44=0.053, a0=0.037, a36=0.031]
  s=  149 a=  2(BUILD:WaterChannel) r= -0.4177 cum=    +53.84 v= -1.9411 top5=[a39=0.146, a38=0.129, a44=0.052, a0=0.037, a36=0.031]
  s=  150 a= 43(MANAGER:9) r= -0.4187 cum=    +53.42 v= -1.8660 top5=[a39=0.147, a38=0.129, a44=0.051, a0=0.037, a36=0.030]
    state: year=0 month=8 season=1 money=707 credit=0 people=28 busy=3 free=25 home_places=50 need_workers=3 tax_due=0 main_tax_due=0 tax_amount=6810 main_tax_amount=0 days_alive=163 stage=0 res0=0 res1=400 res2=0 res3=0 res4=0 res5=0 res6=0 res7=0 res8=0 Garden=1 Road=3 Apiary=1 Puerperal=1 AirStation=1 | nw=1529410.4238
  s=  151 a= 10(BUILD:Refinery) r= -0.4198 cum=    +53.00 v= -1.7927 top5=[a39=0.148, a38=0.128, a44=0.050, a0=0.036, a36=0.029]
  s=  152 a= 35(MANAGER:1) r= +0.2302 cum=    +53.23 v= -1.7229 top5=[a39=0.149, a38=0.127, a44=0.049, a0=0.036, a36=0.028]
  s=  153 a= 19(BUILD:Mushroom) r= -0.4222 cum=    +52.81 v= -1.6346 top5=[a39=0.149, a38=0.126, a44=0.049, a0=0.036, a35=0.028]
  s=  154 a= 12(BUILD:PowerStation) r= +1.0877 cum=    +53.90 v= -1.5535 top5=[a39=0.149, a38=0.125, a44=0.048, a0=0.035, a35=0.028]
  s=  155 a= 12(BUILD:PowerStation) r= -0.4244 cum=    +53.47 v= -2.9971 top5=[a39=0.146, a38=0.139, a44=0.052, a0=0.033, a29=0.028]
  s=  156 a=  3(BUILD:Farm) r= -0.4136 cum=    +53.06 v= -2.7289 top5=[a39=0.145, a38=0.137, a44=0.051, a0=0.033, a29=0.028]
  s=  157 a= 30(BUILD:BigIronmine) r= -0.4265 cum=    +52.63 v= -2.4484 top5=[a39=0.144, a38=0.135, a44=0.050, a0=0.033, a29=0.028]
  s=  158 a= 36(MANAGER:2) r= +0.5393 cum=    +53.17 v= -2.1822 top5=[a39=0.143, a38=0.134, a44=0.050, a0=0.033, a29=0.028]
  s=  159 a= 28(BUILD:BigRefinary) r= -0.4288 cum=    +52.74 v= -1.9059 top5=[a39=0.142, a38=0.132, a44=0.050, a0=0.033, a29=0.029]
  s=  160 a= 16(BUILD:CoalCut) r= -0.4299 cum=    +52.31 v= -1.6884 top5=[a39=0.141, a38=0.131, a44=0.049, a0=0.032, a29=0.029]
  s=  161 a= 17(BUILD:HuntingLand) r= -0.4309 cum=    +51.88 v= -4.1570 top5=[a39=0.151, a38=0.132, a44=0.045, a0=0.034, a24=0.029]
  s=  162 a=  6(BUILD:SmallHouse) r= -0.4319 cum=    +51.45 v= -4.0470 top5=[a39=0.151, a38=0.130, a44=0.045, a0=0.033, a24=0.029]
  s=  163 a= 12(BUILD:PowerStation) r= -3.5741 cum=    +47.88 v= -3.9408 top5=[a39=0.149, a38=0.129, a44=0.044, a0=0.033, a24=0.029]
  s=  164 a= 29(BUILD:Puerperal) r= -0.4267 cum=    +47.45 v= -3.8408 top5=[a39=0.148, a38=0.128, a44=0.043, a0=0.033, a24=0.029]
  s=  165 a=  2(BUILD:WaterChannel) r= -0.4277 cum=    +47.02 v= -3.7401 top5=[a39=0.147, a38=0.126, a44=0.043, a0=0.033, a24=0.030]
  s=  166 a= 41(MANAGER:7) r= -0.4287 cum=    +46.59 v= -3.6369 top5=[a39=0.146, a38=0.125, a44=0.043, a0=0.033, a24=0.030]
  s=  167 a= 23(BUILD:Torchlight) r= -0.4237 cum=    +46.17 v= -3.5050 top5=[a39=0.144, a38=0.123, a44=0.042, a0=0.033, a24=0.030]
  s=  168 a=  8(BUILD:Coalmine) r= -0.4308 cum=    +45.74 v= -3.3617 top5=[a39=0.143, a38=0.122, a44=0.042, a0=0.033, a24=0.031]
  s=  169 a= 32(BUILD:SmallAtomStation) r= -0.4258 cum=    +45.31 v= -3.2187 top5=[a39=0.141, a38=0.121, a44=0.043, a0=0.033, a24=0.031]
  s=  170 a= 30(BUILD:BigIronmine) r= -0.4328 cum=    +44.88 v= -3.1143 top5=[a39=0.139, a38=0.119, a44=0.043, a0=0.033, a24=0.031]
  s=  171 a= 38(MANAGER:4) r= +2.0843 cum=    +46.96 v= -3.0239 top5=[a39=0.138, a38=0.118, a44=0.043, a0=0.034, a24=0.031]
  s=  172 a= 39(MANAGER:5) r= +2.0704 cum=    +49.03 v=-29.5254 top5=[a39=0.511, a38=0.308, a44=0.050, a0=0.033, a36=0.019]
  s=  173 a= 38(MANAGER:4) r= -1.0616 cum=    +47.97 v=-31.4952 top5=[a39=0.417, a38=0.353, a44=0.055, a0=0.038, a36=0.025]
  s=  174 a= 38(MANAGER:4) r= -0.4249 cum=    +47.55 v=-27.6287 top5=[a39=0.467, a38=0.272, a44=0.063, a0=0.041, a36=0.027]
  s=  175 a= 13(BUILD:HydroStation) r= -0.4345 cum=    +47.11 v=-26.7861 top5=[a39=0.451, a38=0.251, a44=0.067, a0=0.043, a36=0.029]
  s=  176 a= 39(MANAGER:5) r= +2.0920 cum=    +49.21 v=-26.2250 top5=[a39=0.442, a38=0.237, a44=0.069, a0=0.044, a36=0.031]
  s=  177 a= 39(MANAGER:5) r= +6.3130 cum=    +55.52 v=-27.4880 top5=[a39=0.353, a38=0.270, a44=0.068, a0=0.043, a36=0.034]
  s=  178 a=  0(DAY) r= +0.3590 cum=    +55.88 v=-27.6953 top5=[a39=0.295, a38=0.289, a44=0.067, a0=0.043, a36=0.035]
  s=  179 a= 38(MANAGER:4) r= +2.0134 cum=    +57.89 v=-26.6944 top5=[a39=0.293, a38=0.279, a44=0.066, a0=0.042, a36=0.034]
  s=  180 a= 10(BUILD:Refinery) r= -0.4338 cum=    +57.46 v=-24.9136 top5=[a39=0.344, a38=0.244, a44=0.067, a0=0.042, a36=0.033]
  s=  181 a= 38(MANAGER:4) r= +2.0174 cum=    +59.47 v=-24.2662 top5=[a39=0.345, a38=0.234, a44=0.066, a0=0.042, a36=0.031]
  s=  182 a= 39(MANAGER:5) r= +2.0252 cum=    +61.50 v=-22.8014 top5=[a39=0.423, a38=0.198, a44=0.065, a0=0.041, a36=0.028]
  s=  183 a=  0(DAY) r= -2.8691 cum=    +58.63 v=-23.0646 top5=[a39=0.347, a38=0.219, a44=0.063, a0=0.042, a36=0.029]
  s=  184 a= 39(MANAGER:5) r= +2.1706 cum=    +60.80 v=-22.6684 top5=[a39=0.348, a38=0.212, a44=0.062, a0=0.041, a36=0.028]
  s=  185 a= 39(MANAGER:5) r= +2.1749 cum=    +62.98 v=-23.7686 top5=[a39=0.294, a38=0.223, a44=0.059, a0=0.041, a36=0.028]
  s=  186 a= 14(BUILD:Road) r= -0.2654 cum=    +62.71 v=-29.0473 top5=[a38=0.264, a39=0.222, a44=0.053, a0=0.041, a36=0.032]
  s=  187 a= 39(MANAGER:5) r= +3.3818 cum=    +66.09 v=-28.5174 top5=[a38=0.257, a39=0.223, a44=0.052, a0=0.041, a36=0.031]
  s=  188 a= 44(MANAGER:10) r= +0.6495 cum=    +66.74 v=-25.5585 top5=[a38=0.463, a39=0.185, a0=0.040, a44=0.034, a36=0.023]
  s=  189 a= 39(MANAGER:5) r= -0.2567 cum=    +66.49 v=-25.4537 top5=[a38=0.449, a39=0.185, a0=0.041, a44=0.034, a36=0.023]
  s=  190 a=  3(BUILD:Farm) r= +0.3493 cum=    +66.83 v=-25.2776 top5=[a38=0.436, a39=0.185, a0=0.041, a44=0.034, a36=0.023]
  s=  191 a= 38(MANAGER:4) r= +2.1749 cum=    +69.01 v=-25.0374 top5=[a38=0.424, a39=0.187, a0=0.042, a44=0.035, a36=0.024]
  s=  192 a= 39(MANAGER:5) r= -6.0786 cum=    +62.93 v=-22.3283 top5=[a38=0.360, a39=0.231, a44=0.040, a0=0.037, a36=0.021]
  s=  193 a=  8(BUILD:Coalmine) r= -3.2000 cum=    +59.73 v=-25.0007 top5=[a38=0.403, a39=0.185, a0=0.043, a44=0.034, a36=0.023]
  s=  194 a= 44(MANAGER:10) r= +0.6206 cum=    +60.35 v=-24.9967 top5=[a38=0.391, a39=0.186, a0=0.043, a44=0.034, a36=0.023]
  s=  195 a= 39(MANAGER:5) r= -0.2531 cum=    +60.10 v=-24.9722 top5=[a38=0.380, a39=0.187, a0=0.044, a44=0.034, a36=0.022]
  s=  196 a= 12(BUILD:PowerStation) r= -0.2468 cum=    +59.85 v=-24.9312 top5=[a38=0.370, a39=0.188, a0=0.044, a44=0.033, a24=0.023]
  s=  197 a= 24(BUILD:Hothouse) r= -0.2611 cum=    +59.59 v=-24.8791 top5=[a38=0.360, a39=0.188, a0=0.044, a44=0.033, a24=0.023]
  s=  198 a= 38(MANAGER:4) r= +2.0949 cum=    +61.69 v=-24.8277 top5=[a38=0.351, a39=0.188, a0=0.045, a44=0.033, a24=0.024]
  s=  199 a= 38(MANAGER:4) r= +1.9443 cum=    +63.63 v=-22.5519 top5=[a38=0.296, a39=0.231, a0=0.038, a44=0.036, a35=0.022]
  s=  200 a= 38(MANAGER:4) r= +1.9434 cum=    +65.57 v=-19.9897 top5=[a39=0.273, a38=0.268, a0=0.039, a44=0.038, a24=0.021]
    state: year=0 month=9 season=2 money=0 credit=0 people=28 busy=0 free=28 home_places=50 need_workers=2 tax_due=0 main_tax_due=0 tax_amount=6810 main_tax_amount=0 days_alive=213 stage=0 res0=0 res1=400 res2=0 res3=0 res4=0 res5=0 res6=0 res7=0 res8=17 Garden=1 Road=4 Apiary=1 Puerperal=1 AirStation=1 | nw=1529221.2343
  s=  201 a= 38(MANAGER:4) r= +1.9339 cum=    +67.51 v=-18.3485 top5=[a39=0.337, a38=0.238, a0=0.039, a44=0.039, a24=0.020]
  s=  202 a= 36(MANAGER:2) r= -0.4107 cum=    +67.10 v=-15.8544 top5=[a39=0.431, a38=0.170, a44=0.074, a0=0.037, a36=0.023]
  s=  203 a= 44(MANAGER:10) r= -2.4667 cum=    +64.63 v=-15.8234 top5=[a39=0.429, a38=0.168, a44=0.073, a0=0.037, a36=0.023]
  s=  204 a= 34(MANAGER:0) r= -0.3962 cum=    +64.23 v=-15.7651 top5=[a39=0.428, a38=0.166, a44=0.071, a0=0.037, a36=0.022]
  s=  205 a= 39(MANAGER:5) r= +1.9455 cum=    +66.18 v=-15.7072 top5=[a39=0.426, a38=0.164, a44=0.070, a0=0.037, a36=0.022]
  s=  206 a= 32(BUILD:SmallAtomStation) r= -0.4050 cum=    +65.77 v=-16.8357 top5=[a39=0.357, a38=0.173, a44=0.068, a0=0.037, a36=0.023]
  s=  207 a=  6(BUILD:SmallHouse) r= -0.4058 cum=    +65.37 v=-16.9453 top5=[a39=0.355, a38=0.171, a44=0.066, a0=0.037, a36=0.023]
  s=  208 a=  0(DAY) r= +0.1754 cum=    +65.54 v=-17.0662 top5=[a39=0.352, a38=0.169, a44=0.065, a0=0.037, a36=0.023]
  s=  209 a= 29(BUILD:Puerperal) r= -0.4076 cum=    +65.14 v=-17.1260 top5=[a39=0.349, a38=0.167, a44=0.063, a0=0.037, a36=0.022]
  s=  210 a=  4(BUILD:Garden) r= -0.4164 cum=    +64.72 v=-17.1902 top5=[a39=0.347, a38=0.165, a44=0.062, a0=0.037, a35=0.022]
  s=  211 a= 39(MANAGER:5) r= +2.7154 cum=    +67.43 v=-17.2597 top5=[a39=0.344, a38=0.163, a44=0.061, a0=0.037, a35=0.023]
  s=  212 a= 15(BUILD:Fish) r= -0.2412 cum=    +67.19 v=-17.8302 top5=[a39=0.298, a38=0.179, a44=0.057, a0=0.036, a35=0.025]
  s=  213 a= 39(MANAGER:5) r= -0.8452 cum=    +66.35 v=-18.0193 top5=[a39=0.296, a38=0.177, a44=0.056, a0=0.036, a35=0.025]
  s=  214 a= 38(MANAGER:4) r= +2.1249 cum=    +68.47 v=-21.3508 top5=[a39=0.231, a38=0.212, a44=0.050, a0=0.039, a24=0.026]
  s=  215 a= 44(MANAGER:10) r= +0.6391 cum=    +69.11 v=-18.4213 top5=[a39=0.293, a38=0.174, a44=0.054, a0=0.036, a35=0.026]
  s=  216 a= 39(MANAGER:5) r= +2.7241 cum=    +71.84 v=-18.6135 top5=[a39=0.292, a38=0.173, a44=0.053, a0=0.036, a35=0.026]
  s=  217 a= 39(MANAGER:5) r= +2.1225 cum=    +73.96 v=-20.9857 top5=[a39=0.235, a38=0.206, a44=0.049, a0=0.040, a24=0.026]
  s=  218 a= 13(BUILD:HydroStation) r= -0.2518 cum=    +73.71 v=-22.4076 top5=[a38=0.350, a39=0.194, a0=0.044, a44=0.036, a36=0.023]
  s=  219 a= 39(MANAGER:5) r= -0.2442 cum=    +73.46 v=-22.5114 top5=[a38=0.343, a39=0.195, a0=0.045, a44=0.036, a36=0.022]
  s=  220 a=  0(DAY) r= +0.3547 cum=    +73.82 v=-22.6221 top5=[a38=0.336, a39=0.195, a0=0.044, a44=0.035, a24=0.022]
  s=  221 a= 38(MANAGER:4) r= +2.1364 cum=    +75.95 v=-22.7668 top5=[a38=0.329, a39=0.195, a0=0.044, a44=0.035, a24=0.023]
  s=  222 a=  8(BUILD:Coalmine) r= -0.2488 cum=    +75.71 v=-21.0382 top5=[a38=0.273, a39=0.237, a0=0.037, a44=0.037, a35=0.022]
  s=  223 a= 39(MANAGER:5) r= -0.8522 cum=    +74.85 v=-21.2078 top5=[a38=0.268, a39=0.237, a0=0.037, a44=0.036, a35=0.022]
  s=  224 a=  0(DAY) r= +0.3392 cum=    +75.19 v=-23.2723 top5=[a38=0.312, a39=0.195, a0=0.044, a44=0.033, a24=0.024]
  s=  225 a=  7(BUILD:Sawmill) r= -0.2432 cum=    +74.95 v=-23.4026 top5=[a38=0.306, a39=0.195, a0=0.044, a44=0.033, a24=0.024]
  s=  226 a=  0(DAY) r= +0.3464 cum=    +75.30 v=-23.5000 top5=[a38=0.300, a39=0.195, a0=0.044, a44=0.032, a24=0.025]
  s=  227 a= 38(MANAGER:4) r= +2.1640 cum=    +77.46 v=-23.6124 top5=[a38=0.294, a39=0.194, a0=0.044, a44=0.032, a24=0.025]
  s=  228 a= 14(BUILD:Road) r= -0.2556 cum=    +77.20 v=-22.1630 top5=[a38=0.243, a39=0.238, a0=0.037, a44=0.033, a35=0.024]
  s=  229 a=  3(BUILD:Farm) r= -0.2643 cum=    +76.94 v=-22.3541 top5=[a38=0.238, a39=0.238, a0=0.037, a44=0.032, a35=0.024]
  s=  230 a= 39(MANAGER:5) r= +2.1616 cum=    +79.10 v=-22.5240 top5=[a39=0.238, a38=0.234, a0=0.037, a44=0.032, a35=0.024]
  s=  231 a=  0(DAY) r= +0.3505 cum=    +79.45 v=-24.0513 top5=[a38=0.276, a39=0.191, a0=0.043, a44=0.030, a24=0.026]
  s=  232 a= 15(BUILD:Fish) r= -0.2570 cum=    +79.19 v=-24.1407 top5=[a38=0.272, a39=0.190, a0=0.043, a44=0.030, a24=0.027]
  s=  233 a= 38(MANAGER:4) r= -0.8599 cum=    +78.33 v=-20.7867 top5=[a38=0.355, a39=0.213, a44=0.045, a0=0.041, a36=0.026]
  s=  234 a= 34(MANAGER:0) r= -0.2577 cum=    +78.08 v=-17.2942 top5=[a38=0.298, a39=0.265, a44=0.051, a0=0.036, a36=0.023]
  s=  235 a= 38(MANAGER:4) r= +2.0095 cum=    +80.09 v=-17.5400 top5=[a38=0.295, a39=0.264, a44=0.050, a0=0.036, a36=0.023]
  s=  236 a= 30(BUILD:BigIronmine) r= -0.4195 cum=    +79.67 v=-15.4774 top5=[a39=0.309, a38=0.264, a44=0.050, a0=0.036, a36=0.021]
  s=  237 a= 38(MANAGER:4) r= +2.0186 cum=    +81.69 v=-15.5301 top5=[a39=0.307, a38=0.260, a44=0.050, a0=0.036, a36=0.021]
  s=  238 a= 38(MANAGER:4) r= +2.0266 cum=    +83.71 v=-13.3267 top5=[a39=0.371, a38=0.216, a44=0.050, a0=0.036, a36=0.019]
  s=  239 a= 39(MANAGER:5) r= +2.0181 cum=    +85.73 v=-15.6760 top5=[a39=0.433, a38=0.137, a44=0.061, a0=0.035, a35=0.019]
  s=  240 a= 15(BUILD:Fish) r= -0.4214 cum=    +85.31 v=-16.7929 top5=[a39=0.359, a38=0.146, a44=0.059, a0=0.035, a35=0.023]
  s=  241 a= 43(MANAGER:9) r= -0.4207 cum=    +84.89 v=-16.7606 top5=[a39=0.357, a38=0.144, a44=0.058, a0=0.035, a35=0.023]
  s=  242 a= 38(MANAGER:4) r= +2.0245 cum=    +86.91 v=-16.7496 top5=[a39=0.353, a38=0.143, a44=0.058, a0=0.035, a35=0.023]
  s=  243 a= 39(MANAGER:5) r= -1.0411 cum=    +85.87 v=-15.5352 top5=[a39=0.422, a38=0.133, a44=0.058, a0=0.035, a35=0.020]
  s=  244 a= 39(MANAGER:5) r= +2.1875 cum=    +88.06 v=-16.8515 top5=[a39=0.347, a38=0.142, a44=0.056, a0=0.035, a35=0.024]
  s=  245 a= 39(MANAGER:5) r= +2.1721 cum=    +90.23 v=-17.8924 top5=[a39=0.300, a38=0.159, a44=0.052, a0=0.034, a35=0.026]
  s=  246 a= 12(BUILD:PowerStation) r= -0.2665 cum=    +89.96 v=-20.4707 top5=[a39=0.236, a38=0.193, a44=0.048, a0=0.038, a24=0.026]
  s=  247 a= 39(MANAGER:5) r= +2.1878 cum=    +92.15 v=-20.5590 top5=[a39=0.235, a38=0.191, a44=0.047, a0=0.038, a24=0.026]
  s=  248 a= 38(MANAGER:4) r= +2.1764 cum=    +94.33 v=-22.0075 top5=[a38=0.293, a39=0.198, a0=0.042, a44=0.037, a24=0.024]
  s=  249 a= 39(MANAGER:5) r= +2.1988 cum=    +96.53 v=-19.5744 top5=[a39=0.247, a38=0.242, a44=0.038, a0=0.036, a35=0.024]
  s=  250 a=  0(DAY) r= +0.3424 cum=    +96.87 v=-22.3645 top5=[a38=0.283, a39=0.198, a0=0.042, a44=0.035, a24=0.024]
    state: year=0 month=11 season=2 money=0 credit=0 people=30 busy=4 free=26 home_places=50 need_workers=11 tax_due=0 main_tax_due=0 tax_amount=6810 main_tax_amount=0 days_alive=263 stage=0 res0=0 res1=400 res2=0 res3=0 res4=0 res5=0 res6=0 res7=0 res8=48 Garden=1 Road=4 Apiary=1 Puerperal=1 AirStation=1 | nw=1529407.3649
  s=  251 a=  4(BUILD:Garden) r= -0.2598 cum=    +96.61 v=-22.5198 top5=[a38=0.278, a39=0.198, a0=0.041, a44=0.035, a24=0.025]
  s=  252 a= 39(MANAGER:5) r= -0.2745 cum=    +96.34 v=-22.6702 top5=[a38=0.273, a39=0.197, a0=0.041, a44=0.034, a24=0.025]
  s=  253 a= 38(MANAGER:4) r= -0.8635 cum=    +95.47 v=-22.8295 top5=[a38=0.269, a39=0.197, a0=0.041, a44=0.033, a24=0.025]
  s=  254 a= 38(MANAGER:4) r= +2.0281 cum=    +97.50 v=-20.5754 top5=[a39=0.244, a38=0.221, a0=0.035, a44=0.035, a35=0.025]
  s=  255 a=  5(BUILD:House) r= -0.4252 cum=    +97.08 v=-17.6477 top5=[a39=0.288, a38=0.196, a44=0.037, a0=0.036, a35=0.023]
  s=  256 a= 14(BUILD:Road) r= -0.4363 cum=    +96.64 v=-17.6503 top5=[a39=0.285, a38=0.192, a44=0.036, a0=0.036, a35=0.023]
  s=  257 a= 39(MANAGER:5) r= +2.2058 cum=    +98.84 v=-17.6505 top5=[a39=0.282, a38=0.188, a0=0.036, a44=0.036, a35=0.024]
  s=  258 a= 38(MANAGER:4) r= +2.6577 cum=   +101.50 v=-20.8180 top5=[a39=0.238, a38=0.206, a0=0.035, a44=0.032, a35=0.026]
  s=  259 a=  0(DAY) r= +0.1913 cum=   +101.69 v=-17.8157 top5=[a39=0.280, a38=0.184, a0=0.037, a44=0.035, a24=0.024]
  s=  260 a= 39(MANAGER:5) r= +2.2117 cum=   +103.91 v=-17.7633 top5=[a39=0.276, a38=0.181, a0=0.037, a44=0.035, a24=0.024]
  s=  261 a= 39(MANAGER:5) r= +2.1952 cum=   +106.10 v=-21.0729 top5=[a39=0.232, a38=0.196, a0=0.036, a44=0.032, a35=0.027]
  s=  262 a= 38(MANAGER:4) r= +2.2027 cum=   +108.30 v=-23.4481 top5=[a38=0.237, a39=0.189, a0=0.041, a44=0.031, a24=0.027]
  s=  263 a= 38(MANAGER:4) r= -1.0544 cum=   +107.25 v=+22.1313 top5=[a38=0.823, a39=0.085, a44=0.075, a0=0.006, a12=0.005]
  s=  264 a= 38(MANAGER:4) r= +2.0309 cum=   +109.28 v=+22.9793 top5=[a38=0.797, a39=0.102, a44=0.081, a12=0.007, a0=0.006]
  s=  265 a= 38(MANAGER:4) r= +2.0275 cum=   +111.31 v=+14.8259 top5=[a38=0.706, a39=0.171, a44=0.091, a0=0.009, a12=0.008]
  s=  266 a= 38(MANAGER:4) r= -0.4329 cum=   +110.87 v= +6.8307 top5=[a38=0.621, a39=0.239, a44=0.097, a0=0.011, a12=0.010]
  s=  267 a= 39(MANAGER:5) r= +2.0230 cum=   +112.90 v= +3.2510 top5=[a38=0.576, a39=0.271, a44=0.099, a0=0.013, a12=0.010]
  s=  268 a= 39(MANAGER:5) r= +2.2056 cum=   +115.10 v= +2.7292 top5=[a38=0.581, a39=0.242, a44=0.109, a0=0.014, a12=0.012]
  s=  269 a= 44(MANAGER:10) r= +0.6502 cum=   +115.75 v= +3.1100 top5=[a38=0.581, a39=0.225, a44=0.112, a0=0.016, a12=0.013]
  s=  270 a= 39(MANAGER:5) r= +2.2028 cum=   +117.96 v= +1.0294 top5=[a38=0.556, a39=0.239, a44=0.111, a0=0.017, a12=0.013]
  s=  271 a= 38(MANAGER:4) r= +2.2066 cum=   +120.16 v= +0.7333 top5=[a38=0.571, a39=0.217, a44=0.108, a0=0.017, a12=0.014]
  s=  272 a=  4(BUILD:Garden) r= -0.2820 cum=   +119.88 v= -2.3558 top5=[a38=0.516, a39=0.260, a44=0.108, a0=0.018, a12=0.014]
  s=  273 a= 13(BUILD:HydroStation) r= -3.3542 cum=   +116.53 v= -3.8649 top5=[a38=0.498, a39=0.269, a44=0.107, a0=0.019, a12=0.014]
  s=  274 a= 38(MANAGER:4) r= +2.0112 cum=   +118.54 v= -5.2754 top5=[a38=0.482, a39=0.276, a44=0.105, a0=0.019, a12=0.014]
  s=  275 a= 13(BUILD:HydroStation) r= -0.4310 cum=   +118.11 v= -8.5729 top5=[a38=0.443, a39=0.318, a44=0.098, a0=0.019, a12=0.013]
  s=  276 a= 44(MANAGER:10) r= +0.4882 cum=   +118.59 v= -9.4882 top5=[a38=0.433, a39=0.320, a44=0.097, a0=0.020, a12=0.014]
  s=  277 a= 39(MANAGER:5) r= +2.1938 cum=   +120.79 v=-10.3322 top5=[a38=0.423, a39=0.322, a44=0.095, a0=0.020, a12=0.014]
  s=  278 a= 39(MANAGER:5) r= +2.1977 cum=   +122.99 v= -9.4100 top5=[a38=0.441, a39=0.284, a44=0.097, a0=0.021, a12=0.015]
  s=  279 a= 38(MANAGER:4) r= +2.1983 cum=   +125.18 v=-10.4114 top5=[a38=0.475, a39=0.244, a44=0.093, a0=0.020, a12=0.016]
  s=  280 a= 35(MANAGER:1) r= -0.2607 cum=   +124.92 v=-11.3449 top5=[a38=0.429, a39=0.283, a44=0.092, a0=0.021, a12=0.016]
  s=  281 a= 38(MANAGER:4) r= +2.0364 cum=   +126.96 v=-12.2479 top5=[a38=0.424, a39=0.282, a44=0.090, a0=0.021, a12=0.016]
  s=  282 a=  8(BUILD:Coalmine) r= -0.4373 cum=   +126.52 v=-14.0980 top5=[a38=0.387, a39=0.320, a44=0.086, a0=0.021, a12=0.015]
  s=  283 a= 30(BUILD:BigIronmine) r= -3.5061 cum=   +123.02 v=-14.6804 top5=[a38=0.381, a39=0.319, a44=0.084, a0=0.021, a12=0.015]
  s=  284 a= 38(MANAGER:4) r= +2.0218 cum=   +125.04 v=-15.2388 top5=[a38=0.376, a39=0.316, a44=0.082, a0=0.021, a12=0.015]
  s=  285 a= 44(MANAGER:10) r= +0.4859 cum=   +125.52 v=-17.9641 top5=[a39=0.379, a38=0.338, a44=0.071, a0=0.020, a24=0.013]
  s=  286 a= 35(MANAGER:1) r= -0.4115 cum=   +125.11 v=-18.4335 top5=[a39=0.376, a38=0.333, a44=0.070, a0=0.020, a24=0.014]
  s=  287 a= 44(MANAGER:10) r= +1.7053 cum=   +126.82 v=-18.9757 top5=[a39=0.372, a38=0.329, a44=0.069, a0=0.020, a24=0.015]
  s=  288 a= 39(MANAGER:5) r= +2.0248 cum=   +128.84 v=-19.5517 top5=[a39=0.367, a38=0.325, a44=0.068, a0=0.020, a24=0.016]
  s=  289 a= 29(BUILD:Puerperal) r= -0.4370 cum=   +128.41 v=-18.0777 top5=[a38=0.354, a39=0.295, a44=0.075, a0=0.022, a12=0.016]
  s=  290 a= 38(MANAGER:4) r= +2.0204 cum=   +130.43 v=-18.6343 top5=[a38=0.349, a39=0.291, a44=0.074, a0=0.023, a24=0.017]
  s=  291 a= 38(MANAGER:4) r= -0.4233 cum=   +130.00 v=-21.1145 top5=[a39=0.349, a38=0.318, a44=0.065, a0=0.021, a24=0.018]
  s=  292 a= 38(MANAGER:4) r= -0.4298 cum=   +129.57 v=-21.5583 top5=[a39=0.344, a38=0.314, a44=0.064, a0=0.022, a24=0.019]
  s=  293 a= 39(MANAGER:5) r= -1.0270 cum=   +128.55 v=-21.9567 top5=[a39=0.341, a38=0.309, a44=0.062, a0=0.022, a24=0.019]
  s=  294 a= 11(BUILD:Goldmine) r= -0.4161 cum=   +128.13 v= -6.3125 top5=[a38=0.471, a39=0.188, a44=0.083, a12=0.062, a42=0.036]
  s=  295 a= 38(MANAGER:4) r= +2.0226 cum=   +130.15 v= -6.4843 top5=[a38=0.463, a39=0.189, a44=0.084, a12=0.064, a42=0.035]
  s=  296 a= 38(MANAGER:4) r= -0.4250 cum=   +129.73 v=-10.1733 top5=[a38=0.422, a39=0.227, a44=0.084, a12=0.059, a42=0.039]
  s=  297 a= 38(MANAGER:4) r= -0.4373 cum=   +129.29 v=-10.2940 top5=[a38=0.415, a39=0.227, a44=0.085, a12=0.060, a42=0.038]
  s=  298 a=  4(BUILD:Garden) r= -0.4358 cum=   +128.85 v=-10.4882 top5=[a38=0.408, a39=0.227, a44=0.085, a12=0.062, a42=0.037]
  s=  299 a= 39(MANAGER:5) r= +2.6681 cum=   +131.52 v=-10.6613 top5=[a38=0.401, a39=0.227, a44=0.085, a12=0.063, a42=0.037]
  s=  300 a= 44(MANAGER:10) r= +1.1047 cum=   +132.63 v= -7.1974 top5=[a38=0.428, a39=0.191, a44=0.084, a12=0.069, a42=0.030]
    state: year=1 month=1 season=3 money=0 credit=0 people=33 busy=3 free=30 home_places=50 need_workers=3 tax_due=0 main_tax_due=0 tax_amount=6810 main_tax_amount=0 days_alive=313 stage=0 res0=0 res1=400 res2=0 res3=0 res4=0 res5=0 res6=0 res7=0 res8=65 Garden=1 Road=4 Apiary=1 Puerperal=1 AirStation=1 | nw=1529019.9436
  s=  301 a= 40(MANAGER:6) r= +0.3308 cum=   +132.96 v= -7.5488 top5=[a38=0.421, a39=0.193, a44=0.083, a12=0.070, a42=0.029]
  s=  302 a= 38(MANAGER:4) r= +2.0523 cum=   +135.01 v= -7.9583 top5=[a38=0.414, a39=0.193, a44=0.083, a12=0.072, a42=0.028]
  s=  303 a= 39(MANAGER:5) r= -1.0569 cum=   +133.95 v=-12.1732 top5=[a38=0.376, a39=0.235, a44=0.082, a12=0.066, a42=0.032]
  s=  304 a= 38(MANAGER:4) r= +2.0409 cum=   +135.99 v= -8.8051 top5=[a38=0.402, a39=0.192, a44=0.083, a12=0.075, a42=0.026]
  s=  305 a= 12(BUILD:PowerStation) r= -0.4346 cum=   +135.56 v=-12.8938 top5=[a38=0.362, a39=0.234, a44=0.082, a12=0.069, a42=0.029]
  s=  306 a= 38(MANAGER:4) r= -0.4278 cum=   +135.13 v=-13.3190 top5=[a38=0.356, a39=0.233, a44=0.082, a12=0.070, a42=0.029]
  s=  307 a= 36(MANAGER:2) r= +0.7793 cum=   +135.91 v=-13.7449 top5=[a38=0.349, a39=0.231, a44=0.082, a12=0.071, a42=0.028]
  s=  308 a= 38(MANAGER:4) r= -0.4469 cum=   +135.46 v=-14.4869 top5=[a38=0.341, a39=0.235, a44=0.081, a12=0.072, a42=0.027]
  s=  309 a= 40(MANAGER:6) r= -0.4558 cum=   +135.01 v=-14.8792 top5=[a38=0.336, a39=0.234, a44=0.081, a12=0.073, a42=0.026]
  s=  310 a= 38(MANAGER:4) r= -0.4373 cum=   +134.57 v=-15.2695 top5=[a38=0.330, a39=0.233, a44=0.080, a12=0.074, a42=0.025]
  s=  311 a= 38(MANAGER:4) r= -0.4389 cum=   +134.13 v=-15.5423 top5=[a38=0.325, a39=0.232, a44=0.080, a12=0.075, a42=0.024]
  s=  312 a= 39(MANAGER:5) r= +2.0580 cum=   +136.19 v=-15.7672 top5=[a38=0.321, a39=0.232, a44=0.080, a12=0.075, a42=0.023]
  s=  313 a= 38(MANAGER:4) r= -1.0621 cum=   +135.13 v=-13.8044 top5=[a38=0.349, a39=0.188, a12=0.083, a44=0.079, a0=0.023]
  s=  314 a= 39(MANAGER:5) r= +2.0703 cum=   +137.20 v=-16.2073 top5=[a38=0.312, a39=0.231, a44=0.079, a12=0.076, a0=0.023]
  s=  315 a= 38(MANAGER:4) r= +2.0701 cum=   +139.27 v=-14.6195 top5=[a38=0.340, a39=0.186, a12=0.083, a44=0.079, a0=0.024]
  s=  316 a= 38(MANAGER:4) r= -0.4369 cum=   +138.83 v=-16.6123 top5=[a38=0.303, a39=0.229, a44=0.078, a12=0.077, a0=0.024]
  s=  317 a= 28(BUILD:BigRefinary) r= -0.4399 cum=   +138.39 v=-16.8379 top5=[a38=0.299, a39=0.228, a44=0.078, a12=0.078, a0=0.024]
  s=  318 a= 10(BUILD:Refinery) r= -0.4318 cum=   +137.96 v=-17.0202 top5=[a38=0.295, a39=0.226, a12=0.078, a44=0.078, a0=0.025]
  s=  319 a= 38(MANAGER:4) r= -0.4443 cum=   +137.52 v=-17.2785 top5=[a38=0.292, a39=0.224, a12=0.079, a44=0.077, a0=0.025]
  s=  320 a= 20(BUILD:BigHouse) r= -0.4448 cum=   +137.07 v=-17.6054 top5=[a38=0.288, a39=0.221, a12=0.079, a44=0.077, a0=0.025]
  s=  321 a= 39(MANAGER:5) r= -6.2864 cum=   +130.78 v=-17.9622 top5=[a38=0.285, a39=0.218, a12=0.079, a44=0.077, a0=0.026]
  s=  322 a= 44(MANAGER:10) r= +0.4911 cum=   +131.28 v=-17.2190 top5=[a38=0.309, a39=0.167, a12=0.085, a44=0.078, a0=0.027]
  s=  323 a= 38(MANAGER:4) r= -1.0513 cum=   +130.22 v=-17.5174 top5=[a38=0.305, a39=0.165, a12=0.085, a44=0.078, a0=0.027]
  s=  324 a= 39(MANAGER:5) r= +2.6377 cum=   +132.86 v=-19.1692 top5=[a38=0.275, a39=0.207, a12=0.081, a44=0.077, a0=0.027]
  s=  325 a= 38(MANAGER:4) r= +2.0330 cum=   +134.90 v=-21.0062 top5=[a38=0.286, a39=0.171, a42=0.126, a44=0.080, a12=0.045]
  s=  326 a= 38(MANAGER:4) r= -0.4286 cum=   +134.47 v=-24.4242 top5=[a38=0.262, a39=0.201, a42=0.139, a44=0.076, a12=0.039]
  s=  327 a= 39(MANAGER:5) r= +2.0231 cum=   +136.49 v=-24.2686 top5=[a38=0.260, a39=0.202, a42=0.133, a44=0.076, a12=0.040]
  s=  328 a= 43(MANAGER:9) r= -0.4315 cum=   +136.06 v=-20.5049 top5=[a38=0.277, a39=0.172, a42=0.109, a44=0.080, a12=0.047]
  s=  329 a= 38(MANAGER:4) r= +2.0234 cum=   +138.08 v=-20.3880 top5=[a38=0.273, a39=0.172, a42=0.105, a44=0.080, a12=0.048]
  s=  330 a= 38(MANAGER:4) r= -0.4393 cum=   +137.64 v=-23.8840 top5=[a38=0.252, a39=0.204, a42=0.115, a44=0.076, a12=0.042]
  s=  331 a= 43(MANAGER:9) r= -0.4171 cum=   +137.23 v=-23.7112 top5=[a38=0.249, a39=0.204, a42=0.110, a44=0.076, a12=0.043]
  s=  332 a= 12(BUILD:PowerStation) r= -0.4246 cum=   +136.80 v=-23.5373 top5=[a38=0.245, a39=0.204, a42=0.106, a44=0.076, a12=0.043]
  s=  333 a= 44(MANAGER:10) r= -2.6014 cum=   +134.20 v=-23.4021 top5=[a38=0.242, a39=0.203, a42=0.101, a44=0.076, a12=0.044]
  s=  334 a= 39(MANAGER:5) r= +2.0300 cum=   +136.23 v=-23.3411 top5=[a38=0.238, a39=0.202, a42=0.096, a44=0.076, a12=0.045]
  s=  335 a= 38(MANAGER:4) r= +2.0169 cum=   +138.25 v=-20.4907 top5=[a38=0.248, a39=0.165, a42=0.081, a44=0.080, a12=0.052]
  s=  336 a= 19(BUILD:Mushroom) r= -0.4224 cum=   +137.82 v=-23.3511 top5=[a38=0.231, a39=0.201, a42=0.087, a44=0.076, a12=0.046]
  s=  337 a= 22(BUILD:Apiary) r= -0.4240 cum=   +137.40 v=-23.4213 top5=[a38=0.228, a39=0.200, a42=0.083, a44=0.076, a12=0.047]
  s=  338 a= 38(MANAGER:4) r= -0.4317 cum=   +136.97 v=-23.5200 top5=[a38=0.226, a39=0.199, a42=0.079, a44=0.076, a12=0.047]
  s=  339 a= 28(BUILD:BigRefinary) r= -0.4451 cum=   +136.52 v=-23.7369 top5=[a38=0.224, a39=0.199, a44=0.076, a42=0.075, a12=0.048]
  s=  340 a= 23(BUILD:Torchlight) r= -0.4372 cum=   +136.09 v=-23.9491 top5=[a38=0.221, a39=0.198, a44=0.076, a42=0.072, a12=0.048]
  s=  341 a= 38(MANAGER:4) r= -0.4258 cum=   +135.66 v=-24.1728 top5=[a38=0.220, a39=0.197, a44=0.076, a42=0.069, a12=0.049]
  s=  342 a= 38(MANAGER:4) r= -0.4347 cum=   +135.23 v=-24.4460 top5=[a38=0.218, a39=0.197, a44=0.075, a42=0.066, a12=0.049]
  s=  343 a= 44(MANAGER:10) r= -1.9845 cum=   +133.24 v=-24.7139 top5=[a38=0.216, a39=0.196, a44=0.075, a42=0.062, a12=0.049]
  s=  344 a= 38(MANAGER:4) r= -0.4236 cum=   +132.82 v=-24.6170 top5=[a38=0.213, a39=0.197, a44=0.074, a42=0.061, a12=0.048]
  s=  345 a= 38(MANAGER:4) r= -0.4409 cum=   +132.38 v=-24.8481 top5=[a38=0.211, a39=0.196, a44=0.074, a42=0.058, a12=0.049]
  s=  346 a=  3(BUILD:Farm) r= -0.4472 cum=   +131.93 v=-25.0893 top5=[a38=0.210, a39=0.194, a44=0.073, a42=0.056, a12=0.049]
  s=  347 a= 39(MANAGER:5) r= +2.0472 cum=   +133.98 v=-25.3319 top5=[a38=0.209, a39=0.193, a44=0.072, a42=0.053, a12=0.049]
  s=  348 a= 38(MANAGER:4) r= +2.0530 cum=   +136.03 v=-24.5805 top5=[a38=0.229, a39=0.151, a44=0.072, a12=0.055, a42=0.042]
  s=  349 a= 44(MANAGER:10) r= +0.4909 cum=   +136.52 v=-25.8917 top5=[a38=0.208, a39=0.190, a44=0.071, a12=0.050, a42=0.049]
  s=  350 a= 39(MANAGER:5) r= +2.0459 cum=   +138.57 v=-26.2123 top5=[a38=0.207, a39=0.188, a44=0.071, a12=0.050, a42=0.046]
    state: year=1 month=2 season=3 money=0 credit=0 people=34 busy=3 free=31 home_places=50 need_workers=3 tax_due=0 main_tax_due=0 tax_amount=6814 main_tax_amount=0 days_alive=363 stage=0 res0=0 res1=200 res2=0 res3=0 res4=0 res5=0 res6=0 res7=0 res8=65 Garden=1 Road=4 Apiary=1 Puerperal=1 AirStation=1 | nw=1528192.6598
  s=  351 a=  5(BUILD:House) r= -0.4279 cum=   +138.14 v=-25.6412 top5=[a38=0.229, a39=0.146, a44=0.070, a12=0.056, a42=0.037]
  s=  352 a= 12(BUILD:PowerStation) r= +2.6647 cum=   +140.80 v=-25.9844 top5=[a38=0.229, a39=0.144, a44=0.070, a12=0.056, a42=0.035]
  s=  353 a=  9(BUILD:Ironmine) r= -6.2064 cum=   +134.60 v=-100.4847 top5=[a42=0.413, a36=0.173, a39=0.052, a38=0.044, a12=0.038]
  s=  354 a= 42(MANAGER:8) r= -2.9760 cum=   +131.62 v=-100.3141 top5=[a42=0.410, a36=0.173, a39=0.052, a38=0.044, a1=0.039]
  s=  355 a= 43(MANAGER:9) r= -0.8706 cum=   +130.75 v=-21.5213 top5=[a1=0.316, a22=0.207, a43=0.071, a13=0.059, a14=0.034]
  s=  356 a= 39(MANAGER:5) r= +1.5571 cum=   +132.31 v=-151.5922 top5=[a39=0.535, a38=0.238, a3=0.031, a44=0.025, a14=0.024]
  s=  357 a= 39(MANAGER:5) r= +1.5496 cum=   +133.86 v=-148.3137 top5=[a39=0.457, a38=0.280, a3=0.040, a44=0.028, a14=0.027]
  s=  358 a= 39(MANAGER:5) r= +1.5504 cum=   +135.41 v=-167.5671 top5=[a38=0.530, a39=0.305, a3=0.022, a44=0.021, a6=0.012]
  s=  359 a= 38(MANAGER:4) r= +1.5357 cum=   +136.94 v=-167.6132 top5=[a38=0.596, a39=0.234, a3=0.025, a44=0.021, a6=0.013]
  s=  360 a= 39(MANAGER:5) r= +1.5489 cum=   +138.49 v=-143.9555 top5=[a39=0.355, a38=0.336, a3=0.050, a44=0.033, a14=0.030]
  s=  361 a= 38(MANAGER:4) r= +1.5483 cum=   +140.04 v=-165.3003 top5=[a38=0.604, a39=0.219, a3=0.026, a44=0.021, a6=0.013]
  s=  362 a= 22(BUILD:Apiary) r= +3.9771 cum=   +144.02 v=-143.5862 top5=[a38=0.343, a39=0.343, a3=0.048, a44=0.035, a14=0.029]
  s=  363 a= 31(BUILD:AirStation) r= +1.6721 cum=   +145.69 v=-113.0337 top5=[a38=0.311, a39=0.280, a3=0.047, a14=0.046, a44=0.041]
  s=  364 a= 32(BUILD:SmallAtomStation) r= -0.8847 cum=   +144.80 v=-72.2309 top5=[a38=0.240, a39=0.131, a44=0.054, a14=0.052, a3=0.048]
  s=  365 a= 43(MANAGER:9) r= -0.8918 cum=   +143.91 v=-72.1417 top5=[a38=0.237, a39=0.129, a44=0.055, a14=0.052, a3=0.048]
  s=  366 a= 38(MANAGER:4) r= +1.5466 cum=   +145.46 v=-72.1388 top5=[a38=0.235, a39=0.128, a44=0.056, a14=0.051, a3=0.047]
  s=  367 a= 39(MANAGER:5) r= +1.5415 cum=   +147.00 v=-77.6140 top5=[a38=0.226, a39=0.166, a44=0.056, a14=0.045, a3=0.038]
  s=  368 a= 38(MANAGER:4) r= +1.5468 cum=   +148.55 v=-98.1185 top5=[a38=0.379, a39=0.152, a44=0.053, a24=0.030, a11=0.030]
  s=  369 a=  6(BUILD:SmallHouse) r= -0.8954 cum=   +147.65 v=-77.0439 top5=[a38=0.219, a39=0.161, a44=0.058, a14=0.045, a3=0.038]
  s=  370 a= 17(BUILD:HuntingLand) r= -0.8972 cum=   +146.75 v=-76.7630 top5=[a38=0.216, a39=0.158, a44=0.059, a14=0.045, a3=0.038]
  s=  371 a= 23(BUILD:Torchlight) r= -0.8884 cum=   +145.87 v=-76.4737 top5=[a38=0.213, a39=0.156, a44=0.060, a14=0.045, a3=0.038]
  s=  372 a= 35(MANAGER:1) r= -2.5779 cum=   +143.29 v=-76.1738 top5=[a38=0.210, a39=0.153, a44=0.060, a14=0.045, a3=0.038]
  s=  373 a= 23(BUILD:Torchlight) r= -0.8869 cum=   +142.40 v=-75.8313 top5=[a38=0.208, a39=0.150, a44=0.061, a14=0.044, a3=0.037]
  s=  374 a= 23(BUILD:Torchlight) r= -0.8992 cum=   +141.50 v=-75.5667 top5=[a38=0.205, a39=0.148, a44=0.061, a14=0.044, a3=0.037]
  s=  375 a= 38(MANAGER:4) r= +1.5181 cum=   +143.02 v=-93.4164 top5=[a38=0.202, a39=0.148, a44=0.059, a14=0.041, a11=0.031]
  s=  376 a= 11(BUILD:Goldmine) r= -0.9089 cum=   +142.11 v=-112.3828 top5=[a38=0.221, a39=0.210, a44=0.056, a14=0.033, a6=0.028]
  s=  377 a= 38(MANAGER:4) r= +1.5206 cum=   +143.63 v=-111.7999 top5=[a38=0.221, a39=0.210, a44=0.056, a14=0.032, a6=0.028]
  s=  378 a= 12(BUILD:PowerStation) r= +0.5842 cum=   +144.22 v=-114.5525 top5=[a39=0.259, a38=0.207, a44=0.052, a14=0.027, a12=0.027]
  s=  379 a= 30(BUILD:BigIronmine) r= -0.9122 cum=   +143.30 v=-105.4637 top5=[a39=0.266, a38=0.207, a44=0.062, a12=0.030, a14=0.027]
  s=  380 a= 44(MANAGER:10) r= -0.0028 cum=   +143.30 v=-104.8276 top5=[a39=0.264, a38=0.206, a44=0.062, a12=0.030, a14=0.027]
  s=  381 a= 38(MANAGER:4) r= +1.5064 cum=   +144.81 v=-104.1942 top5=[a39=0.262, a38=0.206, a44=0.062, a12=0.031, a14=0.027]
  s=  382 a= 39(MANAGER:5) r= +2.1312 cum=   +146.94 v=-106.1032 top5=[a39=0.337, a38=0.180, a44=0.055, a12=0.033, a14=0.022]
  s=  383 a= 16(BUILD:CoalCut) r= -0.9199 cum=   +146.02 v=-103.2655 top5=[a39=0.267, a38=0.209, a44=0.061, a12=0.032, a14=0.026]
  s=  384 a= 21(BUILD:BigFarm) r= -0.9406 cum=   +145.08 v=-102.7192 top5=[a39=0.266, a38=0.209, a44=0.061, a12=0.032, a14=0.025]
  s=  385 a=  6(BUILD:SmallHouse) r= -0.9290 cum=   +144.15 v=-117.2686 top5=[a39=0.277, a38=0.227, a44=0.050, a12=0.029, a36=0.029]
  s=  386 a= 39(MANAGER:5) r= +1.5188 cum=   +145.67 v=-110.4508 top5=[a39=0.279, a38=0.172, a44=0.040, a36=0.033, a37=0.031]
  s=  387 a= 39(MANAGER:5) r= -1.5463 cum=   +144.12 v=-122.5194 top5=[a39=0.259, a38=0.192, a37=0.041, a36=0.040, a44=0.033]
  s=  388 a= 38(MANAGER:4) r= +1.5067 cum=   +145.63 v=-160.1421 top5=[a38=0.438, a39=0.277, a36=0.042, a44=0.019, a37=0.016]
  s=  389 a= 33(BUILD:AtomStation) r= +0.2590 cum=   +145.89 v=-149.2946 top5=[a39=0.352, a38=0.274, a36=0.039, a37=0.026, a44=0.024]
  s=  390 a=  4(BUILD:Garden) r= -0.9562 cum=   +144.93 v=-147.7472 top5=[a39=0.348, a38=0.274, a36=0.040, a44=0.025, a37=0.025]
  s=  391 a= 16(BUILD:CoalCut) r= -0.9487 cum=   +143.98 v=-146.2128 top5=[a39=0.344, a38=0.275, a36=0.041, a44=0.025, a37=0.023]
  s=  392 a= 34(MANAGER:0) r= -0.9351 cum=   +143.05 v=-144.6565 top5=[a39=0.340, a38=0.275, a36=0.041, a44=0.026, a37=0.022]
  s=  393 a= 38(MANAGER:4) r= +1.5068 cum=   +144.55 v=-143.1581 top5=[a39=0.336, a38=0.276, a36=0.042, a44=0.026, a35=0.022]
  s=  394 a= 38(MANAGER:4) r= +1.5138 cum=   +146.07 v=-142.9218 top5=[a39=0.380, a38=0.247, a36=0.041, a44=0.025, a12=0.022]
  s=  395 a= 39(MANAGER:5) r= +1.4874 cum=   +147.56 v=-142.5046 top5=[a39=0.428, a38=0.213, a36=0.042, a12=0.024, a35=0.023]
  s=  396 a= 38(MANAGER:4) r= +2.1055 cum=   +149.66 v=-140.2182 top5=[a39=0.373, a38=0.251, a36=0.042, a44=0.026, a12=0.023]
  s=  397 a= 39(MANAGER:5) r= -1.5701 cum=   +148.09 v=-139.2268 top5=[a39=0.430, a38=0.217, a36=0.041, a12=0.025, a35=0.024]
  s=  398 a=  9(BUILD:Ironmine) r= -0.9605 cum=   +147.13 v=-137.7877 top5=[a39=0.371, a38=0.260, a36=0.042, a44=0.026, a12=0.023]
  s=  399 a= 13(BUILD:HydroStation) r= -0.9480 cum=   +146.18 v=-136.6152 top5=[a39=0.369, a38=0.262, a36=0.042, a44=0.026, a12=0.024]
  s=  400 a= 38(MANAGER:4) r= +1.5016 cum=   +147.68 v=-135.4204 top5=[a39=0.367, a38=0.263, a36=0.042, a44=0.027, a12=0.024]
    state: year=1 month=4 season=0 money=9349 credit=54791 people=36 busy=0 free=36 home_places=50 need_workers=0 tax_due=0 main_tax_due=0 tax_amount=7626 main_tax_amount=0 days_alive=411 stage=0 res0=0 res1=200 res2=0 res3=0 res4=0 res5=0 res6=0 res7=0 res8=65 Garden=1 Road=5 Apiary=2 Puerperal=1 AirStation=2 | nw=1515723.5089
  s=  401 a= 39(MANAGER:5) r= +1.5056 cum=   +149.19 v=-133.7031 top5=[a39=0.425, a38=0.220, a36=0.040, a12=0.026, a35=0.024]
  s=  402 a= 39(MANAGER:5) r= +1.5029 cum=   +150.69 v=-133.0824 top5=[a39=0.366, a38=0.265, a36=0.042, a44=0.027, a12=0.025]
  s=  403 a= 24(BUILD:Hothouse) r= -0.9547 cum=   +149.74 v=-130.9137 top5=[a39=0.314, a38=0.295, a36=0.043, a44=0.029, a35=0.024]
  s=  404 a= 38(MANAGER:4) r= +1.4863 cum=   +151.22 v=-129.8416 top5=[a39=0.314, a38=0.296, a36=0.043, a44=0.030, a35=0.025]
  s=  405 a= 27(BUILD:WaterMill) r= -0.9526 cum=   +150.27 v=-129.8068 top5=[a39=0.364, a38=0.267, a36=0.042, a44=0.028, a12=0.026]
  s=  406 a= 38(MANAGER:4) r= +1.4970 cum=   +151.77 v=-128.7046 top5=[a39=0.363, a38=0.267, a36=0.041, a44=0.028, a12=0.026]
  s=  407 a= 39(MANAGER:5) r= -1.5910 cum=   +150.18 v=-126.3586 top5=[a39=0.418, a38=0.225, a36=0.039, a12=0.028, a35=0.025]
  s=  408 a= 38(MANAGER:4) r= +1.4862 cum=   +151.66 v=-126.5765 top5=[a39=0.360, a38=0.269, a36=0.041, a44=0.029, a12=0.027]
  s=  409 a= 36(MANAGER:2) r= +2.9540 cum=   +154.62 v=-124.2432 top5=[a39=0.416, a38=0.227, a36=0.038, a12=0.028, a35=0.025]
  s=  410 a= 39(MANAGER:5) r= +1.4895 cum=   +156.11 v=-122.2895 top5=[a39=0.403, a38=0.226, a36=0.034, a12=0.026, a35=0.025]
  s=  411 a= 36(MANAGER:2) r= -0.3070 cum=   +155.80 v=-123.6035 top5=[a39=0.343, a38=0.268, a36=0.039, a44=0.028, a12=0.028]
  s=  412 a= 38(MANAGER:4) r= +1.4798 cum=   +157.28 v=-122.5329 top5=[a39=0.342, a38=0.268, a36=0.038, a44=0.029, a12=0.029]
  s=  413 a= 39(MANAGER:5) r= +1.4994 cum=   +158.78 v=-119.4696 top5=[a39=0.406, a38=0.228, a36=0.033, a12=0.026, a35=0.026]
  s=  414 a= 38(MANAGER:4) r= +1.4940 cum=   +160.27 v=-120.4767 top5=[a39=0.339, a38=0.269, a36=0.038, a44=0.029, a12=0.029]
  s=  415 a= 41(MANAGER:7) r= -0.9806 cum=   +159.29 v=-117.7041 top5=[a39=0.407, a38=0.229, a36=0.032, a12=0.026, a35=0.026]
  s=  416 a= 25(BUILD:SuperHouse) r= -0.9871 cum=   +158.31 v=-116.7412 top5=[a39=0.355, a38=0.147, a36=0.044, a35=0.032, a37=0.031]
  s=  417 a= 39(MANAGER:5) r= -1.5972 cum=   +156.71 v=-115.4382 top5=[a39=0.353, a38=0.148, a36=0.043, a35=0.032, a37=0.030]
  s=  418 a= 16(BUILD:CoalCut) r= -0.9873 cum=   +155.72 v=-115.2136 top5=[a39=0.280, a38=0.175, a36=0.047, a37=0.034, a35=0.033]
  s=  419 a= 38(MANAGER:4) r= +1.4935 cum=   +157.21 v=-114.0413 top5=[a39=0.277, a38=0.176, a36=0.047, a37=0.033, a35=0.033]
  s=  420 a= 38(MANAGER:4) r= +1.4941 cum=   +158.71 v=-111.7480 top5=[a39=0.349, a38=0.150, a36=0.040, a35=0.033, a37=0.026]
  s=  421 a= 38(MANAGER:4) r= -0.9727 cum=   +157.74 v=-113.8001 top5=[a39=0.403, a38=0.142, a36=0.037, a35=0.030, a12=0.023]
  s=  422 a= 39(MANAGER:5) r= +1.4988 cum=   +159.23 v=-112.5835 top5=[a39=0.400, a38=0.143, a36=0.037, a35=0.030, a12=0.023]
  s=  423 a= 11(BUILD:Goldmine) r= -0.9960 cum=   +158.24 v=-111.1129 top5=[a39=0.321, a38=0.163, a36=0.041, a35=0.031, a12=0.026]
  s=  424 a=  5(BUILD:House) r= -0.9953 cum=   +157.24 v=-110.1746 top5=[a39=0.320, a38=0.164, a36=0.040, a35=0.031, a12=0.026]
  s=  425 a= 39(MANAGER:5) r= +1.5018 cum=   +158.75 v=-109.2322 top5=[a39=0.319, a38=0.165, a36=0.040, a35=0.031, a12=0.026]
  s=  426 a=  9(BUILD:Ironmine) r= -0.3729 cum=   +158.37 v=-107.7823 top5=[a39=0.268, a38=0.182, a36=0.042, a35=0.034, a44=0.027]
  s=  427 a= 37(MANAGER:3) r= -6.2064 cum=   +152.17 v=-106.2329 top5=[a39=0.272, a38=0.186, a36=0.041, a35=0.034, a44=0.027]
  s=  428 a= 44(MANAGER:10) r= -0.0435 cum=   +152.12 v=-91.0660 top5=[a39=0.139, a38=0.113, a36=0.046, a44=0.045, a35=0.036]
  s=  429 a= 26(BUILD:BigSawmill) r= -0.9653 cum=   +151.16 v=-90.6614 top5=[a39=0.138, a38=0.113, a44=0.046, a36=0.045, a35=0.036]
  s=  430 a= 37(MANAGER:3) r= -6.1058 cum=   +145.05 v=-90.2525 top5=[a39=0.137, a38=0.114, a44=0.047, a36=0.044, a35=0.036]
  s=  431 a= 16(BUILD:CoalCut) r= -0.9502 cum=   +144.10 v=-81.9531 top5=[a39=0.123, a38=0.108, a44=0.050, a6=0.043, a36=0.040]
  s=  432 a= 13(BUILD:HydroStation) r= -0.9510 cum=   +143.15 v=-81.7432 top5=[a39=0.123, a38=0.108, a44=0.051, a6=0.043, a36=0.039]
  s=  433 a= 32(BUILD:SmallAtomStation) r= -0.9436 cum=   +142.21 v=-81.5290 top5=[a39=0.122, a38=0.107, a44=0.052, a6=0.043, a36=0.039]
  s=  434 a= 43(MANAGER:9) r= -0.9543 cum=   +141.25 v=-81.2815 top5=[a39=0.121, a38=0.107, a44=0.053, a6=0.043, a36=0.038]
  s=  435 a=  0(DAY) r= -0.3383 cum=   +140.91 v=-81.0344 top5=[a39=0.120, a38=0.107, a44=0.054, a6=0.043, a36=0.037]
  s=  436 a= 44(MANAGER:10) r= -0.0378 cum=   +140.88 v=-80.7920 top5=[a39=0.119, a38=0.107, a44=0.054, a6=0.044, a36=0.037]
  s=  437 a= 25(BUILD:SuperHouse) r= -3.9657 cum=   +136.91 v=-80.5967 top5=[a39=0.118, a38=0.107, a44=0.055, a6=0.044, a36=0.036]
  s=  438 a= 39(MANAGER:5) r= +1.4514 cum=   +138.36 v=-80.4994 top5=[a39=0.117, a38=0.107, a44=0.056, a6=0.044, a36=0.035]
  s=  439 a= 24(BUILD:Hothouse) r= -0.9491 cum=   +137.41 v=-78.7742 top5=[a38=0.115, a39=0.092, a44=0.056, a6=0.048, a36=0.038]
  s=  440 a=  6(BUILD:SmallHouse) r= -0.9499 cum=   +136.46 v=-78.7794 top5=[a38=0.115, a39=0.091, a44=0.057, a6=0.048, a36=0.037]
  s=  441 a= 16(BUILD:CoalCut) r= -0.9507 cum=   +135.51 v=-78.7999 top5=[a38=0.116, a39=0.090, a44=0.058, a6=0.048, a24=0.037]
  s=  442 a= 39(MANAGER:5) r= -0.9515 cum=   +134.56 v=-78.8094 top5=[a38=0.116, a39=0.089, a44=0.059, a6=0.048, a24=0.037]
  s=  443 a= 44(MANAGER:10) r= -0.0544 cum=   +134.51 v=-78.8228 top5=[a38=0.116, a39=0.088, a44=0.059, a6=0.049, a24=0.037]
  s=  444 a= 43(MANAGER:9) r= -0.9682 cum=   +133.54 v=-78.8387 top5=[a38=0.117, a39=0.088, a44=0.060, a6=0.049, a24=0.037]
  s=  445 a= 44(MANAGER:10) r= -0.0552 cum=   +133.48 v=-78.8584 top5=[a38=0.117, a39=0.087, a44=0.061, a6=0.049, a24=0.038]
  s=  446 a= 38(MANAGER:4) r= +1.4684 cum=   +134.95 v=-78.7757 top5=[a38=0.117, a39=0.087, a44=0.062, a6=0.049, a24=0.038]
  s=  447 a= 17(BUILD:HuntingLand) r= -3.3731 cum=   +131.58 v=-162.3286 top5=[a39=0.190, a38=0.140, a42=0.117, a36=0.046, a23=0.032]
  s=  448 a= 37(MANAGER:3) r= -5.9998 cum=   +125.58 v=-154.3543 top5=[a39=0.180, a38=0.180, a42=0.126, a36=0.042, a23=0.029]
  s=  449 a= 38(MANAGER:4) r= +1.4359 cum=   +127.01 v=-162.2701 top5=[a38=0.217, a39=0.160, a42=0.121, a36=0.038, a44=0.033]
  s=  450 a= 35(MANAGER:1) r= -0.9304 cum=   +126.08 v=-163.7076 top5=[a38=0.194, a39=0.193, a42=0.125, a36=0.038, a44=0.033]
    state: year=1 month=6 season=1 money=9943 credit=60522 people=38 busy=0 free=38 home_places=50 need_workers=2 tax_due=0 main_tax_due=0 tax_amount=6370 main_tax_amount=0 days_alive=461 stage=0 res0=0 res1=400 res2=0 res3=0 res4=0 res5=0 res6=0 res7=0 res8=65 Garden=1 Road=5 Puerperal=1 AirStation=1 | nw=1471732.7039
  s=  451 a= 42(MANAGER:8) r= -0.7865 cum=   +125.30 v=-163.1729 top5=[a38=0.195, a39=0.194, a42=0.121, a36=0.038, a44=0.033]
  s=  452 a= 39(MANAGER:5) r= +0.9896 cum=   +126.29 v=-205.9292 top5=[a39=0.488, a38=0.335, a3=0.034, a42=0.017, a22=0.014]
  s=  453 a= 39(MANAGER:5) r= -1.3821 cum=   +124.90 v=-201.5278 top5=[a39=0.427, a38=0.389, a3=0.037, a42=0.017, a22=0.015]
  s=  454 a= 39(MANAGER:5) r= -1.3857 cum=   +123.52 v=-199.7603 top5=[a39=0.422, a38=0.386, a3=0.037, a42=0.019, a22=0.015]
  s=  455 a= 15(BUILD:Fish) r= -1.3864 cum=   +122.13 v=-198.0671 top5=[a39=0.417, a38=0.383, a3=0.038, a42=0.020, a22=0.015]
  s=  456 a= 43(MANAGER:9) r= -0.3520 cum=   +121.78 v=-196.4413 top5=[a39=0.413, a38=0.379, a3=0.038, a42=0.021, a22=0.016]
  s=  457 a= 38(MANAGER:4) r= -1.5399 cum=   +120.24 v=-153.9044 top5=[a38=0.204, a39=0.152, a42=0.108, a36=0.039, a44=0.036]
  s=  458 a= 42(MANAGER:8) r= -0.7984 cum=   +119.44 v=-155.1140 top5=[a38=0.186, a39=0.184, a42=0.111, a36=0.039, a44=0.035]
  s=  459 a= 38(MANAGER:4) r= +0.9791 cum=   +120.42 v=-195.8928 top5=[a39=0.464, a38=0.319, a3=0.036, a42=0.023, a22=0.015]
  s=  460 a= 38(MANAGER:4) r= -1.3984 cum=   +119.02 v=-198.8268 top5=[a39=0.573, a38=0.235, a3=0.034, a42=0.019, a22=0.011]
  s=  461 a= 39(MANAGER:5) r= +0.9757 cum=   +120.00 v=-197.3047 top5=[a39=0.570, a38=0.232, a3=0.034, a42=0.019, a22=0.011]
  s=  462 a= 39(MANAGER:5) r= -1.4040 cum=   +118.59 v=-191.4060 top5=[a39=0.504, a38=0.282, a3=0.039, a42=0.019, a22=0.012]
  s=  463 a= 36(MANAGER:2) r= -0.3290 cum=   +118.27 v=-190.0189 top5=[a39=0.500, a38=0.280, a3=0.039, a42=0.019, a22=0.013]
  s=  464 a= 22(BUILD:Apiary) r= +1.5726 cum=   +119.84 v=-188.4075 top5=[a39=0.496, a38=0.275, a3=0.039, a42=0.020, a44=0.013]
  s=  465 a= 15(BUILD:Fish) r= +5.9578 cum=   +125.80 v=-158.1353 top5=[a39=0.465, a38=0.287, a3=0.039, a44=0.017, a23=0.013]
  s=  466 a=  3(BUILD:Farm) r= -5.8920 cum=   +119.90 v=-171.0280 top5=[a39=0.461, a38=0.325, a3=0.031, a23=0.018, a44=0.017]
  s=  467 a= 39(MANAGER:5) r= -1.3818 cum=   +118.52 v=-137.3195 top5=[a39=0.424, a38=0.345, a3=0.032, a44=0.021, a23=0.012]
  s=  468 a= 39(MANAGER:5) r= -1.3843 cum=   +117.14 v=-136.9949 top5=[a39=0.422, a38=0.344, a3=0.032, a44=0.021, a23=0.013]
  s=  469 a= 39(MANAGER:5) r= -1.3864 cum=   +115.75 v=-136.6655 top5=[a39=0.420, a38=0.343, a3=0.033, a44=0.021, a23=0.013]
  s=  470 a= 20(BUILD:BigHouse) r= -1.3901 cum=   +114.36 v=-136.3149 top5=[a39=0.416, a38=0.343, a3=0.033, a44=0.022, a23=0.013]
  s=  471 a= 39(MANAGER:5) r= -1.3785 cum=   +112.98 v=-135.9935 top5=[a39=0.412, a38=0.343, a3=0.033, a44=0.022, a23=0.013]
  s=  472 a= 38(MANAGER:4) r= +0.9335 cum=   +113.92 v=-135.6711 top5=[a39=0.408, a38=0.343, a3=0.034, a44=0.023, a23=0.013]
  s=  473 a= 15(BUILD:Fish) r= -1.3965 cum=   +112.52 v=-132.0926 top5=[a39=0.438, a38=0.294, a3=0.032, a44=0.025, a23=0.013]
  s=  474 a=  3(BUILD:Farm) r= +0.8359 cum=   +113.36 v=-131.7140 top5=[a39=0.436, a38=0.294, a3=0.032, a44=0.025, a23=0.013]
  s=  475 a= 38(MANAGER:4) r= +0.9303 cum=   +114.29 v=-127.6732 top5=[a39=0.416, a38=0.355, a3=0.026, a44=0.026, a23=0.013]
  s=  476 a= 39(MANAGER:5) r= +0.9304 cum=   +115.22 v=-127.6543 top5=[a39=0.456, a38=0.315, a44=0.026, a3=0.023, a23=0.013]
  s=  477 a= 39(MANAGER:5) r= -1.4090 cum=   +113.81 v=-117.5152 top5=[a39=0.421, a38=0.343, a44=0.023, a3=0.022, a23=0.015]
  s=  478 a= 32(BUILD:SmallAtomStation) r= -1.4097 cum=   +112.40 v=-117.2923 top5=[a39=0.418, a38=0.341, a44=0.024, a3=0.023, a23=0.015]
  s=  479 a= 39(MANAGER:5) r= -1.4135 cum=   +110.98 v=-117.0762 top5=[a39=0.415, a38=0.339, a44=0.024, a3=0.023, a23=0.015]
  s=  480 a= 39(MANAGER:5) r= -5.8429 cum=   +105.14 v=-116.8669 top5=[a39=0.412, a38=0.338, a44=0.025, a3=0.023, a23=0.015]
  s=  481 a=  6(BUILD:SmallHouse) r= -1.4012 cum=   +103.74 v=-116.6641 top5=[a39=0.410, a38=0.336, a44=0.025, a3=0.024, a23=0.015]
  s=  482 a=  4(BUILD:Garden) r= -1.4020 cum=   +102.34 v=-116.4678 top5=[a39=0.407, a38=0.334, a44=0.026, a3=0.024, a23=0.016]
  s=  483 a= 39(MANAGER:5) r= -4.2936 cum=    +98.04 v=-116.2777 top5=[a39=0.404, a38=0.332, a44=0.026, a3=0.024, a23=0.016]
  s=  484 a= 38(MANAGER:4) r= +0.8998 cum=    +98.94 v=-116.0939 top5=[a39=0.401, a38=0.330, a44=0.027, a3=0.024, a23=0.016]
  s=  485 a= 38(MANAGER:4) r= +0.8957 cum=    +99.84 v=-116.4609 top5=[a39=0.442, a38=0.288, a44=0.027, a3=0.023, a23=0.016]
  s=  486 a= 18(BUILD:CowFarm) r= +5.3348 cum=   +105.17 v=-123.8505 top5=[a39=0.431, a38=0.242, a44=0.027, a3=0.022, a42=0.018]
  s=  487 a= 39(MANAGER:5) r= +0.8938 cum=   +106.07 v=-107.7324 top5=[a39=0.441, a38=0.317, a44=0.033, a12=0.014, a23=0.013]
  s=  488 a= 39(MANAGER:5) r= +0.8842 cum=   +106.95 v=-107.6567 top5=[a38=0.379, a39=0.365, a44=0.035, a12=0.015, a23=0.014]
  s=  489 a= 39(MANAGER:5) r= -5.7170 cum=   +101.24 v=-116.7603 top5=[a39=0.384, a38=0.328, a44=0.036, a12=0.016, a6=0.015]
  s=  490 a= 31(BUILD:AirStation) r= -1.4035 cum=    +99.83 v=-114.1385 top5=[a39=0.361, a38=0.338, a44=0.034, a12=0.017, a23=0.016]
  s=  491 a= 39(MANAGER:5) r= +0.8600 cum=   +100.69 v=-113.9533 top5=[a39=0.359, a38=0.335, a44=0.034, a12=0.017, a23=0.016]
  s=  492 a= 38(MANAGER:4) r= +0.8637 cum=   +101.56 v=-113.7832 top5=[a39=0.392, a38=0.295, a44=0.034, a12=0.017, a6=0.017]
  s=  493 a= 24(BUILD:Hothouse) r= -1.3903 cum=   +100.17 v=-112.9345 top5=[a39=0.463, a38=0.253, a44=0.032, a12=0.017, a6=0.015]
  s=  494 a= 38(MANAGER:4) r= +0.8503 cum=   +101.02 v=-124.9278 top5=[a39=0.418, a38=0.250, a44=0.032, a12=0.018, a6=0.018]
  s=  495 a= 33(BUILD:AtomStation) r= -4.2484 cum=    +96.77 v=-130.9210 top5=[a39=0.477, a38=0.217, a44=0.023, a12=0.017, a6=0.013]
  s=  496 a= 38(MANAGER:4) r= -1.4151 cum=    +95.35 v=-130.5500 top5=[a39=0.476, a38=0.216, a44=0.023, a12=0.017, a6=0.013]
  s=  497 a= 39(MANAGER:5) r= +0.8494 cum=    +96.20 v=-130.1719 top5=[a39=0.475, a38=0.215, a44=0.023, a12=0.017, a6=0.013]
  s=  498 a= 36(MANAGER:2) r= -0.5058 cum=    +95.70 v=-129.0693 top5=[a39=0.391, a38=0.236, a44=0.027, a12=0.019, a6=0.017]
  s=  499 a= 39(MANAGER:5) r= +0.8402 cum=    +96.54 v=-128.6389 top5=[a39=0.389, a38=0.235, a44=0.027, a12=0.019, a6=0.017]
  >>> Ep 1: reward=96.54, steps=500
  >>> final: year=1 month=7 season=1 money=2397 credit=121646 people=50 busy=3 free=47 home_places=50 need_workers=3 tax_due=0 main_tax_due=0 tax_amount=8050 main_tax_amount=0 days_alive=510 stage=0 res0=0 res1=400 res2=0 res3=0 res4=0 res5=0 res6=0 res7=0 res8=65 Garden=3 Road=5 CowFarm=1 Apiary=1 Puerperal=1 AirStation=1 | nw=1460168.7166
======================================================================
EPISODE 2
======================================================================
init: year=0 month=3 season=0 money=82000 credit=0 people=28 busy=0 free=28 home_places=50 need_workers=0 tax_due=0 main_tax_due=0 tax_amount=5106 main_tax_amount=0 days_alive=0 stage=0 res0=0 res1=0 res2=0 res3=0 res4=0 res5=0 res6=0 res7=0 res8=0 | nw=1532000.0000
  s=    0 a= 38(MANAGER:4) r= -0.3395 cum=     -0.34 v=+30.7085 top5=[a14=0.238, a22=0.143, a38=0.086, a3=0.085, a12=0.081]
    state: year=0 month=3 season=0 money=82000 credit=0 people=28 busy=0 free=28 home_places=50 need_workers=0 tax_due=0 main_tax_due=0 tax_amount=5106 main_tax_amount=0 days_alive=1 stage=0 res0=0 res1=0 res2=0 res3=0 res4=0 res5=0 res6=0 res7=0 res8=0 | nw=1532000.0000
  s=    1 a= 39(MANAGER:5) r= -0.3398 cum=     -0.68 v=+30.2403 top5=[a14=0.230, a22=0.137, a3=0.087, a38=0.085, a12=0.082]
  s=    2 a= 13(BUILD:HydroStation) r= +4.8167 cum=     +4.14 v=+29.3607 top5=[a14=0.221, a22=0.130, a3=0.091, a38=0.082, a12=0.082]
  s=    3 a= 22(BUILD:Apiary) r= +2.4845 cum=     +6.62 v=+40.9340 top5=[a12=0.139, a38=0.137, a3=0.123, a22=0.099, a14=0.072]
  s=    4 a=  0(DAY) r= +0.2253 cum=     +6.85 v=+38.1743 top5=[a38=0.193, a12=0.156, a3=0.105, a22=0.079, a14=0.054]
  s=    5 a=  1(WEEK) r= +0.2255 cum=     +7.07 v=+37.9723 top5=[a38=0.194, a12=0.155, a3=0.104, a22=0.078, a14=0.054]
  s=    6 a=  3(BUILD:Farm) r= +1.8277 cum=     +8.90 v=+37.0662 top5=[a38=0.207, a12=0.144, a3=0.106, a22=0.075, a14=0.053]
  s=    7 a=  8(BUILD:Coalmine) r= -0.3387 cum=     +8.56 v=+32.0014 top5=[a38=0.302, a12=0.126, a3=0.094, a22=0.059, a44=0.049]
  s=    8 a= 38(MANAGER:4) r= +1.9210 cum=    +10.48 v=+31.8521 top5=[a38=0.301, a12=0.125, a3=0.093, a22=0.058, a44=0.050]
  s=    9 a=  3(BUILD:Farm) r= +3.5249 cum=    +14.01 v=+30.9959 top5=[a38=0.284, a12=0.133, a3=0.085, a39=0.057, a22=0.056]
  s=   10 a= 19(BUILD:Mushroom) r= -0.3382 cum=    +13.67 v=+27.6421 top5=[a38=0.388, a12=0.132, a39=0.065, a3=0.063, a44=0.048]
  s=   11 a= 38(MANAGER:4) r= +1.9181 cum=    +15.59 v=+27.6052 top5=[a38=0.385, a12=0.131, a39=0.066, a3=0.063, a44=0.048]
  s=   12 a=  0(DAY) r= +0.2257 cum=    +15.81 v=+26.4636 top5=[a38=0.360, a12=0.137, a39=0.076, a3=0.057, a44=0.049]
  s=   13 a= 18(BUILD:CowFarm) r= +1.7632 cum=    +17.58 v=+26.3671 top5=[a38=0.358, a12=0.136, a39=0.076, a3=0.057, a44=0.049]
  s=   14 a= 39(MANAGER:5) r= +1.9206 cum=    +19.50 v=+18.0181 top5=[a38=0.498, a12=0.142, a39=0.116, a44=0.047, a0=0.021]
  s=   15 a= 38(MANAGER:4) r= +1.9207 cum=    +21.42 v=+20.0586 top5=[a38=0.526, a12=0.138, a39=0.098, a44=0.047, a0=0.020]
  s=   16 a= 38(MANAGER:4) r= +1.9209 cum=    +23.34 v=+17.6904 top5=[a38=0.489, a12=0.141, a39=0.117, a44=0.049, a0=0.021]
  s=   17 a= 38(MANAGER:4) r= +1.9211 cum=    +25.26 v=+15.5320 top5=[a38=0.451, a12=0.143, a39=0.139, a44=0.050, a0=0.022]
  s=   18 a= 19(BUILD:Mushroom) r= -0.3390 cum=    +24.92 v=+13.3409 top5=[a38=0.416, a39=0.162, a12=0.144, a44=0.051, a0=0.023]
  s=   19 a= 38(MANAGER:4) r= +1.9229 cum=    +26.84 v=+13.3318 top5=[a38=0.413, a39=0.162, a12=0.144, a44=0.052, a0=0.023]
  s=   20 a= 38(MANAGER:4) r= -0.3394 cum=    +26.50 v=+10.5184 top5=[a38=0.388, a39=0.182, a12=0.140, a44=0.053, a0=0.024]
  s=   21 a= 38(MANAGER:4) r= -0.3397 cum=    +26.16 v=+10.4941 top5=[a38=0.385, a39=0.182, a12=0.139, a44=0.054, a0=0.024]
  s=   22 a= 38(MANAGER:4) r= -3.1922 cum=    +22.97 v= +2.6253 top5=[a38=0.344, a39=0.162, a12=0.125, a44=0.059, a0=0.027]
  s=   23 a= 38(MANAGER:4) r= -0.3585 cum=    +22.61 v= +7.9003 top5=[a38=0.321, a12=0.159, a39=0.158, a44=0.053, a0=0.029]
  s=   24 a= 39(MANAGER:5) r= +5.6556 cum=    +28.27 v= +8.0146 top5=[a38=0.319, a39=0.159, a12=0.158, a44=0.054, a0=0.029]
  s=   25 a= 38(MANAGER:4) r= +1.8939 cum=    +30.16 v=-13.5389 top5=[a38=0.535, a39=0.117, a12=0.063, a44=0.036, a29=0.019]
  s=   26 a=  1(WEEK) r= +0.0975 cum=    +30.26 v= +6.5747 top5=[a38=0.253, a12=0.162, a39=0.126, a44=0.050, a0=0.028]
  s=   27 a= 12(BUILD:PowerStation) r= +1.0314 cum=    +31.29 v= +6.4734 top5=[a38=0.253, a12=0.206, a39=0.125, a44=0.044, a3=0.027]
  s=   28 a= 39(MANAGER:5) r= +1.8924 cum=    +33.18 v=+12.2105 top5=[a38=0.257, a12=0.200, a39=0.141, a44=0.048, a0=0.028]
  s=   29 a= 38(MANAGER:4) r= +1.8927 cum=    +35.08 v=-11.4388 top5=[a38=0.480, a39=0.139, a12=0.089, a44=0.038, a0=0.021]
  s=   30 a= 12(BUILD:PowerStation) r= +1.0298 cum=    +36.11 v=+12.6092 top5=[a38=0.256, a12=0.196, a39=0.143, a44=0.049, a0=0.028]
  s=   31 a= 12(BUILD:PowerStation) r= +1.0293 cum=    +37.14 v=+17.0498 top5=[a38=0.265, a12=0.183, a39=0.167, a44=0.054, a0=0.029]
  s=   32 a= 39(MANAGER:5) r= +1.8986 cum=    +39.04 v=+19.9421 top5=[a38=0.271, a39=0.202, a12=0.169, a44=0.057, a0=0.029]
  s=   33 a= 39(MANAGER:5) r= +1.9015 cum=    +40.94 v= -1.1372 top5=[a38=0.518, a39=0.170, a12=0.067, a44=0.036, a29=0.025]
  s=   34 a= 38(MANAGER:4) r= +1.8938 cum=    +42.83 v= -3.2833 top5=[a38=0.561, a39=0.114, a12=0.069, a44=0.036, a0=0.022]
  s=   35 a= 24(BUILD:Hothouse) r= -0.3569 cum=    +42.47 v= -1.1497 top5=[a38=0.441, a39=0.176, a12=0.081, a44=0.045, a29=0.022]
  s=   36 a= 26(BUILD:BigSawmill) r= -0.3571 cum=    +42.12 v= +0.1898 top5=[a38=0.423, a39=0.179, a12=0.083, a44=0.047, a0=0.023]
  s=   37 a= 32(BUILD:SmallAtomStation) r= -0.3629 cum=    +41.75 v= -0.3439 top5=[a38=0.405, a39=0.174, a12=0.093, a44=0.049, a0=0.023]
  s=   38 a= 38(MANAGER:4) r= +1.9012 cum=    +43.65 v= -1.6153 top5=[a38=0.394, a39=0.166, a12=0.104, a44=0.050, a36=0.023]
  s=   39 a= 38(MANAGER:4) r= -0.3550 cum=    +43.30 v=+16.4491 top5=[a38=0.237, a12=0.182, a39=0.171, a44=0.065, a35=0.035]
  s=   40 a= 39(MANAGER:5) r= -0.9246 cum=    +42.38 v=+16.6352 top5=[a38=0.236, a12=0.181, a39=0.172, a44=0.066, a35=0.036]
  s=   41 a= 38(MANAGER:4) r= +1.9028 cum=    +44.28 v= +0.0918 top5=[a38=0.384, a39=0.172, a12=0.105, a44=0.053, a0=0.023]
  s=   42 a= 39(MANAGER:5) r= +1.9042 cum=    +46.18 v=+17.0544 top5=[a38=0.232, a12=0.180, a39=0.173, a44=0.068, a35=0.037]
  s=   43 a=  5(BUILD:House) r= -0.3583 cum=    +45.82 v= +1.4558 top5=[a38=0.375, a39=0.176, a12=0.107, a44=0.054, a0=0.024]
  s=   44 a= 13(BUILD:HydroStation) r= -0.3586 cum=    +45.47 v= +2.4280 top5=[a38=0.367, a39=0.178, a12=0.109, a44=0.056, a0=0.025]
  s=   45 a= 22(BUILD:Apiary) r= +4.1783 cum=    +49.64 v= +3.3182 top5=[a38=0.358, a39=0.180, a12=0.111, a44=0.057, a0=0.025]
  s=   46 a= 12(BUILD:PowerStation) r= +1.0300 cum=    +50.67 v= +0.5928 top5=[a38=0.445, a39=0.189, a12=0.099, a44=0.050, a0=0.019]
  s=   47 a= 12(BUILD:PowerStation) r= -0.3567 cum=    +50.32 v= +6.0927 top5=[a38=0.448, a39=0.211, a12=0.083, a44=0.051, a29=0.020]
  s=   48 a= 39(MANAGER:5) r= +1.9037 cum=    +52.22 v= +6.6828 top5=[a38=0.440, a39=0.213, a12=0.084, a44=0.053, a29=0.021]
  s=   49 a= 38(MANAGER:4) r= +1.9024 cum=    +54.12 v= +2.3520 top5=[a38=0.511, a39=0.124, a12=0.072, a44=0.041, a29=0.024]
  s=   50 a= 38(MANAGER:4) r= +1.9042 cum=    +56.03 v= +0.3326 top5=[a38=0.421, a39=0.173, a12=0.089, a44=0.049, a29=0.021]
    state: year=0 month=5 season=0 money=310 credit=0 people=28 busy=0 free=28 home_places=110 need_workers=0 tax_due=0 main_tax_due=0 tax_amount=7626 main_tax_amount=0 days_alive=63 stage=0 res0=0 res1=0 res2=0 res3=0 res4=0 res5=0 res6=0 res7=0 res8=0 Garden=2 Road=4 House=1 CowFarm=1 Apiary=2 | nw=1531773.7114
  s=   51 a= 44(MANAGER:10) r= +0.4914 cum=    +56.52 v= +1.2418 top5=[a38=0.386, a39=0.194, a12=0.093, a44=0.053, a29=0.023]
  s=   52 a= 44(MANAGER:10) r= +0.4556 cum=    +56.97 v= -4.6156 top5=[a38=0.363, a39=0.183, a12=0.092, a44=0.054, a36=0.025]
  s=   53 a= 44(MANAGER:10) r= +0.4622 cum=    +57.44 v= -4.9831 top5=[a38=0.349, a39=0.192, a12=0.121, a44=0.051, a36=0.035]
  s=   54 a= 31(BUILD:AirStation) r= -0.3827 cum=    +57.05 v= -4.2732 top5=[a38=0.348, a39=0.194, a12=0.122, a44=0.052, a36=0.034]
  s=   55 a= 35(MANAGER:1) r= -2.4403 cum=    +54.61 v= -3.5743 top5=[a38=0.348, a39=0.195, a12=0.122, a44=0.052, a36=0.034]
  s=   56 a= 38(MANAGER:4) r= +1.8724 cum=    +56.49 v= -2.4918 top5=[a38=0.348, a39=0.196, a12=0.123, a44=0.053, a36=0.032]
  s=   57 a= 38(MANAGER:4) r= -0.3826 cum=    +56.10 v= +8.0553 top5=[a38=0.234, a39=0.200, a12=0.190, a44=0.066, a35=0.036]
  s=   58 a= 38(MANAGER:4) r= -0.3828 cum=    +55.72 v= +8.3334 top5=[a38=0.233, a39=0.200, a12=0.189, a44=0.067, a35=0.037]
  s=   59 a= 38(MANAGER:4) r= -0.3819 cum=    +55.34 v= +8.6011 top5=[a38=0.232, a39=0.201, a12=0.189, a44=0.068, a35=0.037]
  s=   60 a= 35(MANAGER:1) r= +0.2072 cum=    +55.55 v= +8.8568 top5=[a38=0.231, a39=0.201, a12=0.189, a44=0.068, a35=0.038]
  s=   61 a= 38(MANAGER:4) r= -0.3865 cum=    +55.16 v= +9.1042 top5=[a38=0.230, a39=0.202, a12=0.188, a44=0.069, a35=0.038]
  s=   62 a=  4(BUILD:Garden) r= -0.3825 cum=    +54.78 v= +9.3363 top5=[a38=0.229, a39=0.202, a12=0.188, a44=0.070, a35=0.039]
  s=   63 a= 39(MANAGER:5) r= +1.8862 cum=    +56.66 v= +9.5679 top5=[a38=0.228, a39=0.203, a12=0.187, a44=0.070, a35=0.039]
  s=   64 a= 38(MANAGER:4) r= +1.8760 cum=    +58.54 v= +1.1842 top5=[a38=0.352, a39=0.201, a12=0.119, a44=0.056, a36=0.027]
  s=   65 a= 38(MANAGER:4) r= -3.2339 cum=    +55.31 v=+10.1050 top5=[a38=0.225, a39=0.205, a12=0.185, a44=0.071, a35=0.040]
  s=   66 a= 12(BUILD:PowerStation) r= -0.3850 cum=    +54.92 v=+10.4174 top5=[a38=0.223, a39=0.206, a12=0.184, a44=0.072, a35=0.041]
  s=   67 a= 36(MANAGER:2) r= +0.2518 cum=    +55.17 v=+10.7466 top5=[a38=0.221, a39=0.208, a12=0.183, a44=0.073, a35=0.042]
  s=   68 a=  8(BUILD:Coalmine) r= -0.3841 cum=    +54.79 v=+11.0333 top5=[a38=0.220, a39=0.209, a12=0.182, a44=0.074, a35=0.043]
  s=   69 a= 40(MANAGER:6) r= -0.3856 cum=    +54.40 v=+11.3081 top5=[a38=0.218, a39=0.211, a12=0.181, a44=0.075, a35=0.044]
  s=   70 a= 12(BUILD:PowerStation) r= -0.3957 cum=    +54.01 v= +9.4138 top5=[a38=0.223, a39=0.210, a12=0.169, a44=0.076, a35=0.050]
  s=   71 a= 39(MANAGER:5) r= +1.8864 cum=    +55.89 v= +8.1679 top5=[a38=0.222, a39=0.208, a12=0.197, a44=0.069, a35=0.048]
  s=   72 a= 38(MANAGER:4) r= +1.8811 cum=    +57.77 v= +0.5337 top5=[a38=0.335, a39=0.200, a12=0.148, a44=0.056, a36=0.032]
  s=   73 a= 35(MANAGER:1) r= +0.2136 cum=    +57.99 v= +9.1962 top5=[a38=0.222, a39=0.212, a12=0.194, a44=0.070, a35=0.049]
  s=   74 a= 35(MANAGER:1) r= +0.2005 cum=    +58.19 v= +9.7207 top5=[a38=0.222, a39=0.214, a12=0.192, a44=0.071, a35=0.049]
  s=   75 a= 35(MANAGER:1) r= -2.6731 cum=    +55.51 v=+10.2519 top5=[a38=0.222, a39=0.215, a12=0.190, a44=0.072, a35=0.050]
  s=   76 a= 38(MANAGER:4) r= -0.4024 cum=    +55.11 v=+10.8061 top5=[a38=0.222, a39=0.217, a12=0.188, a44=0.072, a35=0.050]
  s=   77 a= 36(MANAGER:2) r= +0.1965 cum=    +55.31 v=+11.3365 top5=[a38=0.222, a39=0.218, a12=0.186, a44=0.073, a35=0.051]
  s=   78 a= 38(MANAGER:4) r= -0.4023 cum=    +54.91 v=+11.8375 top5=[a38=0.221, a39=0.220, a12=0.184, a44=0.074, a35=0.051]
  s=   79 a=  2(BUILD:WaterChannel) r= -0.3958 cum=    +54.51 v=+12.3415 top5=[a39=0.222, a38=0.221, a12=0.182, a44=0.074, a35=0.052]
  s=   80 a=  4(BUILD:Garden) r= -0.3974 cum=    +54.11 v=+15.5316 top5=[a38=0.324, a39=0.266, a12=0.082, a44=0.063, a36=0.036]
  s=   81 a= 38(MANAGER:4) r= -0.3921 cum=    +53.72 v=+15.8339 top5=[a38=0.322, a39=0.267, a12=0.081, a44=0.063, a36=0.036]
  s=   82 a= 36(MANAGER:2) r= +0.1835 cum=    +53.90 v=+16.1366 top5=[a38=0.321, a39=0.268, a12=0.081, a44=0.064, a36=0.035]
  s=   83 a= 38(MANAGER:4) r= -0.3928 cum=    +53.51 v=+16.4372 top5=[a38=0.319, a39=0.269, a12=0.080, a44=0.064, a36=0.035]
  s=   84 a= 39(MANAGER:5) r= +1.8988 cum=    +55.41 v=+16.7162 top5=[a38=0.318, a39=0.270, a12=0.080, a44=0.065, a36=0.035]
  s=   85 a= 38(MANAGER:4) r= -0.9730 cum=    +54.44 v=+11.5966 top5=[a38=0.406, a39=0.197, a12=0.069, a44=0.057, a0=0.029]
  s=   86 a= 39(MANAGER:5) r= +1.8998 cum=    +56.34 v=+17.2723 top5=[a38=0.315, a39=0.271, a12=0.078, a44=0.065, a36=0.035]
  s=   87 a= 38(MANAGER:4) r= +3.0494 cum=    +59.39 v=+12.0858 top5=[a38=0.405, a39=0.199, a12=0.068, a44=0.058, a0=0.029]
  s=   88 a= 39(MANAGER:5) r= +1.8975 cum=    +61.28 v=+17.8135 top5=[a38=0.313, a39=0.274, a12=0.077, a44=0.066, a36=0.034]
  s=   89 a= 44(MANAGER:10) r= +0.4627 cum=    +61.75 v=+12.5763 top5=[a38=0.404, a39=0.201, a12=0.068, a44=0.057, a0=0.029]
  s=   90 a= 39(MANAGER:5) r= +1.8993 cum=    +63.65 v=+12.8624 top5=[a38=0.403, a39=0.202, a12=0.067, a44=0.057, a0=0.029]
  s=   91 a=  4(BUILD:Garden) r= -0.3975 cum=    +63.25 v=+11.5543 top5=[a38=0.464, a39=0.172, a12=0.069, a44=0.051, a0=0.029]
  s=   92 a= 39(MANAGER:5) r= +1.9008 cum=    +65.15 v=+11.8344 top5=[a38=0.463, a39=0.173, a12=0.068, a44=0.051, a0=0.029]
  s=   93 a= 38(MANAGER:4) r= +1.9026 cum=    +67.05 v=+13.1177 top5=[a38=0.567, a39=0.125, a12=0.051, a44=0.047, a0=0.025]
  s=   94 a= 36(MANAGER:2) r= -0.3991 cum=    +66.65 v=+14.7053 top5=[a38=0.512, a39=0.143, a44=0.053, a12=0.051, a0=0.025]
  s=   95 a= 39(MANAGER:5) r= -0.9749 cum=    +65.68 v=+14.9187 top5=[a38=0.509, a39=0.144, a44=0.053, a12=0.051, a0=0.025]
  s=   96 a= 43(MANAGER:9) r= -0.3995 cum=    +65.28 v=+13.7390 top5=[a38=0.560, a39=0.129, a12=0.050, a44=0.048, a0=0.026]
  s=   97 a=  9(BUILD:Ironmine) r= -0.3998 cum=    +64.88 v=+13.9558 top5=[a38=0.557, a39=0.130, a12=0.050, a44=0.048, a0=0.026]
  s=   98 a= 38(MANAGER:4) r= +1.9060 cum=    +66.79 v=+14.1700 top5=[a38=0.555, a39=0.131, a12=0.050, a44=0.048, a0=0.026]
  s=   99 a= 38(MANAGER:4) r= +1.9062 cum=    +68.69 v=+15.6137 top5=[a38=0.500, a39=0.149, a44=0.054, a12=0.050, a0=0.025]
  s=  100 a= 43(MANAGER:9) r= -0.4002 cum=    +68.29 v=+15.7524 top5=[a38=0.388, a39=0.211, a12=0.065, a44=0.061, a0=0.030]
    state: year=0 month=6 season=1 money=0 credit=0 people=28 busy=0 free=28 home_places=110 need_workers=0 tax_due=0 main_tax_due=0 tax_amount=7626 main_tax_amount=0 days_alive=113 stage=0 res0=0 res1=0 res2=0 res3=0 res4=0 res5=0 res6=0 res7=0 res8=0 Garden=2 Road=4 House=1 CowFarm=1 Apiary=2 | nw=1531037.3313
  s=  101 a= 38(MANAGER:4) r= +1.9077 cum=    +70.20 v=+16.0098 top5=[a38=0.387, a39=0.211, a12=0.065, a44=0.061, a0=0.030]
  s=  102 a=  3(BUILD:Farm) r= -0.3977 cum=    +69.80 v=+20.8459 top5=[a39=0.295, a38=0.293, a44=0.071, a12=0.068, a35=0.037]
  s=  103 a= 38(MANAGER:4) r= -0.4008 cum=    +69.40 v=+20.9362 top5=[a39=0.297, a38=0.290, a44=0.071, a12=0.068, a35=0.037]
  s=  104 a= 39(MANAGER:5) r= +1.9106 cum=    +71.31 v=+21.0008 top5=[a39=0.298, a38=0.288, a44=0.071, a12=0.067, a35=0.037]
  s=  105 a= 43(MANAGER:9) r= -3.2897 cum=    +68.02 v=+16.5448 top5=[a38=0.385, a39=0.211, a12=0.063, a44=0.062, a0=0.030]
  s=  106 a= 15(BUILD:Fish) r= -0.3988 cum=    +67.62 v=+16.5968 top5=[a38=0.384, a39=0.212, a12=0.063, a44=0.063, a0=0.030]
  s=  107 a= 39(MANAGER:5) r= +1.9070 cum=    +69.53 v=+16.6418 top5=[a38=0.383, a39=0.212, a44=0.063, a12=0.062, a0=0.030]
  s=  108 a= 44(MANAGER:10) r= +0.4650 cum=    +69.99 v=+14.7275 top5=[a38=0.439, a39=0.188, a12=0.061, a44=0.057, a0=0.030]
  s=  109 a= 35(MANAGER:1) r= -0.4007 cum=    +69.59 v=+14.8303 top5=[a38=0.437, a39=0.189, a12=0.060, a44=0.057, a0=0.030]
  s=  110 a= 12(BUILD:PowerStation) r= -0.4010 cum=    +69.19 v= +9.6235 top5=[a38=0.389, a39=0.174, a12=0.070, a44=0.061, a0=0.034]
  s=  111 a= 39(MANAGER:5) r= +1.9114 cum=    +71.10 v= +9.8743 top5=[a38=0.389, a39=0.175, a12=0.069, a44=0.061, a0=0.034]
  s=  112 a= 38(MANAGER:4) r= +1.9128 cum=    +73.02 v=+11.4882 top5=[a38=0.508, a39=0.124, a12=0.057, a44=0.053, a0=0.028]
  s=  113 a= 38(MANAGER:4) r= +1.9133 cum=    +74.93 v=+11.9382 top5=[a38=0.453, a39=0.140, a44=0.060, a12=0.054, a0=0.027]
  s=  114 a= 41(MANAGER:7) r= -0.4013 cum=    +74.53 v=+10.6621 top5=[a38=0.334, a39=0.208, a44=0.068, a12=0.063, a0=0.033]
  s=  115 a= 18(BUILD:CowFarm) r= -3.2951 cum=    +71.23 v=+10.8978 top5=[a38=0.334, a39=0.209, a44=0.068, a12=0.062, a0=0.033]
  s=  116 a= 38(MANAGER:4) r= +1.9137 cum=    +73.15 v=+11.1090 top5=[a38=0.335, a39=0.210, a44=0.068, a12=0.062, a0=0.033]
  s=  117 a= 44(MANAGER:10) r= +0.4652 cum=    +73.61 v=+16.1499 top5=[a39=0.280, a38=0.267, a44=0.077, a12=0.068, a35=0.036]
  s=  118 a= 12(BUILD:PowerStation) r= -0.4009 cum=    +73.21 v=+16.3928 top5=[a39=0.281, a38=0.266, a44=0.077, a12=0.068, a35=0.037]
  s=  119 a= 39(MANAGER:5) r= +1.9230 cum=    +75.14 v=+16.6348 top5=[a39=0.281, a38=0.265, a44=0.078, a12=0.067, a35=0.037]
  s=  120 a= 38(MANAGER:4) r= +1.9113 cum=    +77.05 v=+11.8470 top5=[a38=0.334, a39=0.213, a44=0.068, a12=0.060, a0=0.033]
  s=  121 a= 39(MANAGER:5) r= +1.9114 cum=    +78.96 v=+17.0254 top5=[a39=0.284, a38=0.263, a44=0.078, a12=0.066, a35=0.037]
  s=  122 a= 12(BUILD:PowerStation) r= -0.3997 cum=    +78.56 v=+12.2283 top5=[a38=0.333, a39=0.215, a44=0.069, a12=0.059, a0=0.033]
  s=  123 a= 12(BUILD:PowerStation) r= -0.4016 cum=    +78.16 v=+12.4506 top5=[a38=0.333, a39=0.216, a44=0.069, a12=0.059, a0=0.033]
  s=  124 a= 38(MANAGER:4) r= +1.9155 cum=    +80.07 v=+12.6716 top5=[a38=0.332, a39=0.217, a44=0.070, a12=0.058, a0=0.032]
  s=  125 a= 22(BUILD:Apiary) r= -3.2915 cum=    +76.78 v=+17.6600 top5=[a39=0.289, a38=0.259, a44=0.079, a12=0.063, a35=0.039]
  s=  126 a=  0(DAY) r= +0.1767 cum=    +76.96 v=+17.8082 top5=[a39=0.291, a38=0.258, a44=0.079, a12=0.062, a35=0.039]
  s=  127 a= 39(MANAGER:5) r= +1.9122 cum=    +78.87 v=+17.9367 top5=[a39=0.292, a38=0.257, a44=0.079, a12=0.061, a35=0.039]
  s=  128 a= 44(MANAGER:10) r= +0.4672 cum=    +79.34 v=+13.0989 top5=[a38=0.330, a39=0.220, a44=0.071, a12=0.056, a0=0.032]
  s=  129 a= 44(MANAGER:10) r= +0.4663 cum=    +79.80 v=+13.2021 top5=[a38=0.329, a39=0.221, a44=0.071, a12=0.056, a0=0.032]
  s=  130 a= 38(MANAGER:4) r= +1.9141 cum=    +81.72 v=+13.2527 top5=[a38=0.328, a39=0.223, a44=0.071, a12=0.055, a0=0.032]
  s=  131 a= 38(MANAGER:4) r= -0.4018 cum=    +81.32 v=+18.0230 top5=[a39=0.299, a38=0.252, a44=0.080, a12=0.057, a35=0.040]
  s=  132 a= 39(MANAGER:5) r= +1.9155 cum=    +83.23 v=+18.0247 top5=[a39=0.301, a38=0.250, a44=0.080, a12=0.057, a35=0.040]
  s=  133 a= 39(MANAGER:5) r= +1.9169 cum=    +85.15 v=+12.9146 top5=[a38=0.325, a39=0.226, a44=0.072, a12=0.054, a35=0.032]
  s=  134 a= 15(BUILD:Fish) r= -0.4022 cum=    +84.75 v=+12.5232 top5=[a38=0.381, a39=0.199, a44=0.066, a12=0.056, a0=0.032]
  s=  135 a=  0(DAY) r= -2.7163 cum=    +82.03 v=+12.5339 top5=[a38=0.379, a39=0.200, a44=0.066, a12=0.056, a0=0.032]
  s=  136 a= 38(MANAGER:4) r= +1.9140 cum=    +83.94 v=+12.4831 top5=[a38=0.378, a39=0.201, a44=0.066, a12=0.055, a0=0.032]
  s=  137 a= 39(MANAGER:5) r= +1.9142 cum=    +85.86 v=+12.6080 top5=[a38=0.317, a39=0.231, a44=0.074, a12=0.053, a35=0.033]
  s=  138 a= 38(MANAGER:4) r= +1.9144 cum=    +87.77 v=+12.3491 top5=[a38=0.375, a39=0.204, a44=0.067, a12=0.055, a0=0.031]
  s=  139 a= 38(MANAGER:4) r= +1.9145 cum=    +89.69 v=+12.4789 top5=[a38=0.313, a39=0.234, a44=0.074, a12=0.053, a35=0.034]
  s=  140 a= 18(BUILD:CowFarm) r= -0.4019 cum=    +89.28 v=+18.1756 top5=[a39=0.317, a38=0.234, a44=0.083, a12=0.052, a35=0.043]
  s=  141 a= 39(MANAGER:5) r= +1.9159 cum=    +91.20 v=+11.2817 top5=[a39=0.284, a38=0.239, a44=0.082, a12=0.059, a35=0.037]
  s=  142 a= 38(MANAGER:4) r= +1.9161 cum=    +93.12 v= +7.7432 top5=[a38=0.288, a39=0.210, a44=0.077, a12=0.054, a0=0.034]
  s=  143 a= 38(MANAGER:4) r= -0.4023 cum=    +92.71 v=+11.7380 top5=[a39=0.286, a38=0.237, a44=0.083, a12=0.058, a35=0.037]
  s=  144 a= 35(MANAGER:1) r= -0.3969 cum=    +92.32 v=+11.9858 top5=[a39=0.287, a38=0.235, a44=0.084, a12=0.057, a35=0.038]
  s=  145 a=  0(DAY) r= -2.7243 cum=    +89.59 v=+12.2312 top5=[a39=0.288, a38=0.234, a44=0.084, a12=0.056, a35=0.038]
  s=  146 a= 19(BUILD:Mushroom) r= -0.4021 cum=    +89.19 v=+12.4760 top5=[a39=0.290, a38=0.233, a44=0.085, a12=0.056, a35=0.038]
  s=  147 a= 38(MANAGER:4) r= -0.4009 cum=    +88.79 v=+12.7284 top5=[a39=0.291, a38=0.232, a44=0.085, a12=0.055, a35=0.039]
  s=  148 a= 38(MANAGER:4) r= -0.4027 cum=    +88.39 v=+12.9882 top5=[a39=0.292, a38=0.231, a44=0.086, a12=0.054, a35=0.039]
  s=  149 a= 38(MANAGER:4) r= -0.3973 cum=    +87.99 v=+13.2159 top5=[a39=0.293, a38=0.230, a44=0.086, a12=0.053, a35=0.039]
  s=  150 a= 18(BUILD:CowFarm) r= -0.3920 cum=    +87.60 v=+13.4134 top5=[a39=0.294, a38=0.229, a44=0.087, a12=0.053, a35=0.039]
    state: year=0 month=8 season=1 money=0 credit=0 people=28 busy=0 free=28 home_places=50 need_workers=0 tax_due=0 main_tax_due=0 tax_amount=7626 main_tax_amount=0 days_alive=163 stage=0 res0=0 res1=0 res2=0 res3=0 res4=0 res5=0 res6=0 res7=0 res8=0 Garden=2 Road=4 House=1 CowFarm=1 Apiary=2 | nw=1530120.7530
  s=  151 a=  0(DAY) r= +0.1779 cum=    +87.78 v=+13.6177 top5=[a39=0.296, a38=0.228, a44=0.087, a12=0.052, a35=0.039]
  s=  152 a= 11(BUILD:Goldmine) r= -0.4038 cum=    +87.37 v=+13.8259 top5=[a39=0.297, a38=0.227, a44=0.087, a12=0.051, a35=0.040]
  s=  153 a= 38(MANAGER:4) r= -0.3984 cum=    +86.97 v=+14.0330 top5=[a39=0.299, a38=0.226, a44=0.087, a12=0.051, a35=0.040]
  s=  154 a= 39(MANAGER:5) r= +1.9259 cum=    +88.90 v=+14.1833 top5=[a39=0.300, a38=0.226, a44=0.087, a12=0.050, a35=0.040]
  s=  155 a= 38(MANAGER:4) r= -0.9869 cum=    +87.91 v= +9.6391 top5=[a38=0.285, a39=0.221, a44=0.078, a12=0.048, a0=0.034]
  s=  156 a=  0(DAY) r= +0.1783 cum=    +88.09 v=+14.4721 top5=[a39=0.304, a38=0.224, a44=0.087, a12=0.049, a35=0.040]
  s=  157 a=  2(BUILD:WaterChannel) r= -0.4047 cum=    +87.69 v=+14.6280 top5=[a39=0.306, a38=0.223, a44=0.088, a12=0.048, a35=0.040]
  s=  158 a=  1(WEEK) r= -0.1385 cum=    +87.55 v=+14.7893 top5=[a39=0.308, a38=0.222, a44=0.088, a12=0.048, a35=0.040]
  s=  159 a=  0(DAY) r= +0.1787 cum=    +87.73 v=+16.4840 top5=[a39=0.321, a38=0.216, a44=0.089, a12=0.046, a35=0.039]
  s=  160 a= 39(MANAGER:5) r= +1.9322 cum=    +89.66 v=+16.6157 top5=[a39=0.322, a38=0.216, a44=0.089, a12=0.046, a35=0.039]
  s=  161 a= 39(MANAGER:5) r= +1.9436 cum=    +91.60 v= +9.2562 top5=[a38=0.281, a39=0.237, a44=0.079, a12=0.048, a35=0.033]
  s=  162 a= 35(MANAGER:1) r= -0.4056 cum=    +91.20 v= +9.8603 top5=[a38=0.341, a39=0.204, a44=0.071, a12=0.050, a0=0.034]
  s=  163 a= 19(BUILD:Mushroom) r= -0.4002 cum=    +90.80 v= +9.9716 top5=[a38=0.340, a39=0.205, a44=0.071, a12=0.050, a0=0.034]
  s=  164 a= 38(MANAGER:4) r= +1.9469 cum=    +92.74 v=+10.0597 top5=[a38=0.338, a39=0.207, a44=0.071, a12=0.050, a0=0.034]
  s=  165 a= 39(MANAGER:5) r= -0.9914 cum=    +91.75 v= +9.5620 top5=[a38=0.275, a39=0.242, a44=0.079, a12=0.048, a35=0.034]
  s=  166 a= 43(MANAGER:9) r= -0.4063 cum=    +91.35 v= -0.9327 top5=[a38=0.303, a39=0.228, a44=0.094, a12=0.040, a0=0.040]
  s=  167 a= 44(MANAGER:10) r= +0.4706 cum=    +91.82 v= -0.6841 top5=[a38=0.303, a39=0.229, a44=0.094, a12=0.040, a0=0.040]
  s=  168 a= 38(MANAGER:4) r= +1.9382 cum=    +93.75 v= -0.4600 top5=[a38=0.302, a39=0.231, a44=0.094, a12=0.040, a0=0.040]
  s=  169 a= 38(MANAGER:4) r= +1.9395 cum=    +95.69 v= +0.2975 top5=[a39=0.259, a38=0.231, a44=0.118, a0=0.046, a12=0.039]
  s=  170 a= 31(BUILD:AirStation) r= -0.4056 cum=    +95.29 v= +8.5359 top5=[a39=0.311, a38=0.202, a44=0.115, a0=0.046, a12=0.039]
  s=  171 a= 44(MANAGER:10) r= +0.4621 cum=    +95.75 v= +8.7268 top5=[a39=0.313, a38=0.201, a44=0.114, a0=0.046, a12=0.039]
  s=  172 a= 36(MANAGER:2) r= -0.4131 cum=    +95.34 v= +8.8374 top5=[a39=0.315, a38=0.200, a44=0.114, a0=0.047, a12=0.039]
  s=  173 a= 39(MANAGER:5) r= +1.9478 cum=    +97.29 v= +8.9379 top5=[a39=0.316, a38=0.199, a44=0.113, a0=0.047, a12=0.038]
  s=  174 a= 39(MANAGER:5) r= +1.9438 cum=    +99.23 v= +0.6855 top5=[a39=0.264, a38=0.227, a44=0.115, a0=0.046, a12=0.038]
  s=  175 a= 38(MANAGER:4) r= -0.9952 cum=    +98.23 v= +0.5121 top5=[a38=0.303, a39=0.241, a44=0.092, a12=0.039, a0=0.038]
  s=  176 a= 44(MANAGER:10) r= +0.4603 cum=    +98.69 v= +0.9630 top5=[a39=0.268, a38=0.225, a44=0.113, a0=0.046, a12=0.038]
  s=  177 a= 38(MANAGER:4) r= +1.9443 cum=   +100.64 v= +1.0649 top5=[a39=0.270, a38=0.224, a44=0.113, a0=0.046, a12=0.037]
  s=  178 a= 44(MANAGER:10) r= +0.4785 cum=   +101.12 v= +9.2295 top5=[a39=0.326, a38=0.191, a44=0.111, a0=0.049, a12=0.037]
  s=  179 a=  0(DAY) r= +0.1801 cum=   +101.30 v= +9.2930 top5=[a39=0.327, a38=0.189, a44=0.111, a0=0.049, a12=0.036]
  s=  180 a= 29(BUILD:Puerperal) r= -0.4145 cum=   +100.88 v= +9.3654 top5=[a39=0.329, a38=0.187, a44=0.111, a0=0.049, a12=0.036]
  s=  181 a= 44(MANAGER:10) r= +1.6538 cum=   +102.54 v= +9.4494 top5=[a39=0.331, a38=0.185, a44=0.111, a0=0.050, a12=0.036]
  s=  182 a= 39(MANAGER:5) r= +1.9611 cum=   +104.50 v= +9.5344 top5=[a39=0.333, a38=0.183, a44=0.110, a0=0.050, a12=0.036]
  s=  183 a= 39(MANAGER:5) r= +1.9368 cum=   +106.43 v= +1.0014 top5=[a39=0.280, a38=0.221, a44=0.108, a0=0.045, a12=0.037]
  s=  184 a= 38(MANAGER:4) r= +2.5386 cum=   +108.97 v= +0.6957 top5=[a38=0.299, a39=0.249, a44=0.088, a12=0.038, a0=0.037]
  s=  185 a= 38(MANAGER:4) r= -0.9994 cum=   +107.97 v= +1.5747 top5=[a39=0.292, a38=0.219, a44=0.105, a0=0.044, a12=0.036]
  s=  186 a= 38(MANAGER:4) r= -5.8941 cum=   +102.08 v=+10.3091 top5=[a39=0.351, a38=0.176, a44=0.107, a0=0.050, a12=0.034]
  s=  187 a= 39(MANAGER:5) r= +1.9166 cum=   +104.00 v= +9.7548 top5=[a39=0.343, a38=0.173, a44=0.109, a0=0.051, a12=0.035]
  s=  188 a= 17(BUILD:HuntingLand) r= -0.4055 cum=   +103.59 v= +0.9760 top5=[a39=0.289, a38=0.214, a44=0.104, a0=0.044, a12=0.037]
  s=  189 a= 38(MANAGER:4) r= +1.9312 cum=   +105.52 v= +0.9566 top5=[a39=0.291, a38=0.213, a44=0.103, a0=0.043, a12=0.037]
  s=  190 a= 39(MANAGER:5) r= +1.9208 cum=   +107.44 v= +9.5231 top5=[a39=0.352, a38=0.167, a44=0.107, a0=0.050, a12=0.034]
  s=  191 a= 38(MANAGER:4) r= +1.9304 cum=   +109.37 v= +0.8638 top5=[a39=0.295, a38=0.210, a44=0.102, a0=0.043, a12=0.037]
  s=  192 a= 35(MANAGER:1) r= -0.4061 cum=   +108.97 v= +9.3366 top5=[a39=0.357, a38=0.165, a44=0.105, a0=0.050, a12=0.034]
  s=  193 a= 36(MANAGER:2) r= -0.4181 cum=   +108.55 v= +9.2070 top5=[a39=0.359, a38=0.165, a44=0.105, a0=0.050, a12=0.033]
  s=  194 a= 13(BUILD:HydroStation) r= -0.4076 cum=   +108.14 v= +9.0784 top5=[a39=0.360, a38=0.164, a44=0.104, a0=0.050, a12=0.033]
  s=  195 a= 43(MANAGER:9) r= -3.3354 cum=   +104.81 v= +8.9454 top5=[a39=0.362, a38=0.163, a44=0.103, a0=0.050, a12=0.033]
  s=  196 a=  0(DAY) r= +0.1791 cum=   +104.98 v= +5.6453 top5=[a39=0.314, a38=0.186, a44=0.120, a0=0.050, a12=0.033]
  s=  197 a= 17(BUILD:HuntingLand) r= -0.4071 cum=   +104.58 v= +5.6536 top5=[a39=0.315, a38=0.186, a44=0.119, a0=0.050, a12=0.033]
  s=  198 a= 39(MANAGER:5) r= +1.9330 cum=   +106.51 v= +5.6815 top5=[a39=0.316, a38=0.186, a44=0.118, a0=0.050, a12=0.033]
  s=  199 a= 40(MANAGER:6) r= -0.4061 cum=   +106.10 v= -0.6110 top5=[a39=0.258, a38=0.211, a44=0.120, a0=0.050, a12=0.034]
  s=  200 a= 29(BUILD:Puerperal) r= -0.4199 cum=   +105.68 v= -0.5614 top5=[a39=0.259, a38=0.211, a44=0.118, a0=0.050, a12=0.034]
    state: year=0 month=10 season=2 money=0 credit=0 people=28 busy=0 free=28 home_places=110 need_workers=0 tax_due=0 main_tax_due=0 tax_amount=7626 main_tax_amount=0 days_alive=219 stage=0 res0=0 res1=0 res2=0 res3=0 res4=0 res5=0 res6=0 res7=0 res8=0 Garden=2 Road=4 House=1 CowFarm=1 Apiary=2 | nw=1529052.6421
  s=  201 a= 39(MANAGER:5) r= +1.9366 cum=   +107.62 v= -0.5338 top5=[a39=0.260, a38=0.211, a44=0.117, a0=0.049, a12=0.034]
  s=  202 a= 12(BUILD:PowerStation) r= -0.4122 cum=   +107.21 v= -0.3776 top5=[a38=0.287, a39=0.232, a44=0.093, a0=0.043, a12=0.036]
  s=  203 a=  5(BUILD:House) r= -0.4081 cum=   +106.80 v= -0.2898 top5=[a38=0.288, a39=0.233, a44=0.093, a0=0.043, a12=0.036]
  s=  204 a= 24(BUILD:Hothouse) r= -0.4014 cum=   +106.40 v= -0.2031 top5=[a38=0.288, a39=0.234, a44=0.092, a0=0.043, a12=0.035]
  s=  205 a= 38(MANAGER:4) r= -0.9954 cum=   +105.40 v= -0.1084 top5=[a38=0.288, a39=0.235, a44=0.092, a0=0.042, a12=0.035]
  s=  206 a= 39(MANAGER:5) r= +1.9392 cum=   +107.34 v= -0.3293 top5=[a39=0.265, a38=0.212, a44=0.112, a0=0.049, a12=0.034]
  s=  207 a= 43(MANAGER:9) r= -0.4159 cum=   +106.93 v= +0.1203 top5=[a38=0.287, a39=0.236, a44=0.091, a0=0.042, a12=0.035]
  s=  208 a= 44(MANAGER:10) r= +0.4662 cum=   +107.39 v= +0.1683 top5=[a38=0.287, a39=0.237, a44=0.091, a0=0.042, a12=0.035]
  s=  209 a= 19(BUILD:Mushroom) r= -0.4273 cum=   +106.97 v= +0.2039 top5=[a38=0.286, a39=0.238, a44=0.091, a0=0.042, a12=0.035]
  s=  210 a=  0(DAY) r= +0.1800 cum=   +107.15 v= +0.2374 top5=[a38=0.285, a39=0.240, a44=0.091, a0=0.042, a12=0.035]
  s=  211 a= 18(BUILD:CowFarm) r= -0.4097 cum=   +106.74 v= +0.2523 top5=[a38=0.283, a39=0.241, a44=0.090, a0=0.042, a12=0.035]
  s=  212 a= 39(MANAGER:5) r= +1.9444 cum=   +108.68 v= +0.2631 top5=[a38=0.282, a39=0.242, a44=0.090, a0=0.042, a12=0.035]
  s=  213 a= 38(MANAGER:4) r= +1.9413 cum=   +110.62 v= +0.3548 top5=[a38=0.438, a39=0.200, a44=0.062, a0=0.037, a12=0.029]
  s=  214 a= 38(MANAGER:4) r= +1.9484 cum=   +112.57 v= +0.3397 top5=[a38=0.347, a39=0.238, a44=0.071, a0=0.039, a12=0.028]
  s=  215 a= 38(MANAGER:4) r= -1.0034 cum=   +111.57 v= -0.0216 top5=[a39=0.275, a38=0.206, a44=0.106, a0=0.048, a12=0.033]
  s=  216 a= 39(MANAGER:5) r= +1.9477 cum=   +113.51 v= +5.9688 top5=[a39=0.343, a38=0.167, a44=0.110, a0=0.052, a35=0.031]
  s=  217 a= 38(MANAGER:4) r= +1.9465 cum=   +115.46 v= -0.0813 top5=[a39=0.277, a38=0.205, a44=0.105, a0=0.048, a12=0.033]
  s=  218 a= 43(MANAGER:9) r= -0.4254 cum=   +115.04 v= +5.7387 top5=[a39=0.347, a38=0.165, a44=0.108, a0=0.052, a35=0.031]
  s=  219 a= 44(MANAGER:10) r= +0.4806 cum=   +115.52 v= +5.6267 top5=[a39=0.349, a38=0.164, a44=0.107, a0=0.052, a35=0.032]
  s=  220 a= 12(BUILD:PowerStation) r= -0.4107 cum=   +115.11 v= +5.5068 top5=[a39=0.351, a38=0.163, a44=0.107, a0=0.052, a35=0.032]
  s=  221 a= 39(MANAGER:5) r= +1.9393 cum=   +117.05 v= +5.3883 top5=[a39=0.353, a38=0.162, a44=0.106, a0=0.052, a35=0.032]
  s=  222 a= 39(MANAGER:5) r= +1.9377 cum=   +118.98 v= -0.1722 top5=[a39=0.287, a38=0.204, a44=0.100, a0=0.047, a12=0.034]
  s=  223 a= 44(MANAGER:10) r= +0.4758 cum=   +119.46 v= +0.5335 top5=[a38=0.274, a39=0.254, a44=0.085, a0=0.040, a12=0.036]
  s=  224 a= 35(MANAGER:1) r= -0.3978 cum=   +119.06 v= +0.5686 top5=[a38=0.273, a39=0.255, a44=0.085, a0=0.040, a12=0.036]
  s=  225 a= 43(MANAGER:9) r= -3.3683 cum=   +115.69 v= +0.6031 top5=[a38=0.273, a39=0.257, a44=0.084, a0=0.040, a12=0.036]
  s=  226 a= 43(MANAGER:9) r= -0.4091 cum=   +115.28 v= +0.6369 top5=[a38=0.272, a39=0.258, a44=0.084, a0=0.040, a12=0.036]
  s=  227 a= 26(BUILD:BigSawmill) r= -0.4107 cum=   +114.87 v= -0.6482 top5=[a38=0.267, a39=0.238, a44=0.096, a0=0.047, a12=0.033]
  s=  228 a=  2(BUILD:WaterChannel) r= -0.4083 cum=   +114.46 v= -0.5796 top5=[a38=0.267, a39=0.238, a44=0.096, a0=0.047, a12=0.033]
  s=  229 a= 38(MANAGER:4) r= +1.9467 cum=   +116.41 v= -0.5791 top5=[a38=0.267, a39=0.238, a44=0.096, a0=0.046, a12=0.033]
  s=  230 a= 39(MANAGER:5) r= +1.9525 cum=   +118.36 v= -0.4013 top5=[a39=0.284, a38=0.199, a44=0.113, a0=0.049, a12=0.030]
  s=  231 a= 38(MANAGER:4) r= +1.9525 cum=   +120.32 v= -0.5293 top5=[a38=0.269, a39=0.239, a44=0.095, a0=0.046, a12=0.033]
  s=  232 a= 39(MANAGER:5) r= +1.9469 cum=   +122.26 v= -0.4388 top5=[a39=0.283, a38=0.199, a44=0.112, a0=0.049, a12=0.030]
  s=  233 a= 34(MANAGER:0) r= -0.4156 cum=   +121.85 v= -0.3770 top5=[a38=0.270, a39=0.240, a44=0.094, a0=0.046, a12=0.033]
  s=  234 a= 39(MANAGER:5) r= +1.9537 cum=   +123.80 v= -0.2885 top5=[a38=0.271, a39=0.241, a44=0.094, a0=0.046, a12=0.032]
  s=  235 a= 38(MANAGER:4) r= -1.0068 cum=   +122.79 v= -1.0351 top5=[a38=0.410, a39=0.216, a44=0.067, a0=0.039, a12=0.028]
  s=  236 a= 23(BUILD:Torchlight) r= -0.4102 cum=   +122.38 v= -0.0697 top5=[a38=0.335, a39=0.253, a44=0.072, a0=0.042, a12=0.026]
  s=  237 a= 44(MANAGER:10) r= +0.4767 cum=   +122.86 v= -0.1583 top5=[a38=0.334, a39=0.255, a44=0.072, a0=0.041, a12=0.026]
  s=  238 a= 38(MANAGER:4) r= +1.9567 cum=   +124.82 v= -0.2470 top5=[a38=0.333, a39=0.256, a44=0.071, a0=0.041, a12=0.026]
  s=  239 a= 39(MANAGER:5) r= +1.9568 cum=   +126.77 v= -0.5800 top5=[a39=0.282, a38=0.199, a44=0.109, a0=0.049, a12=0.031]
  s=  240 a= 38(MANAGER:4) r= +1.9677 cum=   +128.74 v= -0.0475 top5=[a38=0.269, a39=0.248, a44=0.091, a0=0.045, a12=0.032]
  s=  241 a= 36(MANAGER:2) r= -0.4108 cum=   +128.33 v= -0.6756 top5=[a39=0.282, a38=0.198, a44=0.107, a0=0.049, a12=0.031]
  s=  242 a= 38(MANAGER:4) r= +1.9580 cum=   +130.29 v= -0.7449 top5=[a39=0.283, a38=0.198, a44=0.106, a0=0.049, a12=0.031]
  s=  243 a=  0(DAY) r= +0.1812 cum=   +130.47 v= +3.1099 top5=[a39=0.354, a38=0.163, a44=0.110, a0=0.052, a35=0.031]
  s=  244 a= 24(BUILD:Hothouse) r= -0.3975 cum=   +130.07 v= +2.9929 top5=[a39=0.355, a38=0.163, a44=0.109, a0=0.052, a35=0.031]
  s=  245 a= 39(MANAGER:5) r= -1.0099 cum=   +129.06 v= +2.8757 top5=[a39=0.356, a38=0.162, a44=0.109, a0=0.052, a35=0.031]
  s=  246 a= 38(MANAGER:4) r= +1.9536 cum=   +131.02 v= -0.9983 top5=[a39=0.291, a38=0.197, a44=0.102, a0=0.049, a12=0.032]
  s=  247 a= 39(MANAGER:5) r= +1.9610 cum=   +132.98 v= +2.6741 top5=[a39=0.360, a38=0.161, a44=0.106, a0=0.052, a35=0.031]
  s=  248 a=  0(DAY) r= +0.1815 cum=   +133.16 v= -1.0853 top5=[a39=0.297, a38=0.196, a44=0.099, a0=0.049, a12=0.031]
  s=  249 a= 38(MANAGER:4) r= +1.9501 cum=   +135.11 v= -1.0970 top5=[a39=0.299, a38=0.196, a44=0.098, a0=0.049, a12=0.031]
  s=  250 a= 39(MANAGER:5) r= +1.9624 cum=   +137.07 v= +2.4191 top5=[a39=0.368, a38=0.160, a44=0.103, a0=0.052, a35=0.032]
    state: year=0 month=11 season=2 money=0 credit=0 people=28 busy=0 free=28 home_places=110 need_workers=0 tax_due=0 main_tax_due=0 tax_amount=7626 main_tax_amount=0 days_alive=269 stage=0 res0=0 res1=0 res2=0 res3=0 res4=0 res5=0 res6=0 res7=0 res8=0 Garden=2 Road=4 House=1 CowFarm=1 Apiary=2 | nw=1528076.5407
  s=  251 a= 12(BUILD:PowerStation) r= -0.4132 cum=   +136.66 v= -1.1409 top5=[a39=0.304, a38=0.196, a44=0.096, a0=0.048, a12=0.031]
  s=  252 a= 38(MANAGER:4) r= +2.5590 cum=   +139.22 v= -1.1512 top5=[a39=0.307, a38=0.196, a44=0.095, a0=0.048, a12=0.031]
  s=  253 a=  0(DAY) r= +0.1817 cum=   +139.40 v= +2.3566 top5=[a39=0.388, a38=0.158, a44=0.098, a0=0.051, a35=0.031]
  s=  254 a= 33(BUILD:AtomStation) r= -0.4302 cum=   +138.97 v= +2.2165 top5=[a39=0.391, a38=0.157, a44=0.097, a0=0.051, a35=0.031]
  s=  255 a= 44(MANAGER:10) r= -2.4941 cum=   +136.47 v= +2.0726 top5=[a39=0.394, a38=0.156, a44=0.096, a0=0.051, a35=0.031]
  s=  256 a= 29(BUILD:Puerperal) r= -0.4133 cum=   +136.06 v= +1.9241 top5=[a39=0.397, a38=0.156, a44=0.095, a0=0.050, a35=0.031]
  s=  257 a= 39(MANAGER:5) r= +1.9636 cum=   +138.02 v= -7.1246 top5=[a39=0.375, a38=0.353, a44=0.130, a0=0.023, a12=0.020]
  s=  258 a= 39(MANAGER:5) r= +1.9456 cum=   +139.97 v= -8.1956 top5=[a38=0.390, a39=0.353, a44=0.115, a12=0.021, a0=0.021]
  s=  259 a= 38(MANAGER:4) r= +1.9441 cum=   +141.91 v= -7.8364 top5=[a38=0.412, a39=0.332, a44=0.113, a0=0.021, a12=0.021]
  s=  260 a= 38(MANAGER:4) r= +1.9580 cum=   +143.87 v= -9.0357 top5=[a38=0.386, a39=0.356, a44=0.112, a12=0.022, a0=0.021]
  s=  261 a= 39(MANAGER:5) r= +1.9503 cum=   +145.82 v= -8.6793 top5=[a39=0.379, a38=0.348, a44=0.125, a0=0.023, a12=0.021]
  s=  262 a= 44(MANAGER:10) r= +0.4538 cum=   +146.28 v= -9.9093 top5=[a38=0.381, a39=0.360, a44=0.111, a12=0.022, a0=0.021]
  s=  263 a= 39(MANAGER:5) r= +1.9623 cum=   +148.24 v=-10.3407 top5=[a38=0.379, a39=0.361, a44=0.110, a12=0.022, a0=0.021]
  s=  264 a= 38(MANAGER:4) r= +1.9530 cum=   +150.19 v=-10.3935 top5=[a38=0.404, a39=0.337, a44=0.107, a12=0.022, a0=0.021]
  s=  265 a= 38(MANAGER:4) r= -1.0193 cum=   +149.17 v=-11.3007 top5=[a38=0.375, a39=0.364, a44=0.108, a12=0.022, a0=0.021]
  s=  266 a= 38(MANAGER:4) r= -0.4155 cum=   +148.76 v=-10.6322 top5=[a39=0.381, a38=0.343, a44=0.119, a0=0.023, a12=0.022]
  s=  267 a= 35(MANAGER:1) r= -0.4129 cum=   +148.34 v=-11.0453 top5=[a39=0.382, a38=0.342, a44=0.117, a0=0.023, a12=0.022]
  s=  268 a= 39(MANAGER:5) r= +1.9707 cum=   +150.32 v=-11.4583 top5=[a39=0.382, a38=0.341, a44=0.116, a0=0.023, a12=0.022]
  s=  269 a=  4(BUILD:Garden) r= -0.4152 cum=   +149.90 v=-13.3215 top5=[a39=0.370, a38=0.369, a44=0.102, a12=0.023, a0=0.021]
  s=  270 a= 44(MANAGER:10) r= +0.4691 cum=   +150.37 v=-13.8383 top5=[a39=0.372, a38=0.367, a44=0.100, a12=0.023, a0=0.021]
  s=  271 a= 39(MANAGER:5) r= +1.9587 cum=   +152.33 v=-14.3437 top5=[a39=0.373, a38=0.366, a44=0.099, a12=0.023, a0=0.021]
  s=  272 a= 38(MANAGER:4) r= +1.9747 cum=   +154.30 v=-14.2490 top5=[a38=0.390, a39=0.345, a44=0.099, a12=0.023, a0=0.021]
  s=  273 a= 38(MANAGER:4) r= +1.9567 cum=   +156.26 v=-15.3486 top5=[a39=0.375, a38=0.363, a44=0.097, a12=0.024, a0=0.021]
  s=  274 a= 44(MANAGER:10) r= +0.4743 cum=   +156.73 v=-13.9093 top5=[a39=0.388, a38=0.330, a44=0.109, a0=0.023, a12=0.022]
  s=  275 a= 39(MANAGER:5) r= -1.0129 cum=   +155.72 v=-14.3294 top5=[a39=0.389, a38=0.329, a44=0.108, a0=0.023, a12=0.022]
  s=  276 a= 39(MANAGER:5) r= +1.9705 cum=   +157.69 v=-16.8310 top5=[a39=0.377, a38=0.358, a44=0.093, a12=0.024, a0=0.021]
  s=  277 a= 36(MANAGER:2) r= -0.4153 cum=   +157.28 v=-16.6167 top5=[a38=0.383, a39=0.348, a44=0.093, a12=0.024, a0=0.021]
  s=  278 a= 39(MANAGER:5) r= +1.9674 cum=   +159.24 v=-17.1091 top5=[a38=0.381, a39=0.349, a44=0.092, a12=0.025, a0=0.021]
  s=  279 a= 44(MANAGER:10) r= +0.4675 cum=   +159.71 v=-17.0935 top5=[a38=0.407, a39=0.323, a44=0.090, a12=0.024, a0=0.021]
  s=  280 a= 39(MANAGER:5) r= +1.9744 cum=   +161.68 v=-17.5469 top5=[a38=0.405, a39=0.323, a44=0.089, a12=0.024, a0=0.021]
  s=  281 a= 38(MANAGER:4) r= +3.1677 cum=   +164.85 v=-17.6973 top5=[a38=0.430, a39=0.300, a44=0.086, a12=0.024, a0=0.021]
  s=  282 a= 38(MANAGER:4) r= +1.9499 cum=   +166.80 v=-18.4434 top5=[a38=0.402, a39=0.324, a44=0.087, a12=0.025, a0=0.021]
  s=  283 a= 12(BUILD:PowerStation) r= -0.4337 cum=   +166.37 v=-19.4387 top5=[a38=0.375, a39=0.351, a44=0.086, a12=0.025, a0=0.021]
  s=  284 a= 38(MANAGER:4) r= +1.9661 cum=   +168.33 v=-19.9111 top5=[a38=0.374, a39=0.352, a44=0.085, a12=0.025, a0=0.021]
  s=  285 a= 39(MANAGER:5) r= -0.9988 cum=   +167.34 v=-21.1714 top5=[a39=0.383, a38=0.348, a44=0.082, a12=0.024, a0=0.021]
  s=  286 a= 41(MANAGER:7) r= -0.4169 cum=   +166.92 v=-20.8279 top5=[a38=0.372, a39=0.352, a44=0.082, a12=0.025, a0=0.021]
  s=  287 a= 38(MANAGER:4) r= +1.9731 cum=   +168.89 v=-21.2767 top5=[a38=0.371, a39=0.353, a44=0.081, a12=0.025, a0=0.021]
  s=  288 a= 39(MANAGER:5) r= +1.9748 cum=   +170.87 v=-22.3563 top5=[a38=0.439, a39=0.235, a12=0.111, a44=0.064, a36=0.028]
  s=  289 a=  4(BUILD:Garden) r= -0.4232 cum=   +170.44 v=-20.6069 top5=[a38=0.461, a39=0.221, a12=0.112, a44=0.060, a36=0.026]
  s=  290 a= 12(BUILD:PowerStation) r= -0.4151 cum=   +170.03 v=-20.7101 top5=[a38=0.462, a39=0.222, a12=0.112, a44=0.059, a36=0.026]
  s=  291 a= 39(MANAGER:5) r= +1.9574 cum=   +171.99 v=-20.8131 top5=[a38=0.464, a39=0.223, a12=0.111, a44=0.058, a36=0.026]
  s=  292 a= 38(MANAGER:4) r= +1.9769 cum=   +173.96 v=-20.0946 top5=[a38=0.490, a39=0.205, a12=0.109, a44=0.054, a36=0.025]
  s=  293 a= 39(MANAGER:5) r= +1.9712 cum=   +175.93 v=-21.0170 top5=[a38=0.466, a39=0.225, a12=0.111, a44=0.056, a36=0.026]
  s=  294 a= 38(MANAGER:4) r= +1.9741 cum=   +177.91 v=-20.3433 top5=[a38=0.492, a39=0.207, a12=0.108, a44=0.053, a36=0.025]
  s=  295 a= 38(MANAGER:4) r= -1.0254 cum=   +176.88 v=-21.2361 top5=[a38=0.468, a39=0.227, a12=0.110, a44=0.055, a36=0.025]
  s=  296 a= 38(MANAGER:4) r= +1.9820 cum=   +178.86 v=-23.1081 top5=[a38=0.448, a39=0.243, a12=0.108, a44=0.056, a36=0.027]
  s=  297 a= 39(MANAGER:5) r= +1.9639 cum=   +180.83 v=-22.2939 top5=[a38=0.418, a39=0.248, a12=0.118, a44=0.068, a36=0.026]
  s=  298 a= 39(MANAGER:5) r= +1.9705 cum=   +182.80 v=-23.3292 top5=[a38=0.450, a39=0.246, a12=0.107, a44=0.054, a36=0.026]
  s=  299 a= 39(MANAGER:5) r= +1.9761 cum=   +184.78 v=-21.7811 top5=[a38=0.471, a39=0.231, a12=0.108, a44=0.051, a36=0.025]
  s=  300 a= 38(MANAGER:4) r= +1.9694 cum=   +186.74 v=-21.2378 top5=[a38=0.497, a39=0.213, a12=0.106, a44=0.048, a36=0.024]
    state: year=1 month=1 season=3 money=0 credit=0 people=29 busy=0 free=29 home_places=110 need_workers=0 tax_due=0 main_tax_due=0 tax_amount=7626 main_tax_amount=0 days_alive=319 stage=0 res0=0 res1=0 res2=0 res3=0 res4=0 res5=0 res6=0 res7=0 res8=0 Garden=2 Road=4 House=1 CowFarm=1 Apiary=2 | nw=1527031.7979
  s=  301 a= 38(MANAGER:4) r= +1.9749 cum=   +188.72 v=-22.0965 top5=[a38=0.473, a39=0.233, a12=0.107, a44=0.049, a36=0.024]
  s=  302 a= 38(MANAGER:4) r= +1.9721 cum=   +190.69 v=-23.7242 top5=[a38=0.453, a39=0.250, a12=0.106, a44=0.051, a36=0.025]
  s=  303 a= 38(MANAGER:4) r= -0.4165 cum=   +190.28 v=-22.4234 top5=[a38=0.416, a39=0.260, a12=0.116, a44=0.063, a36=0.025]
  s=  304 a=  0(DAY) r= +0.1695 cum=   +190.44 v=-22.5658 top5=[a38=0.415, a39=0.261, a12=0.116, a44=0.063, a36=0.025]
  s=  305 a= 38(MANAGER:4) r= -3.4228 cum=   +187.02 v=-22.7304 top5=[a38=0.415, a39=0.263, a12=0.115, a44=0.062, a36=0.025]
  s=  306 a= 12(BUILD:PowerStation) r= -0.4204 cum=   +186.60 v=-22.8966 top5=[a38=0.414, a39=0.264, a12=0.115, a44=0.061, a36=0.025]
  s=  307 a= 15(BUILD:Fish) r= -0.3967 cum=   +186.20 v=-23.0531 top5=[a38=0.414, a39=0.266, a12=0.115, a44=0.061, a36=0.025]
  s=  308 a= 12(BUILD:PowerStation) r= -0.4376 cum=   +185.77 v=-23.2253 top5=[a38=0.413, a39=0.267, a12=0.114, a44=0.060, a36=0.024]
  s=  309 a= 17(BUILD:HuntingLand) r= -0.4162 cum=   +185.35 v=-23.4585 top5=[a38=0.413, a39=0.269, a12=0.114, a44=0.059, a36=0.024]
  s=  310 a= 15(BUILD:Fish) r= -0.4138 cum=   +184.94 v=-23.7206 top5=[a38=0.413, a39=0.270, a12=0.113, a44=0.059, a36=0.024]
  s=  311 a= 38(MANAGER:4) r= -0.4156 cum=   +184.52 v=-23.9812 top5=[a38=0.413, a39=0.272, a12=0.112, a44=0.058, a36=0.024]
  s=  312 a= 39(MANAGER:5) r= +1.9854 cum=   +186.51 v=-24.2605 top5=[a38=0.412, a39=0.273, a12=0.112, a44=0.057, a36=0.024]
  s=  313 a= 12(BUILD:PowerStation) r= -0.4353 cum=   +186.07 v=-26.2745 top5=[a38=0.448, a39=0.262, a12=0.104, a44=0.045, a36=0.023]
  s=  314 a= 38(MANAGER:4) r= +1.9793 cum=   +188.05 v=-26.5514 top5=[a38=0.446, a39=0.263, a12=0.104, a44=0.045, a36=0.023]
  s=  315 a= 39(MANAGER:5) r= -1.0169 cum=   +187.03 v=-25.2913 top5=[a38=0.409, a39=0.278, a12=0.111, a44=0.056, a36=0.023]
  s=  316 a= 39(MANAGER:5) r= +1.9882 cum=   +189.02 v=-27.1236 top5=[a38=0.444, a39=0.265, a12=0.104, a44=0.045, a36=0.023]
  s=  317 a= 38(MANAGER:4) r= +1.9758 cum=   +191.00 v=-25.5895 top5=[a38=0.463, a39=0.244, a12=0.108, a44=0.044, a36=0.022]
  s=  318 a= 38(MANAGER:4) r= +2.5734 cum=   +193.57 v=-27.8186 top5=[a38=0.440, a39=0.267, a12=0.105, a44=0.044, a36=0.023]
  s=  319 a= 32(BUILD:SmallAtomStation) r= -0.4176 cum=   +193.15 v=-27.3266 top5=[a38=0.364, a39=0.222, a44=0.094, a12=0.091, a42=0.051]
  s=  320 a= 39(MANAGER:5) r= +1.9874 cum=   +195.14 v=-27.3184 top5=[a38=0.366, a39=0.224, a44=0.093, a12=0.090, a42=0.048]
  s=  321 a= 38(MANAGER:4) r= +1.9689 cum=   +197.11 v=-27.6413 top5=[a38=0.383, a39=0.230, a12=0.091, a44=0.079, a36=0.035]
  s=  322 a= 38(MANAGER:4) r= -0.4246 cum=   +196.69 v=-27.3047 top5=[a38=0.369, a39=0.228, a44=0.091, a12=0.090, a42=0.043]
  s=  323 a= 38(MANAGER:4) r= -0.4251 cum=   +196.26 v=-27.3057 top5=[a38=0.371, a39=0.230, a44=0.089, a12=0.089, a42=0.041]
  s=  324 a= 38(MANAGER:4) r= -0.4208 cum=   +195.84 v=-27.3440 top5=[a38=0.373, a39=0.231, a12=0.089, a44=0.088, a42=0.039]
  s=  325 a= 12(BUILD:PowerStation) r= -3.4348 cum=   +192.40 v=-27.3913 top5=[a38=0.375, a39=0.233, a12=0.088, a44=0.087, a42=0.037]
  s=  326 a= 38(MANAGER:4) r= -0.4281 cum=   +191.98 v=-27.4443 top5=[a38=0.376, a39=0.235, a12=0.088, a44=0.086, a42=0.035]
  s=  327 a= 39(MANAGER:5) r= +1.9785 cum=   +193.96 v=-27.5159 top5=[a38=0.377, a39=0.236, a12=0.088, a44=0.085, a42=0.033]
  s=  328 a= 38(MANAGER:4) r= +1.9681 cum=   +195.92 v=-27.8278 top5=[a38=0.397, a39=0.241, a12=0.089, a44=0.069, a36=0.033]
  s=  329 a= 38(MANAGER:4) r= -0.4160 cum=   +195.51 v=-27.6104 top5=[a38=0.379, a39=0.240, a12=0.088, a44=0.082, a36=0.031]
  s=  330 a= 39(MANAGER:5) r= +1.9722 cum=   +197.48 v=-27.6596 top5=[a38=0.379, a39=0.242, a12=0.088, a44=0.081, a36=0.031]
  s=  331 a= 38(MANAGER:4) r= +1.9688 cum=   +199.45 v=-28.1401 top5=[a38=0.401, a39=0.245, a12=0.088, a44=0.066, a36=0.033]
  s=  332 a= 39(MANAGER:5) r= +1.9871 cum=   +201.44 v=-27.8689 top5=[a38=0.380, a39=0.245, a12=0.088, a44=0.079, a36=0.031]
  s=  333 a=  0(DAY) r= +0.1682 cum=   +201.60 v=-28.4940 top5=[a38=0.403, a39=0.248, a12=0.088, a44=0.063, a36=0.032]
  s=  334 a= 39(MANAGER:5) r= +1.9701 cum=   +203.57 v=-28.6786 top5=[a38=0.404, a39=0.249, a12=0.088, a44=0.062, a36=0.032]
  s=  335 a= 39(MANAGER:5) r= -1.0181 cum=   +202.56 v=-27.0122 top5=[a38=0.427, a39=0.231, a12=0.090, a44=0.060, a36=0.030]
  s=  336 a= 22(BUILD:Apiary) r= -0.4223 cum=   +202.13 v=-26.3103 top5=[a38=0.451, a39=0.211, a12=0.088, a44=0.058, a36=0.030]
  s=  337 a= 38(MANAGER:4) r= +2.5762 cum=   +204.71 v=-26.4728 top5=[a38=0.451, a39=0.212, a12=0.089, a44=0.057, a36=0.030]
  s=  338 a= 44(MANAGER:10) r= +0.4764 cum=   +205.19 v=-27.6822 top5=[a38=0.428, a39=0.237, a12=0.089, a44=0.057, a36=0.030]
  s=  339 a= 17(BUILD:HuntingLand) r= -0.4168 cum=   +204.77 v=-28.0152 top5=[a38=0.427, a39=0.238, a12=0.089, a44=0.057, a36=0.030]
  s=  340 a= 19(BUILD:Mushroom) r= -0.4291 cum=   +204.34 v=-28.3547 top5=[a38=0.426, a39=0.239, a12=0.089, a44=0.056, a36=0.029]
  s=  341 a= 44(MANAGER:10) r= +0.4700 cum=   +204.81 v=-28.6936 top5=[a38=0.425, a39=0.240, a12=0.089, a44=0.056, a36=0.029]
  s=  342 a= 44(MANAGER:10) r= +0.4790 cum=   +205.29 v=-29.0177 top5=[a38=0.425, a39=0.241, a12=0.089, a44=0.055, a36=0.029]
  s=  343 a= 38(MANAGER:4) r= +1.9883 cum=   +207.28 v=-29.3667 top5=[a38=0.424, a39=0.241, a12=0.090, a44=0.055, a36=0.029]
  s=  344 a= 12(BUILD:PowerStation) r= -0.4177 cum=   +206.86 v=-31.9934 top5=[a38=0.401, a39=0.263, a12=0.087, a44=0.055, a36=0.030]
  s=  345 a= 44(MANAGER:10) r= -2.5203 cum=   +204.34 v=-32.3539 top5=[a38=0.400, a39=0.264, a12=0.088, a44=0.055, a36=0.030]
  s=  346 a= 39(MANAGER:5) r= +4.9894 cum=   +209.33 v=-32.7068 top5=[a38=0.399, a39=0.265, a12=0.088, a44=0.054, a36=0.030]
  s=  347 a= 42(MANAGER:8) r= -2.9352 cum=   +206.39 v=-135.3700 top5=[a42=0.825, a36=0.063, a38=0.037, a39=0.022, a12=0.013]
  s=  348 a= 39(MANAGER:5) r= +1.5159 cum=   +207.91 v=-130.9807 top5=[a42=0.339, a38=0.234, a12=0.176, a36=0.090, a39=0.071]
  s=  349 a= 39(MANAGER:5) r= +1.5226 cum=   +209.43 v=-70.7809 top5=[a38=0.429, a39=0.211, a3=0.081, a22=0.073, a14=0.037]
  s=  350 a= 12(BUILD:PowerStation) r= +0.6000 cum=   +210.03 v=-72.3475 top5=[a38=0.450, a39=0.194, a3=0.083, a22=0.072, a14=0.037]
    state: year=1 month=3 season=0 money=41974 credit=50300 people=31 busy=0 free=31 home_places=110 need_workers=5 tax_due=0 main_tax_due=0 tax_amount=7626 main_tax_amount=0 days_alive=368 stage=0 res0=0 res1=0 res2=0 res3=0 res4=0 res5=0 res6=0 res7=0 res8=0 Garden=2 Road=5 House=1 CowFarm=1 Apiary=2 | nw=1518090.5935
  s=  351 a=  8(BUILD:Coalmine) r= -0.8670 cum=   +209.17 v=-73.9546 top5=[a38=0.452, a39=0.213, a3=0.073, a22=0.064, a12=0.029]
  s=  352 a=  5(BUILD:House) r= -0.8676 cum=   +208.30 v=-73.9367 top5=[a38=0.450, a39=0.215, a3=0.073, a22=0.064, a12=0.028]
  s=  353 a= 39(MANAGER:5) r= +1.5190 cum=   +209.82 v=-73.9045 top5=[a38=0.449, a39=0.217, a3=0.072, a22=0.064, a12=0.028]
  s=  354 a= 38(MANAGER:4) r= +1.5249 cum=   +211.34 v=-69.8874 top5=[a38=0.664, a39=0.131, a3=0.066, a22=0.024, a44=0.023]
  s=  355 a= 38(MANAGER:4) r= +1.5214 cum=   +212.86 v=-73.0033 top5=[a38=0.594, a39=0.196, a3=0.066, a12=0.025, a44=0.023]
  s=  356 a= 38(MANAGER:4) r= +1.5268 cum=   +214.39 v=-74.1316 top5=[a38=0.338, a39=0.292, a3=0.083, a22=0.067, a14=0.038]
  s=  357 a= 38(MANAGER:4) r= +1.5254 cum=   +215.91 v=-76.3723 top5=[a39=0.324, a38=0.293, a3=0.081, a22=0.072, a14=0.044]
  s=  358 a= 44(MANAGER:10) r= +0.0185 cum=   +215.93 v=-75.7994 top5=[a39=0.362, a38=0.265, a3=0.074, a22=0.068, a14=0.040]
  s=  359 a= 39(MANAGER:5) r= -1.4796 cum=   +214.45 v=-75.8809 top5=[a39=0.366, a38=0.264, a3=0.073, a22=0.068, a14=0.040]
  s=  360 a= 13(BUILD:HydroStation) r= -0.2174 cum=   +214.24 v=-75.9390 top5=[a38=0.378, a39=0.285, a22=0.066, a3=0.063, a12=0.030]
  s=  361 a= 39(MANAGER:5) r= +1.5233 cum=   +215.76 v=-71.5397 top5=[a38=0.457, a39=0.286, a3=0.041, a22=0.034, a12=0.032]
  s=  362 a= 39(MANAGER:5) r= +1.5190 cum=   +217.28 v=-72.0556 top5=[a38=0.486, a39=0.257, a3=0.044, a22=0.034, a12=0.029]
  s=  363 a= 38(MANAGER:4) r= +1.5119 cum=   +218.79 v=-72.9634 top5=[a38=0.514, a39=0.231, a3=0.046, a22=0.034, a12=0.026]
  s=  364 a= 39(MANAGER:5) r= +1.5163 cum=   +220.31 v=-75.5736 top5=[a38=0.402, a39=0.332, a3=0.046, a22=0.036, a12=0.028]
  s=  365 a= 38(MANAGER:4) r= +1.5222 cum=   +221.83 v=-72.5478 top5=[a38=0.514, a39=0.231, a3=0.045, a22=0.034, a12=0.026]
  s=  366 a= 26(BUILD:BigSawmill) r= -0.8890 cum=   +220.94 v=-75.4096 top5=[a38=0.401, a39=0.333, a3=0.045, a22=0.036, a12=0.028]
  s=  367 a= 38(MANAGER:4) r= +1.5224 cum=   +222.46 v=-75.3282 top5=[a38=0.400, a39=0.333, a3=0.044, a22=0.035, a12=0.027]
  s=  368 a= 38(MANAGER:4) r= +1.5196 cum=   +223.98 v=-74.3046 top5=[a39=0.369, a38=0.369, a3=0.040, a22=0.034, a12=0.029]
  s=  369 a= 39(MANAGER:5) r= -1.4898 cum=   +222.49 v=-73.3699 top5=[a39=0.405, a38=0.335, a3=0.036, a22=0.032, a12=0.032]
  s=  370 a= 12(BUILD:PowerStation) r= +0.5924 cum=   +223.08 v=-70.3793 top5=[a38=0.454, a39=0.289, a3=0.036, a22=0.030, a12=0.030]
  s=  371 a= 39(MANAGER:5) r= +1.4957 cum=   +224.58 v=-73.5711 top5=[a38=0.452, a39=0.317, a3=0.028, a12=0.028, a44=0.026]
  s=  372 a= 39(MANAGER:5) r= +1.5196 cum=   +226.10 v=-73.6569 top5=[a38=0.482, a39=0.288, a3=0.030, a44=0.026, a12=0.025]
  s=  373 a= 39(MANAGER:5) r= +1.5228 cum=   +227.62 v=-73.9867 top5=[a38=0.513, a39=0.257, a3=0.032, a44=0.027, a22=0.025]
  s=  374 a= 35(MANAGER:1) r= +1.4592 cum=   +229.08 v=-66.7712 top5=[a38=0.730, a39=0.135, a44=0.023, a3=0.020, a12=0.018]
  s=  375 a= 25(BUILD:SuperHouse) r= -0.8943 cum=   +228.19 v=-66.7689 top5=[a38=0.729, a39=0.136, a44=0.024, a3=0.019, a12=0.018]
  s=  376 a= 38(MANAGER:4) r= +1.5160 cum=   +229.70 v=-66.9309 top5=[a38=0.727, a39=0.137, a44=0.024, a3=0.018, a12=0.018]
  s=  377 a= 38(MANAGER:4) r= +1.5125 cum=   +231.22 v=-72.5544 top5=[a38=0.609, a39=0.231, a44=0.030, a12=0.021, a3=0.019]
  s=  378 a= 16(BUILD:CoalCut) r= -0.9003 cum=   +230.32 v=-79.4148 top5=[a38=0.388, a39=0.366, a44=0.030, a3=0.029, a22=0.026]
  s=  379 a= 39(MANAGER:5) r= -1.5031 cum=   +228.81 v=-82.6658 top5=[a38=0.354, a39=0.302, a3=0.061, a22=0.048, a36=0.034]
  s=  380 a= 38(MANAGER:4) r= +1.5000 cum=   +230.31 v=-79.8619 top5=[a38=0.469, a39=0.222, a3=0.050, a22=0.040, a36=0.029]
  s=  381 a= 11(BUILD:Goldmine) r= -0.9003 cum=   +229.41 v=-82.1985 top5=[a38=0.355, a39=0.307, a3=0.058, a22=0.046, a36=0.034]
  s=  382 a= 39(MANAGER:5) r= +2.7218 cum=   +232.13 v=-81.9844 top5=[a38=0.355, a39=0.309, a3=0.057, a22=0.045, a36=0.034]
  s=  383 a=  3(BUILD:Farm) r= +3.2211 cum=   +235.36 v=-79.0209 top5=[a38=0.470, a39=0.227, a3=0.047, a22=0.037, a36=0.028]
  s=  384 a= 38(MANAGER:4) r= +1.5064 cum=   +236.86 v=-73.7931 top5=[a38=0.563, a39=0.201, a3=0.035, a44=0.023, a22=0.023]
  s=  385 a= 39(MANAGER:5) r= +1.5278 cum=   +238.39 v=-75.9851 top5=[a38=0.458, a39=0.282, a3=0.037, a22=0.027, a44=0.026]
  s=  386 a= 38(MANAGER:4) r= +1.5175 cum=   +239.91 v=-78.6733 top5=[a38=0.591, a39=0.190, a3=0.027, a44=0.020, a36=0.020]
  s=  387 a= 38(MANAGER:4) r= +1.4963 cum=   +241.40 v=-78.5170 top5=[a38=0.488, a39=0.300, a3=0.027, a22=0.024, a36=0.024]
  s=  388 a=  3(BUILD:Farm) r= +1.3989 cum=   +242.80 v=-76.9872 top5=[a38=0.449, a39=0.332, a3=0.025, a36=0.024, a22=0.024]
  s=  389 a= 38(MANAGER:4) r= +2.1033 cum=   +244.91 v=-72.9642 top5=[a38=0.551, a39=0.272, a44=0.023, a12=0.019, a3=0.017]
  s=  390 a= 38(MANAGER:4) r= +1.5021 cum=   +246.41 v=-70.6285 top5=[a38=0.512, a39=0.301, a44=0.024, a12=0.021, a36=0.016]
  s=  391 a= 39(MANAGER:5) r= +1.5022 cum=   +247.91 v=-68.9371 top5=[a38=0.471, a39=0.333, a44=0.025, a12=0.024, a36=0.016]
  s=  392 a= 36(MANAGER:2) r= +1.8797 cum=   +249.79 v=-67.8202 top5=[a38=0.581, a39=0.238, a44=0.021, a12=0.020, a36=0.014]
  s=  393 a= 32(BUILD:SmallAtomStation) r= -0.9247 cum=   +248.86 v=-69.7293 top5=[a38=0.609, a39=0.200, a12=0.024, a44=0.020, a36=0.014]
  s=  394 a= 38(MANAGER:4) r= +1.4992 cum=   +250.36 v=-69.3705 top5=[a38=0.606, a39=0.201, a12=0.024, a44=0.020, a36=0.014]
  s=  395 a= 17(BUILD:HuntingLand) r= -0.9170 cum=   +249.45 v=-68.0124 top5=[a38=0.483, a39=0.312, a44=0.028, a12=0.027, a36=0.015]
  s=  396 a= 36(MANAGER:2) r= -0.2732 cum=   +249.17 v=-67.8143 top5=[a38=0.478, a39=0.315, a44=0.028, a12=0.027, a36=0.015]
  s=  397 a= 39(MANAGER:5) r= -1.5238 cum=   +247.65 v=-67.6057 top5=[a38=0.474, a39=0.317, a44=0.029, a12=0.027, a36=0.015]
  s=  398 a= 44(MANAGER:10) r= -0.0282 cum=   +247.62 v=-68.3189 top5=[a38=0.596, a39=0.207, a12=0.025, a44=0.022, a36=0.014]
  s=  399 a= 38(MANAGER:4) r= +1.5039 cum=   +249.13 v=-68.0732 top5=[a38=0.593, a39=0.209, a12=0.025, a44=0.022, a36=0.014]
  s=  400 a= 39(MANAGER:5) r= +1.4966 cum=   +250.62 v=-66.9057 top5=[a38=0.467, a39=0.322, a44=0.030, a12=0.028, a35=0.015]
    state: year=1 month=4 season=0 money=8158 credit=55559 people=32 busy=0 free=32 home_places=170 need_workers=5 tax_due=0 main_tax_due=0 tax_amount=8886 main_tax_amount=0 days_alive=418 stage=0 res0=0 res1=0 res2=0 res3=0 res4=0 res5=0 res6=0 res7=0 res8=0 Garden=4 Road=6 House=2 CowFarm=1 Apiary=2 | nw=1513167.6298
  s=  401 a= 38(MANAGER:4) r= +1.4940 cum=   +252.12 v=-67.6825 top5=[a38=0.588, a39=0.212, a12=0.026, a44=0.023, a36=0.013]
  s=  402 a= 39(MANAGER:5) r= +1.4879 cum=   +253.60 v=-66.5265 top5=[a38=0.463, a39=0.324, a44=0.031, a12=0.028, a35=0.015]
  s=  403 a= 38(MANAGER:4) r= +1.4729 cum=   +255.08 v=-67.7051 top5=[a38=0.567, a39=0.224, a12=0.026, a44=0.024, a36=0.016]
  s=  404 a= 38(MANAGER:4) r= +1.4980 cum=   +256.58 v=-67.3275 top5=[a38=0.430, a39=0.363, a12=0.033, a44=0.027, a36=0.019]
  s=  405 a= 20(BUILD:BigHouse) r= -0.9485 cum=   +255.63 v=-65.7280 top5=[a39=0.397, a38=0.390, a12=0.035, a44=0.028, a35=0.018]
  s=  406 a= 38(MANAGER:4) r= +1.4897 cum=   +257.12 v=-65.4465 top5=[a39=0.397, a38=0.389, a12=0.035, a44=0.029, a35=0.018]
  s=  407 a= 39(MANAGER:5) r= -1.5423 cum=   +255.57 v=-63.7943 top5=[a39=0.446, a38=0.318, a12=0.042, a44=0.034, a35=0.022]
  s=  408 a= 38(MANAGER:4) r= +1.4866 cum=   +257.06 v=-67.0006 top5=[a39=0.404, a38=0.374, a12=0.037, a44=0.029, a36=0.021]
  s=  409 a= 39(MANAGER:5) r= +1.4853 cum=   +258.55 v=-78.6841 top5=[a39=0.402, a38=0.303, a12=0.056, a36=0.045, a44=0.025]
  s=  410 a= 39(MANAGER:5) r= +1.4907 cum=   +260.04 v=-82.0464 top5=[a39=0.380, a38=0.359, a12=0.047, a36=0.041, a44=0.021]
  s=  411 a= 38(MANAGER:4) r= +1.4703 cum=   +261.51 v=-81.1589 top5=[a38=0.480, a39=0.267, a12=0.041, a36=0.036, a44=0.019]
  s=  412 a= 10(BUILD:Refinery) r= -0.9482 cum=   +260.56 v=-80.7433 top5=[a39=0.378, a38=0.359, a12=0.047, a36=0.040, a44=0.021]
  s=  413 a= 39(MANAGER:5) r= +1.4826 cum=   +262.04 v=-80.0506 top5=[a39=0.378, a38=0.358, a12=0.047, a36=0.039, a44=0.022]
  s=  414 a= 38(MANAGER:4) r= +1.4738 cum=   +263.52 v=-79.1234 top5=[a38=0.475, a39=0.265, a12=0.041, a36=0.035, a44=0.020]
  s=  415 a= 24(BUILD:Hothouse) r= -0.9504 cum=   +262.56 v=-78.6181 top5=[a39=0.379, a38=0.356, a12=0.046, a36=0.038, a44=0.023]
  s=  416 a= 38(MANAGER:4) r= +1.4712 cum=   +264.04 v=-77.9212 top5=[a39=0.380, a38=0.354, a12=0.046, a36=0.037, a44=0.023]
  s=  417 a= 39(MANAGER:5) r= -1.5570 cum=   +262.48 v=-72.9009 top5=[a39=0.416, a38=0.294, a12=0.052, a36=0.037, a44=0.028]
  s=  418 a= 38(MANAGER:4) r= +1.4719 cum=   +263.95 v=-76.4828 top5=[a39=0.381, a38=0.351, a12=0.046, a36=0.036, a44=0.024]
  s=  419 a= 19(BUILD:Mushroom) r= -0.9553 cum=   +263.00 v=-71.4168 top5=[a39=0.418, a38=0.291, a12=0.051, a36=0.035, a44=0.028]
  s=  420 a= 39(MANAGER:5) r= +1.4764 cum=   +264.47 v=-70.7131 top5=[a39=0.419, a38=0.290, a12=0.051, a36=0.034, a44=0.029]
  s=  421 a= 38(MANAGER:4) r= +1.4762 cum=   +265.95 v=-74.3073 top5=[a39=0.381, a38=0.346, a12=0.045, a36=0.033, a44=0.025]
  s=  422 a= 11(BUILD:Goldmine) r= -0.9572 cum=   +264.99 v=-69.3860 top5=[a39=0.418, a38=0.288, a12=0.050, a36=0.032, a44=0.030]
  s=  423 a= 39(MANAGER:5) r= +1.4716 cum=   +266.46 v=-68.6965 top5=[a39=0.418, a38=0.288, a12=0.049, a36=0.032, a44=0.030]
  s=  424 a= 39(MANAGER:5) r= +1.4717 cum=   +267.93 v=-72.1372 top5=[a39=0.379, a38=0.341, a12=0.045, a36=0.031, a44=0.027]
  s=  425 a= 39(MANAGER:5) r= +1.4662 cum=   +269.40 v=-73.0230 top5=[a38=0.457, a39=0.266, a12=0.040, a36=0.030, a44=0.025]
  s=  426 a= 38(MANAGER:4) r= +1.4860 cum=   +270.89 v=-73.3883 top5=[a38=0.492, a39=0.239, a12=0.038, a36=0.030, a44=0.025]
  s=  427 a= 39(MANAGER:5) r= -1.5756 cum=   +269.31 v=-71.0351 top5=[a38=0.368, a39=0.348, a12=0.044, a36=0.031, a44=0.028]
  s=  428 a= 39(MANAGER:5) r= +1.4770 cum=   +270.79 v=-72.3338 top5=[a38=0.491, a39=0.240, a12=0.038, a36=0.028, a44=0.026]
  s=  429 a= 38(MANAGER:4) r= +1.4712 cum=   +272.26 v=-72.8984 top5=[a38=0.525, a39=0.215, a12=0.036, a36=0.029, a44=0.025]
  s=  430 a= 38(MANAGER:4) r= +1.4641 cum=   +273.72 v=-70.4126 top5=[a38=0.399, a39=0.317, a12=0.042, a36=0.031, a44=0.029]
  s=  431 a= 15(BUILD:Fish) r= -0.9684 cum=   +272.75 v=-68.2285 top5=[a38=0.368, a39=0.345, a12=0.045, a44=0.030, a36=0.028]
  s=  432 a= 38(MANAGER:4) r= +1.4527 cum=   +274.21 v=-67.6624 top5=[a38=0.369, a39=0.344, a12=0.045, a44=0.030, a36=0.028]
  s=  433 a= 39(MANAGER:5) r= +1.4654 cum=   +275.67 v=-66.2468 top5=[a39=0.371, a38=0.341, a12=0.046, a44=0.031, a36=0.026]
  s=  434 a= 39(MANAGER:5) r= +1.4674 cum=   +277.14 v=-68.2046 top5=[a38=0.452, a39=0.267, a12=0.042, a44=0.030, a36=0.025]
  s=  435 a= 11(BUILD:Goldmine) r= -0.9786 cum=   +276.16 v=-68.5379 top5=[a38=0.483, a39=0.241, a12=0.040, a44=0.029, a36=0.025]
  s=  436 a= 38(MANAGER:4) r= +1.4627 cum=   +277.62 v=-68.1138 top5=[a38=0.484, a39=0.241, a12=0.040, a44=0.030, a36=0.025]
  s=  437 a= 14(BUILD:Road) r= +5.0654 cum=   +282.69 v=-65.3980 top5=[a38=0.376, a39=0.341, a12=0.045, a44=0.032, a36=0.025]
  s=  438 a= 38(MANAGER:4) r= +1.4615 cum=   +284.15 v=-57.4989 top5=[a38=0.483, a39=0.305, a12=0.031, a44=0.029, a35=0.020]
  s=  439 a= 38(MANAGER:4) r= +1.4656 cum=   +285.62 v=-56.6860 top5=[a38=0.447, a39=0.337, a12=0.032, a44=0.030, a35=0.021]
  s=  440 a= 39(MANAGER:5) r= +1.4554 cum=   +287.07 v=-72.0882 top5=[a39=0.528, a38=0.307, a44=0.020, a12=0.016, a36=0.010]
  s=  441 a= 44(MANAGER:10) r= -0.0592 cum=   +287.01 v=-71.9461 top5=[a39=0.429, a38=0.387, a44=0.021, a12=0.019, a36=0.013]
  s=  442 a= 44(MANAGER:10) r= -0.0657 cum=   +286.95 v=-72.1654 top5=[a39=0.430, a38=0.385, a44=0.021, a12=0.019, a36=0.013]
  s=  443 a= 39(MANAGER:5) r= +1.4562 cum=   +288.40 v=-72.3826 top5=[a39=0.431, a38=0.383, a44=0.021, a12=0.019, a36=0.013]
  s=  444 a= 32(BUILD:SmallAtomStation) r= -0.9840 cum=   +287.42 v=-70.4306 top5=[a38=0.540, a39=0.296, a44=0.018, a12=0.016, a36=0.011]
  s=  445 a= 39(MANAGER:5) r= +1.4527 cum=   +288.87 v=-74.4311 top5=[a38=0.525, a39=0.317, a44=0.016, a36=0.014, a12=0.013]
  s=  446 a= 38(MANAGER:4) r= -1.6011 cum=   +287.27 v=-73.6252 top5=[a38=0.571, a39=0.303, a36=0.015, a44=0.012, a12=0.011]
  s=  447 a= 38(MANAGER:4) r= +1.4491 cum=   +288.72 v=-74.0555 top5=[a38=0.491, a39=0.364, a36=0.014, a44=0.014, a12=0.011]
  s=  448 a= 39(MANAGER:5) r= +1.4464 cum=   +290.17 v=-73.6160 top5=[a38=0.435, a39=0.406, a44=0.016, a36=0.013, a12=0.013]
  s=  449 a= 38(MANAGER:4) r= +1.4449 cum=   +291.61 v=-73.7338 top5=[a38=0.516, a39=0.336, a36=0.014, a44=0.014, a12=0.013]
  s=  450 a= 39(MANAGER:5) r= +1.4486 cum=   +293.06 v=-73.9754 top5=[a38=0.429, a39=0.410, a44=0.016, a36=0.013, a12=0.013]
    state: year=1 month=6 season=1 money=2258 credit=61372 people=32 busy=0 free=32 home_places=170 need_workers=7 tax_due=0 main_tax_due=0 tax_amount=9306 main_tax_amount=0 days_alive=468 stage=0 res0=0 res1=0 res2=0 res3=0 res4=0 res5=0 res6=0 res7=0 res8=0 Garden=4 Road=6 House=2 SmallHouse=1 CowFarm=1 Apiary=2 | nw=1506258.0741
  s=  451 a= 38(MANAGER:4) r= +1.4450 cum=   +294.51 v=-74.0103 top5=[a38=0.511, a39=0.338, a44=0.014, a36=0.014, a12=0.013]
  s=  452 a= 38(MANAGER:4) r= +1.4451 cum=   +295.95 v=-74.2048 top5=[a38=0.425, a39=0.412, a44=0.016, a12=0.013, a36=0.013]
  s=  453 a= 38(MANAGER:4) r= +1.4480 cum=   +297.40 v=-74.4544 top5=[a39=0.577, a38=0.280, a44=0.015, a12=0.013, a36=0.012]
  s=  454 a= 39(MANAGER:5) r= +1.4422 cum=   +298.84 v=-74.5235 top5=[a39=0.657, a38=0.225, a44=0.013, a12=0.011, a36=0.010]
  s=  455 a= 39(MANAGER:5) r= +1.4423 cum=   +300.28 v=-74.8389 top5=[a39=0.579, a38=0.276, a44=0.016, a12=0.013, a36=0.011]
  s=  456 a= 39(MANAGER:5) r= -1.6151 cum=   +298.67 v=-74.1503 top5=[a39=0.485, a38=0.346, a44=0.017, a12=0.016, a36=0.014]
  s=  457 a= 39(MANAGER:5) r= +1.4570 cum=   +300.12 v=-74.8182 top5=[a38=0.503, a39=0.338, a44=0.015, a12=0.014, a36=0.013]
  s=  458 a= 38(MANAGER:4) r= +6.1151 cum=   +306.24 v=-75.5608 top5=[a38=0.537, a39=0.320, a36=0.014, a44=0.013, a12=0.012]
  s=  459 a= 38(MANAGER:4) r= +1.4299 cum=   +307.67 v=-69.1741 top5=[a38=0.513, a39=0.430, a44=0.009, a36=0.004, a0=0.004]
  s=  460 a= 38(MANAGER:4) r= +1.4340 cum=   +309.10 v=-70.4660 top5=[a39=0.486, a38=0.454, a44=0.010, a0=0.005, a36=0.004]
  s=  461 a= 39(MANAGER:5) r= +1.4297 cum=   +310.53 v=-72.1765 top5=[a39=0.642, a38=0.296, a44=0.010, a0=0.004, a36=0.004]
  s=  462 a= 39(MANAGER:5) r= +1.4272 cum=   +311.96 v=-70.4788 top5=[a39=0.555, a38=0.372, a44=0.011, a0=0.005, a36=0.005]
  s=  463 a= 39(MANAGER:5) r= +1.4272 cum=   +313.39 v=-71.6636 top5=[a38=0.521, a39=0.419, a44=0.009, a0=0.005, a36=0.005]
  s=  464 a= 39(MANAGER:5) r= +1.4273 cum=   +314.82 v=-70.4673 top5=[a38=0.565, a39=0.375, a44=0.009, a0=0.005, a36=0.005]
  s=  465 a= 38(MANAGER:4) r= +1.4244 cum=   +316.24 v=-63.4014 top5=[a38=0.730, a39=0.250, a44=0.005, a0=0.002, a4=0.001]
  s=  466 a= 38(MANAGER:4) r= -1.6211 cum=   +314.62 v=-65.6146 top5=[a38=0.678, a39=0.298, a44=0.006, a4=0.002, a0=0.001]
  s=  467 a= 38(MANAGER:4) r= +1.4253 cum=   +316.04 v=-70.9608 top5=[a38=0.499, a39=0.433, a44=0.010, a0=0.005, a36=0.005]
  s=  468 a= 38(MANAGER:4) r= +1.4237 cum=   +317.47 v=-71.8975 top5=[a39=0.490, a38=0.440, a44=0.010, a0=0.005, a36=0.004]
  s=  469 a= 38(MANAGER:4) r= +1.4221 cum=   +318.89 v=-73.5457 top5=[a39=0.653, a38=0.276, a44=0.010, a0=0.005, a12=0.005]
  s=  470 a= 14(BUILD:Road) r= -1.0184 cum=   +317.87 v=-78.0773 top5=[a39=0.670, a38=0.255, a44=0.010, a0=0.005, a36=0.005]
  s=  471 a= 39(MANAGER:5) r= +1.4206 cum=   +319.29 v=-78.1453 top5=[a39=0.672, a38=0.252, a44=0.010, a0=0.005, a36=0.005]
  s=  472 a= 38(MANAGER:4) r= +1.4223 cum=   +320.71 v=-76.8593 top5=[a39=0.616, a38=0.288, a44=0.013, a36=0.006, a0=0.006]
  s=  473 a= 39(MANAGER:5) r= +2.0293 cum=   +322.74 v=-78.2566 top5=[a39=0.675, a38=0.247, a44=0.011, a0=0.005, a36=0.005]
  s=  474 a= 39(MANAGER:5) r= +1.4259 cum=   +324.17 v=-76.7675 top5=[a39=0.618, a38=0.285, a44=0.013, a0=0.006, a12=0.005]
  s=  475 a= 39(MANAGER:5) r= +1.4204 cum=   +325.59 v=-75.3708 top5=[a39=0.537, a38=0.356, a44=0.014, a12=0.007, a36=0.007]
  s=  476 a= 39(MANAGER:5) r= -1.6373 cum=   +323.95 v=-75.4383 top5=[a38=0.504, a39=0.405, a44=0.012, a0=0.006, a36=0.006]
  s=  477 a= 38(MANAGER:4) r= +1.4149 cum=   +325.37 v=-74.7416 top5=[a38=0.551, a39=0.364, a44=0.011, a36=0.007, a0=0.006]
  s=  478 a= 38(MANAGER:4) r= +1.4137 cum=   +326.78 v=-74.2983 top5=[a38=0.481, a39=0.421, a44=0.012, a36=0.006, a0=0.006]
  s=  479 a= 38(MANAGER:4) r= +1.4137 cum=   +328.19 v=-75.3102 top5=[a39=0.474, a38=0.424, a44=0.014, a0=0.006, a36=0.006]
  s=  480 a= 39(MANAGER:5) r= +1.4180 cum=   +329.61 v=-77.6723 top5=[a39=0.626, a38=0.271, a44=0.013, a12=0.006, a0=0.006]
  s=  481 a= 38(MANAGER:4) r= +1.4108 cum=   +331.02 v=-76.0762 top5=[a39=0.543, a38=0.343, a44=0.014, a12=0.008, a0=0.007]
  s=  482 a= 39(MANAGER:5) r= +3.2453 cum=   +334.27 v=-77.9977 top5=[a39=0.629, a38=0.266, a44=0.013, a12=0.006, a0=0.006]
  s=  483 a= 22(BUILD:Apiary) r= -1.0226 cum=   +333.25 v=-76.0645 top5=[a39=0.547, a38=0.339, a44=0.014, a12=0.007, a0=0.007]
  s=  484 a= 39(MANAGER:5) r= +1.4117 cum=   +334.66 v=-76.1579 top5=[a39=0.548, a38=0.337, a44=0.014, a12=0.008, a0=0.007]
  s=  485 a= 38(MANAGER:4) r= +1.4071 cum=   +336.06 v=-76.0452 top5=[a38=0.492, a39=0.407, a44=0.012, a0=0.007, a12=0.006]
  s=  486 a= 39(MANAGER:5) r= -1.6382 cum=   +334.43 v=-75.9487 top5=[a39=0.475, a38=0.415, a44=0.014, a0=0.007, a12=0.006]
  s=  487 a= 38(MANAGER:4) r= +1.4064 cum=   +335.83 v=-76.2598 top5=[a38=0.489, a39=0.408, a44=0.012, a0=0.007, a12=0.006]
  s=  488 a= 39(MANAGER:5) r= +1.4146 cum=   +337.25 v=-76.2581 top5=[a39=0.475, a38=0.412, a44=0.014, a0=0.007, a12=0.006]
  s=  489 a= 39(MANAGER:5) r= +1.4037 cum=   +338.65 v=-76.6043 top5=[a38=0.485, a39=0.408, a44=0.012, a0=0.007, a12=0.007]
  s=  490 a= 39(MANAGER:5) r= +1.4021 cum=   +340.05 v=-76.4269 top5=[a38=0.525, a39=0.373, a44=0.012, a0=0.007, a12=0.006]
  s=  491 a= 38(MANAGER:4) r= +1.4022 cum=   +341.46 v=-70.0151 top5=[a38=0.705, a39=0.260, a44=0.008, a0=0.002, a4=0.002]
  s=  492 a= 38(MANAGER:4) r= +1.3992 cum=   +342.85 v=-72.4520 top5=[a38=0.658, a39=0.300, a44=0.009, a4=0.003, a29=0.002]
  s=  493 a= 38(MANAGER:4) r= +1.4006 cum=   +344.26 v=-76.9462 top5=[a38=0.455, a39=0.427, a44=0.013, a12=0.007, a0=0.007]
  s=  494 a= 38(MANAGER:4) r= +2.0119 cum=   +346.27 v=-77.6402 top5=[a39=0.480, a38=0.400, a44=0.014, a12=0.007, a0=0.007]
  s=  495 a= 19(BUILD:Mushroom) r= -1.0490 cum=   +345.22 v=-79.9261 top5=[a39=0.646, a38=0.244, a44=0.013, a12=0.007, a0=0.006]
  s=  496 a= 38(MANAGER:4) r= -1.6676 cum=   +343.55 v=-80.2181 top5=[a39=0.645, a38=0.244, a44=0.013, a12=0.007, a0=0.006]
  s=  497 a= 39(MANAGER:5) r= +1.3961 cum=   +344.95 v=-82.5661 top5=[a39=0.714, a38=0.196, a44=0.011, a12=0.006, a0=0.005]
  s=  498 a= 31(BUILD:AirStation) r= -1.0557 cum=   +343.89 v=-80.7877 top5=[a39=0.643, a38=0.244, a44=0.014, a12=0.007, a0=0.006]
  s=  499 a= 38(MANAGER:4) r= +1.3914 cum=   +345.28 v=-81.0710 top5=[a39=0.643, a38=0.244, a44=0.014, a12=0.007, a0=0.006]
  >>> Ep 2: reward=345.28, steps=500
  >>> final: year=1 month=7 season=1 money=2258 credit=67657 people=65 busy=0 free=65 home_places=110 need_workers=0 tax_due=0 main_tax_due=0 tax_amount=9306 main_tax_amount=0 days_alive=517 stage=0 res0=0 res1=0 res2=0 res3=0 res4=0 res5=0 res6=0 res7=0 res8=0 Garden=4 Road=6 House=2 SmallHouse=1 CowFarm=1 Apiary=2 | nw=1498880.2145
======================================================================
EPISODE 3
======================================================================
init: year=0 month=3 season=0 money=82000 credit=0 people=28 busy=0 free=28 home_places=50 need_workers=0 tax_due=0 main_tax_due=0 tax_amount=5106 main_tax_amount=0 days_alive=0 stage=0 res0=0 res1=0 res2=0 res3=0 res4=0 res5=0 res6=0 res7=0 res8=0 | nw=1532000.0000
  s=    0 a= 39(MANAGER:5) r= -0.3677 cum=     -0.37 v=+44.7016 top5=[a14=0.289, a22=0.173, a12=0.111, a3=0.095, a38=0.087]
    state: year=0 month=3 season=0 money=82000 credit=0 people=28 busy=0 free=28 home_places=50 need_workers=0 tax_due=0 main_tax_due=0 tax_amount=5106 main_tax_amount=0 days_alive=1 stage=0 res0=0 res1=0 res2=0 res3=0 res4=0 res5=0 res6=0 res7=0 res8=0 | nw=1532000.0000
  s=    1 a= 22(BUILD:Apiary) r= +2.7024 cum=     +2.33 v=+44.0873 top5=[a14=0.287, a22=0.171, a12=0.109, a3=0.095, a38=0.088]
  s=    2 a=  1(WEEK) r= +0.2451 cum=     +2.58 v=+50.0879 top5=[a12=0.183, a3=0.155, a22=0.142, a38=0.133, a14=0.085]
  s=    3 a= 38(MANAGER:4) r= +2.0846 cum=     +4.66 v=+49.0880 top5=[a12=0.175, a3=0.155, a38=0.144, a22=0.133, a14=0.086]
  s=    4 a= 22(BUILD:Apiary) r= +2.7025 cum=     +7.37 v=+47.8005 top5=[a12=0.184, a3=0.145, a38=0.137, a22=0.130, a14=0.086]
  s=    5 a= 12(BUILD:PowerStation) r= +1.1399 cum=     +8.51 v=+46.5933 top5=[a12=0.206, a38=0.177, a3=0.116, a22=0.113, a14=0.062]
  s=    6 a= 12(BUILD:PowerStation) r= +2.9796 cum=    +11.49 v=+44.3351 top5=[a38=0.195, a12=0.180, a3=0.119, a22=0.114, a14=0.058]
  s=    7 a= 22(BUILD:Apiary) r= +2.7005 cum=    +14.19 v=+41.2303 top5=[a38=0.212, a12=0.161, a3=0.125, a22=0.113, a39=0.054]
  s=    8 a= 41(MANAGER:7) r= -0.9798 cum=    +13.21 v=+35.4771 top5=[a38=0.267, a12=0.186, a3=0.096, a22=0.087, a39=0.074]
  s=    9 a= 14(BUILD:Road) r= +0.8023 cum=    +14.01 v=+37.1522 top5=[a38=0.266, a12=0.187, a3=0.096, a22=0.080, a39=0.075]
  s=   10 a= 38(MANAGER:4) r= +2.0834 cum=    +16.09 v=+32.4450 top5=[a38=0.347, a12=0.185, a39=0.081, a3=0.070, a22=0.065]
  s=   11 a= 35(MANAGER:1) r= -0.3677 cum=    +15.73 v=+32.4594 top5=[a38=0.330, a12=0.196, a39=0.090, a3=0.064, a22=0.062]
  s=   12 a= 38(MANAGER:4) r= +2.0841 cum=    +17.81 v=+32.3948 top5=[a38=0.310, a12=0.188, a39=0.085, a3=0.065, a22=0.062]
  s=   13 a= 22(BUILD:Apiary) r= +2.7019 cum=    +20.51 v=+32.8777 top5=[a38=0.276, a12=0.194, a39=0.092, a22=0.059, a3=0.057]
  s=   14 a= 12(BUILD:PowerStation) r= +1.1396 cum=    +21.65 v=+27.9552 top5=[a38=0.325, a12=0.238, a39=0.112, a22=0.040, a3=0.038]
  s=   15 a= 38(MANAGER:4) r= +2.0840 cum=    +23.73 v=+27.1409 top5=[a38=0.337, a12=0.228, a39=0.119, a22=0.040, a3=0.039]
  s=   16 a= 12(BUILD:PowerStation) r= +2.9790 cum=    +26.71 v=+26.8096 top5=[a38=0.321, a12=0.237, a39=0.128, a22=0.039, a3=0.037]
  s=   17 a= 27(BUILD:WaterMill) r= +6.1254 cum=    +32.84 v=+22.9719 top5=[a38=0.325, a12=0.210, a39=0.134, a22=0.038, a3=0.038]
  s=   18 a= 38(MANAGER:4) r= +2.0668 cum=    +34.91 v=+22.8607 top5=[a38=0.322, a12=0.202, a39=0.137, a22=0.041, a3=0.038]
  s=   19 a= 14(BUILD:Road) r= +0.7912 cum=    +35.70 v=+23.4505 top5=[a38=0.295, a12=0.220, a39=0.145, a22=0.041, a44=0.036]
  s=   20 a= 38(MANAGER:4) r= +2.0561 cum=    +37.75 v=+20.1261 top5=[a38=0.345, a12=0.192, a39=0.142, a22=0.049, a44=0.038]
  s=   21 a=  3(BUILD:Farm) r= +1.9576 cum=    +39.71 v=+19.0783 top5=[a38=0.307, a12=0.182, a39=0.150, a22=0.054, a44=0.037]
  s=   22 a= 24(BUILD:Hothouse) r= +6.0963 cum=    +45.81 v=+18.1237 top5=[a38=0.382, a12=0.185, a39=0.160, a22=0.036, a44=0.034]
  s=   23 a= 38(MANAGER:4) r= +2.0456 cum=    +47.85 v= +7.1040 top5=[a38=0.529, a39=0.178, a12=0.164, a44=0.018, a22=0.016]
  s=   24 a= 44(MANAGER:10) r= +0.5318 cum=    +48.38 v= +4.9657 top5=[a38=0.508, a39=0.194, a12=0.163, a44=0.019, a22=0.015]
  s=   25 a= 39(MANAGER:5) r= +2.0444 cum=    +50.43 v= +6.7771 top5=[a38=0.446, a12=0.203, a39=0.156, a22=0.026, a44=0.022]
  s=   26 a= 38(MANAGER:4) r= +2.0468 cum=    +52.48 v= +6.2236 top5=[a38=0.516, a12=0.171, a39=0.129, a22=0.026, a44=0.023]
  s=   27 a= 39(MANAGER:5) r= +2.0423 cum=    +54.52 v= +4.4118 top5=[a38=0.415, a12=0.204, a39=0.152, a22=0.029, a44=0.024]
  s=   28 a= 38(MANAGER:4) r= +2.0401 cum=    +56.56 v= +5.8413 top5=[a38=0.482, a12=0.179, a39=0.126, a22=0.030, a44=0.024]
  s=   29 a= 38(MANAGER:4) r= +2.0308 cum=    +58.59 v= +1.6591 top5=[a38=0.383, a12=0.205, a39=0.155, a22=0.036, a36=0.026]
  s=   30 a= 39(MANAGER:5) r= +2.0344 cum=    +60.62 v= +2.5890 top5=[a38=0.358, a12=0.221, a39=0.167, a22=0.035, a36=0.028]
  s=   31 a= 12(BUILD:PowerStation) r= +1.0963 cum=    +61.72 v= +2.8630 top5=[a38=0.432, a12=0.181, a39=0.138, a22=0.035, a36=0.027]
  s=   32 a= 38(MANAGER:4) r= +2.0224 cum=    +63.74 v= -0.8069 top5=[a38=0.419, a12=0.167, a39=0.148, a22=0.034, a44=0.031]
  s=   33 a=  1(WEEK) r= -0.0777 cum=    +63.66 v= +1.2191 top5=[a38=0.343, a12=0.214, a39=0.182, a22=0.035, a36=0.031]
  s=   34 a= 38(MANAGER:4) r= -0.4149 cum=    +63.25 v= +0.2434 top5=[a38=0.337, a12=0.207, a39=0.176, a36=0.042, a44=0.032]
  s=   35 a= 22(BUILD:Apiary) r= -0.4330 cum=    +62.82 v= -0.9350 top5=[a38=0.341, a12=0.209, a39=0.165, a36=0.048, a44=0.034]
  s=   36 a= 14(BUILD:Road) r= -0.4237 cum=    +62.39 v= +0.6606 top5=[a38=0.343, a12=0.226, a39=0.160, a36=0.046, a44=0.033]
  s=   37 a= 38(MANAGER:4) r= -0.4238 cum=    +61.97 v= +0.9919 top5=[a38=0.342, a12=0.225, a39=0.161, a36=0.046, a44=0.033]
  s=   38 a= 38(MANAGER:4) r= -0.4298 cum=    +61.54 v= +1.3282 top5=[a38=0.341, a12=0.225, a39=0.162, a36=0.045, a44=0.034]
  s=   39 a= 38(MANAGER:4) r= -0.4218 cum=    +61.12 v= +1.6059 top5=[a38=0.340, a12=0.225, a39=0.163, a36=0.045, a44=0.034]
  s=   40 a= 38(MANAGER:4) r= -3.4738 cum=    +57.64 v= +1.8682 top5=[a38=0.339, a12=0.224, a39=0.165, a36=0.045, a44=0.035]
  s=   41 a=  0(DAY) r= +0.1899 cum=    +57.83 v= +2.1250 top5=[a38=0.338, a12=0.223, a39=0.166, a36=0.044, a44=0.035]
  s=   42 a=  3(BUILD:Farm) r= -0.4258 cum=    +57.41 v= +2.3670 top5=[a38=0.337, a12=0.223, a39=0.168, a36=0.044, a44=0.036]
  s=   43 a= 12(BUILD:PowerStation) r= +2.8892 cum=    +60.30 v= +2.6073 top5=[a38=0.336, a12=0.222, a39=0.169, a36=0.044, a44=0.036]
  s=   44 a= 12(BUILD:PowerStation) r= +1.0734 cum=    +61.37 v= +1.8187 top5=[a38=0.329, a12=0.213, a39=0.191, a36=0.041, a44=0.037]
  s=   45 a= 22(BUILD:Apiary) r= -0.4272 cum=    +60.94 v= +0.2552 top5=[a38=0.336, a39=0.215, a12=0.200, a44=0.038, a36=0.036]
  s=   46 a= 36(MANAGER:2) r= +0.6808 cum=    +61.62 v= -1.0241 top5=[a38=0.292, a12=0.210, a39=0.206, a36=0.045, a44=0.042]
  s=   47 a= 38(MANAGER:4) r= -0.4282 cum=    +61.20 v= +1.5222 top5=[a38=0.304, a12=0.228, a39=0.202, a36=0.041, a44=0.039]
  s=   48 a= 14(BUILD:Road) r= -0.4496 cum=    +60.75 v= +1.7379 top5=[a38=0.304, a12=0.226, a39=0.204, a36=0.041, a44=0.040]
  s=   49 a= 38(MANAGER:4) r= -0.4416 cum=    +60.30 v= -0.4186 top5=[a38=0.258, a12=0.236, a39=0.156, a36=0.055, a44=0.044]
  s=   50 a= 12(BUILD:PowerStation) r= +1.0465 cum=    +61.35 v= -0.6193 top5=[a38=0.261, a12=0.241, a39=0.144, a36=0.057, a44=0.045]
    state: year=0 month=5 season=0 money=4251 credit=0 people=28 busy=0 free=28 home_places=50 need_workers=0 tax_due=0 main_tax_due=0 tax_amount=8474 main_tax_amount=0 days_alive=63 stage=0 res0=0 res1=400 res2=0 res3=0 res4=0 res5=0 res6=0 res7=0 res8=0 Garden=1 Road=8 SmallHouse=2 Apiary=4 Hothouse=1 | nw=1531193.9157
  s=   51 a= 12(BUILD:PowerStation) r= +1.0564 cum=    +62.41 v= -2.0037 top5=[a38=0.275, a12=0.222, a39=0.160, a36=0.056, a44=0.048]
  s=   52 a= 38(MANAGER:4) r= -0.4328 cum=    +61.97 v= -4.5843 top5=[a38=0.275, a12=0.200, a39=0.186, a36=0.055, a44=0.049]
  s=   53 a= 39(MANAGER:5) r= +1.9995 cum=    +63.97 v= -4.2295 top5=[a38=0.274, a12=0.200, a39=0.188, a36=0.054, a44=0.049]
  s=   54 a= 12(BUILD:PowerStation) r= +1.0632 cum=    +65.04 v= -4.7115 top5=[a38=0.368, a12=0.164, a39=0.157, a36=0.049, a44=0.048]
  s=   55 a= 13(BUILD:HydroStation) r= -0.4425 cum=    +64.59 v= -8.9706 top5=[a38=0.374, a39=0.169, a12=0.153, a44=0.049, a36=0.046]
  s=   56 a= 36(MANAGER:2) r= +0.4750 cum=    +65.07 v= -8.5137 top5=[a38=0.373, a39=0.171, a12=0.152, a44=0.050, a36=0.046]
  s=   57 a= 39(MANAGER:5) r= +2.0076 cum=    +67.08 v= -8.6526 top5=[a38=0.375, a39=0.172, a12=0.145, a44=0.051, a36=0.050]
  s=   58 a= 39(MANAGER:5) r= +2.0080 cum=    +69.09 v=-12.2990 top5=[a38=0.444, a39=0.143, a12=0.124, a36=0.059, a44=0.043]
  s=   59 a= 39(MANAGER:5) r= +1.9964 cum=    +71.08 v=-13.8976 top5=[a38=0.502, a12=0.118, a39=0.116, a36=0.060, a44=0.038]
  s=   60 a= 38(MANAGER:4) r= +2.0047 cum=    +73.09 v=-13.6305 top5=[a38=0.540, a12=0.104, a39=0.101, a36=0.057, a44=0.037]
  s=   61 a= 12(BUILD:PowerStation) r= +2.8961 cum=    +75.98 v=-11.7970 top5=[a38=0.490, a39=0.129, a12=0.105, a36=0.057, a44=0.040]
  s=   62 a= 38(MANAGER:4) r= +1.9897 cum=    +77.97 v=-15.9791 top5=[a38=0.491, a39=0.138, a12=0.097, a36=0.053, a44=0.043]
  s=   63 a= 44(MANAGER:10) r= +0.4667 cum=    +78.44 v=-12.3658 top5=[a38=0.425, a39=0.172, a12=0.105, a44=0.053, a36=0.047]
  s=   64 a=  3(BUILD:Farm) r= -0.4394 cum=    +78.00 v=-11.8171 top5=[a38=0.423, a39=0.173, a12=0.105, a44=0.053, a36=0.046]
  s=   65 a= 38(MANAGER:4) r= +2.0055 cum=    +80.01 v=-11.2576 top5=[a38=0.422, a39=0.175, a12=0.105, a44=0.053, a36=0.045]
  s=   66 a= 35(MANAGER:1) r= +0.2344 cum=    +80.24 v=-10.7824 top5=[a38=0.317, a39=0.237, a12=0.121, a44=0.056, a36=0.049]
  s=   67 a= 39(MANAGER:5) r= +2.0006 cum=    +82.24 v=-10.3710 top5=[a38=0.317, a39=0.239, a12=0.120, a44=0.056, a36=0.048]
  s=   68 a= 38(MANAGER:4) r= +2.0053 cum=    +84.25 v= -9.5192 top5=[a38=0.429, a39=0.182, a12=0.095, a44=0.052, a36=0.044]
  s=   69 a= 38(MANAGER:4) r= +2.0104 cum=    +86.26 v= -9.3560 top5=[a38=0.332, a39=0.242, a12=0.108, a44=0.057, a36=0.047]
  s=   70 a= 39(MANAGER:5) r= -1.0427 cum=    +85.21 v= -9.2658 top5=[a38=0.296, a39=0.277, a12=0.112, a44=0.060, a36=0.046]
  s=   71 a= 39(MANAGER:5) r= +2.0047 cum=    +87.22 v= -7.6700 top5=[a38=0.386, a39=0.215, a12=0.102, a44=0.057, a36=0.041]
  s=   72 a= 38(MANAGER:4) r= +2.0058 cum=    +89.22 v= -9.7127 top5=[a38=0.446, a39=0.176, a12=0.096, a44=0.048, a36=0.045]
  s=   73 a= 39(MANAGER:5) r= +2.0096 cum=    +91.23 v= -6.5502 top5=[a38=0.383, a39=0.219, a12=0.102, a44=0.058, a36=0.038]
  s=   74 a= 39(MANAGER:5) r= +2.0119 cum=    +93.25 v= -8.3022 top5=[a38=0.444, a39=0.179, a12=0.096, a44=0.049, a36=0.042]
  s=   75 a= 38(MANAGER:4) r= +2.0062 cum=    +95.25 v=-10.8806 top5=[a38=0.500, a39=0.147, a12=0.094, a36=0.046, a44=0.042]
  s=   76 a= 38(MANAGER:4) r= +2.0135 cum=    +97.27 v= -7.0250 top5=[a38=0.442, a39=0.181, a12=0.095, a44=0.049, a36=0.040]
  s=   77 a= 38(MANAGER:4) r= +2.0138 cum=    +99.28 v= -4.2443 top5=[a38=0.379, a39=0.227, a12=0.100, a44=0.059, a35=0.036]
  s=   78 a= 39(MANAGER:5) r= +2.0056 cum=   +101.28 v= -5.3273 top5=[a39=0.297, a38=0.288, a12=0.108, a44=0.061, a35=0.045]
  s=   79 a= 38(MANAGER:4) r= +2.0045 cum=   +103.29 v= -3.0990 top5=[a38=0.378, a39=0.231, a12=0.099, a44=0.059, a35=0.037]
  s=   80 a= 39(MANAGER:5) r= -1.0493 cum=   +102.24 v= +5.2800 top5=[a38=0.398, a39=0.271, a44=0.069, a12=0.061, a36=0.047]
  s=   81 a= 44(MANAGER:10) r= +0.4795 cum=   +102.72 v= +4.1508 top5=[a38=0.488, a39=0.214, a44=0.062, a12=0.056, a36=0.041]
  s=   82 a= 39(MANAGER:5) r= +2.0152 cum=   +104.73 v= +4.4534 top5=[a38=0.489, a39=0.216, a44=0.062, a12=0.055, a36=0.040]
  s=   83 a= 44(MANAGER:10) r= +0.4798 cum=   +105.21 v= +2.7303 top5=[a38=0.538, a39=0.187, a44=0.052, a12=0.052, a36=0.037]
  s=   84 a= 39(MANAGER:5) r= +2.0162 cum=   +107.23 v= +3.0602 top5=[a38=0.536, a39=0.188, a44=0.053, a12=0.052, a36=0.037]
  s=   85 a= 38(MANAGER:4) r= +2.0105 cum=   +109.24 v= +1.3427 top5=[a38=0.579, a39=0.161, a12=0.050, a44=0.045, a36=0.037]
  s=   86 a= 44(MANAGER:10) r= +0.4800 cum=   +109.72 v= +3.7132 top5=[a38=0.534, a39=0.191, a44=0.053, a12=0.051, a36=0.036]
  s=   87 a= 38(MANAGER:4) r= +3.2366 cum=   +112.96 v= +4.0075 top5=[a38=0.533, a39=0.192, a44=0.053, a12=0.051, a36=0.036]
  s=   88 a= 38(MANAGER:4) r= +2.0099 cum=   +114.97 v= +6.1577 top5=[a38=0.488, a39=0.226, a44=0.062, a12=0.051, a36=0.037]
  s=   89 a= 38(MANAGER:4) r= -0.4382 cum=   +114.53 v= +7.7246 top5=[a38=0.398, a39=0.299, a44=0.067, a12=0.051, a36=0.039]
  s=   90 a=  0(DAY) r= -2.8813 cum=   +111.65 v= +7.8951 top5=[a38=0.397, a39=0.303, a44=0.067, a12=0.051, a36=0.038]
  s=   91 a= 44(MANAGER:10) r= +0.4793 cum=   +112.13 v= +8.0644 top5=[a38=0.395, a39=0.306, a44=0.067, a12=0.050, a36=0.037]
  s=   92 a= 39(MANAGER:5) r= +2.0085 cum=   +114.14 v= +8.2326 top5=[a38=0.394, a39=0.310, a44=0.067, a12=0.050, a36=0.036]
  s=   93 a= 39(MANAGER:5) r= +2.0146 cum=   +116.15 v= +7.1845 top5=[a38=0.477, a39=0.237, a44=0.063, a12=0.050, a36=0.034]
  s=   94 a= 12(BUILD:PowerStation) r= +1.0692 cum=   +117.22 v= +5.4854 top5=[a38=0.522, a39=0.203, a44=0.055, a12=0.049, a36=0.033]
  s=   95 a= 38(MANAGER:4) r= +2.0179 cum=   +119.24 v= +4.6340 top5=[a38=0.531, a39=0.206, a44=0.057, a12=0.045, a36=0.028]
  s=   96 a= 44(MANAGER:10) r= +0.4798 cum=   +119.72 v= +6.3121 top5=[a38=0.491, a39=0.242, a44=0.063, a12=0.043, a36=0.028]
  s=   97 a= 39(MANAGER:5) r= +2.0130 cum=   +121.73 v= +6.5778 top5=[a38=0.488, a39=0.244, a44=0.064, a12=0.043, a36=0.027]
  s=   98 a= 15(BUILD:Fish) r= -0.4383 cum=   +121.29 v= +5.4797 top5=[a38=0.523, a39=0.212, a44=0.058, a12=0.044, a36=0.027]
  s=   99 a= 38(MANAGER:4) r= +2.0114 cum=   +123.30 v= +5.7625 top5=[a38=0.520, a39=0.214, a44=0.058, a12=0.044, a36=0.027]
  s=  100 a=  0(DAY) r= +0.1740 cum=   +123.48 v= +7.4075 top5=[a38=0.479, a39=0.250, a44=0.065, a12=0.042, a36=0.027]
    state: year=0 month=6 season=1 money=2525 credit=0 people=28 busy=0 free=28 home_places=50 need_workers=5 tax_due=0 main_tax_due=0 tax_amount=8474 main_tax_amount=0 days_alive=113 stage=0 res0=0 res1=400 res2=0 res3=0 res4=0 res5=0 res6=0 res7=0 res8=0 Garden=1 Road=12 SmallHouse=2 Apiary=4 Hothouse=1 | nw=1530155.6608
  s=  101 a= 39(MANAGER:5) r= +2.0124 cum=   +125.49 v= +5.9856 top5=[a38=0.474, a39=0.258, a44=0.063, a12=0.040, a36=0.029]
  s=  102 a= 35(MANAGER:1) r= +0.4415 cum=   +125.93 v= +4.1768 top5=[a38=0.519, a39=0.222, a44=0.056, a12=0.040, a36=0.028]
  s=  103 a=  3(BUILD:Farm) r= -3.5044 cum=   +122.43 v= +4.3628 top5=[a38=0.516, a39=0.225, a44=0.057, a12=0.039, a36=0.028]
  s=  104 a= 38(MANAGER:4) r= +2.0089 cum=   +124.44 v= +4.5474 top5=[a38=0.512, a39=0.227, a44=0.057, a12=0.039, a36=0.027]
  s=  105 a= 39(MANAGER:5) r= +2.0090 cum=   +126.44 v= +6.9009 top5=[a38=0.463, a39=0.267, a44=0.065, a12=0.039, a36=0.027]
  s=  106 a= 35(MANAGER:1) r= +0.4537 cum=   +126.90 v= +4.7181 top5=[a38=0.504, a39=0.232, a44=0.058, a12=0.039, a36=0.027]
  s=  107 a= 38(MANAGER:4) r= +2.0101 cum=   +128.91 v= +4.6993 top5=[a38=0.501, a39=0.235, a44=0.058, a12=0.038, a36=0.027]
  s=  108 a= 39(MANAGER:5) r= +2.0184 cum=   +130.93 v= +7.3104 top5=[a38=0.453, a39=0.274, a44=0.066, a12=0.038, a36=0.027]
  s=  109 a= 38(MANAGER:4) r= +2.0127 cum=   +132.94 v= +4.7324 top5=[a38=0.494, a39=0.239, a44=0.059, a12=0.038, a36=0.026]
  s=  110 a= 38(MANAGER:4) r= +2.0164 cum=   +134.96 v= +3.1111 top5=[a38=0.436, a39=0.233, a44=0.072, a12=0.050, a36=0.040]
  s=  111 a= 39(MANAGER:5) r= +2.0107 cum=   +136.97 v= +4.1264 top5=[a38=0.348, a39=0.303, a44=0.079, a12=0.049, a36=0.043]
  s=  112 a= 38(MANAGER:4) r= +2.0122 cum=   +138.98 v= +3.6179 top5=[a38=0.439, a39=0.236, a44=0.072, a12=0.048, a36=0.038]
  s=  113 a= 39(MANAGER:5) r= -1.0507 cum=   +137.93 v= +4.5382 top5=[a38=0.349, a39=0.309, a44=0.079, a12=0.047, a36=0.041]
  s=  114 a= 38(MANAGER:4) r= +2.0110 cum=   +139.94 v= +4.1431 top5=[a38=0.440, a39=0.238, a44=0.071, a12=0.047, a36=0.038]
  s=  115 a= 38(MANAGER:4) r= -0.4384 cum=   +139.50 v= +4.9387 top5=[a38=0.350, a39=0.315, a44=0.078, a12=0.045, a36=0.039]
  s=  116 a= 32(BUILD:SmallAtomStation) r= -0.4386 cum=   +139.06 v= +5.1241 top5=[a38=0.349, a39=0.318, a44=0.078, a12=0.045, a36=0.038]
  s=  117 a= 39(MANAGER:5) r= +2.0137 cum=   +141.08 v= +5.3079 top5=[a38=0.349, a39=0.322, a44=0.077, a12=0.044, a36=0.037]
  s=  118 a=  3(BUILD:Farm) r= -0.4328 cum=   +140.64 v= +4.9592 top5=[a38=0.440, a39=0.243, a44=0.071, a12=0.045, a36=0.035]
  s=  119 a= 38(MANAGER:4) r= +2.0190 cum=   +142.66 v= +5.1361 top5=[a38=0.439, a39=0.245, a44=0.071, a12=0.045, a36=0.035]
  s=  120 a= 38(MANAGER:4) r= -0.4329 cum=   +142.23 v= +5.8563 top5=[a38=0.347, a39=0.331, a44=0.076, a12=0.043, a36=0.035]
  s=  121 a=  0(DAY) r= +0.1742 cum=   +142.40 v= +6.0298 top5=[a38=0.347, a39=0.334, a44=0.076, a12=0.042, a36=0.034]
  s=  122 a= 38(MANAGER:4) r= -0.4392 cum=   +141.96 v= +6.2318 top5=[a38=0.347, a39=0.336, a44=0.076, a12=0.042, a36=0.034]
  s=  123 a= 39(MANAGER:5) r= -1.0470 cum=   +140.92 v= +6.4771 top5=[a38=0.346, a39=0.338, a44=0.076, a12=0.041, a36=0.033]
  s=  124 a= 38(MANAGER:4) r= +2.0153 cum=   +142.93 v= +6.1868 top5=[a38=0.430, a39=0.257, a44=0.072, a12=0.043, a36=0.032]
  s=  125 a= 39(MANAGER:5) r= +2.0168 cum=   +144.95 v= +6.9244 top5=[a38=0.345, a39=0.343, a44=0.075, a12=0.040, a36=0.032]
  s=  126 a= 44(MANAGER:10) r= +0.4812 cum=   +145.43 v= +6.5074 top5=[a38=0.425, a39=0.263, a44=0.072, a12=0.042, a36=0.031]
  s=  127 a= 39(MANAGER:5) r= +2.0247 cum=   +147.46 v= +6.6340 top5=[a38=0.423, a39=0.265, a44=0.073, a12=0.042, a36=0.030]
  s=  128 a= 19(BUILD:Mushroom) r= -0.4337 cum=   +147.02 v= +3.8346 top5=[a38=0.465, a39=0.233, a44=0.062, a12=0.041, a36=0.029]
  s=  129 a= 38(MANAGER:4) r= +2.0186 cum=   +149.04 v= +3.8129 top5=[a38=0.461, a39=0.236, a44=0.062, a12=0.041, a36=0.029]
  s=  130 a= 44(MANAGER:10) r= +0.4899 cum=   +149.53 v= +6.8493 top5=[a38=0.414, a39=0.273, a44=0.074, a12=0.041, a36=0.029]
  s=  131 a= 44(MANAGER:10) r= +0.4819 cum=   +150.01 v= +6.8667 top5=[a38=0.410, a39=0.275, a44=0.074, a12=0.041, a36=0.029]
  s=  132 a= 38(MANAGER:4) r= +2.0191 cum=   +152.03 v= +6.8818 top5=[a38=0.407, a39=0.278, a44=0.074, a12=0.041, a36=0.029]
  s=  133 a= 39(MANAGER:5) r= -1.0551 cum=   +150.98 v= +7.9268 top5=[a39=0.363, a38=0.333, a44=0.076, a12=0.037, a36=0.029]
  s=  134 a= 39(MANAGER:5) r= +2.0207 cum=   +153.00 v= +6.7728 top5=[a38=0.401, a39=0.283, a44=0.074, a12=0.040, a36=0.028]
  s=  135 a= 39(MANAGER:5) r= +2.0195 cum=   +155.02 v= +3.3855 top5=[a38=0.443, a39=0.251, a44=0.063, a12=0.040, a36=0.027]
  s=  136 a= 38(MANAGER:4) r= +2.0210 cum=   +157.04 v= +0.1186 top5=[a38=0.482, a39=0.220, a44=0.055, a12=0.040, a36=0.029]
  s=  137 a= 44(MANAGER:10) r= +0.4822 cum=   +157.52 v= +3.3070 top5=[a38=0.437, a39=0.256, a44=0.063, a12=0.040, a36=0.027]
  s=  138 a= 38(MANAGER:4) r= +2.0206 cum=   +159.54 v= +3.2790 top5=[a38=0.435, a39=0.258, a44=0.063, a12=0.040, a36=0.026]
  s=  139 a= 39(MANAGER:5) r= +2.0208 cum=   +161.56 v= +6.5093 top5=[a38=0.391, a39=0.293, a44=0.075, a12=0.040, a35=0.027]
  s=  140 a= 38(MANAGER:4) r= +2.0209 cum=   +163.58 v= +3.2238 top5=[a38=0.431, a39=0.262, a44=0.063, a12=0.040, a35=0.026]
  s=  141 a= 38(MANAGER:4) r= +2.0269 cum=   +165.61 v= +2.7403 top5=[a38=0.375, a39=0.250, a44=0.082, a12=0.046, a36=0.039]
  s=  142 a= 44(MANAGER:10) r= +0.4826 cum=   +166.09 v= +3.0183 top5=[a39=0.316, a38=0.293, a44=0.091, a12=0.045, a36=0.041]
  s=  143 a= 39(MANAGER:5) r= -1.0482 cum=   +165.04 v= +3.2835 top5=[a39=0.320, a38=0.293, a44=0.091, a12=0.044, a36=0.040]
  s=  144 a= 38(MANAGER:4) r= +2.0244 cum=   +167.07 v= +3.3405 top5=[a38=0.379, a39=0.255, a44=0.081, a12=0.044, a36=0.037]
  s=  145 a= 39(MANAGER:5) r= +2.0222 cum=   +169.09 v= +3.8147 top5=[a39=0.327, a38=0.295, a44=0.090, a12=0.042, a36=0.038]
  s=  146 a= 39(MANAGER:5) r= +2.0247 cum=   +171.11 v= +3.6560 top5=[a38=0.381, a39=0.258, a44=0.081, a12=0.043, a36=0.036]
  s=  147 a=  6(BUILD:SmallHouse) r= -0.4207 cum=   +170.69 v= +0.7860 top5=[a38=0.425, a39=0.231, a44=0.067, a12=0.042, a36=0.034]
  s=  148 a= 38(MANAGER:4) r= +2.0231 cum=   +172.72 v= +0.9074 top5=[a38=0.424, a39=0.233, a44=0.067, a12=0.042, a36=0.033]
  s=  149 a= 36(MANAGER:2) r= +2.1692 cum=   +174.89 v= +4.0666 top5=[a38=0.379, a39=0.266, a44=0.081, a12=0.042, a36=0.034]
  s=  150 a= 39(MANAGER:5) r= +2.0232 cum=   +176.91 v= +3.9891 top5=[a38=0.377, a39=0.271, a44=0.081, a12=0.041, a36=0.032]
    state: year=0 month=8 season=1 money=1636 credit=0 people=28 busy=0 free=28 home_places=50 need_workers=10 tax_due=0 main_tax_due=0 tax_amount=8474 main_tax_amount=0 days_alive=163 stage=0 res0=0 res1=400 res2=0 res3=0 res4=0 res5=0 res6=0 res7=0 res8=0 Garden=1 Road=12 SmallHouse=2 Apiary=4 Hothouse=1 | nw=1529858.4259
  s=  151 a= 38(MANAGER:4) r= +2.0293 cum=   +178.94 v= +0.9268 top5=[a38=0.419, a39=0.242, a44=0.067, a12=0.040, a36=0.031]
  s=  152 a= 39(MANAGER:5) r= +2.0258 cum=   +180.96 v= +4.2269 top5=[a38=0.373, a39=0.277, a44=0.081, a12=0.040, a36=0.031]
  s=  153 a= 39(MANAGER:5) r= -1.0573 cum=   +179.91 v= +1.0662 top5=[a38=0.415, a39=0.247, a44=0.067, a12=0.039, a36=0.030]
  s=  154 a= 44(MANAGER:10) r= +0.4855 cum=   +180.39 v= -2.1572 top5=[a38=0.454, a39=0.223, a44=0.056, a12=0.038, a36=0.031]
  s=  155 a= 39(MANAGER:5) r= +2.0245 cum=   +182.42 v= -2.0695 top5=[a38=0.452, a39=0.225, a44=0.055, a12=0.038, a36=0.031]
  s=  156 a= 40(MANAGER:6) r= +0.3106 cum=   +182.73 v= -1.8747 top5=[a38=0.478, a39=0.200, a44=0.053, a12=0.038, a36=0.029]
  s=  157 a= 38(MANAGER:4) r= +2.0279 cum=   +184.76 v= -1.7155 top5=[a38=0.476, a39=0.201, a44=0.053, a12=0.038, a36=0.029]
  s=  158 a= 38(MANAGER:4) r= +2.0270 cum=   +186.78 v= +1.3814 top5=[a38=0.432, a39=0.228, a44=0.064, a12=0.040, a35=0.028]
  s=  159 a= 36(MANAGER:2) r= +0.4612 cum=   +187.24 v= +5.2357 top5=[a38=0.386, a39=0.261, a44=0.079, a12=0.042, a0=0.029]
  s=  160 a= 39(MANAGER:5) r= +2.0290 cum=   +189.27 v= +5.2393 top5=[a38=0.384, a39=0.263, a44=0.079, a12=0.042, a0=0.029]
  s=  161 a= 38(MANAGER:4) r= +2.0268 cum=   +191.30 v= +1.6328 top5=[a38=0.428, a39=0.233, a44=0.064, a12=0.041, a35=0.028]
  s=  162 a= 12(BUILD:PowerStation) r= +1.0765 cum=   +192.38 v= +5.2543 top5=[a38=0.381, a39=0.266, a44=0.079, a12=0.042, a0=0.029]
  s=  163 a= 38(MANAGER:4) r= +2.0277 cum=   +194.40 v= +4.8489 top5=[a38=0.392, a39=0.267, a44=0.078, a12=0.041, a0=0.026]
  s=  164 a= 43(MANAGER:9) r= -0.4362 cum=   +193.97 v= +5.6446 top5=[a39=0.350, a38=0.320, a44=0.082, a12=0.037, a35=0.027]
  s=  165 a= 38(MANAGER:4) r= +2.0344 cum=   +196.00 v= +5.7790 top5=[a39=0.352, a38=0.319, a44=0.082, a12=0.037, a35=0.027]
  s=  166 a= 38(MANAGER:4) r= -0.4422 cum=   +195.56 v= +6.3518 top5=[a39=0.408, a38=0.283, a44=0.081, a12=0.034, a0=0.027]
  s=  167 a= 39(MANAGER:5) r= +2.0291 cum=   +197.59 v= +6.4497 top5=[a39=0.409, a38=0.281, a44=0.081, a12=0.034, a0=0.027]
  s=  168 a= 19(BUILD:Mushroom) r= -0.4305 cum=   +197.16 v= +5.6830 top5=[a38=0.352, a39=0.313, a44=0.079, a12=0.040, a0=0.027]
  s=  169 a= 39(MANAGER:5) r= +2.0298 cum=   +199.19 v= +4.1570 top5=[a38=0.356, a39=0.318, a44=0.078, a12=0.038, a0=0.028]
  s=  170 a=  4(BUILD:Garden) r= -0.4425 cum=   +198.75 v= +1.3488 top5=[a38=0.397, a39=0.281, a44=0.065, a12=0.038, a0=0.026]
  s=  171 a= 39(MANAGER:5) r= -1.0609 cum=   +197.68 v= +1.4450 top5=[a38=0.396, a39=0.282, a44=0.065, a12=0.039, a0=0.026]
  s=  172 a= 39(MANAGER:5) r= +2.0222 cum=   +199.71 v=-13.1282 top5=[a38=0.458, a39=0.199, a44=0.062, a36=0.044, a12=0.034]
  s=  173 a= 36(MANAGER:2) r= +0.5559 cum=   +200.26 v=-13.4049 top5=[a38=0.489, a39=0.172, a44=0.059, a36=0.043, a12=0.033]
  s=  174 a= 39(MANAGER:5) r= +2.0159 cum=   +202.28 v=-13.2263 top5=[a38=0.488, a39=0.174, a44=0.059, a36=0.042, a12=0.032]
  s=  175 a= 38(MANAGER:4) r= +2.0257 cum=   +204.30 v=-15.3462 top5=[a38=0.564, a39=0.141, a44=0.051, a36=0.041, a12=0.032]
  s=  176 a= 38(MANAGER:4) r= +2.0198 cum=   +206.32 v=-12.7488 top5=[a38=0.487, a39=0.177, a44=0.059, a36=0.041, a12=0.032]
  s=  177 a= 39(MANAGER:5) r= +2.0306 cum=   +208.35 v= -9.4323 top5=[a38=0.408, a39=0.216, a44=0.068, a36=0.040, a0=0.036]
  s=  178 a= 39(MANAGER:5) r= +2.0334 cum=   +210.39 v=-12.2901 top5=[a38=0.486, a39=0.179, a44=0.059, a36=0.039, a12=0.032]
  s=  179 a= 38(MANAGER:4) r= +2.0309 cum=   +212.42 v=-14.4254 top5=[a38=0.557, a39=0.147, a44=0.052, a36=0.038, a12=0.031]
  s=  180 a= 38(MANAGER:4) r= +2.0300 cum=   +214.45 v=-11.7567 top5=[a38=0.483, a39=0.182, a44=0.059, a36=0.037, a12=0.031]
  s=  181 a= 38(MANAGER:4) r= -1.0655 cum=   +213.38 v= -8.7263 top5=[a38=0.405, a39=0.225, a44=0.067, a36=0.036, a0=0.035]
  s=  182 a= 39(MANAGER:5) r= +2.0300 cum=   +215.41 v= -7.0976 top5=[a38=0.350, a39=0.277, a44=0.074, a0=0.037, a36=0.035]
  s=  183 a= 38(MANAGER:4) r= +2.0303 cum=   +217.44 v= -8.3990 top5=[a38=0.404, a39=0.230, a44=0.066, a0=0.035, a36=0.035]
  s=  184 a= 14(BUILD:Road) r= -0.4514 cum=   +216.99 v= -6.8581 top5=[a38=0.349, a39=0.282, a44=0.073, a0=0.036, a36=0.033]
  s=  185 a= 39(MANAGER:5) r= +2.0357 cum=   +219.03 v= -6.7390 top5=[a38=0.348, a39=0.284, a44=0.072, a0=0.036, a36=0.032]
  s=  186 a= 38(MANAGER:4) r= +2.0215 cum=   +221.05 v= -8.0782 top5=[a38=0.400, a39=0.237, a44=0.065, a0=0.034, a36=0.032]
  s=  187 a= 19(BUILD:Mushroom) r= +0.7892 cum=   +221.84 v= -6.5416 top5=[a38=0.345, a39=0.289, a44=0.072, a0=0.036, a12=0.031]
  s=  188 a= 36(MANAGER:2) r= +0.6442 cum=   +222.48 v= -6.4342 top5=[a38=0.344, a39=0.291, a44=0.071, a0=0.036, a12=0.031]
  s=  189 a= 39(MANAGER:5) r= +2.0293 cum=   +224.51 v= -6.3935 top5=[a38=0.342, a39=0.295, a44=0.070, a0=0.036, a12=0.031]
  s=  190 a= 12(BUILD:PowerStation) r= +1.7007 cum=   +226.21 v= -7.7102 top5=[a38=0.393, a39=0.248, a44=0.063, a0=0.034, a12=0.032]
  s=  191 a=  7(BUILD:Sawmill) r= -0.4498 cum=   +225.76 v= -8.3179 top5=[a38=0.407, a39=0.253, a44=0.062, a12=0.033, a0=0.031]
  s=  192 a=  8(BUILD:Coalmine) r= -6.2007 cum=   +219.56 v= -8.2737 top5=[a38=0.404, a39=0.256, a44=0.062, a12=0.033, a0=0.031]
  s=  193 a= 38(MANAGER:4) r= +2.0224 cum=   +221.59 v= -8.5843 top5=[a38=0.401, a39=0.252, a44=0.062, a12=0.034, a0=0.032]
  s=  194 a= 12(BUILD:PowerStation) r= +1.0728 cum=   +222.66 v= -7.9013 top5=[a38=0.346, a39=0.309, a44=0.066, a12=0.033, a0=0.032]
  s=  195 a= 38(MANAGER:4) r= +2.0233 cum=   +224.68 v= -9.9958 top5=[a38=0.363, a39=0.310, a44=0.064, a12=0.034, a0=0.028]
  s=  196 a=  4(BUILD:Garden) r= -0.4411 cum=   +224.24 v=-10.2348 top5=[a39=0.407, a38=0.278, a44=0.066, a12=0.031, a0=0.028]
  s=  197 a= 39(MANAGER:5) r= +2.0204 cum=   +226.26 v=-10.5084 top5=[a39=0.410, a38=0.274, a44=0.068, a0=0.030, a12=0.028]
  s=  198 a= 38(MANAGER:4) r= +2.0242 cum=   +228.28 v=-10.4419 top5=[a38=0.352, a39=0.323, a44=0.061, a12=0.031, a0=0.029]
  s=  199 a= 39(MANAGER:5) r= +2.0243 cum=   +230.31 v=-10.4412 top5=[a39=0.414, a38=0.272, a44=0.066, a0=0.029, a12=0.028]
  s=  200 a=  0(DAY) r= +0.1775 cum=   +230.49 v=-10.3738 top5=[a38=0.348, a39=0.327, a44=0.060, a12=0.031, a0=0.029]
    state: year=0 month=9 season=2 money=241 credit=0 people=28 busy=0 free=28 home_places=70 need_workers=5 tax_due=0 main_tax_due=0 tax_amount=8478 main_tax_amount=0 days_alive=213 stage=0 res0=0 res1=200 res2=0 res3=0 res4=0 res5=0 res6=0 res7=0 res8=0 Garden=1 Road=15 SmallHouse=2 Apiary=4 Hothouse=1 | nw=1529047.5080
  s=  201 a= 39(MANAGER:5) r= +2.0192 cum=   +232.51 v=-10.4584 top5=[a38=0.351, a39=0.333, a44=0.058, a0=0.030, a12=0.028]
  s=  202 a= 43(MANAGER:9) r= -0.4439 cum=   +232.06 v=-14.7156 top5=[a38=0.393, a39=0.230, a44=0.070, a0=0.038, a36=0.037]
  s=  203 a= 17(BUILD:HuntingLand) r= -3.5261 cum=   +228.54 v=-14.5883 top5=[a38=0.393, a39=0.232, a44=0.069, a0=0.038, a36=0.036]
  s=  204 a= 38(MANAGER:4) r= +2.0191 cum=   +230.55 v=-14.4634 top5=[a38=0.394, a39=0.235, a44=0.068, a0=0.038, a36=0.036]
  s=  205 a= 39(MANAGER:5) r= +2.0157 cum=   +232.57 v=-12.6776 top5=[a38=0.331, a39=0.286, a44=0.078, a0=0.041, a36=0.035]
  s=  206 a= 38(MANAGER:4) r= +2.0218 cum=   +234.59 v=-14.1905 top5=[a38=0.396, a39=0.238, a44=0.066, a0=0.037, a36=0.034]
  s=  207 a= 44(MANAGER:10) r= +0.4886 cum=   +235.08 v=-12.4560 top5=[a38=0.333, a39=0.291, a44=0.075, a0=0.040, a36=0.033]
  s=  208 a= 39(MANAGER:5) r= +2.0110 cum=   +237.09 v=-12.3395 top5=[a38=0.334, a39=0.293, a44=0.074, a0=0.040, a36=0.033]
  s=  209 a=  2(BUILD:WaterChannel) r= -0.4493 cum=   +236.64 v=-13.7401 top5=[a38=0.396, a39=0.244, a44=0.063, a0=0.037, a36=0.032]
  s=  210 a=  2(BUILD:WaterChannel) r= -0.4434 cum=   +236.20 v=-13.5990 top5=[a38=0.396, a39=0.246, a44=0.063, a0=0.037, a36=0.032]
  s=  211 a= 38(MANAGER:4) r= +2.0216 cum=   +238.22 v=-13.4572 top5=[a38=0.395, a39=0.247, a44=0.062, a0=0.037, a36=0.031]
  s=  212 a= 17(BUILD:HuntingLand) r= -0.4353 cum=   +237.79 v=-11.8964 top5=[a38=0.337, a39=0.302, a44=0.070, a0=0.038, a36=0.030]
  s=  213 a= 12(BUILD:PowerStation) r= -3.5298 cum=   +234.26 v=-11.8003 top5=[a38=0.338, a39=0.304, a44=0.069, a0=0.038, a36=0.029]
  s=  214 a=  0(DAY) r= +0.1734 cum=   +234.43 v=-11.7055 top5=[a38=0.338, a39=0.306, a44=0.068, a0=0.038, a36=0.028]
  s=  215 a= 39(MANAGER:5) r= +1.9996 cum=   +236.43 v=-11.6101 top5=[a38=0.338, a39=0.308, a44=0.067, a0=0.037, a12=0.028]
  s=  216 a= 13(BUILD:HydroStation) r= -0.4383 cum=   +235.99 v=-12.8504 top5=[a38=0.392, a39=0.256, a44=0.060, a0=0.036, a12=0.028]
  s=  217 a= 38(MANAGER:4) r= +2.0217 cum=   +238.01 v=-12.7515 top5=[a38=0.391, a39=0.258, a44=0.059, a0=0.036, a12=0.028]
  s=  218 a= 38(MANAGER:4) r= +2.0160 cum=   +240.03 v=-11.2850 top5=[a38=0.336, a39=0.312, a44=0.066, a0=0.037, a12=0.028]
  s=  219 a= 44(MANAGER:10) r= +0.4836 cum=   +240.51 v=-12.0162 top5=[a39=0.400, a38=0.250, a44=0.074, a0=0.041, a36=0.027]
  s=  220 a= 38(MANAGER:4) r= +2.0192 cum=   +242.53 v=-11.8830 top5=[a39=0.402, a38=0.250, a44=0.073, a0=0.040, a36=0.026]
  s=  221 a= 39(MANAGER:5) r= +2.0289 cum=   +244.56 v=-11.7694 top5=[a39=0.457, a38=0.219, a44=0.074, a0=0.040, a36=0.025]
  s=  222 a= 38(MANAGER:4) r= +2.0172 cum=   +246.58 v=-10.7465 top5=[a39=0.362, a38=0.304, a44=0.066, a0=0.037, a12=0.027]
  s=  223 a=  0(DAY) r= -2.9099 cum=   +243.67 v=-11.7364 top5=[a39=0.461, a38=0.219, a44=0.072, a0=0.039, a12=0.024]
  s=  224 a= 39(MANAGER:5) r= +2.0038 cum=   +245.67 v=-11.7691 top5=[a39=0.463, a38=0.218, a44=0.071, a0=0.039, a12=0.024]
  s=  225 a= 39(MANAGER:5) r= +2.0147 cum=   +247.69 v=-10.8690 top5=[a39=0.369, a38=0.301, a44=0.064, a0=0.037, a12=0.027]
  s=  226 a= 39(MANAGER:5) r= +2.0184 cum=   +249.70 v=-12.2088 top5=[a38=0.351, a39=0.311, a44=0.059, a0=0.037, a12=0.028]
  s=  227 a= 38(MANAGER:4) r= +2.0268 cum=   +251.73 v=-13.9532 top5=[a38=0.408, a39=0.269, a44=0.053, a0=0.034, a12=0.028]
  s=  228 a= 39(MANAGER:5) r= +2.0209 cum=   +253.75 v=-12.2563 top5=[a38=0.348, a39=0.316, a44=0.058, a0=0.036, a12=0.028]
  s=  229 a= 39(MANAGER:5) r= +2.0093 cum=   +255.76 v=-13.9534 top5=[a38=0.402, a39=0.272, a44=0.053, a0=0.035, a12=0.029]
  s=  230 a= 38(MANAGER:4) r= +2.0095 cum=   +257.77 v=-14.1761 top5=[a38=0.433, a39=0.235, a44=0.051, a0=0.033, a12=0.030]
  s=  231 a= 39(MANAGER:5) r= +2.0239 cum=   +259.79 v=-12.5378 top5=[a38=0.369, a39=0.284, a44=0.054, a0=0.035, a12=0.030]
  s=  232 a= 38(MANAGER:4) r= +2.0158 cum=   +261.81 v=-14.1517 top5=[a38=0.428, a39=0.239, a44=0.050, a0=0.034, a12=0.030]
  s=  233 a= 39(MANAGER:5) r= -1.0622 cum=   +260.75 v=-13.4522 top5=[a38=0.357, a39=0.251, a44=0.071, a0=0.045, a36=0.029]
  s=  234 a= 39(MANAGER:5) r= +2.0160 cum=   +262.76 v=-16.4873 top5=[a38=0.426, a39=0.216, a44=0.062, a0=0.039, a36=0.031]
  s=  235 a= 38(MANAGER:4) r= +2.0234 cum=   +264.79 v=-19.5835 top5=[a38=0.492, a39=0.183, a44=0.056, a0=0.035, a36=0.033]
  s=  236 a= 38(MANAGER:4) r= +2.0162 cum=   +266.80 v=-16.1169 top5=[a38=0.425, a39=0.218, a44=0.061, a0=0.039, a36=0.030]
  s=  237 a= 38(MANAGER:4) r= +2.0200 cum=   +268.82 v=-13.1795 top5=[a38=0.361, a39=0.257, a44=0.067, a0=0.044, a12=0.029]
  s=  238 a= 39(MANAGER:5) r= +2.0119 cum=   +270.84 v=-11.4610 top5=[a39=0.307, a38=0.301, a44=0.077, a0=0.047, a12=0.028]
  s=  239 a= 39(MANAGER:5) r= +2.0227 cum=   +272.86 v=-13.0217 top5=[a38=0.361, a39=0.260, a44=0.066, a0=0.043, a12=0.029]
  s=  240 a= 38(MANAGER:4) r= +2.0229 cum=   +274.88 v=-15.4224 top5=[a38=0.424, a39=0.222, a44=0.059, a0=0.039, a12=0.028]
  s=  241 a= 12(BUILD:PowerStation) r= -0.4529 cum=   +274.43 v=-12.8647 top5=[a38=0.360, a39=0.264, a44=0.065, a0=0.043, a12=0.029]
  s=  242 a= 43(MANAGER:9) r= -0.4411 cum=   +273.99 v=-12.8097 top5=[a38=0.359, a39=0.265, a44=0.064, a0=0.043, a12=0.029]
  s=  243 a= 29(BUILD:Puerperal) r= -3.5168 cum=   +270.47 v=-12.7549 top5=[a38=0.359, a39=0.266, a44=0.063, a0=0.043, a12=0.029]
  s=  244 a= 39(MANAGER:5) r= +2.0054 cum=   +272.48 v=-12.7538 top5=[a38=0.358, a39=0.268, a44=0.063, a0=0.043, a12=0.029]
  s=  245 a= 39(MANAGER:5) r= +2.0081 cum=   +274.48 v=-15.0623 top5=[a38=0.421, a39=0.228, a44=0.057, a0=0.039, a12=0.028]
  s=  246 a= 38(MANAGER:4) r= +2.0200 cum=   +276.50 v=-18.4314 top5=[a38=0.490, a39=0.193, a44=0.052, a0=0.034, a12=0.027]
  s=  247 a= 38(MANAGER:4) r= +2.0262 cum=   +278.53 v=-14.9556 top5=[a38=0.418, a39=0.231, a44=0.056, a0=0.039, a12=0.029]
  s=  248 a= 39(MANAGER:5) r= +2.0263 cum=   +280.56 v=-12.9903 top5=[a38=0.354, a39=0.275, a44=0.061, a0=0.042, a12=0.029]
  s=  249 a= 14(BUILD:Road) r= -0.4359 cum=   +280.12 v=-14.9009 top5=[a38=0.414, a39=0.234, a44=0.055, a0=0.039, a12=0.029]
  s=  250 a= 38(MANAGER:4) r= +2.0065 cum=   +282.13 v=-14.8968 top5=[a38=0.413, a39=0.235, a44=0.055, a0=0.039, a12=0.029]
    state: year=0 month=11 season=2 money=241 credit=0 people=28 busy=0 free=28 home_places=70 need_workers=10 tax_due=0 main_tax_due=0 tax_amount=8478 main_tax_amount=0 days_alive=263 stage=0 res0=0 res1=200 res2=0 res3=0 res4=0 res5=0 res6=0 res7=0 res8=0 Garden=1 Road=15 SmallHouse=2 Apiary=4 Hothouse=1 | nw=1527831.6969
  s=  251 a= 38(MANAGER:4) r= +2.0308 cum=   +284.16 v=-13.1542 top5=[a38=0.350, a39=0.280, a44=0.059, a0=0.042, a12=0.029]
  s=  252 a= 20(BUILD:BigHouse) r= -0.4465 cum=   +283.71 v=-11.7636 top5=[a39=0.336, a38=0.299, a44=0.064, a0=0.042, a12=0.028]
  s=  253 a=  0(DAY) r= -2.9057 cum=   +280.81 v=-11.8316 top5=[a39=0.338, a38=0.298, a44=0.063, a0=0.042, a12=0.029]
  s=  254 a= 39(MANAGER:5) r= +2.0190 cum=   +282.82 v=-11.8975 top5=[a39=0.341, a38=0.297, a44=0.062, a0=0.041, a12=0.029]
  s=  255 a= 39(MANAGER:5) r= +2.0227 cum=   +284.85 v=-13.3469 top5=[a38=0.346, a39=0.288, a44=0.057, a0=0.041, a12=0.030]
  s=  256 a=  4(BUILD:Garden) r= -0.4521 cum=   +284.39 v=-14.9727 top5=[a38=0.404, a39=0.243, a44=0.053, a0=0.039, a12=0.030]
  s=  257 a= 38(MANAGER:4) r= +2.0281 cum=   +286.42 v=-14.9859 top5=[a38=0.402, a39=0.244, a44=0.052, a0=0.039, a12=0.030]
  s=  258 a= 36(MANAGER:2) r= +1.4736 cum=   +287.90 v=-13.4941 top5=[a38=0.342, a39=0.294, a44=0.055, a0=0.040, a12=0.030]
  s=  259 a= 39(MANAGER:5) r= +2.0146 cum=   +289.91 v=-13.4661 top5=[a38=0.342, a39=0.304, a44=0.054, a0=0.040, a12=0.029]
  s=  260 a= 24(BUILD:Hothouse) r= -0.4488 cum=   +289.46 v=-15.0451 top5=[a38=0.399, a39=0.256, a44=0.051, a0=0.038, a12=0.029]
  s=  261 a= 36(MANAGER:2) r= -0.4525 cum=   +289.01 v=-15.0918 top5=[a38=0.397, a39=0.258, a44=0.050, a0=0.038, a12=0.030]
  s=  262 a= 38(MANAGER:4) r= +2.0015 cum=   +291.01 v=-15.1389 top5=[a38=0.395, a39=0.260, a44=0.050, a0=0.038, a12=0.030]
  s=  263 a= 44(MANAGER:10) r= -2.6179 cum=   +288.39 v=-17.4267 top5=[a39=0.397, a38=0.367, a44=0.088, a0=0.021, a36=0.014]
  s=  264 a= 38(MANAGER:4) r= +2.0240 cum=   +290.42 v=-16.6827 top5=[a38=0.397, a39=0.356, a44=0.092, a0=0.024, a12=0.015]
  s=  265 a= 38(MANAGER:4) r= +2.0092 cum=   +292.43 v=-18.1346 top5=[a39=0.388, a38=0.368, a44=0.091, a0=0.024, a12=0.015]
  s=  266 a= 39(MANAGER:5) r= +2.0140 cum=   +294.44 v=-19.7461 top5=[a39=0.421, a38=0.338, a44=0.090, a0=0.024, a12=0.015]
  s=  267 a= 38(MANAGER:4) r= +2.0058 cum=   +296.45 v=-18.9825 top5=[a39=0.386, a38=0.372, a44=0.088, a0=0.024, a12=0.015]
  s=  268 a= 39(MANAGER:5) r= +2.0121 cum=   +298.46 v=-20.5919 top5=[a39=0.420, a38=0.342, a44=0.087, a0=0.024, a12=0.014]
  s=  269 a= 39(MANAGER:5) r= +2.0121 cum=   +300.47 v=-19.9291 top5=[a39=0.385, a38=0.376, a44=0.084, a0=0.024, a12=0.015]
  s=  270 a= 38(MANAGER:4) r= +2.0113 cum=   +302.48 v=-19.5366 top5=[a38=0.409, a39=0.353, a44=0.081, a0=0.023, a12=0.015]
  s=  271 a= 39(MANAGER:5) r= +2.0125 cum=   +304.49 v=-20.9373 top5=[a39=0.383, a38=0.380, a44=0.080, a0=0.023, a12=0.015]
  s=  272 a= 39(MANAGER:5) r= +2.0127 cum=   +306.51 v=-20.5159 top5=[a38=0.412, a39=0.352, a44=0.078, a0=0.023, a12=0.015]
  s=  273 a= 39(MANAGER:5) r= -1.0658 cum=   +305.44 v=-20.4969 top5=[a38=0.437, a39=0.325, a44=0.077, a0=0.023, a12=0.015]
  s=  274 a= 39(MANAGER:5) r= +2.0092 cum=   +307.45 v=-21.4597 top5=[a38=0.462, a39=0.299, a44=0.075, a0=0.023, a12=0.015]
  s=  275 a= 38(MANAGER:4) r= +2.0213 cum=   +309.47 v=-24.3322 top5=[a38=0.499, a39=0.270, a44=0.069, a0=0.022, a12=0.015]
  s=  276 a= 39(MANAGER:5) r= +2.0060 cum=   +311.48 v=-23.3351 top5=[a38=0.472, a39=0.297, a44=0.069, a0=0.022, a12=0.015]
  s=  277 a= 39(MANAGER:5) r= +2.0276 cum=   +313.51 v=-25.3835 top5=[a38=0.501, a39=0.268, a44=0.067, a0=0.022, a12=0.015]
  s=  278 a= 38(MANAGER:4) r= +2.0159 cum=   +315.52 v=-27.8771 top5=[a38=0.528, a39=0.239, a44=0.064, a0=0.022, a12=0.014]
  s=  279 a= 34(MANAGER:0) r= -0.4395 cum=   +315.08 v=-26.4101 top5=[a38=0.502, a39=0.267, a44=0.064, a0=0.022, a12=0.015]
  s=  280 a= 39(MANAGER:5) r= +2.0106 cum=   +317.09 v=-26.9256 top5=[a38=0.503, a39=0.267, a44=0.063, a0=0.022, a12=0.015]
  s=  281 a= 35(MANAGER:1) r= -0.4373 cum=   +316.66 v=-29.3234 top5=[a38=0.529, a39=0.238, a44=0.061, a0=0.022, a12=0.014]
  s=  282 a= 38(MANAGER:4) r= +2.0218 cum=   +318.68 v=-29.7732 top5=[a38=0.530, a39=0.238, a44=0.059, a0=0.022, a12=0.014]
  s=  283 a= 38(MANAGER:4) r= -1.0584 cum=   +317.62 v=-28.3757 top5=[a38=0.504, a39=0.266, a44=0.060, a0=0.022, a12=0.015]
  s=  284 a= 39(MANAGER:5) r= +1.9971 cum=   +319.62 v=-27.4261 top5=[a38=0.477, a39=0.293, a44=0.060, a0=0.022, a12=0.015]
  s=  285 a= 24(BUILD:Hothouse) r= -0.4411 cum=   +319.17 v=-29.3025 top5=[a38=0.504, a39=0.267, a44=0.057, a0=0.021, a12=0.015]
  s=  286 a= 38(MANAGER:4) r= +2.0134 cum=   +321.19 v=-29.7302 top5=[a38=0.504, a39=0.267, a44=0.056, a0=0.021, a12=0.015]
  s=  287 a= 38(MANAGER:4) r= +3.2487 cum=   +324.44 v=-28.8583 top5=[a38=0.477, a39=0.293, a44=0.056, a0=0.021, a12=0.015]
  s=  288 a= 38(MANAGER:4) r= +2.0132 cum=   +326.45 v=-28.8565 top5=[a38=0.457, a39=0.313, a44=0.056, a0=0.021, a12=0.015]
  s=  289 a= 44(MANAGER:10) r= +0.4853 cum=   +326.94 v=-29.7226 top5=[a38=0.434, a39=0.337, a44=0.055, a0=0.022, a12=0.014]
  s=  290 a=  8(BUILD:Coalmine) r= -0.4531 cum=   +326.48 v=-30.1475 top5=[a38=0.434, a39=0.337, a44=0.054, a0=0.021, a12=0.014]
  s=  291 a= 44(MANAGER:10) r= +0.4737 cum=   +326.96 v=-30.5478 top5=[a38=0.434, a39=0.336, a44=0.053, a0=0.021, a12=0.014]
  s=  292 a= 38(MANAGER:4) r= +2.0108 cum=   +328.97 v=-31.0114 top5=[a38=0.435, a39=0.336, a44=0.053, a0=0.021, a12=0.015]
  s=  293 a= 39(MANAGER:5) r= -1.0796 cum=   +327.89 v=-31.3193 top5=[a38=0.405, a39=0.362, a44=0.054, a0=0.022, a12=0.014]
  s=  294 a= 42(MANAGER:8) r= -0.2817 cum=   +327.61 v=-41.9018 top5=[a38=0.421, a39=0.194, a42=0.111, a12=0.071, a44=0.059]
  s=  295 a= 12(BUILD:PowerStation) r= +2.4476 cum=   +330.05 v=-99.4092 top5=[a38=0.401, a39=0.304, a12=0.111, a44=0.039, a36=0.025]
  s=  296 a= 39(MANAGER:5) r= +1.5405 cum=   +331.59 v=-100.8020 top5=[a38=0.409, a39=0.308, a12=0.106, a44=0.040, a36=0.025]
  s=  297 a= 23(BUILD:Torchlight) r= -0.8997 cum=   +330.69 v=-99.6959 top5=[a38=0.435, a39=0.281, a12=0.104, a44=0.042, a36=0.024]
  s=  298 a=  7(BUILD:Sawmill) r= -0.9131 cum=   +329.78 v=-99.4732 top5=[a38=0.436, a39=0.281, a12=0.103, a44=0.042, a36=0.024]
  s=  299 a= 38(MANAGER:4) r= +1.5632 cum=   +331.34 v=-99.2727 top5=[a38=0.436, a39=0.280, a12=0.102, a44=0.043, a36=0.024]
  s=  300 a= 44(MANAGER:10) r= +0.0025 cum=   +331.35 v=-99.9464 top5=[a38=0.408, a39=0.306, a12=0.104, a44=0.042, a36=0.024]
    state: year=1 month=1 season=3 money=49600 credit=50702 people=29 busy=0 free=29 home_places=70 need_workers=0 tax_due=0 main_tax_due=0 tax_amount=8478 main_tax_amount=0 days_alive=313 stage=0 res0=0 res1=200 res2=0 res3=0 res4=0 res5=0 res6=0 res7=0 res8=0 Garden=1 Road=16 SmallHouse=2 Apiary=4 Hothouse=1 | nw=1526084.7795
  s=  301 a= 38(MANAGER:4) r= +1.5432 cum=   +332.89 v=-99.7335 top5=[a38=0.407, a39=0.305, a12=0.104, a44=0.042, a36=0.024]
  s=  302 a= 38(MANAGER:4) r= +1.5493 cum=   +334.44 v=-102.5146 top5=[a38=0.363, a39=0.331, a12=0.108, a44=0.043, a36=0.027]
  s=  303 a= 12(BUILD:PowerStation) r= +0.5935 cum=   +335.03 v=-103.4607 top5=[a39=0.353, a38=0.337, a12=0.114, a44=0.044, a36=0.028]
  s=  304 a= 44(MANAGER:10) r= +0.0101 cum=   +335.04 v=-105.2152 top5=[a39=0.362, a38=0.344, a12=0.108, a44=0.044, a36=0.027]
  s=  305 a= 38(MANAGER:4) r= +1.5431 cum=   +336.59 v=-104.9548 top5=[a39=0.362, a38=0.343, a12=0.108, a44=0.044, a36=0.027]
  s=  306 a= 36(MANAGER:2) r= +2.6207 cum=   +339.21 v=-106.0881 top5=[a39=0.386, a38=0.318, a12=0.108, a44=0.044, a36=0.028]
  s=  307 a= 39(MANAGER:5) r= +1.5535 cum=   +340.76 v=-105.8732 top5=[a39=0.385, a38=0.314, a12=0.110, a44=0.044, a36=0.028]
  s=  308 a= 39(MANAGER:5) r= +1.5439 cum=   +342.30 v=-104.1047 top5=[a39=0.360, a38=0.339, a12=0.110, a44=0.045, a36=0.026]
  s=  309 a= 39(MANAGER:5) r= +1.5494 cum=   +343.85 v=-102.4737 top5=[a38=0.364, a39=0.331, a12=0.110, a44=0.046, a36=0.025]
  s=  310 a= 39(MANAGER:5) r= +1.5459 cum=   +345.40 v=-102.0429 top5=[a38=0.361, a39=0.302, a12=0.120, a44=0.049, a36=0.026]
  s=  311 a= 39(MANAGER:5) r= +1.5530 cum=   +346.95 v=-101.0537 top5=[a38=0.389, a39=0.282, a12=0.113, a44=0.048, a36=0.025]
  s=  312 a= 38(MANAGER:4) r= -1.5580 cum=   +345.39 v=-100.2194 top5=[a38=0.418, a39=0.257, a12=0.111, a44=0.049, a36=0.024]
  s=  313 a= 12(BUILD:PowerStation) r= +0.5802 cum=   +345.97 v=-100.3745 top5=[a38=0.386, a39=0.281, a12=0.116, a44=0.049, a36=0.025]
  s=  314 a= 43(MANAGER:9) r= -0.9441 cum=   +345.03 v=-102.2063 top5=[a38=0.411, a39=0.278, a12=0.108, a44=0.049, a36=0.023]
  s=  315 a= 12(BUILD:PowerStation) r= +0.5900 cum=   +345.62 v=-101.9717 top5=[a38=0.409, a39=0.276, a12=0.109, a44=0.049, a36=0.023]
  s=  316 a= 38(MANAGER:4) r= +1.5351 cum=   +347.16 v=-104.7577 top5=[a38=0.426, a39=0.277, a12=0.106, a44=0.048, a36=0.022]
  s=  317 a= 12(BUILD:PowerStation) r= +0.5934 cum=   +347.75 v=-105.4413 top5=[a38=0.392, a39=0.303, a12=0.112, a44=0.047, a36=0.023]
  s=  318 a= 39(MANAGER:5) r= +1.5414 cum=   +349.29 v=-108.3338 top5=[a38=0.403, a39=0.308, a12=0.111, a44=0.046, a36=0.022]
  s=  319 a= 22(BUILD:Apiary) r= +4.0245 cum=   +353.31 v=-107.2272 top5=[a38=0.435, a39=0.278, a12=0.108, a44=0.047, a36=0.020]
  s=  320 a= 39(MANAGER:5) r= +1.5315 cum=   +354.85 v=-107.8223 top5=[a38=0.426, a39=0.260, a12=0.114, a44=0.046, a36=0.020]
  s=  321 a= 44(MANAGER:10) r= -0.0092 cum=   +354.84 v=-106.9436 top5=[a38=0.453, a39=0.237, a12=0.112, a44=0.046, a36=0.019]
  s=  322 a= 12(BUILD:PowerStation) r= +0.5791 cum=   +355.42 v=-106.0391 top5=[a38=0.423, a39=0.235, a12=0.119, a44=0.049, a36=0.021]
  s=  323 a= 39(MANAGER:5) r= +1.5329 cum=   +356.95 v=-109.2587 top5=[a38=0.448, a39=0.237, a12=0.112, a44=0.046, a36=0.019]
  s=  324 a= 38(MANAGER:4) r= +2.1601 cum=   +359.11 v=-107.9846 top5=[a38=0.444, a39=0.217, a12=0.114, a44=0.049, a36=0.020]
  s=  325 a= 25(BUILD:SuperHouse) r= -0.9539 cum=   +358.15 v=-115.6695 top5=[a38=0.371, a39=0.244, a12=0.075, a44=0.055, a42=0.034]
  s=  326 a= 38(MANAGER:4) r= +1.5233 cum=   +359.68 v=-115.1268 top5=[a38=0.371, a39=0.242, a12=0.076, a44=0.055, a42=0.033]
  s=  327 a= 38(MANAGER:4) r= +1.5390 cum=   +361.22 v=-115.0342 top5=[a38=0.342, a39=0.265, a12=0.077, a44=0.054, a42=0.035]
  s=  328 a= 38(MANAGER:4) r= +1.5293 cum=   +362.75 v=-115.0754 top5=[a38=0.312, a39=0.287, a12=0.078, a44=0.054, a42=0.036]
  s=  329 a= 44(MANAGER:10) r= -0.0278 cum=   +362.72 v=-114.6551 top5=[a39=0.296, a38=0.262, a12=0.082, a44=0.059, a42=0.045]
  s=  330 a= 39(MANAGER:5) r= +1.5121 cum=   +364.23 v=-114.1274 top5=[a39=0.295, a38=0.262, a12=0.083, a44=0.059, a42=0.042]
  s=  331 a= 39(MANAGER:5) r= -1.5783 cum=   +362.65 v=-112.9267 top5=[a38=0.288, a39=0.273, a12=0.083, a44=0.058, a42=0.039]
  s=  332 a= 20(BUILD:BigHouse) r= -0.9663 cum=   +361.69 v=-112.0188 top5=[a38=0.314, a39=0.248, a12=0.083, a44=0.059, a42=0.035]
  s=  333 a=  3(BUILD:Farm) r= +1.4234 cum=   +363.11 v=-111.4585 top5=[a38=0.313, a39=0.246, a12=0.084, a44=0.059, a42=0.034]
  s=  334 a=  0(DAY) r= -0.3390 cum=   +362.77 v=-111.0695 top5=[a38=0.357, a39=0.222, a12=0.077, a44=0.056, a42=0.030]
  s=  335 a= 38(MANAGER:4) r= +1.5165 cum=   +364.29 v=-110.6807 top5=[a38=0.357, a39=0.220, a12=0.078, a44=0.056, a42=0.029]
  s=  336 a= 39(MANAGER:5) r= +1.5225 cum=   +365.81 v=-110.1557 top5=[a38=0.329, a39=0.239, a12=0.078, a44=0.055, a42=0.029]
  s=  337 a= 38(MANAGER:4) r= +1.5309 cum=   +367.34 v=-109.9109 top5=[a38=0.355, a39=0.216, a12=0.079, a44=0.056, a36=0.028]
  s=  338 a= 43(MANAGER:9) r= -0.9614 cum=   +366.38 v=-109.4638 top5=[a38=0.328, a39=0.235, a12=0.080, a44=0.055, a36=0.029]
  s=  339 a= 39(MANAGER:5) r= +1.5095 cum=   +367.89 v=-109.1539 top5=[a38=0.327, a39=0.233, a12=0.081, a44=0.055, a36=0.029]
  s=  340 a= 39(MANAGER:5) r= +1.5299 cum=   +369.42 v=-108.9530 top5=[a38=0.353, a39=0.210, a12=0.081, a44=0.055, a36=0.027]
  s=  341 a= 38(MANAGER:4) r= +1.5299 cum=   +370.95 v=-108.7971 top5=[a38=0.379, a39=0.190, a12=0.080, a44=0.055, a36=0.026]
  s=  342 a= 38(MANAGER:4) r= -1.5932 cum=   +369.36 v=-108.3712 top5=[a38=0.351, a39=0.207, a12=0.082, a44=0.055, a36=0.027]
  s=  343 a= 42(MANAGER:8) r= -0.2021 cum=   +369.15 v=-108.1429 top5=[a38=0.324, a39=0.227, a12=0.084, a44=0.054, a36=0.028]
  s=  344 a= 39(MANAGER:5) r= +1.0390 cum=   +370.19 v=-136.1407 top5=[a38=0.423, a39=0.247, a44=0.042, a12=0.041, a22=0.039]
  s=  345 a= 38(MANAGER:4) r= +1.0368 cum=   +371.23 v=-136.5413 top5=[a38=0.461, a39=0.234, a12=0.044, a44=0.040, a3=0.033]
  s=  346 a= 38(MANAGER:4) r= +1.0233 cum=   +372.25 v=-135.5465 top5=[a38=0.429, a39=0.257, a12=0.047, a44=0.039, a3=0.033]
  s=  347 a= 39(MANAGER:5) r= +1.0207 cum=   +373.27 v=-134.9342 top5=[a38=0.396, a39=0.282, a12=0.050, a44=0.039, a3=0.033]
  s=  348 a= 38(MANAGER:4) r= +1.0329 cum=   +374.31 v=-134.6310 top5=[a38=0.420, a39=0.255, a12=0.047, a44=0.040, a3=0.034]
  s=  349 a= 38(MANAGER:4) r= +1.0288 cum=   +375.33 v=-133.9809 top5=[a38=0.388, a39=0.280, a12=0.051, a44=0.039, a3=0.034]
  s=  350 a= 38(MANAGER:4) r= +1.0279 cum=   +376.36 v=-133.6965 top5=[a38=0.361, a39=0.302, a12=0.053, a44=0.039, a3=0.033]
    state: year=1 month=2 season=3 money=79554 credit=106809 people=31 busy=0 free=31 home_places=70 need_workers=0 tax_due=0 main_tax_due=0 tax_amount=9318 main_tax_amount=0 days_alive=363 stage=0 res0=0 res1=200 res2=0 res3=0 res4=0 res5=0 res6=0 res7=0 res8=0 Garden=2 Road=21 SmallHouse=2 Apiary=5 Hothouse=1 | nw=1519555.8316
  s=  351 a=  3(BUILD:Farm) r= +0.9208 cum=   +377.28 v=-134.1511 top5=[a38=0.339, a39=0.320, a12=0.057, a44=0.040, a3=0.033]
  s=  352 a=  3(BUILD:Farm) r= +4.0399 cum=   +381.32 v=-132.5864 top5=[a38=0.369, a39=0.303, a12=0.049, a44=0.041, a3=0.028]
  s=  353 a=  0(DAY) r= -0.8324 cum=   +380.49 v=-154.8563 top5=[a39=0.216, a12=0.211, a42=0.145, a36=0.125, a38=0.092]
  s=  354 a= 39(MANAGER:5) r= +1.0441 cum=   +381.53 v=-179.1440 top5=[a39=0.597, a38=0.307, a3=0.022, a22=0.016, a36=0.010]
  s=  355 a= 39(MANAGER:5) r= +1.0130 cum=   +382.55 v=-175.7007 top5=[a39=0.483, a38=0.419, a3=0.020, a22=0.019, a36=0.011]
  s=  356 a= 38(MANAGER:4) r= +1.0247 cum=   +383.57 v=-175.1432 top5=[a38=0.484, a39=0.422, a22=0.019, a3=0.018, a36=0.011]
  s=  357 a= 39(MANAGER:5) r= +1.0213 cum=   +384.59 v=-174.5888 top5=[a39=0.486, a38=0.418, a3=0.019, a22=0.018, a36=0.011]
  s=  358 a= 38(MANAGER:4) r= +1.0126 cum=   +385.61 v=-173.9300 top5=[a38=0.483, a39=0.424, a22=0.018, a3=0.017, a36=0.011]
  s=  359 a= 38(MANAGER:4) r= +1.0091 cum=   +386.62 v=-173.4978 top5=[a39=0.489, a38=0.416, a3=0.018, a22=0.018, a36=0.011]
  s=  360 a= 39(MANAGER:5) r= +1.0148 cum=   +387.63 v=-175.3786 top5=[a39=0.610, a38=0.299, a3=0.019, a22=0.015, a36=0.010]
  s=  361 a= 39(MANAGER:5) r= -2.1033 cum=   +385.53 v=-172.4126 top5=[a39=0.492, a38=0.414, a3=0.017, a22=0.017, a36=0.011]
  s=  362 a=  5(BUILD:House) r= -1.4750 cum=   +384.05 v=-171.5805 top5=[a38=0.483, a39=0.428, a22=0.017, a3=0.015, a36=0.011]
  s=  363 a= 39(MANAGER:5) r= +1.0091 cum=   +385.06 v=-171.0411 top5=[a38=0.483, a39=0.429, a22=0.017, a3=0.015, a36=0.011]
  s=  364 a= 39(MANAGER:5) r= +0.9982 cum=   +386.06 v=-172.1352 top5=[a38=0.533, a39=0.380, a22=0.017, a3=0.014, a36=0.011]
  s=  365 a= 38(MANAGER:4) r= +1.0016 cum=   +387.06 v=-170.3123 top5=[a38=0.580, a39=0.335, a22=0.017, a3=0.014, a36=0.010]
  s=  366 a= 39(MANAGER:5) r= +1.0102 cum=   +388.07 v=-168.2742 top5=[a38=0.529, a39=0.386, a22=0.016, a3=0.014, a36=0.010]
  s=  367 a= 38(MANAGER:4) r= +1.0038 cum=   +389.07 v=-169.2428 top5=[a38=0.577, a39=0.338, a22=0.016, a3=0.014, a36=0.010]
  s=  368 a= 38(MANAGER:4) r= +0.9951 cum=   +390.07 v=-167.3233 top5=[a38=0.525, a39=0.389, a22=0.015, a3=0.013, a36=0.010]
  s=  369 a= 38(MANAGER:4) r= +0.9916 cum=   +391.06 v=-166.9658 top5=[a38=0.459, a39=0.450, a22=0.015, a3=0.014, a36=0.010]
  s=  370 a= 39(MANAGER:5) r= +0.9936 cum=   +392.06 v=-168.4413 top5=[a39=0.572, a38=0.340, a3=0.015, a22=0.013, a44=0.010]
  s=  371 a= 39(MANAGER:5) r= -2.1337 cum=   +389.92 v=-170.8426 top5=[a39=0.463, a38=0.441, a22=0.016, a3=0.015, a36=0.012]
  s=  372 a= 38(MANAGER:4) r= +0.9967 cum=   +390.92 v=-174.0208 top5=[a38=0.469, a39=0.430, a22=0.019, a3=0.017, a36=0.014]
  s=  373 a= 39(MANAGER:5) r= +0.9786 cum=   +391.90 v=-173.2745 top5=[a39=0.487, a38=0.418, a22=0.017, a3=0.016, a36=0.012]
  s=  374 a= 38(MANAGER:4) r= +0.9757 cum=   +392.87 v=-173.9580 top5=[a38=0.463, a39=0.443, a22=0.018, a3=0.015, a36=0.013]
  s=  375 a= 38(MANAGER:4) r= +0.9784 cum=   +393.85 v=-172.3878 top5=[a39=0.487, a38=0.420, a22=0.016, a3=0.015, a36=0.012]
  s=  376 a= 39(MANAGER:5) r= +0.9853 cum=   +394.84 v=-173.4309 top5=[a39=0.614, a38=0.303, a3=0.014, a22=0.012, a36=0.010]
  s=  377 a= 38(MANAGER:4) r= +0.9873 cum=   +395.82 v=-171.5114 top5=[a39=0.487, a38=0.420, a22=0.016, a3=0.014, a36=0.012]
  s=  378 a= 39(MANAGER:5) r= +0.9764 cum=   +396.80 v=-172.6304 top5=[a39=0.615, a38=0.302, a3=0.013, a22=0.012, a36=0.010]
  s=  379 a= 25(BUILD:SuperHouse) r= -1.5311 cum=   +395.27 v=-170.7775 top5=[a39=0.488, a38=0.421, a22=0.015, a3=0.013, a36=0.012]
  s=  380 a= 39(MANAGER:5) r= +0.9525 cum=   +396.22 v=-170.4589 top5=[a39=0.488, a38=0.421, a22=0.015, a3=0.013, a36=0.011]
  s=  381 a= 39(MANAGER:5) r= -2.1659 cum=   +394.06 v=-171.0910 top5=[a38=0.469, a39=0.441, a22=0.016, a3=0.013, a36=0.012]
  s=  382 a= 38(MANAGER:4) r= +0.9660 cum=   +395.02 v=-172.9241 top5=[a38=0.517, a39=0.396, a22=0.016, a3=0.013, a36=0.013]
  s=  383 a= 38(MANAGER:4) r= +0.9606 cum=   +395.98 v=-170.3361 top5=[a38=0.470, a39=0.441, a22=0.015, a3=0.012, a36=0.012]
  s=  384 a= 38(MANAGER:4) r= +0.9501 cum=   +396.93 v=-173.8652 top5=[a39=0.428, a38=0.425, a3=0.028, a22=0.023, a36=0.018]
  s=  385 a= 39(MANAGER:5) r= +0.9591 cum=   +397.89 v=-175.1848 top5=[a39=0.539, a38=0.320, a3=0.029, a22=0.019, a36=0.016]
  s=  386 a= 39(MANAGER:5) r= +0.9606 cum=   +398.85 v=-172.6165 top5=[a39=0.431, a38=0.425, a3=0.026, a22=0.022, a36=0.018]
  s=  387 a= 39(MANAGER:5) r= +2.2186 cum=   +401.07 v=-173.1239 top5=[a38=0.474, a39=0.385, a3=0.025, a22=0.024, a36=0.019]
  s=  388 a= 42(MANAGER:8) r= -1.5494 cum=   +399.52 v=-175.5598 top5=[a38=0.522, a39=0.347, a22=0.023, a3=0.023, a36=0.020]
  s=  389 a= 39(MANAGER:5) r= +0.9465 cum=   +400.47 v=-174.9619 top5=[a38=0.522, a39=0.348, a22=0.023, a3=0.022, a36=0.020]
  s=  390 a= 36(MANAGER:2) r= +2.0460 cum=   +402.51 v=-177.4394 top5=[a38=0.571, a39=0.308, a22=0.023, a3=0.020, a36=0.020]
  s=  391 a= 38(MANAGER:4) r= -2.1896 cum=   +400.32 v=-177.1516 top5=[a38=0.571, a39=0.310, a22=0.021, a36=0.020, a3=0.019]
  s=  392 a= 38(MANAGER:4) r= +0.9450 cum=   +401.27 v=-173.3517 top5=[a38=0.522, a39=0.351, a22=0.021, a3=0.020, a36=0.019]
  s=  393 a= 39(MANAGER:5) r= +0.9462 cum=   +402.22 v=-169.9154 top5=[a38=0.474, a39=0.391, a22=0.021, a3=0.020, a36=0.019]
  s=  394 a= 39(MANAGER:5) r= +1.5509 cum=   +403.77 v=-172.1163 top5=[a38=0.521, a39=0.354, a22=0.020, a36=0.019, a3=0.019]
  s=  395 a= 39(MANAGER:5) r= +0.9408 cum=   +404.71 v=-174.5302 top5=[a38=0.567, a39=0.318, a22=0.020, a36=0.019, a3=0.018]
  s=  396 a= 38(MANAGER:4) r= +0.9403 cum=   +405.65 v=-175.1768 top5=[a38=0.591, a39=0.298, a22=0.019, a36=0.018, a3=0.018]
  s=  397 a= 38(MANAGER:4) r= +0.9368 cum=   +406.58 v=-171.5191 top5=[a38=0.549, a39=0.332, a22=0.019, a3=0.018, a36=0.018]
  s=  398 a= 44(MANAGER:10) r= -0.6362 cum=   +405.95 v=-168.0338 top5=[a38=0.501, a39=0.370, a22=0.020, a3=0.019, a36=0.017]
  s=  399 a= 39(MANAGER:5) r= +0.9415 cum=   +406.89 v=-167.4512 top5=[a38=0.501, a39=0.371, a22=0.020, a3=0.018, a36=0.017]
  s=  400 a= 38(MANAGER:4) r= +0.9312 cum=   +407.82 v=-169.6727 top5=[a38=0.547, a39=0.336, a22=0.019, a36=0.017, a3=0.016]
    state: year=1 month=4 season=0 money=53096 credit=118004 people=32 busy=0 free=32 home_places=90 need_workers=10 tax_due=0 main_tax_due=0 tax_amount=10146 main_tax_amount=0 days_alive=413 stage=0 res0=0 res1=200 res2=0 res3=0 res4=0 res5=0 res6=0 res7=0 res8=0 Garden=4 Road=21 SmallHouse=2 Apiary=5 Hothouse=1 | nw=1497649.8530
  s=  401 a= 39(MANAGER:5) r= -2.2184 cum=   +405.60 v=-166.2377 top5=[a38=0.499, a39=0.373, a22=0.019, a3=0.018, a36=0.017]
  s=  402 a= 38(MANAGER:4) r= +0.9198 cum=   +406.52 v=-168.5921 top5=[a38=0.547, a39=0.338, a22=0.018, a36=0.017, a3=0.016]
  s=  403 a= 38(MANAGER:4) r= +0.9207 cum=   +407.44 v=-165.2174 top5=[a38=0.498, a39=0.374, a22=0.019, a3=0.017, a36=0.016]
  s=  404 a= 38(MANAGER:4) r= +0.9268 cum=   +408.37 v=-163.3013 top5=[a38=0.449, a39=0.415, a22=0.018, a3=0.017, a36=0.016]
  s=  405 a= 39(MANAGER:5) r= +0.9181 cum=   +409.29 v=-165.5269 top5=[a39=0.547, a38=0.329, a3=0.017, a22=0.014, a36=0.013]
  s=  406 a= 39(MANAGER:5) r= +0.9182 cum=   +410.21 v=-162.5095 top5=[a38=0.449, a39=0.415, a22=0.018, a3=0.016, a36=0.016]
  s=  407 a=  4(BUILD:Garden) r= -1.5951 cum=   +408.61 v=-163.3468 top5=[a38=0.498, a39=0.375, a22=0.018, a36=0.016, a3=0.016]
  s=  408 a= 39(MANAGER:5) r= +0.9000 cum=   +409.51 v=-162.9751 top5=[a38=0.497, a39=0.376, a22=0.018, a36=0.016, a3=0.015]
  s=  409 a= 38(MANAGER:4) r= +0.9029 cum=   +410.41 v=-165.2497 top5=[a38=0.544, a39=0.342, a22=0.017, a36=0.016, a3=0.014]
  s=  410 a= 38(MANAGER:4) r= +0.9072 cum=   +411.32 v=-162.2278 top5=[a38=0.499, a39=0.376, a22=0.017, a36=0.016, a3=0.014]
  s=  411 a= 38(MANAGER:4) r= -2.2287 cum=   +409.09 v=-160.9874 top5=[a38=0.450, a39=0.418, a22=0.016, a36=0.015, a3=0.015]
  s=  412 a= 38(MANAGER:4) r= +0.8937 cum=   +409.99 v=-163.5498 top5=[a39=0.554, a38=0.324, a3=0.014, a44=0.014, a22=0.013]
  s=  413 a= 38(MANAGER:4) r= +0.9061 cum=   +410.89 v=-165.3028 top5=[a39=0.601, a38=0.283, a44=0.014, a3=0.013, a36=0.013]
  s=  414 a= 39(MANAGER:5) r= +0.8944 cum=   +411.79 v=-170.5261 top5=[a39=0.535, a38=0.268, a3=0.031, a36=0.020, a22=0.016]
  s=  415 a= 39(MANAGER:5) r= +0.9010 cum=   +412.69 v=-167.3577 top5=[a39=0.432, a38=0.359, a3=0.029, a36=0.023, a22=0.020]
  s=  416 a= 38(MANAGER:4) r= +0.8960 cum=   +413.58 v=-166.4319 top5=[a38=0.415, a39=0.386, a3=0.027, a36=0.025, a22=0.021]
  s=  417 a= 38(MANAGER:4) r= +0.8909 cum=   +414.47 v=-166.1249 top5=[a39=0.434, a38=0.359, a3=0.028, a36=0.023, a22=0.020]
  s=  418 a= 38(MANAGER:4) r= +0.8923 cum=   +415.37 v=-168.2891 top5=[a39=0.547, a38=0.262, a3=0.027, a36=0.019, a22=0.015]
  s=  419 a= 35(MANAGER:1) r= -0.7962 cum=   +414.57 v=-167.4407 top5=[a39=0.594, a38=0.228, a3=0.024, a36=0.018, a44=0.014]
  s=  420 a= 39(MANAGER:5) r= +0.8807 cum=   +415.45 v=-167.0347 top5=[a39=0.597, a38=0.226, a3=0.023, a36=0.018, a44=0.014]
  s=  421 a= 36(MANAGER:2) r= -3.2132 cum=   +412.24 v=-163.3315 top5=[a39=0.479, a38=0.322, a3=0.024, a36=0.023, a22=0.017]
  s=  422 a= 39(MANAGER:5) r= +0.8867 cum=   +413.12 v=-162.8136 top5=[a39=0.481, a38=0.322, a36=0.023, a3=0.023, a22=0.017]
  s=  423 a= 39(MANAGER:5) r= +0.8781 cum=   +414.00 v=-161.3248 top5=[a39=0.424, a38=0.381, a36=0.025, a3=0.022, a22=0.018]
  s=  424 a= 38(MANAGER:4) r= +0.8851 cum=   +414.89 v=-162.6756 top5=[a38=0.442, a39=0.377, a36=0.025, a3=0.019, a22=0.018]
  s=  425 a=  3(BUILD:Farm) r= +2.6670 cum=   +417.55 v=-160.3124 top5=[a39=0.427, a38=0.380, a36=0.024, a3=0.020, a22=0.017]
  s=  426 a= 39(MANAGER:5) r= +0.8599 cum=   +418.41 v=-154.9160 top5=[a38=0.470, a39=0.361, a36=0.019, a3=0.015, a44=0.013]
  s=  427 a= 39(MANAGER:5) r= +0.8679 cum=   +419.28 v=-156.7614 top5=[a38=0.519, a39=0.323, a36=0.019, a3=0.014, a44=0.013]
  s=  428 a= 39(MANAGER:5) r= +0.8645 cum=   +420.15 v=-155.7207 top5=[a38=0.561, a39=0.288, a36=0.017, a3=0.013, a44=0.013]
  s=  429 a= 35(MANAGER:1) r= -0.9647 cum=   +419.18 v=-158.4797 top5=[a38=0.607, a39=0.255, a36=0.018, a3=0.013, a44=0.013]
  s=  430 a= 38(MANAGER:4) r= +0.8598 cum=   +420.04 v=-158.0667 top5=[a38=0.606, a39=0.255, a36=0.018, a44=0.013, a3=0.013]
  s=  431 a= 39(MANAGER:5) r= +0.8533 cum=   +420.90 v=-154.5303 top5=[a38=0.560, a39=0.289, a36=0.017, a3=0.013, a44=0.013]
  s=  432 a= 38(MANAGER:4) r= +0.8607 cum=   +421.76 v=-157.2476 top5=[a38=0.604, a39=0.257, a36=0.018, a44=0.013, a3=0.012]
  s=  433 a= 38(MANAGER:4) r= +0.8640 cum=   +422.62 v=-153.7453 top5=[a38=0.559, a39=0.289, a36=0.017, a44=0.013, a3=0.013]
  s=  434 a= 38(MANAGER:4) r= -2.2961 cum=   +420.32 v=-150.2712 top5=[a38=0.514, a39=0.321, a36=0.017, a44=0.015, a3=0.013]
  s=  435 a= 39(MANAGER:5) r= +0.8549 cum=   +421.18 v=-150.5432 top5=[a38=0.455, a39=0.376, a36=0.017, a44=0.015, a3=0.013]
  s=  436 a= 38(MANAGER:4) r= +0.8416 cum=   +422.02 v=-149.6457 top5=[a38=0.513, a39=0.322, a36=0.017, a44=0.015, a3=0.013]
  s=  437 a= 38(MANAGER:4) r= +0.8533 cum=   +422.87 v=-149.9684 top5=[a38=0.456, a39=0.375, a36=0.017, a44=0.016, a3=0.013]
  s=  438 a= 36(MANAGER:2) r= -0.4882 cum=   +422.39 v=-152.5569 top5=[a39=0.482, a38=0.345, a44=0.019, a36=0.018, a3=0.014]
  s=  439 a= 38(MANAGER:4) r= +0.8476 cum=   +423.23 v=-152.2114 top5=[a39=0.480, a38=0.347, a44=0.019, a36=0.018, a3=0.014]
  s=  440 a= 39(MANAGER:5) r= +0.8429 cum=   +424.08 v=-154.0480 top5=[a39=0.532, a38=0.304, a44=0.019, a36=0.018, a3=0.012]
  s=  441 a= 38(MANAGER:4) r= +0.8410 cum=   +424.92 v=-150.9299 top5=[a39=0.418, a38=0.413, a36=0.018, a44=0.017, a3=0.012]
  s=  442 a= 39(MANAGER:5) r= +0.8339 cum=   +425.75 v=-153.3666 top5=[a39=0.531, a38=0.307, a44=0.019, a36=0.018, a3=0.012]
  s=  443 a= 39(MANAGER:5) r= +0.8405 cum=   +426.59 v=-150.3754 top5=[a39=0.419, a38=0.412, a36=0.018, a44=0.017, a3=0.011]
  s=  444 a= 38(MANAGER:4) r= -2.3270 cum=   +424.26 v=-148.7821 top5=[a38=0.478, a39=0.354, a36=0.018, a44=0.016, a3=0.012]
  s=  445 a= 39(MANAGER:5) r= +0.8326 cum=   +425.10 v=-159.1703 top5=[a39=0.471, a38=0.242, a36=0.032, a42=0.026, a3=0.021]
  s=  446 a= 39(MANAGER:5) r= +0.8289 cum=   +425.93 v=-159.6725 top5=[a39=0.415, a38=0.358, a36=0.036, a42=0.020, a3=0.019]
  s=  447 a= 39(MANAGER:5) r= +0.8297 cum=   +426.76 v=-160.9331 top5=[a38=0.394, a39=0.384, a36=0.037, a3=0.019, a42=0.019]
  s=  448 a=  5(BUILD:House) r= -1.7069 cum=   +425.05 v=-159.1545 top5=[a38=0.428, a39=0.341, a36=0.036, a3=0.020, a42=0.019]
  s=  449 a= 38(MANAGER:4) r= +0.8381 cum=   +425.89 v=-159.0204 top5=[a38=0.426, a39=0.342, a36=0.036, a3=0.020, a42=0.019]
  s=  450 a= 38(MANAGER:4) r= +0.8212 cum=   +426.71 v=-157.5733 top5=[a38=0.386, a39=0.372, a36=0.034, a42=0.020, a3=0.020]
    state: year=1 month=6 season=1 money=44859 credit=130380 people=32 busy=0 free=32 home_places=70 need_workers=13 tax_due=0 main_tax_due=0 tax_amount=10566 main_tax_amount=0 days_alive=463 stage=0 res0=0 res1=200 res2=0 res3=0 res4=0 res5=0 res6=0 res7=0 res8=0 Garden=5 Road=21 SmallHouse=2 Apiary=5 Hothouse=1 | nw=1484288.7670
  s=  451 a= 39(MANAGER:5) r= +0.8216 cum=   +427.53 v=-155.9429 top5=[a39=0.406, a38=0.345, a36=0.032, a42=0.022, a3=0.019]
  s=  452 a= 38(MANAGER:4) r= +0.8216 cum=   +428.35 v=-157.4259 top5=[a38=0.382, a39=0.375, a36=0.033, a42=0.021, a3=0.020]
  s=  453 a= 39(MANAGER:5) r= +0.8234 cum=   +429.17 v=-155.8056 top5=[a39=0.408, a38=0.341, a36=0.031, a42=0.022, a3=0.019]
  s=  454 a= 38(MANAGER:4) r= -2.3451 cum=   +426.83 v=-157.2974 top5=[a38=0.378, a39=0.378, a36=0.032, a42=0.021, a3=0.019]
  s=  455 a=  8(BUILD:Coalmine) r= -1.7168 cum=   +425.11 v=-155.7094 top5=[a39=0.410, a38=0.337, a36=0.030, a42=0.022, a3=0.019]
  s=  456 a= 38(MANAGER:4) r= +0.8054 cum=   +425.92 v=-155.6986 top5=[a39=0.411, a38=0.335, a36=0.030, a42=0.022, a3=0.019]
  s=  457 a= 39(MANAGER:5) r= +0.8086 cum=   +426.73 v=-153.5759 top5=[a39=0.475, a38=0.283, a36=0.026, a42=0.021, a3=0.018]
  s=  458 a= 39(MANAGER:5) r= +0.8011 cum=   +427.53 v=-155.6692 top5=[a39=0.414, a38=0.330, a36=0.030, a42=0.023, a3=0.019]
  s=  459 a= 38(MANAGER:4) r= +0.8067 cum=   +428.33 v=-157.0276 top5=[a39=0.383, a38=0.370, a36=0.031, a42=0.022, a3=0.019]
  s=  460 a= 39(MANAGER:5) r= +0.8029 cum=   +429.14 v=-155.5412 top5=[a39=0.416, a38=0.327, a36=0.029, a42=0.023, a3=0.019]
  s=  461 a= 39(MANAGER:5) r= +0.7931 cum=   +429.93 v=-156.8954 top5=[a39=0.384, a38=0.368, a36=0.030, a42=0.022, a3=0.019]
  s=  462 a= 38(MANAGER:4) r= +0.7939 cum=   +430.72 v=-158.0640 top5=[a38=0.405, a39=0.355, a36=0.031, a42=0.020, a3=0.019]
  s=  463 a= 38(MANAGER:4) r= +6.3441 cum=   +437.07 v=-156.7427 top5=[a39=0.385, a38=0.364, a36=0.030, a42=0.022, a3=0.019]
  s=  464 a= 39(MANAGER:5) r= -2.3729 cum=   +434.70 v=-162.0265 top5=[a39=0.541, a38=0.291, a36=0.024, a3=0.014, a42=0.011]
  s=  465 a= 38(MANAGER:4) r= +0.7860 cum=   +435.48 v=-162.9543 top5=[a39=0.502, a38=0.335, a36=0.025, a3=0.013, a42=0.011]
  s=  466 a= 22(BUILD:Apiary) r= +1.4302 cum=   +436.91 v=-162.0520 top5=[a39=0.542, a38=0.289, a36=0.024, a3=0.014, a42=0.011]
  s=  467 a= 38(MANAGER:4) r= +0.7891 cum=   +437.70 v=-159.8441 top5=[a39=0.510, a38=0.320, a36=0.021, a42=0.012, a3=0.011]
  s=  468 a= 38(MANAGER:4) r= +0.7749 cum=   +438.48 v=-157.3772 top5=[a39=0.532, a38=0.289, a36=0.020, a42=0.012, a3=0.012]
  s=  469 a= 39(MANAGER:5) r= +0.7712 cum=   +439.25 v=-156.5380 top5=[a39=0.543, a38=0.276, a36=0.020, a42=0.012, a3=0.011]
  s=  470 a= 38(MANAGER:4) r= +0.7730 cum=   +440.02 v=-158.8023 top5=[a39=0.525, a38=0.302, a36=0.021, a42=0.012, a12=0.011]
  s=  471 a= 39(MANAGER:5) r= +0.7668 cum=   +440.79 v=-156.4400 top5=[a39=0.544, a38=0.273, a36=0.020, a42=0.012, a3=0.011]
  s=  472 a= 15(BUILD:Fish) r= -1.7630 cum=   +439.02 v=-158.7635 top5=[a39=0.525, a38=0.300, a36=0.021, a42=0.012, a12=0.012]
  s=  473 a= 39(MANAGER:5) r= +0.7619 cum=   +439.79 v=-158.7402 top5=[a39=0.525, a38=0.299, a36=0.021, a42=0.012, a12=0.012]
  s=  474 a= 38(MANAGER:4) r= +0.7613 cum=   +440.55 v=-159.9158 top5=[a39=0.494, a38=0.336, a36=0.022, a42=0.012, a12=0.012]
  s=  475 a= 39(MANAGER:5) r= -2.4052 cum=   +438.14 v=-159.0564 top5=[a39=0.425, a38=0.338, a36=0.026, a42=0.023, a3=0.012]
  s=  476 a= 39(MANAGER:5) r= +0.7528 cum=   +438.89 v=-160.5668 top5=[a39=0.409, a38=0.371, a36=0.026, a42=0.021, a12=0.012]
  s=  477 a= 43(MANAGER:9) r= -1.7763 cum=   +437.12 v=-162.6372 top5=[a38=0.406, a39=0.390, a36=0.026, a42=0.021, a12=0.012]
  s=  478 a= 36(MANAGER:2) r= +0.8576 cum=   +437.98 v=-162.4662 top5=[a38=0.403, a39=0.390, a36=0.026, a42=0.021, a12=0.012]
  s=  479 a= 39(MANAGER:5) r= +0.7472 cum=   +438.72 v=-162.2386 top5=[a38=0.402, a39=0.391, a36=0.026, a42=0.020, a12=0.012]
  s=  480 a= 38(MANAGER:4) r= +0.7496 cum=   +439.47 v=-164.0833 top5=[a38=0.442, a39=0.362, a36=0.027, a42=0.020, a12=0.012]
  s=  481 a= 38(MANAGER:4) r= +0.7442 cum=   +440.22 v=-161.8354 top5=[a38=0.397, a39=0.392, a36=0.026, a42=0.020, a12=0.012]
  s=  482 a= 38(MANAGER:4) r= +0.7390 cum=   +440.96 v=-159.7921 top5=[a39=0.416, a38=0.357, a36=0.025, a42=0.020, a12=0.013]
  s=  483 a= 38(MANAGER:4) r= +0.7384 cum=   +441.69 v=-158.1103 top5=[a39=0.432, a38=0.326, a36=0.025, a42=0.020, a3=0.013]
  s=  484 a= 39(MANAGER:5) r= +0.7360 cum=   +442.43 v=-155.3931 top5=[a39=0.443, a38=0.296, a36=0.024, a42=0.021, a3=0.014]
  s=  485 a= 38(MANAGER:4) r= -2.4315 cum=   +440.00 v=-157.9052 top5=[a39=0.434, a38=0.323, a36=0.025, a42=0.019, a3=0.013]
  s=  486 a= 39(MANAGER:5) r= +0.7292 cum=   +440.73 v=-155.2355 top5=[a39=0.444, a38=0.294, a36=0.023, a42=0.020, a3=0.014]
  s=  487 a= 39(MANAGER:5) r= +2.6342 cum=   +443.36 v=-157.7294 top5=[a39=0.436, a38=0.321, a36=0.025, a42=0.019, a12=0.013]
  s=  488 a= 38(MANAGER:4) r= +0.7357 cum=   +444.10 v=-159.2415 top5=[a39=0.421, a38=0.349, a36=0.025, a42=0.019, a12=0.013]
  s=  489 a= 39(MANAGER:5) r= +0.7230 cum=   +444.82 v=-157.5562 top5=[a39=0.441, a38=0.320, a36=0.024, a42=0.017, a12=0.013]
  s=  490 a= 38(MANAGER:4) r= +0.7274 cum=   +445.55 v=-159.0530 top5=[a39=0.422, a38=0.346, a36=0.025, a42=0.018, a12=0.013]
  s=  491 a= 38(MANAGER:4) r= +0.7038 cum=   +446.25 v=-161.1640 top5=[a39=0.459, a38=0.304, a36=0.028, a42=0.018, a12=0.013]
  s=  492 a= 39(MANAGER:5) r= +0.7032 cum=   +446.96 v=-158.3187 top5=[a39=0.489, a38=0.274, a36=0.027, a42=0.017, a12=0.013]
  s=  493 a= 39(MANAGER:5) r= +0.7018 cum=   +447.66 v=-160.7382 top5=[a39=0.480, a38=0.293, a36=0.028, a42=0.017, a12=0.013]
  s=  494 a= 43(MANAGER:9) r= -1.8363 cum=   +445.82 v=-161.9865 top5=[a39=0.452, a38=0.328, a36=0.029, a42=0.017, a12=0.013]
  s=  495 a= 39(MANAGER:5) r= -2.4751 cum=   +443.35 v=-161.9291 top5=[a39=0.451, a38=0.327, a36=0.029, a42=0.017, a12=0.013]
  s=  496 a= 39(MANAGER:5) r= +0.7042 cum=   +444.05 v=-163.2671 top5=[a39=0.417, a38=0.367, a36=0.030, a42=0.017, a12=0.013]
  s=  497 a= 38(MANAGER:4) r= +0.7024 cum=   +444.75 v=-165.3299 top5=[a38=0.402, a39=0.386, a36=0.031, a42=0.018, a12=0.013]
  s=  498 a= 38(MANAGER:4) r= +0.6851 cum=   +445.44 v=-163.0908 top5=[a39=0.414, a38=0.366, a36=0.030, a42=0.017, a12=0.013]
  s=  499 a= 39(MANAGER:5) r= +1.3247 cum=   +446.76 v=-161.7231 top5=[a39=0.449, a38=0.325, a36=0.029, a42=0.016, a12=0.014]
  >>> Ep 3: reward=446.76, steps=500
  >>> final: year=1 month=7 season=1 money=35006 credit=143763 people=64 busy=0 free=64 home_places=70 need_workers=23 tax_due=0 main_tax_due=0 tax_amount=10986 main_tax_amount=0 days_alive=512 stage=0 res0=0 res1=200 res2=0 res3=0 res4=0 res5=0 res6=0 res7=0 res8=0 Garden=5 Road=21 SmallHouse=2 Apiary=6 Hothouse=1 | nw=1469868.9335

======================================================================
SUMMARY
======================================================================
Episodes: 3
Total steps: 1500
Mean reward: 296.19
Max reward:  446.76
Min reward:  96.54
  Ep 1: +96.54
  Ep 2: +345.28
  Ep 3: +446.76

ACTION DISTRIBUTION (all 1500 steps)
  MANAGER:4           :   475 (31.7%)
  MANAGER:5           :   407 (27.1%)
  MANAGER:10          :    72 (4.8%)
  BUILD:PowerStation  :    58 (3.9%)
  DAY                 :    44 (2.9%)
  MANAGER:2           :    32 (2.1%)
  MANAGER:1           :    29 (1.9%)
  MANAGER:9           :    28 (1.9%)
  BUILD:Farm          :    21 (1.4%)
  BUILD:Apiary        :    20 (1.3%)
  BUILD:Garden        :    19 (1.3%)
  BUILD:Mushroom      :    18 (1.2%)
  BUILD:Fish          :    16 (1.1%)
  BUILD:HydroStation  :    13 (0.9%)
  BUILD:Hothouse      :    13 (0.9%)
  MANAGER:6           :    12 (0.8%)
  BUILD:Road          :    12 (0.8%)
  MANAGER:0           :    11 (0.7%)
  BUILD:Goldmine      :    11 (0.7%)
  BUILD:CoalCut       :    11 (0.7%)
  BUILD:HuntingLand   :    11 (0.7%)
  BUILD:SmallAtomStation:    11 (0.7%)
  BUILD:Torchlight    :    10 (0.7%)
  BUILD:House         :    10 (0.7%)
  BUILD:Coalmine      :    10 (0.7%)
  BUILD:Puerperal     :     9 (0.6%)
  BUILD:WaterChannel  :     9 (0.6%)
  BUILD:AtomStation   :     8 (0.5%)
  BUILD:BigHouse      :     8 (0.5%)
  BUILD:CowFarm       :     8 (0.5%)
  BUILD:SmallHouse    :     8 (0.5%)
  MANAGER:7           :     8 (0.5%)
  WEEK                :     7 (0.5%)
  BUILD:BigIronmine   :     7 (0.5%)
  BUILD:SuperHouse    :     7 (0.5%)
  MANAGER:8           :     7 (0.5%)
  BUILD:BigRefinary   :     6 (0.4%)
  BUILD:AirStation    :     6 (0.4%)
  BUILD:Ironmine      :     6 (0.4%)
  BUILD:Sawmill       :     5 (0.3%)
  BUILD:BigFarm       :     4 (0.3%)
  BUILD:Refinery      :     4 (0.3%)
  BUILD:BigSawmill    :     4 (0.3%)
  MANAGER:3           :     3 (0.2%)
  BUILD:WaterMill     :     2 (0.1%)
