======================================================================
EPISODE 1
======================================================================
init: year=0 month=3 season=0 money=82000 credit=0 people=28 busy=0 free=28 home_places=50 need_workers=0 tax_due=0 main_tax_due=0 tax_amount=5106 main_tax_amount=0 days_alive=0 stage=0 res0=0 res1=0 res2=0 res3=0 res4=0 res5=0 res6=0 res7=0 res8=0 | nw=1532000.0000
  s=    0 a= 25(BUILD:SuperHouse) r= -0.8485 cum=     -0.85 v= +6.8103 top5=[a43=0.030, a30=0.029, a15=0.028, a24=0.027, a36=0.026]
    state: year=0 month=3 season=0 money=82000 credit=0 people=28 busy=0 free=28 home_places=50 need_workers=0 tax_due=0 main_tax_due=0 tax_amount=5106 main_tax_amount=0 days_alive=1 stage=0 res0=0 res1=0 res2=0 res3=0 res4=0 res5=0 res6=0 res7=0 res8=0 | nw=1532000.0000
  s=    1 a=  0(DAY) r= +0.5695 cum=     -0.28 v= +7.6018 top5=[a43=0.030, a15=0.029, a30=0.029, a8=0.027, a39=0.027]
  s=    2 a=  9(BUILD:Ironmine) r= -0.8433 cum=     -1.12 v= +6.2215 top5=[a43=0.029, a15=0.028, a30=0.027, a8=0.026, a39=0.026]
  s=    3 a= 41(MANAGER:7) r= -2.2611 cum=     -3.38 v= +5.4462 top5=[a43=0.028, a15=0.027, a30=0.026, a8=0.026, a39=0.025]
  s=    4 a= 28(BUILD:BigRefinary) r= -0.6020 cum=     -3.99 v= +6.3204 top5=[a43=0.029, a15=0.028, a8=0.027, a30=0.027, a39=0.025]
  s=    5 a= 27(BUILD:WaterMill) r= -0.6502 cum=     -4.64 v= +5.5032 top5=[a43=0.028, a15=0.027, a8=0.026, a30=0.026, a39=0.025]
  s=    6 a= 31(BUILD:AirStation) r=+10.0000 cum=     +5.36 v= +5.0770 top5=[a43=0.028, a15=0.027, a8=0.026, a30=0.026, a39=0.025]
  s=    7 a= 11(BUILD:Goldmine) r= -0.1753 cum=     +5.19 v= +6.5293 top5=[a43=0.030, a15=0.027, a39=0.027, a8=0.027, a30=0.027]
  s=    8 a=  3(BUILD:Farm) r= +3.0716 cum=     +8.26 v= +5.6782 top5=[a43=0.028, a15=0.027, a39=0.026, a8=0.026, a30=0.026]
  s=    9 a=  2(BUILD:WaterChannel) r= +3.1351 cum=    +11.40 v= +6.2624 top5=[a43=0.030, a8=0.027, a39=0.027, a15=0.027, a30=0.026]
  s=   10 a= 14(BUILD:Road) r= +3.2008 cum=    +14.60 v= +6.1119 top5=[a43=0.030, a15=0.027, a39=0.027, a8=0.026, a30=0.026]
  s=   11 a= 31(BUILD:AirStation) r= +1.1747 cum=    +15.77 v= +6.0439 top5=[a43=0.029, a15=0.027, a39=0.027, a8=0.026, a30=0.026]
  s=   12 a= 29(BUILD:Puerperal) r= -0.2034 cum=    +15.57 v= +6.7397 top5=[a43=0.030, a15=0.027, a39=0.027, a30=0.027, a8=0.026]
  s=   13 a= 17(BUILD:HuntingLand) r= -0.2091 cum=    +15.36 v= +6.5560 top5=[a43=0.030, a15=0.027, a39=0.027, a8=0.026, a30=0.026]
  s=   14 a=  0(DAY) r= +0.1432 cum=    +15.50 v= +6.3913 top5=[a43=0.029, a15=0.027, a39=0.026, a8=0.026, a30=0.026]
  s=   15 a= 14(BUILD:Road) r= -0.2208 cum=    +15.28 v= +6.2491 top5=[a43=0.029, a15=0.027, a8=0.026, a39=0.026, a30=0.026]
  s=   16 a= 18(BUILD:CowFarm) r= -0.2261 cum=    +15.06 v= +6.1263 top5=[a43=0.029, a15=0.027, a8=0.026, a39=0.026, a30=0.026]
  s=   17 a= 15(BUILD:Fish) r= -0.2313 cum=    +14.82 v= +6.0206 top5=[a43=0.029, a15=0.027, a8=0.026, a39=0.026, a30=0.026]
  s=   18 a= 15(BUILD:Fish) r= +3.9399 cum=    +18.76 v= +6.0744 top5=[a43=0.029, a15=0.027, a8=0.026, a39=0.026, a30=0.025]
  s=   19 a= 30(BUILD:BigIronmine) r= -0.2486 cum=    +18.52 v= +5.8834 top5=[a43=0.029, a15=0.027, a8=0.027, a39=0.026, a30=0.025]
  s=   20 a=  1(WEEK) r= -1.9753 cum=    +16.54 v= +5.8102 top5=[a43=0.029, a15=0.027, a8=0.027, a39=0.026, a30=0.025]
  s=   21 a= 16(BUILD:CoalCut) r= -0.2615 cum=    +16.28 v= +6.6252 top5=[a43=0.030, a8=0.028, a15=0.027, a39=0.026, a14=0.026]
  s=   22 a= 29(BUILD:Puerperal) r= -0.2735 cum=    +16.00 v= +6.6342 top5=[a43=0.030, a8=0.028, a15=0.027, a39=0.026, a14=0.026]
  s=   23 a= 16(BUILD:CoalCut) r= -0.2672 cum=    +15.74 v= +6.5930 top5=[a43=0.030, a8=0.028, a15=0.027, a39=0.026, a14=0.026]
  s=   24 a= 30(BUILD:BigIronmine) r= -0.2765 cum=    +15.46 v= +6.4397 top5=[a43=0.030, a8=0.028, a15=0.027, a39=0.026, a14=0.026]
  s=   25 a= 43(MANAGER:9) r= -0.2820 cum=    +15.18 v= +4.3627 top5=[a43=0.026, a15=0.026, a8=0.025, a17=0.024, a19=0.024]
  s=   26 a= 41(MANAGER:7) r= -0.2865 cum=    +14.89 v= +4.3266 top5=[a43=0.026, a15=0.026, a8=0.025, a17=0.024, a19=0.024]
  s=   27 a= 19(BUILD:Mushroom) r= -0.2834 cum=    +14.61 v= +4.2919 top5=[a43=0.026, a15=0.026, a8=0.025, a17=0.024, a19=0.024]
  s=   28 a= 39(MANAGER:5) r= -0.2893 cum=    +14.32 v= +4.2591 top5=[a43=0.026, a15=0.026, a8=0.025, a17=0.024, a19=0.024]
  s=   29 a= 14(BUILD:Road) r= -0.2874 cum=    +14.03 v= +4.2289 top5=[a43=0.027, a15=0.026, a8=0.025, a17=0.024, a14=0.024]
  s=   30 a= 14(BUILD:Road) r= -2.5831 cum=    +11.45 v= +4.2016 top5=[a43=0.027, a15=0.026, a8=0.025, a17=0.024, a14=0.024]
  s=   31 a= 27(BUILD:WaterMill) r= -0.3080 cum=    +11.14 v= +4.1771 top5=[a43=0.027, a15=0.026, a8=0.025, a17=0.024, a14=0.024]
  s=   32 a= 14(BUILD:Road) r= -0.3042 cum=    +10.84 v= +4.1552 top5=[a43=0.027, a15=0.026, a8=0.025, a17=0.024, a14=0.024]
  s=   33 a= 26(BUILD:BigSawmill) r= -0.3083 cum=    +10.53 v= +4.1383 top5=[a43=0.027, a15=0.026, a8=0.025, a17=0.024, a14=0.024]
  s=   34 a=  0(DAY) r= +0.1553 cum=    +10.68 v= +4.1364 top5=[a43=0.027, a15=0.026, a8=0.025, a17=0.024, a14=0.024]
  s=   35 a=  0(DAY) r= +0.1585 cum=    +10.84 v= +4.1614 top5=[a43=0.027, a15=0.026, a8=0.025, a17=0.024, a14=0.024]
  s=   36 a= 18(BUILD:CowFarm) r= -0.3078 cum=    +10.53 v= +4.1924 top5=[a43=0.027, a15=0.026, a8=0.025, a14=0.024, a17=0.024]
  s=   37 a= 39(MANAGER:5) r= -0.3314 cum=    +10.20 v= +4.2264 top5=[a43=0.027, a15=0.026, a8=0.025, a14=0.024, a17=0.024]
  s=   38 a= 27(BUILD:WaterMill) r= -0.3352 cum=     +9.87 v= +4.2590 top5=[a43=0.027, a15=0.026, a8=0.025, a14=0.024, a17=0.024]
  s=   39 a=  8(BUILD:Coalmine) r= -0.3322 cum=     +9.54 v= +4.2933 top5=[a43=0.027, a15=0.026, a8=0.025, a14=0.024, a17=0.024]
  s=   40 a= 24(BUILD:Hothouse) r= -2.8263 cum=     +6.71 v= +4.3356 top5=[a43=0.027, a15=0.026, a8=0.025, a14=0.024, a17=0.024]
  s=   41 a= 38(MANAGER:4) r= +1.6469 cum=     +8.36 v= +9.8974 top5=[a43=0.031, a8=0.030, a15=0.029, a11=0.027, a14=0.026]
  s=   42 a= 25(BUILD:SuperHouse) r= -0.3480 cum=     +8.01 v=+15.5937 top5=[a43=0.038, a8=0.037, a14=0.032, a11=0.032, a30=0.029]
  s=   43 a= 17(BUILD:HuntingLand) r= -0.3437 cum=     +7.66 v=+12.3451 top5=[a8=0.035, a43=0.034, a14=0.029, a11=0.029, a39=0.028]
  s=   44 a=  5(BUILD:House) r= -0.3483 cum=     +7.32 v=+10.9469 top5=[a8=0.034, a43=0.033, a14=0.028, a39=0.028, a11=0.028]
  s=   45 a= 17(BUILD:HuntingLand) r= -0.3529 cum=     +6.96 v=+10.1375 top5=[a8=0.033, a43=0.032, a14=0.027, a39=0.027, a11=0.027]
  s=   46 a= 35(MANAGER:1) r= -0.3482 cum=     +6.62 v= +9.5986 top5=[a8=0.032, a43=0.032, a39=0.027, a14=0.027, a11=0.027]
  s=   47 a=  2(BUILD:WaterChannel) r= -0.3632 cum=     +6.25 v= +9.2122 top5=[a8=0.032, a43=0.032, a39=0.027, a14=0.027, a15=0.027]
  s=   48 a=  8(BUILD:Coalmine) r= -0.3621 cum=     +5.89 v= +8.9192 top5=[a43=0.032, a8=0.031, a15=0.027, a39=0.027, a14=0.027]
  s=   49 a= 16(BUILD:CoalCut) r= -0.3728 cum=     +5.52 v= +8.6953 top5=[a43=0.032, a8=0.031, a15=0.027, a39=0.027, a14=0.026]
  s=   50 a= 30(BUILD:BigIronmine) r= -3.0658 cum=     +2.45 v= +8.5151 top5=[a43=0.031, a8=0.031, a15=0.027, a39=0.027, a14=0.026]
    state: year=0 month=4 season=0 money=266 credit=0 people=28 busy=0 free=28 home_places=50 need_workers=5 tax_due=0 main_tax_due=0 tax_amount=7214 main_tax_amount=0 days_alive=57 stage=0 res0=0 res1=400 res2=0 res3=0 res4=0 res5=0 res6=0 res7=0 res8=0 Farm=1 Garden=1 SmallHouse=1 AirStation=2 | nw=1531081.4182
  s=   51 a= 35(MANAGER:1) r= -0.3681 cum=     +2.08 v= +8.3647 top5=[a43=0.031, a8=0.031, a15=0.027, a39=0.026, a14=0.026]
  s=   52 a= 26(BUILD:BigSawmill) r= -0.3657 cum=     +1.72 v= +8.2291 top5=[a43=0.031, a8=0.031, a15=0.027, a39=0.026, a14=0.026]
  s=   53 a= 43(MANAGER:9) r= -0.3689 cum=     +1.35 v= +8.1103 top5=[a43=0.031, a8=0.030, a15=0.027, a39=0.026, a14=0.026]
  s=   54 a= 36(MANAGER:2) r= -0.3709 cum=     +0.98 v= +8.0053 top5=[a43=0.031, a8=0.030, a15=0.027, a39=0.026, a14=0.026]
  s=   55 a= 26(BUILD:BigSawmill) r= -0.3678 cum=     +0.61 v= +6.1484 top5=[a43=0.028, a8=0.028, a15=0.026, a11=0.025, a30=0.025]
  s=   56 a= 25(BUILD:SuperHouse) r= -0.3935 cum=     +0.22 v= +6.0612 top5=[a43=0.028, a8=0.028, a15=0.026, a11=0.025, a30=0.025]
  s=   57 a= 23(BUILD:Torchlight) r= -0.3836 cum=     -0.17 v= +5.9834 top5=[a43=0.028, a8=0.028, a15=0.026, a11=0.025, a30=0.025]
  s=   58 a=  2(BUILD:WaterChannel) r= -0.3836 cum=     -0.55 v= +5.9169 top5=[a43=0.028, a8=0.028, a15=0.026, a11=0.025, a30=0.025]
  s=   59 a= 15(BUILD:Fish) r= -0.4023 cum=     -0.95 v= +5.8607 top5=[a43=0.028, a8=0.028, a15=0.026, a30=0.025, a11=0.025]
  s=   60 a= 21(BUILD:BigFarm) r= -3.2580 cum=     -4.21 v= +5.8130 top5=[a43=0.028, a8=0.028, a15=0.026, a30=0.025, a11=0.025]
  s=   61 a= 21(BUILD:BigFarm) r= -0.3834 cum=     -4.59 v= +5.7706 top5=[a43=0.028, a8=0.028, a15=0.026, a30=0.025, a11=0.025]
  s=   62 a= 40(MANAGER:6) r= +0.3058 cum=     -4.29 v= +5.7345 top5=[a43=0.028, a8=0.028, a15=0.026, a30=0.025, a11=0.025]
  s=   63 a= 38(MANAGER:4) r= +1.8866 cum=     -2.40 v= +5.6942 top5=[a43=0.028, a8=0.028, a15=0.026, a30=0.025, a11=0.025]
  s=   64 a= 22(BUILD:Apiary) r= -0.3963 cum=     -2.80 v= +5.6107 top5=[a43=0.029, a8=0.028, a15=0.026, a30=0.025, a11=0.025]
  s=   65 a= 11(BUILD:Goldmine) r= -0.3914 cum=     -3.19 v= +5.5872 top5=[a43=0.029, a8=0.027, a15=0.026, a30=0.025, a39=0.025]
  s=   66 a= 17(BUILD:HuntingLand) r= -0.3942 cum=     -3.58 v= +5.5705 top5=[a43=0.028, a8=0.027, a15=0.026, a30=0.025, a39=0.025]
  s=   67 a= 40(MANAGER:6) r= -0.3970 cum=     -3.98 v= +5.5881 top5=[a43=0.029, a8=0.028, a15=0.026, a30=0.025, a39=0.025]
  s=   68 a= 22(BUILD:Apiary) r= -0.4010 cum=     -4.38 v= +5.6090 top5=[a43=0.029, a8=0.028, a15=0.026, a30=0.025, a39=0.025]
  s=   69 a= 44(MANAGER:10) r= +0.4875 cum=     -3.89 v= +5.6343 top5=[a43=0.029, a8=0.028, a15=0.026, a30=0.025, a39=0.025]
  s=   70 a= 27(BUILD:WaterMill) r= -3.3586 cum=     -7.25 v= +5.6652 top5=[a43=0.029, a8=0.028, a15=0.026, a30=0.025, a39=0.025]
  s=   71 a= 30(BUILD:BigIronmine) r= -0.3953 cum=     -7.65 v= +5.6984 top5=[a43=0.029, a8=0.028, a15=0.026, a30=0.025, a39=0.025]
  s=   72 a= 10(BUILD:Refinery) r= -0.4068 cum=     -8.05 v= +5.7358 top5=[a43=0.029, a8=0.028, a15=0.026, a30=0.025, a39=0.025]
  s=   73 a=  9(BUILD:Ironmine) r= -0.4027 cum=     -8.46 v= +5.7753 top5=[a43=0.029, a8=0.028, a15=0.026, a39=0.025, a30=0.025]
  s=   74 a= 23(BUILD:Torchlight) r= -0.4184 cum=     -8.88 v= +5.8163 top5=[a43=0.029, a8=0.028, a15=0.026, a39=0.025, a30=0.025]
  s=   75 a= 29(BUILD:Puerperal) r= -0.4160 cum=     -9.29 v= +5.8554 top5=[a43=0.029, a8=0.028, a15=0.026, a39=0.025, a30=0.025]
  s=   76 a= 37(MANAGER:3) r= -6.0053 cum=    -15.30 v= +5.8939 top5=[a43=0.029, a8=0.028, a15=0.026, a39=0.025, a30=0.025]
  s=   77 a= 22(BUILD:Apiary) r= -0.3795 cum=    -15.68 v= +6.0133 top5=[a43=0.028, a8=0.028, a15=0.026, a30=0.026, a14=0.025]
  s=   78 a=  7(BUILD:Sawmill) r= -0.3819 cum=    -16.06 v= +6.0540 top5=[a43=0.028, a8=0.028, a15=0.026, a30=0.026, a14=0.025]
  s=   79 a= 10(BUILD:Refinery) r= -0.3997 cum=    -16.46 v= +6.0931 top5=[a43=0.028, a8=0.028, a15=0.026, a30=0.026, a14=0.025]
  s=   80 a= 42(MANAGER:8) r= -3.1118 cum=    -19.57 v= +6.1310 top5=[a43=0.029, a8=0.028, a15=0.026, a30=0.026, a14=0.025]
  s=   81 a=  5(BUILD:House) r= -0.8155 cum=    -20.39 v= +8.8392 top5=[a43=0.035, a15=0.029, a11=0.028, a30=0.028, a25=0.027]
  s=   82 a=  4(BUILD:Garden) r= -0.8201 cum=    -21.21 v= +8.6806 top5=[a43=0.035, a15=0.029, a11=0.028, a30=0.028, a25=0.027]
  s=   83 a=  1(WEEK) r= -1.2045 cum=    -22.41 v= +8.5396 top5=[a43=0.035, a15=0.029, a11=0.028, a30=0.028, a25=0.027]
  s=   84 a= 27(BUILD:WaterMill) r= -0.8163 cum=    -23.23 v=+16.3181 top5=[a11=0.079, a43=0.068, a24=0.052, a34=0.049, a15=0.046]
  s=   85 a= 10(BUILD:Refinery) r= -0.8287 cum=    -24.06 v=+12.5858 top5=[a11=0.065, a24=0.053, a43=0.049, a27=0.041, a14=0.038]
  s=   86 a= 38(MANAGER:4) r= -0.8332 cum=    -24.89 v=+12.4647 top5=[a11=0.053, a43=0.046, a24=0.046, a27=0.037, a14=0.036]
  s=   87 a= 30(BUILD:BigIronmine) r= -0.8377 cum=    -25.73 v=+11.9484 top5=[a11=0.046, a43=0.044, a24=0.043, a14=0.035, a27=0.034]
  s=   88 a= 22(BUILD:Apiary) r= +5.8635 cum=    -19.86 v=+11.4787 top5=[a11=0.043, a43=0.042, a24=0.041, a14=0.033, a27=0.032]
  s=   89 a=  4(BUILD:Garden) r= -0.7952 cum=    -20.66 v=+10.7499 top5=[a11=0.040, a43=0.040, a24=0.038, a14=0.032, a27=0.031]
  s=   90 a=  0(DAY) r= -0.2452 cum=    -20.90 v=+10.2295 top5=[a43=0.039, a11=0.038, a24=0.036, a14=0.031, a25=0.030]
  s=   91 a=  9(BUILD:Ironmine) r= +0.3104 cum=    -20.59 v= +9.7964 top5=[a43=0.039, a11=0.037, a24=0.035, a39=0.030, a25=0.030]
  s=   92 a= 12(BUILD:PowerStation) r= +0.5692 cum=    -20.02 v= +9.4187 top5=[a43=0.038, a11=0.036, a24=0.034, a39=0.031, a25=0.030]
  s=   93 a= 23(BUILD:Torchlight) r= -0.8148 cum=    -20.84 v= +9.1708 top5=[a43=0.038, a11=0.034, a24=0.034, a39=0.030, a19=0.029]
  s=   94 a= 41(MANAGER:7) r= -0.8189 cum=    -21.66 v= +8.9016 top5=[a43=0.038, a11=0.033, a24=0.033, a39=0.031, a19=0.029]
  s=   95 a=  9(BUILD:Ironmine) r= -0.8230 cum=    -22.48 v= +8.6600 top5=[a43=0.037, a11=0.033, a24=0.032, a39=0.031, a19=0.029]
  s=   96 a= 39(MANAGER:5) r= +1.4536 cum=    -21.03 v= +8.4440 top5=[a43=0.037, a11=0.032, a39=0.031, a24=0.031, a19=0.029]
  s=   97 a= 23(BUILD:Torchlight) r= -0.8277 cum=    -21.85 v= +8.2742 top5=[a43=0.036, a11=0.032, a24=0.032, a39=0.031, a19=0.030]
  s=   98 a= 32(BUILD:SmallAtomStation) r= -0.8345 cum=    -22.69 v= +8.0885 top5=[a43=0.036, a11=0.032, a39=0.031, a24=0.031, a19=0.030]
  s=   99 a= 30(BUILD:BigIronmine) r= -0.8384 cum=    -23.53 v= +8.1108 top5=[a43=0.035, a39=0.032, a11=0.032, a24=0.031, a19=0.029]
  s=  100 a= 27(BUILD:WaterMill) r= -0.8423 cum=    -24.37 v= +7.9745 top5=[a43=0.035, a39=0.032, a11=0.032, a24=0.030, a19=0.029]
    state: year=0 month=6 season=1 money=40871 credit=52342 people=28 busy=0 free=28 home_places=50 need_workers=7 tax_due=0 main_tax_due=0 tax_amount=7222 main_tax_amount=0 days_alive=109 stage=0 res0=0 res1=400 res2=0 res3=0 res4=0 res5=0 res6=0 res7=0 res8=0 Farm=1 Garden=1 Road=1 Apiary=1 AirStation=2 | nw=1522473.8639
  s=  101 a= 35(MANAGER:1) r= -2.7709 cum=    -27.14 v= +7.8464 top5=[a43=0.035, a39=0.033, a11=0.031, a24=0.030, a19=0.029]
  s=  102 a= 11(BUILD:Goldmine) r= -0.8419 cum=    -27.98 v= +7.7261 top5=[a43=0.035, a39=0.033, a11=0.031, a24=0.029, a19=0.029]
  s=  103 a= 24(BUILD:Hothouse) r= +5.7968 cum=    -22.19 v= +7.5745 top5=[a43=0.035, a39=0.033, a11=0.031, a24=0.029, a19=0.029]
  s=  104 a= 14(BUILD:Road) r= +0.2455 cum=    -21.94 v= +7.7644 top5=[a43=0.035, a39=0.034, a19=0.030, a6=0.029, a11=0.029]
  s=  105 a=  4(BUILD:Garden) r= -0.8036 cum=    -22.74 v= +7.8977 top5=[a43=0.037, a39=0.035, a19=0.030, a41=0.029, a6=0.028]
  s=  106 a= 30(BUILD:BigIronmine) r= -0.8148 cum=    -23.56 v= +7.7724 top5=[a43=0.037, a39=0.035, a19=0.030, a41=0.028, a6=0.028]
  s=  107 a= 35(MANAGER:1) r= -0.8109 cum=    -24.37 v= +7.6182 top5=[a43=0.037, a39=0.036, a19=0.030, a6=0.028, a41=0.028]
  s=  108 a= 11(BUILD:Goldmine) r= -0.8249 cum=    -25.19 v= +7.4529 top5=[a43=0.037, a39=0.036, a19=0.030, a6=0.028, a41=0.028]
  s=  109 a= 13(BUILD:HydroStation) r= +5.6274 cum=    -19.57 v= +7.2970 top5=[a43=0.037, a39=0.036, a19=0.030, a6=0.028, a41=0.028]
  s=  110 a= 38(MANAGER:4) r= +1.3640 cum=    -18.20 v= +7.3198 top5=[a43=0.039, a39=0.037, a19=0.031, a41=0.029, a6=0.028]
  s=  111 a=  2(BUILD:WaterChannel) r= -0.7963 cum=    -19.00 v= +6.8971 top5=[a43=0.042, a39=0.037, a19=0.031, a41=0.030, a25=0.028]
  s=  112 a= 25(BUILD:SuperHouse) r= -0.8038 cum=    -19.80 v= +7.0197 top5=[a43=0.040, a39=0.038, a19=0.030, a41=0.030, a25=0.029]
  s=  113 a= 11(BUILD:Goldmine) r= -0.8205 cum=    -20.62 v= +7.4232 top5=[a39=0.040, a43=0.038, a25=0.029, a41=0.029, a6=0.029]
  s=  114 a= 11(BUILD:Goldmine) r= -0.8239 cum=    -21.45 v= +6.8918 top5=[a39=0.033, a43=0.032, a34=0.028, a6=0.028, a41=0.027]
  s=  115 a=  7(BUILD:Sawmill) r= -0.8252 cum=    -22.27 v= +6.8595 top5=[a39=0.033, a43=0.032, a34=0.028, a6=0.028, a41=0.027]
  s=  116 a=  9(BUILD:Ironmine) r= -0.8232 cum=    -23.10 v= +6.8270 top5=[a39=0.033, a43=0.032, a34=0.028, a6=0.028, a41=0.027]
  s=  117 a= 16(BUILD:CoalCut) r= -0.8368 cum=    -23.93 v= +6.7926 top5=[a39=0.033, a43=0.032, a6=0.028, a34=0.028, a41=0.027]
  s=  118 a= 14(BUILD:Road) r= -3.6148 cum=    -27.55 v= +6.7583 top5=[a39=0.034, a43=0.032, a6=0.028, a34=0.027, a41=0.027]
  s=  119 a= 39(MANAGER:5) r= +1.3702 cum=    -26.18 v= +6.7102 top5=[a39=0.034, a43=0.033, a6=0.028, a34=0.027, a41=0.027]
  s=  120 a=  5(BUILD:House) r= -0.8328 cum=    -27.01 v= -8.7271 top5=[a32=0.037, a24=0.034, a43=0.033, a28=0.032, a44=0.029]
  s=  121 a= 44(MANAGER:10) r= -0.0074 cum=    -27.02 v= -4.5377 top5=[a43=0.034, a32=0.033, a24=0.030, a44=0.028, a39=0.028]
  s=  122 a= 12(BUILD:PowerStation) r= +0.5200 cum=    -26.50 v= -1.9753 top5=[a43=0.034, a32=0.031, a39=0.029, a44=0.028, a24=0.028]
  s=  123 a= 44(MANAGER:10) r= -0.0121 cum=    -26.51 v= -0.1927 top5=[a43=0.035, a39=0.030, a32=0.030, a44=0.028, a9=0.027]
  s=  124 a= 19(BUILD:Mushroom) r= -0.8493 cum=    -27.36 v= +0.7196 top5=[a43=0.035, a39=0.030, a32=0.029, a44=0.027, a9=0.027]
  s=  125 a= 19(BUILD:Mushroom) r= -0.8449 cum=    -28.20 v= +1.3049 top5=[a43=0.035, a39=0.031, a32=0.028, a44=0.027, a9=0.027]
  s=  126 a= 11(BUILD:Goldmine) r= -0.8586 cum=    -29.06 v= +1.6550 top5=[a43=0.035, a39=0.031, a32=0.028, a41=0.027, a44=0.027]
  s=  127 a= 16(BUILD:CoalCut) r= -0.8597 cum=    -29.92 v= +1.8848 top5=[a43=0.035, a39=0.032, a32=0.027, a41=0.027, a44=0.027]
  s=  128 a= 27(BUILD:WaterMill) r= -0.8596 cum=    -30.78 v= +2.0586 top5=[a43=0.035, a39=0.032, a32=0.027, a41=0.027, a44=0.027]
  s=  129 a= 43(MANAGER:9) r= -0.8605 cum=    -31.64 v= +2.1668 top5=[a43=0.035, a39=0.033, a32=0.027, a41=0.026, a44=0.026]
  s=  130 a= 32(BUILD:SmallAtomStation) r= -0.8637 cum=    -32.51 v= +2.2655 top5=[a43=0.035, a39=0.033, a32=0.027, a41=0.026, a44=0.026]
  s=  131 a= 15(BUILD:Fish) r= -3.7338 cum=    -36.24 v= +2.3448 top5=[a43=0.035, a39=0.033, a32=0.027, a41=0.027, a44=0.026]
  s=  132 a= 12(BUILD:PowerStation) r= +0.5498 cum=    -35.69 v= +2.4068 top5=[a43=0.035, a39=0.033, a41=0.027, a32=0.027, a44=0.026]
  s=  133 a= 28(BUILD:BigRefinary) r= -0.8820 cum=    -36.57 v= +2.8385 top5=[a43=0.036, a39=0.034, a41=0.027, a44=0.026, a9=0.026]
  s=  134 a= 30(BUILD:BigIronmine) r= -0.8852 cum=    -37.46 v= +1.0690 top5=[a11=0.040, a39=0.037, a12=0.037, a43=0.037, a14=0.033]
  s=  135 a= 39(MANAGER:5) r= +5.7041 cum=    -31.75 v= +1.8354 top5=[a39=0.038, a11=0.037, a43=0.036, a12=0.034, a34=0.031]
  s=  136 a=  2(BUILD:WaterChannel) r= -0.8575 cum=    -32.61 v= +3.3408 top5=[a39=0.039, a43=0.037, a11=0.035, a12=0.032, a34=0.030]
  s=  137 a= 28(BUILD:BigRefinary) r= -0.8653 cum=    -33.48 v= +3.7644 top5=[a39=0.040, a43=0.038, a11=0.033, a12=0.030, a34=0.030]
  s=  138 a=  7(BUILD:Sawmill) r= -0.8683 cum=    -34.34 v= +3.9214 top5=[a39=0.040, a43=0.038, a11=0.032, a34=0.029, a12=0.029]
  s=  139 a= 20(BUILD:BigHouse) r= -0.8714 cum=    -35.22 v= +3.8679 top5=[a39=0.041, a43=0.037, a11=0.032, a12=0.029, a34=0.029]
  s=  140 a=  6(BUILD:SmallHouse) r= -0.8772 cum=    -36.09 v= +3.8421 top5=[a39=0.041, a43=0.037, a11=0.032, a34=0.029, a12=0.028]
  s=  141 a=  5(BUILD:House) r= -3.6725 cum=    -39.77 v= +3.7961 top5=[a39=0.041, a43=0.037, a11=0.031, a34=0.028, a24=0.028]
  s=  142 a=  8(BUILD:Coalmine) r= -0.8726 cum=    -40.64 v= +3.7371 top5=[a39=0.041, a43=0.037, a11=0.031, a34=0.028, a24=0.028]
  s=  143 a= 34(MANAGER:0) r= -0.8702 cum=    -41.51 v= +3.6819 top5=[a39=0.041, a43=0.036, a11=0.031, a34=0.028, a24=0.028]
  s=  144 a= 33(BUILD:AtomStation) r= -0.8814 cum=    -42.39 v= +3.6242 top5=[a39=0.041, a43=0.036, a11=0.031, a34=0.028, a25=0.028]
  s=  145 a= 39(MANAGER:5) r= -0.8844 cum=    -43.27 v= +3.4225 top5=[a39=0.033, a12=0.031, a43=0.030, a9=0.028, a11=0.028]
  s=  146 a= 27(BUILD:WaterMill) r= -0.8821 cum=    -44.16 v= +3.4652 top5=[a39=0.033, a12=0.030, a43=0.030, a9=0.028, a34=0.028]
  s=  147 a= 19(BUILD:Mushroom) r= -0.8806 cum=    -45.04 v= +3.4999 top5=[a39=0.033, a43=0.030, a12=0.030, a34=0.028, a11=0.028]
  s=  148 a= 24(BUILD:Hothouse) r= -0.8879 cum=    -45.92 v= +3.5342 top5=[a39=0.033, a43=0.030, a12=0.030, a34=0.028, a11=0.028]
  s=  149 a= 24(BUILD:Hothouse) r= -0.8992 cum=    -46.82 v= +3.5709 top5=[a39=0.033, a43=0.031, a12=0.030, a34=0.028, a11=0.028]
  s=  150 a= 34(MANAGER:0) r= -0.9000 cum=    -47.72 v= +3.6115 top5=[a39=0.033, a43=0.031, a12=0.029, a34=0.028, a11=0.028]
    state: year=0 month=8 season=1 money=3177 credit=57815 people=28 busy=0 free=28 home_places=70 need_workers=16 tax_due=0 main_tax_due=0 tax_amount=8482 main_tax_amount=0 days_alive=159 stage=0 res0=0 res1=400 res2=0 res3=0 res4=0 res5=0 res6=0 res7=0 res8=0 Farm=1 Garden=1 Road=3 House=1 SmallHouse=1 Apiary=1 Hothouse=1 AirStation=2 | nw=1516124.0250
  s=  151 a=  3(BUILD:Farm) r= -3.7480 cum=    -51.47 v= +3.6483 top5=[a39=0.034, a43=0.031, a12=0.029, a34=0.028, a11=0.028]
  s=  152 a= 30(BUILD:BigIronmine) r= -0.8973 cum=    -52.37 v= +3.6498 top5=[a39=0.034, a43=0.031, a12=0.029, a34=0.028, a11=0.028]
  s=  153 a= 32(BUILD:SmallAtomStation) r= -0.9031 cum=    -53.27 v= +3.6182 top5=[a39=0.034, a43=0.031, a12=0.029, a34=0.028, a11=0.028]
  s=  154 a= 40(MANAGER:6) r= -0.2135 cum=    -53.49 v= +3.5675 top5=[a39=0.034, a43=0.031, a12=0.028, a34=0.028, a11=0.028]
  s=  155 a= 12(BUILD:PowerStation) r= +0.4895 cum=    -53.00 v= +3.5181 top5=[a39=0.034, a43=0.031, a12=0.028, a11=0.028, a34=0.028]
  s=  156 a= 44(MANAGER:10) r= -0.0568 cum=    -53.05 v= +1.8594 top5=[a43=0.035, a12=0.032, a34=0.032, a39=0.030, a9=0.029]
  s=  157 a= 18(BUILD:CowFarm) r= -0.9178 cum=    -53.97 v= +2.0602 top5=[a43=0.035, a12=0.031, a34=0.031, a39=0.030, a9=0.029]
  s=  158 a= 18(BUILD:CowFarm) r= -0.9207 cum=    -54.89 v= +2.1108 top5=[a43=0.035, a39=0.031, a12=0.031, a34=0.030, a9=0.028]
  s=  159 a= 16(BUILD:CoalCut) r= -0.9236 cum=    -55.81 v= +2.1314 top5=[a43=0.035, a39=0.032, a12=0.030, a34=0.029, a9=0.028]
  s=  160 a= 24(BUILD:Hothouse) r= -0.9216 cum=    -56.74 v= +2.1396 top5=[a43=0.035, a39=0.032, a12=0.030, a34=0.029, a41=0.028]
  s=  161 a= 34(MANAGER:0) r= -0.9272 cum=    -57.66 v= +2.1406 top5=[a43=0.035, a39=0.032, a12=0.029, a34=0.028, a41=0.028]
  s=  162 a= 18(BUILD:CowFarm) r= -0.9329 cum=    -58.60 v= +1.9100 top5=[a43=0.034, a39=0.033, a12=0.029, a34=0.028, a9=0.028]
  s=  163 a= 11(BUILD:Goldmine) r= -0.9364 cum=    -59.53 v= +1.9149 top5=[a43=0.034, a39=0.033, a12=0.029, a9=0.028, a34=0.028]
  s=  164 a= 12(BUILD:PowerStation) r= +0.4941 cum=    -59.04 v= +1.9016 top5=[a43=0.034, a39=0.034, a12=0.028, a9=0.028, a34=0.028]
  s=  165 a= 29(BUILD:Puerperal) r= -0.9433 cum=    -59.98 v= +2.2498 top5=[a43=0.036, a39=0.034, a12=0.028, a34=0.028, a41=0.027]
  s=  166 a= 13(BUILD:HydroStation) r= -0.9491 cum=    -60.93 v= +2.1787 top5=[a43=0.036, a39=0.034, a12=0.028, a34=0.028, a41=0.027]
  s=  167 a= 32(BUILD:SmallAtomStation) r= -0.9519 cum=    -61.88 v= +2.1016 top5=[a43=0.036, a39=0.034, a34=0.028, a12=0.027, a41=0.027]
  s=  168 a=  7(BUILD:Sawmill) r= -0.9547 cum=    -62.84 v= +2.0412 top5=[a43=0.036, a39=0.035, a34=0.027, a12=0.027, a41=0.027]
  s=  169 a= 36(MANAGER:2) r= +1.6013 cum=    -61.24 v= +1.9976 top5=[a43=0.036, a39=0.035, a34=0.027, a12=0.027, a41=0.027]
  s=  170 a=  8(BUILD:Coalmine) r= -0.9599 cum=    -62.20 v= +1.9150 top5=[a43=0.036, a39=0.035, a34=0.027, a41=0.027, a12=0.027]
  s=  171 a= 29(BUILD:Puerperal) r= -0.9611 cum=    -63.16 v= +1.6571 top5=[a43=0.035, a39=0.035, a34=0.027, a9=0.027, a25=0.027]
  s=  172 a= 14(BUILD:Road) r= -0.9574 cum=    -64.11 v= +1.6028 top5=[a43=0.036, a39=0.036, a25=0.027, a34=0.027, a9=0.027]
  s=  173 a=  0(DAY) r= -3.3391 cum=    -67.45 v= +1.5535 top5=[a39=0.036, a43=0.036, a25=0.028, a34=0.027, a9=0.027]
  s=  174 a=  2(BUILD:WaterChannel) r= -0.9658 cum=    -68.42 v= +1.5040 top5=[a39=0.036, a43=0.036, a25=0.028, a34=0.027, a9=0.027]
  s=  175 a= 20(BUILD:BigHouse) r= -0.9686 cum=    -69.39 v= +1.4604 top5=[a39=0.036, a43=0.036, a25=0.028, a34=0.027, a9=0.027]
  s=  176 a= 35(MANAGER:1) r= +5.9355 cum=    -63.45 v= -7.4618 top5=[a32=0.064, a15=0.047, a34=0.039, a6=0.036, a11=0.036]
  s=  177 a= 10(BUILD:Refinery) r= -0.6500 cum=    -64.10 v= -7.2656 top5=[a32=0.061, a15=0.045, a34=0.040, a11=0.035, a6=0.035]
  s=  178 a= 36(MANAGER:2) r= +0.0896 cum=    -64.01 v= -6.8049 top5=[a32=0.054, a15=0.040, a34=0.040, a12=0.035, a11=0.034]
  s=  179 a= 21(BUILD:BigFarm) r= -0.6469 cum=    -64.66 v= -6.2755 top5=[a32=0.051, a34=0.039, a15=0.037, a12=0.035, a11=0.033]
  s=  180 a= 21(BUILD:BigFarm) r= -0.6634 cum=    -65.32 v= -6.0004 top5=[a32=0.049, a34=0.039, a12=0.036, a15=0.035, a27=0.032]
  s=  181 a= 42(MANAGER:8) r= -0.5187 cum=    -65.84 v= -5.7467 top5=[a32=0.047, a34=0.038, a12=0.037, a15=0.033, a27=0.032]
  s=  182 a=  2(BUILD:WaterChannel) r= +2.8435 cum=    -63.00 v=-10.2115 top5=[a32=0.044, a12=0.042, a34=0.033, a11=0.032, a15=0.031]
  s=  183 a= 22(BUILD:Apiary) r= +1.7955 cum=    -61.20 v= -8.7827 top5=[a32=0.045, a12=0.042, a34=0.034, a11=0.034, a27=0.032]
  s=  184 a= 30(BUILD:BigIronmine) r= -1.0953 cum=    -62.30 v= -8.0082 top5=[a12=0.042, a32=0.041, a34=0.034, a27=0.033, a11=0.032]
  s=  185 a= 20(BUILD:BigHouse) r= -1.1050 cum=    -63.40 v= -7.8385 top5=[a12=0.042, a32=0.040, a34=0.033, a27=0.033, a43=0.032]
  s=  186 a= 31(BUILD:AirStation) r= -1.0979 cum=    -64.50 v= -7.6687 top5=[a12=0.041, a32=0.040, a27=0.033, a34=0.033, a43=0.032]
  s=  187 a= 14(BUILD:Road) r= -0.0009 cum=    -64.50 v= -7.5240 top5=[a12=0.041, a32=0.039, a27=0.033, a34=0.033, a43=0.032]
  s=  188 a= 37(MANAGER:3) r= -5.8138 cum=    -70.32 v= -7.7945 top5=[a12=0.041, a32=0.038, a43=0.033, a27=0.033, a34=0.032]
  s=  189 a= 33(BUILD:AtomStation) r= -1.0714 cum=    -71.39 v= -7.7095 top5=[a12=0.044, a32=0.035, a11=0.034, a34=0.033, a6=0.032]
  s=  190 a= 42(MANAGER:8) r= -1.0774 cum=    -72.46 v= -7.6713 top5=[a12=0.043, a32=0.035, a11=0.033, a34=0.033, a43=0.032]
  s=  191 a=  7(BUILD:Sawmill) r= +0.0632 cum=    -72.40 v= -7.6253 top5=[a12=0.043, a32=0.035, a11=0.033, a34=0.032, a43=0.032]
  s=  192 a= 43(MANAGER:9) r= -1.0943 cum=    -73.50 v= -7.5635 top5=[a12=0.042, a32=0.034, a43=0.032, a11=0.032, a34=0.031]
  s=  193 a= 11(BUILD:Goldmine) r= -1.0935 cum=    -74.59 v= -7.5226 top5=[a12=0.042, a32=0.034, a43=0.033, a11=0.032, a27=0.031]
  s=  194 a= 11(BUILD:Goldmine) r= -0.5207 cum=    -75.11 v= -7.5140 top5=[a12=0.042, a32=0.034, a43=0.033, a27=0.031, a11=0.031]
  s=  195 a=  9(BUILD:Ironmine) r= -1.1084 cum=    -76.22 v= -7.4057 top5=[a12=0.042, a32=0.034, a43=0.033, a11=0.032, a27=0.031]
  s=  196 a= 41(MANAGER:7) r= -5.7702 cum=    -81.99 v= -7.1030 top5=[a12=0.042, a32=0.034, a43=0.034, a11=0.031, a27=0.031]
  s=  197 a= 17(BUILD:HuntingLand) r= -1.0888 cum=    -83.08 v= -7.1384 top5=[a12=0.041, a32=0.034, a43=0.034, a27=0.031, a44=0.030]
  s=  198 a=  9(BUILD:Ironmine) r= -1.0931 cum=    -84.17 v= -7.0562 top5=[a12=0.041, a43=0.034, a32=0.034, a27=0.031, a44=0.031]
  s=  199 a= 39(MANAGER:5) r= -1.1002 cum=    -85.27 v= -6.9618 top5=[a12=0.040, a43=0.035, a32=0.034, a27=0.031, a44=0.031]
  s=  200 a= 35(MANAGER:1) r= -1.1133 cum=    -86.38 v= -6.8522 top5=[a12=0.040, a43=0.035, a32=0.033, a27=0.031, a44=0.031]
    state: year=0 month=9 season=2 money=16566 credit=115902 people=28 busy=2 free=26 home_places=130 need_workers=13 tax_due=0 main_tax_due=0 tax_amount=9330 main_tax_amount=0 days_alive=209 stage=0 res0=0 res1=400 res2=0 res3=0 res4=0 res5=0 res6=0 res7=0 res8=50 Farm=2 Garden=1 Road=5 House=1 SmallHouse=2 Apiary=1 Hothouse=1 AirStation=2 | nw=1500678.3546
  s=  201 a= 41(MANAGER:7) r= -1.1037 cum=    -87.49 v= -6.7358 top5=[a12=0.039, a43=0.035, a32=0.033, a44=0.031, a27=0.031]
  s=  202 a= 34(MANAGER:0) r= -1.1178 cum=    -88.61 v= -6.6141 top5=[a12=0.039, a43=0.036, a32=0.033, a44=0.031, a27=0.031]
  s=  203 a= 11(BUILD:Goldmine) r= -1.1138 cum=    -89.72 v= -6.5116 top5=[a12=0.038, a43=0.036, a32=0.033, a44=0.031, a27=0.031]
  s=  204 a=  7(BUILD:Sawmill) r= -1.1210 cum=    -90.84 v= -6.4174 top5=[a12=0.038, a43=0.036, a32=0.033, a44=0.031, a27=0.031]
  s=  205 a= 14(BUILD:Road) r= -0.0330 cum=    -90.87 v= -6.3244 top5=[a12=0.037, a43=0.036, a32=0.032, a44=0.031, a27=0.030]
  s=  206 a= 25(BUILD:SuperHouse) r= -1.1301 cum=    -92.00 v= -8.2178 top5=[a12=0.046, a32=0.034, a44=0.033, a43=0.030, a34=0.030]
  s=  207 a= 26(BUILD:BigSawmill) r= -1.1178 cum=    -93.12 v= -8.0406 top5=[a12=0.046, a32=0.034, a44=0.033, a43=0.030, a34=0.030]
  s=  208 a= 24(BUILD:Hothouse) r= -1.1549 cum=    -94.28 v= -8.0348 top5=[a12=0.046, a32=0.035, a44=0.033, a43=0.030, a34=0.030]
  s=  209 a= 33(BUILD:AtomStation) r= -1.1508 cum=    -95.43 v= -7.5489 top5=[a12=0.045, a32=0.040, a43=0.032, a27=0.030, a44=0.029]
  s=  210 a= 18(BUILD:CowFarm) r= -1.1747 cum=    -96.60 v= -7.4281 top5=[a12=0.044, a32=0.039, a43=0.032, a27=0.030, a44=0.028]
  s=  211 a=  7(BUILD:Sawmill) r= -1.1428 cum=    -97.74 v= -7.3120 top5=[a12=0.044, a32=0.039, a43=0.032, a27=0.030, a44=0.028]
  s=  212 a= 28(BUILD:BigRefinary) r= -1.1704 cum=    -98.91 v= -7.1982 top5=[a12=0.043, a32=0.039, a43=0.032, a27=0.031, a44=0.028]
  s=  213 a= 23(BUILD:Torchlight) r= -1.1888 cum=   -100.10 v= -7.2577 top5=[a12=0.045, a32=0.040, a43=0.032, a27=0.030, a44=0.029]
  s=  214 a= 35(MANAGER:1) r= -3.4871 cum=   -103.59 v= -6.7100 top5=[a12=0.045, a32=0.040, a43=0.033, a27=0.030, a44=0.029]
  s=  215 a= 15(BUILD:Fish) r= -1.1815 cum=   -104.77 v= -6.5845 top5=[a12=0.044, a32=0.040, a43=0.033, a27=0.030, a44=0.029]
  s=  216 a= 18(BUILD:CowFarm) r= -1.1844 cum=   -105.96 v= -6.4589 top5=[a12=0.044, a32=0.040, a43=0.033, a27=0.030, a44=0.029]
  s=  217 a= 40(MANAGER:6) r= -0.4664 cum=   -106.42 v= -6.3356 top5=[a12=0.043, a32=0.040, a43=0.034, a27=0.030, a44=0.029]
  s=  218 a= 18(BUILD:CowFarm) r= -1.1881 cum=   -107.61 v= -6.2221 top5=[a12=0.043, a32=0.040, a43=0.034, a27=0.030, a39=0.029]
  s=  219 a= 32(BUILD:SmallAtomStation) r= -1.1783 cum=   -108.79 v= -6.1171 top5=[a12=0.042, a32=0.040, a43=0.034, a27=0.030, a39=0.029]
  s=  220 a=  5(BUILD:House) r= -1.2012 cum=   -109.99 v= -5.9575 top5=[a12=0.044, a32=0.039, a43=0.033, a44=0.031, a39=0.031]
  s=  221 a= 25(BUILD:SuperHouse) r= -1.2265 cum=   -111.22 v= -6.1554 top5=[a12=0.045, a32=0.041, a43=0.033, a39=0.032, a44=0.030]
  s=  222 a= 38(MANAGER:4) r= +1.1420 cum=   -110.08 v= -6.0600 top5=[a12=0.045, a32=0.040, a43=0.033, a39=0.032, a44=0.030]
  s=  223 a= 13(BUILD:HydroStation) r= -1.2269 cum=   -111.30 v= -6.3368 top5=[a12=0.046, a32=0.035, a43=0.035, a44=0.033, a39=0.031]
  s=  224 a=  1(WEEK) r= -5.9116 cum=   -117.21 v= -6.1756 top5=[a12=0.046, a32=0.035, a43=0.035, a44=0.033, a39=0.031]
  s=  225 a=  0(DAY) r= -0.6355 cum=   -117.85 v= -5.8324 top5=[a12=0.043, a43=0.037, a32=0.034, a39=0.033, a44=0.033]
  s=  226 a= 12(BUILD:PowerStation) r= +0.2103 cum=   -117.64 v= -5.6390 top5=[a12=0.042, a43=0.037, a32=0.034, a39=0.033, a44=0.033]
  s=  227 a= 25(BUILD:SuperHouse) r= -1.2337 cum=   -118.87 v= -5.4947 top5=[a12=0.040, a43=0.038, a32=0.034, a39=0.032, a44=0.032]
  s=  228 a= 23(BUILD:Torchlight) r= -1.2366 cum=   -120.11 v= -5.3476 top5=[a12=0.040, a43=0.038, a32=0.033, a39=0.032, a44=0.032]
  s=  229 a= 29(BUILD:Puerperal) r= -1.2312 cum=   -121.34 v= -5.2064 top5=[a12=0.039, a43=0.038, a32=0.033, a39=0.032, a44=0.032]
  s=  230 a= 14(BUILD:Road) r= -0.1243 cum=   -121.46 v= -5.0744 top5=[a12=0.039, a43=0.038, a32=0.033, a39=0.032, a44=0.031]
  s=  231 a= 20(BUILD:BigHouse) r= -1.2493 cum=   -122.71 v= -6.9717 top5=[a12=0.046, a32=0.034, a44=0.033, a43=0.032, a34=0.030]
  s=  232 a= 21(BUILD:BigFarm) r= -1.2450 cum=   -123.96 v= -6.7832 top5=[a12=0.046, a32=0.034, a44=0.033, a43=0.033, a34=0.030]
  s=  233 a= 22(BUILD:Apiary) r= -1.2581 cum=   -125.22 v= -6.8382 top5=[a12=0.048, a32=0.034, a44=0.034, a43=0.033, a34=0.030]
  s=  234 a= 18(BUILD:CowFarm) r= -1.2538 cum=   -126.47 v= -6.6582 top5=[a12=0.047, a32=0.034, a44=0.033, a43=0.033, a34=0.030]
  s=  235 a= 12(BUILD:PowerStation) r= +1.9675 cum=   -124.50 v= -6.4881 top5=[a12=0.047, a32=0.034, a44=0.033, a43=0.033, a34=0.030]
  s=  236 a= 41(MANAGER:7) r= -1.2651 cum=   -125.77 v= -6.3197 top5=[a12=0.044, a43=0.034, a32=0.034, a44=0.032, a34=0.030]
  s=  237 a= 28(BUILD:BigRefinary) r= -1.2574 cum=   -127.03 v= -6.1915 top5=[a12=0.044, a43=0.034, a32=0.034, a44=0.032, a34=0.030]
  s=  238 a=  1(WEEK) r= -5.9081 cum=   -132.93 v= -6.2491 top5=[a12=0.046, a43=0.034, a32=0.033, a44=0.032, a34=0.030]
  s=  239 a= 36(MANAGER:2) r= +0.9793 cum=   -131.95 v= -5.7874 top5=[a12=0.046, a43=0.036, a32=0.034, a44=0.032, a39=0.029]
  s=  240 a= 39(MANAGER:5) r= +1.0507 cum=   -130.90 v= -5.6910 top5=[a12=0.045, a43=0.036, a32=0.034, a44=0.033, a39=0.029]
  s=  241 a= 35(MANAGER:1) r= -0.6803 cum=   -131.58 v= -5.8443 top5=[a12=0.047, a32=0.036, a43=0.035, a44=0.030, a34=0.029]
  s=  242 a= 38(MANAGER:4) r= +1.0508 cum=   -130.53 v= -5.7739 top5=[a12=0.046, a32=0.036, a43=0.035, a44=0.030, a39=0.029]
  s=  243 a= 12(BUILD:PowerStation) r= +0.1342 cum=   -130.40 v= -5.4702 top5=[a12=0.045, a43=0.036, a32=0.033, a44=0.033, a39=0.030]
  s=  244 a= 22(BUILD:Apiary) r= -1.2704 cum=   -131.67 v= -5.3695 top5=[a12=0.043, a43=0.037, a32=0.033, a44=0.031, a34=0.029]
  s=  245 a=  8(BUILD:Coalmine) r= -1.2910 cum=   -132.96 v= -5.2775 top5=[a12=0.042, a43=0.037, a32=0.033, a44=0.031, a34=0.029]
  s=  246 a=  6(BUILD:SmallHouse) r= -1.3115 cum=   -134.27 v= -5.1868 top5=[a12=0.042, a43=0.037, a32=0.033, a44=0.031, a34=0.029]
  s=  247 a= 18(BUILD:CowFarm) r= -1.2884 cum=   -135.56 v= -5.0929 top5=[a12=0.041, a43=0.037, a32=0.033, a44=0.031, a39=0.029]
  s=  248 a= 12(BUILD:PowerStation) r= +0.1328 cum=   -135.43 v= -4.9972 top5=[a12=0.041, a43=0.037, a32=0.033, a44=0.031, a39=0.029]
  s=  249 a=  2(BUILD:WaterChannel) r= -1.3064 cum=   -136.73 v= -4.9150 top5=[a12=0.039, a43=0.039, a32=0.032, a44=0.030, a27=0.029]
  s=  250 a= 44(MANAGER:10) r= +0.1771 cum=   -136.56 v= -4.9777 top5=[a12=0.040, a43=0.038, a32=0.032, a44=0.031, a39=0.029]
    state: year=0 month=11 season=2 money=1907 credit=131159 people=29 busy=2 free=27 home_places=190 need_workers=18 tax_due=0 main_tax_due=0 tax_amount=10178 main_tax_amount=0 days_alive=271 stage=0 res0=0 res1=400 res2=0 res3=0 res4=0 res5=0 res6=0 res7=0 res8=174 Farm=2 Garden=1 Road=9 House=1 SmallHouse=4 Apiary=1 Hothouse=1 AirStation=2 | nw=1488196.7151
  s=  251 a= 32(BUILD:SmallAtomStation) r= -1.3253 cum=   -137.88 v= -4.7146 top5=[a12=0.039, a43=0.038, a32=0.032, a44=0.031, a39=0.030]
  s=  252 a= 36(MANAGER:2) r= -0.3734 cum=   -138.26 v= -4.6081 top5=[a12=0.039, a43=0.038, a32=0.032, a44=0.031, a39=0.030]
  s=  253 a= 14(BUILD:Road) r= -1.3173 cum=   -139.57 v= -4.5216 top5=[a43=0.038, a12=0.038, a32=0.032, a44=0.031, a39=0.031]
  s=  254 a=  7(BUILD:Sawmill) r= -1.3138 cum=   -140.89 v= -4.4414 top5=[a43=0.039, a12=0.038, a32=0.032, a39=0.031, a44=0.031]
  s=  255 a= 29(BUILD:Puerperal) r= -1.3583 cum=   -142.25 v=-21.3437 top5=[a12=0.071, a32=0.062, a39=0.050, a43=0.044, a11=0.041]
  s=  256 a= 39(MANAGER:5) r= +1.0559 cum=   -141.19 v=-19.0075 top5=[a12=0.086, a32=0.061, a11=0.047, a39=0.045, a6=0.045]
  s=  257 a= 11(BUILD:Goldmine) r= -4.3234 cum=   -145.51 v=-19.1080 top5=[a12=0.086, a32=0.056, a11=0.043, a43=0.043, a39=0.042]
  s=  258 a= 12(BUILD:PowerStation) r= +0.1259 cum=   -145.39 v=-18.7260 top5=[a12=0.085, a32=0.053, a43=0.041, a11=0.041, a39=0.039]
  s=  259 a= 25(BUILD:SuperHouse) r= -1.3465 cum=   -146.73 v=-18.7248 top5=[a12=0.079, a32=0.051, a43=0.042, a24=0.038, a11=0.038]
  s=  260 a= 29(BUILD:Puerperal) r= -1.3301 cum=   -148.06 v=-18.3443 top5=[a12=0.077, a32=0.050, a43=0.041, a24=0.037, a11=0.037]
  s=  261 a= 34(MANAGER:0) r= -1.3575 cum=   -149.42 v=-18.0139 top5=[a12=0.076, a32=0.048, a43=0.041, a24=0.036, a11=0.036]
  s=  262 a= 17(BUILD:HuntingLand) r= -1.3568 cum=   -150.78 v=-17.7170 top5=[a12=0.074, a32=0.047, a43=0.041, a24=0.035, a11=0.035]
  s=  263 a= 35(MANAGER:1) r= -0.7290 cum=   -151.51 v=-17.4452 top5=[a12=0.073, a32=0.046, a43=0.041, a11=0.035, a24=0.035]
  s=  264 a= 12(BUILD:PowerStation) r= +0.0942 cum=   -151.41 v=-17.1807 top5=[a12=0.071, a32=0.045, a43=0.041, a11=0.035, a24=0.034]
  s=  265 a= 41(MANAGER:7) r= -1.3589 cum=   -152.77 v=-17.0216 top5=[a12=0.070, a32=0.044, a43=0.041, a24=0.034, a11=0.034]
  s=  266 a= 38(MANAGER:4) r= +1.0093 cum=   -151.76 v=-16.7955 top5=[a12=0.069, a32=0.043, a43=0.042, a24=0.034, a11=0.034]
  s=  267 a= 12(BUILD:PowerStation) r= +1.8847 cum=   -149.88 v=-16.3969 top5=[a12=0.068, a32=0.043, a43=0.041, a11=0.034, a24=0.033]
  s=  268 a=  8(BUILD:Coalmine) r= -1.3900 cum=   -151.27 v=-16.4085 top5=[a12=0.062, a32=0.043, a43=0.042, a24=0.032, a11=0.031]
  s=  269 a= 28(BUILD:BigRefinary) r= -1.3798 cum=   -152.65 v=-16.2580 top5=[a12=0.061, a32=0.042, a43=0.042, a24=0.032, a11=0.031]
  s=  270 a= 14(BUILD:Road) r= -1.3860 cum=   -154.03 v=-16.0993 top5=[a12=0.059, a43=0.042, a32=0.042, a24=0.031, a11=0.031]
  s=  271 a= 43(MANAGER:9) r= -1.4001 cum=   -155.43 v=-15.9486 top5=[a12=0.064, a43=0.042, a32=0.040, a11=0.033, a24=0.032]
  s=  272 a= 23(BUILD:Torchlight) r= -1.4170 cum=   -156.85 v=-15.8697 top5=[a12=0.062, a43=0.042, a32=0.040, a11=0.033, a24=0.032]
  s=  273 a= 14(BUILD:Road) r= -1.3879 cum=   -158.24 v=-15.7856 top5=[a12=0.061, a43=0.043, a32=0.040, a11=0.033, a24=0.031]
  s=  274 a= 23(BUILD:Torchlight) r= -1.4095 cum=   -159.65 v=-15.4499 top5=[a12=0.065, a43=0.043, a32=0.039, a11=0.034, a39=0.033]
  s=  275 a= 15(BUILD:Fish) r= -1.4108 cum=   -161.06 v=-15.3740 top5=[a12=0.064, a43=0.043, a32=0.038, a11=0.034, a39=0.033]
  s=  276 a= 35(MANAGER:1) r= -3.7472 cum=   -164.81 v=-15.2916 top5=[a12=0.062, a43=0.043, a32=0.038, a11=0.034, a39=0.033]
  s=  277 a= 41(MANAGER:7) r= -1.4172 cum=   -166.22 v=-15.2026 top5=[a12=0.061, a43=0.043, a32=0.038, a11=0.034, a39=0.033]
  s=  278 a= 20(BUILD:BigHouse) r= -1.4092 cum=   -167.63 v=-15.1099 top5=[a12=0.060, a43=0.043, a32=0.038, a11=0.034, a39=0.033]
  s=  279 a= 27(BUILD:WaterMill) r= -0.2228 cum=   -167.85 v=-15.0143 top5=[a12=0.058, a43=0.043, a32=0.037, a11=0.034, a39=0.033]
  s=  280 a= 37(MANAGER:3) r= -6.0251 cum=   -173.88 v=-14.9155 top5=[a12=0.057, a43=0.043, a32=0.037, a11=0.034, a39=0.033]
  s=  281 a= 10(BUILD:Refinery) r= -1.3867 cum=   -175.27 v=-14.8138 top5=[a12=0.054, a43=0.040, a32=0.038, a25=0.035, a11=0.035]
  s=  282 a= 19(BUILD:Mushroom) r= -1.3853 cum=   -176.65 v=-14.8091 top5=[a12=0.052, a43=0.040, a32=0.038, a25=0.035, a11=0.035]
  s=  283 a=  9(BUILD:Ironmine) r= -1.3997 cum=   -178.05 v=-14.8009 top5=[a12=0.051, a43=0.040, a32=0.037, a25=0.035, a11=0.035]
  s=  284 a= 35(MANAGER:1) r= -1.3991 cum=   -179.45 v=-14.7901 top5=[a12=0.050, a43=0.039, a32=0.037, a25=0.035, a11=0.035]
  s=  285 a=  0(DAY) r= -0.8051 cum=   -180.26 v=-14.8183 top5=[a12=0.049, a43=0.039, a32=0.037, a25=0.035, a11=0.035]
  s=  286 a= 42(MANAGER:8) r= -4.4001 cum=   -184.66 v=-19.1270 top5=[a12=0.092, a11=0.036, a32=0.033, a39=0.032, a25=0.032]
  s=  287 a= 35(MANAGER:1) r= -1.3935 cum=   -186.05 v=-19.0677 top5=[a12=0.090, a11=0.036, a32=0.033, a39=0.032, a25=0.032]
  s=  288 a= 39(MANAGER:5) r= -1.4123 cum=   -187.46 v=-19.0266 top5=[a12=0.088, a11=0.036, a32=0.033, a39=0.032, a25=0.032]
  s=  289 a= 39(MANAGER:5) r= -1.4227 cum=   -188.88 v=-18.9896 top5=[a12=0.086, a11=0.036, a32=0.033, a39=0.032, a25=0.032]
  s=  290 a= 25(BUILD:SuperHouse) r= -1.4061 cum=   -190.29 v=-18.9332 top5=[a12=0.084, a11=0.036, a32=0.033, a39=0.032, a25=0.032]
  s=  291 a= 12(BUILD:PowerStation) r= +0.0463 cum=   -190.24 v=-18.9125 top5=[a12=0.082, a11=0.037, a32=0.032, a39=0.032, a25=0.032]
  s=  292 a=  2(BUILD:WaterChannel) r= -1.4270 cum=   -191.67 v=-18.6260 top5=[a12=0.076, a11=0.036, a25=0.033, a32=0.033, a43=0.033]
  s=  293 a= 12(BUILD:PowerStation) r= +0.0331 cum=   -191.64 v=-18.6156 top5=[a12=0.074, a11=0.036, a25=0.033, a43=0.033, a32=0.033]
  s=  294 a= 10(BUILD:Refinery) r= -1.4276 cum=   -193.07 v=-18.8151 top5=[a12=0.068, a11=0.035, a25=0.035, a43=0.034, a32=0.033]
  s=  295 a= 26(BUILD:BigSawmill) r= -1.4494 cum=   -194.52 v=-18.8456 top5=[a12=0.067, a11=0.035, a25=0.035, a43=0.034, a32=0.033]
  s=  296 a= 12(BUILD:PowerStation) r= +0.0407 cum=   -194.47 v=-18.9176 top5=[a12=0.066, a11=0.035, a25=0.035, a43=0.034, a32=0.033]
  s=  297 a= 20(BUILD:BigHouse) r= -1.4219 cum=   -195.90 v=-19.2436 top5=[a12=0.060, a43=0.036, a25=0.036, a11=0.034, a32=0.033]
  s=  298 a=  6(BUILD:SmallHouse) r= -1.4705 cum=   -197.37 v=-19.1016 top5=[a12=0.063, a11=0.035, a43=0.035, a25=0.035, a32=0.033]
  s=  299 a= 33(BUILD:AtomStation) r= -1.4620 cum=   -198.83 v=-19.1770 top5=[a12=0.062, a11=0.035, a43=0.035, a25=0.035, a32=0.032]
  s=  300 a= 25(BUILD:SuperHouse) r= -1.4511 cum=   -200.28 v=-19.2617 top5=[a12=0.065, a11=0.036, a43=0.035, a25=0.034, a32=0.032]
    state: year=1 month=1 season=3 money=184 credit=144912 people=29 busy=2 free=27 home_places=190 need_workers=6 tax_due=0 main_tax_due=0 tax_amount=9758 main_tax_amount=0 days_alive=321 stage=0 res0=0 res1=400 res2=0 res3=0 res4=0 res5=0 res6=0 res7=0 res8=274 Farm=2 Garden=1 Road=15 House=1 SmallHouse=4 Hothouse=1 AirStation=2 | nw=1467915.6103
  s=  301 a= 11(BUILD:Goldmine) r= -1.4657 cum=   -201.75 v=-19.3480 top5=[a12=0.064, a11=0.037, a43=0.035, a25=0.034, a32=0.032]
  s=  302 a= 28(BUILD:BigRefinary) r= -1.4829 cum=   -203.23 v=-19.4408 top5=[a12=0.063, a11=0.037, a43=0.035, a25=0.034, a32=0.031]
  s=  303 a= 44(MANAGER:10) r= -0.5644 cum=   -203.79 v=-19.8135 top5=[a12=0.066, a11=0.038, a43=0.035, a39=0.033, a25=0.033]
  s=  304 a= 36(MANAGER:2) r= -1.4735 cum=   -205.27 v=-19.9550 top5=[a12=0.065, a11=0.038, a43=0.035, a39=0.033, a25=0.033]
  s=  305 a=  5(BUILD:House) r= -4.5190 cum=   -209.79 v=-20.1155 top5=[a12=0.064, a11=0.038, a43=0.035, a39=0.034, a25=0.033]
  s=  306 a= 41(MANAGER:7) r= -1.4960 cum=   -211.28 v=-20.2746 top5=[a12=0.063, a11=0.038, a43=0.036, a39=0.034, a25=0.033]
  s=  307 a= 28(BUILD:BigRefinary) r= -1.4796 cum=   -212.76 v=-20.4313 top5=[a12=0.061, a11=0.039, a43=0.036, a39=0.034, a25=0.033]
  s=  308 a= 40(MANAGER:6) r= -0.4495 cum=   -213.21 v=-20.5839 top5=[a12=0.060, a11=0.039, a43=0.036, a39=0.034, a25=0.033]
  s=  309 a=  4(BUILD:Garden) r= -1.5007 cum=   -214.71 v=-20.1629 top5=[a12=0.059, a11=0.038, a43=0.036, a39=0.034, a25=0.033]
  s=  310 a= 32(BUILD:SmallAtomStation) r= -1.5060 cum=   -216.22 v=-20.3165 top5=[a12=0.057, a11=0.038, a43=0.036, a39=0.034, a25=0.033]
  s=  311 a= 10(BUILD:Refinery) r= -1.5083 cum=   -217.73 v=-20.4545 top5=[a12=0.056, a11=0.039, a43=0.037, a39=0.035, a25=0.033]
  s=  312 a= 32(BUILD:SmallAtomStation) r= -1.4985 cum=   -219.22 v=-20.5958 top5=[a12=0.055, a11=0.039, a43=0.037, a39=0.035, a25=0.033]
  s=  313 a= 16(BUILD:CoalCut) r= -1.5009 cum=   -220.72 v=-20.7687 top5=[a12=0.054, a11=0.039, a43=0.037, a39=0.035, a25=0.033]
  s=  314 a= 14(BUILD:Road) r= -1.5095 cum=   -222.23 v=-20.9355 top5=[a12=0.053, a11=0.039, a43=0.038, a39=0.035, a25=0.034]
  s=  315 a= 11(BUILD:Goldmine) r= -4.5797 cum=   -226.81 v=-21.0982 top5=[a12=0.052, a11=0.039, a43=0.038, a39=0.035, a25=0.034]
  s=  316 a=  0(DAY) r= -0.3029 cum=   -227.12 v=-21.2489 top5=[a12=0.051, a11=0.039, a43=0.038, a39=0.036, a25=0.034]
  s=  317 a=  6(BUILD:SmallHouse) r= -1.5390 cum=   -228.66 v=-20.5784 top5=[a12=0.078, a11=0.031, a43=0.030, a32=0.030, a39=0.030]
  s=  318 a=  9(BUILD:Ironmine) r= -1.5187 cum=   -230.17 v=-20.4763 top5=[a12=0.076, a11=0.031, a43=0.031, a32=0.030, a39=0.030]
  s=  319 a= 18(BUILD:CowFarm) r= -1.5257 cum=   -231.70 v=-20.4026 top5=[a12=0.075, a11=0.031, a43=0.031, a39=0.030, a32=0.030]
  s=  320 a= 15(BUILD:Fish) r= -1.5267 cum=   -233.23 v=-20.3646 top5=[a12=0.074, a11=0.031, a43=0.031, a39=0.030, a32=0.030]
  s=  321 a= 15(BUILD:Fish) r= -1.5332 cum=   -234.76 v=-20.3284 top5=[a12=0.073, a11=0.032, a43=0.031, a39=0.030, a32=0.029]
  s=  322 a= 14(BUILD:Road) r= -1.5314 cum=   -236.29 v=-20.3020 top5=[a12=0.071, a11=0.032, a43=0.031, a39=0.030, a32=0.029]
  s=  323 a= 33(BUILD:AtomStation) r= -1.5468 cum=   -237.84 v=-20.2840 top5=[a12=0.070, a11=0.032, a43=0.032, a39=0.030, a25=0.029]
  s=  324 a= 32(BUILD:SmallAtomStation) r= -1.5510 cum=   -239.39 v=-20.2760 top5=[a12=0.069, a11=0.032, a43=0.032, a39=0.030, a25=0.029]
  s=  325 a= 33(BUILD:AtomStation) r= -4.6254 cum=   -244.01 v=-20.2667 top5=[a12=0.068, a11=0.032, a43=0.032, a39=0.030, a25=0.029]
  s=  326 a= 26(BUILD:BigSawmill) r= -1.5537 cum=   -245.57 v=-20.2708 top5=[a12=0.067, a43=0.033, a11=0.032, a39=0.031, a25=0.029]
  s=  327 a=  5(BUILD:House) r= -1.5586 cum=   -247.13 v=-20.3199 top5=[a12=0.066, a43=0.033, a11=0.033, a39=0.031, a25=0.029]
  s=  328 a=  8(BUILD:Coalmine) r= -1.5457 cum=   -248.67 v=-20.3993 top5=[a12=0.065, a43=0.033, a11=0.033, a39=0.031, a25=0.029]
  s=  329 a= 12(BUILD:PowerStation) r= -0.0516 cum=   -248.72 v=-20.4689 top5=[a12=0.064, a43=0.033, a11=0.033, a39=0.031, a25=0.030]
  s=  330 a= 13(BUILD:HydroStation) r= -1.5521 cum=   -250.28 v=-20.2981 top5=[a12=0.059, a43=0.034, a11=0.032, a25=0.031, a44=0.030]
  s=  331 a= 44(MANAGER:10) r= -0.6598 cum=   -250.94 v=-20.3894 top5=[a12=0.058, a43=0.034, a11=0.033, a25=0.031, a44=0.030]
  s=  332 a= 33(BUILD:AtomStation) r= -1.5475 cum=   -252.48 v=-20.5032 top5=[a12=0.057, a43=0.034, a11=0.033, a25=0.031, a44=0.030]
  s=  333 a=  2(BUILD:WaterChannel) r= -1.5880 cum=   -254.07 v=-20.6176 top5=[a12=0.056, a43=0.034, a11=0.033, a25=0.031, a44=0.030]
  s=  334 a= 41(MANAGER:7) r= -1.5811 cum=   -255.65 v=-20.7210 top5=[a12=0.055, a43=0.035, a11=0.033, a25=0.031, a39=0.030]
  s=  335 a= 11(BUILD:Goldmine) r= -0.9699 cum=   -256.62 v=-20.9524 top5=[a12=0.054, a43=0.035, a11=0.034, a25=0.031, a39=0.030]
  s=  336 a= 36(MANAGER:2) r= +1.1879 cum=   -255.44 v=-21.3684 top5=[a12=0.057, a43=0.035, a11=0.034, a39=0.032, a25=0.030]
  s=  337 a=  2(BUILD:WaterChannel) r= -1.5976 cum=   -257.03 v=-21.6422 top5=[a12=0.056, a43=0.036, a11=0.034, a39=0.032, a25=0.031]
  s=  338 a= 44(MANAGER:10) r= -3.7490 cum=   -260.78 v=-21.7502 top5=[a12=0.055, a43=0.036, a11=0.034, a39=0.033, a25=0.031]
  s=  339 a= 44(MANAGER:10) r= -0.6766 cum=   -261.46 v=-21.8797 top5=[a12=0.054, a43=0.036, a11=0.034, a39=0.033, a25=0.031]
  s=  340 a=  6(BUILD:SmallHouse) r= -1.5960 cum=   -263.05 v=-22.0058 top5=[a12=0.053, a43=0.036, a11=0.034, a39=0.033, a25=0.031]
  s=  341 a= 39(MANAGER:5) r= -1.6165 cum=   -264.67 v=-22.1262 top5=[a12=0.052, a43=0.036, a11=0.035, a39=0.033, a25=0.031]
  s=  342 a= 43(MANAGER:9) r= -1.6141 cum=   -266.28 v=-22.2406 top5=[a12=0.051, a43=0.037, a11=0.035, a39=0.033, a25=0.031]
  s=  343 a= 12(BUILD:PowerStation) r= -0.1095 cum=   -266.39 v=-22.3649 top5=[a12=0.050, a43=0.037, a11=0.035, a39=0.033, a25=0.031]
  s=  344 a= 32(BUILD:SmallAtomStation) r= +1.4607 cum=   -264.93 v=-22.1963 top5=[a12=0.046, a43=0.037, a11=0.035, a25=0.033, a39=0.031]
  s=  345 a= 23(BUILD:Torchlight) r= -3.6341 cum=   -268.57 v=-50.4340 top5=[a7=0.054, a24=0.053, a15=0.050, a8=0.043, a9=0.038]
  s=  346 a=  7(BUILD:Sawmill) r= -3.6231 cum=   -272.19 v=-50.2668 top5=[a7=0.054, a24=0.053, a15=0.050, a8=0.043, a9=0.038]
  s=  347 a= 25(BUILD:SuperHouse) r= -3.6124 cum=   -275.80 v=-50.1018 top5=[a7=0.054, a24=0.053, a15=0.051, a8=0.043, a9=0.038]
  s=  348 a=  8(BUILD:Coalmine) r= -3.6022 cum=   -279.41 v=-49.2726 top5=[a24=0.051, a7=0.050, a15=0.046, a8=0.040, a9=0.037]
  s=  349 a= 16(BUILD:CoalCut) r= -3.5922 cum=   -283.00 v=-48.2198 top5=[a24=0.047, a7=0.045, a15=0.040, a9=0.037, a8=0.036]
  s=  350 a= 18(BUILD:CowFarm) r= -3.5826 cum=   -286.58 v=-47.3709 top5=[a24=0.045, a7=0.041, a15=0.036, a9=0.036, a8=0.033]
    state: year=1 month=3 season=0 money=939 credit=158206 people=31 busy=2 free=29 home_places=190 need_workers=14 tax_due=1 main_tax_due=0 tax_amount=9827 main_tax_amount=0 days_alive=365 stage=0 res0=0 res1=400 res2=0 res3=0 res4=0 res5=0 res6=0 res7=0 res8=274 Farm=2 Garden=1 Road=17 House=1 SmallHouse=4 Hothouse=1 AirStation=2 | nw=1456714.5666
  s=  351 a= 35(MANAGER:1) r= -3.5733 cum=   -290.15 v=-46.6143 top5=[a24=0.043, a7=0.038, a9=0.036, a15=0.034, a43=0.032]
  s=  352 a= 40(MANAGER:6) r= -5.5744 cum=   -295.73 v=-45.9345 top5=[a24=0.041, a7=0.036, a9=0.035, a15=0.032, a43=0.032]
  s=  353 a= 28(BUILD:BigRefinary) r= -3.5286 cum=   -299.26 v=-45.6980 top5=[a24=0.039, a9=0.035, a7=0.035, a43=0.031, a15=0.031]
  s=  354 a= 43(MANAGER:9) r= -3.5207 cum=   -302.78 v=-45.1532 top5=[a24=0.038, a9=0.035, a7=0.033, a43=0.031, a44=0.031]
  s=  355 a= 40(MANAGER:6) r= -3.5131 cum=   -306.29 v=-44.6259 top5=[a24=0.037, a9=0.035, a7=0.032, a44=0.031, a43=0.031]
  s=  356 a=  0(DAY) r= -3.5057 cum=   -309.80 v=-44.1509 top5=[a24=0.037, a9=0.034, a44=0.032, a7=0.031, a43=0.031]
  s=  357 a= 23(BUILD:Torchlight) r= -3.4985 cum=   -313.29 v=-43.7175 top5=[a24=0.036, a9=0.034, a44=0.032, a7=0.030, a43=0.030]
  s=  358 a= 24(BUILD:Hothouse) r= -3.4916 cum=   -316.79 v=-43.3109 top5=[a24=0.035, a9=0.034, a44=0.032, a43=0.030, a7=0.030]
  s=  359 a=  2(BUILD:WaterChannel) r= -3.4848 cum=   -320.27 v=-42.9322 top5=[a24=0.035, a9=0.034, a44=0.033, a43=0.030, a7=0.029]
  s=  360 a=  3(BUILD:Farm) r= -3.4783 cum=   -323.75 v=-42.5782 top5=[a24=0.034, a9=0.034, a44=0.033, a43=0.030, a7=0.028]
  s=  361 a=  1(WEEK) r= -3.4719 cum=   -327.22 v=-42.2401 top5=[a24=0.034, a9=0.033, a44=0.033, a43=0.030, a18=0.028]
  s=  362 a=  4(BUILD:Garden) r= -5.8741 cum=   -333.10 v=-41.8390 top5=[a9=0.033, a24=0.033, a44=0.033, a43=0.030, a30=0.028]
  s=  363 a=  5(BUILD:House) r= -3.4306 cum=   -336.53 v=-41.3654 top5=[a9=0.033, a44=0.033, a24=0.033, a43=0.029, a30=0.028]
  s=  364 a= 25(BUILD:SuperHouse) r= -3.4253 cum=   -339.95 v=-40.8255 top5=[a9=0.033, a44=0.033, a24=0.032, a43=0.029, a30=0.029]
  s=  365 a= 43(MANAGER:9) r= -3.4201 cum=   -343.37 v=-40.3179 top5=[a9=0.033, a44=0.033, a24=0.032, a43=0.029, a30=0.029]
  s=  366 a= 35(MANAGER:1) r= -3.4151 cum=   -346.79 v=-39.7955 top5=[a9=0.033, a44=0.033, a24=0.032, a30=0.029, a43=0.029]
  s=  367 a= 11(BUILD:Goldmine) r= -3.4102 cum=   -350.20 v=-39.2885 top5=[a9=0.033, a44=0.032, a24=0.031, a30=0.029, a43=0.029]
  s=  368 a= 17(BUILD:HuntingLand) r= -3.4054 cum=   -353.60 v=-38.8074 top5=[a9=0.033, a44=0.032, a24=0.031, a30=0.029, a43=0.029]
  s=  369 a= 31(BUILD:AirStation) r= -3.4008 cum=   -357.00 v=-38.3397 top5=[a9=0.033, a44=0.032, a24=0.031, a30=0.029, a43=0.029]
  s=  370 a=  5(BUILD:House) r= -3.3963 cum=   -360.40 v=-37.8905 top5=[a9=0.033, a44=0.032, a24=0.031, a30=0.029, a43=0.029]
  s=  371 a= 15(BUILD:Fish) r= -3.3920 cum=   -363.79 v=-37.4557 top5=[a9=0.033, a44=0.032, a24=0.030, a30=0.029, a43=0.029]
  s=  372 a=  6(BUILD:SmallHouse) r= -5.7419 cum=   -369.53 v=-37.0408 top5=[a9=0.033, a44=0.032, a24=0.030, a30=0.029, a43=0.029]
  s=  373 a=  6(BUILD:SmallHouse) r= -3.3588 cum=   -372.89 v=-36.6146 top5=[a9=0.032, a44=0.032, a24=0.030, a30=0.029, a43=0.029]
  s=  374 a= 17(BUILD:HuntingLand) r= -3.3552 cum=   -376.25 v=-36.1934 top5=[a9=0.032, a44=0.032, a24=0.030, a30=0.029, a43=0.029]
  s=  375 a= 26(BUILD:BigSawmill) r= -3.3516 cum=   -379.60 v=-35.7901 top5=[a44=0.032, a9=0.032, a24=0.029, a30=0.029, a43=0.029]
  s=  376 a= 26(BUILD:BigSawmill) r= -3.3481 cum=   -382.95 v=-35.3945 top5=[a44=0.032, a9=0.032, a24=0.029, a30=0.029, a43=0.029]
  s=  377 a=  2(BUILD:WaterChannel) r= -3.3448 cum=   -386.29 v=-35.0011 top5=[a44=0.032, a9=0.032, a30=0.029, a24=0.029, a43=0.029]
  s=  378 a= 23(BUILD:Torchlight) r= -3.3415 cum=   -389.63 v=-34.6205 top5=[a44=0.032, a9=0.031, a30=0.029, a24=0.029, a43=0.029]
  s=  379 a= 35(MANAGER:1) r= -3.3383 cum=   -392.97 v=-34.2546 top5=[a44=0.032, a9=0.031, a30=0.029, a43=0.029, a24=0.029]
  s=  380 a= 39(MANAGER:5) r= -3.3352 cum=   -396.31 v=-33.9020 top5=[a44=0.032, a9=0.031, a30=0.029, a43=0.029, a24=0.029]
  s=  381 a= 21(BUILD:BigFarm) r= -3.3321 cum=   -399.64 v=-33.5611 top5=[a44=0.032, a9=0.031, a43=0.029, a30=0.029, a24=0.028]
  s=  382 a= 33(BUILD:AtomStation) r= -5.6427 cum=   -405.28 v=-33.2314 top5=[a44=0.032, a9=0.031, a43=0.029, a30=0.029, a34=0.028]
  s=  383 a= 44(MANAGER:10) r= -2.4645 cum=   -407.75 v=-32.9043 top5=[a44=0.032, a9=0.030, a43=0.029, a30=0.029, a34=0.028]
  s=  384 a= 18(BUILD:CowFarm) r= -3.3063 cum=   -411.05 v=-32.5817 top5=[a44=0.032, a9=0.030, a43=0.029, a30=0.029, a34=0.029]
  s=  385 a=  9(BUILD:Ironmine) r= -3.3038 cum=   -414.36 v=-32.2643 top5=[a44=0.032, a9=0.030, a43=0.029, a30=0.029, a34=0.029]
  s=  386 a= 15(BUILD:Fish) r= -3.3014 cum=   -417.66 v=-31.9547 top5=[a44=0.032, a9=0.030, a43=0.029, a34=0.029, a30=0.029]
  s=  387 a=  9(BUILD:Ironmine) r= -3.2990 cum=   -420.96 v=-31.6546 top5=[a44=0.032, a9=0.030, a43=0.029, a34=0.029, a30=0.029]
  s=  388 a= 43(MANAGER:9) r= -3.2967 cum=   -424.25 v=-31.3628 top5=[a44=0.032, a9=0.030, a43=0.029, a34=0.029, a30=0.029]
  s=  389 a= 20(BUILD:BigHouse) r= -3.2945 cum=   -427.55 v=-31.0777 top5=[a44=0.032, a9=0.030, a43=0.029, a34=0.029, a30=0.029]
  s=  390 a= 24(BUILD:Hothouse) r= -3.2923 cum=   -430.84 v=-30.7988 top5=[a44=0.032, a9=0.030, a43=0.029, a34=0.029, a30=0.029]
  s=  391 a=  9(BUILD:Ironmine) r= -3.2902 cum=   -434.13 v=-30.5276 top5=[a44=0.032, a9=0.030, a43=0.029, a34=0.029, a30=0.029]
  s=  392 a= 28(BUILD:BigRefinary) r= -5.5731 cum=   -439.70 v=-30.2639 top5=[a44=0.032, a9=0.030, a34=0.030, a43=0.029, a30=0.029]
  s=  393 a=  9(BUILD:Ironmine) r= -3.2667 cum=   -442.97 v=-30.0072 top5=[a44=0.032, a9=0.030, a34=0.030, a43=0.029, a30=0.029]
  s=  394 a= 36(MANAGER:2) r= -2.4918 cum=   -445.46 v=-29.7549 top5=[a44=0.032, a9=0.030, a34=0.030, a43=0.029, a30=0.029]
  s=  395 a= 30(BUILD:BigIronmine) r= -3.2668 cum=   -448.73 v=-20.5327 top5=[a34=0.037, a44=0.033, a9=0.030, a43=0.030, a24=0.029]
  s=  396 a=  6(BUILD:SmallHouse) r= -3.2651 cum=   -451.99 v=-20.3119 top5=[a34=0.037, a44=0.033, a9=0.030, a43=0.030, a24=0.029]
  s=  397 a= 27(BUILD:WaterMill) r= -3.2635 cum=   -455.26 v=-20.0969 top5=[a34=0.037, a44=0.033, a9=0.030, a43=0.030, a11=0.029]
  s=  398 a= 28(BUILD:BigRefinary) r= -3.2619 cum=   -458.52 v=-19.8875 top5=[a34=0.037, a44=0.033, a43=0.030, a9=0.030, a11=0.029]
  s=  399 a= 30(BUILD:BigIronmine) r= -3.2604 cum=   -461.78 v=-19.6845 top5=[a34=0.038, a44=0.033, a43=0.030, a9=0.030, a11=0.029]
  s=  400 a= 16(BUILD:CoalCut) r= -3.2589 cum=   -465.04 v=-19.4880 top5=[a34=0.038, a44=0.033, a43=0.030, a9=0.030, a11=0.029]
    state: year=1 month=3 season=0 money=3579 credit=158206 people=31 busy=2 free=29 home_places=190 need_workers=14 tax_due=1 main_tax_due=0 tax_amount=9883 main_tax_amount=0 days_alive=365 stage=0 res0=0 res1=200 res2=0 res3=0 res4=0 res5=0 res6=0 res7=0 res8=200 Farm=2 Garden=1 Road=17 House=1 SmallHouse=4 Hothouse=1 AirStation=2 | nw=1456794.0115
  s=  401 a= 10(BUILD:Refinery) r= -3.2575 cum=   -468.30 v=-19.2950 top5=[a34=0.038, a44=0.033, a43=0.030, a9=0.030, a11=0.029]
  s=  402 a=  3(BUILD:Farm) r= -5.5188 cum=   -473.81 v=-19.1057 top5=[a34=0.038, a44=0.033, a43=0.030, a9=0.030, a11=0.029]
  s=  403 a= 24(BUILD:Hothouse) r= -5.4865 cum=   -479.30 v=-18.9209 top5=[a34=0.038, a44=0.033, a43=0.030, a9=0.030, a11=0.029]
    state: year=0 month=3 season=0 money=82000 credit=0 people=28 busy=0 free=28 home_places=50 need_workers=0 tax_due=0 main_tax_due=0 tax_amount=5106 main_tax_amount=0 days_alive=0 stage=0 res0=0 res1=0 res2=0 res3=0 res4=0 res5=0 res6=0 res7=0 res8=0 | nw=1532000.0000
  >>> Ep 1: reward=-479.30, steps=404
  >>> final: year=0 month=3 season=0 money=82000 credit=0 people=28 busy=0 free=28 home_places=50 need_workers=0 tax_due=0 main_tax_due=0 tax_amount=5106 main_tax_amount=0 days_alive=0 stage=0 res0=0 res1=0 res2=0 res3=0 res4=0 res5=0 res6=0 res7=0 res8=0 | nw=1532000.0000
======================================================================
EPISODE 2
======================================================================
init: year=0 month=3 season=0 money=82000 credit=0 people=28 busy=0 free=28 home_places=50 need_workers=0 tax_due=0 main_tax_due=0 tax_amount=5106 main_tax_amount=0 days_alive=0 stage=0 res0=0 res1=0 res2=0 res3=0 res4=0 res5=0 res6=0 res7=0 res8=0 | nw=1532000.0000
  s=    0 a= 36(MANAGER:2) r= -0.3273 cum=     -0.33 v= +7.1577 top5=[a15=0.042, a24=0.042, a9=0.041, a32=0.038, a25=0.037]
    state: year=0 month=3 season=0 money=82000 credit=0 people=28 busy=0 free=28 home_places=50 need_workers=0 tax_due=0 main_tax_due=0 tax_amount=5106 main_tax_amount=0 days_alive=1 stage=0 res0=0 res1=0 res2=0 res3=0 res4=0 res5=0 res6=0 res7=0 res8=0 | nw=1532000.0000
  s=    1 a= 22(BUILD:Apiary) r= +2.4071 cum=     +2.08 v= +7.2799 top5=[a24=0.042, a15=0.041, a9=0.040, a32=0.037, a25=0.036]
  s=    2 a= 41(MANAGER:7) r= -0.8708 cum=     +1.21 v= +9.1968 top5=[a32=0.041, a24=0.035, a1=0.032, a19=0.031, a36=0.030]
  s=    3 a= 12(BUILD:PowerStation) r= +1.0135 cum=     +2.22 v= +8.1131 top5=[a32=0.038, a27=0.032, a1=0.032, a6=0.030, a3=0.030]
  s=    4 a= 10(BUILD:Refinery) r= -0.3268 cum=     +1.90 v= +8.6579 top5=[a32=0.038, a1=0.033, a6=0.032, a27=0.031, a3=0.030]
  s=    5 a= 10(BUILD:Refinery) r= -0.3271 cum=     +1.57 v= +8.7188 top5=[a32=0.038, a1=0.033, a6=0.032, a27=0.031, a3=0.030]
  s=    6 a= 19(BUILD:Mushroom) r= -0.3274 cum=     +1.24 v= +8.7792 top5=[a32=0.038, a1=0.033, a6=0.032, a27=0.031, a3=0.030]
  s=    7 a=  0(DAY) r= +0.2185 cum=     +1.46 v= +8.8294 top5=[a32=0.038, a1=0.033, a6=0.032, a27=0.031, a3=0.030]
  s=    8 a= 25(BUILD:SuperHouse) r= -0.3279 cum=     +1.13 v= +8.8703 top5=[a32=0.037, a1=0.033, a6=0.031, a27=0.031, a3=0.030]
  s=    9 a= 40(MANAGER:6) r= +0.3390 cum=     +1.47 v= +8.9168 top5=[a32=0.037, a1=0.033, a6=0.031, a27=0.031, a3=0.030]
  s=   10 a= 10(BUILD:Refinery) r= -0.3283 cum=     +1.14 v= +8.6222 top5=[a32=0.036, a1=0.032, a27=0.031, a6=0.030, a40=0.030]
  s=   11 a= 13(BUILD:HydroStation) r= +0.2718 cum=     +1.41 v= +8.6655 top5=[a32=0.036, a1=0.032, a27=0.031, a36=0.030, a40=0.030]
  s=   12 a= 32(BUILD:SmallAtomStation) r= -0.3288 cum=     +1.09 v= +8.5809 top5=[a32=0.037, a1=0.033, a6=0.032, a27=0.032, a36=0.030]
  s=   13 a= 43(MANAGER:9) r= -0.3291 cum=     +0.76 v= +8.5826 top5=[a32=0.037, a1=0.033, a6=0.032, a27=0.032, a36=0.030]
  s=   14 a=  5(BUILD:House) r= -0.3294 cum=     +0.43 v= +8.5467 top5=[a32=0.037, a1=0.033, a6=0.032, a27=0.032, a36=0.031]
  s=   15 a= 29(BUILD:Puerperal) r= +5.0502 cum=     +5.48 v= +8.4969 top5=[a32=0.036, a1=0.033, a6=0.032, a27=0.031, a36=0.031]
  s=   16 a= 26(BUILD:BigSawmill) r= -0.3257 cum=     +5.15 v= +9.5553 top5=[a6=0.036, a27=0.036, a32=0.035, a36=0.033, a22=0.032]
  s=   17 a=  3(BUILD:Farm) r= +1.7596 cum=     +6.91 v= +9.5296 top5=[a6=0.036, a27=0.035, a32=0.035, a36=0.033, a22=0.033]
  s=   18 a= 24(BUILD:Hothouse) r= -0.3255 cum=     +6.59 v= +8.7265 top5=[a6=0.035, a22=0.034, a32=0.033, a27=0.032, a34=0.031]
  s=   19 a= 36(MANAGER:2) r= -0.3258 cum=     +6.26 v= +8.6946 top5=[a6=0.035, a22=0.035, a32=0.033, a27=0.032, a39=0.031]
  s=   20 a= 20(BUILD:BigHouse) r= -0.3261 cum=     +5.93 v= +8.6573 top5=[a6=0.035, a22=0.035, a32=0.033, a27=0.032, a39=0.031]
  s=   21 a= 26(BUILD:BigSawmill) r= -0.3264 cum=     +5.61 v= +8.6102 top5=[a22=0.035, a6=0.035, a32=0.033, a27=0.032, a39=0.031]
  s=   22 a= 39(MANAGER:5) r= -0.3267 cum=     +5.28 v= +8.5580 top5=[a22=0.035, a6=0.034, a32=0.033, a27=0.032, a39=0.031]
  s=   23 a= 19(BUILD:Mushroom) r= -0.3270 cum=     +4.95 v= +8.4973 top5=[a22=0.036, a6=0.034, a32=0.032, a27=0.032, a39=0.031]
  s=   24 a= 44(MANAGER:10) r= +0.4910 cum=     +5.44 v= +8.4231 top5=[a22=0.036, a6=0.034, a32=0.032, a27=0.032, a39=0.031]
  s=   25 a= 23(BUILD:Torchlight) r= -0.2922 cum=     +5.15 v= +8.3451 top5=[a22=0.036, a6=0.033, a32=0.032, a27=0.032, a17=0.031]
  s=   26 a=  3(BUILD:Farm) r= +1.7530 cum=     +6.91 v=+10.1598 top5=[a22=0.036, a36=0.033, a17=0.032, a32=0.032, a24=0.031]
  s=   27 a= 43(MANAGER:9) r= -0.3377 cum=     +6.57 v= +6.9732 top5=[a36=0.035, a17=0.034, a32=0.034, a6=0.032, a11=0.030]
  s=   28 a= 39(MANAGER:5) r= -0.3433 cum=     +6.22 v= +6.8356 top5=[a36=0.035, a17=0.034, a32=0.034, a6=0.032, a11=0.030]
  s=   29 a= 40(MANAGER:6) r= -0.3384 cum=     +5.89 v= +6.6947 top5=[a36=0.035, a17=0.034, a32=0.033, a6=0.031, a11=0.030]
  s=   30 a= 23(BUILD:Torchlight) r= -0.3387 cum=     +5.55 v= +6.5616 top5=[a36=0.035, a17=0.034, a32=0.033, a6=0.031, a11=0.030]
  s=   31 a= 29(BUILD:Puerperal) r= -0.3390 cum=     +5.21 v= +9.5043 top5=[a6=0.035, a34=0.034, a32=0.033, a17=0.032, a11=0.030]
  s=   32 a= 10(BUILD:Refinery) r= -0.3394 cum=     +4.87 v= +9.4846 top5=[a6=0.035, a34=0.034, a32=0.033, a17=0.032, a11=0.030]
  s=   33 a=  3(BUILD:Farm) r= -0.3397 cum=     +4.53 v= +9.4402 top5=[a6=0.035, a34=0.034, a32=0.033, a17=0.032, a11=0.030]
  s=   34 a= 29(BUILD:Puerperal) r= -0.3453 cum=     +4.18 v= +9.3756 top5=[a6=0.035, a34=0.033, a32=0.033, a17=0.032, a11=0.030]
  s=   35 a= 40(MANAGER:6) r= -3.0879 cum=     +1.10 v= +9.3002 top5=[a6=0.035, a34=0.033, a17=0.032, a32=0.032, a11=0.030]
  s=   36 a= 40(MANAGER:6) r= -0.3403 cum=     +0.76 v= +9.2194 top5=[a6=0.035, a34=0.033, a17=0.033, a32=0.032, a11=0.030]
  s=   37 a= 10(BUILD:Refinery) r= +5.4990 cum=     +6.25 v= +9.8486 top5=[a34=0.034, a6=0.034, a17=0.033, a32=0.032, a11=0.031]
  s=   38 a= 36(MANAGER:2) r= +0.2722 cum=     +6.53 v= +9.0513 top5=[a6=0.034, a32=0.033, a34=0.033, a17=0.032, a11=0.031]
  s=   39 a= 23(BUILD:Torchlight) r= -0.3415 cum=     +6.19 v= +9.0936 top5=[a6=0.034, a32=0.033, a34=0.033, a17=0.032, a11=0.031]
  s=   40 a= 35(MANAGER:1) r= +0.2103 cum=     +6.40 v= +9.0777 top5=[a6=0.034, a32=0.033, a34=0.033, a17=0.032, a11=0.031]
  s=   41 a= 41(MANAGER:7) r= -0.3420 cum=     +6.05 v= +9.0468 top5=[a6=0.034, a32=0.033, a34=0.032, a17=0.032, a11=0.031]
  s=   42 a= 19(BUILD:Mushroom) r= -0.3476 cum=     +5.71 v= +8.9780 top5=[a6=0.034, a32=0.033, a34=0.032, a17=0.032, a11=0.031]
  s=   43 a= 13(BUILD:HydroStation) r= -0.3415 cum=     +5.36 v= +8.9054 top5=[a6=0.034, a32=0.033, a17=0.032, a34=0.032, a11=0.031]
  s=   44 a= 38(MANAGER:4) r= +1.8380 cum=     +7.20 v= +8.8325 top5=[a6=0.034, a32=0.033, a17=0.032, a34=0.032, a11=0.031]
  s=   45 a= 36(MANAGER:2) r= -2.4907 cum=     +4.71 v= +9.4514 top5=[a19=0.033, a34=0.032, a17=0.031, a39=0.031, a30=0.030]
  s=   46 a=  8(BUILD:Coalmine) r= -0.3450 cum=     +4.37 v= +9.8986 top5=[a19=0.035, a34=0.032, a39=0.031, a17=0.031, a30=0.031]
  s=   47 a= 24(BUILD:Hothouse) r= -0.3453 cum=     +4.02 v= +9.2004 top5=[a19=0.034, a30=0.031, a39=0.031, a34=0.031, a17=0.030]
  s=   48 a= 15(BUILD:Fish) r= -0.3430 cum=     +3.68 v= +9.1255 top5=[a19=0.035, a39=0.031, a30=0.031, a34=0.031, a17=0.030]
  s=   49 a= 10(BUILD:Refinery) r= -0.3392 cum=     +3.34 v= +9.0413 top5=[a19=0.035, a39=0.031, a30=0.031, a34=0.031, a17=0.030]
  s=   50 a= 11(BUILD:Goldmine) r= -0.3448 cum=     +2.99 v= +8.9437 top5=[a19=0.035, a39=0.031, a30=0.031, a34=0.031, a17=0.030]
    state: year=0 month=4 season=0 money=4749 credit=0 people=28 busy=0 free=28 home_places=110 need_workers=0 tax_due=0 main_tax_due=0 tax_amount=7222 main_tax_amount=0 days_alive=51 stage=0 res0=0 res1=400 res2=0 res3=0 res4=0 res5=0 res6=0 res7=0 res8=0 Garden=2 Road=1 House=1 Apiary=1 Puerperal=1 | nw=1531306.9352
  s=   51 a= 34(MANAGER:0) r= -0.3507 cum=     +2.64 v= +8.8415 top5=[a19=0.035, a39=0.031, a30=0.031, a34=0.031, a17=0.030]
  s=   52 a= 30(BUILD:BigIronmine) r= -0.3481 cum=     +2.30 v= +8.7399 top5=[a19=0.035, a39=0.031, a30=0.031, a34=0.031, a14=0.031]
  s=   53 a= 10(BUILD:Refinery) r= -0.3472 cum=     +1.95 v= +8.6333 top5=[a19=0.035, a39=0.031, a14=0.031, a30=0.031, a17=0.031]
  s=   54 a= 32(BUILD:SmallAtomStation) r= -0.3476 cum=     +1.60 v= +8.5237 top5=[a19=0.035, a14=0.031, a39=0.031, a30=0.031, a36=0.031]
  s=   55 a= 11(BUILD:Goldmine) r= -3.0951 cum=     -1.49 v= +8.4015 top5=[a19=0.035, a14=0.031, a36=0.031, a39=0.031, a30=0.031]
  s=   56 a=  3(BUILD:Farm) r= -0.3425 cum=     -1.84 v= +8.2671 top5=[a19=0.034, a14=0.031, a36=0.031, a39=0.031, a17=0.031]
  s=   57 a= 19(BUILD:Mushroom) r= -0.3519 cum=     -2.19 v= +8.1322 top5=[a19=0.034, a14=0.032, a36=0.031, a17=0.031, a39=0.030]
  s=   58 a= 17(BUILD:HuntingLand) r= -0.3537 cum=     -2.54 v= +7.9892 top5=[a19=0.034, a14=0.032, a36=0.031, a17=0.031, a39=0.030]
  s=   59 a=  1(WEEK) r= -0.0232 cum=     -2.57 v= +7.8640 top5=[a19=0.034, a14=0.032, a36=0.031, a17=0.031, a30=0.030]
  s=   60 a= 29(BUILD:Puerperal) r= +5.5096 cum=     +2.94 v= +8.7592 top5=[a19=0.033, a34=0.033, a30=0.032, a39=0.032, a43=0.029]
  s=   61 a= 37(MANAGER:3) r= -5.4403 cum=     -2.50 v= +8.8763 top5=[a19=0.033, a34=0.033, a30=0.032, a39=0.031, a43=0.029]
  s=   62 a= 27(BUILD:WaterMill) r= -0.3634 cum=     -2.86 v= +6.5453 top5=[a30=0.035, a39=0.032, a19=0.032, a43=0.030, a34=0.030]
  s=   63 a=  0(DAY) r= +0.1884 cum=     -2.67 v= +6.5897 top5=[a30=0.035, a39=0.032, a19=0.032, a43=0.030, a34=0.030]
  s=   64 a= 39(MANAGER:5) r= -0.3640 cum=     -3.04 v= +6.6263 top5=[a30=0.035, a39=0.032, a19=0.032, a43=0.030, a34=0.030]
  s=   65 a= 21(BUILD:BigFarm) r= -3.0670 cum=     -6.10 v= +6.6602 top5=[a30=0.035, a39=0.032, a19=0.032, a43=0.030, a34=0.030]
  s=   66 a= 41(MANAGER:7) r= -0.3435 cum=     -6.45 v= +6.6836 top5=[a30=0.035, a39=0.032, a19=0.032, a43=0.030, a34=0.030]
  s=   67 a= 21(BUILD:BigFarm) r= -0.3660 cum=     -6.81 v= +6.6998 top5=[a30=0.035, a39=0.032, a19=0.032, a43=0.030, a34=0.029]
  s=   68 a=  6(BUILD:SmallHouse) r= -0.3545 cum=     -7.17 v= +6.6758 top5=[a30=0.035, a39=0.032, a19=0.032, a43=0.030, a34=0.029]
  s=   69 a= 15(BUILD:Fish) r= -0.3549 cum=     -7.52 v= +6.6535 top5=[a30=0.035, a39=0.032, a19=0.032, a43=0.030, a34=0.029]
  s=   70 a= 25(BUILD:SuperHouse) r= -0.3552 cum=     -7.88 v= +6.6265 top5=[a30=0.035, a39=0.032, a19=0.032, a43=0.030, a14=0.029]
  s=   71 a= 13(BUILD:HydroStation) r= -0.3451 cum=     -8.22 v= +6.5946 top5=[a30=0.035, a39=0.032, a19=0.032, a43=0.030, a14=0.029]
  s=   72 a=  8(BUILD:Coalmine) r= -0.3546 cum=     -8.58 v= +6.5592 top5=[a30=0.035, a39=0.032, a19=0.032, a43=0.030, a14=0.029]
  s=   73 a= 41(MANAGER:7) r= -0.3573 cum=     -8.93 v= +6.5186 top5=[a30=0.034, a39=0.032, a19=0.032, a14=0.030, a43=0.030]
  s=   74 a= 24(BUILD:Hothouse) r= -0.3591 cum=     -9.29 v= +6.4715 top5=[a30=0.034, a39=0.032, a19=0.032, a14=0.030, a43=0.029]
  s=   75 a=  3(BUILD:Farm) r= -3.0903 cum=    -12.38 v= +6.4212 top5=[a30=0.034, a39=0.032, a19=0.032, a14=0.030, a43=0.029]
  s=   76 a= 39(MANAGER:5) r= -0.3683 cum=    -12.75 v= +6.3758 top5=[a30=0.034, a39=0.032, a19=0.032, a14=0.030, a43=0.029]
  s=   77 a=  3(BUILD:Farm) r= -0.3687 cum=    -13.12 v= +6.3363 top5=[a30=0.034, a39=0.032, a19=0.032, a14=0.030, a43=0.029]
  s=   78 a= 40(MANAGER:6) r= +0.2991 cum=    -12.82 v= +6.2943 top5=[a30=0.034, a39=0.032, a19=0.032, a14=0.030, a43=0.029]
  s=   79 a= 19(BUILD:Mushroom) r= -0.3575 cum=    -13.18 v= +6.2371 top5=[a30=0.034, a39=0.032, a19=0.032, a14=0.030, a43=0.029]
  s=   80 a=  6(BUILD:SmallHouse) r= -0.3590 cum=    -13.54 v= +6.1967 top5=[a30=0.034, a39=0.032, a19=0.032, a14=0.031, a43=0.029]
  s=   81 a= 28(BUILD:BigRefinary) r= -0.3569 cum=    -13.89 v= +6.1572 top5=[a30=0.033, a39=0.032, a19=0.032, a14=0.031, a43=0.029]
  s=   82 a= 40(MANAGER:6) r= -0.3597 cum=    -14.25 v= +6.1526 top5=[a30=0.033, a39=0.032, a19=0.032, a14=0.031, a43=0.029]
  s=   83 a= 15(BUILD:Fish) r= -0.3588 cum=    -14.61 v= +6.1662 top5=[a30=0.033, a39=0.032, a19=0.032, a14=0.031, a43=0.029]
  s=   84 a= 20(BUILD:BigHouse) r= -0.3603 cum=    -14.97 v= +6.1736 top5=[a30=0.033, a39=0.032, a19=0.031, a14=0.031, a36=0.029]
  s=   85 a= 23(BUILD:Torchlight) r= -3.1144 cum=    -18.09 v= +6.1592 top5=[a30=0.033, a39=0.032, a19=0.031, a14=0.031, a36=0.029]
  s=   86 a= 28(BUILD:BigRefinary) r= -0.3593 cum=    -18.45 v= +1.8546 top5=[a24=0.033, a32=0.033, a30=0.031, a34=0.031, a43=0.030]
  s=   87 a=  2(BUILD:WaterChannel) r= -0.3596 cum=    -18.81 v= +0.7010 top5=[a24=0.035, a9=0.032, a15=0.032, a43=0.030, a34=0.029]
  s=   88 a= 19(BUILD:Mushroom) r= -0.3599 cum=    -19.17 v= +0.7318 top5=[a24=0.035, a9=0.032, a15=0.031, a34=0.029, a43=0.029]
  s=   89 a= 13(BUILD:HydroStation) r= -0.3603 cum=    -19.53 v= +0.7614 top5=[a24=0.035, a9=0.032, a15=0.031, a34=0.030, a43=0.029]
  s=   90 a= 36(MANAGER:2) r= +0.3627 cum=    -19.16 v= +0.7913 top5=[a24=0.035, a9=0.032, a15=0.031, a34=0.030, a43=0.029]
  s=   91 a= 35(MANAGER:1) r= +0.1968 cum=    -18.97 v= +0.8181 top5=[a24=0.035, a9=0.032, a15=0.031, a34=0.030, a43=0.029]
  s=   92 a= 23(BUILD:Torchlight) r= -0.3597 cum=    -19.33 v= +0.8393 top5=[a24=0.035, a9=0.032, a15=0.031, a34=0.030, a43=0.029]
  s=   93 a= 30(BUILD:BigIronmine) r= +0.7463 cum=    -18.58 v= +0.8606 top5=[a24=0.035, a9=0.032, a15=0.031, a34=0.030, a43=0.029]
  s=   94 a= 21(BUILD:BigFarm) r= -0.3601 cum=    -18.94 v= +0.8648 top5=[a24=0.035, a9=0.032, a15=0.031, a34=0.030, a43=0.029]
  s=   95 a= 10(BUILD:Refinery) r= -3.1319 cum=    -22.07 v= +0.8450 top5=[a24=0.034, a9=0.032, a15=0.031, a34=0.030, a43=0.029]
  s=   96 a= 13(BUILD:HydroStation) r= -0.3614 cum=    -22.43 v= +0.8254 top5=[a24=0.034, a9=0.032, a15=0.031, a34=0.030, a43=0.029]
  s=   97 a= 23(BUILD:Torchlight) r= -0.3512 cum=    -22.79 v= +0.8056 top5=[a24=0.034, a9=0.032, a15=0.031, a34=0.030, a43=0.029]
  s=   98 a= 23(BUILD:Torchlight) r= -0.3515 cum=    -23.14 v= +0.7851 top5=[a24=0.034, a9=0.032, a15=0.030, a34=0.029, a43=0.029]
  s=   99 a= 28(BUILD:BigRefinary) r= -0.3624 cum=    -23.50 v= +0.7653 top5=[a24=0.034, a9=0.031, a15=0.030, a34=0.029, a43=0.029]
  s=  100 a=  4(BUILD:Garden) r= -0.3627 cum=    -23.86 v= +0.7482 top5=[a24=0.034, a9=0.031, a15=0.030, a34=0.029, a43=0.029]
    state: year=0 month=6 season=1 money=5656 credit=0 people=28 busy=3 free=25 home_places=110 need_workers=7 tax_due=0 main_tax_due=0 tax_amount=6806 main_tax_amount=0 days_alive=107 stage=0 res0=0 res1=200 res2=0 res3=0 res4=0 res5=0 res6=0 res7=0 res8=0 Garden=2 Road=1 House=1 Puerperal=1 | nw=1522422.1469
  s=  101 a= 35(MANAGER:1) r= +0.2359 cum=    -23.63 v= +0.7275 top5=[a24=0.034, a9=0.031, a15=0.030, a34=0.029, a39=0.029]
  s=  102 a=  3(BUILD:Farm) r= -0.3632 cum=    -23.99 v= +0.6724 top5=[a24=0.034, a9=0.031, a15=0.030, a34=0.029, a39=0.029]
  s=  103 a= 36(MANAGER:2) r= +0.2029 cum=    -23.79 v= +0.6017 top5=[a24=0.034, a9=0.031, a15=0.030, a34=0.029, a39=0.029]
  s=  104 a= 10(BUILD:Refinery) r= -0.3637 cum=    -24.15 v= +0.5284 top5=[a24=0.034, a9=0.031, a15=0.030, a34=0.029, a39=0.029]
  s=  105 a= 35(MANAGER:1) r= -2.5871 cum=    -26.74 v= +0.4405 top5=[a24=0.034, a9=0.031, a15=0.030, a34=0.030, a39=0.029]
  s=  106 a=  9(BUILD:Ironmine) r= -0.3629 cum=    -27.10 v= +0.3478 top5=[a24=0.034, a9=0.031, a15=0.030, a34=0.030, a39=0.029]
  s=  107 a= 32(BUILD:SmallAtomStation) r= -0.3644 cum=    -27.46 v= +0.2696 top5=[a24=0.034, a9=0.031, a15=0.030, a39=0.030, a34=0.030]
  s=  108 a=  4(BUILD:Garden) r= -0.3647 cum=    -27.83 v= +0.1887 top5=[a24=0.034, a9=0.031, a39=0.030, a15=0.030, a34=0.030]
  s=  109 a=  0(DAY) r= +0.1946 cum=    -27.63 v= +0.1079 top5=[a24=0.034, a9=0.031, a39=0.030, a15=0.030, a34=0.030]
  s=  110 a= 24(BUILD:Hothouse) r= -0.3652 cum=    -28.00 v= +0.0274 top5=[a24=0.034, a9=0.031, a39=0.030, a34=0.030, a15=0.030]
  s=  111 a= 19(BUILD:Mushroom) r= -0.3643 cum=    -28.36 v= -0.0528 top5=[a24=0.034, a9=0.031, a39=0.030, a11=0.030, a34=0.030]
  s=  112 a= 34(MANAGER:0) r= -0.3659 cum=    -28.73 v= -0.1388 top5=[a24=0.034, a39=0.031, a9=0.031, a11=0.030, a34=0.030]
  s=  113 a= 21(BUILD:BigFarm) r= -0.3662 cum=    -29.10 v= -0.2301 top5=[a24=0.034, a39=0.031, a9=0.030, a11=0.030, a34=0.030]
  s=  114 a= 36(MANAGER:2) r= +0.2369 cum=    -28.86 v= -0.3267 top5=[a24=0.034, a39=0.031, a9=0.030, a11=0.030, a34=0.030]
  s=  115 a=  6(BUILD:SmallHouse) r= -3.1772 cum=    -32.04 v= -0.4280 top5=[a24=0.034, a39=0.031, a11=0.030, a9=0.030, a34=0.030]
  s=  116 a=  4(BUILD:Garden) r= -0.3653 cum=    -32.40 v= +0.0301 top5=[a24=0.034, a9=0.032, a34=0.030, a15=0.030, a43=0.029]
  s=  117 a= 32(BUILD:SmallAtomStation) r= -0.3668 cum=    -32.77 v= +0.0559 top5=[a24=0.033, a9=0.032, a34=0.030, a15=0.029, a43=0.029]
  s=  118 a= 17(BUILD:HuntingLand) r= -0.3659 cum=    -33.13 v= +0.0790 top5=[a24=0.033, a9=0.032, a34=0.030, a15=0.029, a43=0.029]
  s=  119 a= 43(MANAGER:9) r= -0.3674 cum=    -33.50 v= +0.1070 top5=[a24=0.033, a9=0.031, a34=0.030, a15=0.029, a43=0.029]
  s=  120 a= 29(BUILD:Puerperal) r= -0.3677 cum=    -33.87 v= +0.1275 top5=[a24=0.033, a9=0.031, a34=0.030, a15=0.029, a43=0.028]
  s=  121 a= 12(BUILD:PowerStation) r= +1.0199 cum=    -32.85 v= +0.1427 top5=[a24=0.033, a9=0.031, a34=0.030, a15=0.029, a43=0.028]
  s=  122 a=  9(BUILD:Ironmine) r= -0.3679 cum=    -33.22 v= +0.0055 top5=[a24=0.032, a9=0.031, a34=0.029, a15=0.029, a43=0.029]
  s=  123 a= 29(BUILD:Puerperal) r= -0.3682 cum=    -33.59 v= -0.0283 top5=[a24=0.032, a9=0.031, a34=0.029, a15=0.029, a43=0.029]
  s=  124 a=  3(BUILD:Farm) r= -0.3686 cum=    -33.95 v= -0.0771 top5=[a24=0.032, a9=0.031, a34=0.029, a15=0.029, a14=0.028]
  s=  125 a= 24(BUILD:Hothouse) r= -0.3689 cum=    -34.32 v= -0.1218 top5=[a24=0.032, a9=0.031, a34=0.029, a15=0.029, a43=0.028]
  s=  126 a= 23(BUILD:Torchlight) r= -0.3692 cum=    -34.69 v= -0.1604 top5=[a24=0.032, a9=0.031, a34=0.029, a15=0.029, a43=0.028]
  s=  127 a=  6(BUILD:SmallHouse) r= -0.3695 cum=    -35.06 v= -0.1973 top5=[a24=0.032, a9=0.031, a34=0.029, a15=0.029, a43=0.028]
  s=  128 a= 35(MANAGER:1) r= +0.2624 cum=    -34.80 v= -0.1464 top5=[a24=0.033, a9=0.031, a34=0.030, a15=0.028, a43=0.028]
  s=  129 a= 32(BUILD:SmallAtomStation) r= -0.3700 cum=    -35.17 v= -0.2107 top5=[a24=0.032, a9=0.031, a34=0.030, a15=0.028, a43=0.028]
  s=  130 a=  9(BUILD:Ironmine) r= -3.2071 cum=    -38.38 v= -0.2800 top5=[a24=0.032, a9=0.031, a34=0.030, a15=0.028, a43=0.028]
  s=  131 a=  0(DAY) r= +0.1972 cum=    -38.18 v= -0.3736 top5=[a24=0.032, a9=0.031, a34=0.030, a15=0.028, a39=0.028]
  s=  132 a= 10(BUILD:Refinery) r= -0.3703 cum=    -38.55 v= -0.4692 top5=[a24=0.032, a9=0.031, a34=0.030, a15=0.028, a39=0.028]
  s=  133 a= 16(BUILD:CoalCut) r= -0.3706 cum=    -38.92 v= -0.5657 top5=[a24=0.032, a9=0.031, a34=0.030, a39=0.028, a15=0.028]
  s=  134 a=  7(BUILD:Sawmill) r= -0.3600 cum=    -39.28 v= -0.6777 top5=[a24=0.032, a9=0.031, a34=0.030, a39=0.028, a15=0.028]
  s=  135 a= 15(BUILD:Fish) r= -0.3712 cum=    -39.65 v= -0.7895 top5=[a24=0.032, a9=0.031, a34=0.030, a39=0.029, a15=0.028]
  s=  136 a= 17(BUILD:HuntingLand) r= -0.3715 cum=    -40.02 v= -0.8748 top5=[a24=0.032, a9=0.031, a34=0.030, a39=0.029, a11=0.028]
  s=  137 a=  6(BUILD:SmallHouse) r= -0.3718 cum=    -40.39 v= -0.9582 top5=[a24=0.032, a9=0.031, a34=0.030, a39=0.029, a11=0.028]
  s=  138 a= 19(BUILD:Mushroom) r= -0.3721 cum=    -40.77 v= -1.0436 top5=[a24=0.032, a9=0.031, a34=0.030, a39=0.029, a11=0.029]
  s=  139 a= 42(MANAGER:8) r= -0.2300 cum=    -41.00 v= -1.1258 top5=[a24=0.033, a9=0.030, a34=0.030, a39=0.029, a11=0.029]
  s=  140 a= 31(BUILD:AirStation) r= +1.5953 cum=    -39.40 v= -5.7598 top5=[a24=0.034, a43=0.032, a11=0.029, a39=0.028, a34=0.027]
  s=  141 a= 32(BUILD:SmallAtomStation) r= -0.8012 cum=    -40.20 v= -4.7265 top5=[a24=0.033, a43=0.030, a11=0.030, a39=0.029, a34=0.028]
  s=  142 a=  2(BUILD:WaterChannel) r= +1.9462 cum=    -38.26 v= -4.8223 top5=[a24=0.033, a43=0.030, a11=0.030, a39=0.029, a34=0.028]
  s=  143 a= 19(BUILD:Mushroom) r= -0.8012 cum=    -39.06 v= -5.7609 top5=[a11=0.032, a34=0.030, a24=0.030, a43=0.029, a39=0.028]
  s=  144 a= 27(BUILD:WaterMill) r= -0.8051 cum=    -39.86 v= -5.8701 top5=[a11=0.032, a34=0.030, a24=0.030, a43=0.029, a39=0.029]
  s=  145 a= 29(BUILD:Puerperal) r= -0.8061 cum=    -40.67 v= -5.9949 top5=[a11=0.032, a34=0.030, a24=0.030, a43=0.029, a39=0.029]
  s=  146 a= 35(MANAGER:1) r= -0.1529 cum=    -40.82 v= -6.1096 top5=[a11=0.032, a34=0.030, a24=0.030, a43=0.029, a39=0.029]
  s=  147 a= 11(BUILD:Goldmine) r= -0.7958 cum=    -41.62 v= -4.4581 top5=[a24=0.029, a11=0.029, a43=0.029, a14=0.028, a34=0.028]
  s=  148 a=  6(BUILD:SmallHouse) r= -0.8090 cum=    -42.43 v= -4.4570 top5=[a24=0.029, a11=0.029, a43=0.029, a14=0.028, a34=0.028]
  s=  149 a= 28(BUILD:BigRefinary) r= -0.8129 cum=    -43.24 v= -4.4613 top5=[a11=0.029, a24=0.029, a43=0.029, a34=0.028, a14=0.028]
  s=  150 a= 32(BUILD:SmallAtomStation) r= -0.8139 cum=    -44.05 v= -4.4655 top5=[a11=0.029, a24=0.029, a43=0.029, a34=0.028, a14=0.028]
    state: year=0 month=8 season=1 money=11331 credit=51209 people=29 busy=3 free=26 home_places=110 need_workers=7 tax_due=0 main_tax_due=0 tax_amount=7646 main_tax_amount=0 days_alive=157 stage=0 res0=0 res1=200 res2=0 res3=0 res4=0 res5=0 res6=0 res7=0 res8=0 Farm=1 Garden=2 Road=2 House=1 Puerperal=1 AirStation=1 | nw=1520788.5934
  s=  151 a= 29(BUILD:Puerperal) r= -3.6854 cum=    -47.74 v= -4.4665 top5=[a11=0.029, a24=0.029, a43=0.029, a34=0.028, a14=0.028]
  s=  152 a=  3(BUILD:Farm) r= +3.0938 cum=    -44.64 v= -4.5872 top5=[a24=0.030, a34=0.029, a11=0.029, a43=0.029, a14=0.028]
  s=  153 a= 14(BUILD:Road) r= -0.8268 cum=    -45.47 v= -6.9969 top5=[a11=0.032, a34=0.032, a43=0.028, a24=0.028, a32=0.027]
  s=  154 a=  7(BUILD:Sawmill) r= -0.8307 cum=    -46.30 v= -7.0090 top5=[a11=0.032, a34=0.032, a43=0.028, a24=0.028, a32=0.027]
  s=  155 a= 16(BUILD:CoalCut) r= -0.8318 cum=    -47.13 v= -7.0395 top5=[a11=0.032, a34=0.032, a43=0.028, a24=0.028, a15=0.027]
  s=  156 a=  6(BUILD:SmallHouse) r= -0.8328 cum=    -47.97 v= -7.0533 top5=[a11=0.032, a34=0.032, a43=0.028, a24=0.028, a15=0.027]
  s=  157 a=  0(DAY) r= -0.2604 cum=    -48.23 v= -7.0665 top5=[a11=0.032, a34=0.032, a43=0.028, a24=0.028, a3=0.027]
  s=  158 a=  0(DAY) r= -0.2609 cum=    -48.49 v= -7.0807 top5=[a11=0.032, a34=0.032, a24=0.028, a43=0.028, a3=0.027]
  s=  159 a= 21(BUILD:BigFarm) r= -0.8385 cum=    -49.33 v= -7.0913 top5=[a11=0.032, a34=0.032, a24=0.028, a43=0.028, a15=0.027]
  s=  160 a= 33(BUILD:AtomStation) r= -0.8383 cum=    -50.16 v= -7.1024 top5=[a11=0.033, a34=0.032, a24=0.028, a43=0.028, a15=0.027]
  s=  161 a= 23(BUILD:Torchlight) r= -3.7157 cum=    -53.88 v= -7.1383 top5=[a11=0.033, a34=0.032, a24=0.028, a43=0.027, a15=0.027]
  s=  162 a= 34(MANAGER:0) r= -0.8398 cum=    -54.72 v= -7.2036 top5=[a11=0.033, a34=0.032, a24=0.028, a43=0.027, a15=0.027]
  s=  163 a= 16(BUILD:CoalCut) r= -0.8408 cum=    -55.56 v= -7.2975 top5=[a11=0.033, a34=0.032, a24=0.028, a43=0.027, a15=0.027]
  s=  164 a= 17(BUILD:HuntingLand) r= -0.8447 cum=    -56.41 v= -7.3901 top5=[a11=0.033, a34=0.032, a24=0.028, a43=0.027, a15=0.027]
  s=  165 a=  3(BUILD:Farm) r= -0.8445 cum=    -57.25 v= -7.4800 top5=[a11=0.033, a34=0.032, a24=0.028, a43=0.027, a15=0.027]
  s=  166 a= 29(BUILD:Puerperal) r= -0.8468 cum=    -58.10 v= -7.5690 top5=[a11=0.033, a34=0.032, a24=0.028, a43=0.027, a15=0.027]
  s=  167 a= 16(BUILD:CoalCut) r= -0.8478 cum=    -58.94 v= -7.6731 top5=[a11=0.033, a34=0.032, a24=0.028, a43=0.027, a15=0.027]
  s=  168 a= 35(MANAGER:1) r= -0.2033 cum=    -59.15 v= -7.7847 top5=[a11=0.033, a34=0.032, a24=0.028, a43=0.027, a15=0.027]
  s=  169 a= 36(MANAGER:2) r= -0.1636 cum=    -59.31 v= -7.9009 top5=[a11=0.033, a34=0.032, a24=0.028, a43=0.027, a15=0.027]
  s=  170 a= 14(BUILD:Road) r= -0.8536 cum=    -60.17 v= -8.0288 top5=[a11=0.034, a34=0.032, a24=0.028, a43=0.028, a15=0.027]
  s=  171 a= 31(BUILD:AirStation) r= -3.7275 cum=    -63.89 v= -8.1407 top5=[a11=0.034, a34=0.032, a43=0.028, a24=0.028, a15=0.027]
  s=  172 a= 23(BUILD:Torchlight) r= -0.8452 cum=    -64.74 v= -8.5345 top5=[a11=0.035, a34=0.033, a24=0.029, a9=0.028, a43=0.026]
  s=  173 a= 21(BUILD:BigFarm) r= -0.8573 cum=    -65.60 v= -9.0132 top5=[a11=0.035, a34=0.033, a24=0.028, a9=0.028, a43=0.027]
  s=  174 a=  2(BUILD:WaterChannel) r= -0.8534 cum=    -66.45 v= -9.1157 top5=[a11=0.035, a34=0.033, a24=0.028, a9=0.028, a43=0.027]
  s=  175 a= 32(BUILD:SmallAtomStation) r= -0.8611 cum=    -67.31 v= -9.2158 top5=[a11=0.035, a34=0.033, a24=0.028, a9=0.028, a43=0.027]
  s=  176 a= 17(BUILD:HuntingLand) r= -0.8634 cum=    -68.17 v= -9.3224 top5=[a11=0.035, a34=0.033, a9=0.028, a24=0.028, a43=0.028]
  s=  177 a= 30(BUILD:BigIronmine) r= -0.8631 cum=    -69.04 v= -9.4332 top5=[a11=0.035, a34=0.033, a9=0.028, a24=0.028, a43=0.028]
  s=  178 a= 36(MANAGER:2) r= +5.8100 cum=    -63.23 v= -6.0010 top5=[a9=0.034, a12=0.031, a36=0.030, a8=0.030, a27=0.030]
  s=  179 a= 44(MANAGER:10) r= +0.1796 cum=    -63.05 v= -6.2620 top5=[a9=0.035, a36=0.031, a12=0.031, a8=0.030, a27=0.030]
  s=  180 a=  6(BUILD:SmallHouse) r= -0.7153 cum=    -63.76 v= -5.5436 top5=[a9=0.038, a8=0.031, a12=0.030, a11=0.030, a34=0.029]
  s=  181 a=  0(DAY) r= -3.0324 cum=    -66.79 v= -5.3413 top5=[a9=0.037, a8=0.034, a32=0.032, a11=0.030, a39=0.030]
  s=  182 a= 10(BUILD:Refinery) r= -0.7175 cum=    -67.51 v= -5.4257 top5=[a9=0.037, a8=0.034, a32=0.032, a11=0.030, a39=0.030]
  s=  183 a= 40(MANAGER:6) r= -0.7213 cum=    -68.23 v= -5.5520 top5=[a9=0.036, a8=0.034, a32=0.032, a11=0.031, a39=0.029]
  s=  184 a= 31(BUILD:AirStation) r= -0.7222 cum=    -68.96 v= -5.6939 top5=[a9=0.036, a8=0.034, a32=0.032, a11=0.031, a39=0.029]
  s=  185 a= 31(BUILD:AirStation) r= -0.7432 cum=    -69.70 v= -5.8454 top5=[a9=0.036, a8=0.034, a32=0.032, a11=0.031, a39=0.029]
  s=  186 a=  8(BUILD:Coalmine) r= -0.7179 cum=    -70.42 v= -6.0136 top5=[a9=0.036, a8=0.034, a32=0.033, a11=0.031, a39=0.029]
  s=  187 a= 40(MANAGER:6) r= -0.7450 cum=    -71.16 v= -6.1866 top5=[a9=0.035, a8=0.034, a32=0.033, a11=0.031, a39=0.029]
  s=  188 a= 28(BUILD:BigRefinary) r= -0.7300 cum=    -71.89 v= -6.3421 top5=[a9=0.035, a8=0.034, a32=0.033, a11=0.031, a39=0.029]
  s=  189 a= 27(BUILD:WaterMill) r= -0.7309 cum=    -72.62 v= -6.4763 top5=[a9=0.035, a8=0.034, a32=0.033, a11=0.031, a39=0.029]
  s=  190 a= 25(BUILD:SuperHouse) r= -0.7355 cum=    -73.36 v= -6.6405 top5=[a9=0.035, a8=0.034, a32=0.033, a11=0.032, a36=0.029]
  s=  191 a= 40(MANAGER:6) r= -3.6246 cum=    -76.98 v= -6.8173 top5=[a9=0.035, a8=0.035, a32=0.033, a11=0.032, a36=0.029]
  s=  192 a= 27(BUILD:WaterMill) r= -0.7339 cum=    -77.72 v= -6.9913 top5=[a8=0.035, a9=0.035, a32=0.033, a11=0.032, a36=0.029]
  s=  193 a=  0(DAY) r= +0.9996 cum=    -76.72 v= -7.1725 top5=[a8=0.035, a9=0.034, a32=0.033, a11=0.032, a36=0.029]
  s=  194 a= 20(BUILD:BigHouse) r= -0.7362 cum=    -77.45 v= -7.3578 top5=[a8=0.035, a9=0.034, a32=0.033, a11=0.032, a36=0.029]
  s=  195 a= 36(MANAGER:2) r= +0.0647 cum=    -77.39 v= -7.5483 top5=[a8=0.035, a9=0.034, a32=0.034, a11=0.032, a36=0.029]
  s=  196 a= 41(MANAGER:7) r= -0.1553 cum=    -77.54 v= -7.7545 top5=[a8=0.035, a9=0.034, a32=0.034, a11=0.032, a36=0.029]
  s=  197 a=  5(BUILD:House) r= -0.7403 cum=    -78.28 v= -7.9321 top5=[a8=0.035, a9=0.034, a32=0.033, a11=0.033, a39=0.029]
  s=  198 a= 23(BUILD:Torchlight) r= -5.8019 cum=    -84.09 v= -8.1178 top5=[a8=0.035, a9=0.034, a32=0.034, a11=0.033, a39=0.029]
  s=  199 a= 28(BUILD:BigRefinary) r= -0.7373 cum=    -84.82 v= -8.3670 top5=[a8=0.035, a32=0.034, a9=0.033, a11=0.032, a39=0.029]
  s=  200 a= 15(BUILD:Fish) r= -0.7354 cum=    -85.56 v= -8.5500 top5=[a8=0.035, a32=0.034, a9=0.033, a11=0.032, a39=0.029]
    state: year=0 month=9 season=2 money=2791 credit=56563 people=29 busy=4 free=25 home_places=110 need_workers=10 tax_due=0 main_tax_due=0 tax_amount=8070 main_tax_amount=0 days_alive=207 stage=0 res0=0 res1=400 res2=0 res3=0 res4=0 res5=0 res6=0 res7=0 res8=23 Farm=1 Garden=3 Road=2 House=1 Puerperal=1 AirStation=1 | nw=1515306.0453
  s=  201 a=  3(BUILD:Farm) r= -3.6213 cum=    -89.18 v= -8.7310 top5=[a8=0.035, a32=0.034, a9=0.033, a11=0.033, a39=0.029]
  s=  202 a= 13(BUILD:HydroStation) r= -0.7431 cum=    -89.92 v= -8.9085 top5=[a8=0.035, a32=0.034, a9=0.033, a11=0.033, a39=0.029]
  s=  203 a= 11(BUILD:Goldmine) r= -0.7314 cum=    -90.65 v= -9.0787 top5=[a8=0.035, a32=0.034, a9=0.033, a11=0.033, a39=0.029]
  s=  204 a= 21(BUILD:BigFarm) r= -0.7323 cum=    -91.39 v= -9.2475 top5=[a8=0.035, a32=0.035, a11=0.033, a9=0.033, a39=0.029]
  s=  205 a= 11(BUILD:Goldmine) r= -0.7488 cum=    -92.14 v= -9.4150 top5=[a32=0.035, a8=0.035, a11=0.033, a9=0.032, a39=0.029]
  s=  206 a=  8(BUILD:Coalmine) r= -0.7497 cum=    -92.89 v= -9.5813 top5=[a32=0.035, a8=0.035, a11=0.033, a9=0.032, a39=0.029]
  s=  207 a= 10(BUILD:Refinery) r= -0.7494 cum=    -93.63 v= -9.7547 top5=[a32=0.035, a8=0.035, a11=0.033, a9=0.032, a39=0.029]
  s=  208 a=  2(BUILD:WaterChannel) r= -0.7500 cum=    -94.38 v= -6.4236 top5=[a9=0.035, a8=0.034, a32=0.032, a11=0.029, a27=0.029]
  s=  209 a= 24(BUILD:Hothouse) r= -0.7522 cum=    -95.14 v= -6.5529 top5=[a9=0.034, a8=0.034, a32=0.032, a11=0.029, a27=0.028]
  s=  210 a= 44(MANAGER:10) r= +0.1178 cum=    -95.02 v= -6.6883 top5=[a8=0.034, a9=0.034, a32=0.032, a11=0.029, a27=0.028]
  s=  211 a= 18(BUILD:CowFarm) r= -3.6629 cum=    -98.68 v= -6.8102 top5=[a8=0.034, a9=0.034, a32=0.032, a11=0.030, a39=0.028]
  s=  212 a= 20(BUILD:BigHouse) r= -0.7549 cum=    -99.44 v= -6.9524 top5=[a8=0.034, a9=0.033, a32=0.033, a11=0.030, a39=0.028]
  s=  213 a= 23(BUILD:Torchlight) r= -0.7574 cum=   -100.19 v= -7.1021 top5=[a8=0.034, a9=0.033, a32=0.033, a11=0.030, a36=0.028]
  s=  214 a=  1(WEEK) r= -0.9040 cum=   -101.10 v= -7.2484 top5=[a8=0.034, a9=0.033, a32=0.033, a11=0.030, a36=0.028]
  s=  215 a= 16(BUILD:CoalCut) r= -0.7674 cum=   -101.87 v= -7.7555 top5=[a8=0.035, a32=0.033, a9=0.032, a11=0.031, a39=0.029]
  s=  216 a= 21(BUILD:BigFarm) r= -0.7544 cum=   -102.62 v= -7.8971 top5=[a8=0.035, a32=0.033, a9=0.032, a11=0.031, a39=0.029]
  s=  217 a= 37(MANAGER:3) r= -5.8278 cum=   -108.45 v= -8.0274 top5=[a8=0.035, a32=0.034, a9=0.032, a11=0.031, a39=0.029]
  s=  218 a=  6(BUILD:SmallHouse) r= -0.9114 cum=   -109.36 v= -8.7844 top5=[a32=0.034, a9=0.033, a8=0.033, a11=0.031, a36=0.029]
  s=  219 a=  3(BUILD:Farm) r= -0.3214 cum=   -109.68 v= -8.9578 top5=[a32=0.034, a9=0.033, a8=0.033, a11=0.031, a36=0.029]
  s=  220 a= 36(MANAGER:2) r= -0.0795 cum=   -109.76 v= -9.0481 top5=[a32=0.033, a8=0.033, a9=0.033, a11=0.032, a36=0.029]
  s=  221 a= 10(BUILD:Refinery) r= -3.8062 cum=   -113.57 v= -9.2235 top5=[a32=0.033, a8=0.033, a9=0.033, a11=0.032, a36=0.029]
  s=  222 a= 39(MANAGER:5) r= -0.9067 cum=   -114.47 v= -9.3879 top5=[a8=0.033, a32=0.033, a9=0.033, a11=0.032, a36=0.029]
  s=  223 a= 23(BUILD:Torchlight) r= -0.9062 cum=   -115.38 v= -9.5618 top5=[a8=0.033, a32=0.033, a9=0.032, a11=0.032, a36=0.029]
  s=  224 a= 29(BUILD:Puerperal) r= -0.9115 cum=   -116.29 v= -9.7346 top5=[a8=0.033, a32=0.033, a11=0.032, a9=0.032, a36=0.029]
  s=  225 a= 36(MANAGER:2) r= -0.2927 cum=   -116.58 v= -9.9101 top5=[a8=0.033, a32=0.033, a11=0.032, a9=0.032, a36=0.029]
  s=  226 a= 10(BUILD:Refinery) r= -0.9135 cum=   -117.50 v=-10.0940 top5=[a8=0.033, a32=0.033, a11=0.032, a9=0.032, a36=0.029]
  s=  227 a= 17(BUILD:HuntingLand) r= -0.9149 cum=   -118.41 v=-10.2736 top5=[a8=0.033, a32=0.033, a11=0.033, a9=0.032, a36=0.029]
  s=  228 a=  5(BUILD:House) r= -0.9160 cum=   -119.33 v=-10.4670 top5=[a8=0.033, a32=0.033, a11=0.033, a9=0.031, a36=0.029]
  s=  229 a= 11(BUILD:Goldmine) r= -0.9199 cum=   -120.25 v=-10.6702 top5=[a8=0.033, a32=0.033, a11=0.033, a9=0.031, a36=0.029]
  s=  230 a=  2(BUILD:WaterChannel) r= -0.9194 cum=   -121.17 v=-10.8872 top5=[a32=0.033, a8=0.033, a11=0.033, a9=0.031, a36=0.029]
  s=  231 a= 11(BUILD:Goldmine) r= -3.8577 cum=   -125.03 v=-11.1068 top5=[a32=0.033, a8=0.033, a11=0.033, a9=0.031, a36=0.029]
  s=  232 a= 32(BUILD:SmallAtomStation) r= -0.9286 cum=   -125.95 v=-11.3253 top5=[a32=0.033, a11=0.033, a8=0.033, a9=0.031, a36=0.029]
  s=  233 a= 14(BUILD:Road) r= -0.9310 cum=   -126.88 v=-11.5290 top5=[a32=0.033, a11=0.033, a8=0.033, a9=0.031, a36=0.029]
  s=  234 a= 18(BUILD:CowFarm) r= -0.9295 cum=   -127.81 v=-11.7200 top5=[a32=0.033, a11=0.033, a8=0.033, a9=0.031, a36=0.029]
  s=  235 a= 19(BUILD:Mushroom) r= -0.9368 cum=   -128.75 v=-11.9192 top5=[a11=0.033, a32=0.033, a8=0.033, a9=0.031, a36=0.029]
  s=  236 a= 11(BUILD:Goldmine) r= -0.9424 cum=   -129.69 v= -7.9679 top5=[a9=0.034, a32=0.033, a8=0.032, a11=0.030, a27=0.029]
  s=  237 a=  5(BUILD:House) r= -0.9320 cum=   -130.63 v= -8.0849 top5=[a9=0.034, a32=0.033, a8=0.032, a11=0.030, a27=0.029]
  s=  238 a= 25(BUILD:SuperHouse) r= -0.9206 cum=   -131.55 v= -8.2602 top5=[a9=0.034, a32=0.033, a8=0.032, a11=0.030, a27=0.029]
  s=  239 a= 40(MANAGER:6) r= -0.2191 cum=   -131.77 v= -8.4299 top5=[a9=0.034, a32=0.033, a8=0.032, a11=0.030, a27=0.029]
  s=  240 a= 27(BUILD:WaterMill) r= -0.9338 cum=   -132.70 v= -8.5798 top5=[a9=0.033, a32=0.033, a8=0.032, a11=0.030, a27=0.029]
  s=  241 a= 27(BUILD:WaterMill) r= -3.8750 cum=   -136.57 v= -8.7551 top5=[a9=0.033, a32=0.033, a8=0.032, a11=0.030, a36=0.029]
  s=  242 a= 20(BUILD:BigHouse) r= -0.9378 cum=   -137.51 v= -8.9388 top5=[a32=0.033, a9=0.033, a8=0.032, a11=0.030, a36=0.029]
  s=  243 a= 33(BUILD:AtomStation) r= -0.9350 cum=   -138.45 v= -9.1217 top5=[a32=0.033, a9=0.033, a8=0.032, a11=0.030, a36=0.029]
  s=  244 a= 37(MANAGER:3) r= -5.8713 cum=   -144.32 v= -9.3044 top5=[a32=0.033, a9=0.033, a8=0.032, a11=0.030, a36=0.029]
  s=  245 a=  4(BUILD:Garden) r= -0.9163 cum=   -145.23 v= -9.6931 top5=[a11=0.033, a32=0.031, a14=0.030, a9=0.030, a8=0.029]
  s=  246 a= 28(BUILD:BigRefinary) r= -0.9170 cum=   -146.15 v= -9.8529 top5=[a11=0.033, a32=0.031, a14=0.031, a9=0.030, a8=0.029]
  s=  247 a= 32(BUILD:SmallAtomStation) r= -0.9184 cum=   -147.07 v=-10.0116 top5=[a11=0.033, a14=0.031, a32=0.031, a9=0.030, a8=0.029]
  s=  248 a= 30(BUILD:BigIronmine) r= -0.9179 cum=   -147.99 v=-10.1728 top5=[a11=0.033, a14=0.031, a32=0.030, a9=0.030, a8=0.029]
  s=  249 a= 25(BUILD:SuperHouse) r= -0.9206 cum=   -148.91 v=-10.3331 top5=[a11=0.033, a14=0.031, a32=0.030, a9=0.029, a8=0.029]
  s=  250 a= 43(MANAGER:9) r= -0.9245 cum=   -149.83 v=-10.4982 top5=[a11=0.033, a14=0.031, a32=0.030, a9=0.029, a8=0.029]
    state: year=0 month=11 season=2 money=8821 credit=62854 people=31 busy=0 free=31 home_places=110 need_workers=11 tax_due=0 main_tax_due=0 tax_amount=7234 main_tax_amount=0 days_alive=260 stage=0 res0=0 res1=200 res2=0 res3=0 res4=0 res5=0 res6=0 res7=0 res8=42 Farm=1 Garden=3 Road=2 House=1 | nw=1454408.6430
  s=  251 a= 31(BUILD:AirStation) r= -3.8580 cum=   -153.69 v=-10.6498 top5=[a11=0.033, a14=0.031, a32=0.030, a8=0.029, a9=0.029]
  s=  252 a=  3(BUILD:Farm) r= +1.3250 cum=   -152.37 v=-10.7948 top5=[a11=0.033, a14=0.031, a32=0.030, a8=0.029, a9=0.029]
  s=  253 a= 11(BUILD:Goldmine) r= -0.9271 cum=   -153.29 v=-12.5544 top5=[a11=0.034, a14=0.033, a32=0.029, a36=0.029, a8=0.028]
  s=  254 a= 31(BUILD:AirStation) r= -0.9256 cum=   -154.22 v=-12.7289 top5=[a11=0.034, a14=0.033, a32=0.029, a36=0.029, a8=0.028]
  s=  255 a= 34(MANAGER:0) r= -0.9292 cum=   -155.15 v=-12.8983 top5=[a11=0.034, a14=0.033, a32=0.029, a36=0.029, a8=0.028]
  s=  256 a= 13(BUILD:HydroStation) r= -0.9290 cum=   -156.08 v=-13.0649 top5=[a11=0.034, a14=0.033, a32=0.029, a8=0.029, a36=0.029]
  s=  257 a= 17(BUILD:HuntingLand) r= -0.9330 cum=   -157.01 v=-13.2338 top5=[a11=0.034, a14=0.033, a32=0.029, a8=0.029, a36=0.029]
  s=  258 a= 13(BUILD:HydroStation) r= -0.9357 cum=   -157.95 v=-13.4091 top5=[a11=0.034, a14=0.034, a32=0.029, a8=0.029, a36=0.029]
  s=  259 a= 44(MANAGER:10) r= -0.0532 cum=   -158.00 v=-13.5745 top5=[a11=0.034, a14=0.034, a8=0.029, a32=0.029, a36=0.028]
  s=  260 a= 10(BUILD:Refinery) r= -0.9376 cum=   -158.94 v=-13.7407 top5=[a11=0.034, a14=0.034, a8=0.029, a32=0.029, a17=0.029]
  s=  261 a= 13(BUILD:HydroStation) r= -3.2951 cum=   -162.23 v=-13.9112 top5=[a11=0.034, a14=0.034, a8=0.029, a32=0.029, a17=0.029]
  s=  262 a= 18(BUILD:CowFarm) r= -0.9398 cum=   -163.17 v=-13.8338 top5=[a11=0.035, a14=0.034, a8=0.029, a32=0.028, a17=0.028]
  s=  263 a= 21(BUILD:BigFarm) r= -0.9422 cum=   -164.11 v=-14.0050 top5=[a11=0.035, a14=0.034, a8=0.030, a17=0.029, a32=0.028]
  s=  264 a= 15(BUILD:Fish) r= -0.9449 cum=   -165.06 v=-14.1769 top5=[a11=0.035, a14=0.034, a8=0.030, a17=0.029, a32=0.028]
  s=  265 a=  3(BUILD:Farm) r= -0.9460 cum=   -166.00 v=-14.3436 top5=[a11=0.035, a14=0.034, a8=0.030, a17=0.029, a32=0.028]
  s=  266 a= 41(MANAGER:7) r= -0.9500 cum=   -166.95 v=-15.8529 top5=[a39=0.039, a14=0.035, a36=0.034, a32=0.033, a8=0.032]
  s=  267 a=  0(DAY) r= -0.3605 cum=   -167.31 v=-13.9235 top5=[a12=0.046, a32=0.035, a6=0.033, a14=0.030, a8=0.029]
  s=  268 a= 38(MANAGER:4) r= +1.4154 cum=   -165.90 v=-13.8120 top5=[a12=0.045, a32=0.035, a6=0.033, a14=0.030, a8=0.029]
  s=  269 a= 34(MANAGER:0) r= -0.9547 cum=   -166.85 v=-13.5010 top5=[a12=0.044, a32=0.033, a6=0.032, a14=0.031, a39=0.030]
  s=  270 a= 43(MANAGER:9) r= -0.9555 cum=   -167.81 v=-13.3946 top5=[a12=0.044, a32=0.033, a6=0.032, a14=0.032, a39=0.030]
  s=  271 a= 39(MANAGER:5) r= -1.5467 cum=   -169.36 v=-13.3547 top5=[a12=0.043, a32=0.033, a14=0.032, a6=0.032, a39=0.030]
  s=  272 a= 40(MANAGER:6) r= -0.2442 cum=   -169.60 v=-13.1615 top5=[a12=0.045, a32=0.033, a6=0.033, a11=0.031, a8=0.031]
  s=  273 a= 16(BUILD:CoalCut) r= -0.9603 cum=   -170.56 v=-13.2400 top5=[a12=0.046, a32=0.034, a6=0.033, a39=0.032, a11=0.031]
  s=  274 a= 16(BUILD:CoalCut) r= -0.9687 cum=   -171.53 v=-13.2017 top5=[a12=0.045, a32=0.034, a6=0.032, a39=0.031, a11=0.031]
  s=  275 a=  6(BUILD:SmallHouse) r= -0.9701 cum=   -172.50 v=-13.1634 top5=[a12=0.045, a32=0.034, a6=0.032, a39=0.031, a11=0.031]
  s=  276 a= 12(BUILD:PowerStation) r= +0.4908 cum=   -172.01 v=-13.1248 top5=[a12=0.044, a32=0.034, a6=0.032, a11=0.031, a39=0.031]
  s=  277 a= 40(MANAGER:6) r= -0.9747 cum=   -172.98 v=-13.4384 top5=[a12=0.042, a32=0.035, a6=0.032, a14=0.031, a39=0.029]
  s=  278 a= 43(MANAGER:9) r= -0.9758 cum=   -173.96 v=-13.4402 top5=[a12=0.042, a32=0.035, a6=0.032, a14=0.031, a39=0.029]
  s=  279 a=  9(BUILD:Ironmine) r= -0.9719 cum=   -174.93 v=-13.4558 top5=[a12=0.041, a32=0.035, a6=0.032, a14=0.031, a39=0.029]
  s=  280 a= 23(BUILD:Torchlight) r= -0.9776 cum=   -175.91 v=-13.4711 top5=[a12=0.041, a32=0.035, a14=0.032, a6=0.031, a11=0.029]
  s=  281 a= 13(BUILD:HydroStation) r= -0.9805 cum=   -176.89 v=-13.4860 top5=[a12=0.041, a32=0.035, a14=0.032, a6=0.031, a11=0.029]
  s=  282 a=  6(BUILD:SmallHouse) r= -0.9795 cum=   -177.87 v=-13.5380 top5=[a12=0.040, a32=0.035, a14=0.032, a6=0.031, a11=0.029]
  s=  283 a= 34(MANAGER:0) r= -0.9857 cum=   -178.85 v=-13.1754 top5=[a12=0.041, a32=0.033, a11=0.032, a14=0.032, a6=0.031]
  s=  284 a= 32(BUILD:SmallAtomStation) r= -0.9821 cum=   -179.84 v=-13.1876 top5=[a12=0.040, a32=0.033, a11=0.032, a14=0.032, a39=0.031]
  s=  285 a= 38(MANAGER:4) r= -1.5844 cum=   -181.42 v=-13.2616 top5=[a12=0.040, a32=0.033, a11=0.032, a14=0.032, a39=0.031]
  s=  286 a= 43(MANAGER:9) r= -0.9855 cum=   -182.41 v=-13.2268 top5=[a12=0.040, a14=0.034, a32=0.032, a11=0.032, a39=0.032]
  s=  287 a= 33(BUILD:AtomStation) r= -0.9896 cum=   -183.40 v=-13.3251 top5=[a12=0.039, a14=0.034, a32=0.033, a11=0.032, a39=0.032]
  s=  288 a= 12(BUILD:PowerStation) r= +0.4730 cum=   -182.92 v=-13.4266 top5=[a12=0.039, a14=0.034, a32=0.033, a11=0.032, a39=0.032]
  s=  289 a= 11(BUILD:Goldmine) r= -0.9900 cum=   -183.91 v=-13.9324 top5=[a12=0.038, a14=0.035, a32=0.034, a43=0.032, a11=0.030]
  s=  290 a=  8(BUILD:Coalmine) r= +0.2026 cum=   -183.71 v=-14.0087 top5=[a12=0.037, a14=0.035, a32=0.034, a43=0.032, a11=0.031]
  s=  291 a= 42(MANAGER:8) r= -0.8532 cum=   -184.56 v=-14.0831 top5=[a12=0.037, a14=0.035, a32=0.034, a43=0.032, a11=0.031]
  s=  292 a=  8(BUILD:Coalmine) r= -1.4491 cum=   -186.01 v=-16.3301 top5=[a32=0.035, a22=0.033, a12=0.031, a14=0.029, a6=0.028]
  s=  293 a= 30(BUILD:BigIronmine) r= -1.4522 cum=   -187.47 v=-16.4006 top5=[a32=0.035, a22=0.034, a12=0.031, a14=0.029, a41=0.028]
  s=  294 a= 29(BUILD:Puerperal) r= -2.1804 cum=   -189.65 v=-16.4682 top5=[a32=0.035, a22=0.034, a12=0.030, a14=0.029, a41=0.028]
  s=  295 a= 16(BUILD:CoalCut) r= -1.4596 cum=   -191.11 v=-18.6521 top5=[a12=0.038, a32=0.036, a11=0.032, a43=0.029, a15=0.029]
  s=  296 a= 32(BUILD:SmallAtomStation) r= -1.4584 cum=   -192.56 v=-18.7322 top5=[a12=0.038, a32=0.036, a11=0.032, a43=0.029, a15=0.029]
  s=  297 a=  4(BUILD:Garden) r= -1.4584 cum=   -194.02 v=-21.6424 top5=[a12=0.067, a39=0.036, a36=0.031, a11=0.031, a32=0.030]
  s=  298 a= 24(BUILD:Hothouse) r= -1.4714 cum=   -195.49 v=-21.7857 top5=[a12=0.066, a39=0.036, a11=0.031, a36=0.031, a32=0.030]
  s=  299 a= 23(BUILD:Torchlight) r= -1.4677 cum=   -196.96 v=-21.9311 top5=[a12=0.065, a39=0.036, a11=0.031, a36=0.031, a32=0.030]
  s=  300 a= 13(BUILD:HydroStation) r= -1.4748 cum=   -198.44 v=-22.0865 top5=[a12=0.064, a39=0.036, a11=0.032, a36=0.031, a32=0.030]
    state: year=1 month=1 season=3 money=13076 credit=120440 people=32 busy=0 free=32 home_places=110 need_workers=0 tax_due=0 main_tax_due=0 tax_amount=8082 main_tax_amount=0 days_alive=310 stage=0 res0=0 res1=200 res2=0 res3=0 res4=0 res5=0 res6=0 res7=0 res8=42 Farm=1 Garden=4 Road=4 House=1 Puerperal=1 | nw=1446204.8086
  s=  301 a= 17(BUILD:HuntingLand) r= -1.4740 cum=   -199.91 v=-22.2415 top5=[a12=0.064, a39=0.036, a11=0.032, a36=0.031, a32=0.030]
  s=  302 a= 29(BUILD:Puerperal) r= -0.8782 cum=   -200.79 v=-22.3958 top5=[a12=0.063, a39=0.036, a11=0.032, a36=0.031, a32=0.030]
  s=  303 a= 26(BUILD:BigSawmill) r= -4.4973 cum=   -205.29 v=-22.6428 top5=[a12=0.062, a39=0.036, a11=0.032, a36=0.031, a32=0.030]
  s=  304 a=  7(BUILD:Sawmill) r= -1.4818 cum=   -206.77 v=-22.7955 top5=[a12=0.062, a39=0.036, a11=0.032, a36=0.031, a32=0.030]
  s=  305 a= 40(MANAGER:6) r= -1.4825 cum=   -208.25 v=-22.9562 top5=[a12=0.061, a39=0.036, a11=0.033, a36=0.031, a32=0.030]
  s=  306 a= 14(BUILD:Road) r= -0.3355 cum=   -208.59 v=-23.1502 top5=[a12=0.060, a39=0.036, a11=0.033, a36=0.031, a32=0.030]
  s=  307 a= 12(BUILD:PowerStation) r= -0.0085 cum=   -208.59 v=-25.5589 top5=[a12=0.058, a11=0.033, a39=0.032, a34=0.030, a6=0.029]
  s=  308 a= 14(BUILD:Road) r= +1.4675 cum=   -207.13 v=-26.2801 top5=[a12=0.055, a11=0.032, a6=0.031, a34=0.031, a39=0.030]
  s=  309 a= 24(BUILD:Hothouse) r= -1.4860 cum=   -208.61 v=-27.8144 top5=[a12=0.051, a34=0.034, a6=0.033, a11=0.032, a43=0.028]
  s=  310 a= 32(BUILD:SmallAtomStation) r= -1.4972 cum=   -210.11 v=-28.0151 top5=[a12=0.051, a34=0.034, a6=0.033, a11=0.032, a43=0.028]
  s=  311 a= 12(BUILD:PowerStation) r= -0.0244 cum=   -210.13 v=-28.2174 top5=[a12=0.050, a34=0.034, a6=0.033, a11=0.032, a43=0.029]
  s=  312 a= 38(MANAGER:4) r= +0.9112 cum=   -209.22 v=-28.5151 top5=[a12=0.047, a34=0.034, a6=0.033, a11=0.031, a43=0.029]
  s=  313 a= 25(BUILD:SuperHouse) r= -1.5089 cum=   -210.73 v=-28.1796 top5=[a12=0.045, a34=0.033, a6=0.032, a15=0.030, a11=0.030]
  s=  314 a= 44(MANAGER:10) r= -0.6030 cum=   -211.33 v=-28.3200 top5=[a12=0.049, a11=0.032, a34=0.032, a15=0.031, a6=0.030]
  s=  315 a= 27(BUILD:WaterMill) r= -1.5171 cum=   -212.85 v=-28.4809 top5=[a12=0.049, a11=0.032, a34=0.031, a39=0.031, a6=0.031]
  s=  316 a= 16(BUILD:CoalCut) r= +6.0506 cum=   -206.80 v=-28.4431 top5=[a12=0.051, a11=0.033, a39=0.032, a15=0.031, a34=0.030]
  s=  317 a= 14(BUILD:Road) r= -1.5112 cum=   -208.31 v=-28.5433 top5=[a12=0.051, a39=0.033, a11=0.033, a15=0.031, a43=0.030]
  s=  318 a= 32(BUILD:SmallAtomStation) r= -1.5113 cum=   -209.82 v=-28.4624 top5=[a12=0.053, a39=0.036, a11=0.034, a15=0.032, a43=0.030]
  s=  319 a= 40(MANAGER:6) r= -1.5169 cum=   -211.34 v=-28.6477 top5=[a12=0.052, a39=0.036, a11=0.034, a15=0.032, a43=0.030]
  s=  320 a= 15(BUILD:Fish) r= -4.5152 cum=   -215.86 v=-28.8333 top5=[a12=0.051, a39=0.036, a11=0.034, a15=0.032, a43=0.030]
  s=  321 a= 25(BUILD:SuperHouse) r= -1.5192 cum=   -217.37 v=-29.0186 top5=[a12=0.051, a39=0.036, a11=0.035, a15=0.032, a43=0.031]
  s=  322 a=  9(BUILD:Ironmine) r= -1.5225 cum=   -218.90 v=-29.2068 top5=[a12=0.050, a39=0.036, a11=0.035, a15=0.032, a43=0.031]
  s=  323 a= 12(BUILD:PowerStation) r= -0.0521 cum=   -218.95 v=-29.3958 top5=[a12=0.049, a39=0.037, a11=0.035, a15=0.032, a43=0.031]
  s=  324 a= 12(BUILD:PowerStation) r= -5.9875 cum=   -224.94 v=-30.3419 top5=[a12=0.049, a11=0.034, a39=0.033, a43=0.030, a15=0.030]
  s=  325 a= 44(MANAGER:10) r= -0.6333 cum=   -225.57 v=-30.5627 top5=[a12=0.047, a11=0.035, a39=0.033, a15=0.031, a43=0.031]
  s=  326 a= 22(BUILD:Apiary) r= -1.5262 cum=   -227.10 v=-30.7754 top5=[a12=0.047, a11=0.035, a39=0.033, a43=0.031, a15=0.031]
  s=  327 a= 10(BUILD:Refinery) r= -0.9275 cum=   -228.02 v=-30.9742 top5=[a12=0.047, a11=0.035, a39=0.033, a43=0.031, a15=0.031]
  s=  328 a=  8(BUILD:Coalmine) r= -1.5336 cum=   -229.56 v=-27.6473 top5=[a12=0.063, a39=0.033, a6=0.031, a34=0.031, a15=0.029]
  s=  329 a= 10(BUILD:Refinery) r= -1.5315 cum=   -231.09 v=-27.7377 top5=[a12=0.062, a39=0.033, a34=0.031, a6=0.031, a15=0.029]
  s=  330 a=  8(BUILD:Coalmine) r= -1.5294 cum=   -232.62 v=-27.9405 top5=[a12=0.067, a39=0.035, a15=0.030, a34=0.030, a6=0.029]
  s=  331 a=  6(BUILD:SmallHouse) r= -1.5388 cum=   -234.16 v=-28.0634 top5=[a12=0.066, a39=0.035, a15=0.030, a34=0.030, a6=0.029]
  s=  332 a=  6(BUILD:SmallHouse) r= -4.5325 cum=   -238.69 v=-28.1860 top5=[a12=0.065, a39=0.035, a34=0.030, a15=0.030, a6=0.029]
  s=  333 a= 16(BUILD:CoalCut) r= -1.5379 cum=   -240.23 v=-28.3053 top5=[a12=0.065, a39=0.035, a34=0.030, a15=0.030, a11=0.029]
  s=  334 a= 12(BUILD:PowerStation) r= -1.5432 cum=   -241.77 v=-28.4332 top5=[a12=0.064, a39=0.035, a34=0.030, a15=0.030, a11=0.029]
  s=  335 a=  5(BUILD:House) r= -1.5523 cum=   -243.32 v=-28.5924 top5=[a12=0.063, a39=0.035, a11=0.030, a34=0.029, a15=0.029]
  s=  336 a= 30(BUILD:BigIronmine) r= -1.5529 cum=   -244.88 v=-28.7535 top5=[a12=0.063, a39=0.035, a11=0.030, a34=0.029, a15=0.029]
  s=  337 a= 35(MANAGER:1) r= -1.5520 cum=   -246.43 v=-28.9275 top5=[a12=0.062, a39=0.035, a11=0.030, a34=0.029, a15=0.029]
  s=  338 a= 32(BUILD:SmallAtomStation) r= -1.5519 cum=   -247.98 v=-29.0991 top5=[a12=0.061, a39=0.035, a11=0.030, a34=0.029, a15=0.029]
  s=  339 a= 36(MANAGER:2) r= -1.5613 cum=   -249.54 v=-29.2760 top5=[a12=0.061, a39=0.035, a11=0.031, a34=0.029, a15=0.029]
  s=  340 a=  5(BUILD:House) r= -1.5980 cum=   -251.14 v=-29.5243 top5=[a12=0.063, a39=0.037, a11=0.031, a15=0.030, a36=0.028]
  s=  341 a= 25(BUILD:SuperHouse) r= -1.6068 cum=   -252.75 v=-29.3421 top5=[a12=0.061, a39=0.039, a11=0.032, a15=0.031, a36=0.029]
  s=  342 a= 35(MANAGER:1) r= -4.6004 cum=   -257.35 v=-29.5166 top5=[a12=0.060, a39=0.039, a11=0.033, a15=0.031, a36=0.029]
  s=  343 a= 28(BUILD:BigRefinary) r= -1.6039 cum=   -258.95 v=-29.7034 top5=[a12=0.060, a39=0.039, a11=0.033, a15=0.031, a36=0.029]
  s=  344 a= 26(BUILD:BigSawmill) r= -1.6079 cum=   -260.56 v=-29.9084 top5=[a12=0.059, a39=0.039, a11=0.033, a15=0.031, a36=0.029]
  s=  345 a= 37(MANAGER:3) r= -5.9902 cum=   -266.55 v=-30.1330 top5=[a12=0.058, a39=0.039, a11=0.033, a15=0.031, a36=0.029]
  s=  346 a= 44(MANAGER:10) r= -0.1094 cum=   -266.66 v=-29.6603 top5=[a12=0.060, a39=0.038, a11=0.034, a36=0.030, a34=0.028]
  s=  347 a= 39(MANAGER:5) r= +0.7953 cum=   -265.86 v=-30.0081 top5=[a12=0.060, a39=0.038, a11=0.034, a36=0.030, a34=0.028]
  s=  348 a=  7(BUILD:Sawmill) r= -1.6033 cum=   -267.47 v=-30.3897 top5=[a12=0.059, a39=0.037, a11=0.034, a36=0.030, a34=0.029]
  s=  349 a= 31(BUILD:AirStation) r= -1.6121 cum=   -269.08 v=-30.6572 top5=[a12=0.058, a39=0.037, a11=0.034, a36=0.030, a34=0.029]
  s=  350 a= 20(BUILD:BigHouse) r= -1.6148 cum=   -270.69 v=-30.9241 top5=[a12=0.057, a39=0.037, a11=0.034, a36=0.030, a34=0.029]
    state: year=1 month=2 season=3 money=666 credit=133067 people=34 busy=3 free=31 home_places=130 need_workers=3 tax_due=0 main_tax_due=0 tax_amount=8502 main_tax_amount=0 days_alive=360 stage=0 res0=0 res1=200 res2=0 res3=0 res4=0 res5=0 res6=0 res7=0 res8=42 Farm=1 Garden=4 Road=7 House=1 SmallHouse=1 Puerperal=1 | nw=1427656.5418
  s=  351 a= 29(BUILD:Puerperal) r= -1.6084 cum=   -272.30 v=-31.2082 top5=[a12=0.057, a39=0.037, a11=0.034, a36=0.030, a34=0.029]
  s=  352 a= 42(MANAGER:8) r= -4.5958 cum=   -276.90 v=-31.4827 top5=[a12=0.056, a39=0.036, a11=0.034, a36=0.030, a34=0.029]
  s=  353 a=  9(BUILD:Ironmine) r= -1.6176 cum=   -278.51 v=-31.7438 top5=[a12=0.055, a39=0.036, a11=0.034, a36=0.029, a8=0.029]
  s=  354 a= 41(MANAGER:7) r= -1.6064 cum=   -280.12 v=-32.0028 top5=[a12=0.055, a39=0.036, a11=0.035, a36=0.029, a8=0.029]
  s=  355 a=  5(BUILD:House) r= +1.3611 cum=   -278.76 v=-32.3829 top5=[a12=0.054, a39=0.036, a11=0.035, a36=0.029, a8=0.029]
  s=  356 a= 40(MANAGER:6) r= -2.7910 cum=   -281.55 v=-44.6645 top5=[a30=0.035, a34=0.035, a44=0.029, a9=0.029, a3=0.029]
  s=  357 a= 17(BUILD:HuntingLand) r= -3.5180 cum=   -285.07 v=-44.5531 top5=[a30=0.035, a34=0.035, a44=0.029, a3=0.029, a9=0.029]
  s=  358 a= 11(BUILD:Goldmine) r= -3.5152 cum=   -288.58 v=-44.3991 top5=[a34=0.035, a30=0.035, a44=0.029, a3=0.029, a9=0.029]
  s=  359 a= 31(BUILD:AirStation) r= -3.5123 cum=   -292.10 v=-44.2477 top5=[a34=0.035, a30=0.035, a44=0.029, a3=0.029, a9=0.029]
  s=  360 a= 10(BUILD:Refinery) r= -3.5095 cum=   -295.61 v=-44.0956 top5=[a34=0.035, a30=0.035, a44=0.030, a3=0.029, a9=0.029]
  s=  361 a= 35(MANAGER:1) r= -3.5067 cum=   -299.11 v=-43.9457 top5=[a34=0.035, a30=0.035, a44=0.030, a3=0.029, a9=0.029]
  s=  362 a= 39(MANAGER:5) r= -5.9390 cum=   -305.05 v=-43.7983 top5=[a34=0.035, a30=0.035, a44=0.030, a3=0.029, a9=0.029]
  s=  363 a= 30(BUILD:BigIronmine) r= -3.4869 cum=   -308.54 v=-43.6507 top5=[a34=0.035, a30=0.034, a44=0.030, a3=0.029, a9=0.029]
  s=  364 a=  4(BUILD:Garden) r= -3.4844 cum=   -312.02 v=-43.4976 top5=[a34=0.035, a30=0.034, a44=0.030, a3=0.029, a9=0.029]
  s=  365 a= 17(BUILD:HuntingLand) r= -3.4819 cum=   -315.50 v=-43.3376 top5=[a34=0.035, a30=0.034, a44=0.030, a3=0.029, a9=0.028]
  s=  366 a= 26(BUILD:BigSawmill) r= -3.4794 cum=   -318.98 v=-43.1790 top5=[a34=0.035, a30=0.034, a44=0.030, a3=0.029, a9=0.028]
  s=  367 a= 33(BUILD:AtomStation) r= -3.4770 cum=   -322.46 v=-43.0221 top5=[a34=0.035, a30=0.034, a44=0.030, a3=0.029, a9=0.028]
  s=  368 a= 33(BUILD:AtomStation) r= -3.4746 cum=   -325.94 v=-42.8564 top5=[a34=0.035, a30=0.034, a44=0.030, a3=0.029, a9=0.028]
  s=  369 a= 38(MANAGER:4) r= -1.1182 cum=   -327.05 v=-42.6936 top5=[a34=0.035, a30=0.034, a44=0.030, a3=0.029, a9=0.028]
  s=  370 a= 16(BUILD:CoalCut) r= -3.4744 cum=   -330.53 v=-42.2907 top5=[a34=0.034, a30=0.034, a3=0.030, a44=0.029, a36=0.029]
  s=  371 a= 25(BUILD:SuperHouse) r= -3.4721 cum=   -334.00 v=-42.1367 top5=[a34=0.034, a30=0.034, a3=0.030, a44=0.029, a36=0.029]
  s=  372 a=  8(BUILD:Coalmine) r= -5.8809 cum=   -339.88 v=-41.9852 top5=[a34=0.034, a30=0.034, a3=0.030, a44=0.029, a36=0.029]
  s=  373 a= 39(MANAGER:5) r= -1.1123 cum=   -340.99 v=-41.8354 top5=[a34=0.034, a30=0.033, a3=0.030, a44=0.029, a36=0.029]
  s=  374 a= 42(MANAGER:8) r= -3.4563 cum=   -344.45 v=-41.8483 top5=[a34=0.035, a30=0.033, a44=0.030, a3=0.029, a9=0.028]
  s=  375 a= 21(BUILD:BigFarm) r= -3.4541 cum=   -347.90 v=-41.6831 top5=[a34=0.035, a30=0.033, a44=0.029, a3=0.029, a9=0.028]
  s=  376 a= 15(BUILD:Fish) r= -3.4520 cum=   -351.36 v=-41.5205 top5=[a34=0.035, a30=0.033, a44=0.029, a3=0.029, a9=0.028]
  s=  377 a= 39(MANAGER:5) r= -3.4499 cum=   -354.81 v=-41.3606 top5=[a34=0.035, a30=0.033, a44=0.029, a3=0.029, a9=0.028]
  s=  378 a= 23(BUILD:Torchlight) r= -3.4478 cum=   -358.25 v=-41.1950 top5=[a34=0.035, a30=0.033, a44=0.029, a3=0.029, a9=0.028]
  s=  379 a= 37(MANAGER:3) r= -5.8402 cum=   -364.09 v=-41.0311 top5=[a34=0.035, a30=0.033, a44=0.029, a3=0.029, a9=0.028]
  s=  380 a=  4(BUILD:Garden) r= -3.4310 cum=   -367.53 v=-40.9339 top5=[a34=0.036, a30=0.032, a44=0.029, a3=0.029, a9=0.028]
  s=  381 a=  7(BUILD:Sawmill) r= -3.4291 cum=   -370.95 v=-40.7828 top5=[a34=0.036, a30=0.032, a44=0.029, a3=0.029, a9=0.028]
  s=  382 a= 25(BUILD:SuperHouse) r= -5.8088 cum=   -376.76 v=-40.6340 top5=[a34=0.036, a30=0.032, a44=0.029, a3=0.029, a9=0.028]
  s=  383 a= 17(BUILD:HuntingLand) r= -3.4131 cum=   -380.18 v=-40.4873 top5=[a34=0.036, a30=0.032, a44=0.029, a3=0.029, a9=0.028]
  s=  384 a=  7(BUILD:Sawmill) r= -3.4113 cum=   -383.59 v=-40.3428 top5=[a34=0.036, a30=0.032, a44=0.029, a3=0.028, a9=0.028]
  s=  385 a=  9(BUILD:Ironmine) r= -3.4096 cum=   -387.00 v=-40.2003 top5=[a34=0.036, a30=0.032, a44=0.029, a3=0.028, a9=0.028]
  s=  386 a=  7(BUILD:Sawmill) r= -3.4079 cum=   -390.40 v=-40.0598 top5=[a34=0.036, a30=0.032, a44=0.029, a3=0.028, a9=0.028]
  s=  387 a= 12(BUILD:PowerStation) r= -1.9860 cum=   -392.39 v=-39.9213 top5=[a34=0.036, a30=0.032, a44=0.029, a3=0.028, a9=0.028]
  s=  388 a= 16(BUILD:CoalCut) r= -3.4078 cum=   -395.80 v=-35.9850 top5=[a34=0.034, a30=0.032, a44=0.028, a3=0.028, a36=0.028]
  s=  389 a= 17(BUILD:HuntingLand) r= -3.4061 cum=   -399.20 v=-35.8510 top5=[a34=0.034, a30=0.032, a44=0.028, a3=0.028, a36=0.028]
  s=  390 a= 42(MANAGER:8) r= -3.4045 cum=   -402.61 v=-35.7189 top5=[a34=0.034, a30=0.032, a44=0.028, a3=0.028, a36=0.028]
  s=  391 a= 41(MANAGER:7) r= -3.4029 cum=   -406.01 v=-35.5886 top5=[a34=0.034, a30=0.032, a44=0.028, a3=0.028, a36=0.028]
  s=  392 a= 31(BUILD:AirStation) r= -3.4013 cum=   -409.41 v=-35.3542 top5=[a34=0.034, a30=0.032, a44=0.028, a3=0.028, a36=0.028]
  s=  393 a= 17(BUILD:HuntingLand) r= -3.3997 cum=   -412.81 v=-35.2275 top5=[a34=0.034, a30=0.032, a44=0.028, a3=0.028, a36=0.028]
  s=  394 a= 31(BUILD:AirStation) r= -3.3981 cum=   -416.21 v=-35.1025 top5=[a34=0.035, a30=0.032, a44=0.028, a3=0.028, a36=0.028]
  s=  395 a=  3(BUILD:Farm) r= -3.3966 cum=   -419.61 v=-34.9791 top5=[a34=0.035, a30=0.032, a44=0.028, a3=0.028, a36=0.028]
  s=  396 a= 41(MANAGER:7) r= -5.7544 cum=   -425.36 v=-34.8573 top5=[a34=0.035, a30=0.032, a44=0.028, a3=0.028, a36=0.028]
  s=  397 a= 16(BUILD:CoalCut) r= -3.3822 cum=   -428.74 v=-34.7370 top5=[a34=0.035, a30=0.032, a44=0.028, a3=0.028, a36=0.028]
  s=  398 a= 35(MANAGER:1) r= -2.7088 cum=   -431.45 v=-34.6183 top5=[a34=0.035, a30=0.032, a44=0.028, a3=0.028, a36=0.028]
  s=  399 a= 41(MANAGER:7) r= -3.3812 cum=   -434.83 v=-32.2543 top5=[a34=0.037, a30=0.032, a44=0.028, a3=0.028, a36=0.028]
  s=  400 a= 29(BUILD:Puerperal) r= -3.3798 cum=   -438.21 v=-32.1399 top5=[a34=0.037, a30=0.032, a44=0.028, a3=0.028, a36=0.028]
    state: year=1 month=3 season=0 money=130 credit=134401 people=34 busy=3 free=31 home_places=110 need_workers=8 tax_due=1 main_tax_due=0 tax_amount=8094 main_tax_amount=0 days_alive=365 stage=0 res0=0 res1=400 res2=0 res3=0 res4=0 res5=0 res6=0 res7=0 res8=42 Farm=1 Garden=4 Road=8 House=1 Puerperal=1 | nw=1420612.5616
  s=  401 a= 14(BUILD:Road) r= -3.3785 cum=   -441.59 v=-32.0270 top5=[a34=0.037, a30=0.032, a44=0.028, a3=0.028, a36=0.028]
  s=  402 a= 24(BUILD:Hothouse) r= -3.3771 cum=   -444.97 v=-31.9150 top5=[a34=0.037, a30=0.032, a44=0.028, a3=0.028, a36=0.028]
  s=  403 a=  1(WEEK) r= -3.3758 cum=   -448.35 v=-31.8045 top5=[a34=0.037, a30=0.032, a44=0.028, a3=0.028, a36=0.028]
  s=  404 a= 18(BUILD:CowFarm) r= -3.3745 cum=   -451.72 v=-31.6952 top5=[a34=0.037, a30=0.032, a44=0.028, a3=0.028, a36=0.028]
  s=  405 a= 13(BUILD:HydroStation) r= -3.3732 cum=   -455.09 v=-31.5873 top5=[a34=0.037, a30=0.032, a44=0.028, a3=0.028, a36=0.028]
  s=  406 a= 27(BUILD:WaterMill) r= -5.7151 cum=   -460.81 v=-31.4806 top5=[a34=0.037, a30=0.032, a44=0.028, a3=0.028, a36=0.028]
  s=  407 a=  0(DAY) r= -3.3599 cum=   -464.17 v=-31.3752 top5=[a34=0.037, a30=0.032, a44=0.028, a3=0.028, a36=0.028]
  s=  408 a=  4(BUILD:Garden) r= -3.3588 cum=   -467.53 v=-31.2710 top5=[a34=0.037, a30=0.032, a44=0.028, a3=0.028, a36=0.028]
  s=  409 a= 20(BUILD:BigHouse) r= -3.3576 cum=   -470.88 v=-31.1680 top5=[a34=0.037, a30=0.032, a44=0.028, a3=0.028, a36=0.028]
  s=  410 a= 11(BUILD:Goldmine) r= -3.3564 cum=   -474.24 v=-31.0662 top5=[a34=0.037, a30=0.032, a44=0.028, a3=0.028, a36=0.028]
  s=  411 a= 37(MANAGER:3) r= -5.6870 cum=   -479.93 v=-30.9655 top5=[a34=0.037, a30=0.032, a44=0.028, a3=0.028, a36=0.028]
  s=  412 a=  7(BUILD:Sawmill) r= -3.3439 cum=   -483.27 v=-30.9732 top5=[a34=0.036, a30=0.030, a9=0.029, a44=0.028, a3=0.028]
  s=  413 a=  5(BUILD:House) r= -3.3428 cum=   -486.62 v=-30.8661 top5=[a34=0.036, a30=0.030, a9=0.029, a44=0.028, a3=0.028]
  s=  414 a=  6(BUILD:SmallHouse) r= -5.6641 cum=   -492.28 v=-30.7602 top5=[a34=0.036, a30=0.030, a9=0.029, a44=0.028, a3=0.028]
    state: year=0 month=3 season=0 money=82000 credit=0 people=28 busy=0 free=28 home_places=50 need_workers=0 tax_due=0 main_tax_due=0 tax_amount=5106 main_tax_amount=0 days_alive=0 stage=0 res0=0 res1=0 res2=0 res3=0 res4=0 res5=0 res6=0 res7=0 res8=0 | nw=1532000.0000
  >>> Ep 2: reward=-492.28, steps=415
  >>> final: year=0 month=3 season=0 money=82000 credit=0 people=28 busy=0 free=28 home_places=50 need_workers=0 tax_due=0 main_tax_due=0 tax_amount=5106 main_tax_amount=0 days_alive=0 stage=0 res0=0 res1=0 res2=0 res3=0 res4=0 res5=0 res6=0 res7=0 res8=0 | nw=1532000.0000
======================================================================
EPISODE 3
======================================================================
init: year=0 month=3 season=0 money=82000 credit=0 people=28 busy=0 free=28 home_places=50 need_workers=0 tax_due=0 main_tax_due=0 tax_amount=5106 main_tax_amount=0 days_alive=0 stage=0 res0=0 res1=0 res2=0 res3=0 res4=0 res5=0 res6=0 res7=0 res8=0 | nw=1532000.0000
  s=    0 a= 24(BUILD:Hothouse) r= +2.1052 cum=     +2.11 v= +1.8440 top5=[a15=0.049, a9=0.045, a24=0.041, a32=0.037, a25=0.036]
    state: year=0 month=3 season=0 money=65410 credit=0 people=28 busy=0 free=28 home_places=50 need_workers=0 tax_due=0 main_tax_due=0 tax_amount=5526 main_tax_amount=0 days_alive=1 stage=0 res0=0 res1=0 res2=0 res3=0 res4=0 res5=0 res6=0 res7=0 res8=0 Hothouse=1 | nw=1532000.0000
  s=    1 a= 36(MANAGER:2) r= -0.3382 cum=     +1.77 v= +2.2327 top5=[a32=0.039, a19=0.035, a1=0.032, a24=0.032, a15=0.031]
  s=    2 a= 39(MANAGER:5) r= -0.3384 cum=     +1.43 v= +2.2925 top5=[a32=0.038, a19=0.035, a1=0.032, a24=0.032, a15=0.031]
  s=    3 a= 22(BUILD:Apiary) r= +2.4870 cum=     +3.92 v= +2.3182 top5=[a32=0.038, a19=0.035, a1=0.032, a24=0.031, a15=0.031]
  s=    4 a=  4(BUILD:Garden) r= -0.3379 cum=     +3.58 v= +3.6549 top5=[a19=0.038, a32=0.038, a1=0.033, a15=0.032, a24=0.031]
  s=    5 a= 20(BUILD:BigHouse) r= -0.3380 cum=     +3.24 v= +3.6966 top5=[a19=0.038, a32=0.037, a1=0.033, a15=0.032, a24=0.030]
  s=    6 a= 37(MANAGER:3) r= -0.3382 cum=     +2.90 v= +3.6987 top5=[a19=0.038, a32=0.037, a1=0.033, a15=0.032, a24=0.030]
  s=    7 a= 15(BUILD:Fish) r= -0.3383 cum=     +2.56 v= +3.6771 top5=[a19=0.038, a32=0.036, a1=0.033, a15=0.032, a24=0.030]
  s=    8 a= 40(MANAGER:6) r= -0.3385 cum=     +2.22 v= +3.6594 top5=[a19=0.038, a32=0.036, a1=0.033, a15=0.032, a24=0.030]
  s=    9 a= 21(BUILD:BigFarm) r= -0.3387 cum=     +1.89 v= +3.6388 top5=[a19=0.038, a32=0.036, a1=0.033, a15=0.032, a6=0.030]
  s=   10 a= 27(BUILD:WaterMill) r= -0.3388 cum=     +1.55 v= +3.6374 top5=[a19=0.038, a32=0.036, a1=0.034, a15=0.032, a6=0.030]
  s=   11 a= 14(BUILD:Road) r= +0.7401 cum=     +2.29 v= +3.6359 top5=[a19=0.038, a32=0.036, a1=0.034, a15=0.031, a6=0.030]
  s=   12 a= 11(BUILD:Goldmine) r= -0.3390 cum=     +1.95 v= +4.7777 top5=[a19=0.038, a32=0.036, a1=0.034, a6=0.033, a15=0.032]
  s=   13 a= 17(BUILD:HuntingLand) r= -0.3391 cum=     +1.61 v= +4.7600 top5=[a19=0.038, a32=0.036, a1=0.034, a6=0.033, a15=0.032]
  s=   14 a= 32(BUILD:SmallAtomStation) r= -0.3393 cum=     +1.27 v= +4.7379 top5=[a19=0.038, a32=0.035, a1=0.034, a6=0.033, a15=0.032]
  s=   15 a=  9(BUILD:Ironmine) r= -0.3394 cum=     +0.93 v= +4.7131 top5=[a19=0.039, a32=0.035, a1=0.034, a6=0.033, a15=0.031]
  s=   16 a= 32(BUILD:SmallAtomStation) r= -0.3396 cum=     +0.59 v= +4.6796 top5=[a19=0.039, a32=0.035, a1=0.034, a6=0.033, a15=0.031]
  s=   17 a=  2(BUILD:WaterChannel) r= +3.5172 cum=     +4.11 v= +4.6305 top5=[a19=0.039, a32=0.035, a1=0.034, a6=0.033, a15=0.031]
  s=   18 a= 23(BUILD:Torchlight) r= -0.3385 cum=     +3.77 v= +5.0040 top5=[a19=0.037, a32=0.035, a6=0.033, a24=0.033, a1=0.033]
  s=   19 a= 16(BUILD:CoalCut) r= +5.6450 cum=     +9.41 v= +4.4837 top5=[a19=0.038, a32=0.034, a1=0.033, a24=0.033, a6=0.032]
  s=   20 a=  5(BUILD:House) r= -0.3402 cum=     +9.07 v= +4.4463 top5=[a19=0.037, a32=0.034, a1=0.033, a24=0.032, a6=0.031]
  s=   21 a= 17(BUILD:HuntingLand) r= -0.3425 cum=     +8.73 v= +4.4421 top5=[a19=0.037, a32=0.034, a1=0.033, a24=0.032, a6=0.032]
  s=   22 a=  6(BUILD:SmallHouse) r= -0.3406 cum=     +8.39 v= +4.4320 top5=[a19=0.037, a32=0.034, a1=0.033, a24=0.032, a6=0.032]
  s=   23 a=  4(BUILD:Garden) r= -0.3407 cum=     +8.05 v= +4.4133 top5=[a19=0.038, a32=0.034, a1=0.033, a24=0.033, a6=0.032]
  s=   24 a= 27(BUILD:WaterMill) r= -0.3409 cum=     +7.71 v= +4.3835 top5=[a19=0.038, a32=0.034, a24=0.033, a1=0.033, a6=0.032]
  s=   25 a= 35(MANAGER:1) r= -0.3410 cum=     +7.37 v= +4.3339 top5=[a19=0.038, a32=0.034, a24=0.033, a1=0.033, a6=0.032]
  s=   26 a= 28(BUILD:BigRefinary) r= -3.1489 cum=     +4.22 v= +4.2713 top5=[a19=0.038, a32=0.034, a24=0.033, a1=0.033, a6=0.032]
  s=   27 a= 35(MANAGER:1) r= -0.3070 cum=     +3.91 v= +4.1976 top5=[a19=0.038, a32=0.034, a24=0.033, a1=0.033, a6=0.032]
  s=   28 a= 39(MANAGER:5) r= -0.3522 cum=     +3.56 v= +3.6725 top5=[a19=0.037, a32=0.036, a24=0.036, a1=0.034, a14=0.031]
  s=   29 a=  1(WEEK) r= +0.0528 cum=     +3.61 v= +3.6704 top5=[a9=0.037, a6=0.035, a24=0.035, a32=0.034, a14=0.032]
  s=   30 a= 10(BUILD:Refinery) r= -0.3631 cum=     +3.25 v= +2.9390 top5=[a9=0.036, a32=0.036, a24=0.035, a1=0.031, a6=0.030]
  s=   31 a=  6(BUILD:SmallHouse) r= -0.3579 cum=     +2.89 v= +3.0492 top5=[a9=0.036, a32=0.036, a24=0.035, a1=0.031, a6=0.030]
  s=   32 a=  1(WEEK) r= +0.0647 cum=     +2.96 v= +3.1604 top5=[a9=0.036, a32=0.036, a24=0.034, a1=0.031, a6=0.030]
  s=   33 a= 20(BUILD:BigHouse) r= -0.3581 cum=     +2.60 v= +3.6703 top5=[a9=0.037, a32=0.036, a24=0.035, a1=0.032, a6=0.031]
  s=   34 a= 16(BUILD:CoalCut) r= -0.3713 cum=     +2.23 v= +3.7385 top5=[a9=0.038, a32=0.035, a24=0.035, a1=0.032, a6=0.031]
  s=   35 a= 41(MANAGER:7) r= -0.9273 cum=     +1.30 v= +3.7930 top5=[a9=0.038, a24=0.035, a32=0.035, a1=0.032, a6=0.032]
  s=   36 a=  1(WEEK) r= -2.6136 cum=     -1.31 v= +3.7641 top5=[a24=0.034, a1=0.033, a6=0.031, a36=0.031, a32=0.030]
  s=   37 a= 26(BUILD:BigSawmill) r= -0.3759 cum=     -1.69 v= +4.1427 top5=[a24=0.037, a1=0.033, a19=0.031, a36=0.031, a9=0.030]
  s=   38 a= 14(BUILD:Road) r= +0.7035 cum=     -0.99 v= +4.5593 top5=[a36=0.036, a24=0.035, a40=0.032, a19=0.031, a32=0.031]
  s=   39 a= 22(BUILD:Apiary) r= +2.4508 cum=     +1.46 v= +3.5131 top5=[a36=0.039, a24=0.037, a19=0.032, a14=0.031, a43=0.031]
  s=   40 a= 43(MANAGER:9) r= -0.3733 cum=     +1.09 v= +3.4973 top5=[a36=0.038, a24=0.038, a14=0.036, a9=0.034, a43=0.034]
  s=   41 a= 24(BUILD:Hothouse) r= -0.3735 cum=     +0.72 v= +3.4306 top5=[a36=0.038, a24=0.038, a14=0.036, a43=0.034, a9=0.034]
  s=   42 a= 26(BUILD:BigSawmill) r= -0.3791 cum=     +0.34 v= +3.3717 top5=[a36=0.038, a24=0.038, a14=0.036, a43=0.034, a9=0.034]
  s=   43 a= 16(BUILD:CoalCut) r= -0.3684 cum=     -0.03 v= +3.3043 top5=[a9=0.034, a19=0.034, a14=0.033, a43=0.032, a24=0.032]
  s=   44 a= 17(BUILD:HuntingLand) r= -0.3740 cum=     -0.40 v= +3.4199 top5=[a9=0.034, a19=0.034, a14=0.033, a43=0.032, a24=0.032]
  s=   45 a= 12(BUILD:PowerStation) r= +1.0143 cum=     +0.61 v= +3.5252 top5=[a19=0.034, a9=0.034, a14=0.033, a43=0.032, a24=0.032]
  s=   46 a= 14(BUILD:Road) r= +0.6973 cum=     +1.31 v= +3.2420 top5=[a9=0.034, a14=0.033, a19=0.033, a43=0.032, a36=0.032]
  s=   47 a= 32(BUILD:SmallAtomStation) r= -0.3789 cum=     +0.93 v= +2.8462 top5=[a43=0.035, a24=0.034, a14=0.034, a9=0.033, a19=0.033]
  s=   48 a= 33(BUILD:AtomStation) r= -0.3785 cum=     +0.55 v= +2.9208 top5=[a43=0.035, a24=0.034, a14=0.034, a9=0.033, a19=0.033]
  s=   49 a= 10(BUILD:Refinery) r= -0.3809 cum=     +0.17 v= +2.9799 top5=[a43=0.035, a24=0.034, a14=0.034, a9=0.033, a19=0.033]
  s=   50 a= 19(BUILD:Mushroom) r= -0.3789 cum=     -0.21 v= +3.0346 top5=[a43=0.035, a24=0.035, a14=0.034, a9=0.033, a19=0.033]
    state: year=0 month=5 season=0 money=7926 credit=0 people=28 busy=0 free=28 home_places=90 need_workers=14 tax_due=0 main_tax_due=0 tax_amount=8054 main_tax_amount=0 days_alive=69 stage=0 res0=0 res1=400 res2=0 res3=0 res4=0 res5=0 res6=0 res7=0 res8=0 Farm=1 Road=1 SmallHouse=3 Apiary=2 Hothouse=1 | nw=1531166.2208
  s=   51 a= 32(BUILD:SmallAtomStation) r= -0.3823 cum=     -0.59 v= +3.0866 top5=[a43=0.035, a24=0.035, a14=0.034, a9=0.033, a19=0.033]
  s=   52 a= 13(BUILD:HydroStation) r= -0.3814 cum=     -0.97 v= +3.1980 top5=[a43=0.035, a24=0.035, a14=0.033, a19=0.033, a9=0.033]
  s=   53 a= 32(BUILD:SmallAtomStation) r= -0.3794 cum=     -1.35 v= +3.2882 top5=[a24=0.035, a43=0.035, a19=0.033, a14=0.033, a9=0.033]
  s=   54 a=  7(BUILD:Sawmill) r= -0.3785 cum=     -1.73 v= +3.0786 top5=[a24=0.035, a43=0.035, a19=0.034, a14=0.034, a9=0.033]
  s=   55 a= 15(BUILD:Fish) r= -3.2107 cum=     -4.94 v= +2.7144 top5=[a24=0.036, a43=0.035, a14=0.034, a19=0.034, a36=0.033]
  s=   56 a= 35(MANAGER:1) r= +0.4073 cum=     -4.53 v= +2.7963 top5=[a24=0.036, a43=0.035, a14=0.034, a19=0.034, a36=0.033]
  s=   57 a=  9(BUILD:Ironmine) r= -0.3808 cum=     -4.91 v= +2.9064 top5=[a24=0.036, a43=0.035, a14=0.034, a19=0.034, a36=0.034]
  s=   58 a= 30(BUILD:BigIronmine) r= -0.3994 cum=     -5.31 v= +2.9493 top5=[a24=0.036, a43=0.035, a14=0.034, a36=0.034, a19=0.034]
  s=   59 a= 20(BUILD:BigHouse) r= -0.3914 cum=     -5.71 v= +2.9691 top5=[a24=0.037, a43=0.035, a36=0.034, a14=0.034, a19=0.033]
  s=   60 a= 36(MANAGER:2) r= +0.5427 cum=     -5.16 v= +2.9908 top5=[a24=0.037, a36=0.035, a43=0.035, a14=0.034, a19=0.033]
  s=   61 a= 40(MANAGER:6) r= +0.3099 cum=     -4.85 v= +3.0087 top5=[a24=0.037, a36=0.035, a43=0.035, a14=0.034, a9=0.033]
  s=   62 a= 36(MANAGER:2) r= +0.2072 cum=     -4.65 v= +3.0497 top5=[a24=0.037, a36=0.035, a43=0.035, a14=0.034, a9=0.033]
  s=   63 a=  0(DAY) r= +0.2144 cum=     -4.43 v= +3.0823 top5=[a24=0.038, a36=0.035, a43=0.035, a14=0.034, a9=0.033]
  s=   64 a= 19(BUILD:Mushroom) r= -0.3959 cum=     -4.83 v= +2.7844 top5=[a24=0.038, a9=0.035, a19=0.034, a36=0.034, a43=0.033]
  s=   65 a= 44(MANAGER:10) r= -2.3836 cum=     -7.21 v= +3.2060 top5=[a24=0.037, a36=0.035, a9=0.035, a19=0.035, a43=0.034]
  s=   66 a= 18(BUILD:CowFarm) r= -0.4022 cum=     -7.61 v= +3.2486 top5=[a24=0.037, a36=0.035, a9=0.035, a43=0.034, a19=0.034]
  s=   67 a= 24(BUILD:Hothouse) r= -0.3909 cum=     -8.00 v= +3.2943 top5=[a24=0.038, a36=0.035, a9=0.035, a43=0.034, a19=0.034]
  s=   68 a=  0(DAY) r= +0.1742 cum=     -7.83 v= +3.3278 top5=[a24=0.038, a36=0.035, a9=0.035, a43=0.034, a19=0.034]
  s=   69 a= 16(BUILD:CoalCut) r= -0.4000 cum=     -8.23 v= +3.3448 top5=[a24=0.038, a36=0.036, a9=0.035, a43=0.034, a19=0.034]
  s=   70 a= 24(BUILD:Hothouse) r= -0.4012 cum=     -8.63 v= +3.3791 top5=[a24=0.038, a36=0.036, a9=0.035, a43=0.034, a19=0.034]
  s=   71 a=  6(BUILD:SmallHouse) r= -0.3938 cum=     -9.02 v= +3.3961 top5=[a24=0.038, a36=0.036, a43=0.034, a9=0.034, a19=0.034]
  s=   72 a=  1(WEEK) r= +0.1036 cum=     -8.92 v= +3.4166 top5=[a24=0.039, a36=0.036, a43=0.034, a9=0.034, a19=0.034]
  s=   73 a=  0(DAY) r= +0.1723 cum=     -8.75 v= -1.7801 top5=[a24=0.037, a15=0.034, a14=0.033, a9=0.032, a44=0.031]
  s=   74 a=  6(BUILD:SmallHouse) r= -0.3974 cum=     -9.15 v= -1.7691 top5=[a24=0.037, a15=0.034, a14=0.033, a9=0.031, a44=0.031]
  s=   75 a= 41(MANAGER:7) r= -3.2481 cum=    -12.39 v= -1.7651 top5=[a24=0.037, a15=0.034, a14=0.033, a9=0.031, a44=0.031]
  s=   76 a= 37(MANAGER:3) r= -5.6994 cum=    -18.09 v= -1.8190 top5=[a24=0.037, a15=0.033, a14=0.033, a9=0.031, a44=0.031]
  s=   77 a= 39(MANAGER:5) r= -0.3852 cum=    -18.48 v= -1.8960 top5=[a24=0.038, a15=0.034, a44=0.033, a14=0.032, a30=0.029]
  s=   78 a= 13(BUILD:HydroStation) r= -0.3854 cum=    -18.86 v= -1.8700 top5=[a24=0.038, a15=0.034, a44=0.033, a14=0.032, a30=0.029]
  s=   79 a= 37(MANAGER:3) r= -5.6861 cum=    -24.55 v= -1.8422 top5=[a24=0.037, a15=0.033, a44=0.033, a14=0.031, a30=0.030]
  s=   80 a= 12(BUILD:PowerStation) r= +2.1566 cum=    -22.39 v= -1.2705 top5=[a24=0.039, a34=0.032, a44=0.031, a15=0.029, a30=0.028]
  s=   81 a= 30(BUILD:BigIronmine) r= -0.3729 cum=    -22.77 v= -0.8248 top5=[a24=0.038, a34=0.030, a44=0.029, a9=0.028, a14=0.028]
  s=   82 a=  0(DAY) r= +0.1932 cum=    -22.57 v= -0.8618 top5=[a24=0.038, a34=0.031, a44=0.030, a9=0.028, a14=0.028]
  s=   83 a= 14(BUILD:Road) r= +0.7109 cum=    -21.86 v= -0.8988 top5=[a24=0.038, a34=0.031, a44=0.030, a9=0.028, a14=0.028]
  s=   84 a= 19(BUILD:Mushroom) r= -0.3732 cum=    -22.24 v= -1.1677 top5=[a24=0.037, a34=0.032, a44=0.030, a9=0.029, a14=0.028]
  s=   85 a= 27(BUILD:WaterMill) r= -0.3733 cum=    -22.61 v= -1.2121 top5=[a24=0.036, a34=0.032, a44=0.030, a9=0.029, a14=0.028]
  s=   86 a= 14(BUILD:Road) r= -0.3735 cum=    -22.98 v= -1.2162 top5=[a24=0.036, a34=0.032, a44=0.030, a9=0.028, a14=0.028]
  s=   87 a=  0(DAY) r= +0.1935 cum=    -22.79 v= -1.4312 top5=[a24=0.037, a34=0.034, a44=0.031, a9=0.028, a11=0.028]
  s=   88 a= 30(BUILD:BigIronmine) r= -0.3738 cum=    -23.16 v= -1.5034 top5=[a24=0.037, a34=0.034, a44=0.031, a9=0.028, a11=0.028]
  s=   89 a= 41(MANAGER:7) r= -0.3739 cum=    -23.54 v= -1.5573 top5=[a24=0.037, a34=0.034, a44=0.032, a9=0.028, a11=0.028]
  s=   90 a= 41(MANAGER:7) r= -0.3741 cum=    -23.91 v= -1.6111 top5=[a24=0.038, a34=0.034, a44=0.032, a11=0.028, a9=0.028]
  s=   91 a= 14(BUILD:Road) r= -0.3786 cum=    -24.29 v= -2.0840 top5=[a24=0.038, a34=0.036, a44=0.033, a11=0.029, a9=0.028]
  s=   92 a= 19(BUILD:Mushroom) r= -3.2207 cum=    -27.51 v= -2.1672 top5=[a24=0.038, a34=0.035, a44=0.033, a11=0.029, a15=0.028]
  s=   93 a= 24(BUILD:Hothouse) r= -0.3717 cum=    -27.88 v= -2.2258 top5=[a24=0.038, a34=0.035, a44=0.033, a11=0.029, a15=0.028]
  s=   94 a= 18(BUILD:CowFarm) r= -0.3788 cum=    -28.26 v= -2.2842 top5=[a24=0.039, a34=0.035, a44=0.033, a11=0.029, a15=0.028]
  s=   95 a= 25(BUILD:SuperHouse) r= -0.3790 cum=    -28.64 v= -2.3431 top5=[a24=0.039, a34=0.035, a44=0.034, a11=0.029, a15=0.028]
  s=   96 a= 15(BUILD:Fish) r= -0.3744 cum=    -29.01 v= -2.4098 top5=[a24=0.039, a34=0.035, a44=0.034, a11=0.029, a15=0.028]
  s=   97 a= 38(MANAGER:4) r= +1.8999 cum=    -27.11 v= -2.4685 top5=[a24=0.039, a34=0.035, a44=0.034, a11=0.029, a15=0.028]
  s=   98 a= 33(BUILD:AtomStation) r= -0.3790 cum=    -27.49 v= -2.6051 top5=[a24=0.037, a34=0.036, a44=0.031, a11=0.029, a15=0.029]
  s=   99 a= 11(BUILD:Goldmine) r= -0.3791 cum=    -27.87 v= -2.6600 top5=[a24=0.037, a34=0.036, a44=0.031, a11=0.029, a15=0.029]
  s=  100 a= 30(BUILD:BigIronmine) r= -0.3793 cum=    -28.25 v= -2.7148 top5=[a24=0.037, a34=0.036, a44=0.031, a11=0.029, a15=0.029]
    state: year=0 month=6 season=1 money=3052 credit=0 people=28 busy=0 free=28 home_places=110 need_workers=9 tax_due=0 main_tax_due=0 tax_amount=7642 main_tax_amount=0 days_alive=120 stage=0 res0=0 res1=400 res2=0 res3=0 res4=0 res5=0 res6=0 res7=0 res8=0 Farm=1 Road=2 SmallHouse=4 Hothouse=1 | nw=1513635.5680
  s=  101 a= 36(MANAGER:2) r= +0.5505 cum=    -27.70 v= -2.7799 top5=[a24=0.037, a34=0.036, a44=0.031, a11=0.029, a15=0.029]
  s=  102 a= 41(MANAGER:7) r= -3.2271 cum=    -30.93 v= -2.8718 top5=[a24=0.037, a34=0.036, a44=0.031, a11=0.029, a15=0.029]
  s=  103 a=  6(BUILD:SmallHouse) r= -0.3746 cum=    -31.30 v= -2.8038 top5=[a24=0.037, a34=0.033, a30=0.030, a44=0.030, a15=0.029]
  s=  104 a= 28(BUILD:BigRefinary) r= -0.3774 cum=    -31.68 v= -2.7066 top5=[a24=0.037, a34=0.034, a30=0.030, a44=0.030, a15=0.029]
  s=  105 a= 44(MANAGER:10) r= +0.4751 cum=    -31.21 v= -2.6193 top5=[a24=0.037, a34=0.034, a30=0.030, a44=0.030, a15=0.029]
  s=  106 a= 16(BUILD:CoalCut) r= -0.3798 cum=    -31.58 v= -2.5516 top5=[a24=0.037, a34=0.034, a30=0.030, a44=0.030, a15=0.028]
  s=  107 a= 32(BUILD:SmallAtomStation) r= -0.3778 cum=    -31.96 v= -2.4846 top5=[a24=0.036, a34=0.034, a30=0.030, a44=0.029, a15=0.028]
  s=  108 a= 24(BUILD:Hothouse) r= -0.3802 cum=    -32.34 v= -2.4381 top5=[a24=0.036, a34=0.034, a30=0.030, a44=0.029, a15=0.028]
  s=  109 a=  9(BUILD:Ironmine) r= -0.3803 cum=    -32.72 v= -2.4373 top5=[a24=0.036, a34=0.034, a30=0.030, a44=0.029, a15=0.028]
  s=  110 a= 34(MANAGER:0) r= -0.3783 cum=    -33.10 v= -2.4643 top5=[a24=0.036, a34=0.034, a30=0.030, a44=0.029, a15=0.028]
  s=  111 a= 23(BUILD:Torchlight) r= -0.3807 cum=    -33.48 v= -2.4913 top5=[a24=0.036, a34=0.035, a30=0.030, a44=0.029, a15=0.028]
  s=  112 a=  9(BUILD:Ironmine) r= -3.2383 cum=    -36.72 v= -2.5389 top5=[a24=0.036, a34=0.035, a30=0.030, a44=0.029, a15=0.028]
  s=  113 a= 14(BUILD:Road) r= -0.3786 cum=    -37.10 v= -2.5789 top5=[a24=0.036, a34=0.035, a30=0.030, a44=0.029, a15=0.028]
  s=  114 a= 12(BUILD:PowerStation) r= +2.7400 cum=    -34.36 v= -2.6195 top5=[a24=0.036, a34=0.035, a30=0.030, a44=0.029, a15=0.028]
  s=  115 a=  4(BUILD:Garden) r= -0.3753 cum=    -34.73 v= -2.3181 top5=[a24=0.035, a34=0.033, a30=0.028, a44=0.028, a14=0.028]
  s=  116 a= 23(BUILD:Torchlight) r= -0.3781 cum=    -35.11 v= -2.4101 top5=[a24=0.035, a34=0.033, a30=0.028, a44=0.028, a14=0.028]
  s=  117 a= 22(BUILD:Apiary) r= -0.3805 cum=    -35.49 v= -2.4907 top5=[a24=0.035, a34=0.033, a44=0.029, a30=0.028, a14=0.028]
  s=  118 a=  8(BUILD:Coalmine) r= -0.3785 cum=    -35.87 v= -2.5679 top5=[a24=0.035, a34=0.033, a44=0.029, a30=0.028, a14=0.028]
  s=  119 a= 17(BUILD:HuntingLand) r= -0.3787 cum=    -36.25 v= -2.6557 top5=[a24=0.035, a34=0.033, a44=0.029, a30=0.028, a14=0.028]
  s=  120 a= 25(BUILD:SuperHouse) r= -0.3810 cum=    -36.63 v= -2.7445 top5=[a24=0.035, a34=0.034, a44=0.029, a30=0.028, a14=0.028]
  s=  121 a= 25(BUILD:SuperHouse) r= -0.3812 cum=    -37.01 v= -3.0256 top5=[a34=0.036, a24=0.035, a44=0.030, a30=0.029, a11=0.028]
  s=  122 a= 19(BUILD:Mushroom) r= -0.3813 cum=    -37.39 v= -3.0610 top5=[a34=0.036, a24=0.035, a44=0.030, a30=0.029, a11=0.028]
  s=  123 a= 39(MANAGER:5) r= -0.9540 cum=    -38.35 v= -3.0942 top5=[a34=0.036, a24=0.035, a44=0.030, a30=0.029, a11=0.028]
  s=  124 a= 17(BUILD:HuntingLand) r= -0.3768 cum=    -38.72 v= -3.2479 top5=[a24=0.036, a34=0.035, a44=0.033, a9=0.028, a11=0.028]
  s=  125 a= 30(BUILD:BigIronmine) r= -0.3764 cum=    -39.10 v= -3.2915 top5=[a24=0.036, a34=0.035, a44=0.033, a11=0.028, a9=0.028]
  s=  126 a= 11(BUILD:Goldmine) r= -0.3820 cum=    -39.48 v= -3.3647 top5=[a24=0.037, a34=0.035, a44=0.033, a11=0.028, a9=0.028]
  s=  127 a= 24(BUILD:Hothouse) r= -0.3822 cum=    -39.87 v= -3.4431 top5=[a24=0.037, a34=0.035, a44=0.033, a11=0.028, a9=0.028]
  s=  128 a= 13(BUILD:HydroStation) r= -0.3824 cum=    -40.25 v= -3.5293 top5=[a24=0.037, a34=0.035, a44=0.033, a11=0.028, a9=0.028]
  s=  129 a=  7(BUILD:Sawmill) r= -0.3826 cum=    -40.63 v= -3.6154 top5=[a24=0.037, a34=0.035, a44=0.034, a11=0.028, a9=0.028]
  s=  130 a= 18(BUILD:CowFarm) r= -0.3827 cum=    -41.01 v= -3.7013 top5=[a24=0.037, a34=0.036, a44=0.034, a11=0.028, a14=0.028]
  s=  131 a= 30(BUILD:BigIronmine) r= -0.3829 cum=    -41.40 v= -3.7796 top5=[a24=0.037, a34=0.036, a44=0.034, a11=0.028, a14=0.028]
  s=  132 a= 19(BUILD:Mushroom) r= -0.3831 cum=    -41.78 v= -3.8443 top5=[a24=0.037, a34=0.036, a44=0.034, a11=0.029, a14=0.028]
  s=  133 a= 30(BUILD:BigIronmine) r= -3.2587 cum=    -45.04 v= -3.9087 top5=[a24=0.037, a34=0.036, a44=0.034, a11=0.029, a14=0.028]
  s=  134 a= 31(BUILD:AirStation) r= -0.3777 cum=    -45.42 v= -3.3433 top5=[a24=0.036, a34=0.034, a44=0.031, a14=0.030, a30=0.029]
  s=  135 a= 29(BUILD:Puerperal) r= -0.3833 cum=    -45.80 v= -3.2975 top5=[a24=0.036, a34=0.034, a44=0.031, a14=0.030, a30=0.029]
  s=  136 a= 23(BUILD:Torchlight) r= -0.3835 cum=    -46.18 v= -3.2567 top5=[a24=0.036, a34=0.034, a44=0.031, a14=0.030, a30=0.029]
  s=  137 a= 34(MANAGER:0) r= -0.3836 cum=    -46.57 v= -3.2320 top5=[a24=0.036, a34=0.034, a44=0.031, a14=0.030, a30=0.029]
  s=  138 a= 34(MANAGER:0) r= -0.3816 cum=    -46.95 v= -3.2084 top5=[a24=0.036, a34=0.035, a44=0.030, a14=0.029, a30=0.029]
  s=  139 a= 34(MANAGER:0) r= -0.3785 cum=    -47.33 v= -3.1774 top5=[a24=0.036, a34=0.035, a44=0.030, a30=0.029, a14=0.029]
  s=  140 a= 44(MANAGER:10) r= +0.4860 cum=    -46.84 v= -3.1986 top5=[a24=0.036, a34=0.035, a44=0.030, a30=0.029, a14=0.029]
  s=  141 a= 41(MANAGER:7) r= -0.3820 cum=    -47.22 v= -3.2259 top5=[a24=0.036, a34=0.035, a44=0.031, a30=0.029, a14=0.029]
  s=  142 a= 40(MANAGER:6) r= +0.3191 cum=    -46.90 v= -3.2522 top5=[a24=0.036, a34=0.035, a44=0.031, a30=0.029, a14=0.029]
  s=  143 a= 34(MANAGER:0) r= -3.2633 cum=    -50.17 v= -3.2594 top5=[a24=0.035, a34=0.035, a44=0.031, a30=0.029, a14=0.029]
  s=  144 a= 11(BUILD:Goldmine) r= -0.3843 cum=    -50.55 v= -3.2898 top5=[a24=0.035, a34=0.035, a44=0.031, a30=0.029, a14=0.029]
  s=  145 a= 41(MANAGER:7) r= -0.3845 cum=    -50.93 v= -3.3202 top5=[a24=0.035, a34=0.035, a44=0.031, a30=0.029, a14=0.029]
  s=  146 a= 35(MANAGER:1) r= -0.3846 cum=    -51.32 v= -3.4168 top5=[a24=0.035, a34=0.035, a44=0.031, a30=0.029, a14=0.029]
  s=  147 a=  7(BUILD:Sawmill) r= -0.3848 cum=    -51.70 v= -3.4729 top5=[a24=0.035, a34=0.035, a44=0.031, a30=0.029, a14=0.029]
  s=  148 a= 24(BUILD:Hothouse) r= -0.3850 cum=    -52.09 v= -3.5478 top5=[a24=0.035, a34=0.035, a44=0.032, a30=0.029, a14=0.029]
  s=  149 a=  9(BUILD:Ironmine) r= -0.3851 cum=    -52.47 v= -3.6308 top5=[a24=0.035, a34=0.035, a44=0.032, a30=0.029, a14=0.029]
  s=  150 a= 13(BUILD:HydroStation) r= -0.3831 cum=    -52.86 v= -3.7307 top5=[a24=0.035, a34=0.035, a44=0.032, a30=0.028, a14=0.028]
    state: year=0 month=8 season=1 money=2294 credit=0 people=28 busy=0 free=28 home_places=130 need_workers=9 tax_due=0 main_tax_due=0 tax_amount=7650 main_tax_amount=0 days_alive=170 stage=0 res0=0 res1=400 res2=0 res3=0 res4=0 res5=0 res6=0 res7=0 res8=0 Farm=1 Road=3 SmallHouse=4 Hothouse=1 | nw=1512920.4452
  s=  151 a= 32(BUILD:SmallAtomStation) r= -0.3855 cum=    -53.24 v= -3.8226 top5=[a24=0.035, a34=0.035, a44=0.032, a14=0.028, a30=0.028]
  s=  152 a= 20(BUILD:BigHouse) r= -0.3856 cum=    -53.63 v= -3.9006 top5=[a24=0.035, a34=0.035, a44=0.032, a14=0.028, a30=0.028]
  s=  153 a= 31(BUILD:AirStation) r= -3.2806 cum=    -56.91 v= -3.9917 top5=[a24=0.035, a34=0.035, a44=0.032, a14=0.028, a30=0.028]
  s=  154 a=  3(BUILD:Farm) r= -0.3857 cum=    -57.29 v= -4.0859 top5=[a24=0.035, a34=0.035, a44=0.033, a14=0.028, a30=0.028]
  s=  155 a= 39(MANAGER:5) r= -0.3859 cum=    -57.68 v= -4.1700 top5=[a24=0.035, a34=0.035, a44=0.033, a14=0.028, a30=0.028]
  s=  156 a=  8(BUILD:Coalmine) r= -0.3860 cum=    -58.07 v= -4.2528 top5=[a24=0.035, a34=0.035, a44=0.033, a14=0.028, a9=0.028]
  s=  157 a= 23(BUILD:Torchlight) r= -0.3807 cum=    -58.45 v= -4.3440 top5=[a24=0.035, a34=0.035, a44=0.033, a14=0.028, a9=0.028]
  s=  158 a=  2(BUILD:WaterChannel) r= -0.3842 cum=    -58.83 v= -4.4398 top5=[a24=0.035, a34=0.035, a44=0.033, a14=0.028, a9=0.027]
  s=  159 a= 22(BUILD:Apiary) r= -0.3810 cum=    -59.21 v= -4.5366 top5=[a24=0.035, a34=0.035, a44=0.033, a14=0.028, a11=0.027]
  s=  160 a= 20(BUILD:BigHouse) r= -0.3867 cum=    -59.60 v= -4.6334 top5=[a24=0.035, a34=0.035, a44=0.033, a14=0.028, a11=0.028]
  s=  161 a= 27(BUILD:WaterMill) r= -0.3847 cum=    -59.98 v= -4.7201 top5=[a24=0.035, a34=0.035, a44=0.033, a14=0.028, a11=0.028]
  s=  162 a= 38(MANAGER:4) r= +1.9361 cum=    -58.05 v= -4.7939 top5=[a24=0.035, a34=0.035, a44=0.033, a14=0.028, a11=0.028]
  s=  163 a= 30(BUILD:BigIronmine) r= -3.2827 cum=    -61.33 v= -4.8153 top5=[a34=0.035, a24=0.034, a44=0.031, a11=0.028, a15=0.028]
  s=  164 a= 10(BUILD:Refinery) r= -0.3865 cum=    -61.72 v= -4.9402 top5=[a34=0.035, a24=0.034, a44=0.031, a11=0.028, a39=0.028]
  s=  165 a= 19(BUILD:Mushroom) r= -0.3889 cum=    -62.11 v= -4.8271 top5=[a32=0.033, a9=0.032, a34=0.029, a41=0.028, a15=0.027]
  s=  166 a= 25(BUILD:SuperHouse) r= -0.3868 cum=    -62.49 v= -4.8166 top5=[a32=0.033, a9=0.032, a34=0.029, a41=0.028, a15=0.027]
  s=  167 a=  6(BUILD:SmallHouse) r= -0.3892 cum=    -62.88 v= -4.7887 top5=[a32=0.033, a9=0.032, a34=0.029, a41=0.028, a15=0.027]
  s=  168 a= 17(BUILD:HuntingLand) r= -0.3943 cum=    -63.28 v= -4.7806 top5=[a32=0.033, a9=0.032, a34=0.029, a41=0.028, a15=0.027]
  s=  169 a=  1(WEEK) r= -0.0608 cum=    -63.34 v= -4.8073 top5=[a32=0.033, a9=0.032, a34=0.029, a41=0.028, a22=0.027]
  s=  170 a= 28(BUILD:BigRefinary) r= -0.3847 cum=    -63.72 v= -4.9131 top5=[a32=0.034, a9=0.031, a34=0.029, a22=0.028, a41=0.027]
  s=  171 a= 42(MANAGER:8) r= -0.2425 cum=    -63.96 v= -4.9827 top5=[a32=0.034, a9=0.031, a34=0.029, a22=0.028, a41=0.027]
  s=  172 a= 32(BUILD:SmallAtomStation) r= -0.8325 cum=    -64.80 v=-10.6691 top5=[a32=0.031, a15=0.029, a11=0.026, a24=0.026, a7=0.026]
  s=  173 a= 18(BUILD:CowFarm) r= +5.8221 cum=    -58.97 v=-10.7702 top5=[a32=0.031, a15=0.028, a11=0.026, a7=0.026, a24=0.026]
  s=  174 a= 10(BUILD:Refinery) r= +0.3290 cum=    -58.65 v=-11.1126 top5=[a32=0.035, a41=0.030, a9=0.030, a15=0.029, a36=0.028]
  s=  175 a= 37(MANAGER:3) r= -5.7799 cum=    -64.43 v=-11.1973 top5=[a32=0.035, a41=0.030, a9=0.030, a15=0.029, a36=0.028]
  s=  176 a= 23(BUILD:Torchlight) r= -0.8217 cum=    -65.25 v=-11.5090 top5=[a32=0.032, a9=0.029, a36=0.029, a41=0.028, a22=0.027]
  s=  177 a= 30(BUILD:BigIronmine) r= -0.2351 cum=    -65.48 v=-11.5780 top5=[a32=0.032, a9=0.029, a36=0.029, a41=0.028, a22=0.027]
  s=  178 a= 18(BUILD:CowFarm) r= -0.8246 cum=    -66.31 v=-11.5501 top5=[a32=0.032, a9=0.029, a41=0.029, a36=0.029, a22=0.027]
  s=  179 a= 22(BUILD:Apiary) r= -5.7691 cum=    -72.08 v=-11.6400 top5=[a32=0.032, a9=0.029, a41=0.029, a36=0.029, a22=0.027]
  s=  180 a= 28(BUILD:BigRefinary) r= -0.8137 cum=    -72.89 v=-12.5533 top5=[a9=0.032, a36=0.031, a32=0.030, a22=0.029, a41=0.028]
  s=  181 a= 14(BUILD:Road) r= +0.2772 cum=    -72.61 v=-12.5892 top5=[a9=0.032, a36=0.031, a32=0.030, a22=0.029, a41=0.028]
  s=  182 a= 29(BUILD:Puerperal) r= -0.8232 cum=    -73.44 v=-13.4520 top5=[a36=0.031, a9=0.031, a32=0.030, a41=0.029, a22=0.028]
  s=  183 a= 24(BUILD:Hothouse) r= -0.8288 cum=    -74.26 v=-13.5384 top5=[a36=0.031, a9=0.031, a32=0.030, a41=0.029, a22=0.028]
  s=  184 a= 39(MANAGER:5) r= -0.8202 cum=    -75.08 v=-13.6212 top5=[a36=0.031, a9=0.031, a32=0.030, a41=0.029, a22=0.029]
  s=  185 a= 17(BUILD:HuntingLand) r= -0.8220 cum=    -75.91 v=-13.7063 top5=[a36=0.031, a9=0.031, a32=0.030, a41=0.030, a22=0.029]
  s=  186 a=  2(BUILD:WaterChannel) r= -0.8278 cum=    -76.73 v=-13.7912 top5=[a36=0.031, a9=0.030, a32=0.030, a41=0.030, a22=0.029]
  s=  187 a= 27(BUILD:WaterMill) r= -0.8241 cum=    -77.56 v=-13.8863 top5=[a36=0.031, a9=0.030, a32=0.030, a41=0.030, a22=0.029]
  s=  188 a= 16(BUILD:CoalCut) r= -0.8221 cum=    -78.38 v=-13.9860 top5=[a36=0.031, a9=0.030, a32=0.030, a41=0.030, a22=0.029]
  s=  189 a=  7(BUILD:Sawmill) r= -0.8343 cum=    -79.22 v=-14.0153 top5=[a9=0.035, a23=0.030, a32=0.030, a36=0.030, a15=0.030]
  s=  190 a=  9(BUILD:Ironmine) r= -3.7192 cum=    -82.93 v=-13.8027 top5=[a9=0.034, a15=0.030, a32=0.030, a23=0.030, a36=0.029]
  s=  191 a= 25(BUILD:SuperHouse) r= -0.8354 cum=    -83.77 v=-13.7501 top5=[a9=0.034, a32=0.030, a15=0.030, a23=0.030, a36=0.030]
  s=  192 a= 17(BUILD:HuntingLand) r= -0.8361 cum=    -84.61 v=-13.7268 top5=[a9=0.034, a32=0.030, a15=0.030, a23=0.030, a36=0.030]
  s=  193 a=  4(BUILD:Garden) r= -0.8368 cum=    -85.44 v=-13.7039 top5=[a9=0.034, a32=0.030, a15=0.030, a23=0.030, a36=0.030]
  s=  194 a= 18(BUILD:CowFarm) r= -0.8375 cum=    -86.28 v=-13.6814 top5=[a9=0.033, a32=0.030, a36=0.030, a15=0.030, a23=0.030]
  s=  195 a= 44(MANAGER:10) r= +0.0294 cum=    -86.25 v=-13.6572 top5=[a9=0.033, a32=0.030, a36=0.030, a15=0.030, a23=0.030]
  s=  196 a=  9(BUILD:Ironmine) r= -0.8395 cum=    -87.09 v=-13.6310 top5=[a9=0.033, a32=0.030, a36=0.030, a15=0.030, a23=0.030]
  s=  197 a= 18(BUILD:CowFarm) r= -0.8402 cum=    -87.93 v=-13.6015 top5=[a9=0.033, a36=0.030, a32=0.030, a15=0.030, a23=0.029]
  s=  198 a= 23(BUILD:Torchlight) r= -0.8453 cum=    -88.78 v=-13.5978 top5=[a9=0.033, a36=0.031, a32=0.030, a15=0.029, a23=0.029]
  s=  199 a= 12(BUILD:PowerStation) r= +0.5794 cum=    -88.20 v=-13.6244 top5=[a9=0.032, a36=0.031, a32=0.030, a15=0.029, a23=0.029]
  s=  200 a= 36(MANAGER:2) r= +0.6926 cum=    -87.50 v=-13.6362 top5=[a9=0.032, a36=0.030, a32=0.030, a23=0.029, a41=0.028]
    state: year=0 month=10 season=2 money=4782 credit=53075 people=28 busy=0 free=28 home_places=130 need_workers=9 tax_due=0 main_tax_due=0 tax_amount=8490 main_tax_amount=0 days_alive=226 stage=0 res0=0 res1=400 res2=0 res3=0 res4=0 res5=0 res6=0 res7=0 res8=0 Farm=1 Road=4 SmallHouse=4 CowFarm=1 Apiary=1 Hothouse=1 | nw=1504413.8295
  s=  201 a= 16(BUILD:CoalCut) r= -0.8452 cum=    -88.35 v=-13.7619 top5=[a9=0.032, a36=0.031, a32=0.030, a23=0.028, a41=0.028]
  s=  202 a= 16(BUILD:CoalCut) r= -0.8426 cum=    -89.19 v=-13.8502 top5=[a9=0.032, a36=0.031, a32=0.030, a41=0.028, a23=0.028]
  s=  203 a= 10(BUILD:Refinery) r= -0.8070 cum=    -90.00 v=-13.9383 top5=[a9=0.031, a36=0.031, a32=0.030, a41=0.028, a23=0.028]
  s=  204 a= 23(BUILD:Torchlight) r= -0.8630 cum=    -90.86 v=-14.4048 top5=[a36=0.031, a9=0.031, a32=0.030, a15=0.029, a41=0.029]
  s=  205 a= 20(BUILD:BigHouse) r= -0.8648 cum=    -91.73 v=-14.9511 top5=[a32=0.033, a9=0.033, a36=0.032, a43=0.030, a15=0.028]
  s=  206 a=  5(BUILD:House) r= -0.8651 cum=    -92.59 v=-15.5781 top5=[a32=0.034, a9=0.032, a36=0.032, a15=0.030, a43=0.029]
  s=  207 a= 35(MANAGER:1) r= -0.2739 cum=    -92.87 v=-15.6402 top5=[a32=0.034, a9=0.032, a36=0.032, a15=0.030, a43=0.029]
  s=  208 a=  8(BUILD:Coalmine) r= -3.7812 cum=    -96.65 v=-15.7254 top5=[a32=0.034, a9=0.032, a36=0.032, a15=0.030, a43=0.029]
  s=  209 a= 15(BUILD:Fish) r= -0.8696 cum=    -97.52 v=-15.8085 top5=[a32=0.034, a9=0.032, a36=0.032, a15=0.030, a43=0.029]
  s=  210 a= 34(MANAGER:0) r= -0.8649 cum=    -98.38 v=-15.8855 top5=[a32=0.034, a9=0.032, a36=0.032, a15=0.030, a43=0.030]
  s=  211 a=  8(BUILD:Coalmine) r= -0.8705 cum=    -99.25 v=-15.9817 top5=[a32=0.034, a9=0.032, a36=0.032, a15=0.030, a43=0.030]
  s=  212 a= 28(BUILD:BigRefinary) r= -0.8707 cum=   -100.12 v=-16.0888 top5=[a32=0.034, a9=0.032, a36=0.032, a43=0.030, a15=0.030]
  s=  213 a=  1(WEEK) r= -3.5144 cum=   -103.64 v=-16.1950 top5=[a32=0.034, a9=0.032, a36=0.032, a43=0.030, a15=0.030]
  s=  214 a= 32(BUILD:SmallAtomStation) r= -0.8916 cum=   -104.53 v=-15.9320 top5=[a9=0.047, a22=0.044, a2=0.041, a30=0.032, a21=0.031]
  s=  215 a= 12(BUILD:PowerStation) r= +0.5276 cum=   -104.00 v=-15.9314 top5=[a9=0.047, a22=0.044, a2=0.040, a30=0.032, a21=0.031]
  s=  216 a=  7(BUILD:Sawmill) r= -0.9047 cum=   -104.91 v=-16.0063 top5=[a9=0.050, a22=0.045, a2=0.037, a21=0.033, a30=0.031]
  s=  217 a= 34(MANAGER:0) r= -0.9111 cum=   -105.82 v=-16.0062 top5=[a9=0.049, a22=0.045, a2=0.037, a21=0.033, a30=0.031]
  s=  218 a= 25(BUILD:SuperHouse) r= -0.9113 cum=   -106.73 v=-16.0268 top5=[a9=0.049, a22=0.044, a2=0.037, a21=0.033, a30=0.031]
  s=  219 a= 40(MANAGER:6) r= -0.1932 cum=   -106.92 v=-16.0585 top5=[a9=0.049, a22=0.044, a2=0.036, a21=0.033, a30=0.031]
  s=  220 a= 18(BUILD:CowFarm) r= -0.9177 cum=   -107.84 v=-16.0530 top5=[a9=0.049, a22=0.044, a2=0.036, a21=0.033, a30=0.031]
  s=  221 a= 26(BUILD:BigSawmill) r= -0.9135 cum=   -108.75 v=-16.0840 top5=[a9=0.048, a22=0.044, a2=0.036, a21=0.033, a30=0.031]
  s=  222 a= 21(BUILD:BigFarm) r= -0.9325 cum=   -109.68 v=-16.7014 top5=[a9=0.050, a22=0.045, a2=0.036, a21=0.033, a30=0.032]
  s=  223 a= 25(BUILD:SuperHouse) r= -0.9157 cum=   -110.60 v=-16.7186 top5=[a9=0.050, a22=0.045, a2=0.036, a21=0.033, a30=0.032]
  s=  224 a=  5(BUILD:House) r= -3.8379 cum=   -114.44 v=-16.6561 top5=[a9=0.050, a22=0.045, a2=0.035, a21=0.032, a30=0.032]
  s=  225 a=  5(BUILD:House) r= -0.9337 cum=   -115.37 v=-16.6206 top5=[a9=0.049, a22=0.044, a2=0.034, a21=0.032, a30=0.031]
  s=  226 a=  5(BUILD:House) r= -0.9225 cum=   -116.29 v=-16.6065 top5=[a9=0.048, a22=0.043, a2=0.033, a30=0.031, a21=0.031]
  s=  227 a=  9(BUILD:Ironmine) r= -0.9211 cum=   -117.22 v=-16.6081 top5=[a9=0.048, a22=0.042, a2=0.033, a30=0.031, a21=0.031]
  s=  228 a= 40(MANAGER:6) r= -0.9247 cum=   -118.14 v=-16.6353 top5=[a9=0.047, a22=0.041, a2=0.032, a30=0.031, a32=0.030]
  s=  229 a= 25(BUILD:SuperHouse) r= -0.9221 cum=   -119.06 v=-16.6845 top5=[a9=0.047, a22=0.041, a2=0.031, a30=0.031, a32=0.030]
  s=  230 a=  9(BUILD:Ironmine) r= -0.9349 cum=   -120.00 v=-16.7396 top5=[a9=0.046, a22=0.040, a2=0.031, a30=0.031, a32=0.030]
  s=  231 a= 20(BUILD:BigHouse) r= -0.9266 cum=   -120.92 v=-16.7975 top5=[a9=0.046, a22=0.039, a30=0.030, a32=0.030, a2=0.030]
  s=  232 a=  5(BUILD:House) r= -0.9330 cum=   -121.86 v=-16.8513 top5=[a9=0.045, a22=0.039, a30=0.030, a32=0.030, a43=0.030]
  s=  233 a=  5(BUILD:House) r= -0.9259 cum=   -122.78 v=-16.9017 top5=[a9=0.045, a22=0.038, a32=0.030, a43=0.030, a30=0.030]
  s=  234 a= 11(BUILD:Goldmine) r= -3.8604 cum=   -126.64 v=-16.9378 top5=[a9=0.045, a22=0.038, a43=0.030, a32=0.030, a30=0.030]
  s=  235 a= 20(BUILD:BigHouse) r= -0.9284 cum=   -127.57 v=-16.9648 top5=[a9=0.044, a22=0.037, a43=0.031, a32=0.030, a30=0.030]
  s=  236 a=  4(BUILD:Garden) r= -0.9371 cum=   -128.51 v=-17.0177 top5=[a9=0.044, a22=0.037, a43=0.031, a32=0.030, a12=0.030]
  s=  237 a= 23(BUILD:Torchlight) r= -0.9407 cum=   -129.45 v=-17.0892 top5=[a9=0.043, a22=0.037, a43=0.031, a32=0.030, a12=0.030]
  s=  238 a= 24(BUILD:Hothouse) r= -0.9415 cum=   -130.39 v=-17.1743 top5=[a9=0.043, a22=0.036, a43=0.032, a32=0.031, a12=0.030]
  s=  239 a= 34(MANAGER:0) r= -0.3540 cum=   -130.75 v=-17.2607 top5=[a9=0.042, a22=0.036, a43=0.032, a32=0.031, a12=0.030]
  s=  240 a=  5(BUILD:House) r= -0.9370 cum=   -131.68 v=-17.3478 top5=[a9=0.041, a22=0.035, a43=0.032, a32=0.031, a44=0.030]
  s=  241 a= 12(BUILD:PowerStation) r= +2.2507 cum=   -129.43 v=-17.4436 top5=[a9=0.041, a22=0.035, a43=0.033, a32=0.031, a44=0.030]
  s=  242 a= 37(MANAGER:3) r= -5.8667 cum=   -135.30 v=-17.3591 top5=[a9=0.039, a43=0.033, a22=0.032, a32=0.031, a44=0.029]
  s=  243 a= 16(BUILD:CoalCut) r= -0.9218 cum=   -136.22 v=-15.6852 top5=[a22=0.033, a17=0.032, a9=0.032, a43=0.031, a32=0.031]
  s=  244 a= 22(BUILD:Apiary) r= -0.9277 cum=   -137.15 v=-23.1394 top5=[a12=0.039, a2=0.033, a32=0.032, a17=0.031, a18=0.030]
  s=  245 a= 36(MANAGER:2) r= +0.1785 cum=   -136.97 v=-22.0660 top5=[a12=0.041, a32=0.035, a2=0.034, a6=0.033, a9=0.030]
  s=  246 a= 24(BUILD:Hothouse) r= -0.9418 cum=   -137.91 v=-22.0061 top5=[a12=0.041, a32=0.035, a2=0.033, a6=0.033, a9=0.029]
  s=  247 a= 37(MANAGER:3) r= -5.8570 cum=   -143.77 v=-21.8749 top5=[a12=0.041, a32=0.035, a2=0.033, a6=0.032, a17=0.029]
  s=  248 a= 41(MANAGER:7) r= -0.9293 cum=   -144.70 v=-22.1177 top5=[a12=0.044, a2=0.033, a6=0.033, a32=0.033, a9=0.029]
  s=  249 a= 10(BUILD:Refinery) r= -0.9336 cum=   -145.63 v=-22.0730 top5=[a12=0.044, a32=0.033, a6=0.033, a2=0.033, a9=0.029]
  s=  250 a= 40(MANAGER:6) r= -3.1362 cum=   -148.77 v=-21.9524 top5=[a12=0.043, a32=0.033, a6=0.033, a2=0.032, a9=0.029]
    state: year=0 month=12 season=3 money=5011 credit=59330 people=29 busy=0 free=29 home_places=110 need_workers=14 tax_due=0 main_tax_due=0 tax_amount=7662 main_tax_amount=0 days_alive=282 stage=0 res0=0 res1=200 res2=0 res3=0 res4=0 res5=0 res6=0 res7=0 res8=0 Farm=1 Road=6 SmallHouse=3 CowFarm=1 Hothouse=1 | nw=1483599.9171
  s=  251 a= 12(BUILD:PowerStation) r= +0.5110 cum=   -148.26 v=-21.8035 top5=[a12=0.043, a32=0.033, a6=0.033, a2=0.032, a18=0.029]
  s=  252 a= 41(MANAGER:7) r= -0.9475 cum=   -149.20 v=-21.4557 top5=[a12=0.040, a32=0.034, a2=0.031, a6=0.031, a17=0.030]
  s=  253 a= 38(MANAGER:4) r= -0.9429 cum=   -150.15 v=-21.4693 top5=[a12=0.039, a32=0.034, a2=0.031, a6=0.030, a17=0.030]
  s=  254 a= 11(BUILD:Goldmine) r= -0.9394 cum=   -151.09 v=-21.3927 top5=[a12=0.039, a32=0.034, a2=0.030, a17=0.030, a6=0.030]
  s=  255 a=  2(BUILD:WaterChannel) r= -0.9330 cum=   -152.02 v=-21.2867 top5=[a12=0.038, a32=0.035, a17=0.030, a2=0.030, a6=0.030]
  s=  256 a= 24(BUILD:Hothouse) r= -0.9415 cum=   -152.96 v=-21.1854 top5=[a12=0.038, a32=0.035, a17=0.030, a6=0.030, a18=0.029]
  s=  257 a= 34(MANAGER:0) r= -0.9502 cum=   -153.91 v=-21.1269 top5=[a12=0.037, a32=0.035, a17=0.031, a18=0.029, a6=0.029]
  s=  258 a= 41(MANAGER:7) r= -0.9405 cum=   -154.85 v=-21.3928 top5=[a12=0.039, a32=0.034, a6=0.031, a18=0.030, a17=0.030]
  s=  259 a= 22(BUILD:Apiary) r= -0.9545 cum=   -155.81 v=-21.3323 top5=[a12=0.038, a32=0.034, a6=0.030, a18=0.030, a17=0.030]
  s=  260 a= 31(BUILD:AirStation) r= -3.8720 cum=   -159.68 v=-21.2751 top5=[a12=0.038, a32=0.034, a6=0.030, a17=0.030, a18=0.030]
  s=  261 a= 20(BUILD:BigHouse) r= -0.9446 cum=   -160.62 v=-21.2225 top5=[a12=0.037, a32=0.034, a17=0.030, a18=0.030, a6=0.030]
  s=  262 a=  2(BUILD:WaterChannel) r= -0.9503 cum=   -161.57 v=-21.1814 top5=[a12=0.036, a32=0.034, a17=0.030, a18=0.030, a6=0.030]
  s=  263 a= 40(MANAGER:6) r= -0.2451 cum=   -161.82 v=-21.1614 top5=[a12=0.036, a32=0.034, a17=0.031, a18=0.030, a6=0.029]
  s=  264 a= 40(MANAGER:6) r= -0.9491 cum=   -162.77 v=-21.1262 top5=[a12=0.035, a32=0.034, a17=0.031, a18=0.030, a6=0.029]
  s=  265 a= 20(BUILD:BigHouse) r= -0.9604 cum=   -163.73 v=-21.1255 top5=[a12=0.035, a32=0.034, a17=0.031, a18=0.030, a6=0.029]
  s=  266 a= 31(BUILD:AirStation) r= -0.9514 cum=   -164.68 v=-21.1453 top5=[a12=0.034, a32=0.034, a17=0.031, a18=0.030, a24=0.029]
  s=  267 a=  8(BUILD:Coalmine) r= -0.9549 cum=   -165.63 v=-21.1781 top5=[a12=0.034, a32=0.034, a17=0.031, a18=0.030, a24=0.029]
  s=  268 a=  3(BUILD:Farm) r= +0.2071 cum=   -165.43 v=-21.2119 top5=[a32=0.034, a12=0.033, a17=0.031, a18=0.030, a24=0.029]
  s=  269 a= 16(BUILD:CoalCut) r= -0.9569 cum=   -166.38 v=-21.2323 top5=[a32=0.034, a12=0.033, a17=0.032, a18=0.030, a24=0.029]
  s=  270 a= 39(MANAGER:5) r= -3.9125 cum=   -170.30 v=-21.2664 top5=[a32=0.034, a12=0.032, a17=0.032, a18=0.030, a24=0.029]
  s=  271 a= 24(BUILD:Hothouse) r= -0.9596 cum=   -171.26 v=-21.3439 top5=[a32=0.034, a17=0.032, a12=0.032, a18=0.030, a24=0.029]
  s=  272 a= 37(MANAGER:3) r= -0.9677 cum=   -172.22 v=-21.4209 top5=[a32=0.033, a17=0.032, a12=0.031, a18=0.030, a24=0.029]
  s=  273 a= 43(MANAGER:9) r= -0.9733 cum=   -173.20 v=-21.4972 top5=[a32=0.033, a17=0.032, a12=0.031, a18=0.030, a24=0.029]
  s=  274 a= 34(MANAGER:0) r= -0.9770 cum=   -174.17 v=-21.5716 top5=[a32=0.033, a17=0.032, a12=0.031, a18=0.030, a22=0.029]
  s=  275 a= 39(MANAGER:5) r= -0.9846 cum=   -175.16 v=-23.5046 top5=[a12=0.061, a32=0.033, a2=0.031, a6=0.029, a36=0.029]
  s=  276 a= 34(MANAGER:0) r= -0.9638 cum=   -176.12 v=-23.5574 top5=[a12=0.061, a32=0.033, a2=0.031, a6=0.029, a36=0.029]
  s=  277 a= 22(BUILD:Apiary) r= -0.9702 cum=   -177.09 v=-23.6093 top5=[a12=0.060, a32=0.033, a2=0.030, a6=0.029, a36=0.029]
  s=  278 a= 27(BUILD:WaterMill) r= -0.9616 cum=   -178.05 v=-23.6614 top5=[a12=0.059, a32=0.033, a2=0.030, a6=0.029, a36=0.029]
  s=  279 a=  7(BUILD:Sawmill) r= -0.9646 cum=   -179.02 v=-23.7224 top5=[a12=0.058, a32=0.033, a2=0.030, a6=0.029, a36=0.029]
  s=  280 a=  2(BUILD:WaterChannel) r= -3.9282 cum=   -182.95 v=-23.8157 top5=[a12=0.057, a32=0.033, a2=0.029, a6=0.029, a36=0.029]
  s=  281 a= 13(BUILD:HydroStation) r= -0.9722 cum=   -183.92 v=-23.9209 top5=[a12=0.056, a32=0.033, a6=0.029, a2=0.029, a36=0.029]
  s=  282 a= 14(BUILD:Road) r= -0.9926 cum=   -184.91 v=-24.0238 top5=[a12=0.056, a32=0.033, a36=0.029, a6=0.029, a2=0.029]
  s=  283 a= 17(BUILD:HuntingLand) r= -0.9791 cum=   -185.89 v=-24.1240 top5=[a12=0.055, a32=0.033, a36=0.029, a6=0.029, a2=0.029]
  s=  284 a= 44(MANAGER:10) r= -0.0921 cum=   -185.98 v=-24.2284 top5=[a12=0.054, a32=0.033, a36=0.029, a6=0.029, a2=0.028]
  s=  285 a=  8(BUILD:Coalmine) r= -0.9710 cum=   -186.95 v=-24.3384 top5=[a12=0.053, a32=0.033, a36=0.029, a6=0.029, a44=0.028]
  s=  286 a= 27(BUILD:WaterMill) r= -0.9776 cum=   -187.93 v=-24.4390 top5=[a12=0.052, a32=0.033, a36=0.029, a6=0.029, a44=0.028]
  s=  287 a= 12(BUILD:PowerStation) r= +0.4639 cum=   -187.47 v=-24.5658 top5=[a12=0.051, a32=0.033, a36=0.030, a6=0.029, a44=0.028]
  s=  288 a= 14(BUILD:Road) r= -0.9862 cum=   -188.45 v=-24.3794 top5=[a12=0.048, a32=0.034, a6=0.030, a36=0.029, a2=0.028]
  s=  289 a= 30(BUILD:BigIronmine) r= -0.9735 cum=   -189.43 v=-24.5412 top5=[a12=0.047, a32=0.034, a6=0.030, a36=0.029, a2=0.028]
  s=  290 a= 22(BUILD:Apiary) r= -1.0103 cum=   -190.44 v=-24.7073 top5=[a12=0.046, a32=0.034, a6=0.030, a36=0.029, a2=0.028]
  s=  291 a= 11(BUILD:Goldmine) r= -0.9977 cum=   -191.43 v=-24.8843 top5=[a12=0.045, a32=0.033, a6=0.030, a36=0.029, a44=0.027]
  s=  292 a=  6(BUILD:SmallHouse) r= -0.9947 cum=   -192.43 v=-25.0579 top5=[a12=0.044, a32=0.033, a6=0.030, a36=0.029, a44=0.027]
  s=  293 a= 28(BUILD:BigRefinary) r= -0.9884 cum=   -193.42 v=-25.2158 top5=[a12=0.044, a32=0.033, a6=0.029, a36=0.029, a14=0.027]
  s=  294 a= 16(BUILD:CoalCut) r= -1.0093 cum=   -194.43 v=-25.7967 top5=[a12=0.046, a32=0.033, a36=0.029, a6=0.028, a44=0.028]
  s=  295 a= 34(MANAGER:0) r= -1.0129 cum=   -195.44 v=-25.9486 top5=[a12=0.045, a32=0.033, a36=0.029, a6=0.028, a44=0.028]
  s=  296 a= 21(BUILD:BigFarm) r= -3.9450 cum=   -199.38 v=-26.1025 top5=[a12=0.045, a32=0.033, a36=0.029, a44=0.028, a6=0.028]
  s=  297 a= 44(MANAGER:10) r= -0.1120 cum=   -199.50 v=-26.2662 top5=[a12=0.044, a32=0.032, a36=0.029, a44=0.028, a6=0.028]
  s=  298 a=  2(BUILD:WaterChannel) r= -1.0040 cum=   -200.50 v=-26.4420 top5=[a12=0.043, a32=0.032, a36=0.029, a44=0.028, a6=0.028]
  s=  299 a= 12(BUILD:PowerStation) r= +0.4650 cum=   -200.04 v=-26.6451 top5=[a12=0.042, a32=0.032, a36=0.029, a44=0.028, a6=0.027]
  s=  300 a=  6(BUILD:SmallHouse) r= -1.0154 cum=   -201.05 v=-26.7700 top5=[a12=0.039, a32=0.033, a6=0.029, a17=0.028, a14=0.028]
    state: year=1 month=1 season=3 money=3611 credit=65536 people=29 busy=0 free=29 home_places=110 need_workers=14 tax_due=0 main_tax_due=0 tax_amount=7670 main_tax_amount=0 days_alive=332 stage=0 res0=0 res1=200 res2=0 res3=0 res4=0 res5=0 res6=0 res7=0 res8=0 Farm=1 Road=9 SmallHouse=3 CowFarm=1 Hothouse=1 | nw=1476049.4052
  s=  301 a= 30(BUILD:BigIronmine) r= -1.0008 cum=   -202.05 v=-26.9708 top5=[a12=0.039, a32=0.033, a6=0.028, a17=0.028, a14=0.028]
  s=  302 a= 36(MANAGER:2) r= +0.2622 cum=   -201.79 v=-27.1767 top5=[a12=0.038, a32=0.033, a6=0.028, a17=0.028, a14=0.028]
  s=  303 a= 36(MANAGER:2) r= -0.3962 cum=   -202.19 v=-27.6121 top5=[a12=0.038, a32=0.033, a17=0.028, a43=0.028, a6=0.028]
  s=  304 a= 31(BUILD:AirStation) r= -1.0042 cum=   -203.19 v=-27.8376 top5=[a12=0.037, a32=0.033, a43=0.029, a17=0.028, a14=0.028]
  s=  305 a= 17(BUILD:HuntingLand) r= -0.4096 cum=   -203.60 v=-28.0627 top5=[a12=0.037, a32=0.032, a43=0.029, a17=0.029, a14=0.028]
  s=  306 a=  7(BUILD:Sawmill) r= -1.0059 cum=   -204.61 v=-26.4926 top5=[a12=0.066, a32=0.032, a6=0.032, a2=0.030, a39=0.027]
  s=  307 a= 15(BUILD:Fish) r= -1.0156 cum=   -205.62 v=-26.5874 top5=[a12=0.065, a32=0.032, a6=0.032, a2=0.030, a39=0.027]
  s=  308 a= 10(BUILD:Refinery) r= -3.9985 cum=   -209.62 v=-26.7037 top5=[a12=0.064, a32=0.032, a6=0.032, a2=0.029, a39=0.027]
  s=  309 a=  5(BUILD:House) r= -0.9977 cum=   -210.62 v=-26.8241 top5=[a12=0.063, a32=0.032, a6=0.032, a2=0.029, a39=0.027]
  s=  310 a=  5(BUILD:House) r= -1.0159 cum=   -211.63 v=-26.9420 top5=[a12=0.062, a32=0.032, a6=0.032, a2=0.029, a39=0.027]
  s=  311 a= 43(MANAGER:9) r= -1.0211 cum=   -212.65 v=-27.0574 top5=[a12=0.061, a32=0.032, a6=0.032, a2=0.029, a39=0.027]
  s=  312 a=  2(BUILD:WaterChannel) r= -1.0276 cum=   -213.68 v=-27.1760 top5=[a12=0.060, a32=0.032, a6=0.032, a2=0.028, a39=0.027]
  s=  313 a= 30(BUILD:BigIronmine) r= -1.0265 cum=   -214.71 v=-27.3034 top5=[a12=0.059, a32=0.032, a6=0.032, a2=0.028, a39=0.027]
  s=  314 a= 36(MANAGER:2) r= -0.3048 cum=   -215.01 v=-27.4435 top5=[a12=0.058, a32=0.032, a6=0.032, a2=0.028, a39=0.027]
  s=  315 a= 32(BUILD:SmallAtomStation) r= -1.0381 cum=   -216.05 v=-27.6219 top5=[a12=0.057, a32=0.032, a6=0.032, a2=0.028, a39=0.027]
  s=  316 a= 11(BUILD:Goldmine) r= -1.0348 cum=   -217.09 v=-27.7514 top5=[a12=0.056, a32=0.032, a6=0.031, a2=0.027, a39=0.027]
  s=  317 a= 16(BUILD:CoalCut) r= -1.0394 cum=   -218.13 v=-27.8809 top5=[a12=0.055, a32=0.032, a6=0.031, a2=0.027, a39=0.027]
  s=  318 a= 36(MANAGER:2) r= -3.3687 cum=   -221.49 v=-28.0044 top5=[a12=0.054, a32=0.032, a6=0.031, a2=0.027, a39=0.027]
  s=  319 a= 43(MANAGER:9) r= -1.0246 cum=   -222.52 v=-28.1670 top5=[a12=0.053, a32=0.032, a6=0.031, a39=0.027, a2=0.027]
  s=  320 a= 14(BUILD:Road) r= -1.0296 cum=   -223.55 v=-28.3287 top5=[a12=0.052, a32=0.032, a6=0.030, a39=0.027, a44=0.026]
  s=  321 a= 24(BUILD:Hothouse) r= -1.0338 cum=   -224.58 v=-28.4848 top5=[a12=0.051, a32=0.032, a6=0.030, a39=0.027, a17=0.027]
  s=  322 a=  7(BUILD:Sawmill) r= -1.0391 cum=   -225.62 v=-28.6398 top5=[a12=0.050, a32=0.032, a6=0.030, a17=0.027, a39=0.027]
  s=  323 a= 38(MANAGER:4) r= -1.0372 cum=   -226.66 v=-28.8227 top5=[a12=0.049, a32=0.032, a6=0.030, a17=0.027, a39=0.027]
  s=  324 a= 25(BUILD:SuperHouse) r= -0.4431 cum=   -227.10 v=-29.0285 top5=[a12=0.049, a32=0.032, a6=0.030, a17=0.027, a39=0.027]
  s=  325 a=  6(BUILD:SmallHouse) r= -1.0368 cum=   -228.14 v=-29.2648 top5=[a12=0.048, a32=0.032, a6=0.030, a17=0.027, a39=0.027]
  s=  326 a= 30(BUILD:BigIronmine) r= -1.0507 cum=   -229.19 v=-29.4626 top5=[a12=0.048, a32=0.032, a6=0.030, a17=0.027, a39=0.027]
  s=  327 a= 33(BUILD:AtomStation) r= -1.0381 cum=   -230.23 v=-29.6693 top5=[a12=0.047, a32=0.032, a6=0.030, a17=0.027, a39=0.027]
  s=  328 a= 23(BUILD:Torchlight) r= -4.0407 cum=   -234.27 v=-29.8646 top5=[a12=0.046, a32=0.032, a6=0.030, a17=0.027, a39=0.027]
  s=  329 a= 16(BUILD:CoalCut) r= -1.0569 cum=   -235.32 v=-30.0656 top5=[a12=0.045, a32=0.032, a6=0.030, a17=0.028, a39=0.027]
  s=  330 a= 21(BUILD:BigFarm) r= -1.0449 cum=   -236.37 v=-30.2702 top5=[a12=0.045, a32=0.032, a6=0.030, a17=0.028, a39=0.027]
  s=  331 a= 28(BUILD:BigRefinary) r= -1.0488 cum=   -237.42 v=-30.4797 top5=[a12=0.044, a32=0.032, a6=0.029, a17=0.028, a39=0.027]
  s=  332 a=  1(WEEK) r= +1.8651 cum=   -235.55 v=-30.6842 top5=[a12=0.043, a32=0.032, a6=0.029, a17=0.028, a18=0.027]
  s=  333 a= 33(BUILD:AtomStation) r= -3.5320 cum=   -239.09 v=-43.0962 top5=[a9=0.035, a17=0.029, a44=0.028, a15=0.028, a43=0.027]
  s=  334 a= 29(BUILD:Puerperal) r= -3.5302 cum=   -242.62 v=-42.9977 top5=[a9=0.035, a17=0.029, a44=0.028, a15=0.028, a43=0.027]
  s=  335 a= 31(BUILD:AirStation) r= -3.5283 cum=   -246.14 v=-42.9003 top5=[a9=0.035, a17=0.029, a44=0.028, a15=0.028, a43=0.027]
  s=  336 a= 18(BUILD:CowFarm) r= -3.5265 cum=   -249.67 v=-42.8037 top5=[a9=0.035, a17=0.028, a44=0.028, a15=0.028, a43=0.027]
  s=  337 a= 29(BUILD:Puerperal) r= -3.5247 cum=   -253.20 v=-42.7081 top5=[a9=0.035, a17=0.028, a44=0.028, a15=0.028, a43=0.027]
  s=  338 a=  9(BUILD:Ironmine) r= -5.9711 cum=   -259.17 v=-42.6128 top5=[a9=0.035, a44=0.028, a17=0.028, a15=0.028, a43=0.027]
  s=  339 a=  3(BUILD:Farm) r= -3.5114 cum=   -262.68 v=-42.5183 top5=[a9=0.035, a44=0.028, a17=0.028, a15=0.028, a43=0.028]
  s=  340 a=  4(BUILD:Garden) r= -3.5097 cum=   -266.19 v=-42.4247 top5=[a9=0.035, a44=0.028, a17=0.028, a15=0.028, a43=0.028]
  s=  341 a= 34(MANAGER:0) r= -3.5081 cum=   -269.70 v=-42.3319 top5=[a9=0.035, a44=0.028, a17=0.028, a15=0.028, a43=0.028]
  s=  342 a= 20(BUILD:BigHouse) r= -3.5064 cum=   -273.20 v=-42.2386 top5=[a9=0.035, a44=0.028, a17=0.028, a15=0.028, a43=0.028]
  s=  343 a= 11(BUILD:Goldmine) r= -3.5047 cum=   -276.71 v=-42.1462 top5=[a9=0.035, a44=0.028, a17=0.028, a15=0.028, a43=0.028]
  s=  344 a= 11(BUILD:Goldmine) r= -3.5031 cum=   -280.21 v=-42.0546 top5=[a9=0.035, a44=0.028, a17=0.028, a15=0.028, a43=0.028]
  s=  345 a= 41(MANAGER:7) r= -3.5015 cum=   -283.71 v=-41.9638 top5=[a9=0.035, a44=0.028, a17=0.028, a43=0.028, a15=0.028]
  s=  346 a= 25(BUILD:SuperHouse) r= -3.4999 cum=   -287.21 v=-41.8140 top5=[a9=0.035, a44=0.029, a17=0.028, a43=0.028, a15=0.028]
  s=  347 a= 19(BUILD:Mushroom) r= -3.4983 cum=   -290.71 v=-41.7246 top5=[a9=0.035, a44=0.029, a17=0.028, a43=0.028, a15=0.028]
  s=  348 a= 15(BUILD:Fish) r= -5.9266 cum=   -296.64 v=-41.6359 top5=[a9=0.035, a44=0.029, a17=0.028, a43=0.028, a15=0.028]
  s=  349 a= 36(MANAGER:2) r= -2.7143 cum=   -299.35 v=-41.5483 top5=[a9=0.035, a44=0.029, a43=0.028, a17=0.028, a15=0.028]
  s=  350 a= 21(BUILD:BigFarm) r= -3.4860 cum=   -302.84 v=-35.3591 top5=[a9=0.034, a17=0.030, a44=0.029, a21=0.028, a43=0.028]
    state: year=1 month=3 season=0 money=2017 credit=69986 people=31 busy=0 free=31 home_places=110 need_workers=19 tax_due=1 main_tax_due=0 tax_amount=7674 main_tax_amount=0 days_alive=365 stage=0 res0=0 res1=400 res2=0 res3=0 res4=0 res5=0 res6=0 res7=0 res8=0 Farm=1 Road=9 SmallHouse=3 CowFarm=1 Hothouse=1 | nw=1471020.1130
  s=  351 a= 39(MANAGER:5) r= -3.4845 cum=   -306.32 v=-35.2755 top5=[a9=0.034, a17=0.030, a44=0.029, a21=0.028, a43=0.028]
  s=  352 a= 10(BUILD:Refinery) r= -3.4830 cum=   -309.80 v=-35.1927 top5=[a9=0.034, a17=0.030, a44=0.029, a21=0.028, a43=0.028]
  s=  353 a= 32(BUILD:SmallAtomStation) r= -3.4816 cum=   -313.29 v=-35.1107 top5=[a9=0.034, a17=0.030, a44=0.029, a21=0.028, a43=0.028]
  s=  354 a= 33(BUILD:AtomStation) r= -3.4801 cum=   -316.77 v=-35.0293 top5=[a9=0.034, a17=0.030, a44=0.029, a21=0.028, a43=0.028]
  s=  355 a=  6(BUILD:SmallHouse) r= -3.4786 cum=   -320.24 v=-34.9477 top5=[a9=0.034, a17=0.030, a44=0.029, a21=0.028, a43=0.028]
  s=  356 a= 17(BUILD:HuntingLand) r= -3.4772 cum=   -323.72 v=-34.8665 top5=[a9=0.034, a17=0.030, a44=0.029, a21=0.028, a43=0.028]
  s=  357 a= 38(MANAGER:4) r= -3.4758 cum=   -327.20 v=-34.7860 top5=[a9=0.034, a17=0.030, a44=0.029, a43=0.028, a21=0.028]
  s=  358 a= 43(MANAGER:9) r= -5.8888 cum=   -333.09 v=-34.7062 top5=[a9=0.034, a17=0.029, a44=0.029, a43=0.028, a21=0.028]
  s=  359 a= 28(BUILD:BigRefinary) r= -3.4642 cum=   -336.55 v=-34.6271 top5=[a9=0.034, a17=0.029, a44=0.029, a43=0.028, a21=0.028]
  s=  360 a= 43(MANAGER:9) r= -3.4629 cum=   -340.01 v=-34.5486 top5=[a9=0.034, a44=0.029, a17=0.029, a43=0.028, a21=0.028]
  s=  361 a=  0(DAY) r= -3.4615 cum=   -343.47 v=-34.4706 top5=[a9=0.034, a44=0.029, a17=0.029, a43=0.028, a21=0.028]
  s=  362 a= 40(MANAGER:6) r= -2.7449 cum=   -346.22 v=-34.3930 top5=[a9=0.034, a44=0.029, a17=0.029, a43=0.028, a21=0.028]
  s=  363 a=  0(DAY) r= -3.4603 cum=   -349.68 v=-34.3515 top5=[a9=0.034, a44=0.029, a17=0.029, a43=0.028, a21=0.028]
  s=  364 a= 28(BUILD:BigRefinary) r= -3.4590 cum=   -353.14 v=-34.2752 top5=[a9=0.034, a44=0.029, a17=0.029, a43=0.028, a21=0.028]
  s=  365 a= 11(BUILD:Goldmine) r= -3.4577 cum=   -356.60 v=-34.1995 top5=[a9=0.034, a44=0.029, a17=0.029, a43=0.028, a21=0.028]
  s=  366 a=  5(BUILD:House) r= -3.4564 cum=   -360.05 v=-34.1244 top5=[a9=0.034, a44=0.029, a17=0.029, a43=0.028, a21=0.028]
  s=  367 a= 37(MANAGER:3) r= -3.4552 cum=   -363.51 v=-34.0503 top5=[a9=0.034, a44=0.029, a17=0.029, a43=0.028, a21=0.028]
  s=  368 a= 24(BUILD:Hothouse) r= -5.8541 cum=   -369.36 v=-33.9770 top5=[a9=0.034, a44=0.029, a17=0.029, a43=0.028, a21=0.028]
  s=  369 a= 12(BUILD:PowerStation) r= -2.0082 cum=   -371.37 v=-33.9043 top5=[a9=0.034, a44=0.029, a17=0.029, a43=0.028, a21=0.028]
  s=  370 a= 16(BUILD:CoalCut) r= -3.4453 cum=   -374.82 v=-30.3375 top5=[a9=0.033, a17=0.030, a44=0.029, a43=0.029, a21=0.029]
  s=  371 a= 15(BUILD:Fish) r= -3.4441 cum=   -378.26 v=-30.2618 top5=[a9=0.033, a17=0.030, a44=0.029, a43=0.029, a21=0.029]
  s=  372 a= 43(MANAGER:9) r= -3.4430 cum=   -381.70 v=-30.1867 top5=[a9=0.033, a17=0.030, a44=0.029, a43=0.029, a21=0.029]
  s=  373 a=  2(BUILD:WaterChannel) r= -3.4418 cum=   -385.14 v=-30.1122 top5=[a9=0.033, a17=0.030, a44=0.029, a43=0.029, a21=0.029]
  s=  374 a=  5(BUILD:House) r= -3.4406 cum=   -388.59 v=-30.0382 top5=[a9=0.033, a17=0.030, a44=0.029, a43=0.029, a21=0.029]
  s=  375 a= 24(BUILD:Hothouse) r= -3.4395 cum=   -392.02 v=-29.9647 top5=[a9=0.033, a17=0.030, a44=0.029, a43=0.029, a21=0.029]
  s=  376 a= 22(BUILD:Apiary) r= -3.4383 cum=   -395.46 v=-29.8920 top5=[a9=0.033, a17=0.030, a44=0.029, a43=0.029, a21=0.029]
  s=  377 a=  3(BUILD:Farm) r= -3.4372 cum=   -398.90 v=-29.8199 top5=[a9=0.033, a17=0.030, a44=0.029, a43=0.029, a21=0.029]
  s=  378 a= 10(BUILD:Refinery) r= -5.8238 cum=   -404.72 v=-29.7484 top5=[a9=0.033, a17=0.030, a44=0.029, a43=0.029, a21=0.029]
  s=  379 a= 17(BUILD:HuntingLand) r= -3.4269 cum=   -408.15 v=-29.6774 top5=[a9=0.033, a17=0.030, a44=0.029, a43=0.029, a21=0.029]
  s=  380 a= 26(BUILD:BigSawmill) r= -3.4258 cum=   -411.58 v=-29.6070 top5=[a9=0.033, a17=0.030, a43=0.029, a44=0.029, a21=0.029]
  s=  381 a=  0(DAY) r= -3.4247 cum=   -415.00 v=-29.5372 top5=[a9=0.033, a17=0.030, a43=0.029, a44=0.029, a21=0.028]
  s=  382 a= 36(MANAGER:2) r= -3.4237 cum=   -418.42 v=-29.4679 top5=[a9=0.033, a17=0.030, a43=0.029, a44=0.029, a21=0.028]
  s=  383 a= 34(MANAGER:0) r= -3.4226 cum=   -421.85 v=-29.3991 top5=[a9=0.033, a17=0.030, a43=0.029, a44=0.029, a21=0.028]
  s=  384 a= 23(BUILD:Torchlight) r= -3.4216 cum=   -425.27 v=-29.3309 top5=[a9=0.033, a17=0.030, a43=0.029, a44=0.029, a21=0.028]
  s=  385 a= 31(BUILD:AirStation) r= -3.4206 cum=   -428.69 v=-29.2632 top5=[a9=0.033, a17=0.030, a43=0.029, a44=0.029, a21=0.028]
  s=  386 a= 43(MANAGER:9) r= -3.4196 cum=   -432.11 v=-29.1960 top5=[a9=0.033, a17=0.030, a43=0.029, a44=0.029, a21=0.028]
  s=  387 a= 24(BUILD:Hothouse) r= -3.4186 cum=   -435.53 v=-29.1293 top5=[a9=0.033, a17=0.030, a43=0.029, a44=0.029, a21=0.028]
  s=  388 a= 22(BUILD:Apiary) r= -5.7925 cum=   -441.32 v=-29.0631 top5=[a9=0.033, a17=0.030, a43=0.029, a44=0.029, a21=0.028]
  s=  389 a= 31(BUILD:AirStation) r= -3.4089 cum=   -444.73 v=-28.9974 top5=[a9=0.033, a17=0.030, a43=0.029, a44=0.029, a21=0.028]
  s=  390 a= 23(BUILD:Torchlight) r= -3.4079 cum=   -448.14 v=-28.9322 top5=[a9=0.033, a17=0.030, a43=0.029, a44=0.029, a21=0.028]
  s=  391 a= 13(BUILD:HydroStation) r= -5.7745 cum=   -453.91 v=-28.8675 top5=[a9=0.033, a17=0.030, a43=0.029, a44=0.029, a21=0.028]
    state: year=0 month=3 season=0 money=82000 credit=0 people=28 busy=0 free=28 home_places=50 need_workers=0 tax_due=0 main_tax_due=0 tax_amount=5106 main_tax_amount=0 days_alive=0 stage=0 res0=0 res1=0 res2=0 res3=0 res4=0 res5=0 res6=0 res7=0 res8=0 | nw=1532000.0000
  >>> Ep 3: reward=-453.91, steps=392
  >>> final: year=0 month=3 season=0 money=82000 credit=0 people=28 busy=0 free=28 home_places=50 need_workers=0 tax_due=0 main_tax_due=0 tax_amount=5106 main_tax_amount=0 days_alive=0 stage=0 res0=0 res1=0 res2=0 res3=0 res4=0 res5=0 res6=0 res7=0 res8=0 | nw=1532000.0000
