=== Step log started ===
  ACTION: 22 (BUILD:Apiary price=9385 need_earth=10) | money=82000 pop=28 free=28
STEP 1 | BUILD:Apiary | total=12.408 err=0.000 tax=0.000 taxb=0.300 build=4.946 cost=-0.939 div=8.000 prox=0.000 prov=0.000 preq=0.000 pres=0.000 sale=0.000 mtax=0.000 chain=0.000 daily=0.000 nov=0.000 mile=0.000 surv=0.100 idle=0.000 gover=0.000 | nw=1.532e+06 pop=28 bases=2 money=72615 credit=0 day=1 | food=0 water=0 coal=0 home=50 free=28 roads=0
  ACTION: 43 | money=72615 pop=28 free=28
STEP 2 | MGR:credit_give | total=-0.600 err=-1.000 tax=0.000 taxb=0.300 build=0.000 cost=0.000 div=0.000 prox=0.000 prov=0.000 preq=0.000 pres=0.000 sale=0.000 mtax=0.000 chain=0.000 daily=0.000 nov=0.000 mile=0.000 surv=0.100 idle=0.000 gover=0.000 | nw=1.532e+06 pop=28 bases=2 money=72615 credit=0 day=2 | food=0 water=0 coal=0 home=50 free=28 roads=0
  ACTION: 6 (BUILD:Coalmine price=25471 need_earth=4) | money=72615 pop=28 free=28
  BUILD FAILED: Coalmine (no cell or error)
STEP 3 | BUILD:Coalmine | total=-10.600 err=-1.000 tax=0.000 taxb=0.300 build=0.000 cost=0.000 div=0.000 prox=0.000 prov=0.000 preq=0.000 pres=0.000 sale=0.000 mtax=0.000 chain=0.000 daily=0.000 nov=0.000 mile=0.000 surv=0.100 idle=-10.000 gover=0.000 | nw=1.532e+06 pop=28 bases=2 money=72615 credit=0 day=3 | food=0 water=0 coal=0 home=50 free=28 roads=0
  ACTION: 37 | money=72615 pop=28 free=28
STEP 4 | MGR:destroy | total=-0.600 err=-1.000 tax=0.000 taxb=0.300 build=0.000 cost=0.000 div=0.000 prox=0.000 prov=0.000 preq=0.000 pres=0.000 sale=0.000 mtax=0.000 chain=0.000 daily=0.000 nov=0.000 mile=0.000 surv=0.100 idle=0.000 gover=0.000 | nw=1.532e+06 pop=28 bases=2 money=72615 credit=0 day=4 | food=0 water=0 coal=0 home=50 free=28 roads=0
  ACTION: 15 (BUILD:Fish price=30202 need_earth=2) | money=72615 pop=28 free=28
  BUILD FAILED: Fish (no cell or error)
STEP 5 | BUILD:Fish | total=-0.600 err=-1.000 tax=0.000 taxb=0.300 build=0.000 cost=0.000 div=0.000 prox=0.000 prov=0.000 preq=0.000 pres=0.000 sale=0.000 mtax=0.000 chain=0.000 daily=0.000 nov=0.000 mile=0.000 surv=0.100 idle=0.000 gover=0.000 | nw=1.532e+06 pop=28 bases=2 money=72615 credit=0 day=5 | food=0 water=0 coal=0 home=50 free=28 roads=0
  ACTION: 21 (BUILD:BigFarm price=380385 need_earth=1) | money=72615 pop=28 free=28
  BUILD FAILED: BigFarm (no cell or error)
STEP 6 | BUILD:BigFarm | total=-9.927 err=-1.000 tax=0.000 taxb=0.300 build=0.673 cost=0.000 div=0.000 prox=0.000 prov=0.000 preq=0.000 pres=0.000 sale=0.000 mtax=0.000 chain=0.000 daily=0.000 nov=0.000 mile=0.000 surv=0.100 idle=-10.000 gover=0.000 | nw=1.532e+06 pop=28 bases=2 money=72615 credit=0 day=6 | food=0 water=0 coal=0 home=50 free=28 roads=0
  ACTION: 27 (BUILD:WaterMill price=2900197 need_earth=2) | money=72615 pop=28 free=28
  BUILD FAILED: WaterMill (no cell or error)
STEP 7 | BUILD:WaterMill | total=-0.600 err=-1.000 tax=0.000 taxb=0.300 build=0.000 cost=0.000 div=0.000 prox=0.000 prov=0.000 preq=0.000 pres=0.000 sale=0.000 mtax=0.000 chain=0.000 daily=0.000 nov=0.000 mile=0.000 surv=0.100 idle=0.000 gover=0.000 | nw=1.532e+06 pop=28 bases=2 money=72615 credit=0 day=7 | food=0 water=0 coal=0 home=50 free=28 roads=0
  ACTION: 23 (BUILD:Torchlight price=215000 need_earth=6) | money=72615 pop=28 free=28
  BUILD FAILED: Torchlight (no cell or error)
STEP 8 | BUILD:Torchlight | total=-0.600 err=-1.000 tax=0.000 taxb=0.300 build=0.000 cost=0.000 div=0.000 prox=0.000 prov=0.000 preq=0.000 pres=0.000 sale=0.000 mtax=0.000 chain=0.000 daily=0.000 nov=0.000 mile=0.000 surv=0.100 idle=0.000 gover=0.000 | nw=1.532e+06 pop=28 bases=2 money=72615 credit=0 day=8 | food=0 water=0 coal=0 home=50 free=28 roads=0
  ACTION: 32 (BUILD:SmallAtomStation price=29000000 need_earth=2) | money=72615 pop=28 free=28
  BUILD FAILED: SmallAtomStation (no cell or error)
STEP 9 | BUILD:SmallAtomStation | total=-10.600 err=-1.000 tax=0.000 taxb=0.300 build=0.000 cost=0.000 div=0.000 prox=0.000 prov=0.000 preq=0.000 pres=0.000 sale=0.000 mtax=0.000 chain=0.000 daily=0.000 nov=0.000 mile=0.000 surv=0.100 idle=-10.000 gover=0.000 | nw=1.532e+06 pop=28 bases=2 money=72615 credit=0 day=9 | food=0 water=0 coal=0 home=50 free=28 roads=0
  ACTION: 20 (BUILD:BigHouse price=66400 need_earth=1) | money=72615 pop=28 free=28
STEP 10 | BUILD:BigHouse | total=3.260 err=0.000 tax=0.000 taxb=0.300 build=1.500 cost=-6.640 div=8.000 prox=0.000 prov=0.000 preq=0.000 pres=0.000 sale=0.000 mtax=0.000 chain=0.000 daily=0.000 nov=0.000 mile=0.000 surv=0.100 idle=0.000 gover=0.000 | nw=1.532e+06 pop=28 bases=3 money=6215 credit=0 day=10 | food=0 water=0 coal=0 home=50 free=28 roads=0
  ACTION: 17 (BUILD:HuntingLand price=16985 need_earth=3) | money=6215 pop=28 free=28
  BUILD FAILED: HuntingLand (no cell or error)
STEP 11 | BUILD:HuntingLand | total=-0.600 err=-1.000 tax=0.000 taxb=0.300 build=0.000 cost=0.000 div=0.000 prox=0.000 prov=0.000 preq=0.000 pres=0.000 sale=0.000 mtax=0.000 chain=0.000 daily=0.000 nov=0.000 mile=0.000 surv=0.100 idle=0.000 gover=0.000 | nw=1.532e+06 pop=28 bases=3 money=6215 credit=0 day=11 | food=0 water=0 coal=0 home=50 free=28 roads=0
  ACTION: 29 (BUILD:Puerperal price=37105 need_earth=10) | money=6215 pop=28 free=28
  BUILD FAILED: Puerperal (no cell or error)
STEP 12 | BUILD:Puerperal | total=-10.600 err=-1.000 tax=0.000 taxb=0.300 build=0.000 cost=0.000 div=0.000 prox=0.000 prov=0.000 preq=0.000 pres=0.000 sale=0.000 mtax=0.000 chain=0.000 daily=0.000 nov=0.000 mile=0.000 surv=0.100 idle=-10.000 gover=0.000 | nw=1.532e+06 pop=28 bases=3 money=6215 credit=0 day=12 | food=0 water=0 coal=0 home=50 free=28 roads=0
  ACTION: 17 (BUILD:HuntingLand price=16985 need_earth=3) | money=6215 pop=28 free=28
  BUILD FAILED: HuntingLand (no cell or error)
STEP 13 | BUILD:HuntingLand | total=-0.600 err=-1.000 tax=0.000 taxb=0.300 build=0.000 cost=0.000 div=0.000 prox=0.000 prov=0.000 preq=0.000 pres=0.000 sale=0.000 mtax=0.000 chain=0.000 daily=0.000 nov=0.000 mile=0.000 surv=0.100 idle=0.000 gover=0.000 | nw=1.532e+06 pop=28 bases=3 money=6215 credit=0 day=13 | food=0 water=0 coal=0 home=50 free=28 roads=0
  ACTION: 2 (BUILD:Farm price=19814 need_earth=10) | money=6215 pop=28 free=28
  BUILD FAILED: Farm (no cell or error)
STEP 14 | BUILD:Farm | total=-0.235 err=-1.000 tax=0.000 taxb=0.300 build=0.365 cost=0.000 div=0.000 prox=0.000 prov=0.000 preq=0.000 pres=0.000 sale=0.000 mtax=0.000 chain=0.000 daily=0.000 nov=0.000 mile=0.000 surv=0.100 idle=0.000 gover=0.000 | nw=1.532e+06 pop=28 bases=3 money=6215 credit=0 day=14 | food=0 water=0 coal=0 home=50 free=28 roads=0
  ACTION: 26 (BUILD:BigSawmill price=620900 need_earth=3) | money=6215 pop=28 free=28
  BUILD FAILED: BigSawmill (no cell or error)
STEP 15 | BUILD:BigSawmill | total=-10.600 err=-1.000 tax=0.000 taxb=0.300 build=0.000 cost=0.000 div=0.000 prox=0.000 prov=0.000 preq=0.000 pres=0.000 sale=0.000 mtax=0.000 chain=0.000 daily=0.000 nov=0.000 mile=0.000 surv=0.100 idle=-10.000 gover=0.000 | nw=1.532e+06 pop=28 bases=3 money=6215 credit=0 day=15 | food=0 water=0 coal=0 home=50 free=28 roads=0
  ACTION: 10 (BUILD:PowerStation price=92433 need_earth=10) | money=6215 pop=28 free=28
  BUILD FAILED: PowerStation (no cell or error)
STEP 16 | BUILD:PowerStation | total=-0.600 err=-1.000 tax=0.000 taxb=0.300 build=0.000 cost=0.000 div=0.000 prox=0.000 prov=0.000 preq=0.000 pres=0.000 sale=0.000 mtax=0.000 chain=0.000 daily=0.000 nov=0.000 mile=0.000 surv=0.100 idle=0.000 gover=0.000 | nw=1.532e+06 pop=28 bases=3 money=6215 credit=0 day=16 | food=0 water=0 coal=0 home=50 free=28 roads=0
  ACTION: 36 | money=6215 pop=28 free=28
STEP 17 | MGR:restore_all | total=-0.600 err=-1.000 tax=0.000 taxb=0.300 build=0.000 cost=0.000 div=0.000 prox=0.000 prov=0.000 preq=0.000 pres=0.000 sale=0.000 mtax=0.000 chain=0.000 daily=0.000 nov=0.000 mile=0.000 surv=0.100 idle=0.000 gover=0.000 | nw=1.532e+06 pop=28 bases=3 money=6215 credit=0 day=17 | food=0 water=0 coal=0 home=50 free=28 roads=0
  ACTION: 30 (BUILD:BigIronmine price=2715002 need_earth=5) | money=6215 pop=28 free=28
  BUILD FAILED: BigIronmine (no cell or error)
STEP 18 | BUILD:BigIronmine | total=-10.600 err=-1.000 tax=0.000 taxb=0.300 build=0.000 cost=0.000 div=0.000 prox=0.000 prov=0.000 preq=0.000 pres=0.000 sale=0.000 mtax=0.000 chain=0.000 daily=0.000 nov=0.000 mile=0.000 surv=0.100 idle=-10.000 gover=0.000 | nw=1.532e+06 pop=28 bases=3 money=6215 credit=0 day=18 | food=0 water=0 coal=0 home=50 free=28 roads=0
  ACTION: 4 (BUILD:WaterChannel price=18310 need_earth=2) | money=6215 pop=28 free=28
  BUILD FAILED: WaterChannel (no cell or error)
STEP 19 | BUILD:WaterChannel | total=-0.600 err=-1.000 tax=0.000 taxb=0.300 build=0.000 cost=0.000 div=0.000 prox=0.000 prov=0.000 preq=0.000 pres=0.000 sale=0.000 mtax=0.000 chain=0.000 daily=0.000 nov=0.000 mile=0.000 surv=0.100 idle=0.000 gover=0.000 | nw=1.532e+06 pop=28 bases=3 money=6215 credit=0 day=19 | food=0 water=0 coal=0 home=50 free=28 roads=0
  ACTION: 20 (BUILD:BigHouse price=66400 need_earth=1) | money=6215 pop=28 free=28
  BUILD FAILED: BigHouse (no cell or error)
STEP 20 | BUILD:BigHouse | total=-0.600 err=-1.000 tax=0.000 taxb=0.300 build=0.000 cost=0.000 div=0.000 prox=0.000 prov=0.000 preq=0.000 pres=0.000 sale=0.000 mtax=0.000 chain=0.000 daily=0.000 nov=0.000 mile=0.000 surv=0.100 idle=0.000 gover=0.000 | nw=1.532e+06 pop=28 bases=3 money=6215 credit=0 day=20 | food=0 water=0 coal=0 home=50 free=28 roads=0
  ACTION: 21 (BUILD:BigFarm price=380385 need_earth=1) | money=6215 pop=28 free=28
  BUILD FAILED: BigFarm (no cell or error)
STEP 21 | BUILD:BigFarm | total=-9.927 err=-1.000 tax=0.000 taxb=0.300 build=0.673 cost=0.000 div=0.000 prox=0.000 prov=0.000 preq=0.000 pres=0.000 sale=0.000 mtax=0.000 chain=0.000 daily=0.000 nov=0.000 mile=0.000 surv=0.100 idle=-10.000 gover=0.000 | nw=1.532e+06 pop=28 bases=3 money=6215 credit=0 day=21 | food=0 water=0 coal=0 home=50 free=28 roads=0
  ACTION: 23 (BUILD:Torchlight price=215000 need_earth=6) | money=6215 pop=28 free=28
  BUILD FAILED: Torchlight (no cell or error)
STEP 22 | BUILD:Torchlight | total=-0.600 err=-1.000 tax=0.000 taxb=0.300 build=0.000 cost=0.000 div=0.000 prox=0.000 prov=0.000 preq=0.000 pres=0.000 sale=0.000 mtax=0.000 chain=0.000 daily=0.000 nov=0.000 mile=0.000 surv=0.100 idle=0.000 gover=0.000 | nw=1.532e+06 pop=28 bases=3 money=6215 credit=0 day=22 | food=0 water=0 coal=0 home=50 free=28 roads=0
  ACTION: 41 | money=6215 pop=28 free=28
STEP 23 | MGR:buy_food | total=-1.600 err=0.000 tax=0.000 taxb=0.300 build=0.000 cost=0.000 div=0.000 prox=0.000 prov=0.000 preq=0.000 pres=0.000 sale=0.000 mtax=0.000 chain=0.000 daily=0.000 nov=0.000 mile=0.000 surv=-1.900 idle=0.000 gover=0.000 | nw=1.5316e+06 pop=28 bases=3 money=5415 credit=0 day=23 | food=400 water=0 coal=0 home=50 free=28 roads=0
  ACTION: 2 (BUILD:Farm price=19814 need_earth=10) | money=5415 pop=28 free=28
  BUILD FAILED: Farm (no cell or error)
STEP 24 | BUILD:Farm | total=-10.600 err=-1.000 tax=0.000 taxb=0.300 build=0.000 cost=0.000 div=0.000 prox=0.000 prov=0.000 preq=0.000 pres=0.000 sale=0.000 mtax=0.000 chain=0.000 daily=0.000 nov=0.000 mile=0.000 surv=0.100 idle=-10.000 gover=0.000 | nw=1.5316e+06 pop=28 bases=3 money=5415 credit=0 day=24 | food=400 water=0 coal=0 home=50 free=28 roads=0
  ACTION: 26 (BUILD:BigSawmill price=620900 need_earth=3) | money=5415 pop=28 free=28
  BUILD FAILED: BigSawmill (no cell or error)
STEP 25 | BUILD:BigSawmill | total=-0.535 err=-1.000 tax=0.000 taxb=0.300 build=0.000 cost=0.000 div=0.000 prox=0.000 prov=0.000 preq=0.000 pres=0.000 sale=0.000 mtax=0.000 chain=0.000 daily=0.065 nov=0.000 mile=0.000 surv=0.100 idle=0.000 gover=0.000 | nw=1.5316e+06 pop=28 bases=3 money=5415 credit=0 day=25 | food=400 water=0 coal=0 home=50 free=28 roads=0
  ACTION: 25 (BUILD:SuperHouse price=971000 need_earth=1) | money=5415 pop=28 free=28
  BUILD FAILED: SuperHouse (no cell or error)
STEP 26 | BUILD:SuperHouse | total=-0.629 err=-1.000 tax=0.000 taxb=0.300 build=0.000 cost=0.000 div=0.000 prox=0.000 prov=0.000 preq=0.000 pres=0.000 sale=0.000 mtax=0.000 chain=0.000 daily=0.000 nov=0.000 mile=0.000 surv=0.071 idle=0.000 gover=0.000 | nw=1.53159e+06 pop=28 bases=3 money=5415 credit=0 day=26 | food=400 water=0 coal=0 home=50 free=28 roads=0
  ACTION: 6 (BUILD:Coalmine price=25471 need_earth=4) | money=5415 pop=28 free=28
  BUILD FAILED: Coalmine (no cell or error)
STEP 27 | BUILD:Coalmine | total=-10.619 err=-1.000 tax=0.000 taxb=0.300 build=0.000 cost=0.000 div=0.000 prox=0.000 prov=0.000 preq=0.000 pres=0.000 sale=0.000 mtax=0.000 chain=0.000 daily=0.000 nov=0.000 mile=0.000 surv=0.081 idle=-10.000 gover=0.000 | nw=1.53159e+06 pop=28 bases=3 money=5415 credit=0 day=27 | food=400 water=0 coal=0 home=50 free=28 roads=0
  ACTION: 39 | money=5415 pop=28 free=28
STEP 28 | MGR:unpreserve | total=-0.629 err=-1.000 tax=0.000 taxb=0.300 build=0.000 cost=0.000 div=0.000 prox=0.000 prov=0.000 preq=0.000 pres=0.000 sale=0.000 mtax=0.000 chain=0.000 daily=0.000 nov=0.000 mile=0.000 surv=0.071 idle=0.000 gover=0.000 | nw=1.53158e+06 pop=28 bases=3 money=5415 credit=0 day=28 | food=400 water=0 coal=0 home=50 free=28 roads=0
  ACTION: 8 (BUILD:Refinery price=82684 need_earth=6) | money=5415 pop=28 free=28
  BUILD FAILED: Refinery (no cell or error)
STEP 29 | BUILD:Refinery | total=-0.619 err=-1.000 tax=0.000 taxb=0.300 build=0.000 cost=0.000 div=0.000 prox=0.000 prov=0.000 preq=0.000 pres=0.000 sale=0.000 mtax=0.000 chain=0.000 daily=0.000 nov=0.000 mile=0.000 surv=0.081 idle=0.000 gover=0.000 | nw=1.53158e+06 pop=28 bases=3 money=5415 credit=0 day=29 | food=400 water=0 coal=0 home=50 free=28 roads=0
  ACTION: 25 (BUILD:SuperHouse price=971000 need_earth=1) | money=5415 pop=28 free=28
  BUILD FAILED: SuperHouse (no cell or error)
STEP 30 | BUILD:SuperHouse | total=-10.619 err=-1.000 tax=0.000 taxb=0.300 build=0.000 cost=0.000 div=0.000 prox=0.000 prov=0.000 preq=0.000 pres=0.000 sale=0.000 mtax=0.000 chain=0.000 daily=0.000 nov=0.000 mile=0.000 surv=0.081 idle=-10.000 gover=0.000 | nw=1.53158e+06 pop=28 bases=3 money=5415 credit=0 day=30 | food=400 water=0 coal=0 home=50 free=28 roads=0
  ACTION: 32 (BUILD:SmallAtomStation price=29000000 need_earth=2) | money=5415 pop=28 free=28
  BUILD FAILED: SmallAtomStation (no cell or error)
STEP 31 | BUILD:SmallAtomStation | total=-0.619 err=-1.000 tax=0.000 taxb=0.300 build=0.000 cost=0.000 div=0.000 prox=0.000 prov=0.000 preq=0.000 pres=0.000 sale=0.000 mtax=0.000 chain=0.000 daily=0.000 nov=0.000 mile=0.000 surv=0.081 idle=0.000 gover=0.000 | nw=1.53157e+06 pop=28 bases=3 money=5415 credit=0 day=31 | food=400 water=0 coal=0 home=50 free=28 roads=0
  ACTION: 9 (BUILD:Goldmine price=77000 need_earth=7) | money=5415 pop=28 free=28
  BUILD FAILED: Goldmine (no cell or error)
STEP 32 | BUILD:Goldmine | total=-0.619 err=-1.000 tax=0.000 taxb=0.300 build=0.000 cost=0.000 div=0.000 prox=0.000 prov=0.000 preq=0.000 pres=0.000 sale=0.000 mtax=0.000 chain=0.000 daily=0.000 nov=0.000 mile=0.000 surv=0.081 idle=0.000 gover=0.000 | nw=1.53157e+06 pop=28 bases=3 money=5415 credit=0 day=32 | food=400 water=0 coal=0 home=50 free=28 roads=0
  ACTION: 8 (BUILD:Refinery price=82684 need_earth=6) | money=5415 pop=28 free=28
  BUILD FAILED: Refinery (no cell or error)
STEP 33 | BUILD:Refinery | total=-10.619 err=-1.000 tax=0.000 taxb=0.300 build=0.000 cost=0.000 div=0.000 prox=0.000 prov=0.000 preq=0.000 pres=0.000 sale=0.000 mtax=0.000 chain=0.000 daily=0.000 nov=0.000 mile=0.000 surv=0.081 idle=-10.000 gover=0.000 | nw=1.53157e+06 pop=28 bases=3 money=5415 credit=0 day=33 | food=400 water=0 coal=0 home=50 free=28 roads=0
  ACTION: 7 (BUILD:Ironmine price=32008 need_earth=5) | money=5415 pop=28 free=28
  BUILD FAILED: Ironmine (no cell or error)
STEP 34 | BUILD:Ironmine | total=-0.629 err=-1.000 tax=0.000 taxb=0.300 build=0.000 cost=0.000 div=0.000 prox=0.000 prov=0.000 preq=0.000 pres=0.000 sale=0.000 mtax=0.000 chain=0.000 daily=0.000 nov=0.000 mile=0.000 surv=0.071 idle=0.000 gover=0.000 | nw=1.53156e+06 pop=28 bases=3 money=5415 credit=0 day=34 | food=400 water=0 coal=0 home=50 free=28 roads=0
  ACTION: 13 (BUILD:House price=14038 need_earth=1) | money=5415 pop=28 free=28
  BUILD FAILED: House (no cell or error)
STEP 35 | BUILD:House | total=-0.619 err=-1.000 tax=0.000 taxb=0.300 build=0.000 cost=0.000 div=0.000 prox=0.000 prov=0.000 preq=0.000 pres=0.000 sale=0.000 mtax=0.000 chain=0.000 daily=0.000 nov=0.000 mile=0.000 surv=0.081 idle=0.000 gover=0.000 | nw=1.53156e+06 pop=28 bases=3 money=5415 credit=0 day=35 | food=400 water=0 coal=0 home=50 free=28 roads=0
  ACTION: 30 (BUILD:BigIronmine price=2715002 need_earth=5) | money=5415 pop=28 free=28
  BUILD FAILED: BigIronmine (no cell or error)
STEP 36 | BUILD:BigIronmine | total=-10.619 err=-1.000 tax=0.000 taxb=0.300 build=0.000 cost=0.000 div=0.000 prox=0.000 prov=0.000 preq=0.000 pres=0.000 sale=0.000 mtax=0.000 chain=0.000 daily=0.000 nov=0.000 mile=0.000 surv=0.081 idle=-10.000 gover=0.000 | nw=1.53155e+06 pop=28 bases=3 money=5415 credit=0 day=36 | food=400 water=0 coal=0 home=50 free=28 roads=0
  ACTION: 4 (BUILD:WaterChannel price=18310 need_earth=2) | money=5415 pop=28 free=28
  BUILD FAILED: WaterChannel (no cell or error)
STEP 37 | BUILD:WaterChannel | total=-0.610 err=-1.000 tax=0.000 taxb=0.300 build=0.000 cost=0.000 div=0.000 prox=0.000 prov=0.000 preq=0.000 pres=0.000 sale=0.000 mtax=0.000 chain=0.000 daily=0.000 nov=0.000 mile=0.000 surv=0.090 idle=0.000 gover=0.000 | nw=1.53155e+06 pop=28 bases=3 money=5415 credit=0 day=37 | food=400 water=0 coal=0 home=50 free=28 roads=0
  ACTION: 26 (BUILD:BigSawmill price=620900 need_earth=3) | money=5415 pop=28 free=28
  BUILD FAILED: BigSawmill (no cell or error)
STEP 38 | BUILD:BigSawmill | total=-0.619 err=-1.000 tax=0.000 taxb=0.300 build=0.000 cost=0.000 div=0.000 prox=0.000 prov=0.000 preq=0.000 pres=0.000 sale=0.000 mtax=0.000 chain=0.000 daily=0.000 nov=0.000 mile=0.000 surv=0.081 idle=0.000 gover=0.000 | nw=1.53155e+06 pop=28 bases=3 money=5415 credit=0 day=38 | food=400 water=0 coal=0 home=50 free=28 roads=0
  ACTION: 32 (BUILD:SmallAtomStation price=29000000 need_earth=2) | money=5415 pop=28 free=28
  BUILD FAILED: SmallAtomStation (no cell or error)
STEP 39 | BUILD:SmallAtomStation | total=-10.629 err=-1.000 tax=0.000 taxb=0.300 build=0.000 cost=0.000 div=0.000 prox=0.000 prov=0.000 preq=0.000 pres=0.000 sale=0.000 mtax=0.000 chain=0.000 daily=0.000 nov=0.000 mile=0.000 surv=0.071 idle=-10.000 gover=0.000 | nw=1.53154e+06 pop=28 bases=3 money=5415 credit=0 day=39 | food=400 water=0 coal=0 home=50 free=28 roads=0
  ACTION: 22 (BUILD:Apiary price=9385 need_earth=10) | money=5415 pop=28 free=28
  BUILD FAILED: Apiary (no cell or error)
STEP 40 | BUILD:Apiary | total=-0.619 err=-1.000 tax=0.000 taxb=0.300 build=0.000 cost=0.000 div=0.000 prox=0.000 prov=0.000 preq=0.000 pres=0.000 sale=0.000 mtax=0.000 chain=0.000 daily=0.000 nov=0.000 mile=0.000 surv=0.081 idle=0.000 gover=0.000 | nw=1.53154e+06 pop=28 bases=3 money=5415 credit=0 day=40 | food=400 water=0 coal=0 home=50 free=28 roads=0
  ACTION: 11 (BUILD:HydroStation price=92214 need_earth=2) | money=5415 pop=28 free=28
  BUILD FAILED: HydroStation (no cell or error)
STEP 41 | BUILD:HydroStation | total=-0.619 err=-1.000 tax=0.000 taxb=0.300 build=0.000 cost=0.000 div=0.000 prox=0.000 prov=0.000 preq=0.000 pres=0.000 sale=0.000 mtax=0.000 chain=0.000 daily=0.000 nov=0.000 mile=0.000 surv=0.081 idle=0.000 gover=0.000 | nw=1.53153e+06 pop=28 bases=3 money=5415 credit=0 day=41 | food=400 water=0 coal=0 home=50 free=28 roads=0
  ACTION: 5 (BUILD:Sawmill price=17570 need_earth=3) | money=5415 pop=28 free=28
  BUILD FAILED: Sawmill (no cell or error)
STEP 42 | BUILD:Sawmill | total=-10.619 err=-1.000 tax=0.000 taxb=0.300 build=0.000 cost=0.000 div=0.000 prox=0.000 prov=0.000 preq=0.000 pres=0.000 sale=0.000 mtax=0.000 chain=0.000 daily=0.000 nov=0.000 mile=0.000 surv=0.081 idle=-10.000 gover=0.000 | nw=1.53153e+06 pop=28 bases=3 money=5415 credit=0 day=42 | food=400 water=0 coal=0 home=50 free=28 roads=0
  ACTION: 9 (BUILD:Goldmine price=77000 need_earth=7) | money=5415 pop=28 free=28
  BUILD FAILED: Goldmine (no cell or error)
STEP 43 | BUILD:Goldmine | total=-0.619 err=-1.000 tax=0.000 taxb=0.300 build=0.000 cost=0.000 div=0.000 prox=0.000 prov=0.000 preq=0.000 pres=0.000 sale=0.000 mtax=0.000 chain=0.000 daily=0.000 nov=0.000 mile=0.000 surv=0.081 idle=0.000 gover=0.000 | nw=1.53152e+06 pop=28 bases=3 money=5415 credit=0 day=43 | food=400 water=0 coal=0 home=50 free=28 roads=0
  ACTION: 24 (BUILD:Hothouse price=16590 need_earth=10) | money=5415 pop=28 free=28
  BUILD FAILED: Hothouse (no cell or error)
STEP 44 | BUILD:Hothouse | total=-0.619 err=-1.000 tax=0.000 taxb=0.300 build=0.000 cost=0.000 div=0.000 prox=0.000 prov=0.000 preq=0.000 pres=0.000 sale=0.000 mtax=0.000 chain=0.000 daily=0.000 nov=0.000 mile=0.000 surv=0.081 idle=0.000 gover=0.000 | nw=1.53152e+06 pop=28 bases=3 money=5415 credit=0 day=44 | food=400 water=0 coal=0 home=50 free=28 roads=0
  ACTION: 18 (BUILD:CowFarm price=32002 need_earth=10) | money=5415 pop=28 free=28
  BUILD FAILED: CowFarm (no cell or error)
STEP 45 | BUILD:CowFarm | total=-10.619 err=-1.000 tax=0.000 taxb=0.300 build=0.000 cost=0.000 div=0.000 prox=0.000 prov=0.000 preq=0.000 pres=0.000 sale=0.000 mtax=0.000 chain=0.000 daily=0.000 nov=0.000 mile=0.000 surv=0.081 idle=-10.000 gover=0.000 | nw=1.53152e+06 pop=28 bases=3 money=5415 credit=0 day=45 | food=400 water=0 coal=0 home=50 free=28 roads=0
  ACTION: 44 | money=5415 pop=28 free=28
STEP 46 | MGR:manual_tax | total=0.881 err=0.000 tax=0.000 taxb=0.300 build=0.000 cost=0.000 div=0.000 prox=0.000 prov=0.000 preq=0.000 pres=0.000 sale=0.000 mtax=0.500 chain=0.000 daily=0.000 nov=0.000 mile=0.000 surv=0.081 idle=0.000 gover=0.000 | nw=1.53151e+06 pop=28 bases=3 money=5415 credit=0 day=46 | food=400 water=0 coal=0 home=50 free=28 roads=0
  ACTION: 12 (BUILD:Road price=400 need_earth=10) | money=5415 pop=28 free=28
STEP 47 | BUILD:Road | total=1.831 err=0.000 tax=0.000 taxb=0.300 build=1.500 cost=-0.040 div=0.000 prox=0.000 prov=0.000 preq=0.000 pres=0.000 sale=0.000 mtax=0.000 chain=0.000 daily=0.000 nov=0.000 mile=0.000 surv=0.071 idle=0.000 gover=0.000 | nw=1.53151e+06 pop=28 bases=4 money=5015 credit=0 day=47 | food=400 water=0 coal=0 home=50 free=28 roads=1
  ACTION: 31 (BUILD:AirStation price=23790 need_earth=10) | money=5015 pop=28 free=28
  BUILD FAILED: AirStation (no cell or error)
STEP 48 | BUILD:AirStation | total=-0.619 err=-1.000 tax=0.000 taxb=0.300 build=0.000 cost=0.000 div=0.000 prox=0.000 prov=0.000 preq=0.000 pres=0.000 sale=0.000 mtax=0.000 chain=0.000 daily=0.000 nov=0.000 mile=0.000 surv=0.081 idle=0.000 gover=0.000 | nw=1.5315e+06 pop=28 bases=4 money=5015 credit=0 day=48 | food=400 water=0 coal=0 home=50 free=28 roads=1
  ACTION: 1 (WEEK) | money=5015 pop=28 free=28
STEP 49 | WEEK | total=-9.735 err=0.000 tax=0.000 taxb=0.300 build=0.000 cost=0.000 div=0.000 prox=0.000 prov=0.000 preq=0.000 pres=0.000 sale=0.000 mtax=0.000 chain=0.000 daily=0.000 nov=0.000 mile=0.000 surv=-0.035 idle=-10.000 gover=0.000 | nw=1.53148e+06 pop=28 bases=4 money=5015 credit=0 day=55 | food=400 water=0 coal=0 home=50 free=28 roads=1
  ACTION: 8 (BUILD:Refinery price=82684 need_earth=6) | money=5015 pop=28 free=28
  BUILD FAILED: Refinery (no cell or error)
STEP 50 | BUILD:Refinery | total=-0.619 err=-1.000 tax=0.000 taxb=0.300 build=0.000 cost=0.000 div=0.000 prox=0.000 prov=0.000 preq=0.000 pres=0.000 sale=0.000 mtax=0.000 chain=0.000 daily=0.000 nov=0.000 mile=0.000 surv=0.081 idle=0.000 gover=0.000 | nw=1.53147e+06 pop=28 bases=4 money=5015 credit=0 day=56 | food=400 water=0 coal=0 home=50 free=28 roads=1
  ACTION: 43 | money=5015 pop=28 free=28
STEP 51 | MGR:credit_give | total=-0.619 err=-1.000 tax=0.000 taxb=0.300 build=0.000 cost=0.000 div=0.000 prox=0.000 prov=0.000 preq=0.000 pres=0.000 sale=0.000 mtax=0.000 chain=0.000 daily=0.000 nov=0.000 mile=0.000 surv=0.081 idle=0.000 gover=0.000 | nw=1.53147e+06 pop=28 bases=4 money=5015 credit=0 day=57 | food=400 water=0 coal=0 home=50 free=28 roads=1
  ACTION: 8 (BUILD:Refinery price=82684 need_earth=6) | money=5015 pop=28 free=28
  BUILD FAILED: Refinery (no cell or error)
STEP 52 | BUILD:Refinery | total=-10.619 err=-1.000 tax=0.000 taxb=0.300 build=0.000 cost=0.000 div=0.000 prox=0.000 prov=0.000 preq=0.000 pres=0.000 sale=0.000 mtax=0.000 chain=0.000 daily=0.000 nov=0.000 mile=0.000 surv=0.081 idle=-10.000 gover=0.000 | nw=1.53146e+06 pop=28 bases=4 money=5015 credit=0 day=58 | food=400 water=0 coal=0 home=50 free=28 roads=1
  ACTION: 9 (BUILD:Goldmine price=77000 need_earth=7) | money=5015 pop=28 free=28
  BUILD FAILED: Goldmine (no cell or error)
STEP 53 | BUILD:Goldmine | total=-0.619 err=-1.000 tax=0.000 taxb=0.300 build=0.000 cost=0.000 div=0.000 prox=0.000 prov=0.000 preq=0.000 pres=0.000 sale=0.000 mtax=0.000 chain=0.000 daily=0.000 nov=0.000 mile=0.000 surv=0.081 idle=0.000 gover=0.000 | nw=1.53146e+06 pop=28 bases=4 money=5015 credit=0 day=59 | food=400 water=0 coal=0 home=50 free=28 roads=1
  ACTION: 34 | money=5015 pop=28 free=28
STEP 54 | MGR:improve | total=-0.619 err=-1.000 tax=0.000 taxb=0.300 build=0.000 cost=0.000 div=0.000 prox=0.000 prov=0.000 preq=0.000 pres=0.000 sale=0.000 mtax=0.000 chain=0.000 daily=0.000 nov=0.000 mile=0.000 surv=0.081 idle=0.000 gover=0.000 | nw=1.53146e+06 pop=28 bases=4 money=5015 credit=0 day=60 | food=400 water=0 coal=0 home=50 free=28 roads=1
  ACTION: 31 (BUILD:AirStation price=23790 need_earth=10) | money=5015 pop=28 free=28
  BUILD FAILED: AirStation (no cell or error)
STEP 55 | BUILD:AirStation | total=-10.610 err=-1.000 tax=0.000 taxb=0.300 build=0.000 cost=0.000 div=0.000 prox=0.000 prov=0.000 preq=0.000 pres=0.000 sale=0.000 mtax=0.000 chain=0.000 daily=0.000 nov=0.000 mile=0.000 surv=0.090 idle=-10.000 gover=0.000 | nw=1.53145e+06 pop=28 bases=4 money=5015 credit=0 day=61 | food=400 water=0 coal=0 home=50 free=28 roads=1
  ACTION: 21 (BUILD:BigFarm price=380385 need_earth=1) | money=5015 pop=28 free=28
  BUILD FAILED: BigFarm (no cell or error)
STEP 56 | BUILD:BigFarm | total=-0.619 err=-1.000 tax=0.000 taxb=0.300 build=0.000 cost=0.000 div=0.000 prox=0.000 prov=0.000 preq=0.000 pres=0.000 sale=0.000 mtax=0.000 chain=0.000 daily=0.000 nov=0.000 mile=0.000 surv=0.081 idle=0.000 gover=0.000 | nw=1.53145e+06 pop=28 bases=4 money=5015 credit=0 day=62 | food=400 water=0 coal=0 home=50 free=28 roads=1
  ACTION: 41 | money=5015 pop=28 free=28
STEP 57 | MGR:buy_food | total=-0.619 err=-1.000 tax=0.000 taxb=0.300 build=0.000 cost=0.000 div=0.000 prox=0.000 prov=0.000 preq=0.000 pres=0.000 sale=0.000 mtax=0.000 chain=0.000 daily=0.000 nov=0.000 mile=0.000 surv=0.081 idle=0.000 gover=0.000 | nw=1.53145e+06 pop=28 bases=4 money=5015 credit=0 day=63 | food=400 water=0 coal=0 home=50 free=28 roads=1
  ACTION: 38 | money=5015 pop=28 free=28
STEP 58 | MGR:preserve | total=-6.619 err=0.000 tax=0.000 taxb=0.300 build=0.000 cost=0.000 div=0.000 prox=0.000 prov=0.000 preq=0.000 pres=3.000 sale=0.000 mtax=0.000 chain=0.000 daily=0.000 nov=0.000 mile=0.000 surv=0.081 idle=-10.000 gover=0.000 | nw=1.53144e+06 pop=28 bases=4 money=5015 credit=0 day=64 | food=400 water=0 coal=0 home=50 free=28 roads=1
  ACTION: 4 (BUILD:WaterChannel price=18310 need_earth=2) | money=5015 pop=28 free=28
  BUILD FAILED: WaterChannel (no cell or error)
STEP 59 | BUILD:WaterChannel | total=-0.619 err=-1.000 tax=0.000 taxb=0.300 build=0.000 cost=0.000 div=0.000 prox=0.000 prov=0.000 preq=0.000 pres=0.000 sale=0.000 mtax=0.000 chain=0.000 daily=0.000 nov=0.000 mile=0.000 surv=0.081 idle=0.000 gover=0.000 | nw=1.53144e+06 pop=28 bases=4 money=5015 credit=0 day=65 | food=400 water=0 coal=0 home=50 free=28 roads=1
  ACTION: 35 | money=5015 pop=28 free=28
STEP 60 | MGR:repair | total=0.768 err=0.000 tax=0.000 taxb=0.300 build=0.000 cost=0.000 div=0.000 prox=0.000 prov=0.000 preq=0.000 pres=0.000 sale=0.000 mtax=0.000 chain=0.000 daily=0.000 nov=0.000 mile=0.000 surv=0.468 idle=0.000 gover=0.000 | nw=1.53151e+06 pop=28 bases=4 money=4932 credit=0 day=66 | food=400 water=0 coal=0 home=50 free=28 roads=1
  ACTION: 7 (BUILD:Ironmine price=32008 need_earth=5) | money=4932 pop=28 free=28
  BUILD FAILED: Ironmine (no cell or error)
STEP 61 | BUILD:Ironmine | total=-10.619 err=-1.000 tax=0.000 taxb=0.300 build=0.000 cost=0.000 div=0.000 prox=0.000 prov=0.000 preq=0.000 pres=0.000 sale=0.000 mtax=0.000 chain=0.000 daily=0.000 nov=0.000 mile=0.000 surv=0.081 idle=-10.000 gover=0.000 | nw=1.53151e+06 pop=28 bases=4 money=4932 credit=0 day=67 | food=400 water=0 coal=0 home=50 free=28 roads=1
  ACTION: 44 | money=4932 pop=28 free=28
STEP 62 | MGR:manual_tax | total=0.881 err=0.000 tax=0.000 taxb=0.300 build=0.000 cost=0.000 div=0.000 prox=0.000 prov=0.000 preq=0.000 pres=0.000 sale=0.000 mtax=0.500 chain=0.000 daily=0.000 nov=0.000 mile=0.000 surv=0.081 idle=0.000 gover=0.000 | nw=1.53151e+06 pop=28 bases=4 money=4932 credit=0 day=68 | food=400 water=0 coal=0 home=50 free=28 roads=1
  ACTION: 15 (BUILD:Fish price=30202 need_earth=2) | money=4932 pop=28 free=28
  BUILD FAILED: Fish (no cell or error)
STEP 63 | BUILD:Fish | total=-0.619 err=-1.000 tax=0.000 taxb=0.300 build=0.000 cost=0.000 div=0.000 prox=0.000 prov=0.000 preq=0.000 pres=0.000 sale=0.000 mtax=0.000 chain=0.000 daily=0.000 nov=0.000 mile=0.000 surv=0.081 idle=0.000 gover=0.000 | nw=1.5315e+06 pop=28 bases=4 money=4932 credit=0 day=69 | food=400 water=0 coal=0 home=50 free=28 roads=1
  ACTION: 17 (BUILD:HuntingLand price=16985 need_earth=3) | money=4932 pop=28 free=28
  BUILD FAILED: HuntingLand (no cell or error)
STEP 64 | BUILD:HuntingLand | total=-10.619 err=-1.000 tax=0.000 taxb=0.300 build=0.000 cost=0.000 div=0.000 prox=0.000 prov=0.000 preq=0.000 pres=0.000 sale=0.000 mtax=0.000 chain=0.000 daily=0.000 nov=0.000 mile=0.000 surv=0.081 idle=-10.000 gover=0.000 | nw=1.5315e+06 pop=28 bases=4 money=4932 credit=0 day=70 | food=400 water=0 coal=0 home=50 free=28 roads=1
  ACTION: 7 (BUILD:Ironmine price=32008 need_earth=5) | money=4932 pop=28 free=28
  BUILD FAILED: Ironmine (no cell or error)
STEP 65 | BUILD:Ironmine | total=-0.619 err=-1.000 tax=0.000 taxb=0.300 build=0.000 cost=0.000 div=0.000 prox=0.000 prov=0.000 preq=0.000 pres=0.000 sale=0.000 mtax=0.000 chain=0.000 daily=0.000 nov=0.000 mile=0.000 surv=0.081 idle=0.000 gover=0.000 | nw=1.53149e+06 pop=28 bases=4 money=4932 credit=0 day=71 | food=400 water=0 coal=0 home=50 free=28 roads=1
  ACTION: 7 (BUILD:Ironmine price=32008 need_earth=5) | money=4932 pop=28 free=28
  BUILD FAILED: Ironmine (no cell or error)
STEP 66 | BUILD:Ironmine | total=-0.610 err=-1.000 tax=0.000 taxb=0.300 build=0.000 cost=0.000 div=0.000 prox=0.000 prov=0.000 preq=0.000 pres=0.000 sale=0.000 mtax=0.000 chain=0.000 daily=0.000 nov=0.000 mile=0.000 surv=0.090 idle=0.000 gover=0.000 | nw=1.53149e+06 pop=28 bases=4 money=4932 credit=0 day=72 | food=400 water=0 coal=0 home=50 free=28 roads=1
  ACTION: 27 (BUILD:WaterMill price=2900197 need_earth=2) | money=4932 pop=28 free=28
  BUILD FAILED: WaterMill (no cell or error)
STEP 67 | BUILD:WaterMill | total=-10.619 err=-1.000 tax=0.000 taxb=0.300 build=0.000 cost=0.000 div=0.000 prox=0.000 prov=0.000 preq=0.000 pres=0.000 sale=0.000 mtax=0.000 chain=0.000 daily=0.000 nov=0.000 mile=0.000 surv=0.081 idle=-10.000 gover=0.000 | nw=1.53149e+06 pop=28 bases=4 money=4932 credit=0 day=73 | food=400 water=0 coal=0 home=50 free=28 roads=1
  ACTION: 35 | money=4932 pop=28 free=28
STEP 68 | MGR:repair | total=0.460 err=0.000 tax=0.000 taxb=0.300 build=0.000 cost=0.000 div=0.000 prox=0.000 prov=0.000 preq=0.000 pres=0.000 sale=0.000 mtax=0.000 chain=0.000 daily=0.000 nov=0.000 mile=0.000 surv=0.160 idle=0.000 gover=0.000 | nw=1.5315e+06 pop=28 bases=4 money=4917 credit=0 day=74 | food=400 water=0 coal=0 home=50 free=28 roads=1
  ACTION: 9 (BUILD:Goldmine price=77000 need_earth=7) | money=4917 pop=28 free=28
  BUILD FAILED: Goldmine (no cell or error)
STEP 69 | BUILD:Goldmine | total=-0.619 err=-1.000 tax=0.000 taxb=0.300 build=0.000 cost=0.000 div=0.000 prox=0.000 prov=0.000 preq=0.000 pres=0.000 sale=0.000 mtax=0.000 chain=0.000 daily=0.000 nov=0.000 mile=0.000 surv=0.081 idle=0.000 gover=0.000 | nw=1.5315e+06 pop=28 bases=4 money=4917 credit=0 day=75 | food=400 water=0 coal=0 home=50 free=28 roads=1
  ACTION: 33 (BUILD:AtomStation price=120000000 need_earth=2) | money=4917 pop=28 free=28
  BUILD FAILED: AtomStation (no cell or error)
STEP 70 | BUILD:AtomStation | total=-10.619 err=-1.000 tax=0.000 taxb=0.300 build=0.000 cost=0.000 div=0.000 prox=0.000 prov=0.000 preq=0.000 pres=0.000 sale=0.000 mtax=0.000 chain=0.000 daily=0.000 nov=0.000 mile=0.000 surv=0.081 idle=-10.000 gover=0.000 | nw=1.53149e+06 pop=28 bases=4 money=4917 credit=0 day=76 | food=400 water=0 coal=0 home=50 free=28 roads=1
  ACTION: 22 (BUILD:Apiary price=9385 need_earth=10) | money=4917 pop=28 free=28
  BUILD FAILED: Apiary (no cell or error)
STEP 71 | BUILD:Apiary | total=-0.619 err=-1.000 tax=0.000 taxb=0.300 build=0.000 cost=0.000 div=0.000 prox=0.000 prov=0.000 preq=0.000 pres=0.000 sale=0.000 mtax=0.000 chain=0.000 daily=0.000 nov=0.000 mile=0.000 surv=0.081 idle=0.000 gover=0.000 | nw=1.53149e+06 pop=28 bases=4 money=4917 credit=0 day=77 | food=400 water=0 coal=0 home=50 free=28 roads=1
  ACTION: 41 | money=4917 pop=28 free=28
STEP 72 | MGR:buy_food | total=-0.610 err=-1.000 tax=0.000 taxb=0.300 build=0.000 cost=0.000 div=0.000 prox=0.000 prov=0.000 preq=0.000 pres=0.000 sale=0.000 mtax=0.000 chain=0.000 daily=0.000 nov=0.000 mile=0.000 surv=0.090 idle=0.000 gover=0.000 | nw=1.53149e+06 pop=28 bases=4 money=4917 credit=0 day=78 | food=400 water=0 coal=0 home=50 free=28 roads=1
  ACTION: 19 (BUILD:Mushroom price=12164 need_earth=3) | money=4917 pop=28 free=28
  BUILD FAILED: Mushroom (no cell or error)
STEP 73 | BUILD:Mushroom | total=-10.610 err=-1.000 tax=0.000 taxb=0.300 build=0.000 cost=0.000 div=0.000 prox=0.000 prov=0.000 preq=0.000 pres=0.000 sale=0.000 mtax=0.000 chain=0.000 daily=0.000 nov=0.000 mile=0.000 surv=0.090 idle=-10.000 gover=0.000 | nw=1.53148e+06 pop=28 bases=4 money=4917 credit=0 day=79 | food=400 water=0 coal=0 home=50 free=28 roads=1
  ACTION: 6 (BUILD:Coalmine price=25471 need_earth=4) | money=4917 pop=28 free=28
  BUILD FAILED: Coalmine (no cell or error)
STEP 74 | BUILD:Coalmine | total=-0.619 err=-1.000 tax=0.000 taxb=0.300 build=0.000 cost=0.000 div=0.000 prox=0.000 prov=0.000 preq=0.000 pres=0.000 sale=0.000 mtax=0.000 chain=0.000 daily=0.000 nov=0.000 mile=0.000 surv=0.081 idle=0.000 gover=0.000 | nw=1.53148e+06 pop=28 bases=4 money=4917 credit=0 day=80 | food=400 water=0 coal=0 home=50 free=28 roads=1
  ACTION: 14 (BUILD:SmallHouse price=5900 need_earth=10) | money=4917 pop=28 free=28
  BUILD FAILED: SmallHouse (no cell or error)
STEP 75 | BUILD:SmallHouse | total=-0.619 err=-1.000 tax=0.000 taxb=0.300 build=0.000 cost=0.000 div=0.000 prox=0.000 prov=0.000 preq=0.000 pres=0.000 sale=0.000 mtax=0.000 chain=0.000 daily=0.000 nov=0.000 mile=0.000 surv=0.081 idle=0.000 gover=0.000 | nw=1.53148e+06 pop=28 bases=4 money=4917 credit=0 day=81 | food=400 water=0 coal=0 home=50 free=28 roads=1
  ACTION: 10 (BUILD:PowerStation price=92433 need_earth=10) | money=4917 pop=28 free=28
  BUILD FAILED: PowerStation (no cell or error)
STEP 76 | BUILD:PowerStation | total=-10.610 err=-1.000 tax=0.000 taxb=0.300 build=0.000 cost=0.000 div=0.000 prox=0.000 prov=0.000 preq=0.000 pres=0.000 sale=0.000 mtax=0.000 chain=0.000 daily=0.000 nov=0.000 mile=0.000 surv=0.090 idle=-10.000 gover=0.000 | nw=1.53147e+06 pop=28 bases=4 money=4917 credit=0 day=82 | food=400 water=0 coal=0 home=50 free=28 roads=1
  ACTION: 22 (BUILD:Apiary price=9385 need_earth=10) | money=4917 pop=28 free=28
  BUILD FAILED: Apiary (no cell or error)
STEP 77 | BUILD:Apiary | total=-0.619 err=-1.000 tax=0.000 taxb=0.300 build=0.000 cost=0.000 div=0.000 prox=0.000 prov=0.000 preq=0.000 pres=0.000 sale=0.000 mtax=0.000 chain=0.000 daily=0.000 nov=0.000 mile=0.000 surv=0.081 idle=0.000 gover=0.000 | nw=1.53147e+06 pop=28 bases=4 money=4917 credit=0 day=83 | food=400 water=0 coal=0 home=50 free=28 roads=1
  ACTION: 14 (BUILD:SmallHouse price=5900 need_earth=10) | money=4917 pop=28 free=28
  BUILD FAILED: SmallHouse (no cell or error)
STEP 78 | BUILD:SmallHouse | total=-0.619 err=-1.000 tax=0.000 taxb=0.300 build=0.000 cost=0.000 div=0.000 prox=0.000 prov=0.000 preq=0.000 pres=0.000 sale=0.000 mtax=0.000 chain=0.000 daily=0.000 nov=0.000 mile=0.000 surv=0.081 idle=0.000 gover=0.000 | nw=1.53147e+06 pop=28 bases=4 money=4917 credit=0 day=84 | food=400 water=0 coal=0 home=50 free=28 roads=1
  ACTION: 18 (BUILD:CowFarm price=32002 need_earth=10) | money=4917 pop=28 free=28
  BUILD FAILED: CowFarm (no cell or error)
STEP 79 | BUILD:CowFarm | total=-10.610 err=-1.000 tax=0.000 taxb=0.300 build=0.000 cost=0.000 div=0.000 prox=0.000 prov=0.000 preq=0.000 pres=0.000 sale=0.000 mtax=0.000 chain=0.000 daily=0.000 nov=0.000 mile=0.000 surv=0.090 idle=-10.000 gover=0.000 | nw=1.53147e+06 pop=28 bases=4 money=4917 credit=0 day=85 | food=400 water=0 coal=0 home=50 free=28 roads=1
  ACTION: 16 (BUILD:CoalCut price=48300 need_earth=4) | money=4917 pop=28 free=28
  BUILD FAILED: CoalCut (no cell or error)
STEP 80 | BUILD:CoalCut | total=-0.619 err=-1.000 tax=0.000 taxb=0.300 build=0.000 cost=0.000 div=0.000 prox=0.000 prov=0.000 preq=0.000 pres=0.000 sale=0.000 mtax=0.000 chain=0.000 daily=0.000 nov=0.000 mile=0.000 surv=0.081 idle=0.000 gover=0.000 | nw=1.53146e+06 pop=28 bases=4 money=4917 credit=0 day=86 | food=400 water=0 coal=0 home=50 free=28 roads=1
  ACTION: 3 (BUILD:Garden price=7640 need_earth=10) | money=4917 pop=28 free=28
  BUILD FAILED: Garden (no cell or error)
STEP 81 | BUILD:Garden | total=-0.629 err=-1.000 tax=0.000 taxb=0.300 build=0.000 cost=0.000 div=0.000 prox=0.000 prov=0.000 preq=0.000 pres=0.000 sale=0.000 mtax=0.000 chain=0.000 daily=0.000 nov=0.000 mile=0.000 surv=0.071 idle=0.000 gover=0.000 | nw=1.53146e+06 pop=28 bases=4 money=4917 credit=0 day=87 | food=400 water=0 coal=0 home=50 free=28 roads=1
  ACTION: 24 (BUILD:Hothouse price=16590 need_earth=10) | money=4917 pop=28 free=28
  BUILD FAILED: Hothouse (no cell or error)
STEP 82 | BUILD:Hothouse | total=-10.629 err=-1.000 tax=0.000 taxb=0.300 build=0.000 cost=0.000 div=0.000 prox=0.000 prov=0.000 preq=0.000 pres=0.000 sale=0.000 mtax=0.000 chain=0.000 daily=0.000 nov=0.000 mile=0.000 surv=0.071 idle=-10.000 gover=0.000 | nw=1.53145e+06 pop=28 bases=4 money=4917 credit=0 day=88 | food=400 water=0 coal=0 home=50 free=28 roads=1
  ACTION: 4 (BUILD:WaterChannel price=18310 need_earth=2) | money=4917 pop=28 free=28
  BUILD FAILED: WaterChannel (no cell or error)
STEP 83 | BUILD:WaterChannel | total=-0.619 err=-1.000 tax=0.000 taxb=0.300 build=0.000 cost=0.000 div=0.000 prox=0.000 prov=0.000 preq=0.000 pres=0.000 sale=0.000 mtax=0.000 chain=0.000 daily=0.000 nov=0.000 mile=0.000 surv=0.081 idle=0.000 gover=0.000 | nw=1.53145e+06 pop=28 bases=4 money=4917 credit=0 day=89 | food=400 water=0 coal=0 home=50 free=28 roads=1
  ACTION: 42 | money=4917 pop=28 free=28
STEP 84 | MGR:credit_take | total=-0.370 err=0.000 tax=0.000 taxb=0.300 build=0.000 cost=0.000 div=0.000 prox=0.000 prov=0.000 preq=0.000 pres=0.000 sale=0.000 mtax=0.000 chain=0.000 daily=0.000 nov=0.000 mile=0.000 surv=-0.419 idle=0.000 gover=0.000 | nw=1.53134e+06 pop=28 bases=4 money=54917 credit=50100 day=90 | food=400 water=0 coal=0 home=50 free=28 roads=1
  ACTION: 5 (BUILD:Sawmill price=17570 need_earth=3) | money=54917 pop=28 free=28
  BUILD FAILED: Sawmill (no cell or error)
STEP 85 | BUILD:Sawmill | total=-11.370 err=-1.000 tax=0.000 taxb=0.300 build=0.000 cost=0.000 div=0.000 prox=0.000 prov=0.000 preq=0.000 pres=0.000 sale=0.000 mtax=0.000 chain=0.000 daily=0.000 nov=0.000 mile=0.000 surv=-0.419 idle=-10.000 gover=0.000 | nw=1.53124e+06 pop=28 bases=4 money=54917 credit=50200 day=91 | food=400 water=0 coal=0 home=50 free=28 roads=1
  ACTION: 42 | money=54917 pop=28 free=28
STEP 86 | MGR:credit_take | total=-1.121 err=0.000 tax=0.000 taxb=0.300 build=0.000 cost=0.000 div=0.000 prox=0.000 prov=0.000 preq=0.000 pres=0.000 sale=0.000 mtax=0.000 chain=0.000 daily=0.000 nov=0.000 mile=0.000 surv=-0.919 idle=0.000 gover=0.000 | nw=1.53103e+06 pop=28 bases=4 money=104917 credit=100400 day=92 | food=400 water=0 coal=0 home=50 free=28 roads=1
  ACTION: 13 (BUILD:House price=14038 need_earth=1) | money=104917 pop=28 free=28
STEP 87 | BUILD:House | total=9.974 err=0.000 tax=0.000 taxb=0.300 build=1.500 cost=-1.404 div=8.000 prox=0.000 prov=0.000 preq=0.000 pres=0.000 sale=0.000 mtax=0.000 chain=0.000 daily=0.000 nov=0.000 mile=3.000 surv=-0.919 idle=0.000 gover=0.000 | nw=1.53083e+06 pop=28 bases=5 money=90879 credit=100600 day=93 | food=400 water=0 coal=0 home=50 free=28 roads=1
  ACTION: 2 (BUILD:Farm price=19814 need_earth=10) | money=90879 pop=28 free=28
STEP 88 | BUILD:Farm | total=9.683 err=0.000 tax=0.000 taxb=0.300 build=4.793 cost=-1.981 div=8.000 prox=0.000 prov=0.000 preq=0.000 pres=0.000 sale=0.000 mtax=0.000 chain=0.000 daily=0.000 nov=0.000 mile=0.000 surv=-0.924 idle=0.000 gover=0.000 | nw=1.53063e+06 pop=28 bases=6 money=71065 credit=100801 day=94 | food=400 water=0 coal=0 home=50 free=28 roads=1
  ACTION: 6 (BUILD:Coalmine price=25471 need_earth=4) | money=71065 pop=28 free=28
  BUILD FAILED: Coalmine (no cell or error)
STEP 89 | BUILD:Coalmine | total=-2.129 err=-1.000 tax=0.000 taxb=0.300 build=0.000 cost=0.000 div=0.000 prox=0.000 prov=0.000 preq=0.000 pres=0.000 sale=0.000 mtax=0.000 chain=0.000 daily=0.000 nov=0.000 mile=0.000 surv=-0.924 idle=0.000 gover=0.000 | nw=1.53042e+06 pop=28 bases=6 money=71065 credit=101002 day=95 | food=400 water=0 coal=0 home=50 free=28 roads=1
  ACTION: 25 (BUILD:SuperHouse price=971000 need_earth=1) | money=71065 pop=28 free=28
  BUILD FAILED: SuperHouse (no cell or error)
STEP 90 | BUILD:SuperHouse | total=-12.135 err=-1.000 tax=0.000 taxb=0.300 build=0.000 cost=0.000 div=0.000 prox=0.000 prov=0.000 preq=0.000 pres=0.000 sale=0.000 mtax=0.000 chain=0.000 daily=0.000 nov=0.000 mile=0.000 surv=-0.929 idle=-10.000 gover=0.000 | nw=1.53021e+06 pop=28 bases=6 money=71065 credit=101204 day=96 | food=400 water=0 coal=0 home=50 free=28 roads=1
  ACTION: 20 (BUILD:BigHouse price=66400 need_earth=1) | money=71065 pop=28 free=28
STEP 91 | BUILD:BigHouse | total=-6.276 err=0.000 tax=0.000 taxb=0.300 build=1.500 cost=-6.640 div=0.000 prox=0.000 prov=0.000 preq=0.000 pres=0.000 sale=0.000 mtax=0.000 chain=0.000 daily=0.000 nov=0.000 mile=0.000 surv=-0.929 idle=0.000 gover=0.000 | nw=1.53001e+06 pop=28 bases=7 money=4665 credit=101406 day=97 | food=400 water=0 coal=0 home=50 free=28 roads=1
  ACTION: 10 (BUILD:PowerStation price=92433 need_earth=10) | money=4665 pop=28 free=28
  BUILD FAILED: PowerStation (no cell or error)
STEP 92 | BUILD:PowerStation | total=-2.137 err=-1.000 tax=0.000 taxb=0.300 build=0.000 cost=0.000 div=0.000 prox=0.000 prov=0.000 preq=0.000 pres=0.000 sale=0.000 mtax=0.000 chain=0.000 daily=0.000 nov=0.000 mile=0.000 surv=-0.929 idle=0.000 gover=0.000 | nw=1.5298e+06 pop=28 bases=7 money=4665 credit=101608 day=98 | food=400 water=0 coal=0 home=50 free=28 roads=1
  ACTION: 39 | money=4665 pop=28 free=28
STEP 93 | MGR:unpreserve | total=-8.143 err=0.000 tax=0.000 taxb=0.300 build=0.000 cost=0.000 div=0.000 prox=0.000 prov=0.000 preq=0.000 pres=3.000 sale=0.000 mtax=0.000 chain=0.000 daily=0.000 nov=0.000 mile=0.000 surv=-0.934 idle=-10.000 gover=0.000 | nw=1.5296e+06 pop=28 bases=7 money=4665 credit=101811 day=99 | food=400 water=0 coal=0 home=50 free=28 roads=1
  ACTION: 30 (BUILD:BigIronmine price=2715002 need_earth=5) | money=4665 pop=28 free=28
  BUILD FAILED: BigIronmine (no cell or error)
STEP 94 | BUILD:BigIronmine | total=-0.144 err=-1.000 tax=0.000 taxb=0.300 build=0.000 cost=0.000 div=0.000 prox=0.000 prov=0.000 preq=0.000 pres=0.000 sale=0.000 mtax=0.000 chain=0.000 daily=0.000 nov=0.000 mile=2.000 surv=-0.934 idle=0.000 gover=0.000 | nw=1.52939e+06 pop=28 bases=7 money=4665 credit=102014 day=100 | food=400 water=0 coal=0 home=50 free=28 roads=1
  ACTION: 22 (BUILD:Apiary price=9385 need_earth=10) | money=4665 pop=28 free=28
  BUILD FAILED: Apiary (no cell or error)
STEP 95 | BUILD:Apiary | total=-2.150 err=-1.000 tax=0.000 taxb=0.300 build=0.000 cost=0.000 div=0.000 prox=0.000 prov=0.000 preq=0.000 pres=0.000 sale=0.000 mtax=0.000 chain=0.000 daily=0.000 nov=0.000 mile=0.000 surv=-0.939 idle=0.000 gover=0.000 | nw=1.52918e+06 pop=28 bases=7 money=4665 credit=102218 day=101 | food=400 water=0 coal=0 home=50 free=28 roads=1
  ACTION: 24 (BUILD:Hothouse price=16590 need_earth=10) | money=4665 pop=28 free=28
  BUILD FAILED: Hothouse (no cell or error)
STEP 96 | BUILD:Hothouse | total=-12.151 err=-1.000 tax=0.000 taxb=0.300 build=0.000 cost=0.000 div=0.000 prox=0.000 prov=0.000 preq=0.000 pres=0.000 sale=0.000 mtax=0.000 chain=0.000 daily=0.000 nov=0.000 mile=0.000 surv=-0.939 idle=-10.000 gover=0.000 | nw=1.52897e+06 pop=28 bases=7 money=4665 credit=102422 day=102 | food=400 water=0 coal=0 home=50 free=28 roads=1
  ACTION: 40 | money=4665 pop=28 free=28
STEP 97 | MGR:sell | total=-0.933 err=0.000 tax=0.000 taxb=0.300 build=0.000 cost=0.000 div=0.000 prox=0.000 prov=0.000 preq=0.000 pres=0.000 sale=0.220 mtax=0.000 chain=0.000 daily=0.000 nov=0.000 mile=0.000 surv=-0.939 idle=0.000 gover=0.000 | nw=1.52877e+06 pop=28 bases=7 money=4865 credit=102626 day=103 | food=200 water=0 coal=0 home=50 free=28 roads=1
  ACTION: 19 (BUILD:Mushroom price=12164 need_earth=3) | money=4865 pop=28 free=28
  BUILD FAILED: Mushroom (no cell or error)
STEP 98 | BUILD:Mushroom | total=-2.158 err=-1.000 tax=0.000 taxb=0.300 build=0.000 cost=0.000 div=0.000 prox=0.000 prov=0.000 preq=0.000 pres=0.000 sale=0.000 mtax=0.000 chain=0.000 daily=0.000 nov=0.000 mile=0.000 surv=-0.944 idle=0.000 gover=0.000 | nw=1.52856e+06 pop=28 bases=7 money=4865 credit=102831 day=104 | food=200 water=0 coal=0 home=50 free=28 roads=1
  ACTION: 36 | money=4865 pop=28 free=28
STEP 99 | MGR:restore_all | total=-10.884 err=0.000 tax=0.000 taxb=0.300 build=0.000 cost=0.000 div=0.000 prox=0.000 prov=0.000 preq=0.000 pres=0.000 sale=0.000 mtax=0.000 chain=0.000 daily=0.000 nov=0.000 mile=0.000 surv=-0.669 idle=-10.000 gover=0.000 | nw=1.5284e+06 pop=28 bases=7 money=4806 credit=103036 day=105 | food=200 water=0 coal=0 home=50 free=28 roads=1
  ACTION: 44 | money=4806 pop=28 free=28
STEP 100 | MGR:manual_tax | total=-0.666 err=0.000 tax=0.000 taxb=0.300 build=0.000 cost=0.000 div=0.000 prox=0.000 prov=0.000 preq=0.000 pres=0.000 sale=0.000 mtax=0.500 chain=0.000 daily=0.000 nov=0.000 mile=0.000 surv=-0.949 idle=0.000 gover=0.000 | nw=1.52819e+06 pop=28 bases=7 money=4806 credit=103242 day=106 | food=200 water=0 coal=0 home=50 free=28 roads=1
  BUILDINGS: City(0d) Apiary(0d) BigHouse(3d) Road(0d) House(12d) Farm(25d) BigHouse(90d) 
  ACTION: 39 | money=4806 pop=28 free=28
STEP 101 | MGR:unpreserve | total=-2.167 err=-1.000 tax=0.000 taxb=0.300 build=0.000 cost=0.000 div=0.000 prox=0.000 prov=0.000 preq=0.000 pres=0.000 sale=0.000 mtax=0.000 chain=0.000 daily=0.000 nov=0.000 mile=0.000 surv=-0.949 idle=0.000 gover=0.000 | nw=1.52798e+06 pop=28 bases=7 money=4806 credit=103448 day=107 | food=200 water=0 coal=0 home=50 free=28 roads=1
  ACTION: 8 (BUILD:Refinery price=82684 need_earth=6) | money=4806 pop=28 free=28
  BUILD FAILED: Refinery (no cell or error)
STEP 102 | BUILD:Refinery | total=-12.168 err=-1.000 tax=0.000 taxb=0.300 build=0.000 cost=0.000 div=0.000 prox=0.000 prov=0.000 preq=0.000 pres=0.000 sale=0.000 mtax=0.000 chain=0.000 daily=0.000 nov=0.000 mile=0.000 surv=-0.949 idle=-10.000 gover=0.000 | nw=1.52777e+06 pop=28 bases=7 money=4806 credit=103654 day=108 | food=200 water=0 coal=0 home=50 free=28 roads=1
  ACTION: 22 (BUILD:Apiary price=9385 need_earth=10) | money=4806 pop=28 free=28
  BUILD FAILED: Apiary (no cell or error)
STEP 103 | BUILD:Apiary | total=-2.164 err=-1.000 tax=0.000 taxb=0.300 build=0.000 cost=0.000 div=0.000 prox=0.000 prov=0.000 preq=0.000 pres=0.000 sale=0.000 mtax=0.000 chain=0.000 daily=0.000 nov=0.000 mile=0.000 surv=-0.945 idle=0.000 gover=0.000 | nw=1.52756e+06 pop=28 bases=7 money=4806 credit=103861 day=109 | food=200 water=0 coal=0 home=50 free=28 roads=1
  ACTION: 43 | money=4806 pop=28 free=28
STEP 104 | MGR:credit_give | total=12.807 err=-1.000 tax=0.000 taxb=0.300 build=0.000 cost=0.000 div=0.000 prox=0.000 prov=0.000 preq=0.000 pres=0.000 sale=0.000 mtax=0.000 chain=0.000 daily=0.000 nov=15.000 mile=0.000 surv=-0.972 idle=0.000 gover=0.000 | nw=1.52735e+06 pop=28 bases=7 money=4806 credit=104068 day=110 | food=200 water=0 coal=0 home=50 free=28 roads=1
  ACTION: 21 (BUILD:BigFarm price=380385 need_earth=1) | money=4806 pop=28 free=28
  BUILD FAILED: BigFarm (no cell or error)
STEP 105 | BUILD:BigFarm | total=-12.199 err=-1.000 tax=0.000 taxb=0.300 build=0.000 cost=0.000 div=0.000 prox=0.000 prov=0.000 preq=0.000 pres=0.000 sale=0.000 mtax=0.000 chain=0.000 daily=0.000 nov=0.000 mile=0.000 surv=-0.977 idle=-10.000 gover=0.000 | nw=1.52713e+06 pop=28 bases=7 money=4806 credit=104276 day=111 | food=200 water=0 coal=0 home=50 free=28 roads=1
  ACTION: 4 (BUILD:WaterChannel price=18310 need_earth=2) | money=4806 pop=28 free=28
  BUILD FAILED: WaterChannel (no cell or error)
STEP 106 | BUILD:WaterChannel | total=-2.200 err=-1.000 tax=0.000 taxb=0.300 build=0.000 cost=0.000 div=0.000 prox=0.000 prov=0.000 preq=0.000 pres=0.000 sale=0.000 mtax=0.000 chain=0.000 daily=0.000 nov=0.000 mile=0.000 surv=-0.977 idle=0.000 gover=0.000 | nw=1.52692e+06 pop=28 bases=7 money=4806 credit=104484 day=112 | food=200 water=0 coal=0 home=50 free=28 roads=1
  ACTION: 30 (BUILD:BigIronmine price=2715002 need_earth=5) | money=4806 pop=28 free=28
  BUILD FAILED: BigIronmine (no cell or error)
STEP 107 | BUILD:BigIronmine | total=-2.201 err=-1.000 tax=0.000 taxb=0.300 build=0.000 cost=0.000 div=0.000 prox=0.000 prov=0.000 preq=0.000 pres=0.000 sale=0.000 mtax=0.000 chain=0.000 daily=0.000 nov=0.000 mile=0.000 surv=-0.977 idle=0.000 gover=0.000 | nw=1.5267e+06 pop=28 bases=7 money=4806 credit=104692 day=113 | food=200 water=0 coal=0 home=50 free=28 roads=1
  ACTION: 3 (BUILD:Garden price=7640 need_earth=10) | money=4806 pop=28 free=28
  BUILD FAILED: Garden (no cell or error)
STEP 108 | BUILD:Garden | total=-12.207 err=-1.000 tax=0.000 taxb=0.300 build=0.000 cost=0.000 div=0.000 prox=0.000 prov=0.000 preq=0.000 pres=0.000 sale=0.000 mtax=0.000 chain=0.000 daily=0.000 nov=0.000 mile=0.000 surv=-0.982 idle=-10.000 gover=0.000 | nw=1.52649e+06 pop=28 bases=7 money=4806 credit=104901 day=114 | food=200 water=0 coal=0 home=50 free=28 roads=1
  ACTION: 20 (BUILD:BigHouse price=66400 need_earth=1) | money=4806 pop=28 free=28
  BUILD FAILED: BigHouse (no cell or error)
STEP 109 | BUILD:BigHouse | total=-2.208 err=-1.000 tax=0.000 taxb=0.300 build=0.000 cost=0.000 div=0.000 prox=0.000 prov=0.000 preq=0.000 pres=0.000 sale=0.000 mtax=0.000 chain=0.000 daily=0.000 nov=0.000 mile=0.000 surv=-0.982 idle=0.000 gover=0.000 | nw=1.52627e+06 pop=28 bases=7 money=4806 credit=105110 day=115 | food=200 water=0 coal=0 home=50 free=28 roads=1
  ACTION: 30 (BUILD:BigIronmine price=2715002 need_earth=5) | money=4806 pop=28 free=28
  BUILD FAILED: BigIronmine (no cell or error)
STEP 110 | BUILD:BigIronmine | total=-2.205 err=-1.000 tax=0.000 taxb=0.300 build=0.000 cost=0.000 div=0.000 prox=0.000 prov=0.000 preq=0.000 pres=0.000 sale=0.000 mtax=0.000 chain=0.000 daily=0.000 nov=0.000 mile=0.000 surv=-0.978 idle=0.000 gover=0.000 | nw=1.52606e+06 pop=28 bases=7 money=4806 credit=105320 day=116 | food=200 water=0 coal=0 home=50 free=28 roads=1
  ACTION: 4 (BUILD:WaterChannel price=18310 need_earth=2) | money=4806 pop=28 free=28
  BUILD FAILED: WaterChannel (no cell or error)
STEP 111 | BUILD:WaterChannel | total=-11.542 err=-1.000 tax=0.000 taxb=0.300 build=0.673 cost=0.000 div=0.000 prox=0.000 prov=0.000 preq=0.000 pres=0.000 sale=0.000 mtax=0.000 chain=0.000 daily=0.000 nov=0.000 mile=0.000 surv=-0.987 idle=-10.000 gover=0.000 | nw=1.52584e+06 pop=28 bases=7 money=4806 credit=105530 day=117 | food=200 water=0 coal=0 home=50 free=28 roads=1
  ACTION: 38 | money=4806 pop=28 free=28
STEP 112 | MGR:preserve | total=1.779 err=0.000 tax=0.000 taxb=0.300 build=0.000 cost=0.000 div=0.000 prox=0.000 prov=0.000 preq=0.000 pres=3.000 sale=0.000 mtax=0.000 chain=0.000 daily=0.000 nov=0.000 mile=0.000 surv=-0.992 idle=0.000 gover=0.000 | nw=1.52562e+06 pop=28 bases=7 money=4806 credit=105741 day=118 | food=200 water=0 coal=0 home=310 free=28 roads=1
  ACTION: 7 (BUILD:Ironmine price=32008 need_earth=5) | money=4806 pop=28 free=28
  BUILD FAILED: Ironmine (no cell or error)
STEP 113 | BUILD:Ironmine | total=12.775 err=-1.000 tax=0.000 taxb=0.300 build=0.000 cost=0.000 div=0.000 prox=0.000 prov=0.000 preq=0.000 pres=0.000 sale=0.000 mtax=0.000 chain=0.000 daily=0.000 nov=15.000 mile=0.000 surv=-0.995 idle=0.000 gover=0.000 | nw=1.5254e+06 pop=28 bases=7 money=4806 credit=105952 day=119 | food=200 water=0 coal=0 home=310 free=28 roads=1
  ACTION: 21 (BUILD:BigFarm price=380385 need_earth=1) | money=4806 pop=28 free=28
  BUILD FAILED: BigFarm (no cell or error)
STEP 114 | BUILD:BigFarm | total=-12.229 err=-1.000 tax=0.000 taxb=0.300 build=0.000 cost=0.000 div=0.000 prox=0.000 prov=0.000 preq=0.000 pres=0.000 sale=0.000 mtax=0.000 chain=0.000 daily=0.000 nov=0.000 mile=0.000 surv=-0.998 idle=-10.000 gover=0.000 | nw=1.52518e+06 pop=28 bases=7 money=4806 credit=106163 day=120 | food=200 water=0 coal=0 home=310 free=28 roads=1
  ACTION: 3 (BUILD:Garden price=7640 need_earth=10) | money=4806 pop=28 free=28
  BUILD FAILED: Garden (no cell or error)
STEP 115 | BUILD:Garden | total=-2.235 err=-1.000 tax=0.000 taxb=0.300 build=0.000 cost=0.000 div=0.000 prox=0.000 prov=0.000 preq=0.000 pres=0.000 sale=0.000 mtax=0.000 chain=0.000 daily=0.000 nov=0.000 mile=0.000 surv=-1.003 idle=0.000 gover=0.000 | nw=1.52496e+06 pop=28 bases=7 money=4806 credit=106375 day=121 | food=200 water=0 coal=0 home=310 free=28 roads=1
  ACTION: 43 | money=4806 pop=28 free=28
STEP 116 | MGR:credit_give | total=-2.233 err=-1.000 tax=0.000 taxb=0.300 build=0.000 cost=0.000 div=0.000 prox=0.000 prov=0.000 preq=0.000 pres=0.000 sale=0.000 mtax=0.000 chain=0.000 daily=0.000 nov=0.000 mile=0.000 surv=-1.000 idle=0.000 gover=0.000 | nw=1.52474e+06 pop=28 bases=7 money=4806 credit=106587 day=122 | food=200 water=0 coal=0 home=310 free=28 roads=1
  ACTION: 27 (BUILD:WaterMill price=2900197 need_earth=2) | money=4806 pop=28 free=28
  BUILD FAILED: WaterMill (no cell or error)
STEP 117 | BUILD:WaterMill | total=-12.242 err=-1.000 tax=0.000 taxb=0.300 build=0.000 cost=0.000 div=0.000 prox=0.000 prov=0.000 preq=0.000 pres=0.000 sale=0.000 mtax=0.000 chain=0.000 daily=0.000 nov=0.000 mile=0.000 surv=-1.008 idle=-10.000 gover=0.000 | nw=1.52452e+06 pop=28 bases=7 money=4806 credit=106800 day=123 | food=200 water=0 coal=0 home=310 free=28 roads=1
  ACTION: 23 (BUILD:Torchlight price=215000 need_earth=6) | money=4806 pop=28 free=28
  BUILD FAILED: Torchlight (no cell or error)
STEP 118 | BUILD:Torchlight | total=-2.243 err=-1.000 tax=0.000 taxb=0.300 build=0.000 cost=0.000 div=0.000 prox=0.000 prov=0.000 preq=0.000 pres=0.000 sale=0.000 mtax=0.000 chain=0.000 daily=0.000 nov=0.000 mile=0.000 surv=-1.008 idle=0.000 gover=0.000 | nw=1.5243e+06 pop=28 bases=7 money=4806 credit=107013 day=124 | food=200 water=0 coal=0 home=310 free=28 roads=1
  ACTION: 28 (BUILD:BigRefinary price=3999149 need_earth=6) | money=4806 pop=28 free=28
  BUILD FAILED: BigRefinary (no cell or error)
STEP 119 | BUILD:BigRefinary | total=-2.249 err=-1.000 tax=0.000 taxb=0.300 build=0.000 cost=0.000 div=0.000 prox=0.000 prov=0.000 preq=0.000 pres=0.000 sale=0.000 mtax=0.000 chain=0.000 daily=0.000 nov=0.000 mile=0.000 surv=-1.013 idle=0.000 gover=0.000 | nw=1.52407e+06 pop=28 bases=7 money=4806 credit=107227 day=125 | food=200 water=0 coal=0 home=310 free=28 roads=1
  ACTION: 40 | money=4806 pop=28 free=28
STEP 120 | MGR:sell | total=-12.250 err=-1.000 tax=0.000 taxb=0.300 build=0.000 cost=0.000 div=0.000 prox=0.000 prov=0.000 preq=0.000 pres=0.000 sale=0.000 mtax=0.000 chain=0.000 daily=0.000 nov=0.000 mile=0.000 surv=-1.013 idle=-10.000 gover=0.000 | nw=1.52385e+06 pop=28 bases=7 money=4806 credit=107441 day=126 | food=200 water=0 coal=0 home=310 free=28 roads=1
  ACTION: 43 | money=4806 pop=28 free=28
STEP 121 | MGR:credit_give | total=-2.251 err=-1.000 tax=0.000 taxb=0.300 build=0.000 cost=0.000 div=0.000 prox=0.000 prov=0.000 preq=0.000 pres=0.000 sale=0.000 mtax=0.000 chain=0.000 daily=0.000 nov=0.000 mile=0.000 surv=-1.013 idle=0.000 gover=0.000 | nw=1.52363e+06 pop=28 bases=7 money=4806 credit=107655 day=127 | food=200 water=0 coal=0 home=310 free=28 roads=1
  ACTION: 43 | money=4806 pop=28 free=28
STEP 122 | MGR:credit_give | total=-2.257 err=-1.000 tax=0.000 taxb=0.300 build=0.000 cost=0.000 div=0.000 prox=0.000 prov=0.000 preq=0.000 pres=0.000 sale=0.000 mtax=0.000 chain=0.000 daily=0.000 nov=0.000 mile=0.000 surv=-1.018 idle=0.000 gover=0.000 | nw=1.52341e+06 pop=28 bases=7 money=4806 credit=107870 day=128 | food=200 water=0 coal=0 home=310 free=28 roads=1
  ACTION: 17 (BUILD:HuntingLand price=16985 need_earth=3) | money=4806 pop=28 free=28
  BUILD FAILED: HuntingLand (no cell or error)
STEP 123 | BUILD:HuntingLand | total=-12.258 err=-1.000 tax=0.000 taxb=0.300 build=0.000 cost=0.000 div=0.000 prox=0.000 prov=0.000 preq=0.000 pres=0.000 sale=0.000 mtax=0.000 chain=0.000 daily=0.000 nov=0.000 mile=0.000 surv=-1.018 idle=-10.000 gover=0.000 | nw=1.52318e+06 pop=28 bases=7 money=4806 credit=108085 day=129 | food=200 water=0 coal=0 home=310 free=28 roads=1
  ACTION: 18 (BUILD:CowFarm price=32002 need_earth=10) | money=4806 pop=28 free=28
  BUILD FAILED: CowFarm (no cell or error)
STEP 124 | BUILD:CowFarm | total=-2.264 err=-1.000 tax=0.000 taxb=0.300 build=0.000 cost=0.000 div=0.000 prox=0.000 prov=0.000 preq=0.000 pres=0.000 sale=0.000 mtax=0.000 chain=0.000 daily=0.000 nov=0.000 mile=0.000 surv=-1.023 idle=0.000 gover=0.000 | nw=1.52296e+06 pop=28 bases=7 money=4806 credit=108301 day=130 | food=200 water=0 coal=0 home=310 free=28 roads=1
  ACTION: 37 | money=4806 pop=28 free=28
STEP 125 | MGR:destroy | total=-42.928 err=0.000 tax=0.000 taxb=0.300 build=0.000 cost=0.000 div=0.000 prox=0.000 prov=0.000 preq=0.000 pres=0.000 sale=0.000 mtax=0.000 chain=0.000 daily=0.060 nov=0.000 mile=0.000 surv=-42.745 idle=0.000 gover=0.000 | nw=1.51439e+06 pop=28 bases=6 money=5744 credit=108517 day=131 | food=200 water=0 coal=0 home=310 free=28 roads=1
  ACTION: 32 (BUILD:SmallAtomStation price=29000000 need_earth=2) | money=5744 pop=28 free=28
  BUILD FAILED: SmallAtomStation (no cell or error)
STEP 126 | BUILD:SmallAtomStation | total=-12.269 err=-1.000 tax=0.000 taxb=0.300 build=0.000 cost=0.000 div=0.000 prox=0.000 prov=0.000 preq=0.000 pres=0.000 sale=0.000 mtax=0.000 chain=0.000 daily=0.000 nov=0.000 mile=0.000 surv=-1.025 idle=-10.000 gover=0.000 | nw=1.51416e+06 pop=28 bases=6 money=5744 credit=108734 day=132 | food=200 water=0 coal=0 home=310 free=28 roads=1
  ACTION: 5 (BUILD:Sawmill price=17570 need_earth=3) | money=5744 pop=28 free=28
  BUILD FAILED: Sawmill (no cell or error)
STEP 127 | BUILD:Sawmill | total=-2.270 err=-1.000 tax=0.000 taxb=0.300 build=0.000 cost=0.000 div=0.000 prox=0.000 prov=0.000 preq=0.000 pres=0.000 sale=0.000 mtax=0.000 chain=0.000 daily=0.000 nov=0.000 mile=0.000 surv=-1.025 idle=0.000 gover=0.000 | nw=1.51394e+06 pop=28 bases=6 money=5744 credit=108951 day=133 | food=200 water=0 coal=0 home=310 free=28 roads=1
  ACTION: 24 (BUILD:Hothouse price=16590 need_earth=10) | money=5744 pop=28 free=28
  BUILD FAILED: Hothouse (no cell or error)
STEP 128 | BUILD:Hothouse | total=-2.271 err=-1.000 tax=0.000 taxb=0.300 build=0.000 cost=0.000 div=0.000 prox=0.000 prov=0.000 preq=0.000 pres=0.000 sale=0.000 mtax=0.000 chain=0.000 daily=0.000 nov=0.000 mile=0.000 surv=-1.025 idle=0.000 gover=0.000 | nw=1.51371e+06 pop=28 bases=6 money=5744 credit=109168 day=134 | food=200 water=0 coal=0 home=310 free=28 roads=1
  ACTION: 23 (BUILD:Torchlight price=215000 need_earth=6) | money=5744 pop=28 free=28
  BUILD FAILED: Torchlight (no cell or error)
STEP 129 | BUILD:Torchlight | total=-12.277 err=-1.000 tax=0.000 taxb=0.300 build=0.000 cost=0.000 div=0.000 prox=0.000 prov=0.000 preq=0.000 pres=0.000 sale=0.000 mtax=0.000 chain=0.000 daily=0.000 nov=0.000 mile=0.000 surv=-1.030 idle=-10.000 gover=0.000 | nw=1.51349e+06 pop=28 bases=6 money=5744 credit=109386 day=135 | food=200 water=0 coal=0 home=310 free=28 roads=1
  ACTION: 40 | money=5744 pop=28 free=28
STEP 130 | MGR:sell | total=-2.276 err=-1.000 tax=0.000 taxb=0.300 build=0.000 cost=0.000 div=0.000 prox=0.000 prov=0.000 preq=0.000 pres=0.000 sale=0.000 mtax=0.000 chain=0.000 daily=0.000 nov=0.000 mile=0.000 surv=-1.028 idle=0.000 gover=0.000 | nw=1.51326e+06 pop=28 bases=6 money=5744 credit=109604 day=136 | food=200 water=0 coal=0 home=310 free=28 roads=1
  ACTION: 6 (BUILD:Coalmine price=25471 need_earth=4) | money=5744 pop=28 free=28
  BUILD FAILED: Coalmine (no cell or error)
STEP 131 | BUILD:Coalmine | total=-2.284 err=-1.000 tax=0.000 taxb=0.300 build=0.000 cost=0.000 div=0.000 prox=0.000 prov=0.000 preq=0.000 pres=0.000 sale=0.000 mtax=0.000 chain=0.000 daily=0.000 nov=0.000 mile=0.000 surv=-1.035 idle=0.000 gover=0.000 | nw=1.51303e+06 pop=28 bases=6 money=5744 credit=109823 day=137 | food=200 water=0 coal=0 home=310 free=28 roads=1
  ACTION: 10 (BUILD:PowerStation price=92433 need_earth=10) | money=5744 pop=28 free=28
  BUILD FAILED: PowerStation (no cell or error)
STEP 132 | BUILD:PowerStation | total=-12.286 err=-1.000 tax=0.000 taxb=0.300 build=0.000 cost=0.000 div=0.000 prox=0.000 prov=0.000 preq=0.000 pres=0.000 sale=0.000 mtax=0.000 chain=0.000 daily=0.000 nov=0.000 mile=0.000 surv=-1.035 idle=-10.000 gover=0.000 | nw=1.51281e+06 pop=28 bases=6 money=5744 credit=110042 day=138 | food=200 water=0 coal=0 home=310 free=28 roads=1
  ACTION: 21 (BUILD:BigFarm price=380385 need_earth=1) | money=5744 pop=28 free=28
  BUILD FAILED: BigFarm (no cell or error)
STEP 133 | BUILD:BigFarm | total=-2.289 err=-1.000 tax=0.000 taxb=0.300 build=0.000 cost=0.000 div=0.000 prox=0.000 prov=0.000 preq=0.000 pres=0.000 sale=0.000 mtax=0.000 chain=0.000 daily=0.000 nov=0.000 mile=0.000 surv=-1.038 idle=0.000 gover=0.000 | nw=1.51258e+06 pop=28 bases=6 money=5744 credit=110262 day=139 | food=200 water=0 coal=0 home=310 free=28 roads=1
  ACTION: 23 (BUILD:Torchlight price=215000 need_earth=6) | money=5744 pop=28 free=28
  BUILD FAILED: Torchlight (no cell or error)
STEP 134 | BUILD:Torchlight | total=-2.293 err=-1.000 tax=0.000 taxb=0.300 build=0.000 cost=0.000 div=0.000 prox=0.000 prov=0.000 preq=0.000 pres=0.000 sale=0.000 mtax=0.000 chain=0.000 daily=0.000 nov=0.000 mile=0.000 surv=-1.040 idle=0.000 gover=0.000 | nw=1.51235e+06 pop=28 bases=6 money=5744 credit=110482 day=140 | food=200 water=0 coal=0 home=310 free=28 roads=1
  ACTION: 39 | money=5744 pop=28 free=28
STEP 135 | MGR:unpreserve | total=-12.294 err=-1.000 tax=0.000 taxb=0.300 build=0.000 cost=0.000 div=0.000 prox=0.000 prov=0.000 preq=0.000 pres=0.000 sale=0.000 mtax=0.000 chain=0.000 daily=0.000 nov=0.000 mile=0.000 surv=-1.040 idle=-10.000 gover=0.000 | nw=1.51212e+06 pop=28 bases=6 money=5744 credit=110702 day=141 | food=200 water=0 coal=0 home=310 free=28 roads=1
  ACTION: 24 (BUILD:Hothouse price=16590 need_earth=10) | money=5744 pop=28 free=28
  BUILD FAILED: Hothouse (no cell or error)
STEP 136 | BUILD:Hothouse | total=-2.291 err=-1.000 tax=0.000 taxb=0.300 build=0.000 cost=0.000 div=0.000 prox=0.000 prov=0.000 preq=0.000 pres=0.000 sale=0.000 mtax=0.000 chain=0.000 daily=0.000 nov=0.000 mile=0.000 surv=-1.037 idle=0.000 gover=0.000 | nw=1.5119e+06 pop=28 bases=6 money=5744 credit=110923 day=142 | food=200 water=0 coal=0 home=310 free=28 roads=1
  ACTION: 33 (BUILD:AtomStation price=120000000 need_earth=2) | money=5744 pop=28 free=28
  BUILD FAILED: AtomStation (no cell or error)
STEP 137 | BUILD:AtomStation | total=-2.301 err=-1.000 tax=0.000 taxb=0.300 build=0.000 cost=0.000 div=0.000 prox=0.000 prov=0.000 preq=0.000 pres=0.000 sale=0.000 mtax=0.000 chain=0.000 daily=0.000 nov=0.000 mile=0.000 surv=-1.045 idle=0.000 gover=0.000 | nw=1.51167e+06 pop=28 bases=6 money=5744 credit=111144 day=143 | food=200 water=0 coal=0 home=310 free=28 roads=1
  ACTION: 17 (BUILD:HuntingLand price=16985 need_earth=3) | money=5744 pop=28 free=28
  BUILD FAILED: HuntingLand (no cell or error)
STEP 138 | BUILD:HuntingLand | total=-12.307 err=-1.000 tax=0.000 taxb=0.300 build=0.000 cost=0.000 div=0.000 prox=0.000 prov=0.000 preq=0.000 pres=0.000 sale=0.000 mtax=0.000 chain=0.000 daily=0.000 nov=0.000 mile=0.000 surv=-1.050 idle=-10.000 gover=0.000 | nw=1.51144e+06 pop=28 bases=6 money=5744 credit=111366 day=144 | food=200 water=0 coal=0 home=310 free=28 roads=1
  ACTION: 7 (BUILD:Ironmine price=32008 need_earth=5) | money=5744 pop=28 free=28
  BUILD FAILED: Ironmine (no cell or error)
STEP 139 | BUILD:Ironmine | total=-2.299 err=-1.000 tax=0.000 taxb=0.300 build=0.000 cost=0.000 div=0.000 prox=0.000 prov=0.000 preq=0.000 pres=0.000 sale=0.000 mtax=0.000 chain=0.000 daily=0.000 nov=0.000 mile=0.000 surv=-1.041 idle=0.000 gover=0.000 | nw=1.51121e+06 pop=28 bases=6 money=5744 credit=111588 day=145 | food=200 water=0 coal=0 home=310 free=28 roads=1
  ACTION: 18 (BUILD:CowFarm price=32002 need_earth=10) | money=5744 pop=28 free=28
  BUILD FAILED: CowFarm (no cell or error)
STEP 140 | BUILD:CowFarm | total=-2.314 err=-1.000 tax=0.000 taxb=0.300 build=0.000 cost=0.000 div=0.000 prox=0.000 prov=0.000 preq=0.000 pres=0.000 sale=0.000 mtax=0.000 chain=0.000 daily=0.000 nov=0.000 mile=0.000 surv=-1.055 idle=0.000 gover=0.000 | nw=1.51098e+06 pop=28 bases=6 money=5744 credit=111811 day=146 | food=200 water=0 coal=0 home=310 free=28 roads=1
  ACTION: 33 (BUILD:AtomStation price=120000000 need_earth=2) | money=5744 pop=28 free=28
  BUILD FAILED: AtomStation (no cell or error)
STEP 141 | BUILD:AtomStation | total=-12.316 err=-1.000 tax=0.000 taxb=0.300 build=0.000 cost=0.000 div=0.000 prox=0.000 prov=0.000 preq=0.000 pres=0.000 sale=0.000 mtax=0.000 chain=0.000 daily=0.000 nov=0.000 mile=0.000 surv=-1.055 idle=-10.000 gover=0.000 | nw=1.51075e+06 pop=28 bases=6 money=5744 credit=112034 day=147 | food=200 water=0 coal=0 home=310 free=28 roads=1
  ACTION: 30 (BUILD:BigIronmine price=2715002 need_earth=5) | money=5744 pop=28 free=28
  BUILD FAILED: BigIronmine (no cell or error)
STEP 142 | BUILD:BigIronmine | total=-2.322 err=-1.000 tax=0.000 taxb=0.300 build=0.000 cost=0.000 div=0.000 prox=0.000 prov=0.000 preq=0.000 pres=0.000 sale=0.000 mtax=0.000 chain=0.000 daily=0.000 nov=0.000 mile=0.000 surv=-1.060 idle=0.000 gover=0.000 | nw=1.51052e+06 pop=28 bases=6 money=5744 credit=112258 day=148 | food=200 water=0 coal=0 home=310 free=28 roads=1
  ACTION: 34 | money=5744 pop=28 free=28
STEP 143 | MGR:improve | total=-2.323 err=-1.000 tax=0.000 taxb=0.300 build=0.000 cost=0.000 div=0.000 prox=0.000 prov=0.000 preq=0.000 pres=0.000 sale=0.000 mtax=0.000 chain=0.000 daily=0.000 nov=0.000 mile=0.000 surv=-1.060 idle=0.000 gover=0.000 | nw=1.51028e+06 pop=28 bases=6 money=5744 credit=112482 day=149 | food=200 water=0 coal=0 home=310 free=28 roads=1
  ACTION: 21 (BUILD:BigFarm price=380385 need_earth=1) | money=5744 pop=28 free=28
  BUILD FAILED: BigFarm (no cell or error)
STEP 144 | BUILD:BigFarm | total=-12.315 err=-1.000 tax=0.000 taxb=0.300 build=0.000 cost=0.000 div=0.000 prox=0.000 prov=0.000 preq=0.000 pres=0.000 sale=0.000 mtax=0.000 chain=0.000 daily=0.000 nov=0.000 mile=0.000 surv=-1.052 idle=-10.000 gover=0.000 | nw=1.51005e+06 pop=28 bases=6 money=5744 credit=112706 day=150 | food=200 water=0 coal=0 home=310 free=28 roads=1
  ACTION: 2 (BUILD:Farm price=19814 need_earth=10) | money=5744 pop=28 free=28
  BUILD FAILED: Farm (no cell or error)
STEP 145 | BUILD:Farm | total=-2.330 err=-1.000 tax=0.000 taxb=0.300 build=0.000 cost=0.000 div=0.000 prox=0.000 prov=0.000 preq=0.000 pres=0.000 sale=0.000 mtax=0.000 chain=0.000 daily=0.000 nov=0.000 mile=0.000 surv=-1.065 idle=0.000 gover=0.000 | nw=1.50982e+06 pop=28 bases=6 money=5744 credit=112931 day=151 | food=200 water=0 coal=0 home=310 free=28 roads=1
  ACTION: 2 (BUILD:Farm price=19814 need_earth=10) | money=5744 pop=28 free=28
  BUILD FAILED: Farm (no cell or error)
STEP 146 | BUILD:Farm | total=-2.331 err=-1.000 tax=0.000 taxb=0.300 build=0.000 cost=0.000 div=0.000 prox=0.000 prov=0.000 preq=0.000 pres=0.000 sale=0.000 mtax=0.000 chain=0.000 daily=0.000 nov=0.000 mile=0.000 surv=-1.065 idle=0.000 gover=0.000 | nw=1.50959e+06 pop=28 bases=6 money=5744 credit=113156 day=152 | food=200 water=0 coal=0 home=310 free=28 roads=1
  ACTION: 14 (BUILD:SmallHouse price=5900 need_earth=10) | money=5744 pop=28 free=28
  BUILD FAILED: SmallHouse (no cell or error)
STEP 147 | BUILD:SmallHouse | total=-12.337 err=-1.000 tax=0.000 taxb=0.300 build=0.000 cost=0.000 div=0.000 prox=0.000 prov=0.000 preq=0.000 pres=0.000 sale=0.000 mtax=0.000 chain=0.000 daily=0.000 nov=0.000 mile=0.000 surv=-1.070 idle=-10.000 gover=0.000 | nw=1.50935e+06 pop=28 bases=6 money=5744 credit=113382 day=153 | food=200 water=0 coal=0 home=310 free=28 roads=1
  ACTION: 11 (BUILD:HydroStation price=92214 need_earth=2) | money=5744 pop=28 free=28
  BUILD FAILED: HydroStation (no cell or error)
STEP 148 | BUILD:HydroStation | total=-2.338 err=-1.000 tax=0.000 taxb=0.300 build=0.000 cost=0.000 div=0.000 prox=0.000 prov=0.000 preq=0.000 pres=0.000 sale=0.000 mtax=0.000 chain=0.000 daily=0.000 nov=0.000 mile=0.000 surv=-1.070 idle=0.000 gover=0.000 | nw=1.50912e+06 pop=28 bases=6 money=5744 credit=113608 day=154 | food=200 water=0 coal=0 home=310 free=28 roads=1
  ACTION: 6 (BUILD:Coalmine price=25471 need_earth=4) | money=5744 pop=28 free=28
  BUILD FAILED: Coalmine (no cell or error)
STEP 149 | BUILD:Coalmine | total=-2.345 err=-1.000 tax=0.000 taxb=0.300 build=0.000 cost=0.000 div=0.000 prox=0.000 prov=0.000 preq=0.000 pres=0.000 sale=0.000 mtax=0.000 chain=0.000 daily=0.000 nov=0.000 mile=0.000 surv=-1.075 idle=0.000 gover=0.000 | nw=1.50888e+06 pop=28 bases=6 money=5744 credit=113835 day=155 | food=200 water=0 coal=0 home=310 free=28 roads=1
  ACTION: 23 (BUILD:Torchlight price=215000 need_earth=6) | money=5744 pop=28 free=28
  BUILD FAILED: Torchlight (no cell or error)
STEP 150 | BUILD:Torchlight | total=-12.346 err=-1.000 tax=0.000 taxb=0.300 build=0.000 cost=0.000 div=0.000 prox=0.000 prov=0.000 preq=0.000 pres=0.000 sale=0.000 mtax=0.000 chain=0.000 daily=0.000 nov=0.000 mile=0.000 surv=-1.075 idle=-10.000 gover=0.000 | nw=1.50865e+06 pop=28 bases=6 money=5744 credit=114062 day=156 | food=200 water=0 coal=0 home=310 free=28 roads=1
  ACTION: 20 (BUILD:BigHouse price=66400 need_earth=1) | money=5744 pop=28 free=28
  BUILD FAILED: BigHouse (no cell or error)
STEP 151 | BUILD:BigHouse | total=-2.352 err=-1.000 tax=0.000 taxb=0.300 build=0.000 cost=0.000 div=0.000 prox=0.000 prov=0.000 preq=0.000 pres=0.000 sale=0.000 mtax=0.000 chain=0.000 daily=0.000 nov=0.000 mile=0.000 surv=-1.080 idle=0.000 gover=0.000 | nw=1.50841e+06 pop=28 bases=6 money=5744 credit=114290 day=157 | food=200 water=0 coal=0 home=310 free=28 roads=1
  ACTION: 39 | money=5744 pop=28 free=28
STEP 152 | MGR:unpreserve | total=-2.353 err=-1.000 tax=0.000 taxb=0.300 build=0.000 cost=0.000 div=0.000 prox=0.000 prov=0.000 preq=0.000 pres=0.000 sale=0.000 mtax=0.000 chain=0.000 daily=0.000 nov=0.000 mile=0.000 surv=-1.080 idle=0.000 gover=0.000 | nw=1.50818e+06 pop=28 bases=6 money=5744 credit=114518 day=158 | food=200 water=0 coal=0 home=310 free=28 roads=1
  ACTION: 12 (BUILD:Road price=400 need_earth=10) | money=5744 pop=28 free=28
STEP 153 | BUILD:Road | total=0.101 err=0.000 tax=0.000 taxb=0.300 build=1.500 cost=-0.040 div=0.000 prox=0.000 prov=0.000 preq=0.000 pres=0.000 sale=0.000 mtax=0.000 chain=0.000 daily=0.000 nov=0.000 mile=0.000 surv=-1.085 idle=0.000 gover=0.000 | nw=1.50794e+06 pop=28 bases=7 money=5344 credit=114747 day=159 | food=200 water=0 coal=0 home=310 free=28 roads=2
  ACTION: 3 (BUILD:Garden price=7640 need_earth=10) | money=5344 pop=28 free=28
  BUILD FAILED: Garden (no cell or error)
STEP 154 | BUILD:Garden | total=-2.360 err=-1.000 tax=0.000 taxb=0.300 build=0.000 cost=0.000 div=0.000 prox=0.000 prov=0.000 preq=0.000 pres=0.000 sale=0.000 mtax=0.000 chain=0.000 daily=0.000 nov=0.000 mile=0.000 surv=-1.085 idle=0.000 gover=0.000 | nw=1.5077e+06 pop=28 bases=7 money=5344 credit=114976 day=160 | food=200 water=0 coal=0 home=310 free=28 roads=2
  ACTION: 36 | money=5344 pop=28 free=28
STEP 155 | MGR:restore_all | total=-10.765 err=0.000 tax=0.000 taxb=0.300 build=0.000 cost=0.000 div=0.000 prox=0.000 prov=0.000 preq=0.000 pres=0.000 sale=0.000 mtax=0.000 chain=0.000 daily=0.000 nov=0.000 mile=0.000 surv=-0.489 idle=-10.000 gover=0.000 | nw=1.50758e+06 pop=28 bases=7 money=5188 credit=115205 day=161 | food=200 water=0 coal=0 home=310 free=28 roads=2
  ACTION: 28 (BUILD:BigRefinary price=3999149 need_earth=6) | money=5188 pop=28 free=28
  BUILD FAILED: BigRefinary (no cell or error)
STEP 156 | BUILD:BigRefinary | total=-2.359 err=-1.000 tax=0.000 taxb=0.300 build=0.000 cost=0.000 div=0.000 prox=0.000 prov=0.000 preq=0.000 pres=0.000 sale=0.000 mtax=0.000 chain=0.000 daily=0.000 nov=0.000 mile=0.000 surv=-1.081 idle=0.000 gover=0.000 | nw=1.50735e+06 pop=28 bases=7 money=5188 credit=115435 day=162 | food=200 water=0 coal=0 home=310 free=28 roads=2
  ACTION: 12 (BUILD:Road price=400 need_earth=10) | money=5188 pop=28 free=28
STEP 157 | BUILD:Road | total=0.091 err=0.000 tax=0.000 taxb=0.300 build=1.500 cost=-0.040 div=0.000 prox=0.000 prov=0.000 preq=0.000 pres=0.000 sale=0.000 mtax=0.000 chain=0.000 daily=0.000 nov=0.000 mile=0.000 surv=-1.090 idle=0.000 gover=0.000 | nw=1.50711e+06 pop=28 bases=8 money=4788 credit=115665 day=163 | food=200 water=0 coal=0 home=310 free=28 roads=3
  ACTION: 17 (BUILD:HuntingLand price=16985 need_earth=3) | money=4788 pop=28 free=28
  BUILD FAILED: HuntingLand (no cell or error)
STEP 158 | BUILD:HuntingLand | total=-2.375 err=-1.000 tax=0.000 taxb=0.300 build=0.000 cost=0.000 div=0.000 prox=0.000 prov=0.000 preq=0.000 pres=0.000 sale=0.000 mtax=0.000 chain=0.000 daily=0.000 nov=0.000 mile=0.000 surv=-1.095 idle=0.000 gover=0.000 | nw=1.50687e+06 pop=28 bases=8 money=4788 credit=115896 day=164 | food=200 water=0 coal=0 home=310 free=28 roads=3
  ACTION: 23 (BUILD:Torchlight price=215000 need_earth=6) | money=4788 pop=28 free=28
  BUILD FAILED: Torchlight (no cell or error)
STEP 159 | BUILD:Torchlight | total=-12.376 err=-1.000 tax=0.000 taxb=0.300 build=0.000 cost=0.000 div=0.000 prox=0.000 prov=0.000 preq=0.000 pres=0.000 sale=0.000 mtax=0.000 chain=0.000 daily=0.000 nov=0.000 mile=0.000 surv=-1.095 idle=-10.000 gover=0.000 | nw=1.50663e+06 pop=28 bases=8 money=4788 credit=116127 day=165 | food=200 water=0 coal=0 home=310 free=28 roads=3
  ACTION: 5 (BUILD:Sawmill price=17570 need_earth=3) | money=4788 pop=28 free=28
  BUILD FAILED: Sawmill (no cell or error)
STEP 160 | BUILD:Sawmill | total=-2.382 err=-1.000 tax=0.000 taxb=0.300 build=0.000 cost=0.000 div=0.000 prox=0.000 prov=0.000 preq=0.000 pres=0.000 sale=0.000 mtax=0.000 chain=0.000 daily=0.000 nov=0.000 mile=0.000 surv=-1.100 idle=0.000 gover=0.000 | nw=1.50639e+06 pop=28 bases=8 money=4788 credit=116359 day=166 | food=200 water=0 coal=0 home=310 free=28 roads=3
  ACTION: 25 (BUILD:SuperHouse price=971000 need_earth=1) | money=4788 pop=28 free=28
  BUILD FAILED: SuperHouse (no cell or error)
STEP 161 | BUILD:SuperHouse | total=-2.383 err=-1.000 tax=0.000 taxb=0.300 build=0.000 cost=0.000 div=0.000 prox=0.000 prov=0.000 preq=0.000 pres=0.000 sale=0.000 mtax=0.000 chain=0.000 daily=0.000 nov=0.000 mile=0.000 surv=-1.100 idle=0.000 gover=0.000 | nw=1.50615e+06 pop=28 bases=8 money=4788 credit=116591 day=167 | food=200 water=0 coal=0 home=310 free=28 roads=3
  ACTION: 38 | money=4788 pop=28 free=28
STEP 162 | MGR:preserve | total=-8.389 err=0.000 tax=0.000 taxb=0.300 build=0.000 cost=0.000 div=0.000 prox=0.000 prov=0.000 preq=0.000 pres=3.000 sale=0.000 mtax=0.000 chain=0.000 daily=0.000 nov=0.000 mile=0.000 surv=-1.105 idle=-10.000 gover=0.000 | nw=1.50591e+06 pop=28 bases=8 money=4788 credit=116824 day=168 | food=200 water=0 coal=0 home=310 free=28 roads=3
  ACTION: 42 | money=4788 pop=28 free=28
STEP 163 | MGR:credit_take | total=-2.391 err=-1.000 tax=0.000 taxb=0.300 build=0.000 cost=0.000 div=0.000 prox=0.000 prov=0.000 preq=0.000 pres=0.000 sale=0.000 mtax=0.000 chain=0.000 daily=0.000 nov=0.000 mile=0.000 surv=-1.105 idle=0.000 gover=0.000 | nw=1.50567e+06 pop=28 bases=8 money=4788 credit=117057 day=169 | food=200 water=0 coal=0 home=310 free=28 roads=3
  ACTION: 23 (BUILD:Torchlight price=215000 need_earth=6) | money=4788 pop=28 free=28
  BUILD FAILED: Torchlight (no cell or error)
STEP 164 | BUILD:Torchlight | total=-2.397 err=-1.000 tax=0.000 taxb=0.300 build=0.000 cost=0.000 div=0.000 prox=0.000 prov=0.000 preq=0.000 pres=0.000 sale=0.000 mtax=0.000 chain=0.000 daily=0.000 nov=0.000 mile=0.000 surv=-1.110 idle=0.000 gover=0.000 | nw=1.50543e+06 pop=28 bases=8 money=4788 credit=117291 day=170 | food=200 water=0 coal=0 home=310 free=28 roads=3
  ACTION: 17 (BUILD:HuntingLand price=16985 need_earth=3) | money=4788 pop=28 free=28
  BUILD FAILED: HuntingLand (no cell or error)
STEP 165 | BUILD:HuntingLand | total=-12.398 err=-1.000 tax=0.000 taxb=0.300 build=0.000 cost=0.000 div=0.000 prox=0.000 prov=0.000 preq=0.000 pres=0.000 sale=0.000 mtax=0.000 chain=0.000 daily=0.000 nov=0.000 mile=0.000 surv=-1.110 idle=-10.000 gover=0.000 | nw=1.50519e+06 pop=28 bases=8 money=4788 credit=117525 day=171 | food=200 water=0 coal=0 home=310 free=28 roads=3
  ACTION: 5 (BUILD:Sawmill price=17570 need_earth=3) | money=4788 pop=28 free=28
  BUILD FAILED: Sawmill (no cell or error)
STEP 166 | BUILD:Sawmill | total=-2.404 err=-1.000 tax=0.000 taxb=0.300 build=0.000 cost=0.000 div=0.000 prox=0.000 prov=0.000 preq=0.000 pres=0.000 sale=0.000 mtax=0.000 chain=0.000 daily=0.000 nov=0.000 mile=0.000 surv=-1.115 idle=0.000 gover=0.000 | nw=1.50494e+06 pop=28 bases=8 money=4788 credit=117760 day=172 | food=200 water=0 coal=0 home=310 free=28 roads=3
  ACTION: 3 (BUILD:Garden price=7640 need_earth=10) | money=4788 pop=28 free=28
  BUILD FAILED: Garden (no cell or error)
STEP 167 | BUILD:Garden | total=-2.405 err=-1.000 tax=0.000 taxb=0.300 build=0.000 cost=0.000 div=0.000 prox=0.000 prov=0.000 preq=0.000 pres=0.000 sale=0.000 mtax=0.000 chain=0.000 daily=0.000 nov=0.000 mile=0.000 surv=-1.115 idle=0.000 gover=0.000 | nw=1.5047e+06 pop=28 bases=8 money=4788 credit=117995 day=173 | food=200 water=0 coal=0 home=310 free=28 roads=3
  ACTION: 38 | money=4788 pop=28 free=28
STEP 168 | MGR:preserve | total=-8.407 err=0.000 tax=0.000 taxb=0.300 build=0.000 cost=0.000 div=0.000 prox=0.000 prov=0.000 preq=0.000 pres=3.000 sale=0.000 mtax=0.000 chain=0.000 daily=0.000 nov=0.000 mile=0.000 surv=-1.115 idle=-10.000 gover=0.000 | nw=1.50446e+06 pop=28 bases=8 money=4788 credit=118230 day=174 | food=200 water=0 coal=0 home=250 free=28 roads=3
  ACTION: 8 (BUILD:Refinery price=82684 need_earth=6) | money=4788 pop=28 free=28
  BUILD FAILED: Refinery (no cell or error)
STEP 169 | BUILD:Refinery | total=-2.413 err=-1.000 tax=0.000 taxb=0.300 build=0.000 cost=0.000 div=0.000 prox=0.000 prov=0.000 preq=0.000 pres=0.000 sale=0.000 mtax=0.000 chain=0.000 daily=0.000 nov=0.000 mile=0.000 surv=-1.120 idle=0.000 gover=0.000 | nw=1.50421e+06 pop=28 bases=8 money=4788 credit=118466 day=175 | food=200 water=0 coal=0 home=250 free=28 roads=3
  ACTION: 4 (BUILD:WaterChannel price=18310 need_earth=2) | money=4788 pop=28 free=28
  BUILD FAILED: WaterChannel (no cell or error)
STEP 170 | BUILD:WaterChannel | total=-2.041 err=-1.000 tax=0.000 taxb=0.300 build=0.365 cost=0.000 div=0.000 prox=0.000 prov=0.000 preq=0.000 pres=0.000 sale=0.000 mtax=0.000 chain=0.000 daily=0.000 nov=0.000 mile=0.000 surv=-1.112 idle=0.000 gover=0.000 | nw=1.50397e+06 pop=28 bases=8 money=4788 credit=118702 day=176 | food=200 water=0 coal=0 home=250 free=28 roads=3
  ACTION: 6 (BUILD:Coalmine price=25471 need_earth=4) | money=4788 pop=28 free=28
  BUILD FAILED: Coalmine (no cell or error)
STEP 171 | BUILD:Coalmine | total=-12.420 err=-1.000 tax=0.000 taxb=0.300 build=0.000 cost=0.000 div=0.000 prox=0.000 prov=0.000 preq=0.000 pres=0.000 sale=0.000 mtax=0.000 chain=0.000 daily=0.000 nov=0.000 mile=0.000 surv=-1.125 idle=-10.000 gover=0.000 | nw=1.50372e+06 pop=28 bases=8 money=4788 credit=118939 day=177 | food=200 water=0 coal=0 home=250 free=28 roads=3
  ACTION: 10 (BUILD:PowerStation price=92433 need_earth=10) | money=4788 pop=28 free=28
  BUILD FAILED: PowerStation (no cell or error)
STEP 172 | BUILD:PowerStation | total=-2.421 err=-1.000 tax=0.000 taxb=0.300 build=0.000 cost=0.000 div=0.000 prox=0.000 prov=0.000 preq=0.000 pres=0.000 sale=0.000 mtax=0.000 chain=0.000 daily=0.000 nov=0.000 mile=0.000 surv=-1.125 idle=0.000 gover=0.000 | nw=1.50348e+06 pop=28 bases=8 money=4788 credit=119176 day=178 | food=200 water=0 coal=0 home=250 free=28 roads=3
  ACTION: 21 (BUILD:BigFarm price=380385 need_earth=1) | money=4788 pop=28 free=28
  BUILD FAILED: BigFarm (no cell or error)
STEP 173 | BUILD:BigFarm | total=-2.427 err=-1.000 tax=0.000 taxb=0.300 build=0.000 cost=0.000 div=0.000 prox=0.000 prov=0.000 preq=0.000 pres=0.000 sale=0.000 mtax=0.000 chain=0.000 daily=0.000 nov=0.000 mile=0.000 surv=-1.130 idle=0.000 gover=0.000 | nw=1.50323e+06 pop=28 bases=8 money=4788 credit=119414 day=179 | food=200 water=0 coal=0 home=250 free=28 roads=3
  ACTION: 8 (BUILD:Refinery price=82684 need_earth=6) | money=4788 pop=28 free=28
  BUILD FAILED: Refinery (no cell or error)
STEP 174 | BUILD:Refinery | total=-12.420 err=-1.000 tax=0.000 taxb=0.300 build=0.000 cost=0.000 div=0.000 prox=0.000 prov=0.000 preq=0.000 pres=0.000 sale=0.000 mtax=0.000 chain=0.000 daily=0.000 nov=0.000 mile=0.000 surv=-1.122 idle=-10.000 gover=0.000 | nw=1.50299e+06 pop=28 bases=8 money=4788 credit=119652 day=180 | food=200 water=0 coal=0 home=250 free=28 roads=3
  ACTION: 20 (BUILD:BigHouse price=66400 need_earth=1) | money=4788 pop=28 free=28
  BUILD FAILED: BigHouse (no cell or error)
STEP 175 | BUILD:BigHouse | total=-2.435 err=-1.000 tax=0.000 taxb=0.300 build=0.000 cost=0.000 div=0.000 prox=0.000 prov=0.000 preq=0.000 pres=0.000 sale=0.000 mtax=0.000 chain=0.000 daily=0.000 nov=0.000 mile=0.000 surv=-1.135 idle=0.000 gover=0.000 | nw=1.50274e+06 pop=28 bases=8 money=4788 credit=119891 day=181 | food=200 water=0 coal=0 home=250 free=28 roads=3
  ACTION: 30 (BUILD:BigIronmine price=2715002 need_earth=5) | money=4788 pop=28 free=28
  BUILD FAILED: BigIronmine (no cell or error)
STEP 176 | BUILD:BigIronmine | total=-2.436 err=-1.000 tax=0.000 taxb=0.300 build=0.000 cost=0.000 div=0.000 prox=0.000 prov=0.000 preq=0.000 pres=0.000 sale=0.000 mtax=0.000 chain=0.000 daily=0.000 nov=0.000 mile=0.000 surv=-1.135 idle=0.000 gover=0.000 | nw=1.50249e+06 pop=28 bases=8 money=4788 credit=120130 day=182 | food=200 water=0 coal=0 home=250 free=28 roads=3
  ACTION: 28 (BUILD:BigRefinary price=3999149 need_earth=6) | money=4788 pop=28 free=28
  BUILD FAILED: BigRefinary (no cell or error)
STEP 177 | BUILD:BigRefinary | total=-12.442 err=-1.000 tax=0.000 taxb=0.300 build=0.000 cost=0.000 div=0.000 prox=0.000 prov=0.000 preq=0.000 pres=0.000 sale=0.000 mtax=0.000 chain=0.000 daily=0.000 nov=0.000 mile=0.000 surv=-1.140 idle=-10.000 gover=0.000 | nw=1.50225e+06 pop=28 bases=8 money=4788 credit=120370 day=183 | food=200 water=0 coal=0 home=250 free=28 roads=3
  ACTION: 8 (BUILD:Refinery price=82684 need_earth=6) | money=4788 pop=28 free=28
  BUILD FAILED: Refinery (no cell or error)
STEP 178 | BUILD:Refinery | total=-2.441 err=-1.000 tax=0.000 taxb=0.300 build=0.000 cost=0.000 div=0.000 prox=0.000 prov=0.000 preq=0.000 pres=0.000 sale=0.000 mtax=0.000 chain=0.000 daily=0.000 nov=0.000 mile=0.000 surv=-1.138 idle=0.000 gover=0.000 | nw=1.502e+06 pop=28 bases=8 money=4788 credit=120610 day=184 | food=200 water=0 coal=0 home=250 free=28 roads=3
  ACTION: 26 (BUILD:BigSawmill price=620900 need_earth=3) | money=4788 pop=28 free=28
  BUILD FAILED: BigSawmill (no cell or error)
STEP 179 | BUILD:BigSawmill | total=-2.450 err=-1.000 tax=0.000 taxb=0.300 build=0.000 cost=0.000 div=0.000 prox=0.000 prov=0.000 preq=0.000 pres=0.000 sale=0.000 mtax=0.000 chain=0.000 daily=0.000 nov=0.000 mile=0.000 surv=-1.145 idle=0.000 gover=0.000 | nw=1.50175e+06 pop=28 bases=8 money=4788 credit=120851 day=185 | food=200 water=0 coal=0 home=250 free=28 roads=3
  ACTION: 15 (BUILD:Fish price=30202 need_earth=2) | money=4788 pop=28 free=28
  BUILD FAILED: Fish (no cell or error)
STEP 180 | BUILD:Fish | total=-12.448 err=-1.000 tax=0.000 taxb=0.300 build=0.000 cost=0.000 div=0.000 prox=0.000 prov=0.000 preq=0.000 pres=0.000 sale=0.000 mtax=0.000 chain=0.000 daily=0.000 nov=0.000 mile=0.000 surv=-1.143 idle=-10.000 gover=0.000 | nw=1.5015e+06 pop=28 bases=8 money=4788 credit=121092 day=186 | food=200 water=0 coal=0 home=250 free=28 roads=3
  ACTION: 11 (BUILD:HydroStation price=92214 need_earth=2) | money=4788 pop=28 free=28
  BUILD FAILED: HydroStation (no cell or error)
STEP 181 | BUILD:HydroStation | total=-2.475 err=-1.000 tax=0.000 taxb=0.300 build=0.000 cost=0.000 div=0.000 prox=0.000 prov=0.000 preq=0.000 pres=0.000 sale=0.000 mtax=0.000 chain=0.000 daily=0.000 nov=0.000 mile=0.000 surv=-1.168 idle=0.000 gover=0.000 | nw=1.50125e+06 pop=28 bases=8 money=4788 credit=121334 day=187 | food=200 water=0 coal=0 home=250 free=28 roads=3
  ACTION: 30 (BUILD:BigIronmine price=2715002 need_earth=5) | money=4788 pop=28 free=28
  BUILD FAILED: BigIronmine (no cell or error)
STEP 182 | BUILD:BigIronmine | total=-2.469 err=-1.000 tax=0.000 taxb=0.300 build=0.000 cost=0.000 div=0.000 prox=0.000 prov=0.000 preq=0.000 pres=0.000 sale=0.000 mtax=0.000 chain=0.000 daily=0.000 nov=0.000 mile=0.000 surv=-1.162 idle=0.000 gover=0.000 | nw=1.501e+06 pop=28 bases=8 money=4788 credit=121576 day=188 | food=200 water=0 coal=0 home=250 free=28 roads=3
  ACTION: 39 | money=4788 pop=28 free=28
STEP 183 | MGR:unpreserve | total=-8.476 err=0.000 tax=0.000 taxb=0.300 build=0.000 cost=0.000 div=0.000 prox=0.000 prov=0.000 preq=0.000 pres=3.000 sale=0.000 mtax=0.000 chain=0.000 daily=0.000 nov=0.000 mile=0.000 surv=-1.167 idle=-10.000 gover=0.000 | nw=1.50074e+06 pop=28 bases=8 money=4788 credit=121819 day=189 | food=200 water=0 coal=0 home=310 free=28 roads=3
  ACTION: 3 (BUILD:Garden price=7640 need_earth=10) | money=4788 pop=28 free=28
  BUILD FAILED: Garden (no cell or error)
STEP 184 | BUILD:Garden | total=-2.466 err=-1.000 tax=0.000 taxb=0.300 build=0.000 cost=0.000 div=0.000 prox=0.000 prov=0.000 preq=0.000 pres=0.000 sale=0.000 mtax=0.000 chain=0.000 daily=0.000 nov=0.000 mile=0.000 surv=-1.155 idle=0.000 gover=0.000 | nw=1.50049e+06 pop=28 bases=8 money=4788 credit=122062 day=190 | food=200 water=0 coal=0 home=310 free=28 roads=3
  ACTION: 39 | money=4788 pop=28 free=28
STEP 185 | MGR:unpreserve | total=1.528 err=0.000 tax=0.000 taxb=0.300 build=0.000 cost=0.000 div=0.000 prox=0.000 prov=0.000 preq=0.000 pres=3.000 sale=0.000 mtax=0.000 chain=0.000 daily=0.000 nov=0.000 mile=0.000 surv=-1.160 idle=0.000 gover=0.000 | nw=1.50024e+06 pop=28 bases=8 money=4788 credit=122306 day=191 | food=200 water=0 coal=0 home=310 free=28 roads=3
  ACTION: 6 (BUILD:Coalmine price=25471 need_earth=4) | money=4788 pop=28 free=28
  BUILD FAILED: Coalmine (no cell or error)
STEP 186 | BUILD:Coalmine | total=-12.473 err=-1.000 tax=0.000 taxb=0.300 build=0.000 cost=0.000 div=0.000 prox=0.000 prov=0.000 preq=0.000 pres=0.000 sale=0.000 mtax=0.000 chain=0.000 daily=0.000 nov=0.000 mile=0.000 surv=-1.160 idle=-10.000 gover=0.000 | nw=1.49999e+06 pop=28 bases=8 money=4788 credit=122550 day=192 | food=200 water=0 coal=0 home=310 free=28 roads=3
  ACTION: 22 (BUILD:Apiary price=9385 need_earth=10) | money=4788 pop=28 free=28
  BUILD FAILED: Apiary (no cell or error)
STEP 187 | BUILD:Apiary | total=-2.485 err=-1.000 tax=0.000 taxb=0.300 build=0.000 cost=0.000 div=0.000 prox=0.000 prov=0.000 preq=0.000 pres=0.000 sale=0.000 mtax=0.000 chain=0.000 daily=0.000 nov=0.000 mile=0.000 surv=-1.171 idle=0.000 gover=0.000 | nw=1.49973e+06 pop=28 bases=8 money=4788 credit=122795 day=193 | food=200 water=0 coal=0 home=310 free=28 roads=3
  ACTION: 4 (BUILD:WaterChannel price=18310 need_earth=2) | money=4788 pop=28 free=28
  BUILD FAILED: WaterChannel (no cell or error)
STEP 188 | BUILD:WaterChannel | total=-2.125 err=-1.000 tax=0.000 taxb=0.300 build=0.365 cost=0.000 div=0.000 prox=0.000 prov=0.000 preq=0.000 pres=0.000 sale=0.000 mtax=0.000 chain=0.000 daily=0.000 nov=0.000 mile=0.000 surv=-1.174 idle=0.000 gover=0.000 | nw=1.49948e+06 pop=28 bases=8 money=4788 credit=123040 day=194 | food=200 water=0 coal=0 home=310 free=28 roads=3
  ACTION: 3 (BUILD:Garden price=7640 need_earth=10) | money=4788 pop=28 free=28
  BUILD FAILED: Garden (no cell or error)
STEP 189 | BUILD:Garden | total=-12.487 err=-1.000 tax=0.000 taxb=0.300 build=0.000 cost=0.000 div=0.000 prox=0.000 prov=0.000 preq=0.000 pres=0.000 sale=0.000 mtax=0.000 chain=0.000 daily=0.000 nov=0.000 mile=0.000 surv=-1.170 idle=-10.000 gover=0.000 | nw=1.49922e+06 pop=28 bases=8 money=4788 credit=123286 day=195 | food=200 water=0 coal=0 home=310 free=28 roads=3
  ACTION: 9 (BUILD:Goldmine price=77000 need_earth=7) | money=4788 pop=28 free=28
  BUILD FAILED: Goldmine (no cell or error)
STEP 190 | BUILD:Goldmine | total=-2.488 err=-1.000 tax=0.000 taxb=0.300 build=0.000 cost=0.000 div=0.000 prox=0.000 prov=0.000 preq=0.000 pres=0.000 sale=0.000 mtax=0.000 chain=0.000 daily=0.000 nov=0.000 mile=0.000 surv=-1.170 idle=0.000 gover=0.000 | nw=1.49897e+06 pop=28 bases=8 money=4788 credit=123532 day=196 | food=200 water=0 coal=0 home=310 free=28 roads=3
  ACTION: 17 (BUILD:HuntingLand price=16985 need_earth=3) | money=4788 pop=28 free=28
  BUILD FAILED: HuntingLand (no cell or error)
STEP 191 | BUILD:HuntingLand | total=-2.515 err=-1.000 tax=0.000 taxb=0.300 build=0.000 cost=0.000 div=0.000 prox=0.000 prov=0.000 preq=0.000 pres=0.000 sale=0.000 mtax=0.000 chain=0.000 daily=0.000 nov=0.000 mile=0.000 surv=-1.196 idle=0.000 gover=0.000 | nw=1.49871e+06 pop=28 bases=8 money=4788 credit=123779 day=197 | food=200 water=0 coal=0 home=310 free=28 roads=3
  ACTION: 12 (BUILD:Road price=400 need_earth=10) | money=4788 pop=28 free=28
STEP 192 | BUILD:Road | total=-0.054 err=0.000 tax=0.000 taxb=0.300 build=1.500 cost=-0.040 div=0.000 prox=0.000 prov=0.000 preq=0.000 pres=0.000 sale=0.000 mtax=0.000 chain=0.000 daily=0.000 nov=0.000 mile=0.000 surv=-1.193 idle=0.000 gover=0.000 | nw=1.49845e+06 pop=28 bases=9 money=4388 credit=124026 day=198 | food=200 water=0 coal=0 home=510 free=28 roads=4
  ACTION: 14 (BUILD:SmallHouse price=5900 need_earth=10) | money=4388 pop=28 free=28
  BUILD FAILED: SmallHouse (no cell or error)
STEP 193 | BUILD:SmallHouse | total=-2.520 err=-1.000 tax=0.000 taxb=0.300 build=0.000 cost=0.000 div=0.000 prox=0.000 prov=0.000 preq=0.000 pres=0.000 sale=0.000 mtax=0.000 chain=0.000 daily=0.000 nov=0.000 mile=0.000 surv=-1.198 idle=0.000 gover=0.000 | nw=1.49819e+06 pop=28 bases=9 money=4388 credit=124274 day=199 | food=200 water=0 coal=0 home=510 free=28 roads=4
  ACTION: 21 (BUILD:BigFarm price=380385 need_earth=1) | money=4388 pop=28 free=28
  BUILD FAILED: BigFarm (no cell or error)
STEP 194 | BUILD:BigFarm | total=-10.521 err=-1.000 tax=0.000 taxb=0.300 build=0.000 cost=0.000 div=0.000 prox=0.000 prov=0.000 preq=0.000 pres=0.000 sale=0.000 mtax=0.000 chain=0.000 daily=0.000 nov=0.000 mile=2.000 surv=-1.198 idle=-10.000 gover=0.000 | nw=1.49793e+06 pop=28 bases=9 money=4388 credit=124522 day=200 | food=200 water=0 coal=0 home=510 free=28 roads=4
  ACTION: 21 (BUILD:BigFarm price=380385 need_earth=1) | money=4388 pop=28 free=28
  BUILD FAILED: BigFarm (no cell or error)
STEP 195 | BUILD:BigFarm | total=-2.527 err=-1.000 tax=0.000 taxb=0.300 build=0.000 cost=0.000 div=0.000 prox=0.000 prov=0.000 preq=0.000 pres=0.000 sale=0.000 mtax=0.000 chain=0.000 daily=0.000 nov=0.000 mile=0.000 surv=-1.203 idle=0.000 gover=0.000 | nw=1.49767e+06 pop=28 bases=9 money=4388 credit=124771 day=201 | food=200 water=0 coal=0 home=510 free=28 roads=4
  ACTION: 0 (DAY) | money=4388 pop=28 free=28
STEP 196 | DAY | total=-1.528 err=0.000 tax=0.000 taxb=0.300 build=0.000 cost=0.000 div=0.000 prox=0.000 prov=0.000 preq=0.000 pres=0.000 sale=0.000 mtax=0.000 chain=0.000 daily=0.000 nov=0.000 mile=0.000 surv=-1.203 idle=0.000 gover=0.000 | nw=1.49741e+06 pop=28 bases=9 money=4388 credit=125020 day=202 | food=200 water=0 coal=0 home=510 free=28 roads=4
  ACTION: 25 (BUILD:SuperHouse price=971000 need_earth=1) | money=4388 pop=28 free=28
  BUILD FAILED: SuperHouse (no cell or error)
STEP 197 | BUILD:SuperHouse | total=-11.537 err=-1.000 tax=0.000 taxb=0.300 build=0.000 cost=0.000 div=0.000 prox=0.000 prov=0.000 preq=0.000 pres=0.000 sale=0.000 mtax=0.000 chain=0.000 daily=0.000 nov=0.000 mile=0.000 surv=-1.211 idle=-10.000 gover=0.000 | nw=1.49715e+06 pop=29 bases=9 money=4388 credit=125270 day=203 | food=200 water=0 coal=0 home=510 free=29 roads=4
  ACTION: 39 | money=4388 pop=29 free=29
STEP 198 | MGR:unpreserve | total=-2.527 err=-1.000 tax=0.000 taxb=0.300 build=0.000 cost=0.000 div=0.000 prox=0.000 prov=0.000 preq=0.000 pres=0.000 sale=0.000 mtax=0.000 chain=0.000 daily=0.000 nov=0.000 mile=0.000 surv=-1.200 idle=0.000 gover=0.000 | nw=1.49689e+06 pop=29 bases=9 money=4388 credit=125520 day=204 | food=200 water=0 coal=0 home=510 free=29 roads=4
  ACTION: 11 (BUILD:HydroStation price=92214 need_earth=2) | money=4388 pop=29 free=29
  BUILD FAILED: HydroStation (no cell or error)
STEP 199 | BUILD:HydroStation | total=-22.540 err=-1.000 tax=0.000 taxb=0.300 build=0.000 cost=0.000 div=0.000 prox=0.000 prov=0.000 preq=0.000 pres=0.000 sale=0.000 mtax=0.000 chain=0.000 daily=0.000 nov=0.000 mile=0.000 surv=-1.211 idle=0.000 gover=0.000 | nw=1.49663e+06 pop=28 bases=9 money=4388 credit=125771 day=205 | food=200 water=0 coal=0 home=510 free=28 roads=4
  ACTION: 17 (BUILD:HuntingLand price=16985 need_earth=3) | money=4388 pop=28 free=28
  BUILD FAILED: HuntingLand (no cell or error)
STEP 200 | BUILD:HuntingLand | total=-12.543 err=-1.000 tax=0.000 taxb=0.300 build=0.000 cost=0.000 div=0.000 prox=0.000 prov=0.000 preq=0.000 pres=0.000 sale=0.000 mtax=0.000 chain=0.000 daily=0.000 nov=0.000 mile=0.000 surv=-1.213 idle=-10.000 gover=0.000 | nw=1.49636e+06 pop=28 bases=9 money=4388 credit=126022 day=206 | food=200 water=0 coal=0 home=510 free=28 roads=4
  BUILDINGS: City(0d) BigHouse(0d) BigHouse(0d) Road(0d) House(0d) Farm(0d) Road(0d) Road(0d) Road(0d) 
  ACTION: 14 (BUILD:SmallHouse price=5900 need_earth=10) | money=4388 pop=28 free=28
  BUILD FAILED: SmallHouse (no cell or error)
STEP 201 | BUILD:SmallHouse | total=-2.544 err=-1.000 tax=0.000 taxb=0.300 build=0.000 cost=0.000 div=0.000 prox=0.000 prov=0.000 preq=0.000 pres=0.000 sale=0.000 mtax=0.000 chain=0.000 daily=0.000 nov=0.000 mile=0.000 surv=-1.213 idle=0.000 gover=0.000 | nw=1.4961e+06 pop=28 bases=9 money=4388 credit=126274 day=207 | food=200 water=0 coal=0 home=510 free=28 roads=4
  ACTION: 41 | money=4388 pop=28 free=28
STEP 202 | MGR:buy_food | total=-2.551 err=0.000 tax=0.000 taxb=0.300 build=0.000 cost=0.000 div=0.000 prox=0.000 prov=0.000 preq=0.000 pres=0.000 sale=0.000 mtax=0.000 chain=0.000 daily=0.000 nov=0.000 mile=0.000 surv=-2.218 idle=0.000 gover=0.000 | nw=1.49564e+06 pop=28 bases=9 money=3988 credit=126526 day=208 | food=400 water=0 coal=0 home=510 free=28 roads=4
  ACTION: 6 (BUILD:Coalmine price=25471 need_earth=4) | money=3988 pop=28 free=28
  BUILD FAILED: Coalmine (no cell or error)
STEP 203 | BUILD:Coalmine | total=-12.569 err=-1.000 tax=0.000 taxb=0.300 build=0.000 cost=0.000 div=0.000 prox=0.000 prov=0.000 preq=0.000 pres=0.000 sale=0.000 mtax=0.000 chain=0.000 daily=0.000 nov=0.000 mile=0.000 surv=-1.235 idle=-10.000 gover=0.000 | nw=1.49537e+06 pop=28 bases=9 money=3988 credit=126779 day=209 | food=400 water=0 coal=0 home=510 free=28 roads=4
  ACTION: 34 | money=3988 pop=28 free=28
STEP 204 | MGR:improve | total=-2.559 err=-1.000 tax=0.000 taxb=0.300 build=0.000 cost=0.000 div=0.000 prox=0.000 prov=0.000 preq=0.000 pres=0.000 sale=0.000 mtax=0.000 chain=0.000 daily=0.000 nov=0.000 mile=0.000 surv=-1.223 idle=0.000 gover=0.000 | nw=1.49511e+06 pop=28 bases=9 money=3988 credit=127032 day=210 | food=400 water=0 coal=0 home=510 free=28 roads=4
  ACTION: 16 (BUILD:CoalCut price=48300 need_earth=4) | money=3988 pop=28 free=28
  BUILD FAILED: CoalCut (no cell or error)
STEP 205 | BUILD:CoalCut | total=-2.573 err=-1.000 tax=0.000 taxb=0.300 build=0.000 cost=0.000 div=0.000 prox=0.000 prov=0.000 preq=0.000 pres=0.000 sale=0.000 mtax=0.000 chain=0.000 daily=0.000 nov=0.000 mile=0.000 surv=-1.237 idle=0.000 gover=0.000 | nw=1.49484e+06 pop=28 bases=9 money=3988 credit=127286 day=211 | food=400 water=0 coal=0 home=510 free=28 roads=4
  ACTION: 3 (BUILD:Garden price=7640 need_earth=10) | money=3988 pop=28 free=28
  BUILD FAILED: Garden (no cell or error)
STEP 206 | BUILD:Garden | total=-12.558 err=-1.000 tax=0.000 taxb=0.300 build=0.000 cost=0.000 div=0.000 prox=0.000 prov=0.000 preq=0.000 pres=0.000 sale=0.000 mtax=0.000 chain=0.000 daily=0.000 nov=0.000 mile=0.000 surv=-1.220 idle=-10.000 gover=0.000 | nw=1.49458e+06 pop=28 bases=9 money=3988 credit=127540 day=212 | food=400 water=0 coal=0 home=510 free=28 roads=4
  ACTION: 15 (BUILD:Fish price=30202 need_earth=2) | money=3988 pop=28 free=28
  BUILD FAILED: Fish (no cell or error)
STEP 207 | BUILD:Fish | total=-2.572 err=-1.000 tax=0.000 taxb=0.300 build=0.000 cost=0.000 div=0.000 prox=0.000 prov=0.000 preq=0.000 pres=0.000 sale=0.000 mtax=0.000 chain=0.000 daily=0.000 nov=0.000 mile=0.000 surv=-1.233 idle=0.000 gover=0.000 | nw=1.49431e+06 pop=28 bases=9 money=3988 credit=127795 day=213 | food=400 water=0 coal=0 home=510 free=28 roads=4
  ACTION: 43 | money=3988 pop=28 free=28
STEP 208 | MGR:credit_give | total=-2.576 err=-1.000 tax=0.000 taxb=0.300 build=0.000 cost=0.000 div=0.000 prox=0.000 prov=0.000 preq=0.000 pres=0.000 sale=0.000 mtax=0.000 chain=0.000 daily=0.000 nov=0.000 mile=0.000 surv=-1.236 idle=0.000 gover=0.000 | nw=1.49404e+06 pop=28 bases=9 money=3988 credit=128050 day=214 | food=400 water=0 coal=0 home=510 free=28 roads=4
  ACTION: 34 | money=3988 pop=28 free=28
STEP 209 | MGR:improve | total=-12.591 err=-1.000 tax=0.000 taxb=0.300 build=0.000 cost=0.000 div=0.000 prox=0.000 prov=0.000 preq=0.000 pres=0.000 sale=0.000 mtax=0.000 chain=0.000 daily=0.000 nov=0.000 mile=0.000 surv=-1.250 idle=-10.000 gover=0.000 | nw=1.49377e+06 pop=28 bases=9 money=3988 credit=128306 day=215 | food=400 water=0 coal=0 home=510 free=28 roads=4
  ACTION: 33 (BUILD:AtomStation price=120000000 need_earth=2) | money=3988 pop=28 free=28
  BUILD FAILED: AtomStation (no cell or error)
STEP 210 | BUILD:AtomStation | total=-2.584 err=-1.000 tax=0.000 taxb=0.300 build=0.000 cost=0.000 div=0.000 prox=0.000 prov=0.000 preq=0.000 pres=0.000 sale=0.000 mtax=0.000 chain=0.000 daily=0.000 nov=0.000 mile=0.000 surv=-1.241 idle=0.000 gover=0.000 | nw=1.4935e+06 pop=28 bases=9 money=3988 credit=128562 day=216 | food=400 water=0 coal=0 home=510 free=28 roads=4
  ACTION: 9 (BUILD:Goldmine price=77000 need_earth=7) | money=3988 pop=28 free=28
  BUILD FAILED: Goldmine (no cell or error)
STEP 211 | BUILD:Goldmine | total=-2.587 err=-1.000 tax=0.000 taxb=0.300 build=0.000 cost=0.000 div=0.000 prox=0.000 prov=0.000 preq=0.000 pres=0.000 sale=0.000 mtax=0.000 chain=0.000 daily=0.000 nov=0.000 mile=0.000 surv=-1.243 idle=0.000 gover=0.000 | nw=1.49323e+06 pop=28 bases=9 money=3988 credit=128819 day=217 | food=400 water=0 coal=0 home=510 free=28 roads=4
  ACTION: 39 | money=3988 pop=28 free=28
STEP 212 | MGR:unpreserve | total=-12.597 err=-1.000 tax=0.000 taxb=0.300 build=0.000 cost=0.000 div=0.000 prox=0.000 prov=0.000 preq=0.000 pres=0.000 sale=0.000 mtax=0.000 chain=0.000 daily=0.000 nov=0.000 mile=0.000 surv=-1.252 idle=-10.000 gover=0.000 | nw=1.49296e+06 pop=28 bases=9 money=3988 credit=129076 day=218 | food=400 water=0 coal=0 home=510 free=28 roads=4
  ACTION: 2 (BUILD:Farm price=19814 need_earth=10) | money=3988 pop=28 free=28
  BUILD FAILED: Farm (no cell or error)
STEP 213 | BUILD:Farm | total=-2.598 err=-1.000 tax=0.000 taxb=0.300 build=0.000 cost=0.000 div=0.000 prox=0.000 prov=0.000 preq=0.000 pres=0.000 sale=0.000 mtax=0.000 chain=0.000 daily=0.000 nov=0.000 mile=0.000 surv=-1.251 idle=0.000 gover=0.000 | nw=1.49269e+06 pop=28 bases=9 money=3988 credit=129334 day=219 | food=400 water=0 coal=0 home=510 free=28 roads=4
  ACTION: 36 | money=3988 pop=28 free=28
STEP 214 | MGR:restore_all | total=-0.512 err=0.000 tax=0.000 taxb=0.300 build=0.000 cost=0.000 div=0.000 prox=0.000 prov=0.000 preq=0.000 pres=0.000 sale=0.000 mtax=0.000 chain=0.000 daily=0.000 nov=0.000 mile=0.000 surv=-0.164 idle=0.000 gover=0.000 | nw=1.49264e+06 pop=28 bases=9 money=3702 credit=129592 day=220 | food=400 water=0 coal=0 home=510 free=28 roads=4
  ACTION: 23 (BUILD:Torchlight price=215000 need_earth=6) | money=3702 pop=28 free=28
  BUILD FAILED: Torchlight (no cell or error)
STEP 215 | BUILD:Torchlight | total=-12.594 err=-1.000 tax=0.000 taxb=0.300 build=0.000 cost=0.000 div=0.000 prox=0.000 prov=0.000 preq=0.000 pres=0.000 sale=0.000 mtax=0.000 chain=0.000 daily=0.000 nov=0.000 mile=0.000 surv=-1.244 idle=-10.000 gover=0.000 | nw=1.49237e+06 pop=28 bases=9 money=3702 credit=129851 day=221 | food=400 water=0 coal=0 home=510 free=28 roads=4
  ACTION: 30 (BUILD:BigIronmine price=2715002 need_earth=5) | money=3702 pop=28 free=28
  BUILD FAILED: BigIronmine (no cell or error)
STEP 216 | BUILD:BigIronmine | total=-2.621 err=-1.000 tax=0.000 taxb=0.300 build=0.000 cost=0.000 div=0.000 prox=0.000 prov=0.000 preq=0.000 pres=0.000 sale=0.000 mtax=0.000 chain=0.000 daily=0.000 nov=0.000 mile=0.000 surv=-1.271 idle=0.000 gover=0.000 | nw=1.4921e+06 pop=28 bases=9 money=3702 credit=130110 day=222 | food=400 water=0 coal=0 home=510 free=28 roads=4
  ACTION: 32 (BUILD:SmallAtomStation price=29000000 need_earth=2) | money=3702 pop=28 free=28
  BUILD FAILED: SmallAtomStation (no cell or error)
STEP 217 | BUILD:SmallAtomStation | total=-2.608 err=-1.000 tax=0.000 taxb=0.300 build=0.000 cost=0.000 div=0.000 prox=0.000 prov=0.000 preq=0.000 pres=0.000 sale=0.000 mtax=0.000 chain=0.000 daily=0.000 nov=0.000 mile=0.000 surv=-1.256 idle=0.000 gover=0.000 | nw=1.49183e+06 pop=28 bases=9 money=3702 credit=130370 day=223 | food=400 water=0 coal=0 home=510 free=28 roads=4
  ACTION: 39 | money=3702 pop=28 free=28
STEP 218 | MGR:unpreserve | total=-12.612 err=-1.000 tax=0.000 taxb=0.300 build=0.000 cost=0.000 div=0.000 prox=0.000 prov=0.000 preq=0.000 pres=0.000 sale=0.000 mtax=0.000 chain=0.000 daily=0.000 nov=0.000 mile=0.000 surv=-1.258 idle=-10.000 gover=0.000 | nw=1.49156e+06 pop=28 bases=9 money=3702 credit=130630 day=224 | food=400 water=0 coal=0 home=510 free=28 roads=4
  ACTION: 9 (BUILD:Goldmine price=77000 need_earth=7) | money=3702 pop=28 free=28
  BUILD FAILED: Goldmine (no cell or error)
STEP 219 | BUILD:Goldmine | total=-2.626 err=-1.000 tax=0.000 taxb=0.300 build=0.000 cost=0.000 div=0.000 prox=0.000 prov=0.000 preq=0.000 pres=0.000 sale=0.000 mtax=0.000 chain=0.000 daily=0.000 nov=0.000 mile=0.000 surv=-1.272 idle=0.000 gover=0.000 | nw=1.49128e+06 pop=28 bases=9 money=3702 credit=130891 day=225 | food=400 water=0 coal=0 home=510 free=28 roads=4
  ACTION: 0 (DAY) | money=3702 pop=28 free=28
STEP 220 | DAY | total=-1.628 err=0.000 tax=0.000 taxb=0.300 build=0.000 cost=0.000 div=0.000 prox=0.000 prov=0.000 preq=0.000 pres=0.000 sale=0.000 mtax=0.000 chain=0.000 daily=0.000 nov=0.000 mile=0.000 surv=-1.272 idle=0.000 gover=0.000 | nw=1.49101e+06 pop=28 bases=9 money=3702 credit=131152 day=226 | food=400 water=0 coal=0 home=510 free=28 roads=4
  ACTION: 6 (BUILD:Coalmine price=25471 need_earth=4) | money=3702 pop=28 free=28
  BUILD FAILED: Coalmine (no cell or error)
STEP 221 | BUILD:Coalmine | total=-12.625 err=-1.000 tax=0.000 taxb=0.300 build=0.000 cost=0.000 div=0.000 prox=0.000 prov=0.000 preq=0.000 pres=0.000 sale=0.000 mtax=0.000 chain=0.000 daily=0.000 nov=0.000 mile=0.000 surv=-1.268 idle=-10.000 gover=0.000 | nw=1.49073e+06 pop=28 bases=9 money=3702 credit=131414 day=227 | food=400 water=0 coal=0 home=510 free=28 roads=4
  ACTION: 21 (BUILD:BigFarm price=380385 need_earth=1) | money=3702 pop=28 free=28
  BUILD FAILED: BigFarm (no cell or error)
STEP 222 | BUILD:BigFarm | total=-2.627 err=-1.000 tax=0.000 taxb=0.300 build=0.000 cost=0.000 div=0.000 prox=0.000 prov=0.000 preq=0.000 pres=0.000 sale=0.000 mtax=0.000 chain=0.000 daily=0.000 nov=0.000 mile=0.000 surv=-1.268 idle=0.000 gover=0.000 | nw=1.49046e+06 pop=28 bases=9 money=3702 credit=131676 day=228 | food=400 water=0 coal=0 home=510 free=28 roads=4
  ACTION: 6 (BUILD:Coalmine price=25471 need_earth=4) | money=3702 pop=28 free=28
  BUILD FAILED: Coalmine (no cell or error)
STEP 223 | BUILD:Coalmine | total=-2.627 err=-1.000 tax=0.000 taxb=0.300 build=0.000 cost=0.000 div=0.000 prox=0.000 prov=0.000 preq=0.000 pres=0.000 sale=0.000 mtax=0.000 chain=0.000 daily=0.000 nov=0.000 mile=0.000 surv=-1.267 idle=0.000 gover=0.000 | nw=1.49019e+06 pop=28 bases=9 money=3702 credit=131939 day=229 | food=400 water=0 coal=0 home=510 free=28 roads=4
  ACTION: 12 (BUILD:Road price=400 need_earth=10) | money=3702 pop=28 free=28
STEP 224 | BUILD:Road | total=2.826 err=0.000 tax=0.000 taxb=0.300 build=1.500 cost=-0.040 div=0.000 prox=0.000 prov=0.000 preq=0.000 pres=0.000 sale=0.000 mtax=0.000 chain=0.000 daily=0.000 nov=0.000 mile=3.000 surv=-1.273 idle=0.000 gover=0.000 | nw=1.48991e+06 pop=28 bases=10 money=3302 credit=132202 day=230 | food=400 water=0 coal=0 home=510 free=28 roads=5
  ACTION: 6 (BUILD:Coalmine price=25471 need_earth=4) | money=3302 pop=28 free=28
  BUILD FAILED: Coalmine (no cell or error)
STEP 225 | BUILD:Coalmine | total=-2.641 err=-1.000 tax=0.000 taxb=0.300 build=0.000 cost=0.000 div=0.000 prox=0.000 prov=0.000 preq=0.000 pres=0.000 sale=0.000 mtax=0.000 chain=0.000 daily=0.000 nov=0.000 mile=0.000 surv=-1.278 idle=0.000 gover=0.000 | nw=1.48964e+06 pop=28 bases=10 money=3302 credit=132466 day=231 | food=400 water=0 coal=0 home=510 free=28 roads=5
  ACTION: 34 | money=3302 pop=28 free=28
STEP 226 | MGR:improve | total=-12.643 err=-1.000 tax=0.000 taxb=0.300 build=0.000 cost=0.000 div=0.000 prox=0.000 prov=0.000 preq=0.000 pres=0.000 sale=0.000 mtax=0.000 chain=0.000 daily=0.000 nov=0.000 mile=0.000 surv=-1.279 idle=-10.000 gover=0.000 | nw=1.48936e+06 pop=28 bases=10 money=3302 credit=132730 day=232 | food=400 water=0 coal=0 home=510 free=28 roads=5
  ACTION: 38 | money=3302 pop=28 free=28
STEP 227 | MGR:preserve | total=1.352 err=0.000 tax=0.000 taxb=0.300 build=0.000 cost=0.000 div=0.000 prox=0.000 prov=0.000 preq=0.000 pres=3.000 sale=0.000 mtax=0.000 chain=0.000 daily=0.000 nov=0.000 mile=0.000 surv=-1.283 idle=0.000 gover=0.000 | nw=1.48908e+06 pop=28 bases=10 money=3302 credit=132995 day=233 | food=400 water=0 coal=0 home=510 free=28 roads=5
  ACTION: 25 (BUILD:SuperHouse price=971000 need_earth=1) | money=3302 pop=28 free=28
  BUILD FAILED: SuperHouse (no cell or error)
STEP 228 | BUILD:SuperHouse | total=-2.659 err=-1.000 tax=0.000 taxb=0.300 build=0.000 cost=0.000 div=0.000 prox=0.000 prov=0.000 preq=0.000 pres=0.000 sale=0.000 mtax=0.000 chain=0.000 daily=0.000 nov=0.000 mile=0.000 surv=-1.292 idle=0.000 gover=0.000 | nw=1.4888e+06 pop=28 bases=10 money=3302 credit=133260 day=234 | food=400 water=0 coal=0 home=510 free=28 roads=5
  ACTION: 11 (BUILD:HydroStation price=92214 need_earth=2) | money=3302 pop=28 free=28
  BUILD FAILED: HydroStation (no cell or error)
STEP 229 | BUILD:HydroStation | total=-12.656 err=-1.000 tax=0.000 taxb=0.300 build=0.000 cost=0.000 div=0.000 prox=0.000 prov=0.000 preq=0.000 pres=0.000 sale=0.000 mtax=0.000 chain=0.000 daily=0.000 nov=0.000 mile=0.000 surv=-1.288 idle=-10.000 gover=0.000 | nw=1.48853e+06 pop=28 bases=10 money=3302 credit=133526 day=235 | food=400 water=0 coal=0 home=510 free=28 roads=5
  ACTION: 13 (BUILD:House price=14038 need_earth=1) | money=3302 pop=28 free=28
  BUILD FAILED: House (no cell or error)
STEP 230 | BUILD:House | total=-2.662 err=-1.000 tax=0.000 taxb=0.300 build=0.000 cost=0.000 div=0.000 prox=0.000 prov=0.000 preq=0.000 pres=0.000 sale=0.000 mtax=0.000 chain=0.000 daily=0.000 nov=0.000 mile=0.000 surv=-1.293 idle=0.000 gover=0.000 | nw=1.48825e+06 pop=28 bases=10 money=3302 credit=133793 day=236 | food=400 water=0 coal=0 home=510 free=28 roads=5
  ACTION: 33 (BUILD:AtomStation price=120000000 need_earth=2) | money=3302 pop=28 free=28
  BUILD FAILED: AtomStation (no cell or error)
STEP 231 | BUILD:AtomStation | total=-2.661 err=-1.000 tax=0.000 taxb=0.300 build=0.000 cost=0.000 div=0.000 prox=0.000 prov=0.000 preq=0.000 pres=0.000 sale=0.000 mtax=0.000 chain=0.000 daily=0.000 nov=0.000 mile=0.000 surv=-1.291 idle=0.000 gover=0.000 | nw=1.48797e+06 pop=28 bases=10 money=3302 credit=134060 day=237 | food=400 water=0 coal=0 home=510 free=28 roads=5
  ACTION: 26 (BUILD:BigSawmill price=620900 need_earth=3) | money=3302 pop=28 free=28
  BUILD FAILED: BigSawmill (no cell or error)
STEP 232 | BUILD:BigSawmill | total=-12.676 err=-1.000 tax=0.000 taxb=0.300 build=0.000 cost=0.000 div=0.000 prox=0.000 prov=0.000 preq=0.000 pres=0.000 sale=0.000 mtax=0.000 chain=0.000 daily=0.000 nov=0.000 mile=0.000 surv=-1.305 idle=-10.000 gover=0.000 | nw=1.48769e+06 pop=28 bases=10 money=3302 credit=134328 day=238 | food=400 water=0 coal=0 home=510 free=28 roads=5
  ACTION: 22 (BUILD:Apiary price=9385 need_earth=10) | money=3302 pop=28 free=28
  BUILD FAILED: Apiary (no cell or error)
STEP 233 | BUILD:Apiary | total=-2.671 err=-1.000 tax=0.000 taxb=0.300 build=0.000 cost=0.000 div=0.000 prox=0.000 prov=0.000 preq=0.000 pres=0.000 sale=0.000 mtax=0.000 chain=0.000 daily=0.000 nov=0.000 mile=0.000 surv=-1.298 idle=0.000 gover=0.000 | nw=1.48741e+06 pop=28 bases=10 money=3302 credit=134596 day=239 | food=400 water=0 coal=0 home=510 free=28 roads=5
  ACTION: 43 | money=3302 pop=28 free=28
STEP 234 | MGR:credit_give | total=-2.687 err=-1.000 tax=0.000 taxb=0.300 build=0.000 cost=0.000 div=0.000 prox=0.000 prov=0.000 preq=0.000 pres=0.000 sale=0.000 mtax=0.000 chain=0.000 daily=0.000 nov=0.000 mile=0.000 surv=-1.312 idle=0.000 gover=0.000 | nw=1.48713e+06 pop=28 bases=10 money=3302 credit=134865 day=240 | food=400 water=0 coal=0 home=510 free=28 roads=5
  ACTION: 31 (BUILD:AirStation price=23790 need_earth=10) | money=3302 pop=28 free=28
  BUILD FAILED: AirStation (no cell or error)
STEP 235 | BUILD:AirStation | total=-12.679 err=-1.000 tax=0.000 taxb=0.300 build=0.000 cost=0.000 div=0.000 prox=0.000 prov=0.000 preq=0.000 pres=0.000 sale=0.000 mtax=0.000 chain=0.000 daily=0.000 nov=0.000 mile=0.000 surv=-1.303 idle=-10.000 gover=0.000 | nw=1.48685e+06 pop=28 bases=10 money=3302 credit=135134 day=241 | food=400 water=0 coal=0 home=510 free=28 roads=5
  ACTION: 8 (BUILD:Refinery price=82684 need_earth=6) | money=3302 pop=28 free=28
  BUILD FAILED: Refinery (no cell or error)
STEP 236 | BUILD:Refinery | total=-2.683 err=-1.000 tax=0.000 taxb=0.300 build=0.000 cost=0.000 div=0.000 prox=0.000 prov=0.000 preq=0.000 pres=0.000 sale=0.000 mtax=0.000 chain=0.000 daily=0.000 nov=0.000 mile=0.000 surv=-1.306 idle=0.000 gover=0.000 | nw=1.48656e+06 pop=28 bases=10 money=3302 credit=135404 day=242 | food=400 water=0 coal=0 home=510 free=28 roads=5
  ACTION: 28 (BUILD:BigRefinary price=3999149 need_earth=6) | money=3302 pop=28 free=28
  BUILD FAILED: BigRefinary (no cell or error)
STEP 237 | BUILD:BigRefinary | total=-2.687 err=-1.000 tax=0.000 taxb=0.300 build=0.000 cost=0.000 div=0.000 prox=0.000 prov=0.000 preq=0.000 pres=0.000 sale=0.000 mtax=0.000 chain=0.000 daily=0.000 nov=0.000 mile=0.000 surv=-1.308 idle=0.000 gover=0.000 | nw=1.48628e+06 pop=28 bases=10 money=3302 credit=135674 day=243 | food=400 water=0 coal=0 home=510 free=28 roads=5
  ACTION: 36 | money=3302 pop=28 free=28
STEP 238 | MGR:restore_all | total=-11.121 err=0.000 tax=0.000 taxb=0.300 build=0.000 cost=0.000 div=0.000 prox=0.000 prov=0.000 preq=0.000 pres=0.000 sale=0.000 mtax=0.000 chain=0.000 daily=0.000 nov=0.000 mile=0.000 surv=-0.742 idle=-10.000 gover=0.000 | nw=1.48611e+06 pop=28 bases=10 money=3153 credit=135945 day=244 | food=400 water=0 coal=0 home=510 free=28 roads=5
  ACTION: 3 (BUILD:Garden price=7640 need_earth=10) | money=3153 pop=28 free=28
  BUILD FAILED: Garden (no cell or error)
STEP 239 | BUILD:Garden | total=-2.686 err=-1.000 tax=0.000 taxb=0.300 build=0.000 cost=0.000 div=0.000 prox=0.000 prov=0.000 preq=0.000 pres=0.000 sale=0.000 mtax=0.000 chain=0.000 daily=0.000 nov=0.000 mile=0.000 surv=-1.305 idle=0.000 gover=0.000 | nw=1.48583e+06 pop=28 bases=10 money=3153 credit=136216 day=245 | food=400 water=0 coal=0 home=510 free=28 roads=5
  ACTION: 35 | money=3153 pop=28 free=28
STEP 240 | MGR:repair | total=-1.688 err=0.000 tax=0.000 taxb=0.300 build=0.000 cost=0.000 div=0.000 prox=0.000 prov=0.000 preq=0.000 pres=0.000 sale=0.000 mtax=0.000 chain=0.000 daily=0.000 nov=0.000 mile=0.000 surv=-1.305 idle=0.000 gover=0.000 | nw=1.48555e+06 pop=28 bases=10 money=3150 credit=136488 day=246 | food=400 water=0 coal=0 home=510 free=28 roads=5
  ACTION: 23 (BUILD:Torchlight price=215000 need_earth=6) | money=3150 pop=28 free=28
  BUILD FAILED: Torchlight (no cell or error)
STEP 241 | BUILD:Torchlight | total=-12.714 err=-1.000 tax=0.000 taxb=0.300 build=0.000 cost=0.000 div=0.000 prox=0.000 prov=0.000 preq=0.000 pres=0.000 sale=0.000 mtax=0.000 chain=0.000 daily=0.000 nov=0.000 mile=0.000 surv=-1.330 idle=-10.000 gover=0.000 | nw=1.48527e+06 pop=28 bases=10 money=3150 credit=136760 day=247 | food=400 water=0 coal=0 home=510 free=28 roads=5
  ACTION: 19 (BUILD:Mushroom price=12164 need_earth=3) | money=3150 pop=28 free=28
  BUILD FAILED: Mushroom (no cell or error)
STEP 242 | BUILD:Mushroom | total=-2.718 err=-1.000 tax=0.000 taxb=0.300 build=0.000 cost=0.000 div=0.000 prox=0.000 prov=0.000 preq=0.000 pres=0.000 sale=0.000 mtax=0.000 chain=0.000 daily=0.000 nov=0.000 mile=0.000 surv=-1.332 idle=0.000 gover=0.000 | nw=1.48498e+06 pop=28 bases=10 money=3150 credit=137033 day=248 | food=400 water=0 coal=0 home=510 free=28 roads=5
  ACTION: 21 (BUILD:BigFarm price=380385 need_earth=1) | money=3150 pop=28 free=28
  BUILD FAILED: BigFarm (no cell or error)
STEP 243 | BUILD:BigFarm | total=-2.718 err=-1.000 tax=0.000 taxb=0.300 build=0.000 cost=0.000 div=0.000 prox=0.000 prov=0.000 preq=0.000 pres=0.000 sale=0.000 mtax=0.000 chain=0.000 daily=0.000 nov=0.000 mile=0.000 surv=-1.331 idle=0.000 gover=0.000 | nw=1.48469e+06 pop=28 bases=10 money=3150 credit=137307 day=249 | food=400 water=0 coal=0 home=510 free=28 roads=5
  ACTION: 36 | money=3150 pop=28 free=28
STEP 244 | MGR:restore_all | total=-11.593 err=0.000 tax=0.000 taxb=0.300 build=0.000 cost=0.000 div=0.000 prox=0.000 prov=0.000 preq=0.000 pres=0.000 sale=0.000 mtax=0.000 chain=0.000 daily=0.000 nov=0.000 mile=0.000 surv=-1.205 idle=-10.000 gover=0.000 | nw=1.48443e+06 pop=28 bases=10 money=3116 credit=137581 day=250 | food=400 water=0 coal=0 home=510 free=28 roads=5
  ACTION: 22 (BUILD:Apiary price=9385 need_earth=10) | money=3116 pop=28 free=28
  BUILD FAILED: Apiary (no cell or error)
STEP 245 | BUILD:Apiary | total=-2.723 err=-1.000 tax=0.000 taxb=0.300 build=0.000 cost=0.000 div=0.000 prox=0.000 prov=0.000 preq=0.000 pres=0.000 sale=0.000 mtax=0.000 chain=0.000 daily=0.000 nov=0.000 mile=0.000 surv=-1.333 idle=0.000 gover=0.000 | nw=1.48415e+06 pop=28 bases=10 money=3116 credit=137856 day=251 | food=400 water=0 coal=0 home=510 free=28 roads=5
  ACTION: 40 | money=3116 pop=28 free=28
STEP 246 | MGR:sell | total=-1.504 err=0.000 tax=0.000 taxb=0.300 build=0.000 cost=0.000 div=0.000 prox=0.000 prov=0.000 preq=0.000 pres=0.000 sale=0.220 mtax=0.000 chain=0.000 daily=0.000 nov=0.000 mile=0.000 surv=-1.333 idle=0.000 gover=0.000 | nw=1.48386e+06 pop=28 bases=10 money=3316 credit=138131 day=252 | food=200 water=0 coal=0 home=510 free=28 roads=5
  ACTION: 24 (BUILD:Hothouse price=16590 need_earth=10) | money=3316 pop=28 free=28
  BUILD FAILED: Hothouse (no cell or error)
STEP 247 | BUILD:Hothouse | total=-12.722 err=-1.000 tax=0.000 taxb=0.300 build=0.000 cost=0.000 div=0.000 prox=0.000 prov=0.000 preq=0.000 pres=0.000 sale=0.000 mtax=0.000 chain=0.000 daily=0.000 nov=0.000 mile=0.000 surv=-1.330 idle=-10.000 gover=0.000 | nw=1.48357e+06 pop=28 bases=10 money=3316 credit=138407 day=253 | food=200 water=0 coal=0 home=510 free=28 roads=5
  ACTION: 13 (BUILD:House price=14038 need_earth=1) | money=3316 pop=28 free=28
  BUILD FAILED: House (no cell or error)
STEP 248 | BUILD:House | total=-2.734 err=-1.000 tax=0.000 taxb=0.300 build=0.000 cost=0.000 div=0.000 prox=0.000 prov=0.000 preq=0.000 pres=0.000 sale=0.000 mtax=0.000 chain=0.000 daily=0.000 nov=0.000 mile=0.000 surv=-1.341 idle=0.000 gover=0.000 | nw=1.48329e+06 pop=28 bases=10 money=3316 credit=138683 day=254 | food=200 water=0 coal=0 home=510 free=28 roads=5
  ACTION: 14 (BUILD:SmallHouse price=5900 need_earth=10) | money=3316 pop=28 free=28
  BUILD FAILED: SmallHouse (no cell or error)
STEP 249 | BUILD:SmallHouse | total=-2.747 err=-1.000 tax=0.000 taxb=0.300 build=0.000 cost=0.000 div=0.000 prox=0.000 prov=0.000 preq=0.000 pres=0.000 sale=0.000 mtax=0.000 chain=0.000 daily=0.000 nov=0.000 mile=0.000 surv=-1.352 idle=0.000 gover=0.000 | nw=1.483e+06 pop=28 bases=10 money=3316 credit=138960 day=255 | food=200 water=0 coal=0 home=510 free=28 roads=5
  ACTION: 15 (BUILD:Fish price=30202 need_earth=2) | money=3316 pop=28 free=28
  BUILD FAILED: Fish (no cell or error)
STEP 250 | BUILD:Fish | total=-12.740 err=-1.000 tax=0.000 taxb=0.300 build=0.000 cost=0.000 div=0.000 prox=0.000 prov=0.000 preq=0.000 pres=0.000 sale=0.000 mtax=0.000 chain=0.000 daily=0.000 nov=0.000 mile=0.000 surv=-1.343 idle=-10.000 gover=0.000 | nw=1.48271e+06 pop=28 bases=10 money=3316 credit=139237 day=256 | food=200 water=0 coal=0 home=510 free=28 roads=5
  ACTION: 20 (BUILD:BigHouse price=66400 need_earth=1) | money=3316 pop=28 free=28
  BUILD FAILED: BigHouse (no cell or error)
STEP 251 | BUILD:BigHouse | total=-2.746 err=-1.000 tax=0.000 taxb=0.300 build=0.000 cost=0.000 div=0.000 prox=0.000 prov=0.000 preq=0.000 pres=0.000 sale=0.000 mtax=0.000 chain=0.000 daily=0.000 nov=0.000 mile=0.000 surv=-1.348 idle=0.000 gover=0.000 | nw=1.48242e+06 pop=28 bases=10 money=3316 credit=139515 day=257 | food=200 water=0 coal=0 home=510 free=28 roads=5
  ACTION: 29 (BUILD:Puerperal price=37105 need_earth=10) | money=3316 pop=28 free=28
  BUILD FAILED: Puerperal (no cell or error)
STEP 252 | BUILD:Puerperal | total=-2.752 err=-1.000 tax=0.000 taxb=0.300 build=0.000 cost=0.000 div=0.000 prox=0.000 prov=0.000 preq=0.000 pres=0.000 sale=0.000 mtax=0.000 chain=0.000 daily=0.000 nov=0.000 mile=0.000 surv=-1.353 idle=0.000 gover=0.000 | nw=1.48213e+06 pop=28 bases=10 money=3316 credit=139794 day=258 | food=200 water=0 coal=0 home=510 free=28 roads=5
  ACTION: 23 (BUILD:Torchlight price=215000 need_earth=6) | money=3316 pop=28 free=28
  BUILD FAILED: Torchlight (no cell or error)
STEP 253 | BUILD:Torchlight | total=-12.754 err=-1.000 tax=0.000 taxb=0.300 build=0.000 cost=0.000 div=0.000 prox=0.000 prov=0.000 preq=0.000 pres=0.000 sale=0.000 mtax=0.000 chain=0.000 daily=0.000 nov=0.000 mile=0.000 surv=-1.353 idle=-10.000 gover=0.000 | nw=1.48184e+06 pop=28 bases=10 money=3316 credit=140073 day=259 | food=200 water=0 coal=0 home=510 free=28 roads=5
  ACTION: 44 | money=3316 pop=28 free=28
STEP 254 | MGR:manual_tax | total=-1.260 err=0.000 tax=0.000 taxb=0.300 build=0.000 cost=0.000 div=0.000 prox=0.000 prov=0.000 preq=0.000 pres=0.000 sale=0.000 mtax=0.500 chain=0.000 daily=0.000 nov=0.000 mile=0.000 surv=-1.358 idle=0.000 gover=0.000 | nw=1.48154e+06 pop=28 bases=10 money=3316 credit=140353 day=260 | food=200 water=0 coal=0 home=510 free=28 roads=5
  ACTION: 37 | money=3316 pop=28 free=28
STEP 255 | MGR:destroy | total=-90.734 err=0.000 tax=0.000 taxb=0.300 build=0.000 cost=0.000 div=0.000 prox=0.000 prov=0.000 preq=0.000 pres=0.000 sale=0.000 mtax=0.000 chain=0.000 daily=0.000 nov=0.000 mile=0.000 surv=-90.331 idle=0.000 gover=0.000 | nw=1.46346e+06 pop=28 bases=9 money=5297 credit=140633 day=261 | food=200 water=0 coal=0 home=510 free=28 roads=5
  ACTION: 44 | money=5297 pop=28 free=28
STEP 256 | MGR:manual_tax | total=-11.260 err=0.000 tax=0.000 taxb=0.300 build=0.000 cost=0.000 div=0.000 prox=0.000 prov=0.000 preq=0.000 pres=0.000 sale=0.000 mtax=0.500 chain=0.000 daily=0.000 nov=0.000 mile=0.000 surv=-1.355 idle=-10.000 gover=0.000 | nw=1.46317e+06 pop=28 bases=9 money=5297 credit=140914 day=262 | food=200 water=0 coal=0 home=510 free=28 roads=5
  ACTION: 23 (BUILD:Torchlight price=215000 need_earth=6) | money=5297 pop=28 free=28
  BUILD FAILED: Torchlight (no cell or error)
STEP 257 | BUILD:Torchlight | total=-2.761 err=-1.000 tax=0.000 taxb=0.300 build=0.000 cost=0.000 div=0.000 prox=0.000 prov=0.000 preq=0.000 pres=0.000 sale=0.000 mtax=0.000 chain=0.000 daily=0.000 nov=0.000 mile=0.000 surv=-1.355 idle=0.000 gover=0.000 | nw=1.46288e+06 pop=28 bases=9 money=5297 credit=141195 day=263 | food=200 water=0 coal=0 home=510 free=28 roads=5
  ACTION: 33 (BUILD:AtomStation price=120000000 need_earth=2) | money=5297 pop=28 free=28
  BUILD FAILED: AtomStation (no cell or error)
STEP 258 | BUILD:AtomStation | total=-2.750 err=-1.000 tax=0.000 taxb=0.300 build=0.000 cost=0.000 div=0.000 prox=0.000 prov=0.000 preq=0.000 pres=0.000 sale=0.000 mtax=0.000 chain=0.000 daily=0.000 nov=0.000 mile=0.000 surv=-1.342 idle=0.000 gover=0.000 | nw=1.46259e+06 pop=28 bases=9 money=5297 credit=141477 day=264 | food=200 water=0 coal=0 home=510 free=28 roads=5
  ACTION: 11 (BUILD:HydroStation price=92214 need_earth=2) | money=5297 pop=28 free=28
  BUILD FAILED: HydroStation (no cell or error)
STEP 259 | BUILD:HydroStation | total=-12.760 err=-1.000 tax=0.000 taxb=0.300 build=0.000 cost=0.000 div=0.000 prox=0.000 prov=0.000 preq=0.000 pres=0.000 sale=0.000 mtax=0.000 chain=0.000 daily=0.000 nov=0.000 mile=0.000 surv=-1.351 idle=-10.000 gover=0.000 | nw=1.4623e+06 pop=28 bases=9 money=5297 credit=141759 day=265 | food=200 water=0 coal=0 home=510 free=28 roads=5
  ACTION: 34 | money=5297 pop=28 free=28
STEP 260 | MGR:improve | total=-2.769 err=-1.000 tax=0.000 taxb=0.300 build=0.000 cost=0.000 div=0.000 prox=0.000 prov=0.000 preq=0.000 pres=0.000 sale=0.000 mtax=0.000 chain=0.000 daily=0.000 nov=0.000 mile=0.000 surv=-1.359 idle=0.000 gover=0.000 | nw=1.46201e+06 pop=28 bases=9 money=5297 credit=142042 day=266 | food=200 water=0 coal=0 home=510 free=28 roads=5
  ACTION: 43 | money=5297 pop=28 free=28
STEP 261 | MGR:credit_give | total=-2.785 err=-1.000 tax=0.000 taxb=0.300 build=0.000 cost=0.000 div=0.000 prox=0.000 prov=0.000 preq=0.000 pres=0.000 sale=0.000 mtax=0.000 chain=0.000 daily=0.000 nov=0.000 mile=0.000 surv=-1.373 idle=0.000 gover=0.000 | nw=1.46171e+06 pop=28 bases=9 money=5297 credit=142326 day=267 | food=200 water=0 coal=0 home=510 free=28 roads=5
  ACTION: 27 (BUILD:WaterMill price=2900197 need_earth=2) | money=5297 pop=28 free=28
  BUILD FAILED: WaterMill (no cell or error)
STEP 262 | BUILD:WaterMill | total=-12.774 err=-1.000 tax=0.000 taxb=0.300 build=0.000 cost=0.000 div=0.000 prox=0.000 prov=0.000 preq=0.000 pres=0.000 sale=0.000 mtax=0.000 chain=0.000 daily=0.000 nov=0.000 mile=0.000 surv=-1.361 idle=-10.000 gover=0.000 | nw=1.46142e+06 pop=28 bases=9 money=5297 credit=142610 day=268 | food=200 water=0 coal=0 home=510 free=28 roads=5
  ACTION: 24 (BUILD:Hothouse price=16590 need_earth=10) | money=5297 pop=28 free=28
  BUILD FAILED: Hothouse (no cell or error)
STEP 263 | BUILD:Hothouse | total=-2.781 err=-1.000 tax=0.000 taxb=0.300 build=0.000 cost=0.000 div=0.000 prox=0.000 prov=0.000 preq=0.000 pres=0.000 sale=0.000 mtax=0.000 chain=0.000 daily=0.000 nov=0.000 mile=0.000 surv=-1.366 idle=0.000 gover=0.000 | nw=1.46112e+06 pop=28 bases=9 money=5297 credit=142895 day=269 | food=200 water=0 coal=0 home=510 free=28 roads=5
  ACTION: 39 | money=5297 pop=28 free=28
STEP 264 | MGR:unpreserve | total=-2.785 err=-1.000 tax=0.000 taxb=0.300 build=0.000 cost=0.000 div=0.000 prox=0.000 prov=0.000 preq=0.000 pres=0.000 sale=0.000 mtax=0.000 chain=0.000 daily=0.000 nov=0.000 mile=0.000 surv=-1.369 idle=0.000 gover=0.000 | nw=1.46083e+06 pop=28 bases=9 money=5297 credit=143180 day=270 | food=200 water=0 coal=0 home=510 free=28 roads=5
  ACTION: 43 | money=5297 pop=28 free=28
STEP 265 | MGR:credit_give | total=-11.789 err=-1.000 tax=0.000 taxb=0.300 build=0.000 cost=0.000 div=0.000 prox=0.000 prov=0.000 preq=0.000 pres=0.000 sale=0.000 mtax=0.000 chain=0.000 daily=0.000 nov=0.000 mile=0.000 surv=-1.371 idle=-10.000 gover=0.000 | nw=1.46054e+06 pop=29 bases=9 money=5297 credit=143466 day=271 | food=200 water=0 coal=0 home=510 free=29 roads=5
  ACTION: 25 (BUILD:SuperHouse price=971000 need_earth=1) | money=5297 pop=29 free=29
  BUILD FAILED: SuperHouse (no cell or error)
STEP 266 | BUILD:SuperHouse | total=-2.799 err=-1.000 tax=0.000 taxb=0.300 build=0.000 cost=0.000 div=0.000 prox=0.000 prov=0.000 preq=0.000 pres=0.000 sale=0.000 mtax=0.000 chain=0.000 daily=0.000 nov=0.000 mile=0.000 surv=-1.380 idle=0.000 gover=0.000 | nw=1.46024e+06 pop=29 bases=9 money=5297 credit=143752 day=272 | food=200 water=0 coal=0 home=510 free=29 roads=5
  ACTION: 24 (BUILD:Hothouse price=16590 need_earth=10) | money=5297 pop=29 free=29
  BUILD FAILED: Hothouse (no cell or error)
STEP 267 | BUILD:Hothouse | total=-2.799 err=-1.000 tax=0.000 taxb=0.300 build=0.000 cost=0.000 div=0.000 prox=0.000 prov=0.000 preq=0.000 pres=0.000 sale=0.000 mtax=0.000 chain=0.000 daily=0.000 nov=0.000 mile=0.000 surv=-1.379 idle=0.000 gover=0.000 | nw=1.45994e+06 pop=29 bases=9 money=5297 credit=144039 day=273 | food=200 water=0 coal=0 home=510 free=29 roads=5
  ACTION: 20 (BUILD:BigHouse price=66400 need_earth=1) | money=5297 pop=29 free=29
  BUILD FAILED: BigHouse (no cell or error)
STEP 268 | BUILD:BigHouse | total=-12.803 err=-1.000 tax=0.000 taxb=0.300 build=0.000 cost=0.000 div=0.000 prox=0.000 prov=0.000 preq=0.000 pres=0.000 sale=0.000 mtax=0.000 chain=0.000 daily=0.000 nov=0.000 mile=0.000 surv=-1.381 idle=-10.000 gover=0.000 | nw=1.45965e+06 pop=29 bases=9 money=5297 credit=144327 day=274 | food=200 water=0 coal=0 home=510 free=29 roads=5
  ACTION: 11 (BUILD:HydroStation price=92214 need_earth=2) | money=5297 pop=29 free=29
  BUILD FAILED: HydroStation (no cell or error)
STEP 269 | BUILD:HydroStation | total=-2.804 err=-1.000 tax=0.000 taxb=0.300 build=0.000 cost=0.000 div=0.000 prox=0.000 prov=0.000 preq=0.000 pres=0.000 sale=0.000 mtax=0.000 chain=0.000 daily=0.000 nov=0.000 mile=0.000 surv=-1.381 idle=0.000 gover=0.000 | nw=1.45935e+06 pop=29 bases=9 money=5297 credit=144615 day=275 | food=200 water=0 coal=0 home=510 free=29 roads=5
  ACTION: 35 | money=5297 pop=29 free=29
STEP 270 | MGR:repair | total=-2.817 err=-1.000 tax=0.000 taxb=0.300 build=0.000 cost=0.000 div=0.000 prox=0.000 prov=0.000 preq=0.000 pres=0.000 sale=0.000 mtax=0.000 chain=0.000 daily=0.000 nov=0.000 mile=0.000 surv=-1.393 idle=0.000 gover=0.000 | nw=1.45905e+06 pop=29 bases=9 money=5297 credit=144904 day=276 | food=200 water=0 coal=0 home=510 free=29 roads=5
  ACTION: 43 | money=5297 pop=29 free=29
STEP 271 | MGR:credit_give | total=-12.824 err=-1.000 tax=0.000 taxb=0.300 build=0.000 cost=0.000 div=0.000 prox=0.000 prov=0.000 preq=0.000 pres=0.000 sale=0.000 mtax=0.000 chain=0.000 daily=0.000 nov=0.000 mile=0.000 surv=-1.398 idle=-10.000 gover=0.000 | nw=1.45875e+06 pop=29 bases=9 money=5297 credit=145193 day=277 | food=200 water=0 coal=0 home=510 free=29 roads=5
  ACTION: 36 | money=5297 pop=29 free=29
STEP 272 | MGR:restore_all | total=-1.354 err=0.000 tax=0.000 taxb=0.300 build=0.000 cost=0.000 div=0.000 prox=0.000 prov=0.000 preq=0.000 pres=0.000 sale=0.000 mtax=0.000 chain=0.000 daily=0.000 nov=0.000 mile=0.000 surv=-0.927 idle=0.000 gover=0.000 | nw=1.45855e+06 pop=29 bases=9 money=5178 credit=145483 day=278 | food=200 water=0 coal=0 home=510 free=29 roads=5
  ACTION: 15 (BUILD:Fish price=30202 need_earth=2) | money=5178 pop=29 free=29
  BUILD FAILED: Fish (no cell or error)
STEP 273 | BUILD:Fish | total=-2.829 err=-1.000 tax=0.000 taxb=0.300 build=0.000 cost=0.000 div=0.000 prox=0.000 prov=0.000 preq=0.000 pres=0.000 sale=0.000 mtax=0.000 chain=0.000 daily=0.000 nov=0.000 mile=0.000 surv=-1.400 idle=0.000 gover=0.000 | nw=1.45825e+06 pop=29 bases=9 money=5178 credit=145773 day=279 | food=200 water=0 coal=0 home=510 free=29 roads=5
  ACTION: 36 | money=5178 pop=29 free=29
STEP 274 | MGR:restore_all | total=-11.789 err=0.000 tax=0.000 taxb=0.300 build=0.000 cost=0.000 div=0.000 prox=0.000 prov=0.000 preq=0.000 pres=0.000 sale=0.000 mtax=0.000 chain=0.000 daily=0.000 nov=0.000 mile=0.000 surv=-1.359 idle=-10.000 gover=0.000 | nw=1.45796e+06 pop=29 bases=9 money=5168 credit=146064 day=280 | food=200 water=0 coal=0 home=510 free=29 roads=5
  ACTION: 32 (BUILD:SmallAtomStation price=29000000 need_earth=2) | money=5168 pop=29 free=29
  BUILD FAILED: SmallAtomStation (no cell or error)
STEP 275 | BUILD:SmallAtomStation | total=-2.833 err=-1.000 tax=0.000 taxb=0.300 build=0.000 cost=0.000 div=0.000 prox=0.000 prov=0.000 preq=0.000 pres=0.000 sale=0.000 mtax=0.000 chain=0.000 daily=0.000 nov=0.000 mile=0.000 surv=-1.401 idle=0.000 gover=0.000 | nw=1.45766e+06 pop=29 bases=9 money=5168 credit=146356 day=281 | food=200 water=0 coal=0 home=510 free=29 roads=5
  ACTION: 12 (BUILD:Road price=400 need_earth=10) | money=5168 pop=29 free=29
STEP 276 | BUILD:Road | total=-0.386 err=0.000 tax=0.000 taxb=0.300 build=1.500 cost=-0.040 div=0.000 prox=0.000 prov=0.000 preq=0.000 pres=0.000 sale=0.000 mtax=0.000 chain=0.000 daily=0.000 nov=0.000 mile=0.000 surv=-1.413 idle=0.000 gover=0.000 | nw=1.45735e+06 pop=29 bases=10 money=4768 credit=146648 day=282 | food=200 water=0 coal=0 home=510 free=29 roads=6
  ACTION: 20 (BUILD:BigHouse price=66400 need_earth=1) | money=4768 pop=29 free=29
  BUILD FAILED: BigHouse (no cell or error)
STEP 277 | BUILD:BigHouse | total=-2.850 err=-1.000 tax=0.000 taxb=0.300 build=0.000 cost=0.000 div=0.000 prox=0.000 prov=0.000 preq=0.000 pres=0.000 sale=0.000 mtax=0.000 chain=0.000 daily=0.000 nov=0.000 mile=0.000 surv=-1.415 idle=0.000 gover=0.000 | nw=1.45705e+06 pop=29 bases=10 money=4768 credit=146941 day=283 | food=200 water=0 coal=0 home=510 free=29 roads=6
  ACTION: 27 (BUILD:WaterMill price=2900197 need_earth=2) | money=4768 pop=29 free=29
  BUILD FAILED: WaterMill (no cell or error)
STEP 278 | BUILD:WaterMill | total=-12.843 err=-1.000 tax=0.000 taxb=0.300 build=0.000 cost=0.000 div=0.000 prox=0.000 prov=0.000 preq=0.000 pres=0.000 sale=0.000 mtax=0.000 chain=0.000 daily=0.000 nov=0.000 mile=0.000 surv=-1.406 idle=-10.000 gover=0.000 | nw=1.45675e+06 pop=29 bases=10 money=4768 credit=147234 day=284 | food=200 water=0 coal=0 home=510 free=29 roads=6
  ACTION: 12 (BUILD:Road price=400 need_earth=10) | money=4768 pop=29 free=29
STEP 279 | BUILD:Road | total=-0.407 err=0.000 tax=0.000 taxb=0.300 build=1.500 cost=-0.040 div=0.000 prox=0.000 prov=0.000 preq=0.000 pres=0.000 sale=0.000 mtax=0.000 chain=0.000 daily=0.000 nov=0.000 mile=0.000 surv=-1.429 idle=0.000 gover=0.000 | nw=1.45644e+06 pop=29 bases=11 money=4368 credit=147528 day=285 | food=200 water=0 coal=0 home=510 free=29 roads=7
  ACTION: 24 (BUILD:Hothouse price=16590 need_earth=10) | money=4368 pop=29 free=29
  BUILD FAILED: Hothouse (no cell or error)
STEP 280 | BUILD:Hothouse | total=-2.858 err=-1.000 tax=0.000 taxb=0.300 build=0.000 cost=0.000 div=0.000 prox=0.000 prov=0.000 preq=0.000 pres=0.000 sale=0.000 mtax=0.000 chain=0.000 daily=0.000 nov=0.000 mile=0.000 surv=-1.419 idle=0.000 gover=0.000 | nw=1.45614e+06 pop=29 bases=11 money=4368 credit=147823 day=286 | food=200 water=0 coal=0 home=510 free=29 roads=7
  ACTION: 13 (BUILD:House price=14038 need_earth=1) | money=4368 pop=29 free=29
  BUILD FAILED: House (no cell or error)
STEP 281 | BUILD:House | total=-12.872 err=-1.000 tax=0.000 taxb=0.300 build=0.000 cost=0.000 div=0.000 prox=0.000 prov=0.000 preq=0.000 pres=0.000 sale=0.000 mtax=0.000 chain=0.000 daily=0.000 nov=0.000 mile=0.000 surv=-1.432 idle=-10.000 gover=0.000 | nw=1.45583e+06 pop=29 bases=11 money=4368 credit=148118 day=287 | food=200 water=0 coal=0 home=510 free=29 roads=7
  ACTION: 27 (BUILD:WaterMill price=2900197 need_earth=2) | money=4368 pop=29 free=29
  BUILD FAILED: WaterMill (no cell or error)
STEP 282 | BUILD:WaterMill | total=-2.872 err=-1.000 tax=0.000 taxb=0.300 build=0.000 cost=0.000 div=0.000 prox=0.000 prov=0.000 preq=0.000 pres=0.000 sale=0.000 mtax=0.000 chain=0.000 daily=0.000 nov=0.000 mile=0.000 surv=-1.430 idle=0.000 gover=0.000 | nw=1.45553e+06 pop=29 bases=11 money=4368 credit=148414 day=288 | food=200 water=0 coal=0 home=510 free=29 roads=7
  ACTION: 44 | money=4368 pop=29 free=29
STEP 283 | MGR:manual_tax | total=-1.356 err=0.000 tax=0.000 taxb=0.300 build=0.000 cost=0.000 div=0.000 prox=0.000 prov=0.000 preq=0.000 pres=0.000 sale=0.000 mtax=0.500 chain=0.000 daily=0.000 nov=0.000 mile=0.000 surv=-1.412 idle=0.000 gover=0.000 | nw=1.45523e+06 pop=29 bases=11 money=4368 credit=148710 day=289 | food=200 water=0 coal=0 home=510 free=29 roads=7
  ACTION: 44 | money=4368 pop=29 free=29
STEP 284 | MGR:manual_tax | total=-11.380 err=0.000 tax=0.000 taxb=0.300 build=0.000 cost=0.000 div=0.000 prox=0.000 prov=0.000 preq=0.000 pres=0.000 sale=0.000 mtax=0.500 chain=0.000 daily=0.000 nov=0.000 mile=0.000 surv=-1.435 idle=-10.000 gover=0.000 | nw=1.45492e+06 pop=29 bases=11 money=4368 credit=149007 day=290 | food=200 water=0 coal=0 home=510 free=29 roads=7
  ACTION: 39 | money=4368 pop=29 free=29
STEP 285 | MGR:unpreserve | total=-2.881 err=-1.000 tax=0.000 taxb=0.300 build=0.000 cost=0.000 div=0.000 prox=0.000 prov=0.000 preq=0.000 pres=0.000 sale=0.000 mtax=0.000 chain=0.000 daily=0.000 nov=0.000 mile=0.000 surv=-1.434 idle=0.000 gover=0.000 | nw=1.45461e+06 pop=29 bases=11 money=4368 credit=149305 day=291 | food=200 water=0 coal=0 home=510 free=29 roads=7
  ACTION: 2 (BUILD:Farm price=19814 need_earth=10) | money=4368 pop=29 free=29
  BUILD FAILED: Farm (no cell or error)
STEP 286 | BUILD:Farm | total=-2.888 err=-1.000 tax=0.000 taxb=0.300 build=0.000 cost=0.000 div=0.000 prox=0.000 prov=0.000 preq=0.000 pres=0.000 sale=0.000 mtax=0.000 chain=0.000 daily=0.000 nov=0.000 mile=0.000 surv=-1.440 idle=0.000 gover=0.000 | nw=1.4543e+06 pop=29 bases=11 money=4368 credit=149603 day=292 | food=200 water=0 coal=0 home=510 free=29 roads=7
  ACTION: 38 | money=4368 pop=29 free=29
STEP 287 | MGR:preserve | total=-8.886 err=0.000 tax=0.000 taxb=0.300 build=0.000 cost=0.000 div=0.000 prox=0.000 prov=0.000 preq=0.000 pres=3.000 sale=0.000 mtax=0.000 chain=0.000 daily=0.000 nov=0.000 mile=0.000 surv=-1.436 idle=-10.000 gover=0.000 | nw=1.454e+06 pop=29 bases=11 money=4368 credit=149902 day=293 | food=200 water=0 coal=0 home=450 free=29 roads=7
  ACTION: 7 (BUILD:Ironmine price=32008 need_earth=5) | money=4368 pop=29 free=29
  BUILD FAILED: Ironmine (no cell or error)
STEP 288 | BUILD:Ironmine | total=-2.899 err=-1.000 tax=0.000 taxb=0.300 build=0.000 cost=0.000 div=0.000 prox=0.000 prov=0.000 preq=0.000 pres=0.000 sale=0.000 mtax=0.000 chain=0.000 daily=0.000 nov=0.000 mile=0.000 surv=-1.448 idle=0.000 gover=0.000 | nw=1.45369e+06 pop=29 bases=11 money=4368 credit=150201 day=294 | food=200 water=0 coal=0 home=450 free=29 roads=7
  ACTION: 25 (BUILD:SuperHouse price=971000 need_earth=1) | money=4368 pop=29 free=29
  BUILD FAILED: SuperHouse (no cell or error)
STEP 289 | BUILD:SuperHouse | total=-2.894 err=-1.000 tax=0.000 taxb=0.300 build=0.000 cost=0.000 div=0.000 prox=0.000 prov=0.000 preq=0.000 pres=0.000 sale=0.000 mtax=0.000 chain=0.000 daily=0.000 nov=0.000 mile=0.000 surv=-1.441 idle=0.000 gover=0.000 | nw=1.45338e+06 pop=29 bases=11 money=4368 credit=150501 day=295 | food=200 water=0 coal=0 home=450 free=29 roads=7
  ACTION: 42 | money=4368 pop=29 free=29
STEP 290 | MGR:credit_take | total=-12.909 err=-1.000 tax=0.000 taxb=0.300 build=0.000 cost=0.000 div=0.000 prox=0.000 prov=0.000 preq=0.000 pres=0.000 sale=0.000 mtax=0.000 chain=0.000 daily=0.000 nov=0.000 mile=0.000 surv=-1.455 idle=-10.000 gover=0.000 | nw=1.45307e+06 pop=29 bases=11 money=4368 credit=150802 day=296 | food=200 water=0 coal=0 home=450 free=29 roads=7
  ACTION: 42 | money=4368 pop=29 free=29
STEP 291 | MGR:credit_take | total=-2.902 err=-1.000 tax=0.000 taxb=0.300 build=0.000 cost=0.000 div=0.000 prox=0.000 prov=0.000 preq=0.000 pres=0.000 sale=0.000 mtax=0.000 chain=0.000 daily=0.000 nov=0.000 mile=0.000 surv=-1.446 idle=0.000 gover=0.000 | nw=1.45276e+06 pop=29 bases=11 money=4368 credit=151103 day=297 | food=200 water=0 coal=0 home=450 free=29 roads=7
  ACTION: 39 | money=4368 pop=29 free=29
STEP 292 | MGR:unpreserve | total=1.080 err=0.000 tax=0.000 taxb=0.300 build=0.000 cost=0.000 div=0.000 prox=0.000 prov=0.000 preq=0.000 pres=3.000 sale=0.000 mtax=0.000 chain=0.000 daily=0.000 nov=0.000 mile=0.000 surv=-1.463 idle=0.000 gover=0.000 | nw=1.45245e+06 pop=29 bases=11 money=4368 credit=151405 day=298 | food=200 water=0 coal=0 home=510 free=29 roads=7
  ACTION: 39 | money=4368 pop=29 free=29
STEP 293 | MGR:unpreserve | total=-12.910 err=-1.000 tax=0.000 taxb=0.300 build=0.000 cost=0.000 div=0.000 prox=0.000 prov=0.000 preq=0.000 pres=0.000 sale=0.000 mtax=0.000 chain=0.000 daily=0.000 nov=0.000 mile=0.000 surv=-1.451 idle=-10.000 gover=0.000 | nw=1.45213e+06 pop=29 bases=11 money=4368 credit=151707 day=299 | food=200 water=0 coal=0 home=510 free=29 roads=7
  ACTION: 8 (BUILD:Refinery price=82684 need_earth=6) | money=4368 pop=29 free=29
  BUILD FAILED: Refinery (no cell or error)
STEP 294 | BUILD:Refinery | total=-0.910 err=-1.000 tax=0.000 taxb=0.300 build=0.000 cost=0.000 div=0.000 prox=0.000 prov=0.000 preq=0.000 pres=0.000 sale=0.000 mtax=0.000 chain=0.000 daily=0.000 nov=0.000 mile=2.000 surv=-1.450 idle=0.000 gover=0.000 | nw=1.45182e+06 pop=29 bases=11 money=4368 credit=152010 day=300 | food=200 water=0 coal=0 home=510 free=29 roads=7
  ACTION: 39 | money=4368 pop=29 free=29
STEP 295 | MGR:unpreserve | total=-2.932 err=-1.000 tax=0.000 taxb=0.300 build=0.000 cost=0.000 div=0.000 prox=0.000 prov=0.000 preq=0.000 pres=0.000 sale=0.000 mtax=0.000 chain=0.000 daily=0.000 nov=0.000 mile=0.000 surv=-1.470 idle=0.000 gover=0.000 | nw=1.45151e+06 pop=29 bases=11 money=4368 credit=152314 day=301 | food=200 water=0 coal=0 home=510 free=29 roads=7
  ACTION: 44 | money=4368 pop=29 free=29
STEP 296 | MGR:manual_tax | total=-11.433 err=0.000 tax=0.000 taxb=0.300 build=0.000 cost=0.000 div=0.000 prox=0.000 prov=0.000 preq=0.000 pres=0.000 sale=0.000 mtax=0.500 chain=0.000 daily=0.000 nov=0.000 mile=0.000 surv=-1.470 idle=-10.000 gover=0.000 | nw=1.4512e+06 pop=29 bases=11 money=4368 credit=152618 day=302 | food=200 water=0 coal=0 home=510 free=29 roads=7
  ACTION: 12 (BUILD:Road price=400 need_earth=10) | money=4368 pop=29 free=29
STEP 297 | BUILD:Road | total=-0.471 err=0.000 tax=0.000 taxb=0.300 build=1.500 cost=-0.040 div=0.000 prox=0.000 prov=0.000 preq=0.000 pres=0.000 sale=0.000 mtax=0.000 chain=0.000 daily=0.000 nov=0.000 mile=0.000 surv=-1.466 idle=0.000 gover=0.000 | nw=1.45088e+06 pop=29 bases=12 money=3968 credit=152923 day=303 | food=200 water=0 coal=0 home=510 free=29 roads=8
  ACTION: 26 (BUILD:BigSawmill price=620900 need_earth=3) | money=3968 pop=29 free=29
  BUILD FAILED: BigSawmill (no cell or error)
STEP 298 | BUILD:BigSawmill | total=-2.923 err=-1.000 tax=0.000 taxb=0.300 build=0.000 cost=0.000 div=0.000 prox=0.000 prov=0.000 preq=0.000 pres=0.000 sale=0.000 mtax=0.000 chain=0.000 daily=0.000 nov=0.000 mile=0.000 surv=-1.457 idle=0.000 gover=0.000 | nw=1.45057e+06 pop=29 bases=12 money=3968 credit=153228 day=304 | food=200 water=0 coal=0 home=510 free=29 roads=8
  ACTION: 32 (BUILD:SmallAtomStation price=29000000 need_earth=2) | money=3968 pop=29 free=29
  BUILD FAILED: SmallAtomStation (no cell or error)
STEP 299 | BUILD:SmallAtomStation | total=-12.951 err=-1.000 tax=0.000 taxb=0.300 build=0.000 cost=0.000 div=0.000 prox=0.000 prov=0.000 preq=0.000 pres=0.000 sale=0.000 mtax=0.000 chain=0.000 daily=0.000 nov=0.000 mile=0.000 surv=-1.483 idle=-10.000 gover=0.000 | nw=1.45026e+06 pop=29 bases=12 money=3968 credit=153534 day=305 | food=200 water=0 coal=0 home=510 free=29 roads=8
  ACTION: 32 (BUILD:SmallAtomStation price=29000000 need_earth=2) | money=3968 pop=29 free=29
  BUILD FAILED: SmallAtomStation (no cell or error)
STEP 300 | BUILD:SmallAtomStation | total=-2.937 err=-1.000 tax=0.000 taxb=0.300 build=0.000 cost=0.000 div=0.000 prox=0.000 prov=0.000 preq=0.000 pres=0.000 sale=0.000 mtax=0.000 chain=0.000 daily=0.000 nov=0.000 mile=0.000 surv=-1.467 idle=0.000 gover=0.000 | nw=1.44994e+06 pop=29 bases=12 money=3968 credit=153841 day=306 | food=200 water=0 coal=0 home=510 free=29 roads=8
  BUILDINGS: City(0d) BigHouse(0d) BigHouse(0d) Road(0d) House(0d) Road(0d) Road(0d) Road(0d) Road(0d) Road(0d) Road(0d) Road(3d) 
  ACTION: 22 (BUILD:Apiary price=9385 need_earth=10) | money=3968 pop=29 free=29
  BUILD FAILED: Apiary (no cell or error)
STEP 301 | BUILD:Apiary | total=-2.956 err=-1.000 tax=0.000 taxb=0.300 build=0.000 cost=0.000 div=0.000 prox=0.000 prov=0.000 preq=0.000 pres=0.000 sale=0.000 mtax=0.000 chain=0.000 daily=0.000 nov=0.000 mile=0.000 surv=-1.485 idle=0.000 gover=0.000 | nw=1.44962e+06 pop=29 bases=12 money=3968 credit=154148 day=307 | food=200 water=0 coal=0 home=510 free=29 roads=8
  ACTION: 39 | money=3968 pop=29 free=29
STEP 302 | MGR:unpreserve | total=-12.956 err=-1.000 tax=0.000 taxb=0.300 build=0.000 cost=0.000 div=0.000 prox=0.000 prov=0.000 preq=0.000 pres=0.000 sale=0.000 mtax=0.000 chain=0.000 daily=0.000 nov=0.000 mile=0.000 surv=-1.484 idle=-10.000 gover=0.000 | nw=1.44931e+06 pop=29 bases=12 money=3968 credit=154456 day=308 | food=200 water=0 coal=0 home=510 free=29 roads=8
  ACTION: 40 | money=3968 pop=29 free=29
STEP 303 | MGR:sell | total=-2.967 err=-1.000 tax=0.000 taxb=0.300 build=0.000 cost=0.000 div=0.000 prox=0.000 prov=0.000 preq=0.000 pres=0.000 sale=0.000 mtax=0.000 chain=0.000 daily=0.000 nov=0.000 mile=0.000 surv=-1.493 idle=0.000 gover=0.000 | nw=1.44899e+06 pop=29 bases=12 money=3968 credit=154764 day=309 | food=200 water=0 coal=0 home=510 free=29 roads=8
  ACTION: 27 (BUILD:WaterMill price=2900197 need_earth=2) | money=3968 pop=29 free=29
  BUILD FAILED: WaterMill (no cell or error)
STEP 304 | BUILD:WaterMill | total=-2.962 err=-1.000 tax=0.000 taxb=0.300 build=0.000 cost=0.000 div=0.000 prox=0.000 prov=0.000 preq=0.000 pres=0.000 sale=0.000 mtax=0.000 chain=0.000 daily=0.000 nov=0.000 mile=0.000 surv=-1.486 idle=0.000 gover=0.000 | nw=1.44867e+06 pop=29 bases=12 money=3968 credit=155073 day=310 | food=200 water=0 coal=0 home=510 free=29 roads=8
  ACTION: 40 | money=3968 pop=29 free=29
STEP 305 | MGR:sell | total=-12.971 err=-1.000 tax=0.000 taxb=0.300 build=0.000 cost=0.000 div=0.000 prox=0.000 prov=0.000 preq=0.000 pres=0.000 sale=0.000 mtax=0.000 chain=0.000 daily=0.000 nov=0.000 mile=0.000 surv=-1.494 idle=-10.000 gover=0.000 | nw=1.44835e+06 pop=29 bases=12 money=3968 credit=155383 day=311 | food=200 water=0 coal=0 home=510 free=29 roads=8
  ACTION: 28 (BUILD:BigRefinary price=3999149 need_earth=6) | money=3968 pop=29 free=29
  BUILD FAILED: BigRefinary (no cell or error)
STEP 306 | BUILD:BigRefinary | total=-2.979 err=-1.000 tax=0.000 taxb=0.300 build=0.000 cost=0.000 div=0.000 prox=0.000 prov=0.000 preq=0.000 pres=0.000 sale=0.000 mtax=0.000 chain=0.000 daily=0.000 nov=0.000 mile=0.000 surv=-1.500 idle=0.000 gover=0.000 | nw=1.44803e+06 pop=29 bases=12 money=3968 credit=155693 day=312 | food=200 water=0 coal=0 home=510 free=29 roads=8
  ACTION: 12 (BUILD:Road price=400 need_earth=10) | money=3968 pop=29 free=29
STEP 307 | BUILD:Road | total=-0.528 err=0.000 tax=0.000 taxb=0.300 build=1.500 cost=-0.040 div=0.000 prox=0.000 prov=0.000 preq=0.000 pres=0.000 sale=0.000 mtax=0.000 chain=0.000 daily=0.000 nov=0.000 mile=0.000 surv=-1.508 idle=0.000 gover=0.000 | nw=1.44771e+06 pop=29 bases=13 money=3568 credit=156004 day=313 | food=200 water=0 coal=0 home=510 free=29 roads=9
  ACTION: 3 (BUILD:Garden price=7640 need_earth=10) | money=3568 pop=29 free=29
  BUILD FAILED: Garden (no cell or error)
STEP 308 | BUILD:Garden | total=-2.986 err=-1.000 tax=0.000 taxb=0.300 build=0.000 cost=0.000 div=0.000 prox=0.000 prov=0.000 preq=0.000 pres=0.000 sale=0.000 mtax=0.000 chain=0.000 daily=0.000 nov=0.000 mile=0.000 surv=-1.504 idle=0.000 gover=0.000 | nw=1.44739e+06 pop=29 bases=13 money=3568 credit=156316 day=314 | food=200 water=0 coal=0 home=510 free=29 roads=9
  ACTION: 5 (BUILD:Sawmill price=17570 need_earth=3) | money=3568 pop=29 free=29
  BUILD FAILED: Sawmill (no cell or error)
STEP 309 | BUILD:Sawmill | total=-12.994 err=-1.000 tax=0.000 taxb=0.300 build=0.000 cost=0.000 div=0.000 prox=0.000 prov=0.000 preq=0.000 pres=0.000 sale=0.000 mtax=0.000 chain=0.000 daily=0.000 nov=0.000 mile=0.000 surv=-1.510 idle=-10.000 gover=0.000 | nw=1.44707e+06 pop=29 bases=13 money=3568 credit=156628 day=315 | food=200 water=0 coal=0 home=510 free=29 roads=9
  ACTION: 32 (BUILD:SmallAtomStation price=29000000 need_earth=2) | money=3568 pop=29 free=29
  BUILD FAILED: SmallAtomStation (no cell or error)
STEP 310 | BUILD:SmallAtomStation | total=-2.991 err=-1.000 tax=0.000 taxb=0.300 build=0.000 cost=0.000 div=0.000 prox=0.000 prov=0.000 preq=0.000 pres=0.000 sale=0.000 mtax=0.000 chain=0.000 daily=0.000 nov=0.000 mile=0.000 surv=-1.506 idle=0.000 gover=0.000 | nw=1.44675e+06 pop=29 bases=13 money=3568 credit=156941 day=316 | food=200 water=0 coal=0 home=510 free=29 roads=9
  ACTION: 17 (BUILD:HuntingLand price=16985 need_earth=3) | money=3568 pop=29 free=29
  BUILD FAILED: HuntingLand (no cell or error)
STEP 311 | BUILD:HuntingLand | total=-3.011 err=-1.000 tax=0.000 taxb=0.300 build=0.000 cost=0.000 div=0.000 prox=0.000 prov=0.000 preq=0.000 pres=0.000 sale=0.000 mtax=0.000 chain=0.000 daily=0.000 nov=0.000 mile=0.000 surv=-1.524 idle=0.000 gover=0.000 | nw=1.44642e+06 pop=29 bases=13 money=3568 credit=157254 day=317 | food=200 water=0 coal=0 home=510 free=29 roads=9
  ACTION: 2 (BUILD:Farm price=19814 need_earth=10) | money=3568 pop=29 free=29
  BUILD FAILED: Farm (no cell or error)
STEP 312 | BUILD:Farm | total=-13.002 err=-1.000 tax=0.000 taxb=0.300 build=0.000 cost=0.000 div=0.000 prox=0.000 prov=0.000 preq=0.000 pres=0.000 sale=0.000 mtax=0.000 chain=0.000 daily=0.000 nov=0.000 mile=0.000 surv=-1.514 idle=-10.000 gover=0.000 | nw=1.4461e+06 pop=29 bases=13 money=3568 credit=157568 day=318 | food=200 water=0 coal=0 home=510 free=29 roads=9
  ACTION: 25 (BUILD:SuperHouse price=971000 need_earth=1) | money=3568 pop=29 free=29
  BUILD FAILED: SuperHouse (no cell or error)
STEP 313 | BUILD:SuperHouse | total=-3.006 err=-1.000 tax=0.000 taxb=0.300 build=0.000 cost=0.000 div=0.000 prox=0.000 prov=0.000 preq=0.000 pres=0.000 sale=0.000 mtax=0.000 chain=0.000 daily=0.000 nov=0.000 mile=0.000 surv=-1.516 idle=0.000 gover=0.000 | nw=1.44578e+06 pop=29 bases=13 money=3568 credit=157883 day=319 | food=200 water=0 coal=0 home=510 free=29 roads=9
  ACTION: 31 (BUILD:AirStation price=23790 need_earth=10) | money=3568 pop=29 free=29
  BUILD FAILED: AirStation (no cell or error)
STEP 314 | BUILD:AirStation | total=-3.019 err=-1.000 tax=0.000 taxb=0.300 build=0.000 cost=0.000 div=0.000 prox=0.000 prov=0.000 preq=0.000 pres=0.000 sale=0.000 mtax=0.000 chain=0.000 daily=0.000 nov=0.000 mile=0.000 surv=-1.528 idle=0.000 gover=0.000 | nw=1.44545e+06 pop=29 bases=13 money=3568 credit=158198 day=320 | food=200 water=0 coal=0 home=510 free=29 roads=9
  ACTION: 23 (BUILD:Torchlight price=215000 need_earth=6) | money=3568 pop=29 free=29
  BUILD FAILED: Torchlight (no cell or error)
STEP 315 | BUILD:Torchlight | total=-13.005 err=-1.000 tax=0.000 taxb=0.300 build=0.000 cost=0.000 div=0.000 prox=0.000 prov=0.000 preq=0.000 pres=0.000 sale=0.000 mtax=0.000 chain=0.000 daily=0.000 nov=0.000 mile=0.000 surv=-1.512 idle=-10.000 gover=0.000 | nw=1.44513e+06 pop=29 bases=13 money=3568 credit=158514 day=321 | food=200 water=0 coal=0 home=510 free=29 roads=9
  ACTION: 36 | money=3568 pop=29 free=29
STEP 316 | MGR:restore_all | total=-1.276 err=0.000 tax=0.000 taxb=0.300 build=0.000 cost=0.000 div=0.000 prox=0.000 prov=0.000 preq=0.000 pres=0.000 sale=0.000 mtax=0.000 chain=0.000 daily=0.000 nov=0.000 mile=0.000 surv=-0.782 idle=0.000 gover=0.000 | nw=1.44495e+06 pop=29 bases=13 money=3382 credit=158831 day=322 | food=200 water=0 coal=0 home=510 free=29 roads=9
  ACTION: 39 | money=3382 pop=29 free=29
STEP 317 | MGR:unpreserve | total=-3.022 err=-1.000 tax=0.000 taxb=0.300 build=0.000 cost=0.000 div=0.000 prox=0.000 prov=0.000 preq=0.000 pres=0.000 sale=0.000 mtax=0.000 chain=0.000 daily=0.000 nov=0.000 mile=0.000 surv=-1.526 idle=0.000 gover=0.000 | nw=1.44463e+06 pop=29 bases=13 money=3382 credit=159148 day=323 | food=200 water=0 coal=0 home=510 free=29 roads=9
  ACTION: 15 (BUILD:Fish price=30202 need_earth=2) | money=3382 pop=29 free=29
  BUILD FAILED: Fish (no cell or error)
STEP 318 | BUILD:Fish | total=-13.031 err=-1.000 tax=0.000 taxb=0.300 build=0.000 cost=0.000 div=0.000 prox=0.000 prov=0.000 preq=0.000 pres=0.000 sale=0.000 mtax=0.000 chain=0.000 daily=0.000 nov=0.000 mile=0.000 surv=-1.534 idle=-10.000 gover=0.000 | nw=1.4443e+06 pop=29 bases=13 money=3382 credit=159466 day=324 | food=200 water=0 coal=0 home=510 free=29 roads=9
  ACTION: 8 (BUILD:Refinery price=82684 need_earth=6) | money=3382 pop=29 free=29
  BUILD FAILED: Refinery (no cell or error)
STEP 319 | BUILD:Refinery | total=-3.030 err=-1.000 tax=0.000 taxb=0.300 build=0.000 cost=0.000 div=0.000 prox=0.000 prov=0.000 preq=0.000 pres=0.000 sale=0.000 mtax=0.000 chain=0.000 daily=0.000 nov=0.000 mile=0.000 surv=-1.531 idle=0.000 gover=0.000 | nw=1.44397e+06 pop=29 bases=13 money=3382 credit=159784 day=325 | food=200 water=0 coal=0 home=510 free=29 roads=9
  ACTION: 30 (BUILD:BigIronmine price=2715002 need_earth=5) | money=3382 pop=29 free=29
  BUILD FAILED: BigIronmine (no cell or error)
STEP 320 | BUILD:BigIronmine | total=-3.040 err=-1.000 tax=0.000 taxb=0.300 build=0.000 cost=0.000 div=0.000 prox=0.000 prov=0.000 preq=0.000 pres=0.000 sale=0.000 mtax=0.000 chain=0.000 daily=0.000 nov=0.000 mile=0.000 surv=-1.539 idle=0.000 gover=0.000 | nw=1.44365e+06 pop=29 bases=13 money=3382 credit=160103 day=326 | food=200 water=0 coal=0 home=510 free=29 roads=9
  ACTION: 5 (BUILD:Sawmill price=17570 need_earth=3) | money=3382 pop=29 free=29
  BUILD FAILED: Sawmill (no cell or error)
STEP 321 | BUILD:Sawmill | total=-13.061 err=-1.000 tax=0.000 taxb=0.300 build=0.000 cost=0.000 div=0.000 prox=0.000 prov=0.000 preq=0.000 pres=0.000 sale=0.000 mtax=0.000 chain=0.000 daily=0.000 nov=0.000 mile=0.000 surv=-1.559 idle=-10.000 gover=0.000 | nw=1.44331e+06 pop=29 bases=13 money=3382 credit=160423 day=327 | food=200 water=0 coal=0 home=510 free=29 roads=9
  ACTION: 40 | money=3382 pop=29 free=29
STEP 322 | MGR:sell | total=-3.054 err=-1.000 tax=0.000 taxb=0.300 build=0.000 cost=0.000 div=0.000 prox=0.000 prov=0.000 preq=0.000 pres=0.000 sale=0.000 mtax=0.000 chain=0.000 daily=0.000 nov=0.000 mile=0.000 surv=-1.550 idle=0.000 gover=0.000 | nw=1.44298e+06 pop=29 bases=13 money=3382 credit=160743 day=328 | food=200 water=0 coal=0 home=510 free=29 roads=9
  ACTION: 25 (BUILD:SuperHouse price=971000 need_earth=1) | money=3382 pop=29 free=29
  BUILD FAILED: SuperHouse (no cell or error)
STEP 323 | BUILD:SuperHouse | total=-3.052 err=-1.000 tax=0.000 taxb=0.300 build=0.000 cost=0.000 div=0.000 prox=0.000 prov=0.000 preq=0.000 pres=0.000 sale=0.000 mtax=0.000 chain=0.000 daily=0.000 nov=0.000 mile=0.000 surv=-1.546 idle=0.000 gover=0.000 | nw=1.44265e+06 pop=29 bases=13 money=3382 credit=161064 day=329 | food=200 water=0 coal=0 home=510 free=29 roads=9
  ACTION: 17 (BUILD:HuntingLand price=16985 need_earth=3) | money=3382 pop=29 free=29
  BUILD FAILED: HuntingLand (no cell or error)
STEP 324 | BUILD:HuntingLand | total=-13.058 err=-1.000 tax=0.000 taxb=0.300 build=0.000 cost=0.000 div=0.000 prox=0.000 prov=0.000 preq=0.000 pres=0.000 sale=0.000 mtax=0.000 chain=0.000 daily=0.000 nov=0.000 mile=0.000 surv=-1.551 idle=-10.000 gover=0.000 | nw=1.44232e+06 pop=29 bases=13 money=3382 credit=161386 day=330 | food=200 water=0 coal=0 home=510 free=29 roads=9
  ACTION: 39 | money=3382 pop=29 free=29
STEP 325 | MGR:unpreserve | total=-3.069 err=-1.000 tax=0.000 taxb=0.300 build=0.000 cost=0.000 div=0.000 prox=0.000 prov=0.000 preq=0.000 pres=0.000 sale=0.000 mtax=0.000 chain=0.000 daily=0.000 nov=0.000 mile=0.000 surv=-1.560 idle=0.000 gover=0.000 | nw=1.44199e+06 pop=29 bases=13 money=3382 credit=161708 day=331 | food=200 water=0 coal=0 home=510 free=29 roads=9
  ACTION: 13 (BUILD:House price=14038 need_earth=1) | money=3382 pop=29 free=29
  BUILD FAILED: House (no cell or error)
STEP 326 | BUILD:House | total=-3.076 err=-1.000 tax=0.000 taxb=0.300 build=0.000 cost=0.000 div=0.000 prox=0.000 prov=0.000 preq=0.000 pres=0.000 sale=0.000 mtax=0.000 chain=0.000 daily=0.000 nov=0.000 mile=0.000 surv=-1.565 idle=0.000 gover=0.000 | nw=1.44166e+06 pop=29 bases=13 money=3382 credit=162031 day=332 | food=200 water=0 coal=0 home=510 free=29 roads=9
  ACTION: 12 (BUILD:Road price=400 need_earth=10) | money=3382 pop=29 free=29
STEP 327 | BUILD:Road | total=-0.631 err=0.000 tax=0.000 taxb=0.300 build=1.500 cost=-0.040 div=0.000 prox=0.000 prov=0.000 preq=0.000 pres=0.000 sale=0.000 mtax=0.000 chain=0.000 daily=0.000 nov=0.000 mile=0.000 surv=-1.579 idle=0.000 gover=0.000 | nw=1.44132e+06 pop=29 bases=14 money=2982 credit=162355 day=333 | food=200 water=0 coal=0 home=510 free=29 roads=10
  ACTION: 14 (BUILD:SmallHouse price=5900 need_earth=10) | money=2982 pop=29 free=29
  BUILD FAILED: SmallHouse (no cell or error)
STEP 328 | BUILD:SmallHouse | total=-3.077 err=-1.000 tax=0.000 taxb=0.300 build=0.000 cost=0.000 div=0.000 prox=0.000 prov=0.000 preq=0.000 pres=0.000 sale=0.000 mtax=0.000 chain=0.000 daily=0.000 nov=0.000 mile=0.000 surv=-1.564 idle=0.000 gover=0.000 | nw=1.44099e+06 pop=29 bases=14 money=2982 credit=162679 day=334 | food=200 water=0 coal=0 home=510 free=29 roads=10
  ACTION: 18 (BUILD:CowFarm price=32002 need_earth=10) | money=2982 pop=29 free=29
  BUILD FAILED: CowFarm (no cell or error)
STEP 329 | BUILD:CowFarm | total=-13.081 err=-1.000 tax=0.000 taxb=0.300 build=0.000 cost=0.000 div=0.000 prox=0.000 prov=0.000 preq=0.000 pres=0.000 sale=0.000 mtax=0.000 chain=0.000 daily=0.000 nov=0.000 mile=0.000 surv=-1.566 idle=-10.000 gover=0.000 | nw=1.44066e+06 pop=29 bases=14 money=2982 credit=163004 day=335 | food=200 water=0 coal=0 home=510 free=29 roads=10
  ACTION: 20 (BUILD:BigHouse price=66400 need_earth=1) | money=2982 pop=29 free=29
  BUILD FAILED: BigHouse (no cell or error)
STEP 330 | BUILD:BigHouse | total=-3.088 err=-1.000 tax=0.000 taxb=0.300 build=0.000 cost=0.000 div=0.000 prox=0.000 prov=0.000 preq=0.000 pres=0.000 sale=0.000 mtax=0.000 chain=0.000 daily=0.000 nov=0.000 mile=0.000 surv=-1.571 idle=0.000 gover=0.000 | nw=1.44032e+06 pop=29 bases=14 money=2982 credit=163330 day=336 | food=200 water=0 coal=0 home=510 free=29 roads=10
  ACTION: 41 | money=2982 pop=29 free=29
STEP 331 | MGR:buy_food | total=-2.099 err=0.000 tax=0.000 taxb=0.300 build=0.000 cost=0.000 div=0.000 prox=0.000 prov=0.000 preq=0.000 pres=0.000 sale=0.000 mtax=0.000 chain=0.000 daily=0.000 nov=0.000 mile=0.000 surv=-2.580 idle=0.000 gover=0.000 | nw=1.43979e+06 pop=30 bases=14 money=2582 credit=163656 day=337 | food=400 water=0 coal=0 home=510 free=30 roads=10
  ACTION: 2 (BUILD:Farm price=19814 need_earth=10) | money=2582 pop=30 free=30
  BUILD FAILED: Farm (no cell or error)
STEP 332 | BUILD:Farm | total=-13.096 err=-1.000 tax=0.000 taxb=0.300 build=0.000 cost=0.000 div=0.000 prox=0.000 prov=0.000 preq=0.000 pres=0.000 sale=0.000 mtax=0.000 chain=0.000 daily=0.000 nov=0.000 mile=0.000 surv=-1.576 idle=-10.000 gover=0.000 | nw=1.43945e+06 pop=30 bases=14 money=2582 credit=163983 day=338 | food=400 water=0 coal=0 home=510 free=30 roads=10
  ACTION: 30 (BUILD:BigIronmine price=2715002 need_earth=5) | money=2582 pop=30 free=30
  BUILD FAILED: BigIronmine (no cell or error)
STEP 333 | BUILD:BigIronmine | total=-3.101 err=-1.000 tax=0.000 taxb=0.300 build=0.000 cost=0.000 div=0.000 prox=0.000 prov=0.000 preq=0.000 pres=0.000 sale=0.000 mtax=0.000 chain=0.000 daily=0.000 nov=0.000 mile=0.000 surv=-1.579 idle=0.000 gover=0.000 | nw=1.43912e+06 pop=30 bases=14 money=2582 credit=164310 day=339 | food=400 water=0 coal=0 home=510 free=30 roads=10
  ACTION: 12 (BUILD:Road price=400 need_earth=10) | money=2582 pop=30 free=30
STEP 334 | BUILD:Road | total=2.355 err=0.000 tax=0.000 taxb=0.300 build=1.500 cost=-0.040 div=0.000 prox=0.000 prov=0.000 preq=0.000 pres=0.000 sale=0.000 mtax=0.000 chain=0.000 daily=0.000 nov=0.000 mile=3.000 surv=-1.581 idle=0.000 gover=0.000 | nw=1.43878e+06 pop=30 bases=15 money=2182 credit=164638 day=340 | food=400 water=0 coal=0 home=510 free=30 roads=11
  ACTION: 36 | money=2182 pop=30 free=30
STEP 335 | MGR:restore_all | total=-1.769 err=0.000 tax=0.000 taxb=0.300 build=0.000 cost=0.000 div=0.000 prox=0.000 prov=0.000 preq=0.000 pres=0.000 sale=0.000 mtax=0.000 chain=0.000 daily=0.000 nov=0.000 mile=0.000 surv=-1.244 idle=0.000 gover=0.000 | nw=1.43851e+06 pop=30 bases=15 money=2098 credit=164967 day=341 | food=400 water=0 coal=0 home=510 free=30 roads=11
  ACTION: 11 (BUILD:HydroStation price=92214 need_earth=2) | money=2098 pop=30 free=30
  BUILD FAILED: HydroStation (no cell or error)
STEP 336 | BUILD:HydroStation | total=-13.122 err=-1.000 tax=0.000 taxb=0.300 build=0.000 cost=0.000 div=0.000 prox=0.000 prov=0.000 preq=0.000 pres=0.000 sale=0.000 mtax=0.000 chain=0.000 daily=0.000 nov=0.000 mile=0.000 surv=-1.595 idle=-10.000 gover=0.000 | nw=1.43817e+06 pop=30 bases=15 money=2098 credit=165296 day=342 | food=400 water=0 coal=0 home=510 free=30 roads=11
  ACTION: 25 (BUILD:SuperHouse price=971000 need_earth=1) | money=2098 pop=30 free=30
  BUILD FAILED: SuperHouse (no cell or error)
STEP 337 | BUILD:SuperHouse | total=-3.119 err=-1.000 tax=0.000 taxb=0.300 build=0.000 cost=0.000 div=0.000 prox=0.000 prov=0.000 preq=0.000 pres=0.000 sale=0.000 mtax=0.000 chain=0.000 daily=0.000 nov=0.000 mile=0.000 surv=-1.591 idle=0.000 gover=0.000 | nw=1.43783e+06 pop=30 bases=15 money=2098 credit=165626 day=343 | food=400 water=0 coal=0 home=510 free=30 roads=11
  ACTION: 30 (BUILD:BigIronmine price=2715002 need_earth=5) | money=2098 pop=30 free=30
  BUILD FAILED: BigIronmine (no cell or error)
STEP 338 | BUILD:BigIronmine | total=-3.144 err=-1.000 tax=0.000 taxb=0.300 build=0.000 cost=0.000 div=0.000 prox=0.000 prov=0.000 preq=0.000 pres=0.000 sale=0.000 mtax=0.000 chain=0.000 daily=0.000 nov=0.000 mile=0.000 surv=-1.614 idle=0.000 gover=0.000 | nw=1.43749e+06 pop=30 bases=15 money=2098 credit=165957 day=344 | food=400 water=0 coal=0 home=510 free=30 roads=11
  ACTION: 11 (BUILD:HydroStation price=92214 need_earth=2) | money=2098 pop=30 free=30
  BUILD FAILED: HydroStation (no cell or error)
STEP 339 | BUILD:HydroStation | total=-13.139 err=-1.000 tax=0.000 taxb=0.300 build=0.000 cost=0.000 div=0.000 prox=0.000 prov=0.000 preq=0.000 pres=0.000 sale=0.000 mtax=0.000 chain=0.000 daily=0.000 nov=0.000 mile=0.000 surv=-1.608 idle=-10.000 gover=0.000 | nw=1.43715e+06 pop=30 bases=15 money=2098 credit=166288 day=345 | food=400 water=0 coal=0 home=510 free=30 roads=11
  ACTION: 30 (BUILD:BigIronmine price=2715002 need_earth=5) | money=2098 pop=30 free=30
  BUILD FAILED: BigIronmine (no cell or error)
STEP 340 | BUILD:BigIronmine | total=-3.134 err=-1.000 tax=0.000 taxb=0.300 build=0.000 cost=0.000 div=0.000 prox=0.000 prov=0.000 preq=0.000 pres=0.000 sale=0.000 mtax=0.000 chain=0.000 daily=0.000 nov=0.000 mile=0.000 surv=-1.601 idle=0.000 gover=0.000 | nw=1.43681e+06 pop=30 bases=15 money=2098 credit=166620 day=346 | food=400 water=0 coal=0 home=510 free=30 roads=11
  ACTION: 10 (BUILD:PowerStation price=92433 need_earth=10) | money=2098 pop=30 free=30
  BUILD FAILED: PowerStation (no cell or error)
STEP 341 | BUILD:PowerStation | total=-3.159 err=-1.000 tax=0.000 taxb=0.300 build=0.000 cost=0.000 div=0.000 prox=0.000 prov=0.000 preq=0.000 pres=0.000 sale=0.000 mtax=0.000 chain=0.000 daily=0.000 nov=0.000 mile=0.000 surv=-1.624 idle=0.000 gover=0.000 | nw=1.43646e+06 pop=30 bases=15 money=2098 credit=166953 day=347 | food=400 water=0 coal=0 home=510 free=30 roads=11
  ACTION: 29 (BUILD:Puerperal price=37105 need_earth=10) | money=2098 pop=30 free=30
  BUILD FAILED: Puerperal (no cell or error)
STEP 342 | BUILD:Puerperal | total=-13.143 err=-1.000 tax=0.000 taxb=0.300 build=0.000 cost=0.000 div=0.000 prox=0.000 prov=0.000 preq=0.000 pres=0.000 sale=0.000 mtax=0.000 chain=0.000 daily=0.000 nov=0.000 mile=0.000 surv=-1.606 idle=-10.000 gover=0.000 | nw=1.43612e+06 pop=30 bases=15 money=2098 credit=167286 day=348 | food=400 water=0 coal=0 home=510 free=30 roads=11
  ACTION: 17 (BUILD:HuntingLand price=16985 need_earth=3) | money=2098 pop=30 free=30
  BUILD FAILED: HuntingLand (no cell or error)
STEP 343 | BUILD:HuntingLand | total=-3.158 err=-1.000 tax=0.000 taxb=0.300 build=0.000 cost=0.000 div=0.000 prox=0.000 prov=0.000 preq=0.000 pres=0.000 sale=0.000 mtax=0.000 chain=0.000 daily=0.000 nov=0.000 mile=0.000 surv=-1.620 idle=0.000 gover=0.000 | nw=1.43578e+06 pop=30 bases=15 money=2098 credit=167620 day=349 | food=400 water=0 coal=0 home=510 free=30 roads=11
  ACTION: 24 (BUILD:Hothouse price=16590 need_earth=10) | money=2098 pop=30 free=30
  BUILD FAILED: Hothouse (no cell or error)
STEP 344 | BUILD:Hothouse | total=-3.147 err=-1.000 tax=0.000 taxb=0.300 build=0.000 cost=0.000 div=0.000 prox=0.000 prov=0.000 preq=0.000 pres=0.000 sale=0.000 mtax=0.000 chain=0.000 daily=0.000 nov=0.000 mile=0.000 surv=-1.607 idle=0.000 gover=0.000 | nw=1.43544e+06 pop=30 bases=15 money=2098 credit=167955 day=350 | food=400 water=0 coal=0 home=510 free=30 roads=11
  ACTION: 12 (BUILD:Road price=400 need_earth=10) | money=2098 pop=30 free=30
STEP 345 | BUILD:Road | total=-0.707 err=0.000 tax=0.000 taxb=0.300 build=1.500 cost=-0.040 div=0.000 prox=0.000 prov=0.000 preq=0.000 pres=0.000 sale=0.000 mtax=0.000 chain=0.000 daily=0.000 nov=0.000 mile=0.000 surv=-1.625 idle=0.000 gover=0.000 | nw=1.43509e+06 pop=30 bases=16 money=1698 credit=168290 day=351 | food=400 water=0 coal=0 home=510 free=30 roads=12
  ACTION: 3 (BUILD:Garden price=7640 need_earth=10) | money=1698 pop=30 free=30
  BUILD FAILED: Garden (no cell or error)
STEP 346 | BUILD:Garden | total=-3.167 err=-1.000 tax=0.000 taxb=0.300 build=0.000 cost=0.000 div=0.000 prox=0.000 prov=0.000 preq=0.000 pres=0.000 sale=0.000 mtax=0.000 chain=0.000 daily=0.000 nov=0.000 mile=0.000 surv=-1.624 idle=0.000 gover=0.000 | nw=1.43475e+06 pop=30 bases=16 money=1698 credit=168626 day=352 | food=400 water=0 coal=0 home=510 free=30 roads=12
  ACTION: 40 | money=1698 pop=30 free=30
STEP 347 | MGR:sell | total=-11.960 err=0.000 tax=0.000 taxb=0.300 build=0.000 cost=0.000 div=0.000 prox=0.000 prov=0.000 preq=0.000 pres=0.000 sale=0.220 mtax=0.000 chain=0.000 daily=0.000 nov=0.000 mile=0.000 surv=-1.635 idle=-10.000 gover=0.000 | nw=1.4344e+06 pop=30 bases=16 money=1898 credit=168963 day=353 | food=200 water=0 coal=0 home=510 free=30 roads=12
  ACTION: 9 (BUILD:Goldmine price=77000 need_earth=7) | money=1898 pop=30 free=30
  BUILD FAILED: Goldmine (no cell or error)
STEP 348 | BUILD:Goldmine | total=-3.191 err=-1.000 tax=0.000 taxb=0.300 build=0.000 cost=0.000 div=0.000 prox=0.000 prov=0.000 preq=0.000 pres=0.000 sale=0.000 mtax=0.000 chain=0.000 daily=0.000 nov=0.000 mile=0.000 surv=-1.644 idle=0.000 gover=0.000 | nw=1.43405e+06 pop=30 bases=16 money=1898 credit=169300 day=354 | food=200 water=0 coal=0 home=510 free=30 roads=12
  ACTION: 17 (BUILD:HuntingLand price=16985 need_earth=3) | money=1898 pop=30 free=30
  BUILD FAILED: HuntingLand (no cell or error)
STEP 349 | BUILD:HuntingLand | total=-3.180 err=-1.000 tax=0.000 taxb=0.300 build=0.000 cost=0.000 div=0.000 prox=0.000 prov=0.000 preq=0.000 pres=0.000 sale=0.000 mtax=0.000 chain=0.000 daily=0.000 nov=0.000 mile=0.000 surv=-1.631 idle=0.000 gover=0.000 | nw=1.4337e+06 pop=30 bases=16 money=1898 credit=169638 day=355 | food=200 water=0 coal=0 home=510 free=30 roads=12
  ACTION: 11 (BUILD:HydroStation price=92214 need_earth=2) | money=1898 pop=30 free=30
  BUILD FAILED: HydroStation (no cell or error)
STEP 350 | BUILD:HydroStation | total=-12.189 err=-1.000 tax=0.000 taxb=0.300 build=0.000 cost=0.000 div=0.000 prox=0.000 prov=0.000 preq=0.000 pres=0.000 sale=0.000 mtax=0.000 chain=0.000 daily=0.000 nov=0.000 mile=0.000 surv=-1.639 idle=-10.000 gover=0.000 | nw=1.43336e+06 pop=31 bases=16 money=1898 credit=169977 day=356 | food=200 water=0 coal=0 home=510 free=31 roads=12
  ACTION: 8 (BUILD:Refinery price=82684 need_earth=6) | money=1898 pop=31 free=31
  BUILD FAILED: Refinery (no cell or error)
STEP 351 | BUILD:Refinery | total=-3.197 err=-1.000 tax=0.000 taxb=0.300 build=0.000 cost=0.000 div=0.000 prox=0.000 prov=0.000 preq=0.000 pres=0.000 sale=0.000 mtax=0.000 chain=0.000 daily=0.000 nov=0.000 mile=0.000 surv=-1.645 idle=0.000 gover=0.000 | nw=1.43301e+06 pop=31 bases=16 money=1898 credit=170316 day=357 | food=200 water=0 coal=0 home=510 free=31 roads=12
  ACTION: 12 (BUILD:Road price=400 need_earth=10) | money=1898 pop=31 free=31
STEP 352 | BUILD:Road | total=-0.744 err=0.000 tax=0.000 taxb=0.300 build=1.500 cost=-0.040 div=0.000 prox=0.000 prov=0.000 preq=0.000 pres=0.000 sale=0.000 mtax=0.000 chain=0.000 daily=0.000 nov=0.000 mile=0.000 surv=-1.650 idle=0.000 gover=0.000 | nw=1.43266e+06 pop=31 bases=17 money=1498 credit=170656 day=358 | food=200 water=0 coal=0 home=510 free=31 roads=13
  ACTION: 29 (BUILD:Puerperal price=37105 need_earth=10) | money=1498 pop=31 free=31
  BUILD FAILED: Puerperal (no cell or error)
STEP 353 | BUILD:Puerperal | total=-3.219 err=-1.000 tax=0.000 taxb=0.300 build=0.000 cost=0.000 div=0.000 prox=0.000 prov=0.000 preq=0.000 pres=0.000 sale=0.000 mtax=0.000 chain=0.000 daily=0.000 nov=0.000 mile=0.000 surv=-1.664 idle=0.000 gover=0.000 | nw=1.43231e+06 pop=31 bases=17 money=1498 credit=170997 day=359 | food=200 water=0 coal=0 home=510 free=31 roads=13
  ACTION: 3 (BUILD:Garden price=7640 need_earth=10) | money=1498 pop=31 free=31
  BUILD FAILED: Garden (no cell or error)
STEP 354 | BUILD:Garden | total=-13.212 err=-1.000 tax=0.000 taxb=0.300 build=0.000 cost=0.000 div=0.000 prox=0.000 prov=0.000 preq=0.000 pres=0.000 sale=0.000 mtax=0.000 chain=0.000 daily=0.000 nov=0.000 mile=0.000 surv=-1.655 idle=-10.000 gover=0.000 | nw=1.43195e+06 pop=31 bases=17 money=1498 credit=171338 day=360 | food=200 water=0 coal=0 home=510 free=31 roads=13
  ACTION: 35 | money=1498 pop=31 free=31
STEP 355 | MGR:repair | total=-3.210 err=-1.000 tax=0.000 taxb=0.300 build=0.000 cost=0.000 div=0.000 prox=0.000 prov=0.000 preq=0.000 pres=0.000 sale=0.000 mtax=0.000 chain=0.000 daily=0.000 nov=0.000 mile=0.000 surv=-1.651 idle=0.000 gover=0.000 | nw=1.4316e+06 pop=31 bases=17 money=1498 credit=171680 day=361 | food=200 water=0 coal=0 home=510 free=31 roads=13
  ACTION: 39 | money=1498 pop=31 free=31
STEP 356 | MGR:unpreserve | total=-3.219 err=-1.000 tax=0.000 taxb=0.300 build=0.000 cost=0.000 div=0.000 prox=0.000 prov=0.000 preq=0.000 pres=0.000 sale=0.000 mtax=0.000 chain=0.000 daily=0.000 nov=0.000 mile=0.000 surv=-1.659 idle=0.000 gover=0.000 | nw=1.43125e+06 pop=31 bases=17 money=1498 credit=172023 day=362 | food=200 water=0 coal=0 home=510 free=31 roads=13
  ACTION: 42 | money=1498 pop=31 free=31
STEP 357 | MGR:credit_take | total=-13.235 err=-1.000 tax=0.000 taxb=0.300 build=0.000 cost=0.000 div=0.000 prox=0.000 prov=0.000 preq=0.000 pres=0.000 sale=0.000 mtax=0.000 chain=0.000 daily=0.000 nov=0.000 mile=0.000 surv=-1.673 idle=-10.000 gover=0.000 | nw=1.4309e+06 pop=31 bases=17 money=1498 credit=172367 day=363 | food=200 water=0 coal=0 home=510 free=31 roads=13
  ACTION: 7 (BUILD:Ironmine price=32008 need_earth=5) | money=1498 pop=31 free=31
  BUILD FAILED: Ironmine (no cell or error)
STEP 358 | BUILD:Ironmine | total=-3.234 err=-1.000 tax=0.000 taxb=0.300 build=0.000 cost=0.000 div=0.000 prox=0.000 prov=0.000 preq=0.000 pres=0.000 sale=0.000 mtax=0.000 chain=0.000 daily=0.000 nov=0.000 mile=0.000 surv=-1.670 idle=0.000 gover=0.000 | nw=1.43054e+06 pop=31 bases=17 money=1498 credit=172711 day=364 | food=200 water=0 coal=0 home=510 free=31 roads=13
  ACTION: 33 (BUILD:AtomStation price=120000000 need_earth=2) | money=1498 pop=31 free=31
  BUILD FAILED: AtomStation (no cell or error)
STEP 359 | BUILD:AtomStation | total=1.768 err=-1.000 tax=0.000 taxb=0.300 build=0.000 cost=0.000 div=0.000 prox=0.000 prov=0.000 preq=0.000 pres=0.000 sale=0.000 mtax=0.000 chain=0.000 daily=0.000 nov=0.000 mile=5.000 surv=-1.666 idle=0.000 gover=0.000 | nw=1.43019e+06 pop=31 bases=17 money=1498 credit=173056 day=365 | food=200 water=0 coal=0 home=510 free=31 roads=13
  ACTION: 28 (BUILD:BigRefinary price=3999149 need_earth=6) | money=1498 pop=31 free=31
  BUILD FAILED: BigRefinary (no cell or error)
STEP 360 | BUILD:BigRefinary | total=-15.900 err=-1.000 tax=-5.000 taxb=0.000 build=0.000 cost=0.000 div=0.000 prox=0.000 prov=0.000 preq=0.000 pres=0.000 sale=0.000 mtax=0.000 chain=0.000 daily=0.000 nov=0.000 mile=0.000 surv=0.100 idle=-10.000 gover=0.000 | nw=1.43019e+06 pop=31 bases=17 money=1498 credit=173056 day=365 | food=200 water=0 coal=0 home=510 free=31 roads=13
  ACTION: 7 (BUILD:Ironmine price=32008 need_earth=5) | money=1498 pop=31 free=31
  BUILD FAILED: Ironmine (no cell or error)
STEP 361 | BUILD:Ironmine | total=-5.900 err=-1.000 tax=-5.000 taxb=0.000 build=0.000 cost=0.000 div=0.000 prox=0.000 prov=0.000 preq=0.000 pres=0.000 sale=0.000 mtax=0.000 chain=0.000 daily=0.000 nov=0.000 mile=0.000 surv=0.100 idle=0.000 gover=0.000 | nw=1.43019e+06 pop=31 bases=17 money=1498 credit=173056 day=365 | food=200 water=0 coal=0 home=510 free=31 roads=13
  ACTION: 21 (BUILD:BigFarm price=380385 need_earth=1) | money=1498 pop=31 free=31
  BUILD FAILED: BigFarm (no cell or error)
STEP 362 | BUILD:BigFarm | total=-5.900 err=-1.000 tax=-5.000 taxb=0.000 build=0.000 cost=0.000 div=0.000 prox=0.000 prov=0.000 preq=0.000 pres=0.000 sale=0.000 mtax=0.000 chain=0.000 daily=0.000 nov=0.000 mile=0.000 surv=0.100 idle=0.000 gover=0.000 | nw=1.43019e+06 pop=31 bases=17 money=1498 credit=173056 day=365 | food=200 water=0 coal=0 home=510 free=31 roads=13
  ACTION: 43 | money=1498 pop=31 free=31
STEP 363 | MGR:credit_give | total=-15.900 err=-1.000 tax=-5.000 taxb=0.000 build=0.000 cost=0.000 div=0.000 prox=0.000 prov=0.000 preq=0.000 pres=0.000 sale=0.000 mtax=0.000 chain=0.000 daily=0.000 nov=0.000 mile=0.000 surv=0.100 idle=-10.000 gover=0.000 | nw=1.43019e+06 pop=31 bases=17 money=1498 credit=173056 day=365 | food=200 water=0 coal=0 home=510 free=31 roads=13
  ACTION: 4 (BUILD:WaterChannel price=18310 need_earth=2) | money=1498 pop=31 free=31
  BUILD FAILED: WaterChannel (no cell or error)
STEP 364 | BUILD:WaterChannel | total=-5.900 err=-1.000 tax=-5.000 taxb=0.000 build=0.000 cost=0.000 div=0.000 prox=0.000 prov=0.000 preq=0.000 pres=0.000 sale=0.000 mtax=0.000 chain=0.000 daily=0.000 nov=0.000 mile=0.000 surv=0.100 idle=0.000 gover=0.000 | nw=1.43019e+06 pop=31 bases=17 money=1498 credit=173056 day=365 | food=200 water=0 coal=0 home=510 free=31 roads=13
  ACTION: 15 (BUILD:Fish price=30202 need_earth=2) | money=1498 pop=31 free=31
  BUILD FAILED: Fish (no cell or error)
STEP 365 | BUILD:Fish | total=-5.900 err=-1.000 tax=-5.000 taxb=0.000 build=0.000 cost=0.000 div=0.000 prox=0.000 prov=0.000 preq=0.000 pres=0.000 sale=0.000 mtax=0.000 chain=0.000 daily=0.000 nov=0.000 mile=0.000 surv=0.100 idle=0.000 gover=0.000 | nw=1.43019e+06 pop=31 bases=17 money=1498 credit=173056 day=365 | food=200 water=0 coal=0 home=510 free=31 roads=13
  ACTION: 44 | money=1498 pop=31 free=31
STEP 366 | MGR:manual_tax | total=-14.400 err=0.000 tax=-5.000 taxb=0.000 build=0.000 cost=0.000 div=0.000 prox=0.000 prov=0.000 preq=0.000 pres=0.000 sale=0.000 mtax=0.500 chain=0.000 daily=0.000 nov=0.000 mile=0.000 surv=0.100 idle=-10.000 gover=0.000 | nw=1.43019e+06 pop=31 bases=17 money=1498 credit=173056 day=365 | food=200 water=0 coal=0 home=510 free=31 roads=13
  ACTION: 34 | money=1498 pop=31 free=31
STEP 367 | MGR:improve | total=-5.900 err=-1.000 tax=-5.000 taxb=0.000 build=0.000 cost=0.000 div=0.000 prox=0.000 prov=0.000 preq=0.000 pres=0.000 sale=0.000 mtax=0.000 chain=0.000 daily=0.000 nov=0.000 mile=0.000 surv=0.100 idle=0.000 gover=0.000 | nw=1.43019e+06 pop=31 bases=17 money=1498 credit=173056 day=365 | food=200 water=0 coal=0 home=510 free=31 roads=13
  ACTION: 15 (BUILD:Fish price=30202 need_earth=2) | money=1498 pop=31 free=31
  BUILD FAILED: Fish (no cell or error)
STEP 368 | BUILD:Fish | total=-5.900 err=-1.000 tax=-5.000 taxb=0.000 build=0.000 cost=0.000 div=0.000 prox=0.000 prov=0.000 preq=0.000 pres=0.000 sale=0.000 mtax=0.000 chain=0.000 daily=0.000 nov=0.000 mile=0.000 surv=0.100 idle=0.000 gover=0.000 | nw=1.43019e+06 pop=31 bases=17 money=1498 credit=173056 day=365 | food=200 water=0 coal=0 home=510 free=31 roads=13
  ACTION: 34 | money=1498 pop=31 free=31
STEP 369 | MGR:improve | total=-15.900 err=-1.000 tax=-5.000 taxb=0.000 build=0.000 cost=0.000 div=0.000 prox=0.000 prov=0.000 preq=0.000 pres=0.000 sale=0.000 mtax=0.000 chain=0.000 daily=0.000 nov=0.000 mile=0.000 surv=0.100 idle=-10.000 gover=0.000 | nw=1.43019e+06 pop=31 bases=17 money=1498 credit=173056 day=365 | food=200 water=0 coal=0 home=510 free=31 roads=13
  ACTION: 15 (BUILD:Fish price=30202 need_earth=2) | money=1498 pop=31 free=31
  BUILD FAILED: Fish (no cell or error)
STEP 370 | BUILD:Fish | total=-5.900 err=-1.000 tax=-5.000 taxb=0.000 build=0.000 cost=0.000 div=0.000 prox=0.000 prov=0.000 preq=0.000 pres=0.000 sale=0.000 mtax=0.000 chain=0.000 daily=0.000 nov=0.000 mile=0.000 surv=0.100 idle=0.000 gover=0.000 | nw=1.43019e+06 pop=31 bases=17 money=1498 credit=173056 day=365 | food=200 water=0 coal=0 home=510 free=31 roads=13
  ACTION: 6 (BUILD:Coalmine price=25471 need_earth=4) | money=1498 pop=31 free=31
  BUILD FAILED: Coalmine (no cell or error)
STEP 371 | BUILD:Coalmine | total=-5.900 err=-1.000 tax=-5.000 taxb=0.000 build=0.000 cost=0.000 div=0.000 prox=0.000 prov=0.000 preq=0.000 pres=0.000 sale=0.000 mtax=0.000 chain=0.000 daily=0.000 nov=0.000 mile=0.000 surv=0.100 idle=0.000 gover=0.000 | nw=1.43019e+06 pop=31 bases=17 money=1498 credit=173056 day=365 | food=200 water=0 coal=0 home=510 free=31 roads=13
  ACTION: 11 (BUILD:HydroStation price=92214 need_earth=2) | money=1498 pop=31 free=31
  BUILD FAILED: HydroStation (no cell or error)
STEP 372 | BUILD:HydroStation | total=-15.900 err=-1.000 tax=-5.000 taxb=0.000 build=0.000 cost=0.000 div=0.000 prox=0.000 prov=0.000 preq=0.000 pres=0.000 sale=0.000 mtax=0.000 chain=0.000 daily=0.000 nov=0.000 mile=0.000 surv=0.100 idle=-10.000 gover=0.000 | nw=1.43019e+06 pop=31 bases=17 money=1498 credit=173056 day=365 | food=200 water=0 coal=0 home=510 free=31 roads=13
  ACTION: 38 | money=1498 pop=31 free=31
STEP 373 | MGR:preserve | total=-1.900 err=0.000 tax=-5.000 taxb=0.000 build=0.000 cost=0.000 div=0.000 prox=0.000 prov=0.000 preq=0.000 pres=3.000 sale=0.000 mtax=0.000 chain=0.000 daily=0.000 nov=0.000 mile=0.000 surv=0.100 idle=0.000 gover=0.000 | nw=1.43019e+06 pop=31 bases=17 money=1498 credit=173056 day=365 | food=200 water=0 coal=0 home=450 free=31 roads=13
  ACTION: 16 (BUILD:CoalCut price=48300 need_earth=4) | money=1498 pop=31 free=31
  BUILD FAILED: CoalCut (no cell or error)
STEP 374 | BUILD:CoalCut | total=-5.900 err=-1.000 tax=-5.000 taxb=0.000 build=0.000 cost=0.000 div=0.000 prox=0.000 prov=0.000 preq=0.000 pres=0.000 sale=0.000 mtax=0.000 chain=0.000 daily=0.000 nov=0.000 mile=0.000 surv=0.100 idle=0.000 gover=0.000 | nw=1.43019e+06 pop=31 bases=17 money=1498 credit=173056 day=365 | food=200 water=0 coal=0 home=450 free=31 roads=13
  ACTION: 35 | money=1498 pop=31 free=31
STEP 375 | MGR:repair | total=-15.900 err=-1.000 tax=-5.000 taxb=0.000 build=0.000 cost=0.000 div=0.000 prox=0.000 prov=0.000 preq=0.000 pres=0.000 sale=0.000 mtax=0.000 chain=0.000 daily=0.000 nov=0.000 mile=0.000 surv=0.100 idle=-10.000 gover=0.000 | nw=1.43019e+06 pop=31 bases=17 money=1498 credit=173056 day=365 | food=200 water=0 coal=0 home=450 free=31 roads=13
  ACTION: 37 | money=1498 pop=31 free=31
STEP 376 | MGR:destroy | total=-66.669 err=0.000 tax=-5.000 taxb=0.000 build=0.000 cost=0.000 div=0.000 prox=0.000 prov=0.000 preq=0.000 pres=0.000 sale=0.000 mtax=0.000 chain=0.000 daily=0.000 nov=0.000 mile=0.000 surv=-61.669 idle=0.000 gover=0.000 | nw=1.41784e+06 pop=31 bases=16 money=2901 credit=173056 day=365 | food=200 water=0 coal=0 home=450 free=31 roads=13
  ACTION: 9 (BUILD:Goldmine price=77000 need_earth=7) | money=2901 pop=31 free=31
  BUILD FAILED: Goldmine (no cell or error)
STEP 377 | BUILD:Goldmine | total=-5.900 err=-1.000 tax=-5.000 taxb=0.000 build=0.000 cost=0.000 div=0.000 prox=0.000 prov=0.000 preq=0.000 pres=0.000 sale=0.000 mtax=0.000 chain=0.000 daily=0.000 nov=0.000 mile=0.000 surv=0.100 idle=0.000 gover=0.000 | nw=1.41784e+06 pop=31 bases=16 money=2901 credit=173056 day=365 | food=200 water=0 coal=0 home=450 free=31 roads=13
  ACTION: 9 (BUILD:Goldmine price=77000 need_earth=7) | money=2901 pop=31 free=31
  BUILD FAILED: Goldmine (no cell or error)
STEP 378 | BUILD:Goldmine | total=-15.900 err=-1.000 tax=-5.000 taxb=0.000 build=0.000 cost=0.000 div=0.000 prox=0.000 prov=0.000 preq=0.000 pres=0.000 sale=0.000 mtax=0.000 chain=0.000 daily=0.000 nov=0.000 mile=0.000 surv=0.100 idle=-10.000 gover=0.000 | nw=1.41784e+06 pop=31 bases=16 money=2901 credit=173056 day=365 | food=200 water=0 coal=0 home=450 free=31 roads=13
  ACTION: 4 (BUILD:WaterChannel price=18310 need_earth=2) | money=2901 pop=31 free=31
  BUILD FAILED: WaterChannel (no cell or error)
STEP 379 | BUILD:WaterChannel | total=-5.900 err=-1.000 tax=-5.000 taxb=0.000 build=0.000 cost=0.000 div=0.000 prox=0.000 prov=0.000 preq=0.000 pres=0.000 sale=0.000 mtax=0.000 chain=0.000 daily=0.000 nov=0.000 mile=0.000 surv=0.100 idle=0.000 gover=0.000 | nw=1.41784e+06 pop=31 bases=16 money=2901 credit=173056 day=365 | food=200 water=0 coal=0 home=450 free=31 roads=13
  ACTION: 16 (BUILD:CoalCut price=48300 need_earth=4) | money=2901 pop=31 free=31
  BUILD FAILED: CoalCut (no cell or error)
STEP 380 | BUILD:CoalCut | total=-5.900 err=-1.000 tax=-5.000 taxb=0.000 build=0.000 cost=0.000 div=0.000 prox=0.000 prov=0.000 preq=0.000 pres=0.000 sale=0.000 mtax=0.000 chain=0.000 daily=0.000 nov=0.000 mile=0.000 surv=0.100 idle=0.000 gover=0.000 | nw=1.41784e+06 pop=31 bases=16 money=2901 credit=173056 day=365 | food=200 water=0 coal=0 home=450 free=31 roads=13
  ACTION: 41 | money=2901 pop=31 free=31
STEP 381 | MGR:buy_food | total=-15.900 err=0.000 tax=-5.000 taxb=0.000 build=0.000 cost=0.000 div=0.000 prox=0.000 prov=0.000 preq=0.000 pres=0.000 sale=0.000 mtax=0.000 chain=0.000 daily=0.000 nov=0.000 mile=0.000 surv=-0.900 idle=-10.000 gover=0.000 | nw=1.41764e+06 pop=31 bases=16 money=2501 credit=173056 day=365 | food=400 water=0 coal=0 home=450 free=31 roads=13
  ACTION: 23 (BUILD:Torchlight price=215000 need_earth=6) | money=2501 pop=31 free=31
  BUILD FAILED: Torchlight (no cell or error)
STEP 382 | BUILD:Torchlight | total=-5.900 err=-1.000 tax=-5.000 taxb=0.000 build=0.000 cost=0.000 div=0.000 prox=0.000 prov=0.000 preq=0.000 pres=0.000 sale=0.000 mtax=0.000 chain=0.000 daily=0.000 nov=0.000 mile=0.000 surv=0.100 idle=0.000 gover=0.000 | nw=1.41764e+06 pop=31 bases=16 money=2501 credit=173056 day=365 | food=400 water=0 coal=0 home=450 free=31 roads=13
  ACTION: 14 (BUILD:SmallHouse price=5900 need_earth=10) | money=2501 pop=31 free=31
  BUILD FAILED: SmallHouse (no cell or error)
STEP 383 | BUILD:SmallHouse | total=-5.900 err=-1.000 tax=-5.000 taxb=0.000 build=0.000 cost=0.000 div=0.000 prox=0.000 prov=0.000 preq=0.000 pres=0.000 sale=0.000 mtax=0.000 chain=0.000 daily=0.000 nov=0.000 mile=0.000 surv=0.100 idle=0.000 gover=0.000 | nw=1.41764e+06 pop=31 bases=16 money=2501 credit=173056 day=365 | food=400 water=0 coal=0 home=450 free=31 roads=13
  ACTION: 15 (BUILD:Fish price=30202 need_earth=2) | money=2501 pop=31 free=31
  BUILD FAILED: Fish (no cell or error)
STEP 384 | BUILD:Fish | total=-15.900 err=-1.000 tax=-5.000 taxb=0.000 build=0.000 cost=0.000 div=0.000 prox=0.000 prov=0.000 preq=0.000 pres=0.000 sale=0.000 mtax=0.000 chain=0.000 daily=0.000 nov=0.000 mile=0.000 surv=0.100 idle=-10.000 gover=0.000 | nw=1.41764e+06 pop=31 bases=16 money=2501 credit=173056 day=365 | food=400 water=0 coal=0 home=450 free=31 roads=13
  ACTION: 10 (BUILD:PowerStation price=92433 need_earth=10) | money=2501 pop=31 free=31
  BUILD FAILED: PowerStation (no cell or error)
STEP 385 | BUILD:PowerStation | total=-5.900 err=-1.000 tax=-5.000 taxb=0.000 build=0.000 cost=0.000 div=0.000 prox=0.000 prov=0.000 preq=0.000 pres=0.000 sale=0.000 mtax=0.000 chain=0.000 daily=0.000 nov=0.000 mile=0.000 surv=0.100 idle=0.000 gover=0.000 | nw=1.41764e+06 pop=31 bases=16 money=2501 credit=173056 day=365 | food=400 water=0 coal=0 home=450 free=31 roads=13
  ACTION: 40 | money=2501 pop=31 free=31
STEP 386 | MGR:sell | total=-4.680 err=0.000 tax=-5.000 taxb=0.000 build=0.000 cost=0.000 div=0.000 prox=0.000 prov=0.000 preq=0.000 pres=0.000 sale=0.220 mtax=0.000 chain=0.000 daily=0.000 nov=0.000 mile=0.000 surv=0.100 idle=0.000 gover=0.000 | nw=1.41764e+06 pop=31 bases=16 money=2701 credit=173056 day=365 | food=200 water=0 coal=0 home=450 free=31 roads=13
  ACTION: 27 (BUILD:WaterMill price=2900197 need_earth=2) | money=2701 pop=31 free=31
  BUILD FAILED: WaterMill (no cell or error)
STEP 387 | BUILD:WaterMill | total=-15.900 err=-1.000 tax=-5.000 taxb=0.000 build=0.000 cost=0.000 div=0.000 prox=0.000 prov=0.000 preq=0.000 pres=0.000 sale=0.000 mtax=0.000 chain=0.000 daily=0.000 nov=0.000 mile=0.000 surv=0.100 idle=-10.000 gover=0.000 | nw=1.41764e+06 pop=31 bases=16 money=2701 credit=173056 day=365 | food=200 water=0 coal=0 home=450 free=31 roads=13
  ACTION: 39 | money=2701 pop=31 free=31
STEP 388 | MGR:unpreserve | total=-5.900 err=-1.000 tax=-5.000 taxb=0.000 build=0.000 cost=0.000 div=0.000 prox=0.000 prov=0.000 preq=0.000 pres=0.000 sale=0.000 mtax=0.000 chain=0.000 daily=0.000 nov=0.000 mile=0.000 surv=0.100 idle=0.000 gover=0.000 | nw=1.41764e+06 pop=31 bases=16 money=2701 credit=173056 day=365 | food=200 water=0 coal=0 home=450 free=31 roads=13
  ACTION: 31 (BUILD:AirStation price=23790 need_earth=10) | money=2701 pop=31 free=31
  BUILD FAILED: AirStation (no cell or error)
STEP 389 | BUILD:AirStation | total=-5.900 err=-1.000 tax=-5.000 taxb=0.000 build=0.000 cost=0.000 div=0.000 prox=0.000 prov=0.000 preq=0.000 pres=0.000 sale=0.000 mtax=0.000 chain=0.000 daily=0.000 nov=0.000 mile=0.000 surv=0.100 idle=0.000 gover=0.000 | nw=1.41764e+06 pop=31 bases=16 money=2701 credit=173056 day=365 | food=200 water=0 coal=0 home=450 free=31 roads=13
  ACTION: 34 | money=2701 pop=31 free=31
STEP 390 | MGR:improve | total=-15.900 err=-1.000 tax=-5.000 taxb=0.000 build=0.000 cost=0.000 div=0.000 prox=0.000 prov=0.000 preq=0.000 pres=0.000 sale=0.000 mtax=0.000 chain=0.000 daily=0.000 nov=0.000 mile=0.000 surv=0.100 idle=-10.000 gover=0.000 | nw=1.41764e+06 pop=31 bases=16 money=2701 credit=173056 day=365 | food=200 water=0 coal=0 home=450 free=31 roads=13
  ACTION: 40 | money=2701 pop=31 free=31
STEP 391 | MGR:sell | total=-5.900 err=-1.000 tax=-5.000 taxb=0.000 build=0.000 cost=0.000 div=0.000 prox=0.000 prov=0.000 preq=0.000 pres=0.000 sale=0.000 mtax=0.000 chain=0.000 daily=0.000 nov=0.000 mile=0.000 surv=0.100 idle=0.000 gover=0.000 | nw=1.41764e+06 pop=31 bases=16 money=2701 credit=173056 day=365 | food=200 water=0 coal=0 home=450 free=31 roads=13
  ACTION: 43 | money=2701 pop=31 free=31
STEP 392 | MGR:credit_give | total=-5.900 err=-1.000 tax=-5.000 taxb=0.000 build=0.000 cost=0.000 div=0.000 prox=0.000 prov=0.000 preq=0.000 pres=0.000 sale=0.000 mtax=0.000 chain=0.000 daily=0.000 nov=0.000 mile=0.000 surv=0.100 idle=0.000 gover=0.000 | nw=1.41764e+06 pop=31 bases=16 money=2701 credit=173056 day=365 | food=200 water=0 coal=0 home=450 free=31 roads=13
  ACTION: 26 (BUILD:BigSawmill price=620900 need_earth=3) | money=2701 pop=31 free=31
  BUILD FAILED: BigSawmill (no cell or error)
STEP 393 | BUILD:BigSawmill | total=-15.900 err=-1.000 tax=-5.000 taxb=0.000 build=0.000 cost=0.000 div=0.000 prox=0.000 prov=0.000 preq=0.000 pres=0.000 sale=0.000 mtax=0.000 chain=0.000 daily=0.000 nov=0.000 mile=0.000 surv=0.100 idle=-10.000 gover=0.000 | nw=1.41764e+06 pop=31 bases=16 money=2701 credit=173056 day=365 | food=200 water=0 coal=0 home=450 free=31 roads=13
  ACTION: 0 (DAY) | money=2701 pop=31 free=31
STEP 394 | DAY | total=-5.900 err=-1.000 tax=-5.000 taxb=0.000 build=0.000 cost=0.000 div=0.000 prox=0.000 prov=0.000 preq=0.000 pres=0.000 sale=0.000 mtax=0.000 chain=0.000 daily=0.000 nov=0.000 mile=0.000 surv=0.100 idle=0.000 gover=0.000 | nw=1.41764e+06 pop=31 bases=16 money=2701 credit=173056 day=365 | food=200 water=0 coal=0 home=450 free=31 roads=13
  ACTION: 40 | money=2701 pop=31 free=31
STEP 395 | MGR:sell | total=-5.900 err=-1.000 tax=-5.000 taxb=0.000 build=0.000 cost=0.000 div=0.000 prox=0.000 prov=0.000 preq=0.000 pres=0.000 sale=0.000 mtax=0.000 chain=0.000 daily=0.000 nov=0.000 mile=0.000 surv=0.100 idle=0.000 gover=0.000 | nw=1.41764e+06 pop=31 bases=16 money=2701 credit=173056 day=365 | food=200 water=0 coal=0 home=450 free=31 roads=13
  ACTION: 21 (BUILD:BigFarm price=380385 need_earth=1) | money=2701 pop=31 free=31
  BUILD FAILED: BigFarm (no cell or error)
STEP 396 | BUILD:BigFarm | total=-15.900 err=-1.000 tax=-5.000 taxb=0.000 build=0.000 cost=0.000 div=0.000 prox=0.000 prov=0.000 preq=0.000 pres=0.000 sale=0.000 mtax=0.000 chain=0.000 daily=0.000 nov=0.000 mile=0.000 surv=0.100 idle=-10.000 gover=0.000 | nw=1.41764e+06 pop=31 bases=16 money=2701 credit=173056 day=365 | food=200 water=0 coal=0 home=450 free=31 roads=13
  ACTION: 19 (BUILD:Mushroom price=12164 need_earth=3) | money=2701 pop=31 free=31
  BUILD FAILED: Mushroom (no cell or error)
STEP 397 | BUILD:Mushroom | total=-5.900 err=-1.000 tax=-5.000 taxb=0.000 build=0.000 cost=0.000 div=0.000 prox=0.000 prov=0.000 preq=0.000 pres=0.000 sale=0.000 mtax=0.000 chain=0.000 daily=0.000 nov=0.000 mile=0.000 surv=0.100 idle=0.000 gover=0.000 | nw=1.41764e+06 pop=31 bases=16 money=2701 credit=173056 day=365 | food=200 water=0 coal=0 home=450 free=31 roads=13
  ACTION: 27 (BUILD:WaterMill price=2900197 need_earth=2) | money=2701 pop=31 free=31
  BUILD FAILED: WaterMill (no cell or error)
STEP 398 | BUILD:WaterMill | total=-5.900 err=-1.000 tax=-5.000 taxb=0.000 build=0.000 cost=0.000 div=0.000 prox=0.000 prov=0.000 preq=0.000 pres=0.000 sale=0.000 mtax=0.000 chain=0.000 daily=0.000 nov=0.000 mile=0.000 surv=0.100 idle=0.000 gover=0.000 | nw=1.41764e+06 pop=31 bases=16 money=2701 credit=173056 day=365 | food=200 water=0 coal=0 home=450 free=31 roads=13
  ACTION: 0 (DAY) | money=2701 pop=31 free=31
STEP 399 | DAY | total=-15.900 err=-1.000 tax=-5.000 taxb=0.000 build=0.000 cost=0.000 div=0.000 prox=0.000 prov=0.000 preq=0.000 pres=0.000 sale=0.000 mtax=0.000 chain=0.000 daily=0.000 nov=0.000 mile=0.000 surv=0.100 idle=-10.000 gover=0.000 | nw=1.41764e+06 pop=31 bases=16 money=2701 credit=173056 day=365 | food=200 water=0 coal=0 home=450 free=31 roads=13
  ACTION: 7 (BUILD:Ironmine price=32008 need_earth=5) | money=2701 pop=31 free=31
  BUILD FAILED: Ironmine (no cell or error)
STEP 400 | BUILD:Ironmine | total=-5.900 err=-1.000 tax=-5.000 taxb=0.000 build=0.000 cost=0.000 div=0.000 prox=0.000 prov=0.000 preq=0.000 pres=0.000 sale=0.000 mtax=0.000 chain=0.000 daily=0.000 nov=0.000 mile=0.000 surv=0.100 idle=0.000 gover=0.000 | nw=1.41764e+06 pop=31 bases=16 money=2701 credit=173056 day=365 | food=200 water=0 coal=0 home=450 free=31 roads=13
  BUILDINGS: City(0d) BigHouse(0d) BigHouse(0d) Road(0d) Road(0d) Road(0d) Road(0d) Road(0d) Road(0d) Road(0d) Road(0d) Road(0d) Road(0d) Road(0d) Road(0d) Road(0d) 
  ACTION: 18 (BUILD:CowFarm price=32002 need_earth=10) | money=2701 pop=31 free=31
  BUILD FAILED: CowFarm (no cell or error)
STEP 401 | BUILD:CowFarm | total=-5.900 err=-1.000 tax=-5.000 taxb=0.000 build=0.000 cost=0.000 div=0.000 prox=0.000 prov=0.000 preq=0.000 pres=0.000 sale=0.000 mtax=0.000 chain=0.000 daily=0.000 nov=0.000 mile=0.000 surv=0.100 idle=0.000 gover=0.000 | nw=1.41764e+06 pop=31 bases=16 money=2701 credit=173056 day=365 | food=200 water=0 coal=0 home=450 free=31 roads=13
  ACTION: 19 (BUILD:Mushroom price=12164 need_earth=3) | money=2701 pop=31 free=31
  BUILD FAILED: Mushroom (no cell or error)
STEP 402 | BUILD:Mushroom | total=-15.900 err=-1.000 tax=-5.000 taxb=0.000 build=0.000 cost=0.000 div=0.000 prox=0.000 prov=0.000 preq=0.000 pres=0.000 sale=0.000 mtax=0.000 chain=0.000 daily=0.000 nov=0.000 mile=0.000 surv=0.100 idle=-10.000 gover=0.000 | nw=1.41764e+06 pop=31 bases=16 money=2701 credit=173056 day=365 | food=200 water=0 coal=0 home=450 free=31 roads=13
  ACTION: 26 (BUILD:BigSawmill price=620900 need_earth=3) | money=2701 pop=31 free=31
  BUILD FAILED: BigSawmill (no cell or error)
STEP 403 | BUILD:BigSawmill | total=-5.900 err=-1.000 tax=-5.000 taxb=0.000 build=0.000 cost=0.000 div=0.000 prox=0.000 prov=0.000 preq=0.000 pres=0.000 sale=0.000 mtax=0.000 chain=0.000 daily=0.000 nov=0.000 mile=0.000 surv=0.100 idle=0.000 gover=0.000 | nw=1.41764e+06 pop=31 bases=16 money=2701 credit=173056 day=365 | food=200 water=0 coal=0 home=450 free=31 roads=13
  ACTION: 17 (BUILD:HuntingLand price=16985 need_earth=3) | money=2701 pop=31 free=31
  BUILD FAILED: HuntingLand (no cell or error)
STEP 404 | BUILD:HuntingLand | total=-5.900 err=-1.000 tax=-5.000 taxb=0.000 build=0.000 cost=0.000 div=0.000 prox=0.000 prov=0.000 preq=0.000 pres=0.000 sale=0.000 mtax=0.000 chain=0.000 daily=0.000 nov=0.000 mile=0.000 surv=0.100 idle=0.000 gover=0.000 | nw=1.41764e+06 pop=31 bases=16 money=2701 credit=173056 day=365 | food=200 water=0 coal=0 home=450 free=31 roads=13
  ACTION: 21 (BUILD:BigFarm price=380385 need_earth=1) | money=2701 pop=31 free=31
  BUILD FAILED: BigFarm (no cell or error)
STEP 405 | BUILD:BigFarm | total=-15.900 err=-1.000 tax=-5.000 taxb=0.000 build=0.000 cost=0.000 div=0.000 prox=0.000 prov=0.000 preq=0.000 pres=0.000 sale=0.000 mtax=0.000 chain=0.000 daily=0.000 nov=0.000 mile=0.000 surv=0.100 idle=-10.000 gover=0.000 | nw=1.41764e+06 pop=31 bases=16 money=2701 credit=173056 day=365 | food=200 water=0 coal=0 home=450 free=31 roads=13
  ACTION: 13 (BUILD:House price=14038 need_earth=1) | money=2701 pop=31 free=31
  BUILD FAILED: House (no cell or error)
STEP 406 | BUILD:House | total=-5.900 err=-1.000 tax=-5.000 taxb=0.000 build=0.000 cost=0.000 div=0.000 prox=0.000 prov=0.000 preq=0.000 pres=0.000 sale=0.000 mtax=0.000 chain=0.000 daily=0.000 nov=0.000 mile=0.000 surv=0.100 idle=0.000 gover=0.000 | nw=1.41764e+06 pop=31 bases=16 money=2701 credit=173056 day=365 | food=200 water=0 coal=0 home=450 free=31 roads=13
  ACTION: 23 (BUILD:Torchlight price=215000 need_earth=6) | money=2701 pop=31 free=31
  BUILD FAILED: Torchlight (no cell or error)
STEP 407 | BUILD:Torchlight | total=-5.900 err=-1.000 tax=-5.000 taxb=0.000 build=0.000 cost=0.000 div=0.000 prox=0.000 prov=0.000 preq=0.000 pres=0.000 sale=0.000 mtax=0.000 chain=0.000 daily=0.000 nov=0.000 mile=0.000 surv=0.100 idle=0.000 gover=0.000 | nw=1.41764e+06 pop=31 bases=16 money=2701 credit=173056 day=365 | food=200 water=0 coal=0 home=450 free=31 roads=13
  ACTION: 44 | money=2701 pop=31 free=31
STEP 408 | MGR:manual_tax | total=-14.400 err=0.000 tax=-5.000 taxb=0.000 build=0.000 cost=0.000 div=0.000 prox=0.000 prov=0.000 preq=0.000 pres=0.000 sale=0.000 mtax=0.500 chain=0.000 daily=0.000 nov=0.000 mile=0.000 surv=0.100 idle=-10.000 gover=0.000 | nw=1.41764e+06 pop=31 bases=16 money=2701 credit=173056 day=365 | food=200 water=0 coal=0 home=450 free=31 roads=13
  ACTION: 21 (BUILD:BigFarm price=380385 need_earth=1) | money=2701 pop=31 free=31
  BUILD FAILED: BigFarm (no cell or error)
STEP 409 | BUILD:BigFarm | total=-5.900 err=-1.000 tax=-5.000 taxb=0.000 build=0.000 cost=0.000 div=0.000 prox=0.000 prov=0.000 preq=0.000 pres=0.000 sale=0.000 mtax=0.000 chain=0.000 daily=0.000 nov=0.000 mile=0.000 surv=0.100 idle=0.000 gover=0.000 | nw=1.41764e+06 pop=31 bases=16 money=2701 credit=173056 day=365 | food=200 water=0 coal=0 home=450 free=31 roads=13
  ACTION: 36 | money=2701 pop=31 free=31
STEP 410 | MGR:restore_all | total=-4.436 err=0.000 tax=-5.000 taxb=0.000 build=0.000 cost=0.000 div=0.000 prox=0.000 prov=0.000 preq=0.000 pres=0.000 sale=0.000 mtax=0.000 chain=0.000 daily=0.000 nov=0.000 mile=0.000 surv=0.564 idle=0.000 gover=0.000 | nw=1.41773e+06 pop=31 bases=16 money=2585 credit=173056 day=365 | food=200 water=0 coal=0 home=450 free=31 roads=13
  ACTION: 3 (BUILD:Garden price=7640 need_earth=10) | money=2585 pop=31 free=31
  BUILD FAILED: Garden (no cell or error)
STEP 411 | BUILD:Garden | total=-15.900 err=-1.000 tax=-5.000 taxb=0.000 build=0.000 cost=0.000 div=0.000 prox=0.000 prov=0.000 preq=0.000 pres=0.000 sale=0.000 mtax=0.000 chain=0.000 daily=0.000 nov=0.000 mile=0.000 surv=0.100 idle=-10.000 gover=0.000 | nw=1.41773e+06 pop=31 bases=16 money=2585 credit=173056 day=365 | food=200 water=0 coal=0 home=450 free=31 roads=13
  ACTION: 22 (BUILD:Apiary price=9385 need_earth=10) | money=2585 pop=31 free=31
  BUILD FAILED: Apiary (no cell or error)
STEP 412 | BUILD:Apiary | total=-5.900 err=-1.000 tax=-5.000 taxb=0.000 build=0.000 cost=0.000 div=0.000 prox=0.000 prov=0.000 preq=0.000 pres=0.000 sale=0.000 mtax=0.000 chain=0.000 daily=0.000 nov=0.000 mile=0.000 surv=0.100 idle=0.000 gover=0.000 | nw=1.41773e+06 pop=31 bases=16 money=2585 credit=173056 day=365 | food=200 water=0 coal=0 home=450 free=31 roads=13
  ACTION: 7 (BUILD:Ironmine price=32008 need_earth=5) | money=2585 pop=31 free=31
  BUILD FAILED: Ironmine (no cell or error)
STEP 413 | BUILD:Ironmine | total=-5.900 err=-1.000 tax=-5.000 taxb=0.000 build=0.000 cost=0.000 div=0.000 prox=0.000 prov=0.000 preq=0.000 pres=0.000 sale=0.000 mtax=0.000 chain=0.000 daily=0.000 nov=0.000 mile=0.000 surv=0.100 idle=0.000 gover=0.000 | nw=1.41773e+06 pop=31 bases=16 money=2585 credit=173056 day=365 | food=200 water=0 coal=0 home=450 free=31 roads=13
  ACTION: 14 (BUILD:SmallHouse price=5900 need_earth=10) | money=2585 pop=31 free=31
  BUILD FAILED: SmallHouse (no cell or error)
STEP 414 | BUILD:SmallHouse | total=-15.900 err=-1.000 tax=-5.000 taxb=0.000 build=0.000 cost=0.000 div=0.000 prox=0.000 prov=0.000 preq=0.000 pres=0.000 sale=0.000 mtax=0.000 chain=0.000 daily=0.000 nov=0.000 mile=0.000 surv=0.100 idle=-10.000 gover=0.000 | nw=1.41773e+06 pop=31 bases=16 money=2585 credit=173056 day=365 | food=200 water=0 coal=0 home=450 free=31 roads=13
  ACTION: 44 | money=2585 pop=31 free=31
STEP 415 | MGR:manual_tax | total=-4.400 err=0.000 tax=-5.000 taxb=0.000 build=0.000 cost=0.000 div=0.000 prox=0.000 prov=0.000 preq=0.000 pres=0.000 sale=0.000 mtax=0.500 chain=0.000 daily=0.000 nov=0.000 mile=0.000 surv=0.100 idle=0.000 gover=0.000 | nw=1.41773e+06 pop=31 bases=16 money=2585 credit=173056 day=365 | food=200 water=0 coal=0 home=450 free=31 roads=13
  ACTION: 23 (BUILD:Torchlight price=215000 need_earth=6) | money=2585 pop=31 free=31
  BUILD FAILED: Torchlight (no cell or error)
STEP 416 | BUILD:Torchlight | total=-5.900 err=-1.000 tax=-5.000 taxb=0.000 build=0.000 cost=0.000 div=0.000 prox=0.000 prov=0.000 preq=0.000 pres=0.000 sale=0.000 mtax=0.000 chain=0.000 daily=0.000 nov=0.000 mile=0.000 surv=0.100 idle=0.000 gover=0.000 | nw=1.41773e+06 pop=31 bases=16 money=2585 credit=173056 day=365 | food=200 water=0 coal=0 home=450 free=31 roads=13
  ACTION: 7 (BUILD:Ironmine price=32008 need_earth=5) | money=2585 pop=31 free=31
  BUILD FAILED: Ironmine (no cell or error)
STEP 417 | BUILD:Ironmine | total=-15.900 err=-1.000 tax=-5.000 taxb=0.000 build=0.000 cost=0.000 div=0.000 prox=0.000 prov=0.000 preq=0.000 pres=0.000 sale=0.000 mtax=0.000 chain=0.000 daily=0.000 nov=0.000 mile=0.000 surv=0.100 idle=-10.000 gover=0.000 | nw=1.41773e+06 pop=31 bases=16 money=2585 credit=173056 day=365 | food=200 water=0 coal=0 home=450 free=31 roads=13
  ACTION: 39 | money=2585 pop=31 free=31
STEP 418 | MGR:unpreserve | total=-15.900 err=-1.000 tax=-5.000 taxb=0.000 build=0.000 cost=0.000 div=0.000 prox=0.000 prov=0.000 preq=0.000 pres=0.000 sale=0.000 mtax=0.000 chain=0.000 daily=0.000 nov=0.000 mile=0.000 surv=0.100 idle=0.000 gover=-10.000 | nw=1.41773e+06 pop=31 bases=16 money=2585 credit=173056 day=365 | food=200 water=0 coal=0 home=450 free=31 roads=13
  ACTION: 11 (BUILD:HydroStation price=92214 need_earth=2) | money=82000 pop=28 free=28
  BUILD FAILED: HydroStation (no cell or error)
STEP 1 | BUILD:HydroStation | total=-0.600 err=-1.000 tax=0.000 taxb=0.300 build=0.000 cost=0.000 div=0.000 prox=0.000 prov=0.000 preq=0.000 pres=0.000 sale=0.000 mtax=0.000 chain=0.000 daily=0.000 nov=0.000 mile=0.000 surv=0.100 idle=0.000 gover=0.000 | nw=1.532e+06 pop=28 bases=1 money=82000 credit=0 day=1 | food=0 water=0 coal=0 home=50 free=28 roads=0
  ACTION: 30 (BUILD:BigIronmine price=2715002 need_earth=5) | money=82000 pop=28 free=28
  BUILD FAILED: BigIronmine (no cell or error)
STEP 2 | BUILD:BigIronmine | total=-0.600 err=-1.000 tax=0.000 taxb=0.300 build=0.000 cost=0.000 div=0.000 prox=0.000 prov=0.000 preq=0.000 pres=0.000 sale=0.000 mtax=0.000 chain=0.000 daily=0.000 nov=0.000 mile=0.000 surv=0.100 idle=0.000 gover=0.000 | nw=1.532e+06 pop=28 bases=1 money=82000 credit=0 day=2 | food=0 water=0 coal=0 home=50 free=28 roads=0
  ACTION: 13 (BUILD:House price=14038 need_earth=1) | money=82000 pop=28 free=28
STEP 3 | BUILD:House | total=0.496 err=0.000 tax=0.000 taxb=0.300 build=1.500 cost=-1.404 div=0.000 prox=0.000 prov=0.000 preq=0.000 pres=0.000 sale=0.000 mtax=0.000 chain=0.000 daily=0.000 nov=0.000 mile=0.000 surv=0.100 idle=0.000 gover=0.000 | nw=1.532e+06 pop=28 bases=2 money=67962 credit=0 day=3 | food=0 water=0 coal=0 home=50 free=28 roads=0
  ACTION: 16 (BUILD:CoalCut price=48300 need_earth=4) | money=67962 pop=28 free=28
  BUILD FAILED: CoalCut (no cell or error)
STEP 4 | BUILD:CoalCut | total=-0.600 err=-1.000 tax=0.000 taxb=0.300 build=0.000 cost=0.000 div=0.000 prox=0.000 prov=0.000 preq=0.000 pres=0.000 sale=0.000 mtax=0.000 chain=0.000 daily=0.000 nov=0.000 mile=0.000 surv=0.100 idle=0.000 gover=0.000 | nw=1.532e+06 pop=28 bases=2 money=67962 credit=0 day=4 | food=0 water=0 coal=0 home=50 free=28 roads=0
  ACTION: 2 (BUILD:Farm price=19814 need_earth=10) | money=67962 pop=28 free=28
STEP 5 | BUILD:Farm | total=3.211 err=0.000 tax=0.000 taxb=0.300 build=4.793 cost=-1.981 div=0.000 prox=0.000 prov=0.000 preq=0.000 pres=0.000 sale=0.000 mtax=0.000 chain=0.000 daily=0.000 nov=0.000 mile=0.000 surv=0.100 idle=0.000 gover=0.000 | nw=1.532e+06 pop=28 bases=3 money=48148 credit=0 day=5 | food=0 water=0 coal=0 home=50 free=28 roads=0
  ACTION: 25 (BUILD:SuperHouse price=971000 need_earth=1) | money=48148 pop=28 free=28
  BUILD FAILED: SuperHouse (no cell or error)
STEP 6 | BUILD:SuperHouse | total=-0.600 err=-1.000 tax=0.000 taxb=0.300 build=0.000 cost=0.000 div=0.000 prox=0.000 prov=0.000 preq=0.000 pres=0.000 sale=0.000 mtax=0.000 chain=0.000 daily=0.000 nov=0.000 mile=0.000 surv=0.100 idle=0.000 gover=0.000 | nw=1.532e+06 pop=28 bases=3 money=48148 credit=0 day=6 | food=0 water=0 coal=0 home=50 free=28 roads=0
  ACTION: 1 (WEEK) | money=48148 pop=28 free=28
STEP 7 | WEEK | total=-9.600 err=0.000 tax=0.000 taxb=0.300 build=0.000 cost=0.000 div=0.000 prox=0.000 prov=0.000 preq=0.000 pres=0.000 sale=0.000 mtax=0.000 chain=0.000 daily=0.000 nov=0.000 mile=0.000 surv=0.100 idle=-10.000 gover=0.000 | nw=1.532e+06 pop=28 bases=3 money=48148 credit=0 day=13 | food=0 water=0 coal=0 home=50 free=28 roads=0
  ACTION: 18 (BUILD:CowFarm price=32002 need_earth=10) | money=48148 pop=28 free=28
STEP 8 | BUILD:CowFarm | total=11.122 err=0.000 tax=0.000 taxb=0.300 build=5.922 cost=-3.200 div=8.000 prox=0.000 prov=0.000 preq=0.000 pres=0.000 sale=0.000 mtax=0.000 chain=0.000 daily=0.000 nov=0.000 mile=0.000 surv=0.100 idle=0.000 gover=0.000 | nw=1.532e+06 pop=28 bases=4 money=16146 credit=0 day=14 | food=0 water=0 coal=0 home=50 free=28 roads=0
  ACTION: 11 (BUILD:HydroStation price=92214 need_earth=2) | money=16146 pop=28 free=28
  BUILD FAILED: HydroStation (no cell or error)
STEP 9 | BUILD:HydroStation | total=-0.600 err=-1.000 tax=0.000 taxb=0.300 build=0.000 cost=0.000 div=0.000 prox=0.000 prov=0.000 preq=0.000 pres=0.000 sale=0.000 mtax=0.000 chain=0.000 daily=0.000 nov=0.000 mile=0.000 surv=0.100 idle=0.000 gover=0.000 | nw=1.532e+06 pop=28 bases=4 money=16146 credit=0 day=15 | food=0 water=0 coal=0 home=50 free=28 roads=0
  ACTION: 41 | money=16146 pop=28 free=28
STEP 10 | MGR:buy_food | total=-11.600 err=0.000 tax=0.000 taxb=0.300 build=0.000 cost=0.000 div=0.000 prox=0.000 prov=0.000 preq=0.000 pres=0.000 sale=0.000 mtax=0.000 chain=0.000 daily=0.000 nov=0.000 mile=0.000 surv=-1.900 idle=-10.000 gover=0.000 | nw=1.5316e+06 pop=28 bases=4 money=15346 credit=0 day=16 | food=400 water=0 coal=0 home=50 free=28 roads=0
  ACTION: 40 | money=15346 pop=28 free=28
STEP 11 | MGR:sell | total=0.620 err=0.000 tax=0.000 taxb=0.300 build=0.000 cost=0.000 div=0.000 prox=0.000 prov=0.000 preq=0.000 pres=0.000 sale=0.220 mtax=0.000 chain=0.000 daily=0.000 nov=0.000 mile=0.000 surv=0.100 idle=0.000 gover=0.000 | nw=1.5316e+06 pop=28 bases=4 money=15546 credit=0 day=17 | food=200 water=0 coal=0 home=50 free=28 roads=0
  ACTION: 20 (BUILD:BigHouse price=66400 need_earth=1) | money=15546 pop=28 free=28
  BUILD FAILED: BigHouse (no cell or error)
STEP 12 | BUILD:BigHouse | total=-0.600 err=-1.000 tax=0.000 taxb=0.300 build=0.000 cost=0.000 div=0.000 prox=0.000 prov=0.000 preq=0.000 pres=0.000 sale=0.000 mtax=0.000 chain=0.000 daily=0.000 nov=0.000 mile=0.000 surv=0.100 idle=0.000 gover=0.000 | nw=1.5316e+06 pop=28 bases=4 money=15546 credit=0 day=18 | food=200 water=0 coal=0 home=50 free=28 roads=0
  ACTION: 7 (BUILD:Ironmine price=32008 need_earth=5) | money=15546 pop=28 free=28
  BUILD FAILED: Ironmine (no cell or error)
STEP 13 | BUILD:Ironmine | total=-10.600 err=-1.000 tax=0.000 taxb=0.300 build=0.000 cost=0.000 div=0.000 prox=0.000 prov=0.000 preq=0.000 pres=0.000 sale=0.000 mtax=0.000 chain=0.000 daily=0.000 nov=0.000 mile=0.000 surv=0.100 idle=-10.000 gover=0.000 | nw=1.5316e+06 pop=28 bases=4 money=15546 credit=0 day=19 | food=200 water=0 coal=0 home=50 free=28 roads=0
  ACTION: 3 (BUILD:Garden price=7640 need_earth=10) | money=15546 pop=28 free=28
STEP 14 | BUILD:Garden | total=14.238 err=0.000 tax=0.000 taxb=0.300 build=3.602 cost=-0.764 div=8.000 prox=0.000 prov=0.000 preq=0.000 pres=0.000 sale=0.000 mtax=0.000 chain=0.000 daily=0.000 nov=0.000 mile=3.000 surv=0.100 idle=0.000 gover=0.000 | nw=1.5316e+06 pop=28 bases=5 money=7906 credit=0 day=20 | food=200 water=0 coal=0 home=50 free=28 roads=0
  ACTION: 7 (BUILD:Ironmine price=32008 need_earth=5) | money=7906 pop=28 free=28
  BUILD FAILED: Ironmine (no cell or error)
STEP 15 | BUILD:Ironmine | total=-0.600 err=-1.000 tax=0.000 taxb=0.300 build=0.000 cost=0.000 div=0.000 prox=0.000 prov=0.000 preq=0.000 pres=0.000 sale=0.000 mtax=0.000 chain=0.000 daily=0.000 nov=0.000 mile=0.000 surv=0.100 idle=0.000 gover=0.000 | nw=1.5316e+06 pop=28 bases=5 money=7906 credit=0 day=21 | food=200 water=0 coal=0 home=50 free=28 roads=0
  ACTION: 40 | money=7906 pop=28 free=28
STEP 16 | MGR:sell | total=-10.600 err=-1.000 tax=0.000 taxb=0.300 build=0.000 cost=0.000 div=0.000 prox=0.000 prov=0.000 preq=0.000 pres=0.000 sale=0.000 mtax=0.000 chain=0.000 daily=0.000 nov=0.000 mile=0.000 surv=0.100 idle=-10.000 gover=0.000 | nw=1.5316e+06 pop=28 bases=5 money=7906 credit=0 day=22 | food=200 water=0 coal=0 home=50 free=28 roads=0
  ACTION: 13 (BUILD:House price=14038 need_earth=1) | money=7906 pop=28 free=28
  BUILD FAILED: House (no cell or error)
STEP 17 | BUILD:House | total=-0.600 err=-1.000 tax=0.000 taxb=0.300 build=0.000 cost=0.000 div=0.000 prox=0.000 prov=0.000 preq=0.000 pres=0.000 sale=0.000 mtax=0.000 chain=0.000 daily=0.000 nov=0.000 mile=0.000 surv=0.100 idle=0.000 gover=0.000 | nw=1.5316e+06 pop=28 bases=5 money=7906 credit=0 day=23 | food=200 water=0 coal=0 home=50 free=28 roads=0
  ACTION: 41 | money=7906 pop=28 free=28
STEP 18 | MGR:buy_food | total=-0.600 err=0.000 tax=0.000 taxb=0.300 build=0.000 cost=0.000 div=0.000 prox=0.000 prov=0.000 preq=0.000 pres=0.000 sale=0.000 mtax=0.000 chain=0.000 daily=0.000 nov=0.000 mile=0.000 surv=-0.900 idle=0.000 gover=0.000 | nw=1.5314e+06 pop=28 bases=5 money=7506 credit=0 day=24 | food=400 water=0 coal=0 home=50 free=28 roads=0
  ACTION: 18 (BUILD:CowFarm price=32002 need_earth=10) | money=7506 pop=28 free=28
  BUILD FAILED: CowFarm (no cell or error)
STEP 19 | BUILD:CowFarm | total=-10.600 err=-1.000 tax=0.000 taxb=0.300 build=0.000 cost=0.000 div=0.000 prox=0.000 prov=0.000 preq=0.000 pres=0.000 sale=0.000 mtax=0.000 chain=0.000 daily=0.000 nov=0.000 mile=0.000 surv=0.100 idle=-10.000 gover=0.000 | nw=1.5314e+06 pop=28 bases=5 money=7506 credit=0 day=25 | food=400 water=0 coal=0 home=50 free=28 roads=0
  ACTION: 35 | money=7506 pop=28 free=28
STEP 20 | MGR:repair | total=-0.600 err=-1.000 tax=0.000 taxb=0.300 build=0.000 cost=0.000 div=0.000 prox=0.000 prov=0.000 preq=0.000 pres=0.000 sale=0.000 mtax=0.000 chain=0.000 daily=0.000 nov=0.000 mile=0.000 surv=0.100 idle=0.000 gover=0.000 | nw=1.5314e+06 pop=28 bases=5 money=7506 credit=0 day=26 | food=400 water=0 coal=0 home=50 free=28 roads=0
  ACTION: 32 (BUILD:SmallAtomStation price=29000000 need_earth=2) | money=7506 pop=28 free=28
  BUILD FAILED: SmallAtomStation (no cell or error)
STEP 21 | BUILD:SmallAtomStation | total=-0.600 err=-1.000 tax=0.000 taxb=0.300 build=0.000 cost=0.000 div=0.000 prox=0.000 prov=0.000 preq=0.000 pres=0.000 sale=0.000 mtax=0.000 chain=0.000 daily=0.000 nov=0.000 mile=0.000 surv=0.100 idle=0.000 gover=0.000 | nw=1.5314e+06 pop=28 bases=5 money=7506 credit=0 day=27 | food=400 water=0 coal=0 home=50 free=28 roads=0
  ACTION: 23 (BUILD:Torchlight price=215000 need_earth=6) | money=7506 pop=28 free=28
  BUILD FAILED: Torchlight (no cell or error)
STEP 22 | BUILD:Torchlight | total=-10.600 err=-1.000 tax=0.000 taxb=0.300 build=0.000 cost=0.000 div=0.000 prox=0.000 prov=0.000 preq=0.000 pres=0.000 sale=0.000 mtax=0.000 chain=0.000 daily=0.000 nov=0.000 mile=0.000 surv=0.100 idle=-10.000 gover=0.000 | nw=1.5314e+06 pop=28 bases=5 money=7506 credit=0 day=28 | food=400 water=0 coal=0 home=50 free=28 roads=0
  ACTION: 34 | money=7506 pop=28 free=28
STEP 23 | MGR:improve | total=14.392 err=-1.000 tax=0.000 taxb=0.300 build=0.000 cost=0.000 div=0.000 prox=0.000 prov=0.000 preq=0.000 pres=0.000 sale=0.000 mtax=0.000 chain=0.000 daily=0.000 nov=15.000 mile=0.000 surv=0.092 idle=0.000 gover=0.000 | nw=1.5314e+06 pop=28 bases=5 money=7506 credit=0 day=29 | food=400 water=0 coal=0 home=50 free=28 roads=0
  ACTION: 23 (BUILD:Torchlight price=215000 need_earth=6) | money=7506 pop=28 free=28
  BUILD FAILED: Torchlight (no cell or error)
STEP 24 | BUILD:Torchlight | total=-0.605 err=-1.000 tax=0.000 taxb=0.300 build=0.000 cost=0.000 div=0.000 prox=0.000 prov=0.000 preq=0.000 pres=0.000 sale=0.000 mtax=0.000 chain=0.000 daily=0.000 nov=0.000 mile=0.000 surv=0.095 idle=0.000 gover=0.000 | nw=1.5314e+06 pop=28 bases=5 money=7506 credit=0 day=30 | food=400 water=0 coal=0 home=50 free=28 roads=0
  ACTION: 27 (BUILD:WaterMill price=2900197 need_earth=2) | money=7506 pop=28 free=28
  BUILD FAILED: WaterMill (no cell or error)
STEP 25 | BUILD:WaterMill | total=-10.608 err=-1.000 tax=0.000 taxb=0.300 build=0.000 cost=0.000 div=0.000 prox=0.000 prov=0.000 preq=0.000 pres=0.000 sale=0.000 mtax=0.000 chain=0.000 daily=0.000 nov=0.000 mile=0.000 surv=0.092 idle=-10.000 gover=0.000 | nw=1.5314e+06 pop=28 bases=5 money=7506 credit=0 day=31 | food=400 water=0 coal=0 home=50 free=28 roads=0
  ACTION: 9 (BUILD:Goldmine price=77000 need_earth=7) | money=7506 pop=28 free=28
  BUILD FAILED: Goldmine (no cell or error)
STEP 26 | BUILD:Goldmine | total=-0.605 err=-1.000 tax=0.000 taxb=0.300 build=0.000 cost=0.000 div=0.000 prox=0.000 prov=0.000 preq=0.000 pres=0.000 sale=0.000 mtax=0.000 chain=0.000 daily=0.000 nov=0.000 mile=0.000 surv=0.095 idle=0.000 gover=0.000 | nw=1.53139e+06 pop=28 bases=5 money=7506 credit=0 day=32 | food=400 water=0 coal=0 home=50 free=28 roads=0
  ACTION: 21 (BUILD:BigFarm price=380385 need_earth=1) | money=7506 pop=28 free=28
  BUILD FAILED: BigFarm (no cell or error)
STEP 27 | BUILD:BigFarm | total=-0.605 err=-1.000 tax=0.000 taxb=0.300 build=0.000 cost=0.000 div=0.000 prox=0.000 prov=0.000 preq=0.000 pres=0.000 sale=0.000 mtax=0.000 chain=0.000 daily=0.000 nov=0.000 mile=0.000 surv=0.095 idle=0.000 gover=0.000 | nw=1.53139e+06 pop=28 bases=5 money=7506 credit=0 day=33 | food=400 water=0 coal=0 home=50 free=28 roads=0
  ACTION: 33 (BUILD:AtomStation price=120000000 need_earth=2) | money=7506 pop=28 free=28
  BUILD FAILED: AtomStation (no cell or error)
STEP 28 | BUILD:AtomStation | total=-10.605 err=-1.000 tax=0.000 taxb=0.300 build=0.000 cost=0.000 div=0.000 prox=0.000 prov=0.000 preq=0.000 pres=0.000 sale=0.000 mtax=0.000 chain=0.000 daily=0.000 nov=0.000 mile=0.000 surv=0.095 idle=-10.000 gover=0.000 | nw=1.53139e+06 pop=28 bases=5 money=7506 credit=0 day=34 | food=400 water=0 coal=0 home=50 free=28 roads=0
  ACTION: 40 | money=7506 pop=28 free=28
STEP 29 | MGR:sell | total=0.614 err=0.000 tax=0.000 taxb=0.300 build=0.000 cost=0.000 div=0.000 prox=0.000 prov=0.000 preq=0.000 pres=0.000 sale=0.220 mtax=0.000 chain=0.000 daily=0.000 nov=0.000 mile=0.000 surv=0.095 idle=0.000 gover=0.000 | nw=1.53139e+06 pop=28 bases=5 money=7706 credit=0 day=35 | food=200 water=0 coal=0 home=50 free=28 roads=0
  ACTION: 33 (BUILD:AtomStation price=120000000 need_earth=2) | money=7706 pop=28 free=28
  BUILD FAILED: AtomStation (no cell or error)
STEP 30 | BUILD:AtomStation | total=-0.605 err=-1.000 tax=0.000 taxb=0.300 build=0.000 cost=0.000 div=0.000 prox=0.000 prov=0.000 preq=0.000 pres=0.000 sale=0.000 mtax=0.000 chain=0.000 daily=0.000 nov=0.000 mile=0.000 surv=0.095 idle=0.000 gover=0.000 | nw=1.53139e+06 pop=28 bases=5 money=7706 credit=0 day=36 | food=200 water=0 coal=0 home=50 free=28 roads=0
  ACTION: 41 | money=7706 pop=28 free=28
STEP 31 | MGR:buy_food | total=-10.608 err=0.000 tax=0.000 taxb=0.300 build=0.000 cost=0.000 div=0.000 prox=0.000 prov=0.000 preq=0.000 pres=0.000 sale=0.000 mtax=0.000 chain=0.000 daily=0.000 nov=0.000 mile=0.000 surv=-0.908 idle=-10.000 gover=0.000 | nw=1.53119e+06 pop=28 bases=5 money=7306 credit=0 day=37 | food=400 water=0 coal=0 home=50 free=28 roads=0
  ACTION: 28 (BUILD:BigRefinary price=3999149 need_earth=6) | money=7306 pop=28 free=28
  BUILD FAILED: BigRefinary (no cell or error)
STEP 32 | BUILD:BigRefinary | total=-0.605 err=-1.000 tax=0.000 taxb=0.300 build=0.000 cost=0.000 div=0.000 prox=0.000 prov=0.000 preq=0.000 pres=0.000 sale=0.000 mtax=0.000 chain=0.000 daily=0.000 nov=0.000 mile=0.000 surv=0.095 idle=0.000 gover=0.000 | nw=1.53119e+06 pop=28 bases=5 money=7306 credit=0 day=38 | food=400 water=0 coal=0 home=50 free=28 roads=0
  ACTION: 41 | money=7306 pop=28 free=28
STEP 33 | MGR:buy_food | total=-0.605 err=-1.000 tax=0.000 taxb=0.300 build=0.000 cost=0.000 div=0.000 prox=0.000 prov=0.000 preq=0.000 pres=0.000 sale=0.000 mtax=0.000 chain=0.000 daily=0.000 nov=0.000 mile=0.000 surv=0.095 idle=0.000 gover=0.000 | nw=1.53119e+06 pop=28 bases=5 money=7306 credit=0 day=39 | food=400 water=0 coal=0 home=50 free=28 roads=0
  ACTION: 13 (BUILD:House price=14038 need_earth=1) | money=7306 pop=28 free=28
  BUILD FAILED: House (no cell or error)
STEP 34 | BUILD:House | total=-10.608 err=-1.000 tax=0.000 taxb=0.300 build=0.000 cost=0.000 div=0.000 prox=0.000 prov=0.000 preq=0.000 pres=0.000 sale=0.000 mtax=0.000 chain=0.000 daily=0.000 nov=0.000 mile=0.000 surv=0.092 idle=-10.000 gover=0.000 | nw=1.53119e+06 pop=28 bases=5 money=7306 credit=0 day=40 | food=400 water=0 coal=0 home=50 free=28 roads=0
  ACTION: 30 (BUILD:BigIronmine price=2715002 need_earth=5) | money=7306 pop=28 free=28
  BUILD FAILED: BigIronmine (no cell or error)
STEP 35 | BUILD:BigIronmine | total=-0.612 err=-1.000 tax=0.000 taxb=0.300 build=0.000 cost=0.000 div=0.000 prox=0.000 prov=0.000 preq=0.000 pres=0.000 sale=0.000 mtax=0.000 chain=0.000 daily=0.000 nov=0.000 mile=0.000 surv=0.088 idle=0.000 gover=0.000 | nw=1.53118e+06 pop=28 bases=5 money=7306 credit=0 day=41 | food=400 water=0 coal=0 home=50 free=28 roads=0
  ACTION: 38 | money=7306 pop=28 free=28
STEP 36 | MGR:preserve | total=3.450 err=0.000 tax=0.000 taxb=0.300 build=0.000 cost=0.000 div=0.000 prox=0.000 prov=0.000 preq=0.000 pres=3.000 sale=0.000 mtax=0.000 chain=0.000 daily=0.060 nov=0.000 mile=0.000 surv=0.090 idle=0.000 gover=0.000 | nw=1.53118e+06 pop=28 bases=5 money=7306 credit=0 day=42 | food=400 water=0 coal=0 home=110 free=28 roads=0
  ACTION: 22 (BUILD:Apiary price=9385 need_earth=10) | money=7306 pop=28 free=28
  BUILD FAILED: Apiary (no cell or error)
STEP 37 | BUILD:Apiary | total=-10.627 err=-1.000 tax=0.000 taxb=0.300 build=0.000 cost=0.000 div=0.000 prox=0.000 prov=0.000 preq=0.000 pres=0.000 sale=0.000 mtax=0.000 chain=0.000 daily=0.000 nov=0.000 mile=0.000 surv=0.073 idle=-10.000 gover=0.000 | nw=1.53118e+06 pop=28 bases=5 money=7306 credit=0 day=43 | food=400 water=0 coal=0 home=110 free=28 roads=0
  ACTION: 19 (BUILD:Mushroom price=12164 need_earth=3) | money=7306 pop=28 free=28
  BUILD FAILED: Mushroom (no cell or error)
STEP 38 | BUILD:Mushroom | total=-0.635 err=-1.000 tax=0.000 taxb=0.300 build=0.000 cost=0.000 div=0.000 prox=0.000 prov=0.000 preq=0.000 pres=0.000 sale=0.000 mtax=0.000 chain=0.000 daily=0.000 nov=0.000 mile=0.000 surv=0.065 idle=0.000 gover=0.000 | nw=1.53117e+06 pop=28 bases=5 money=7306 credit=0 day=44 | food=400 water=0 coal=0 home=110 free=28 roads=0
  ACTION: 38 | money=7306 pop=28 free=28
STEP 39 | MGR:preserve | total=3.373 err=0.000 tax=0.000 taxb=0.300 build=0.000 cost=0.000 div=0.000 prox=0.000 prov=0.000 preq=0.000 pres=3.000 sale=0.000 mtax=0.000 chain=0.000 daily=0.000 nov=0.000 mile=0.000 surv=0.073 idle=0.000 gover=0.000 | nw=1.53116e+06 pop=28 bases=5 money=7306 credit=0 day=45 | food=400 water=0 coal=0 home=110 free=28 roads=0
  ACTION: 31 (BUILD:AirStation price=23790 need_earth=10) | money=7306 pop=28 free=28
  BUILD FAILED: AirStation (no cell or error)
STEP 40 | BUILD:AirStation | total=-10.629 err=-1.000 tax=0.000 taxb=0.300 build=0.000 cost=0.000 div=0.000 prox=0.000 prov=0.000 preq=0.000 pres=0.000 sale=0.000 mtax=0.000 chain=0.000 daily=0.000 nov=0.000 mile=0.000 surv=0.071 idle=-10.000 gover=0.000 | nw=1.53116e+06 pop=28 bases=5 money=7306 credit=0 day=46 | food=400 water=0 coal=0 home=110 free=28 roads=0
  ACTION: 2 (BUILD:Farm price=19814 need_earth=10) | money=7306 pop=28 free=28
  BUILD FAILED: Farm (no cell or error)
STEP 41 | BUILD:Farm | total=-0.625 err=-1.000 tax=0.000 taxb=0.300 build=0.000 cost=0.000 div=0.000 prox=0.000 prov=0.000 preq=0.000 pres=0.000 sale=0.000 mtax=0.000 chain=0.000 daily=0.000 nov=0.000 mile=0.000 surv=0.075 idle=0.000 gover=0.000 | nw=1.53115e+06 pop=28 bases=5 money=7306 credit=0 day=47 | food=400 water=0 coal=0 home=110 free=28 roads=0
  ACTION: 33 (BUILD:AtomStation price=120000000 need_earth=2) | money=7306 pop=28 free=28
  BUILD FAILED: AtomStation (no cell or error)
STEP 42 | BUILD:AtomStation | total=-0.627 err=-1.000 tax=0.000 taxb=0.300 build=0.000 cost=0.000 div=0.000 prox=0.000 prov=0.000 preq=0.000 pres=0.000 sale=0.000 mtax=0.000 chain=0.000 daily=0.000 nov=0.000 mile=0.000 surv=0.073 idle=0.000 gover=0.000 | nw=1.53115e+06 pop=28 bases=5 money=7306 credit=0 day=48 | food=400 water=0 coal=0 home=110 free=28 roads=0
  ACTION: 40 | money=7306 pop=28 free=28
STEP 43 | MGR:sell | total=-9.405 err=0.000 tax=0.000 taxb=0.300 build=0.000 cost=0.000 div=0.000 prox=0.000 prov=0.000 preq=0.000 pres=0.000 sale=0.220 mtax=0.000 chain=0.000 daily=0.000 nov=0.000 mile=0.000 surv=0.075 idle=-10.000 gover=0.000 | nw=1.53114e+06 pop=28 bases=5 money=7506 credit=0 day=49 | food=200 water=0 coal=0 home=110 free=28 roads=0
  ACTION: 24 (BUILD:Hothouse price=16590 need_earth=10) | money=7506 pop=28 free=28
  BUILD FAILED: Hothouse (no cell or error)
STEP 44 | BUILD:Hothouse | total=-0.627 err=-1.000 tax=0.000 taxb=0.300 build=0.000 cost=0.000 div=0.000 prox=0.000 prov=0.000 preq=0.000 pres=0.000 sale=0.000 mtax=0.000 chain=0.000 daily=0.000 nov=0.000 mile=0.000 surv=0.073 idle=0.000 gover=0.000 | nw=1.53114e+06 pop=28 bases=5 money=7506 credit=0 day=50 | food=200 water=0 coal=0 home=110 free=28 roads=0
  ACTION: 43 | money=7506 pop=28 free=28
STEP 45 | MGR:credit_give | total=-0.627 err=-1.000 tax=0.000 taxb=0.300 build=0.000 cost=0.000 div=0.000 prox=0.000 prov=0.000 preq=0.000 pres=0.000 sale=0.000 mtax=0.000 chain=0.000 daily=0.000 nov=0.000 mile=0.000 surv=0.073 idle=0.000 gover=0.000 | nw=1.53113e+06 pop=28 bases=5 money=7506 credit=0 day=51 | food=200 water=0 coal=0 home=110 free=28 roads=0
  ACTION: 30 (BUILD:BigIronmine price=2715002 need_earth=5) | money=7506 pop=28 free=28
  BUILD FAILED: BigIronmine (no cell or error)
STEP 46 | BUILD:BigIronmine | total=-10.624 err=-1.000 tax=0.000 taxb=0.300 build=0.000 cost=0.000 div=0.000 prox=0.000 prov=0.000 preq=0.000 pres=0.000 sale=0.000 mtax=0.000 chain=0.000 daily=0.000 nov=0.000 mile=0.000 surv=0.076 idle=-10.000 gover=0.000 | nw=1.53113e+06 pop=28 bases=5 money=7506 credit=0 day=52 | food=200 water=0 coal=0 home=110 free=28 roads=0
  ACTION: 15 (BUILD:Fish price=30202 need_earth=2) | money=7506 pop=28 free=28
  BUILD FAILED: Fish (no cell or error)
STEP 47 | BUILD:Fish | total=-0.618 err=-1.000 tax=0.000 taxb=0.300 build=0.000 cost=0.000 div=0.000 prox=0.000 prov=0.000 preq=0.000 pres=0.000 sale=0.000 mtax=0.000 chain=0.000 daily=0.000 nov=0.000 mile=0.000 surv=0.082 idle=0.000 gover=0.000 | nw=1.53112e+06 pop=28 bases=5 money=7506 credit=0 day=53 | food=200 water=0 coal=0 home=110 free=28 roads=0
  ACTION: 25 (BUILD:SuperHouse price=971000 need_earth=1) | money=7506 pop=28 free=28
  BUILD FAILED: SuperHouse (no cell or error)
STEP 48 | BUILD:SuperHouse | total=-0.624 err=-1.000 tax=0.000 taxb=0.300 build=0.000 cost=0.000 div=0.000 prox=0.000 prov=0.000 preq=0.000 pres=0.000 sale=0.000 mtax=0.000 chain=0.000 daily=0.000 nov=0.000 mile=0.000 surv=0.076 idle=0.000 gover=0.000 | nw=1.53112e+06 pop=28 bases=5 money=7506 credit=0 day=54 | food=200 water=0 coal=0 home=110 free=28 roads=0
  ACTION: 3 (BUILD:Garden price=7640 need_earth=10) | money=7506 pop=28 free=28
  BUILD FAILED: Garden (no cell or error)
STEP 49 | BUILD:Garden | total=-10.625 err=-1.000 tax=0.000 taxb=0.300 build=0.000 cost=0.000 div=0.000 prox=0.000 prov=0.000 preq=0.000 pres=0.000 sale=0.000 mtax=0.000 chain=0.000 daily=0.000 nov=0.000 mile=0.000 surv=0.075 idle=-10.000 gover=0.000 | nw=1.53111e+06 pop=28 bases=5 money=7506 credit=0 day=55 | food=200 water=0 coal=0 home=110 free=28 roads=0
  ACTION: 44 | money=7506 pop=28 free=28
STEP 50 | MGR:manual_tax | total=0.875 err=0.000 tax=0.000 taxb=0.300 build=0.000 cost=0.000 div=0.000 prox=0.000 prov=0.000 preq=0.000 pres=0.000 sale=0.000 mtax=0.500 chain=0.000 daily=0.000 nov=0.000 mile=0.000 surv=0.075 idle=0.000 gover=0.000 | nw=1.53111e+06 pop=28 bases=5 money=7506 credit=0 day=56 | food=200 water=0 coal=0 home=110 free=28 roads=0
  ACTION: 10 (BUILD:PowerStation price=92433 need_earth=10) | money=7506 pop=28 free=28
  BUILD FAILED: PowerStation (no cell or error)
STEP 51 | BUILD:PowerStation | total=-0.627 err=-1.000 tax=0.000 taxb=0.300 build=0.000 cost=0.000 div=0.000 prox=0.000 prov=0.000 preq=0.000 pres=0.000 sale=0.000 mtax=0.000 chain=0.000 daily=0.000 nov=0.000 mile=0.000 surv=0.073 idle=0.000 gover=0.000 | nw=1.5311e+06 pop=28 bases=5 money=7506 credit=0 day=57 | food=200 water=0 coal=0 home=110 free=28 roads=0
  ACTION: 10 (BUILD:PowerStation price=92433 need_earth=10) | money=7506 pop=28 free=28
  BUILD FAILED: PowerStation (no cell or error)
STEP 52 | BUILD:PowerStation | total=-10.629 err=-1.000 tax=0.000 taxb=0.300 build=0.000 cost=0.000 div=0.000 prox=0.000 prov=0.000 preq=0.000 pres=0.000 sale=0.000 mtax=0.000 chain=0.000 daily=0.000 nov=0.000 mile=0.000 surv=0.071 idle=-10.000 gover=0.000 | nw=1.5311e+06 pop=28 bases=5 money=7506 credit=0 day=58 | food=200 water=0 coal=0 home=110 free=28 roads=0
  ACTION: 39 | money=7506 pop=28 free=28
STEP 53 | MGR:unpreserve | total=3.332 err=0.000 tax=0.000 taxb=0.300 build=0.000 cost=0.000 div=0.000 prox=0.000 prov=0.000 preq=0.000 pres=3.000 sale=0.000 mtax=0.000 chain=0.000 daily=0.000 nov=0.000 mile=0.000 surv=0.032 idle=0.000 gover=0.000 | nw=1.53108e+06 pop=28 bases=5 money=7506 credit=0 day=59 | food=200 water=0 coal=0 home=110 free=28 roads=0
  ACTION: 37 | money=7506 pop=28 free=28
STEP 54 | MGR:destroy | total=-143.596 err=0.000 tax=0.000 taxb=0.300 build=0.000 cost=0.000 div=0.000 prox=0.000 prov=0.000 preq=0.000 pres=0.000 sale=0.000 mtax=0.000 chain=0.000 daily=0.000 nov=0.000 mile=0.000 surv=-143.896 idle=0.000 gover=0.000 | nw=1.50228e+06 pop=28 bases=4 money=10706 credit=0 day=60 | food=200 water=0 coal=0 home=110 free=28 roads=0
  ACTION: 11 (BUILD:HydroStation price=92214 need_earth=2) | money=10706 pop=28 free=28
  BUILD FAILED: HydroStation (no cell or error)
STEP 55 | BUILD:HydroStation | total=-10.627 err=-1.000 tax=0.000 taxb=0.300 build=0.000 cost=0.000 div=0.000 prox=0.000 prov=0.000 preq=0.000 pres=0.000 sale=0.000 mtax=0.000 chain=0.000 daily=0.000 nov=0.000 mile=0.000 surv=0.073 idle=-10.000 gover=0.000 | nw=1.50228e+06 pop=28 bases=4 money=10706 credit=0 day=61 | food=200 water=0 coal=0 home=110 free=28 roads=0
  ACTION: 12 (BUILD:Road price=400 need_earth=10) | money=10706 pop=28 free=28
STEP 56 | BUILD:Road | total=1.831 err=0.000 tax=0.000 taxb=0.300 build=1.500 cost=-0.040 div=0.000 prox=0.000 prov=0.000 preq=0.000 pres=0.000 sale=0.000 mtax=0.000 chain=0.000 daily=0.000 nov=0.000 mile=0.000 surv=0.071 idle=0.000 gover=0.000 | nw=1.50227e+06 pop=28 bases=5 money=10306 credit=0 day=62 | food=200 water=0 coal=0 home=110 free=28 roads=1
  ACTION: 17 (BUILD:HuntingLand price=16985 need_earth=3) | money=10306 pop=28 free=28
  BUILD FAILED: HuntingLand (no cell or error)
STEP 57 | BUILD:HuntingLand | total=-0.627 err=-1.000 tax=0.000 taxb=0.300 build=0.000 cost=0.000 div=0.000 prox=0.000 prov=0.000 preq=0.000 pres=0.000 sale=0.000 mtax=0.000 chain=0.000 daily=0.000 nov=0.000 mile=0.000 surv=0.073 idle=0.000 gover=0.000 | nw=1.50227e+06 pop=28 bases=5 money=10306 credit=0 day=63 | food=200 water=0 coal=0 home=110 free=28 roads=1
  ACTION: 40 | money=10306 pop=28 free=28
STEP 58 | MGR:sell | total=-10.625 err=-1.000 tax=0.000 taxb=0.300 build=0.000 cost=0.000 div=0.000 prox=0.000 prov=0.000 preq=0.000 pres=0.000 sale=0.000 mtax=0.000 chain=0.000 daily=0.000 nov=0.000 mile=0.000 surv=0.075 idle=-10.000 gover=0.000 | nw=1.50226e+06 pop=28 bases=5 money=10306 credit=0 day=64 | food=200 water=0 coal=0 home=110 free=28 roads=1
  ACTION: 15 (BUILD:Fish price=30202 need_earth=2) | money=10306 pop=28 free=28
  BUILD FAILED: Fish (no cell or error)
STEP 59 | BUILD:Fish | total=-0.633 err=-1.000 tax=0.000 taxb=0.300 build=0.000 cost=0.000 div=0.000 prox=0.000 prov=0.000 preq=0.000 pres=0.000 sale=0.000 mtax=0.000 chain=0.000 daily=0.000 nov=0.000 mile=0.000 surv=0.067 idle=0.000 gover=0.000 | nw=1.50226e+06 pop=28 bases=5 money=10306 credit=0 day=65 | food=200 water=0 coal=0 home=110 free=28 roads=1
  ACTION: 42 | money=10306 pop=28 free=28
STEP 60 | MGR:credit_take | total=-0.380 err=0.000 tax=0.000 taxb=0.300 build=0.000 cost=0.000 div=0.000 prox=0.000 prov=0.000 preq=0.000 pres=0.000 sale=0.000 mtax=0.000 chain=0.000 daily=0.000 nov=0.000 mile=0.000 surv=-0.429 idle=0.000 gover=0.000 | nw=1.50215e+06 pop=28 bases=5 money=60306 credit=50100 day=66 | food=200 water=0 coal=0 home=110 free=28 roads=1
  ACTION: 41 | money=60306 pop=28 free=28
STEP 61 | MGR:buy_food | total=-11.378 err=0.000 tax=0.000 taxb=0.300 build=0.000 cost=0.000 div=0.000 prox=0.000 prov=0.000 preq=0.000 pres=0.000 sale=0.000 mtax=0.000 chain=0.000 daily=0.000 nov=0.000 mile=0.000 surv=-1.427 idle=-10.000 gover=0.000 | nw=1.50185e+06 pop=28 bases=5 money=59906 credit=50200 day=67 | food=400 water=0 coal=0 home=110 free=28 roads=1
  ACTION: 30 (BUILD:BigIronmine price=2715002 need_earth=5) | money=59906 pop=28 free=28
  BUILD FAILED: BigIronmine (no cell or error)
STEP 62 | BUILD:BigIronmine | total=-1.378 err=-1.000 tax=0.000 taxb=0.300 build=0.000 cost=0.000 div=0.000 prox=0.000 prov=0.000 preq=0.000 pres=0.000 sale=0.000 mtax=0.000 chain=0.000 daily=0.000 nov=0.000 mile=0.000 surv=-0.427 idle=0.000 gover=0.000 | nw=1.50174e+06 pop=28 bases=5 money=59906 credit=50300 day=68 | food=400 water=0 coal=0 home=110 free=28 roads=1
  ACTION: 1 (WEEK) | money=59906 pop=28 free=28
STEP 63 | WEEK | total=-5.098 err=0.000 tax=0.000 taxb=0.300 build=0.000 cost=0.000 div=0.000 prox=0.000 prov=0.000 preq=0.000 pres=0.000 sale=0.000 mtax=0.000 chain=0.000 daily=0.000 nov=0.000 mile=0.000 surv=-3.613 idle=0.000 gover=0.000 | nw=1.501e+06 pop=28 bases=5 money=59906 credit=51005 day=75 | food=400 water=0 coal=0 home=110 free=28 roads=1
  ACTION: 13 (BUILD:House price=14038 need_earth=1) | money=59906 pop=28 free=28
STEP 64 | BUILD:House | total=-0.296 err=0.000 tax=0.000 taxb=0.300 build=1.500 cost=-1.404 div=0.000 prox=0.000 prov=0.000 preq=0.000 pres=0.000 sale=0.000 mtax=0.000 chain=0.000 daily=0.000 nov=0.000 mile=0.000 surv=-0.437 idle=0.000 gover=0.000 | nw=1.50089e+06 pop=28 bases=6 money=45868 credit=51107 day=76 | food=400 water=0 coal=0 home=110 free=28 roads=1
  ACTION: 2 (BUILD:Farm price=19814 need_earth=10) | money=45868 pop=28 free=28
STEP 65 | BUILD:Farm | total=2.419 err=0.000 tax=0.000 taxb=0.300 build=4.793 cost=-1.981 div=0.000 prox=0.000 prov=0.000 preq=0.000 pres=0.000 sale=0.000 mtax=0.000 chain=0.000 daily=0.000 nov=0.000 mile=0.000 surv=-0.437 idle=0.000 gover=0.000 | nw=1.50078e+06 pop=28 bases=7 money=26054 credit=51209 day=77 | food=400 water=0 coal=0 home=110 free=28 roads=1
  ACTION: 8 (BUILD:Refinery price=82684 need_earth=6) | money=26054 pop=28 free=28
  BUILD FAILED: Refinery (no cell or error)
STEP 66 | BUILD:Refinery | total=-1.402 err=-1.000 tax=0.000 taxb=0.300 build=0.000 cost=0.000 div=0.000 prox=0.000 prov=0.000 preq=0.000 pres=0.000 sale=0.000 mtax=0.000 chain=0.000 daily=0.000 nov=0.000 mile=0.000 surv=-0.445 idle=0.000 gover=0.000 | nw=1.50067e+06 pop=28 bases=7 money=26054 credit=51311 day=78 | food=400 water=0 coal=0 home=110 free=28 roads=1
  ACTION: 25 (BUILD:SuperHouse price=971000 need_earth=1) | money=26054 pop=28 free=28
  BUILD FAILED: SuperHouse (no cell or error)
STEP 67 | BUILD:SuperHouse | total=-11.394 err=-1.000 tax=0.000 taxb=0.300 build=0.000 cost=0.000 div=0.000 prox=0.000 prov=0.000 preq=0.000 pres=0.000 sale=0.000 mtax=0.000 chain=0.000 daily=0.000 nov=0.000 mile=0.000 surv=-0.437 idle=-10.000 gover=0.000 | nw=1.50057e+06 pop=28 bases=7 money=26054 credit=51413 day=79 | food=400 water=0 coal=0 home=110 free=28 roads=1
  ACTION: 10 (BUILD:PowerStation price=92433 need_earth=10) | money=26054 pop=28 free=28
  BUILD FAILED: PowerStation (no cell or error)
STEP 68 | BUILD:PowerStation | total=-1.386 err=-1.000 tax=0.000 taxb=0.300 build=0.000 cost=0.000 div=0.000 prox=0.000 prov=0.000 preq=0.000 pres=0.000 sale=0.000 mtax=0.000 chain=0.000 daily=0.000 nov=0.000 mile=0.000 surv=-0.428 idle=0.000 gover=0.000 | nw=1.50046e+06 pop=28 bases=7 money=26054 credit=51515 day=80 | food=400 water=0 coal=0 home=110 free=28 roads=1
  ACTION: 44 | money=26054 pop=28 free=28
STEP 69 | MGR:manual_tax | total=0.092 err=0.000 tax=0.000 taxb=0.300 build=0.000 cost=0.000 div=0.000 prox=0.000 prov=0.000 preq=0.000 pres=0.000 sale=0.000 mtax=0.500 chain=0.000 daily=0.000 nov=0.000 mile=0.000 surv=-0.450 idle=0.000 gover=0.000 | nw=1.50035e+06 pop=28 bases=7 money=26054 credit=51618 day=81 | food=400 water=0 coal=0 home=110 free=28 roads=1
  ACTION: 15 (BUILD:Fish price=30202 need_earth=2) | money=26054 pop=28 free=28
  BUILD FAILED: Fish (no cell or error)
STEP 70 | BUILD:Fish | total=-11.400 err=-1.000 tax=0.000 taxb=0.300 build=0.000 cost=0.000 div=0.000 prox=0.000 prov=0.000 preq=0.000 pres=0.000 sale=0.000 mtax=0.000 chain=0.000 daily=0.000 nov=0.000 mile=0.000 surv=-0.442 idle=-10.000 gover=0.000 | nw=1.50024e+06 pop=28 bases=7 money=26054 credit=51721 day=82 | food=400 water=0 coal=0 home=110 free=28 roads=1
  ACTION: 18 (BUILD:CowFarm price=32002 need_earth=10) | money=26054 pop=28 free=28
  BUILD FAILED: CowFarm (no cell or error)
STEP 71 | BUILD:CowFarm | total=-1.401 err=-1.000 tax=0.000 taxb=0.300 build=0.000 cost=0.000 div=0.000 prox=0.000 prov=0.000 preq=0.000 pres=0.000 sale=0.000 mtax=0.000 chain=0.000 daily=0.000 nov=0.000 mile=0.000 surv=-0.442 idle=0.000 gover=0.000 | nw=1.50013e+06 pop=28 bases=7 money=26054 credit=51824 day=83 | food=400 water=0 coal=0 home=110 free=28 roads=1
  ACTION: 23 (BUILD:Torchlight price=215000 need_earth=6) | money=26054 pop=28 free=28
  BUILD FAILED: Torchlight (no cell or error)
STEP 72 | BUILD:Torchlight | total=-1.404 err=-1.000 tax=0.000 taxb=0.300 build=0.000 cost=0.000 div=0.000 prox=0.000 prov=0.000 preq=0.000 pres=0.000 sale=0.000 mtax=0.000 chain=0.000 daily=0.000 nov=0.000 mile=0.000 surv=-0.444 idle=0.000 gover=0.000 | nw=1.50002e+06 pop=28 bases=7 money=26054 credit=51927 day=84 | food=400 water=0 coal=0 home=110 free=28 roads=1
  ACTION: 26 (BUILD:BigSawmill price=620900 need_earth=3) | money=26054 pop=28 free=28
  BUILD FAILED: BigSawmill (no cell or error)
STEP 73 | BUILD:BigSawmill | total=-11.402 err=-1.000 tax=0.000 taxb=0.300 build=0.000 cost=0.000 div=0.000 prox=0.000 prov=0.000 preq=0.000 pres=0.000 sale=0.000 mtax=0.000 chain=0.000 daily=0.000 nov=0.000 mile=0.000 surv=-0.442 idle=-10.000 gover=0.000 | nw=1.49992e+06 pop=28 bases=7 money=26054 credit=52030 day=85 | food=400 water=0 coal=0 home=110 free=28 roads=1
  ACTION: 13 (BUILD:House price=14038 need_earth=1) | money=26054 pop=28 free=28
STEP 74 | BUILD:House | total=-0.309 err=0.000 tax=0.000 taxb=0.300 build=1.500 cost=-1.404 div=0.000 prox=0.000 prov=0.000 preq=0.000 pres=0.000 sale=0.000 mtax=0.000 chain=0.000 daily=0.000 nov=0.000 mile=0.000 surv=-0.444 idle=0.000 gover=0.000 | nw=1.49981e+06 pop=28 bases=8 money=12016 credit=52134 day=86 | food=400 water=0 coal=0 home=110 free=28 roads=1
  ACTION: 34 | money=12016 pop=28 free=28
STEP 75 | MGR:improve | total=-1.408 err=-1.000 tax=0.000 taxb=0.300 build=0.000 cost=0.000 div=0.000 prox=0.000 prov=0.000 preq=0.000 pres=0.000 sale=0.000 mtax=0.000 chain=0.000 daily=0.000 nov=0.000 mile=0.000 surv=-0.447 idle=0.000 gover=0.000 | nw=1.4997e+06 pop=28 bases=8 money=12016 credit=52238 day=87 | food=400 water=0 coal=0 home=110 free=28 roads=1
  ACTION: 24 (BUILD:Hothouse price=16590 need_earth=10) | money=12016 pop=28 free=28
  BUILD FAILED: Hothouse (no cell or error)
STEP 76 | BUILD:Hothouse | total=-11.419 err=-1.000 tax=0.000 taxb=0.300 build=0.000 cost=0.000 div=0.000 prox=0.000 prov=0.000 preq=0.000 pres=0.000 sale=0.000 mtax=0.000 chain=0.000 daily=0.000 nov=0.000 mile=0.000 surv=-0.457 idle=-10.000 gover=0.000 | nw=1.49959e+06 pop=28 bases=8 money=12016 credit=52342 day=88 | food=400 water=0 coal=0 home=110 free=28 roads=1
  ACTION: 8 (BUILD:Refinery price=82684 need_earth=6) | money=12016 pop=28 free=28
  BUILD FAILED: Refinery (no cell or error)
STEP 77 | BUILD:Refinery | total=-1.409 err=-1.000 tax=0.000 taxb=0.300 build=0.000 cost=0.000 div=0.000 prox=0.000 prov=0.000 preq=0.000 pres=0.000 sale=0.000 mtax=0.000 chain=0.000 daily=0.000 nov=0.000 mile=0.000 surv=-0.447 idle=0.000 gover=0.000 | nw=1.49948e+06 pop=28 bases=8 money=12016 credit=52446 day=89 | food=400 water=0 coal=0 home=110 free=28 roads=1
  ACTION: 0 (DAY) | money=12016 pop=28 free=28
STEP 78 | DAY | total=-0.409 err=0.000 tax=0.000 taxb=0.300 build=0.000 cost=0.000 div=0.000 prox=0.000 prov=0.000 preq=0.000 pres=0.000 sale=0.000 mtax=0.000 chain=0.000 daily=0.000 nov=0.000 mile=0.000 surv=-0.447 idle=0.000 gover=0.000 | nw=1.49937e+06 pop=28 bases=8 money=12016 credit=52550 day=90 | food=400 water=0 coal=0 home=110 free=28 roads=1
  ACTION: 19 (BUILD:Mushroom price=12164 need_earth=3) | money=12016 pop=28 free=28
  BUILD FAILED: Mushroom (no cell or error)
STEP 79 | BUILD:Mushroom | total=-11.415 err=-1.000 tax=0.000 taxb=0.300 build=0.000 cost=0.000 div=0.000 prox=0.000 prov=0.000 preq=0.000 pres=0.000 sale=0.000 mtax=0.000 chain=0.000 daily=0.000 nov=0.000 mile=0.000 surv=-0.452 idle=-10.000 gover=0.000 | nw=1.49926e+06 pop=28 bases=8 money=12016 credit=52655 day=91 | food=400 water=0 coal=0 home=110 free=28 roads=1
  ACTION: 4 (BUILD:WaterChannel price=18310 need_earth=2) | money=12016 pop=28 free=28
  BUILD FAILED: WaterChannel (no cell or error)
STEP 80 | BUILD:WaterChannel | total=-1.416 err=-1.000 tax=0.000 taxb=0.300 build=0.000 cost=0.000 div=0.000 prox=0.000 prov=0.000 preq=0.000 pres=0.000 sale=0.000 mtax=0.000 chain=0.000 daily=0.000 nov=0.000 mile=0.000 surv=-0.452 idle=0.000 gover=0.000 | nw=1.49915e+06 pop=28 bases=8 money=12016 credit=52760 day=92 | food=400 water=0 coal=0 home=110 free=28 roads=1
  ACTION: 20 (BUILD:BigHouse price=66400 need_earth=1) | money=12016 pop=28 free=28
  BUILD FAILED: BigHouse (no cell or error)
STEP 81 | BUILD:BigHouse | total=-1.416 err=-1.000 tax=0.000 taxb=0.300 build=0.000 cost=0.000 div=0.000 prox=0.000 prov=0.000 preq=0.000 pres=0.000 sale=0.000 mtax=0.000 chain=0.000 daily=0.000 nov=0.000 mile=0.000 surv=-0.452 idle=0.000 gover=0.000 | nw=1.49904e+06 pop=28 bases=8 money=12016 credit=52865 day=93 | food=400 water=0 coal=0 home=110 free=28 roads=1
  ACTION: 6 (BUILD:Coalmine price=25471 need_earth=4) | money=12016 pop=28 free=28
  BUILD FAILED: Coalmine (no cell or error)
STEP 82 | BUILD:Coalmine | total=-11.414 err=-1.000 tax=0.000 taxb=0.300 build=0.000 cost=0.000 div=0.000 prox=0.000 prov=0.000 preq=0.000 pres=0.000 sale=0.000 mtax=0.000 chain=0.000 daily=0.000 nov=0.000 mile=0.000 surv=-0.450 idle=-10.000 gover=0.000 | nw=1.49893e+06 pop=28 bases=8 money=12016 credit=52970 day=94 | food=400 water=0 coal=0 home=110 free=28 roads=1
  ACTION: 44 | money=12016 pop=28 free=28
STEP 83 | MGR:manual_tax | total=0.083 err=0.000 tax=0.000 taxb=0.300 build=0.000 cost=0.000 div=0.000 prox=0.000 prov=0.000 preq=0.000 pres=0.000 sale=0.000 mtax=0.500 chain=0.000 daily=0.000 nov=0.000 mile=0.000 surv=-0.452 idle=0.000 gover=0.000 | nw=1.49882e+06 pop=28 bases=8 money=12016 credit=53075 day=95 | food=400 water=0 coal=0 home=110 free=28 roads=1
  ACTION: 15 (BUILD:Fish price=30202 need_earth=2) | money=12016 pop=28 free=28
  BUILD FAILED: Fish (no cell or error)
STEP 84 | BUILD:Fish | total=-1.423 err=-1.000 tax=0.000 taxb=0.300 build=0.000 cost=0.000 div=0.000 prox=0.000 prov=0.000 preq=0.000 pres=0.000 sale=0.000 mtax=0.000 chain=0.000 daily=0.000 nov=0.000 mile=0.000 surv=-0.457 idle=0.000 gover=0.000 | nw=1.49871e+06 pop=28 bases=8 money=12016 credit=53181 day=96 | food=400 water=0 coal=0 home=110 free=28 roads=1
  ACTION: 23 (BUILD:Torchlight price=215000 need_earth=6) | money=12016 pop=28 free=28
  BUILD FAILED: Torchlight (no cell or error)
STEP 85 | BUILD:Torchlight | total=-11.423 err=-1.000 tax=0.000 taxb=0.300 build=0.000 cost=0.000 div=0.000 prox=0.000 prov=0.000 preq=0.000 pres=0.000 sale=0.000 mtax=0.000 chain=0.000 daily=0.000 nov=0.000 mile=0.000 surv=-0.457 idle=-10.000 gover=0.000 | nw=1.49859e+06 pop=28 bases=8 money=12016 credit=53287 day=97 | food=400 water=0 coal=0 home=110 free=28 roads=1
  ACTION: 15 (BUILD:Fish price=30202 need_earth=2) | money=12016 pop=28 free=28
  BUILD FAILED: Fish (no cell or error)
STEP 86 | BUILD:Fish | total=-1.422 err=-1.000 tax=0.000 taxb=0.300 build=0.000 cost=0.000 div=0.000 prox=0.000 prov=0.000 preq=0.000 pres=0.000 sale=0.000 mtax=0.000 chain=0.000 daily=0.000 nov=0.000 mile=0.000 surv=-0.455 idle=0.000 gover=0.000 | nw=1.49848e+06 pop=28 bases=8 money=12016 credit=53393 day=98 | food=400 water=0 coal=0 home=110 free=28 roads=1
  ACTION: 11 (BUILD:HydroStation price=92214 need_earth=2) | money=12016 pop=28 free=28
  BUILD FAILED: HydroStation (no cell or error)
STEP 87 | BUILD:HydroStation | total=-1.424 err=-1.000 tax=0.000 taxb=0.300 build=0.000 cost=0.000 div=0.000 prox=0.000 prov=0.000 preq=0.000 pres=0.000 sale=0.000 mtax=0.000 chain=0.000 daily=0.000 nov=0.000 mile=0.000 surv=-0.457 idle=0.000 gover=0.000 | nw=1.49837e+06 pop=28 bases=8 money=12016 credit=53499 day=99 | food=400 water=0 coal=0 home=110 free=28 roads=1
  ACTION: 1 (WEEK) | money=12016 pop=28 free=28
STEP 88 | WEEK | total=-15.458 err=0.000 tax=0.000 taxb=0.300 build=0.000 cost=0.000 div=0.000 prox=0.000 prov=0.000 preq=0.000 pres=0.000 sale=0.000 mtax=0.000 chain=0.000 daily=0.000 nov=0.000 mile=0.000 surv=-3.859 idle=-10.000 gover=0.000 | nw=1.49758e+06 pop=28 bases=8 money=12016 credit=54249 day=106 | food=400 water=0 coal=0 home=110 free=28 roads=1
  ACTION: 32 (BUILD:SmallAtomStation price=29000000 need_earth=2) | money=12016 pop=28 free=28
  BUILD FAILED: SmallAtomStation (no cell or error)
STEP 89 | BUILD:SmallAtomStation | total=-1.439 err=-1.000 tax=0.000 taxb=0.300 build=0.000 cost=0.000 div=0.000 prox=0.000 prov=0.000 preq=0.000 pres=0.000 sale=0.000 mtax=0.000 chain=0.000 daily=0.000 nov=0.000 mile=0.000 surv=-0.467 idle=0.000 gover=0.000 | nw=1.49747e+06 pop=28 bases=8 money=12016 credit=54357 day=107 | food=400 water=0 coal=0 home=110 free=28 roads=1
  ACTION: 42 | money=12016 pop=28 free=28
STEP 90 | MGR:credit_take | total=-1.195 err=0.000 tax=0.000 taxb=0.300 build=0.000 cost=0.000 div=0.000 prox=0.000 prov=0.000 preq=0.000 pres=0.000 sale=0.000 mtax=0.000 chain=0.000 daily=0.000 nov=0.000 mile=0.000 surv=-0.972 idle=0.000 gover=0.000 | nw=1.49725e+06 pop=28 bases=8 money=62016 credit=104565 day=108 | food=400 water=0 coal=0 home=110 free=28 roads=1
  ACTION: 3 (BUILD:Garden price=7640 need_earth=10) | money=62016 pop=28 free=28
STEP 91 | BUILD:Garden | total=1.640 err=0.000 tax=0.000 taxb=0.300 build=3.602 cost=-0.764 div=0.000 prox=0.000 prov=0.000 preq=0.000 pres=0.000 sale=0.000 mtax=0.000 chain=0.000 daily=0.000 nov=0.000 mile=0.000 surv=-0.974 idle=0.000 gover=0.000 | nw=1.49704e+06 pop=28 bases=9 money=54376 credit=104774 day=109 | food=400 water=0 coal=0 home=170 free=28 roads=1
  ACTION: 24 (BUILD:Hothouse price=16590 need_earth=10) | money=54376 pop=28 free=28
STEP 92 | BUILD:Hothouse | total=13.127 err=0.000 tax=0.000 taxb=0.300 build=4.988 cost=-1.659 div=8.000 prox=0.000 prov=0.000 preq=0.000 pres=0.000 sale=0.000 mtax=0.000 chain=0.000 daily=0.000 nov=0.000 mile=3.000 surv=-0.977 idle=0.000 gover=0.000 | nw=1.49682e+06 pop=28 bases=10 money=37786 credit=104983 day=110 | food=400 water=0 coal=0 home=170 free=28 roads=1
  ACTION: 14 (BUILD:SmallHouse price=5900 need_earth=10) | money=37786 pop=28 free=28
STEP 93 | BUILD:SmallHouse | total=7.707 err=0.000 tax=0.000 taxb=0.300 build=1.500 cost=-0.590 div=8.000 prox=0.000 prov=0.000 preq=0.000 pres=0.000 sale=0.000 mtax=0.000 chain=0.000 daily=0.000 nov=0.000 mile=0.000 surv=-0.977 idle=0.000 gover=0.000 | nw=1.49661e+06 pop=28 bases=11 money=31886 credit=105192 day=111 | food=400 water=0 coal=0 home=230 free=28 roads=1
  ACTION: 16 (BUILD:CoalCut price=48300 need_earth=4) | money=31886 pop=28 free=28
  BUILD FAILED: CoalCut (no cell or error)
STEP 94 | BUILD:CoalCut | total=-2.214 err=-1.000 tax=0.000 taxb=0.300 build=0.000 cost=0.000 div=0.000 prox=0.000 prov=0.000 preq=0.000 pres=0.000 sale=0.000 mtax=0.000 chain=0.000 daily=0.000 nov=0.000 mile=0.000 surv=-0.987 idle=0.000 gover=0.000 | nw=1.49639e+06 pop=28 bases=11 money=31886 credit=105402 day=112 | food=400 water=0 coal=0 home=230 free=28 roads=1
  ACTION: 4 (BUILD:WaterChannel price=18310 need_earth=2) | money=31886 pop=28 free=28
  BUILD FAILED: WaterChannel (no cell or error)
STEP 95 | BUILD:WaterChannel | total=-11.543 err=-1.000 tax=0.000 taxb=0.300 build=0.673 cost=0.000 div=0.000 prox=0.000 prov=0.000 preq=0.000 pres=0.000 sale=0.000 mtax=0.000 chain=0.000 daily=0.000 nov=0.000 mile=0.000 surv=-0.987 idle=-10.000 gover=0.000 | nw=1.49617e+06 pop=28 bases=11 money=31886 credit=105612 day=113 | food=400 water=0 coal=0 home=230 free=28 roads=1
  ACTION: 2 (BUILD:Farm price=19814 need_earth=10) | money=31886 pop=28 free=28
STEP 96 | BUILD:Farm | total=1.655 err=0.000 tax=0.000 taxb=0.300 build=4.793 cost=-1.981 div=0.000 prox=0.000 prov=0.000 preq=0.000 pres=0.000 sale=0.000 mtax=0.000 chain=0.000 daily=0.060 nov=0.000 mile=0.000 surv=-0.987 idle=0.000 gover=0.000 | nw=1.49595e+06 pop=28 bases=12 money=12072 credit=105823 day=114 | food=400 water=0 coal=0 home=230 free=28 roads=1
  ACTION: 41 | money=12072 pop=28 free=28
STEP 97 | MGR:buy_food | total=-2.240 err=-1.000 tax=0.000 taxb=0.300 build=0.000 cost=0.000 div=0.000 prox=0.000 prov=0.000 preq=0.000 pres=0.000 sale=0.000 mtax=0.000 chain=0.000 daily=0.000 nov=0.000 mile=0.000 surv=-1.009 idle=0.000 gover=0.000 | nw=1.49573e+06 pop=28 bases=12 money=12072 credit=106034 day=115 | food=400 water=0 coal=0 home=230 free=28 roads=1
  ACTION: 2 (BUILD:Farm price=19814 need_earth=10) | money=12072 pop=28 free=28
  BUILD FAILED: Farm (no cell or error)
STEP 98 | BUILD:Farm | total=-12.246 err=-1.000 tax=0.000 taxb=0.300 build=0.000 cost=0.000 div=0.000 prox=0.000 prov=0.000 preq=0.000 pres=0.000 sale=0.000 mtax=0.000 chain=0.000 daily=0.000 nov=0.000 mile=0.000 surv=-1.014 idle=-10.000 gover=0.000 | nw=1.49551e+06 pop=28 bases=12 money=12072 credit=106246 day=116 | food=400 water=0 coal=0 home=230 free=28 roads=1
  ACTION: 26 (BUILD:BigSawmill price=620900 need_earth=3) | money=12072 pop=28 free=28
  BUILD FAILED: BigSawmill (no cell or error)
STEP 99 | BUILD:BigSawmill | total=-2.247 err=-1.000 tax=0.000 taxb=0.300 build=0.000 cost=0.000 div=0.000 prox=0.000 prov=0.000 preq=0.000 pres=0.000 sale=0.000 mtax=0.000 chain=0.000 daily=0.000 nov=0.000 mile=0.000 surv=-1.014 idle=0.000 gover=0.000 | nw=1.49529e+06 pop=28 bases=12 money=12072 credit=106458 day=117 | food=400 water=0 coal=0 home=230 free=28 roads=1
  ACTION: 6 (BUILD:Coalmine price=25471 need_earth=4) | money=12072 pop=28 free=28
  BUILD FAILED: Coalmine (no cell or error)
STEP 100 | BUILD:Coalmine | total=-2.239 err=-1.000 tax=0.000 taxb=0.300 build=0.000 cost=0.000 div=0.000 prox=0.000 prov=0.000 preq=0.000 pres=0.000 sale=0.000 mtax=0.000 chain=0.000 daily=0.000 nov=0.000 mile=0.000 surv=-1.006 idle=0.000 gover=0.000 | nw=1.49507e+06 pop=28 bases=12 money=12072 credit=106670 day=118 | food=400 water=0 coal=0 home=230 free=28 roads=1
  BUILDINGS: City(0d) House(0d) Farm(0d) Garden(0d) Road(0d) House(0d) Farm(0d) House(0d) Garden(10d) Hothouse(21d) SmallHouse(0d) Farm(33d) 
  ACTION: 29 (BUILD:Puerperal price=37105 need_earth=10) | money=12072 pop=28 free=28
  BUILD FAILED: Puerperal (no cell or error)
STEP 101 | BUILD:Puerperal | total=2.739 err=-1.000 tax=0.000 taxb=0.300 build=0.000 cost=0.000 div=0.000 prox=0.000 prov=0.000 preq=0.000 pres=0.000 sale=0.000 mtax=0.000 chain=0.000 daily=0.000 nov=15.000 mile=0.000 surv=-1.027 idle=-10.000 gover=0.000 | nw=1.49484e+06 pop=28 bases=12 money=12072 credit=106883 day=119 | food=400 water=0 coal=0 home=230 free=28 roads=1
  ACTION: 1 (WEEK) | money=12072 pop=28 free=28
STEP 102 | WEEK | total=-11.331 err=0.000 tax=0.000 taxb=0.300 build=0.000 cost=0.000 div=0.000 prox=0.000 prov=0.000 preq=0.000 pres=0.000 sale=0.000 mtax=0.000 chain=0.000 daily=0.000 nov=0.000 mile=0.000 surv=-7.837 idle=0.000 gover=0.000 | nw=1.49325e+06 pop=28 bases=12 money=12072 credit=108385 day=126 | food=400 water=0 coal=0 home=230 free=28 roads=1
  ACTION: 36 | money=12072 pop=28 free=28
STEP 103 | MGR:restore_all | total=-0.602 err=0.000 tax=0.000 taxb=0.300 build=0.000 cost=0.000 div=0.000 prox=0.000 prov=0.000 preq=0.000 pres=0.000 sale=0.000 mtax=0.000 chain=0.000 daily=0.000 nov=0.000 mile=0.000 surv=-0.359 idle=0.000 gover=0.000 | nw=1.49316e+06 pop=28 bases=12 money=11878 credit=108601 day=127 | food=400 water=0 coal=0 home=230 free=28 roads=1
  ACTION: 26 (BUILD:BigSawmill price=620900 need_earth=3) | money=11878 pop=28 free=28
  BUILD FAILED: BigSawmill (no cell or error)
STEP 104 | BUILD:BigSawmill | total=-12.251 err=-1.000 tax=0.000 taxb=0.300 build=0.000 cost=0.000 div=0.000 prox=0.000 prov=0.000 preq=0.000 pres=0.000 sale=0.000 mtax=0.000 chain=0.000 daily=0.037 nov=0.000 mile=0.000 surv=-1.043 idle=-10.000 gover=0.000 | nw=1.49293e+06 pop=28 bases=12 money=11878 credit=108818 day=128 | food=400 water=0 coal=0 home=230 free=28 roads=1
  ACTION: 19 (BUILD:Mushroom price=12164 need_earth=3) | money=11878 pop=28 free=28
  BUILD FAILED: Mushroom (no cell or error)
STEP 105 | BUILD:Mushroom | total=-2.294 err=-1.000 tax=0.000 taxb=0.300 build=0.000 cost=0.000 div=0.000 prox=0.000 prov=0.000 preq=0.000 pres=0.000 sale=0.000 mtax=0.000 chain=0.000 daily=0.000 nov=0.000 mile=0.000 surv=-1.049 idle=0.000 gover=0.000 | nw=1.4927e+06 pop=28 bases=12 money=11878 credit=109035 day=129 | food=400 water=0 coal=0 home=230 free=28 roads=1
  ACTION: 40 | money=11878 pop=28 free=28
STEP 106 | MGR:sell | total=-1.083 err=0.000 tax=0.000 taxb=0.300 build=0.000 cost=0.000 div=0.000 prox=0.000 prov=0.000 preq=0.000 pres=0.000 sale=0.220 mtax=0.000 chain=0.000 daily=0.000 nov=0.000 mile=0.000 surv=-1.056 idle=0.000 gover=0.000 | nw=1.49247e+06 pop=28 bases=12 money=12078 credit=109253 day=130 | food=200 water=0 coal=0 home=230 free=28 roads=1
  ACTION: 38 | money=12078 pop=28 free=28
STEP 107 | MGR:preserve | total=-8.304 err=0.000 tax=0.000 taxb=0.300 build=0.000 cost=0.000 div=0.000 prox=0.000 prov=0.000 preq=0.000 pres=3.000 sale=0.000 mtax=0.000 chain=0.000 daily=0.000 nov=0.000 mile=0.000 surv=-1.056 idle=-10.000 gover=0.000 | nw=1.49224e+06 pop=28 bases=12 money=12078 credit=109471 day=131 | food=200 water=0 coal=0 home=230 free=28 roads=1
  ACTION: 21 (BUILD:BigFarm price=380385 need_earth=1) | money=12078 pop=28 free=28
  BUILD FAILED: BigFarm (no cell or error)
STEP 108 | BUILD:BigFarm | total=-2.301 err=-1.000 tax=0.000 taxb=0.300 build=0.000 cost=0.000 div=0.000 prox=0.000 prov=0.000 preq=0.000 pres=0.000 sale=0.000 mtax=0.000 chain=0.000 daily=0.000 nov=0.000 mile=0.000 surv=-1.053 idle=0.000 gover=0.000 | nw=1.49201e+06 pop=28 bases=12 money=12078 credit=109689 day=132 | food=200 water=0 coal=0 home=230 free=28 roads=1
  ACTION: 12 (BUILD:Road price=400 need_earth=10) | money=12078 pop=28 free=28
STEP 109 | BUILD:Road | total=0.149 err=0.000 tax=0.000 taxb=0.300 build=1.500 cost=-0.040 div=0.000 prox=0.000 prov=0.000 preq=0.000 pres=0.000 sale=0.000 mtax=0.000 chain=0.000 daily=0.000 nov=0.000 mile=0.000 surv=-1.061 idle=0.000 gover=0.000 | nw=1.49178e+06 pop=28 bases=13 money=11678 credit=109908 day=133 | food=200 water=0 coal=0 home=230 free=28 roads=2
  ACTION: 21 (BUILD:BigFarm price=380385 need_earth=1) | money=11678 pop=28 free=28
  BUILD FAILED: BigFarm (no cell or error)
STEP 110 | BUILD:BigFarm | total=-2.309 err=-1.000 tax=0.000 taxb=0.300 build=0.000 cost=0.000 div=0.000 prox=0.000 prov=0.000 preq=0.000 pres=0.000 sale=0.000 mtax=0.000 chain=0.000 daily=0.000 nov=0.000 mile=0.000 surv=-1.059 idle=0.000 gover=0.000 | nw=1.49154e+06 pop=28 bases=13 money=11678 credit=110127 day=134 | food=200 water=0 coal=0 home=230 free=28 roads=2
  ACTION: 36 | money=11678 pop=28 free=28
STEP 111 | MGR:restore_all | total=-11.206 err=0.000 tax=0.000 taxb=0.300 build=0.000 cost=0.000 div=0.000 prox=0.000 prov=0.000 preq=0.000 pres=0.000 sale=0.000 mtax=0.000 chain=0.000 daily=0.000 nov=0.000 mile=0.000 surv=-0.954 idle=-10.000 gover=0.000 | nw=1.49133e+06 pop=28 bases=13 money=11646 credit=110347 day=135 | food=200 water=0 coal=0 home=230 free=28 roads=2
  ACTION: 13 (BUILD:House price=14038 need_earth=1) | money=11646 pop=28 free=28
  BUILD FAILED: House (no cell or error)
STEP 112 | BUILD:House | total=-2.319 err=-1.000 tax=0.000 taxb=0.300 build=0.000 cost=0.000 div=0.000 prox=0.000 prov=0.000 preq=0.000 pres=0.000 sale=0.000 mtax=0.000 chain=0.000 daily=0.000 nov=0.000 mile=0.000 surv=-1.066 idle=0.000 gover=0.000 | nw=1.4911e+06 pop=28 bases=13 money=11646 credit=110567 day=136 | food=200 water=0 coal=0 home=230 free=28 roads=2
  ACTION: 27 (BUILD:WaterMill price=2900197 need_earth=2) | money=11646 pop=28 free=28
  BUILD FAILED: WaterMill (no cell or error)
STEP 113 | BUILD:WaterMill | total=-2.322 err=-1.000 tax=0.000 taxb=0.300 build=0.000 cost=0.000 div=0.000 prox=0.000 prov=0.000 preq=0.000 pres=0.000 sale=0.000 mtax=0.000 chain=0.000 daily=0.000 nov=0.000 mile=0.000 surv=-1.068 idle=0.000 gover=0.000 | nw=1.49087e+06 pop=28 bases=13 money=11646 credit=110788 day=137 | food=200 water=0 coal=0 home=230 free=28 roads=2
  ACTION: 12 (BUILD:Road price=400 need_earth=10) | money=11646 pop=28 free=28
STEP 114 | BUILD:Road | total=0.137 err=0.000 tax=0.000 taxb=0.300 build=1.500 cost=-0.040 div=0.000 prox=0.000 prov=0.000 preq=0.000 pres=0.000 sale=0.000 mtax=0.000 chain=0.000 daily=0.000 nov=0.000 mile=0.000 surv=-1.068 idle=0.000 gover=0.000 | nw=1.49063e+06 pop=28 bases=14 money=11246 credit=111009 day=138 | food=200 water=0 coal=0 home=230 free=28 roads=3
  ACTION: 31 (BUILD:AirStation price=23790 need_earth=10) | money=11246 pop=28 free=28
  BUILD FAILED: AirStation (no cell or error)
STEP 115 | BUILD:AirStation | total=-2.283 err=-1.000 tax=0.000 taxb=0.300 build=0.000 cost=0.000 div=0.000 prox=0.000 prov=0.000 preq=0.000 pres=0.000 sale=0.000 mtax=0.000 chain=0.000 daily=0.050 nov=0.000 mile=0.000 surv=-1.076 idle=0.000 gover=0.000 | nw=1.4904e+06 pop=28 bases=14 money=11246 credit=111231 day=139 | food=200 water=0 coal=0 home=230 free=28 roads=3
  ACTION: 10 (BUILD:PowerStation price=92433 need_earth=10) | money=11246 pop=28 free=28
  BUILD FAILED: PowerStation (no cell or error)
STEP 116 | BUILD:PowerStation | total=-12.353 err=-1.000 tax=0.000 taxb=0.300 build=0.000 cost=0.000 div=0.000 prox=0.000 prov=0.000 preq=0.000 pres=0.000 sale=0.000 mtax=0.000 chain=0.000 daily=0.000 nov=0.000 mile=0.000 surv=-1.095 idle=-10.000 gover=0.000 | nw=1.49016e+06 pop=28 bases=14 money=11246 credit=111453 day=140 | food=200 water=0 coal=0 home=230 free=28 roads=3
  ACTION: 25 (BUILD:SuperHouse price=971000 need_earth=1) | money=11246 pop=28 free=28
  BUILD FAILED: SuperHouse (no cell or error)
STEP 117 | BUILD:SuperHouse | total=-2.354 err=-1.000 tax=0.000 taxb=0.300 build=0.000 cost=0.000 div=0.000 prox=0.000 prov=0.000 preq=0.000 pres=0.000 sale=0.000 mtax=0.000 chain=0.000 daily=0.000 nov=0.000 mile=0.000 surv=-1.095 idle=0.000 gover=0.000 | nw=1.48992e+06 pop=28 bases=14 money=11246 credit=111675 day=141 | food=200 water=0 coal=0 home=230 free=28 roads=3
  ACTION: 31 (BUILD:AirStation price=23790 need_earth=10) | money=11246 pop=28 free=28
  BUILD FAILED: AirStation (no cell or error)
STEP 118 | BUILD:AirStation | total=-2.360 err=-1.000 tax=0.000 taxb=0.300 build=0.000 cost=0.000 div=0.000 prox=0.000 prov=0.000 preq=0.000 pres=0.000 sale=0.000 mtax=0.000 chain=0.000 daily=0.000 nov=0.000 mile=0.000 surv=-1.100 idle=0.000 gover=0.000 | nw=1.48968e+06 pop=28 bases=14 money=11246 credit=111898 day=142 | food=200 water=0 coal=0 home=230 free=28 roads=3
  ACTION: 10 (BUILD:PowerStation price=92433 need_earth=10) | money=11246 pop=28 free=28
  BUILD FAILED: PowerStation (no cell or error)
STEP 119 | BUILD:PowerStation | total=-12.358 err=-1.000 tax=0.000 taxb=0.300 build=0.000 cost=0.000 div=0.000 prox=0.000 prov=0.000 preq=0.000 pres=0.000 sale=0.000 mtax=0.000 chain=0.000 daily=0.000 nov=0.000 mile=0.000 surv=-1.098 idle=-10.000 gover=0.000 | nw=1.48944e+06 pop=28 bases=14 money=11246 credit=112121 day=143 | food=200 water=0 coal=0 home=230 free=28 roads=3
  ACTION: 28 (BUILD:BigRefinary price=3999149 need_earth=6) | money=11246 pop=28 free=28
  BUILD FAILED: BigRefinary (no cell or error)
STEP 120 | BUILD:BigRefinary | total=-2.367 err=-1.000 tax=0.000 taxb=0.300 build=0.000 cost=0.000 div=0.000 prox=0.000 prov=0.000 preq=0.000 pres=0.000 sale=0.000 mtax=0.000 chain=0.000 daily=0.000 nov=0.000 mile=0.000 surv=-1.105 idle=0.000 gover=0.000 | nw=1.4892e+06 pop=28 bases=14 money=11246 credit=112345 day=144 | food=200 water=0 coal=0 home=230 free=28 roads=3
  ACTION: 22 (BUILD:Apiary price=9385 need_earth=10) | money=11246 pop=28 free=28
STEP 121 | BUILD:Apiary | total=5.648 err=0.000 tax=0.000 taxb=0.300 build=4.946 cost=-0.939 div=0.000 prox=0.000 prov=0.000 preq=0.000 pres=0.000 sale=0.000 mtax=0.000 chain=0.000 daily=0.000 nov=0.000 mile=3.000 surv=-1.097 idle=0.000 gover=0.000 | nw=1.48896e+06 pop=28 bases=15 money=1861 credit=112569 day=145 | food=200 water=0 coal=0 home=230 free=28 roads=3
  ACTION: 34 | money=1861 pop=28 free=28
STEP 122 | MGR:improve | total=-2.374 err=-1.000 tax=0.000 taxb=0.300 build=0.000 cost=0.000 div=0.000 prox=0.000 prov=0.000 preq=0.000 pres=0.000 sale=0.000 mtax=0.000 chain=0.000 daily=0.000 nov=0.000 mile=0.000 surv=-1.110 idle=0.000 gover=0.000 | nw=1.48872e+06 pop=28 bases=15 money=1861 credit=112794 day=146 | food=200 water=0 coal=0 home=230 free=28 roads=3
  ACTION: 43 | money=1861 pop=28 free=28
STEP 123 | MGR:credit_give | total=-12.376 err=-1.000 tax=0.000 taxb=0.300 build=0.000 cost=0.000 div=0.000 prox=0.000 prov=0.000 preq=0.000 pres=0.000 sale=0.000 mtax=0.000 chain=0.000 daily=0.000 nov=0.000 mile=0.000 surv=-1.110 idle=-10.000 gover=0.000 | nw=1.48848e+06 pop=28 bases=15 money=1861 credit=113019 day=147 | food=200 water=0 coal=0 home=230 free=28 roads=3
  ACTION: 28 (BUILD:BigRefinary price=3999149 need_earth=6) | money=1861 pop=28 free=28
  BUILD FAILED: BigRefinary (no cell or error)
STEP 124 | BUILD:BigRefinary | total=-2.382 err=-1.000 tax=0.000 taxb=0.300 build=0.000 cost=0.000 div=0.000 prox=0.000 prov=0.000 preq=0.000 pres=0.000 sale=0.000 mtax=0.000 chain=0.000 daily=0.000 nov=0.000 mile=0.000 surv=-1.115 idle=0.000 gover=0.000 | nw=1.48823e+06 pop=28 bases=15 money=1861 credit=113245 day=148 | food=200 water=0 coal=0 home=230 free=28 roads=3
  ACTION: 33 (BUILD:AtomStation price=120000000 need_earth=2) | money=1861 pop=28 free=28
  BUILD FAILED: AtomStation (no cell or error)
STEP 125 | BUILD:AtomStation | total=-2.383 err=-1.000 tax=0.000 taxb=0.300 build=0.000 cost=0.000 div=0.000 prox=0.000 prov=0.000 preq=0.000 pres=0.000 sale=0.000 mtax=0.000 chain=0.000 daily=0.000 nov=0.000 mile=0.000 surv=-1.115 idle=0.000 gover=0.000 | nw=1.48799e+06 pop=28 bases=15 money=1861 credit=113471 day=149 | food=200 water=0 coal=0 home=230 free=28 roads=3
  ACTION: 6 (BUILD:Coalmine price=25471 need_earth=4) | money=1861 pop=28 free=28
  BUILD FAILED: Coalmine (no cell or error)
STEP 126 | BUILD:Coalmine | total=-12.384 err=-1.000 tax=0.000 taxb=0.300 build=0.000 cost=0.000 div=0.000 prox=0.000 prov=0.000 preq=0.000 pres=0.000 sale=0.000 mtax=0.000 chain=0.000 daily=0.000 nov=0.000 mile=0.000 surv=-1.115 idle=-10.000 gover=0.000 | nw=1.48775e+06 pop=28 bases=15 money=1861 credit=113697 day=150 | food=200 water=0 coal=0 home=230 free=28 roads=3
  ACTION: 35 | money=1861 pop=28 free=28
STEP 127 | MGR:repair | total=-2.320 err=-1.000 tax=0.000 taxb=0.300 build=0.000 cost=0.000 div=0.000 prox=0.000 prov=0.000 preq=0.000 pres=0.000 sale=0.000 mtax=0.000 chain=0.000 daily=0.060 nov=0.000 mile=0.000 surv=-1.110 idle=0.000 gover=0.000 | nw=1.4875e+06 pop=28 bases=15 money=1861 credit=113924 day=151 | food=200 water=0 coal=0 home=230 free=28 roads=3
  ACTION: 11 (BUILD:HydroStation price=92214 need_earth=2) | money=1861 pop=28 free=28
  BUILD FAILED: HydroStation (no cell or error)
STEP 128 | BUILD:HydroStation | total=-2.408 err=-1.000 tax=0.000 taxb=0.300 build=0.000 cost=0.000 div=0.000 prox=0.000 prov=0.000 preq=0.000 pres=0.000 sale=0.000 mtax=0.000 chain=0.000 daily=0.000 nov=0.000 mile=0.000 surv=-1.137 idle=0.000 gover=0.000 | nw=1.48726e+06 pop=28 bases=15 money=1861 credit=114151 day=152 | food=200 water=0 coal=0 home=230 free=28 roads=3
  ACTION: 20 (BUILD:BigHouse price=66400 need_earth=1) | money=1861 pop=28 free=28
  BUILD FAILED: BigHouse (no cell or error)
STEP 129 | BUILD:BigHouse | total=-12.408 err=-1.000 tax=0.000 taxb=0.300 build=0.000 cost=0.000 div=0.000 prox=0.000 prov=0.000 preq=0.000 pres=0.000 sale=0.000 mtax=0.000 chain=0.000 daily=0.000 nov=0.000 mile=0.000 surv=-1.136 idle=-10.000 gover=0.000 | nw=1.48701e+06 pop=28 bases=15 money=1861 credit=114379 day=153 | food=200 water=0 coal=0 home=230 free=28 roads=3
  ACTION: 42 | money=1861 pop=28 free=28
STEP 130 | MGR:credit_take | total=-2.415 err=-1.000 tax=0.000 taxb=0.300 build=0.000 cost=0.000 div=0.000 prox=0.000 prov=0.000 preq=0.000 pres=0.000 sale=0.000 mtax=0.000 chain=0.000 daily=0.000 nov=0.000 mile=0.000 surv=-1.142 idle=0.000 gover=0.000 | nw=1.48676e+06 pop=28 bases=15 money=1861 credit=114607 day=154 | food=200 water=0 coal=0 home=230 free=28 roads=3
  ACTION: 19 (BUILD:Mushroom price=12164 need_earth=3) | money=1861 pop=28 free=28
  BUILD FAILED: Mushroom (no cell or error)
STEP 131 | BUILD:Mushroom | total=-2.422 err=-1.000 tax=0.000 taxb=0.300 build=0.000 cost=0.000 div=0.000 prox=0.000 prov=0.000 preq=0.000 pres=0.000 sale=0.000 mtax=0.000 chain=0.000 daily=0.000 nov=0.000 mile=0.000 surv=-1.147 idle=0.000 gover=0.000 | nw=1.48651e+06 pop=28 bases=15 money=1861 credit=114836 day=155 | food=200 water=0 coal=0 home=230 free=28 roads=3
  ACTION: 18 (BUILD:CowFarm price=32002 need_earth=10) | money=1861 pop=28 free=28
  BUILD FAILED: CowFarm (no cell or error)
STEP 132 | BUILD:CowFarm | total=-12.423 err=-1.000 tax=0.000 taxb=0.300 build=0.000 cost=0.000 div=0.000 prox=0.000 prov=0.000 preq=0.000 pres=0.000 sale=0.000 mtax=0.000 chain=0.000 daily=0.000 nov=0.000 mile=0.000 surv=-1.147 idle=-10.000 gover=0.000 | nw=1.48626e+06 pop=28 bases=15 money=1861 credit=115065 day=156 | food=200 water=0 coal=0 home=230 free=28 roads=3
  ACTION: 24 (BUILD:Hothouse price=16590 need_earth=10) | money=1861 pop=28 free=28
  BUILD FAILED: Hothouse (no cell or error)
STEP 133 | BUILD:Hothouse | total=-2.427 err=-1.000 tax=0.000 taxb=0.300 build=0.000 cost=0.000 div=0.000 prox=0.000 prov=0.000 preq=0.000 pres=0.000 sale=0.000 mtax=0.000 chain=0.000 daily=0.000 nov=0.000 mile=0.000 surv=-1.150 idle=0.000 gover=0.000 | nw=1.48601e+06 pop=28 bases=15 money=1861 credit=115295 day=157 | food=200 water=0 coal=0 home=230 free=28 roads=3
  ACTION: 43 | money=1861 pop=28 free=28
STEP 134 | MGR:credit_give | total=-2.426 err=-1.000 tax=0.000 taxb=0.300 build=0.000 cost=0.000 div=0.000 prox=0.000 prov=0.000 preq=0.000 pres=0.000 sale=0.000 mtax=0.000 chain=0.000 daily=0.000 nov=0.000 mile=0.000 surv=-1.149 idle=0.000 gover=0.000 | nw=1.48576e+06 pop=28 bases=15 money=1861 credit=115525 day=158 | food=200 water=0 coal=0 home=230 free=28 roads=3
  ACTION: 3 (BUILD:Garden price=7640 need_earth=10) | money=1861 pop=28 free=28
  BUILD FAILED: Garden (no cell or error)
STEP 135 | BUILD:Garden | total=-12.428 err=-1.000 tax=0.000 taxb=0.300 build=0.000 cost=0.000 div=0.000 prox=0.000 prov=0.000 preq=0.000 pres=0.000 sale=0.000 mtax=0.000 chain=0.000 daily=0.000 nov=0.000 mile=0.000 surv=-1.149 idle=-10.000 gover=0.000 | nw=1.48551e+06 pop=28 bases=15 money=1861 credit=115756 day=159 | food=200 water=0 coal=0 home=230 free=28 roads=3
  ACTION: 8 (BUILD:Refinery price=82684 need_earth=6) | money=1861 pop=28 free=28
  BUILD FAILED: Refinery (no cell or error)
STEP 136 | BUILD:Refinery | total=-2.437 err=-1.000 tax=0.000 taxb=0.300 build=0.000 cost=0.000 div=0.000 prox=0.000 prov=0.000 preq=0.000 pres=0.000 sale=0.000 mtax=0.000 chain=0.000 daily=0.000 nov=0.000 mile=0.000 surv=-1.157 idle=0.000 gover=0.000 | nw=1.48526e+06 pop=28 bases=15 money=1861 credit=115987 day=160 | food=200 water=0 coal=0 home=230 free=28 roads=3
  ACTION: 28 (BUILD:BigRefinary price=3999149 need_earth=6) | money=1861 pop=28 free=28
  BUILD FAILED: BigRefinary (no cell or error)
STEP 137 | BUILD:BigRefinary | total=-2.436 err=-1.000 tax=0.000 taxb=0.300 build=0.000 cost=0.000 div=0.000 prox=0.000 prov=0.000 preq=0.000 pres=0.000 sale=0.000 mtax=0.000 chain=0.000 daily=0.000 nov=0.000 mile=0.000 surv=-1.155 idle=0.000 gover=0.000 | nw=1.48501e+06 pop=28 bases=15 money=1861 credit=116218 day=161 | food=200 water=0 coal=0 home=230 free=28 roads=3
  ACTION: 40 | money=1861 pop=28 free=28
STEP 138 | MGR:sell | total=-12.445 err=-1.000 tax=0.000 taxb=0.300 build=0.000 cost=0.000 div=0.000 prox=0.000 prov=0.000 preq=0.000 pres=0.000 sale=0.000 mtax=0.000 chain=0.000 daily=0.000 nov=0.000 mile=0.000 surv=-1.162 idle=-10.000 gover=0.000 | nw=1.48476e+06 pop=28 bases=15 money=1861 credit=116450 day=162 | food=200 water=0 coal=0 home=230 free=28 roads=3
  ACTION: 5 (BUILD:Sawmill price=17570 need_earth=3) | money=1861 pop=28 free=28
  BUILD FAILED: Sawmill (no cell or error)
STEP 139 | BUILD:Sawmill | total=-2.437 err=-1.000 tax=0.000 taxb=0.300 build=0.000 cost=0.000 div=0.000 prox=0.000 prov=0.000 preq=0.000 pres=0.000 sale=0.000 mtax=0.000 chain=0.000 daily=0.000 nov=0.000 mile=0.000 surv=-1.154 idle=0.000 gover=0.000 | nw=1.48451e+06 pop=28 bases=15 money=1861 credit=116682 day=163 | food=200 water=0 coal=0 home=230 free=28 roads=3
  ACTION: 34 | money=1861 pop=28 free=28
STEP 140 | MGR:improve | total=-2.444 err=-1.000 tax=0.000 taxb=0.300 build=0.000 cost=0.000 div=0.000 prox=0.000 prov=0.000 preq=0.000 pres=0.000 sale=0.000 mtax=0.000 chain=0.000 daily=0.000 nov=0.000 mile=0.000 surv=-1.159 idle=0.000 gover=0.000 | nw=1.48426e+06 pop=28 bases=15 money=1861 credit=116915 day=164 | food=200 water=0 coal=0 home=230 free=28 roads=3
  ACTION: 36 | money=1861 pop=28 free=28
STEP 141 | MGR:restore_all | total=-10.725 err=0.000 tax=0.000 taxb=0.300 build=0.000 cost=0.000 div=0.000 prox=0.000 prov=0.000 preq=0.000 pres=0.000 sale=0.000 mtax=0.000 chain=0.000 daily=0.000 nov=0.000 mile=0.000 surv=-0.439 idle=-10.000 gover=0.000 | nw=1.48415e+06 pop=28 bases=15 money=1670 credit=117148 day=165 | food=200 water=0 coal=0 home=230 free=28 roads=3
  ACTION: 3 (BUILD:Garden price=7640 need_earth=10) | money=1670 pop=28 free=28
  BUILD FAILED: Garden (no cell or error)
STEP 142 | BUILD:Garden | total=-2.441 err=-1.000 tax=0.000 taxb=0.300 build=0.000 cost=0.000 div=0.000 prox=0.000 prov=0.000 preq=0.000 pres=0.000 sale=0.000 mtax=0.000 chain=0.000 daily=0.000 nov=0.000 mile=0.000 surv=-1.154 idle=0.000 gover=0.000 | nw=1.4839e+06 pop=28 bases=15 money=1670 credit=117382 day=166 | food=200 water=0 coal=0 home=230 free=28 roads=3
  ACTION: 19 (BUILD:Mushroom price=12164 need_earth=3) | money=1670 pop=28 free=28
  BUILD FAILED: Mushroom (no cell or error)
STEP 143 | BUILD:Mushroom | total=-2.461 err=-1.000 tax=0.000 taxb=0.300 build=0.000 cost=0.000 div=0.000 prox=0.000 prov=0.000 preq=0.000 pres=0.000 sale=0.000 mtax=0.000 chain=0.000 daily=0.000 nov=0.000 mile=0.000 surv=-1.172 idle=0.000 gover=0.000 | nw=1.48364e+06 pop=28 bases=15 money=1670 credit=117616 day=167 | food=200 water=0 coal=0 home=230 free=28 roads=3
  ACTION: 40 | money=1670 pop=28 free=28
STEP 144 | MGR:sell | total=-12.467 err=-1.000 tax=0.000 taxb=0.300 build=0.000 cost=0.000 div=0.000 prox=0.000 prov=0.000 preq=0.000 pres=0.000 sale=0.000 mtax=0.000 chain=0.000 daily=0.000 nov=0.000 mile=0.000 surv=-1.177 idle=-10.000 gover=0.000 | nw=1.48339e+06 pop=28 bases=15 money=1670 credit=117851 day=168 | food=200 water=0 coal=0 home=230 free=28 roads=3
  ACTION: 26 (BUILD:BigSawmill price=620900 need_earth=3) | money=1670 pop=28 free=28
  BUILD FAILED: BigSawmill (no cell or error)
STEP 145 | BUILD:BigSawmill | total=-2.401 err=-1.000 tax=0.000 taxb=0.300 build=0.000 cost=0.000 div=0.000 prox=0.000 prov=0.000 preq=0.000 pres=0.000 sale=0.000 mtax=0.000 chain=0.000 daily=0.065 nov=0.000 mile=0.000 surv=-1.175 idle=0.000 gover=0.000 | nw=1.48313e+06 pop=28 bases=15 money=1670 credit=118086 day=169 | food=200 water=0 coal=0 home=230 free=28 roads=3
  ACTION: 44 | money=1670 pop=28 free=28
STEP 146 | MGR:manual_tax | total=-0.991 err=0.000 tax=0.000 taxb=0.300 build=0.000 cost=0.000 div=0.000 prox=0.000 prov=0.000 preq=0.000 pres=0.000 sale=0.000 mtax=0.500 chain=0.000 daily=0.000 nov=0.000 mile=0.000 surv=-1.200 idle=0.000 gover=0.000 | nw=1.48287e+06 pop=28 bases=15 money=1670 credit=118322 day=170 | food=200 water=0 coal=0 home=230 free=28 roads=3
  ACTION: 27 (BUILD:WaterMill price=2900197 need_earth=2) | money=1670 pop=28 free=28
  BUILD FAILED: WaterMill (no cell or error)
STEP 147 | BUILD:WaterMill | total=-12.495 err=-1.000 tax=0.000 taxb=0.300 build=0.000 cost=0.000 div=0.000 prox=0.000 prov=0.000 preq=0.000 pres=0.000 sale=0.000 mtax=0.000 chain=0.000 daily=0.000 nov=0.000 mile=0.000 surv=-1.202 idle=-10.000 gover=0.000 | nw=1.48261e+06 pop=28 bases=15 money=1670 credit=118558 day=171 | food=200 water=0 coal=0 home=230 free=28 roads=3
  ACTION: 18 (BUILD:CowFarm price=32002 need_earth=10) | money=1670 pop=28 free=28
  BUILD FAILED: CowFarm (no cell or error)
STEP 148 | BUILD:CowFarm | total=-2.501 err=-1.000 tax=0.000 taxb=0.300 build=0.000 cost=0.000 div=0.000 prox=0.000 prov=0.000 preq=0.000 pres=0.000 sale=0.000 mtax=0.000 chain=0.000 daily=0.000 nov=0.000 mile=0.000 surv=-1.207 idle=0.000 gover=0.000 | nw=1.48235e+06 pop=28 bases=15 money=1670 credit=118795 day=172 | food=200 water=0 coal=0 home=230 free=28 roads=3
  ACTION: 32 (BUILD:SmallAtomStation price=29000000 need_earth=2) | money=1670 pop=28 free=28
  BUILD FAILED: SmallAtomStation (no cell or error)
STEP 149 | BUILD:SmallAtomStation | total=-2.502 err=-1.000 tax=0.000 taxb=0.300 build=0.000 cost=0.000 div=0.000 prox=0.000 prov=0.000 preq=0.000 pres=0.000 sale=0.000 mtax=0.000 chain=0.000 daily=0.000 nov=0.000 mile=0.000 surv=-1.207 idle=0.000 gover=0.000 | nw=1.48209e+06 pop=28 bases=15 money=1670 credit=119032 day=173 | food=200 water=0 coal=0 home=230 free=28 roads=3
  ACTION: 27 (BUILD:WaterMill price=2900197 need_earth=2) | money=1670 pop=28 free=28
  BUILD FAILED: WaterMill (no cell or error)
STEP 150 | BUILD:WaterMill | total=-12.508 err=-1.000 tax=0.000 taxb=0.300 build=0.000 cost=0.000 div=0.000 prox=0.000 prov=0.000 preq=0.000 pres=0.000 sale=0.000 mtax=0.000 chain=0.000 daily=0.000 nov=0.000 mile=0.000 surv=-1.212 idle=-10.000 gover=0.000 | nw=1.48183e+06 pop=28 bases=15 money=1670 credit=119270 day=174 | food=200 water=0 coal=0 home=230 free=28 roads=3
  ACTION: 27 (BUILD:WaterMill price=2900197 need_earth=2) | money=1670 pop=28 free=28
  BUILD FAILED: WaterMill (no cell or error)
STEP 151 | BUILD:WaterMill | total=-2.507 err=-1.000 tax=0.000 taxb=0.300 build=0.000 cost=0.000 div=0.000 prox=0.000 prov=0.000 preq=0.000 pres=0.000 sale=0.000 mtax=0.000 chain=0.000 daily=0.000 nov=0.000 mile=0.000 surv=-1.209 idle=0.000 gover=0.000 | nw=1.48156e+06 pop=28 bases=15 money=1670 credit=119508 day=175 | food=200 water=0 coal=0 home=230 free=28 roads=3
  ACTION: 44 | money=1670 pop=28 free=28
STEP 152 | MGR:manual_tax | total=-1.016 err=0.000 tax=0.000 taxb=0.300 build=0.000 cost=0.000 div=0.000 prox=0.000 prov=0.000 preq=0.000 pres=0.000 sale=0.000 mtax=0.500 chain=0.000 daily=0.000 nov=0.000 mile=0.000 surv=-1.217 idle=0.000 gover=0.000 | nw=1.4813e+06 pop=28 bases=15 money=1670 credit=119747 day=176 | food=200 water=0 coal=0 home=230 free=28 roads=3
  ACTION: 18 (BUILD:CowFarm price=32002 need_earth=10) | money=1670 pop=28 free=28
  BUILD FAILED: CowFarm (no cell or error)
STEP 153 | BUILD:CowFarm | total=-12.515 err=-1.000 tax=0.000 taxb=0.300 build=0.000 cost=0.000 div=0.000 prox=0.000 prov=0.000 preq=0.000 pres=0.000 sale=0.000 mtax=0.000 chain=0.000 daily=0.000 nov=0.000 mile=0.000 surv=-1.215 idle=-10.000 gover=0.000 | nw=1.48104e+06 pop=28 bases=15 money=1670 credit=119986 day=177 | food=200 water=0 coal=0 home=230 free=28 roads=3
  ACTION: 24 (BUILD:Hothouse price=16590 need_earth=10) | money=1670 pop=28 free=28
  BUILD FAILED: Hothouse (no cell or error)
STEP 154 | BUILD:Hothouse | total=-2.513 err=-1.000 tax=0.000 taxb=0.300 build=0.000 cost=0.000 div=0.000 prox=0.000 prov=0.000 preq=0.000 pres=0.000 sale=0.000 mtax=0.000 chain=0.000 daily=0.000 nov=0.000 mile=0.000 surv=-1.212 idle=0.000 gover=0.000 | nw=1.48078e+06 pop=28 bases=15 money=1670 credit=120225 day=178 | food=200 water=0 coal=0 home=230 free=28 roads=3
  ACTION: 10 (BUILD:PowerStation price=92433 need_earth=10) | money=1670 pop=28 free=28
  BUILD FAILED: PowerStation (no cell or error)
STEP 155 | BUILD:PowerStation | total=-2.515 err=-1.000 tax=0.000 taxb=0.300 build=0.000 cost=0.000 div=0.000 prox=0.000 prov=0.000 preq=0.000 pres=0.000 sale=0.000 mtax=0.000 chain=0.000 daily=0.000 nov=0.000 mile=0.000 surv=-1.212 idle=0.000 gover=0.000 | nw=1.48051e+06 pop=28 bases=15 money=1670 credit=120465 day=179 | food=200 water=0 coal=0 home=230 free=28 roads=3
  ACTION: 12 (BUILD:Road price=400 need_earth=10) | money=1670 pop=28 free=28
STEP 156 | BUILD:Road | total=-0.057 err=0.000 tax=0.000 taxb=0.300 build=1.500 cost=-0.040 div=0.000 prox=0.000 prov=0.000 preq=0.000 pres=0.000 sale=0.000 mtax=0.000 chain=0.000 daily=0.000 nov=0.000 mile=0.000 surv=-1.213 idle=0.000 gover=0.000 | nw=1.48025e+06 pop=28 bases=16 money=1270 credit=120705 day=180 | food=200 water=0 coal=0 home=230 free=28 roads=4
  ACTION: 44 | money=1270 pop=28 free=28
STEP 157 | MGR:manual_tax | total=-1.032 err=0.000 tax=0.000 taxb=0.300 build=0.000 cost=0.000 div=0.000 prox=0.000 prov=0.000 preq=0.000 pres=0.000 sale=0.000 mtax=0.500 chain=0.000 daily=0.000 nov=0.000 mile=0.000 surv=-1.227 idle=0.000 gover=0.000 | nw=1.47999e+06 pop=28 bases=16 money=1270 credit=120946 day=181 | food=200 water=0 coal=0 home=230 free=28 roads=4
  ACTION: 6 (BUILD:Coalmine price=25471 need_earth=4) | money=1270 pop=28 free=28
  BUILD FAILED: Coalmine (no cell or error)
STEP 158 | BUILD:Coalmine | total=-12.533 err=-1.000 tax=0.000 taxb=0.300 build=0.000 cost=0.000 div=0.000 prox=0.000 prov=0.000 preq=0.000 pres=0.000 sale=0.000 mtax=0.000 chain=0.000 daily=0.000 nov=0.000 mile=0.000 surv=-1.227 idle=-10.000 gover=0.000 | nw=1.47972e+06 pop=28 bases=16 money=1270 credit=121187 day=182 | food=200 water=0 coal=0 home=230 free=28 roads=4
  ACTION: 43 | money=1270 pop=28 free=28
STEP 159 | MGR:credit_give | total=-2.536 err=-1.000 tax=0.000 taxb=0.300 build=0.000 cost=0.000 div=0.000 prox=0.000 prov=0.000 preq=0.000 pres=0.000 sale=0.000 mtax=0.000 chain=0.000 daily=0.000 nov=0.000 mile=0.000 surv=-1.229 idle=0.000 gover=0.000 | nw=1.47945e+06 pop=28 bases=16 money=1270 credit=121429 day=183 | food=200 water=0 coal=0 home=230 free=28 roads=4
  ACTION: 28 (BUILD:BigRefinary price=3999149 need_earth=6) | money=1270 pop=28 free=28
  BUILD FAILED: BigRefinary (no cell or error)
STEP 160 | BUILD:BigRefinary | total=-2.540 err=-1.000 tax=0.000 taxb=0.300 build=0.000 cost=0.000 div=0.000 prox=0.000 prov=0.000 preq=0.000 pres=0.000 sale=0.000 mtax=0.000 chain=0.000 daily=0.000 nov=0.000 mile=0.000 surv=-1.232 idle=0.000 gover=0.000 | nw=1.47919e+06 pop=28 bases=16 money=1270 credit=121671 day=184 | food=200 water=0 coal=0 home=230 free=28 roads=4
  ACTION: 0 (DAY) | money=1270 pop=28 free=28
STEP 161 | DAY | total=-11.555 err=0.000 tax=0.000 taxb=0.300 build=0.000 cost=0.000 div=0.000 prox=0.000 prov=0.000 preq=0.000 pres=0.000 sale=0.000 mtax=0.000 chain=0.000 daily=0.000 nov=0.000 mile=0.000 surv=-1.245 idle=-10.000 gover=0.000 | nw=1.47892e+06 pop=28 bases=16 money=1270 credit=121914 day=185 | food=200 water=0 coal=0 home=230 free=28 roads=4
  ACTION: 44 | money=1270 pop=28 free=28
STEP 162 | MGR:manual_tax | total=-1.045 err=0.000 tax=0.000 taxb=0.300 build=0.000 cost=0.000 div=0.000 prox=0.000 prov=0.000 preq=0.000 pres=0.000 sale=0.000 mtax=0.500 chain=0.000 daily=0.000 nov=0.000 mile=0.000 surv=-1.235 idle=0.000 gover=0.000 | nw=1.47865e+06 pop=28 bases=16 money=1270 credit=122157 day=186 | food=200 water=0 coal=0 home=230 free=28 roads=4
  ACTION: 21 (BUILD:BigFarm price=380385 need_earth=1) | money=1270 pop=28 free=28
  BUILD FAILED: BigFarm (no cell or error)
STEP 163 | BUILD:BigFarm | total=-2.548 err=-1.000 tax=0.000 taxb=0.300 build=0.000 cost=0.000 div=0.000 prox=0.000 prov=0.000 preq=0.000 pres=0.000 sale=0.000 mtax=0.000 chain=0.000 daily=0.000 nov=0.000 mile=0.000 surv=-1.236 idle=0.000 gover=0.000 | nw=1.47838e+06 pop=28 bases=16 money=1270 credit=122401 day=187 | food=200 water=0 coal=0 home=230 free=28 roads=4
  ACTION: 13 (BUILD:House price=14038 need_earth=1) | money=1270 pop=28 free=28
  BUILD FAILED: House (no cell or error)
STEP 164 | BUILD:House | total=-12.574 err=-1.000 tax=0.000 taxb=0.300 build=0.000 cost=0.000 div=0.000 prox=0.000 prov=0.000 preq=0.000 pres=0.000 sale=0.000 mtax=0.000 chain=0.000 daily=0.000 nov=0.000 mile=0.000 surv=-1.261 idle=-10.000 gover=0.000 | nw=1.47811e+06 pop=28 bases=16 money=1270 credit=122645 day=188 | food=200 water=0 coal=0 home=230 free=28 roads=4
  ACTION: 15 (BUILD:Fish price=30202 need_earth=2) | money=1270 pop=28 free=28
  BUILD FAILED: Fish (no cell or error)
STEP 165 | BUILD:Fish | total=-2.564 err=-1.000 tax=0.000 taxb=0.300 build=0.000 cost=0.000 div=0.000 prox=0.000 prov=0.000 preq=0.000 pres=0.000 sale=0.000 mtax=0.000 chain=0.000 daily=0.000 nov=0.000 mile=0.000 surv=-1.249 idle=0.000 gover=0.000 | nw=1.47784e+06 pop=28 bases=16 money=1270 credit=122890 day=189 | food=200 water=0 coal=0 home=230 free=28 roads=4
  ACTION: 36 | money=1270 pop=28 free=28
STEP 166 | MGR:restore_all | total=-0.652 err=0.000 tax=0.000 taxb=0.300 build=0.000 cost=0.000 div=0.000 prox=0.000 prov=0.000 preq=0.000 pres=0.000 sale=0.000 mtax=0.000 chain=0.000 daily=0.000 nov=0.000 mile=0.000 surv=-0.336 idle=0.000 gover=0.000 | nw=1.47776e+06 pop=28 bases=16 money=1033 credit=123135 day=190 | food=200 water=0 coal=0 home=230 free=28 roads=4
  ACTION: 42 | money=1033 pop=28 free=28
STEP 167 | MGR:credit_take | total=-12.583 err=-1.000 tax=0.000 taxb=0.300 build=0.000 cost=0.000 div=0.000 prox=0.000 prov=0.000 preq=0.000 pres=0.000 sale=0.000 mtax=0.000 chain=0.000 daily=0.000 nov=0.000 mile=0.000 surv=-1.266 idle=-10.000 gover=0.000 | nw=1.47748e+06 pop=28 bases=16 money=1033 credit=123381 day=191 | food=200 water=0 coal=0 home=230 free=28 roads=4
  ACTION: 7 (BUILD:Ironmine price=32008 need_earth=5) | money=1033 pop=28 free=28
  BUILD FAILED: Ironmine (no cell or error)
STEP 168 | BUILD:Ironmine | total=-2.591 err=-1.000 tax=0.000 taxb=0.300 build=0.000 cost=0.000 div=0.000 prox=0.000 prov=0.000 preq=0.000 pres=0.000 sale=0.000 mtax=0.000 chain=0.000 daily=0.000 nov=0.000 mile=0.000 surv=-1.273 idle=0.000 gover=0.000 | nw=1.47721e+06 pop=28 bases=16 money=1033 credit=123627 day=192 | food=200 water=0 coal=0 home=230 free=28 roads=4
  ACTION: 41 | money=1033 pop=28 free=28
STEP 169 | MGR:buy_food | total=-2.573 err=0.000 tax=0.000 taxb=0.300 build=0.000 cost=0.000 div=0.000 prox=0.000 prov=0.000 preq=0.000 pres=0.000 sale=0.000 mtax=0.000 chain=0.000 daily=0.000 nov=0.000 mile=0.000 surv=-2.254 idle=0.000 gover=0.000 | nw=1.47674e+06 pop=28 bases=16 money=633 credit=123874 day=193 | food=400 water=0 coal=0 home=230 free=28 roads=4
  ACTION: 39 | money=633 pop=28 free=28
STEP 170 | MGR:unpreserve | total=-8.579 err=0.000 tax=0.000 taxb=0.300 build=0.000 cost=0.000 div=0.000 prox=0.000 prov=0.000 preq=0.000 pres=3.000 sale=0.000 mtax=0.000 chain=0.000 daily=0.000 nov=0.000 mile=0.000 surv=-1.258 idle=-10.000 gover=0.000 | nw=1.47647e+06 pop=28 bases=16 money=633 credit=124121 day=194 | food=400 water=0 coal=0 home=250 free=28 roads=4
  ACTION: 15 (BUILD:Fish price=30202 need_earth=2) | money=633 pop=28 free=28
  BUILD FAILED: Fish (no cell or error)
STEP 171 | BUILD:Fish | total=-2.586 err=-1.000 tax=0.000 taxb=0.300 build=0.000 cost=0.000 div=0.000 prox=0.000 prov=0.000 preq=0.000 pres=0.000 sale=0.000 mtax=0.000 chain=0.000 daily=0.000 nov=0.000 mile=0.000 surv=-1.264 idle=0.000 gover=0.000 | nw=1.47619e+06 pop=28 bases=16 money=633 credit=124369 day=195 | food=400 water=0 coal=0 home=250 free=28 roads=4
  ACTION: 32 (BUILD:SmallAtomStation price=29000000 need_earth=2) | money=633 pop=28 free=28
  BUILD FAILED: SmallAtomStation (no cell or error)
STEP 172 | BUILD:SmallAtomStation | total=-2.605 err=-1.000 tax=0.000 taxb=0.300 build=0.000 cost=0.000 div=0.000 prox=0.000 prov=0.000 preq=0.000 pres=0.000 sale=0.000 mtax=0.000 chain=0.000 daily=0.000 nov=0.000 mile=0.000 surv=-1.281 idle=0.000 gover=0.000 | nw=1.47592e+06 pop=28 bases=16 money=633 credit=124617 day=196 | food=400 water=0 coal=0 home=250 free=28 roads=4
  ACTION: 40 | money=633 pop=28 free=28
STEP 173 | MGR:sell | total=-11.381 err=0.000 tax=0.000 taxb=0.300 build=0.000 cost=0.000 div=0.000 prox=0.000 prov=0.000 preq=0.000 pres=0.000 sale=0.220 mtax=0.000 chain=0.000 daily=0.000 nov=0.000 mile=0.000 surv=-1.276 idle=-10.000 gover=0.000 | nw=1.47564e+06 pop=28 bases=16 money=833 credit=124866 day=197 | food=200 water=0 coal=0 home=250 free=28 roads=4
  ACTION: 12 (BUILD:Road price=400 need_earth=10) | money=833 pop=28 free=28
STEP 174 | BUILD:Road | total=-0.144 err=0.000 tax=0.000 taxb=0.300 build=1.500 cost=-0.040 div=0.000 prox=0.000 prov=0.000 preq=0.000 pres=0.000 sale=0.000 mtax=0.000 chain=0.000 daily=0.000 nov=0.000 mile=0.000 surv=-1.278 idle=0.000 gover=0.000 | nw=1.47537e+06 pop=28 bases=17 money=433 credit=125115 day=198 | food=200 water=0 coal=0 home=250 free=28 roads=5
  ACTION: 40 | money=433 pop=28 free=28
STEP 175 | MGR:sell | total=-2.587 err=-1.000 tax=0.000 taxb=0.300 build=0.000 cost=0.000 div=0.000 prox=0.000 prov=0.000 preq=0.000 pres=0.000 sale=0.000 mtax=0.000 chain=0.000 daily=0.000 nov=0.000 mile=0.000 surv=-1.261 idle=0.000 gover=0.000 | nw=1.47509e+06 pop=28 bases=17 money=433 credit=125365 day=199 | food=200 water=0 coal=0 home=250 free=28 roads=5
  ACTION: 27 (BUILD:WaterMill price=2900197 need_earth=2) | money=433 pop=28 free=28
  BUILD FAILED: WaterMill (no cell or error)
STEP 176 | BUILD:WaterMill | total=-10.615 err=-1.000 tax=0.000 taxb=0.300 build=0.000 cost=0.000 div=0.000 prox=0.000 prov=0.000 preq=0.000 pres=0.000 sale=0.000 mtax=0.000 chain=0.000 daily=0.000 nov=0.000 mile=2.000 surv=-1.287 idle=-10.000 gover=0.000 | nw=1.47482e+06 pop=28 bases=17 money=433 credit=125615 day=200 | food=200 water=0 coal=0 home=250 free=28 roads=5
  ACTION: 38 | money=433 pop=28 free=28
STEP 177 | MGR:preserve | total=1.383 err=0.000 tax=0.000 taxb=0.300 build=0.000 cost=0.000 div=0.000 prox=0.000 prov=0.000 preq=0.000 pres=3.000 sale=0.000 mtax=0.000 chain=0.000 daily=0.000 nov=0.000 mile=0.000 surv=-1.288 idle=0.000 gover=0.000 | nw=1.47454e+06 pop=28 bases=17 money=433 credit=125866 day=201 | food=200 water=0 coal=0 home=250 free=28 roads=5
  ACTION: 3 (BUILD:Garden price=7640 need_earth=10) | money=433 pop=28 free=28
  BUILD FAILED: Garden (no cell or error)
STEP 178 | BUILD:Garden | total=-2.607 err=-1.000 tax=0.000 taxb=0.300 build=0.000 cost=0.000 div=0.000 prox=0.000 prov=0.000 preq=0.000 pres=0.000 sale=0.000 mtax=0.000 chain=0.000 daily=0.000 nov=0.000 mile=0.000 surv=-1.277 idle=0.000 gover=0.000 | nw=1.47426e+06 pop=28 bases=17 money=433 credit=126117 day=202 | food=200 water=0 coal=0 home=250 free=28 roads=5
  ACTION: 12 (BUILD:Road price=400 need_earth=10) | money=433 pop=28 free=28
STEP 179 | BUILD:Road | total=0.846 err=0.000 tax=0.000 taxb=0.300 build=1.500 cost=-0.040 div=0.000 prox=0.000 prov=0.000 preq=0.000 pres=0.000 sale=0.000 mtax=0.000 chain=0.000 daily=0.000 nov=0.000 mile=0.000 surv=-1.282 idle=0.000 gover=0.000 | nw=1.47399e+06 pop=29 bases=18 money=33 credit=126369 day=203 | food=200 water=0 coal=0 home=250 free=29 roads=6
  ACTION: 37 | money=33 pop=29 free=29
STEP 180 | MGR:destroy | total=-43.560 err=0.000 tax=0.000 taxb=0.300 build=0.000 cost=0.000 div=0.000 prox=0.000 prov=0.000 preq=0.000 pres=0.000 sale=0.000 mtax=0.000 chain=0.000 daily=0.000 nov=0.000 mile=0.000 surv=-43.227 idle=0.000 gover=0.000 | nw=1.46532e+06 pop=29 bases=17 money=971 credit=126621 day=204 | food=200 water=0 coal=0 home=250 free=29 roads=6
  ACTION: 34 | money=971 pop=29 free=29
STEP 181 | MGR:improve | total=-32.586 err=-1.000 tax=0.000 taxb=0.300 build=0.000 cost=0.000 div=0.000 prox=0.000 prov=0.000 preq=0.000 pres=0.000 sale=0.000 mtax=0.000 chain=0.000 daily=0.000 nov=0.000 mile=0.000 surv=-1.252 idle=-10.000 gover=0.000 | nw=1.46505e+06 pop=28 bases=17 money=971 credit=126874 day=205 | food=200 water=0 coal=0 home=250 free=28 roads=6
  ACTION: 32 (BUILD:SmallAtomStation price=29000000 need_earth=2) | money=971 pop=28 free=28
  BUILD FAILED: SmallAtomStation (no cell or error)
STEP 182 | BUILD:SmallAtomStation | total=-2.603 err=-1.000 tax=0.000 taxb=0.300 build=0.000 cost=0.000 div=0.000 prox=0.000 prov=0.000 preq=0.000 pres=0.000 sale=0.000 mtax=0.000 chain=0.000 daily=0.000 nov=0.000 mile=0.000 surv=-1.267 idle=0.000 gover=0.000 | nw=1.46478e+06 pop=28 bases=17 money=971 credit=127127 day=206 | food=200 water=0 coal=0 home=250 free=28 roads=6
  ACTION: 39 | money=971 pop=28 free=28
STEP 183 | MGR:unpreserve | total=-2.607 err=-1.000 tax=0.000 taxb=0.300 build=0.000 cost=0.000 div=0.000 prox=0.000 prov=0.000 preq=0.000 pres=0.000 sale=0.000 mtax=0.000 chain=0.000 daily=0.000 nov=0.000 mile=0.000 surv=-1.270 idle=0.000 gover=0.000 | nw=1.4645e+06 pop=28 bases=17 money=971 credit=127381 day=207 | food=200 water=0 coal=0 home=250 free=28 roads=6
  ACTION: 39 | money=971 pop=28 free=28
STEP 184 | MGR:unpreserve | total=-12.602 err=-1.000 tax=0.000 taxb=0.300 build=0.000 cost=0.000 div=0.000 prox=0.000 prov=0.000 preq=0.000 pres=0.000 sale=0.000 mtax=0.000 chain=0.000 daily=0.000 nov=0.000 mile=0.000 surv=-1.264 idle=-10.000 gover=0.000 | nw=1.46423e+06 pop=28 bases=17 money=971 credit=127635 day=208 | food=200 water=0 coal=0 home=250 free=28 roads=6
  ACTION: 22 (BUILD:Apiary price=9385 need_earth=10) | money=971 pop=28 free=28
  BUILD FAILED: Apiary (no cell or error)
STEP 185 | BUILD:Apiary | total=-2.629 err=-1.000 tax=0.000 taxb=0.300 build=0.000 cost=0.000 div=0.000 prox=0.000 prov=0.000 preq=0.000 pres=0.000 sale=0.000 mtax=0.000 chain=0.000 daily=0.000 nov=0.000 mile=0.000 surv=-1.290 idle=0.000 gover=0.000 | nw=1.46395e+06 pop=28 bases=17 money=971 credit=127890 day=209 | food=200 water=0 coal=0 home=250 free=28 roads=6
  ACTION: 8 (BUILD:Refinery price=82684 need_earth=6) | money=971 pop=28 free=28
  BUILD FAILED: Refinery (no cell or error)
STEP 186 | BUILD:Refinery | total=-2.622 err=-1.000 tax=0.000 taxb=0.300 build=0.000 cost=0.000 div=0.000 prox=0.000 prov=0.000 preq=0.000 pres=0.000 sale=0.000 mtax=0.000 chain=0.000 daily=0.000 nov=0.000 mile=0.000 surv=-1.281 idle=0.000 gover=0.000 | nw=1.46368e+06 pop=28 bases=17 money=971 credit=128145 day=210 | food=200 water=0 coal=0 home=250 free=28 roads=6
  ACTION: 31 (BUILD:AirStation price=23790 need_earth=10) | money=971 pop=28 free=28
  BUILD FAILED: AirStation (no cell or error)
STEP 187 | BUILD:AirStation | total=-12.628 err=-1.000 tax=0.000 taxb=0.300 build=0.000 cost=0.000 div=0.000 prox=0.000 prov=0.000 preq=0.000 pres=0.000 sale=0.000 mtax=0.000 chain=0.000 daily=0.000 nov=0.000 mile=0.000 surv=-1.286 idle=-10.000 gover=0.000 | nw=1.4634e+06 pop=28 bases=17 money=971 credit=128401 day=211 | food=200 water=0 coal=0 home=250 free=28 roads=6
  ACTION: 15 (BUILD:Fish price=30202 need_earth=2) | money=971 pop=28 free=28
  BUILD FAILED: Fish (no cell or error)
STEP 188 | BUILD:Fish | total=-2.615 err=-1.000 tax=0.000 taxb=0.300 build=0.000 cost=0.000 div=0.000 prox=0.000 prov=0.000 preq=0.000 pres=0.000 sale=0.000 mtax=0.000 chain=0.000 daily=0.000 nov=0.000 mile=0.000 surv=-1.272 idle=0.000 gover=0.000 | nw=1.46313e+06 pop=28 bases=17 money=971 credit=128657 day=212 | food=200 water=0 coal=0 home=250 free=28 roads=6
  ACTION: 34 | money=971 pop=28 free=28
STEP 189 | MGR:improve | total=-2.626 err=-1.000 tax=0.000 taxb=0.300 build=0.000 cost=0.000 div=0.000 prox=0.000 prov=0.000 preq=0.000 pres=0.000 sale=0.000 mtax=0.000 chain=0.000 daily=0.000 nov=0.000 mile=0.000 surv=-1.282 idle=0.000 gover=0.000 | nw=1.46285e+06 pop=28 bases=17 money=971 credit=128914 day=213 | food=200 water=0 coal=0 home=250 free=28 roads=6
  ACTION: 38 | money=971 pop=28 free=28
STEP 190 | MGR:preserve | total=-8.633 err=0.000 tax=0.000 taxb=0.300 build=0.000 cost=0.000 div=0.000 prox=0.000 prov=0.000 preq=0.000 pres=3.000 sale=0.000 mtax=0.000 chain=0.000 daily=0.000 nov=0.000 mile=0.000 surv=-1.287 idle=-10.000 gover=0.000 | nw=1.46257e+06 pop=28 bases=17 money=971 credit=129171 day=214 | food=200 water=0 coal=0 home=230 free=28 roads=6
  ACTION: 22 (BUILD:Apiary price=9385 need_earth=10) | money=971 pop=28 free=28
  BUILD FAILED: Apiary (no cell or error)
STEP 191 | BUILD:Apiary | total=-2.644 err=-1.000 tax=0.000 taxb=0.300 build=0.000 cost=0.000 div=0.000 prox=0.000 prov=0.000 preq=0.000 pres=0.000 sale=0.000 mtax=0.000 chain=0.000 daily=0.000 nov=0.000 mile=0.000 surv=-1.297 idle=0.000 gover=0.000 | nw=1.46229e+06 pop=28 bases=17 money=971 credit=129429 day=215 | food=200 water=0 coal=0 home=230 free=28 roads=6
  ACTION: 8 (BUILD:Refinery price=82684 need_earth=6) | money=971 pop=28 free=28
  BUILD FAILED: Refinery (no cell or error)
STEP 192 | BUILD:Refinery | total=-2.655 err=-1.000 tax=0.000 taxb=0.300 build=0.000 cost=0.000 div=0.000 prox=0.000 prov=0.000 preq=0.000 pres=0.000 sale=0.000 mtax=0.000 chain=0.000 daily=0.000 nov=0.000 mile=0.000 surv=-1.307 idle=0.000 gover=0.000 | nw=1.46201e+06 pop=28 bases=17 money=971 credit=129687 day=216 | food=200 water=0 coal=0 home=230 free=28 roads=6
  ACTION: 22 (BUILD:Apiary price=9385 need_earth=10) | money=971 pop=28 free=28
  BUILD FAILED: Apiary (no cell or error)
STEP 193 | BUILD:Apiary | total=-12.638 err=-1.000 tax=0.000 taxb=0.300 build=0.000 cost=0.000 div=0.000 prox=0.000 prov=0.000 preq=0.000 pres=0.000 sale=0.000 mtax=0.000 chain=0.000 daily=0.000 nov=0.000 mile=0.000 surv=-1.288 idle=-10.000 gover=0.000 | nw=1.46173e+06 pop=28 bases=17 money=971 credit=129946 day=217 | food=200 water=0 coal=0 home=230 free=28 roads=6
  ACTION: 39 | money=971 pop=28 free=28
STEP 194 | MGR:unpreserve | total=1.339 err=0.000 tax=0.000 taxb=0.300 build=0.000 cost=0.000 div=0.000 prox=0.000 prov=0.000 preq=0.000 pres=3.000 sale=0.000 mtax=0.000 chain=0.000 daily=0.000 nov=0.000 mile=0.000 surv=-1.310 idle=0.000 gover=0.000 | nw=1.46145e+06 pop=28 bases=17 money=971 credit=130205 day=218 | food=200 water=0 coal=0 home=250 free=28 roads=6
  ACTION: 38 | money=971 pop=28 free=28
STEP 195 | MGR:preserve | total=1.339 err=0.000 tax=0.000 taxb=0.300 build=0.000 cost=0.000 div=0.000 prox=0.000 prov=0.000 preq=0.000 pres=3.000 sale=0.000 mtax=0.000 chain=0.000 daily=0.000 nov=0.000 mile=0.000 surv=-1.308 idle=0.000 gover=0.000 | nw=1.46117e+06 pop=28 bases=17 money=971 credit=130465 day=219 | food=200 water=0 coal=0 home=230 free=28 roads=6
  ACTION: 15 (BUILD:Fish price=30202 need_earth=2) | money=971 pop=28 free=28
  BUILD FAILED: Fish (no cell or error)
STEP 196 | BUILD:Fish | total=-12.653 err=-1.000 tax=0.000 taxb=0.300 build=0.000 cost=0.000 div=0.000 prox=0.000 prov=0.000 preq=0.000 pres=0.000 sale=0.000 mtax=0.000 chain=0.000 daily=0.000 nov=0.000 mile=0.000 surv=-1.300 idle=-10.000 gover=0.000 | nw=1.46089e+06 pop=28 bases=17 money=971 credit=130725 day=220 | food=200 water=0 coal=0 home=230 free=28 roads=6
  ACTION: 12 (BUILD:Road price=400 need_earth=10) | money=971 pop=28 free=28
STEP 197 | BUILD:Road | total=-0.215 err=0.000 tax=0.000 taxb=0.300 build=1.500 cost=-0.040 div=0.000 prox=0.000 prov=0.000 preq=0.000 pres=0.000 sale=0.000 mtax=0.000 chain=0.000 daily=0.000 nov=0.000 mile=0.000 surv=-1.320 idle=0.000 gover=0.000 | nw=1.46061e+06 pop=28 bases=18 money=571 credit=130986 day=221 | food=200 water=0 coal=0 home=230 free=28 roads=7
  ACTION: 41 | money=571 pop=28 free=28
STEP 198 | MGR:buy_food | total=-2.672 err=0.000 tax=0.000 taxb=0.300 build=0.000 cost=0.000 div=0.000 prox=0.000 prov=0.000 preq=0.000 pres=0.000 sale=0.000 mtax=0.000 chain=0.000 daily=0.000 nov=0.000 mile=0.000 surv=-2.316 idle=0.000 gover=0.000 | nw=1.46012e+06 pop=28 bases=18 money=171 credit=131247 day=222 | food=400 water=0 coal=0 home=230 free=28 roads=7
  ACTION: 12 (BUILD:Road price=400 need_earth=10) | money=171 pop=28 free=28
  BUILD FAILED: Road (no cell or error)
STEP 199 | BUILD:Road | total=-12.678 err=-1.000 tax=0.000 taxb=0.300 build=0.000 cost=0.000 div=0.000 prox=0.000 prov=0.000 preq=0.000 pres=0.000 sale=0.000 mtax=0.000 chain=0.000 daily=0.000 nov=0.000 mile=0.000 surv=-1.321 idle=-10.000 gover=0.000 | nw=1.45984e+06 pop=28 bases=18 money=171 credit=131509 day=223 | food=400 water=0 coal=0 home=230 free=28 roads=7
  ACTION: 41 | money=171 pop=28 free=28
STEP 200 | MGR:buy_food | total=-2.668 err=-1.000 tax=0.000 taxb=0.300 build=0.000 cost=0.000 div=0.000 prox=0.000 prov=0.000 preq=0.000 pres=0.000 sale=0.000 mtax=0.000 chain=0.000 daily=0.000 nov=0.000 mile=0.000 surv=-1.309 idle=0.000 gover=0.000 | nw=1.45956e+06 pop=28 bases=18 money=171 credit=131772 day=224 | food=400 water=0 coal=0 home=230 free=28 roads=7
  BUILDINGS: City(0d) House(0d) Farm(0d) Garden(0d) Road(0d) House(0d) Farm(0d) House(0d) Garden(0d) Hothouse(0d) SmallHouse(0d) Farm(0d) Road(0d) Road(0d) Road(0d) Road(0d) Road(0d) Road(3d) 
  ACTION: 39 | money=171 pop=28 free=28
STEP 201 | MGR:unpreserve | total=1.322 err=0.000 tax=0.000 taxb=0.300 build=0.000 cost=0.000 div=0.000 prox=0.000 prov=0.000 preq=0.000 pres=3.000 sale=0.000 mtax=0.000 chain=0.000 daily=0.000 nov=0.000 mile=0.000 surv=-1.317 idle=0.000 gover=0.000 | nw=1.45927e+06 pop=28 bases=18 money=171 credit=132035 day=225 | food=400 water=0 coal=0 home=250 free=28 roads=7
  ACTION: 27 (BUILD:WaterMill price=2900197 need_earth=2) | money=171 pop=28 free=28
  BUILD FAILED: WaterMill (no cell or error)
STEP 202 | BUILD:WaterMill | total=-12.692 err=-1.000 tax=0.000 taxb=0.300 build=0.000 cost=0.000 div=0.000 prox=0.000 prov=0.000 preq=0.000 pres=0.000 sale=0.000 mtax=0.000 chain=0.000 daily=0.000 nov=0.000 mile=0.000 surv=-1.331 idle=-10.000 gover=0.000 | nw=1.45899e+06 pop=28 bases=18 money=171 credit=132299 day=226 | food=400 water=0 coal=0 home=250 free=28 roads=7
  ACTION: 14 (BUILD:SmallHouse price=5900 need_earth=10) | money=171 pop=28 free=28
  BUILD FAILED: SmallHouse (no cell or error)
STEP 203 | BUILD:SmallHouse | total=-2.694 err=-1.000 tax=0.000 taxb=0.300 build=0.000 cost=0.000 div=0.000 prox=0.000 prov=0.000 preq=0.000 pres=0.000 sale=0.000 mtax=0.000 chain=0.000 daily=0.000 nov=0.000 mile=0.000 surv=-1.331 idle=0.000 gover=0.000 | nw=1.4587e+06 pop=28 bases=18 money=171 credit=132563 day=227 | food=400 water=0 coal=0 home=250 free=28 roads=7
  ACTION: 4 (BUILD:WaterChannel price=18310 need_earth=2) | money=171 pop=28 free=28
  BUILD FAILED: WaterChannel (no cell or error)
STEP 204 | BUILD:WaterChannel | total=-2.323 err=-1.000 tax=0.000 taxb=0.300 build=0.365 cost=0.000 div=0.000 prox=0.000 prov=0.000 preq=0.000 pres=0.000 sale=0.000 mtax=0.000 chain=0.000 daily=0.000 nov=0.000 mile=0.000 surv=-1.324 idle=0.000 gover=0.000 | nw=1.45842e+06 pop=28 bases=18 money=171 credit=132828 day=228 | food=400 water=0 coal=0 home=250 free=28 roads=7
  ACTION: 0 (DAY) | money=171 pop=28 free=28
STEP 205 | DAY | total=-11.714 err=0.000 tax=0.000 taxb=0.300 build=0.000 cost=0.000 div=0.000 prox=0.000 prov=0.000 preq=0.000 pres=0.000 sale=0.000 mtax=0.000 chain=0.000 daily=0.000 nov=0.000 mile=0.000 surv=-1.348 idle=-10.000 gover=0.000 | nw=1.45813e+06 pop=28 bases=18 money=171 credit=133093 day=229 | food=400 water=0 coal=0 home=250 free=28 roads=7
  ACTION: 39 | money=171 pop=28 free=28
STEP 206 | MGR:unpreserve | total=-2.702 err=-1.000 tax=0.000 taxb=0.300 build=0.000 cost=0.000 div=0.000 prox=0.000 prov=0.000 preq=0.000 pres=0.000 sale=0.000 mtax=0.000 chain=0.000 daily=0.000 nov=0.000 mile=0.000 surv=-1.335 idle=0.000 gover=0.000 | nw=1.45784e+06 pop=28 bases=18 money=171 credit=133359 day=230 | food=400 water=0 coal=0 home=250 free=28 roads=7
  ACTION: 9 (BUILD:Goldmine price=77000 need_earth=7) | money=171 pop=28 free=28
  BUILD FAILED: Goldmine (no cell or error)
STEP 207 | BUILD:Goldmine | total=-2.704 err=-1.000 tax=0.000 taxb=0.300 build=0.000 cost=0.000 div=0.000 prox=0.000 prov=0.000 preq=0.000 pres=0.000 sale=0.000 mtax=0.000 chain=0.000 daily=0.000 nov=0.000 mile=0.000 surv=-1.336 idle=0.000 gover=0.000 | nw=1.45755e+06 pop=28 bases=18 money=171 credit=133625 day=231 | food=400 water=0 coal=0 home=250 free=28 roads=7
  ACTION: 41 | money=171 pop=28 free=28
STEP 208 | MGR:buy_food | total=-12.707 err=-1.000 tax=0.000 taxb=0.300 build=0.000 cost=0.000 div=0.000 prox=0.000 prov=0.000 preq=0.000 pres=0.000 sale=0.000 mtax=0.000 chain=0.000 daily=0.000 nov=0.000 mile=0.000 surv=-1.337 idle=-10.000 gover=0.000 | nw=1.45726e+06 pop=28 bases=18 money=171 credit=133892 day=232 | food=400 water=0 coal=0 home=250 free=28 roads=7
  ACTION: 43 | money=171 pop=28 free=28
STEP 209 | MGR:credit_give | total=-2.718 err=-1.000 tax=0.000 taxb=0.300 build=0.000 cost=0.000 div=0.000 prox=0.000 prov=0.000 preq=0.000 pres=0.000 sale=0.000 mtax=0.000 chain=0.000 daily=0.000 nov=0.000 mile=0.000 surv=-1.348 idle=0.000 gover=0.000 | nw=1.45697e+06 pop=28 bases=18 money=171 credit=134159 day=233 | food=400 water=0 coal=0 home=250 free=28 roads=7
  ACTION: 15 (BUILD:Fish price=30202 need_earth=2) | money=171 pop=28 free=28
  BUILD FAILED: Fish (no cell or error)
STEP 210 | BUILD:Fish | total=-2.716 err=-1.000 tax=0.000 taxb=0.300 build=0.000 cost=0.000 div=0.000 prox=0.000 prov=0.000 preq=0.000 pres=0.000 sale=0.000 mtax=0.000 chain=0.000 daily=0.000 nov=0.000 mile=0.000 surv=-1.343 idle=0.000 gover=0.000 | nw=1.45669e+06 pop=28 bases=18 money=171 credit=134427 day=234 | food=400 water=0 coal=0 home=250 free=28 roads=7
  ACTION: 15 (BUILD:Fish price=30202 need_earth=2) | money=171 pop=28 free=28
  BUILD FAILED: Fish (no cell or error)
STEP 211 | BUILD:Fish | total=-12.712 err=-1.000 tax=0.000 taxb=0.300 build=0.000 cost=0.000 div=0.000 prox=0.000 prov=0.000 preq=0.000 pres=0.000 sale=0.000 mtax=0.000 chain=0.000 daily=0.000 nov=0.000 mile=0.000 surv=-1.339 idle=-10.000 gover=0.000 | nw=1.4564e+06 pop=28 bases=18 money=171 credit=134695 day=235 | food=400 water=0 coal=0 home=250 free=28 roads=7
  ACTION: 6 (BUILD:Coalmine price=25471 need_earth=4) | money=171 pop=28 free=28
  BUILD FAILED: Coalmine (no cell or error)
STEP 212 | BUILD:Coalmine | total=-2.722 err=-1.000 tax=0.000 taxb=0.300 build=0.000 cost=0.000 div=0.000 prox=0.000 prov=0.000 preq=0.000 pres=0.000 sale=0.000 mtax=0.000 chain=0.000 daily=0.000 nov=0.000 mile=0.000 surv=-1.347 idle=0.000 gover=0.000 | nw=1.45611e+06 pop=28 bases=18 money=171 credit=134964 day=236 | food=400 water=0 coal=0 home=250 free=28 roads=7
  ACTION: 14 (BUILD:SmallHouse price=5900 need_earth=10) | money=171 pop=28 free=28
  BUILD FAILED: SmallHouse (no cell or error)
STEP 213 | BUILD:SmallHouse | total=-2.726 err=-1.000 tax=0.000 taxb=0.300 build=0.000 cost=0.000 div=0.000 prox=0.000 prov=0.000 preq=0.000 pres=0.000 sale=0.000 mtax=0.000 chain=0.000 daily=0.000 nov=0.000 mile=0.000 surv=-1.350 idle=0.000 gover=0.000 | nw=1.45582e+06 pop=28 bases=18 money=171 credit=135233 day=237 | food=400 water=0 coal=0 home=250 free=28 roads=7
  ACTION: 42 | money=171 pop=28 free=28
STEP 214 | MGR:credit_take | total=-12.738 err=-1.000 tax=0.000 taxb=0.300 build=0.000 cost=0.000 div=0.000 prox=0.000 prov=0.000 preq=0.000 pres=0.000 sale=0.000 mtax=0.000 chain=0.000 daily=0.000 nov=0.000 mile=0.000 surv=-1.361 idle=-10.000 gover=0.000 | nw=1.45553e+06 pop=28 bases=18 money=171 credit=135503 day=238 | food=400 water=0 coal=0 home=250 free=28 roads=7
  ACTION: 4 (BUILD:WaterChannel price=18310 need_earth=2) | money=171 pop=28 free=28
  BUILD FAILED: WaterChannel (no cell or error)
STEP 215 | BUILD:WaterChannel | total=-2.727 err=-1.000 tax=0.000 taxb=0.300 build=0.000 cost=0.000 div=0.000 prox=0.000 prov=0.000 preq=0.000 pres=0.000 sale=0.000 mtax=0.000 chain=0.000 daily=0.000 nov=0.000 mile=0.000 surv=-1.348 idle=0.000 gover=0.000 | nw=1.45524e+06 pop=28 bases=18 money=171 credit=135774 day=239 | food=400 water=0 coal=0 home=250 free=28 roads=7
  ACTION: 44 | money=171 pop=28 free=28
STEP 216 | MGR:manual_tax | total=-1.238 err=0.000 tax=0.000 taxb=0.300 build=0.000 cost=0.000 div=0.000 prox=0.000 prov=0.000 preq=0.000 pres=0.000 sale=0.000 mtax=0.500 chain=0.000 daily=0.000 nov=0.000 mile=0.000 surv=-1.357 idle=0.000 gover=0.000 | nw=1.45495e+06 pop=28 bases=18 money=171 credit=136045 day=240 | food=400 water=0 coal=0 home=250 free=28 roads=7
  ACTION: 6 (BUILD:Coalmine price=25471 need_earth=4) | money=171 pop=28 free=28
  BUILD FAILED: Coalmine (no cell or error)
STEP 217 | BUILD:Coalmine | total=-12.744 err=-1.000 tax=0.000 taxb=0.300 build=0.000 cost=0.000 div=0.000 prox=0.000 prov=0.000 preq=0.000 pres=0.000 sale=0.000 mtax=0.000 chain=0.000 daily=0.000 nov=0.000 mile=0.000 surv=-1.362 idle=-10.000 gover=0.000 | nw=1.45465e+06 pop=28 bases=18 money=171 credit=136317 day=241 | food=400 water=0 coal=0 home=250 free=28 roads=7
  ACTION: 38 | money=171 pop=28 free=28
STEP 218 | MGR:preserve | total=1.243 err=0.000 tax=0.000 taxb=0.300 build=0.000 cost=0.000 div=0.000 prox=0.000 prov=0.000 preq=0.000 pres=3.000 sale=0.000 mtax=0.000 chain=0.000 daily=0.000 nov=0.000 mile=0.000 surv=-1.374 idle=0.000 gover=0.000 | nw=1.45436e+06 pop=28 bases=18 money=171 credit=136589 day=242 | food=400 water=0 coal=0 home=230 free=28 roads=7
  ACTION: 37 | money=171 pop=28 free=28
STEP 219 | MGR:destroy | total=-27.383 err=0.000 tax=0.000 taxb=0.300 build=0.000 cost=0.000 div=0.000 prox=0.000 prov=0.000 preq=0.000 pres=0.000 sale=0.000 mtax=0.000 chain=0.000 daily=0.000 nov=0.000 mile=0.000 surv=-26.999 idle=0.000 gover=0.000 | nw=1.44894e+06 pop=28 bases=17 money=761 credit=136862 day=243 | food=400 water=0 coal=0 home=230 free=28 roads=7
  ACTION: 44 | money=761 pop=28 free=28
STEP 220 | MGR:manual_tax | total=-11.254 err=0.000 tax=0.000 taxb=0.300 build=0.000 cost=0.000 div=0.000 prox=0.000 prov=0.000 preq=0.000 pres=0.000 sale=0.000 mtax=0.500 chain=0.000 daily=0.000 nov=0.000 mile=0.000 surv=-1.368 idle=-10.000 gover=0.000 | nw=1.44864e+06 pop=28 bases=17 money=761 credit=137135 day=244 | food=400 water=0 coal=0 home=230 free=28 roads=7
  ACTION: 17 (BUILD:HuntingLand price=16985 need_earth=3) | money=761 pop=28 free=28
  BUILD FAILED: HuntingLand (no cell or error)
STEP 221 | BUILD:HuntingLand | total=-2.747 err=-1.000 tax=0.000 taxb=0.300 build=0.000 cost=0.000 div=0.000 prox=0.000 prov=0.000 preq=0.000 pres=0.000 sale=0.000 mtax=0.000 chain=0.000 daily=0.000 nov=0.000 mile=0.000 surv=-1.360 idle=0.000 gover=0.000 | nw=1.44835e+06 pop=28 bases=17 money=761 credit=137409 day=245 | food=400 water=0 coal=0 home=230 free=28 roads=7
  ACTION: 41 | money=761 pop=28 free=28
STEP 222 | MGR:buy_food | total=-2.770 err=-1.000 tax=0.000 taxb=0.300 build=0.000 cost=0.000 div=0.000 prox=0.000 prov=0.000 preq=0.000 pres=0.000 sale=0.000 mtax=0.000 chain=0.000 daily=0.000 nov=0.000 mile=0.000 surv=-1.382 idle=0.000 gover=0.000 | nw=1.44806e+06 pop=28 bases=17 money=761 credit=137683 day=246 | food=400 water=0 coal=0 home=230 free=28 roads=7
  ACTION: 0 (DAY) | money=761 pop=28 free=28
STEP 223 | DAY | total=-11.760 err=0.000 tax=0.000 taxb=0.300 build=0.000 cost=0.000 div=0.000 prox=0.000 prov=0.000 preq=0.000 pres=0.000 sale=0.000 mtax=0.000 chain=0.000 daily=0.000 nov=0.000 mile=0.000 surv=-1.370 idle=-10.000 gover=0.000 | nw=1.44776e+06 pop=28 bases=17 money=761 credit=137958 day=247 | food=400 water=0 coal=0 home=230 free=28 roads=7
  ACTION: 23 (BUILD:Torchlight price=215000 need_earth=6) | money=761 pop=28 free=28
  BUILD FAILED: Torchlight (no cell or error)
STEP 224 | BUILD:Torchlight | total=-2.766 err=-1.000 tax=0.000 taxb=0.300 build=0.000 cost=0.000 div=0.000 prox=0.000 prov=0.000 preq=0.000 pres=0.000 sale=0.000 mtax=0.000 chain=0.000 daily=0.000 nov=0.000 mile=0.000 surv=-1.375 idle=0.000 gover=0.000 | nw=1.44747e+06 pop=28 bases=17 money=761 credit=138233 day=248 | food=400 water=0 coal=0 home=230 free=28 roads=7
  ACTION: 13 (BUILD:House price=14038 need_earth=1) | money=761 pop=28 free=28
  BUILD FAILED: House (no cell or error)
STEP 225 | BUILD:House | total=-2.776 err=-1.000 tax=0.000 taxb=0.300 build=0.000 cost=0.000 div=0.000 prox=0.000 prov=0.000 preq=0.000 pres=0.000 sale=0.000 mtax=0.000 chain=0.000 daily=0.000 nov=0.000 mile=0.000 surv=-1.383 idle=0.000 gover=0.000 | nw=1.44717e+06 pop=28 bases=17 money=761 credit=138509 day=249 | food=400 water=0 coal=0 home=230 free=28 roads=7
  ACTION: 20 (BUILD:BigHouse price=66400 need_earth=1) | money=761 pop=28 free=28
  BUILD FAILED: BigHouse (no cell or error)
STEP 226 | BUILD:BigHouse | total=-12.773 err=-1.000 tax=0.000 taxb=0.300 build=0.000 cost=0.000 div=0.000 prox=0.000 prov=0.000 preq=0.000 pres=0.000 sale=0.000 mtax=0.000 chain=0.000 daily=0.000 nov=0.000 mile=0.000 surv=-1.379 idle=-10.000 gover=0.000 | nw=1.44687e+06 pop=28 bases=17 money=761 credit=138786 day=250 | food=400 water=0 coal=0 home=230 free=28 roads=7
  ACTION: 15 (BUILD:Fish price=30202 need_earth=2) | money=761 pop=28 free=28
  BUILD FAILED: Fish (no cell or error)
STEP 227 | BUILD:Fish | total=-2.772 err=-1.000 tax=0.000 taxb=0.300 build=0.000 cost=0.000 div=0.000 prox=0.000 prov=0.000 preq=0.000 pres=0.000 sale=0.000 mtax=0.000 chain=0.000 daily=0.000 nov=0.000 mile=0.000 surv=-1.377 idle=0.000 gover=0.000 | nw=1.44658e+06 pop=28 bases=17 money=761 credit=139063 day=251 | food=400 water=0 coal=0 home=230 free=28 roads=7
  ACTION: 44 | money=761 pop=28 free=28
STEP 228 | MGR:manual_tax | total=-1.287 err=0.000 tax=0.000 taxb=0.300 build=0.000 cost=0.000 div=0.000 prox=0.000 prov=0.000 preq=0.000 pres=0.000 sale=0.000 mtax=0.500 chain=0.000 daily=0.000 nov=0.000 mile=0.000 surv=-1.390 idle=0.000 gover=0.000 | nw=1.44628e+06 pop=28 bases=17 money=761 credit=139341 day=252 | food=400 water=0 coal=0 home=230 free=28 roads=7
  ACTION: 3 (BUILD:Garden price=7640 need_earth=10) | money=761 pop=28 free=28
  BUILD FAILED: Garden (no cell or error)
STEP 229 | BUILD:Garden | total=-12.790 err=-1.000 tax=0.000 taxb=0.300 build=0.000 cost=0.000 div=0.000 prox=0.000 prov=0.000 preq=0.000 pres=0.000 sale=0.000 mtax=0.000 chain=0.000 daily=0.000 nov=0.000 mile=0.000 surv=-1.392 idle=-10.000 gover=0.000 | nw=1.44598e+06 pop=28 bases=17 money=761 credit=139619 day=253 | food=400 water=0 coal=0 home=230 free=28 roads=7
  ACTION: 5 (BUILD:Sawmill price=17570 need_earth=3) | money=761 pop=28 free=28
  BUILD FAILED: Sawmill (no cell or error)
STEP 230 | BUILD:Sawmill | total=-2.789 err=-1.000 tax=0.000 taxb=0.300 build=0.000 cost=0.000 div=0.000 prox=0.000 prov=0.000 preq=0.000 pres=0.000 sale=0.000 mtax=0.000 chain=0.000 daily=0.000 nov=0.000 mile=0.000 surv=-1.390 idle=0.000 gover=0.000 | nw=1.44569e+06 pop=28 bases=17 money=761 credit=139898 day=254 | food=400 water=0 coal=0 home=230 free=28 roads=7
  ACTION: 20 (BUILD:BigHouse price=66400 need_earth=1) | money=761 pop=28 free=28
  BUILD FAILED: BigHouse (no cell or error)
STEP 231 | BUILD:BigHouse | total=-2.799 err=-1.000 tax=0.000 taxb=0.300 build=0.000 cost=0.000 div=0.000 prox=0.000 prov=0.000 preq=0.000 pres=0.000 sale=0.000 mtax=0.000 chain=0.000 daily=0.000 nov=0.000 mile=0.000 surv=-1.398 idle=0.000 gover=0.000 | nw=1.44539e+06 pop=28 bases=17 money=761 credit=140177 day=255 | food=400 water=0 coal=0 home=230 free=28 roads=7
  ACTION: 27 (BUILD:WaterMill price=2900197 need_earth=2) | money=761 pop=28 free=28
  BUILD FAILED: WaterMill (no cell or error)
STEP 232 | BUILD:WaterMill | total=-12.810 err=-1.000 tax=0.000 taxb=0.300 build=0.000 cost=0.000 div=0.000 prox=0.000 prov=0.000 preq=0.000 pres=0.000 sale=0.000 mtax=0.000 chain=0.000 daily=0.000 nov=0.000 mile=0.000 surv=-1.408 idle=-10.000 gover=0.000 | nw=1.44508e+06 pop=28 bases=17 money=761 credit=140457 day=256 | food=400 water=0 coal=0 home=230 free=28 roads=7
  ACTION: 12 (BUILD:Road price=400 need_earth=10) | money=761 pop=28 free=28
STEP 233 | BUILD:Road | total=-0.338 err=0.000 tax=0.000 taxb=0.300 build=1.500 cost=-0.040 div=0.000 prox=0.000 prov=0.000 preq=0.000 pres=0.000 sale=0.000 mtax=0.000 chain=0.000 daily=0.000 nov=0.000 mile=0.000 surv=-1.394 idle=0.000 gover=0.000 | nw=1.44478e+06 pop=28 bases=18 money=361 credit=140737 day=257 | food=400 water=0 coal=0 home=230 free=28 roads=8
  ACTION: 22 (BUILD:Apiary price=9385 need_earth=10) | money=361 pop=28 free=28
  BUILD FAILED: Apiary (no cell or error)
STEP 234 | BUILD:Apiary | total=-2.802 err=-1.000 tax=0.000 taxb=0.300 build=0.000 cost=0.000 div=0.000 prox=0.000 prov=0.000 preq=0.000 pres=0.000 sale=0.000 mtax=0.000 chain=0.000 daily=0.000 nov=0.000 mile=0.000 surv=-1.397 idle=0.000 gover=0.000 | nw=1.44449e+06 pop=28 bases=18 money=361 credit=141018 day=258 | food=400 water=0 coal=0 home=230 free=28 roads=8
  ACTION: 5 (BUILD:Sawmill price=17570 need_earth=3) | money=361 pop=28 free=28
  BUILD FAILED: Sawmill (no cell or error)
STEP 235 | BUILD:Sawmill | total=-12.814 err=-1.000 tax=0.000 taxb=0.300 build=0.000 cost=0.000 div=0.000 prox=0.000 prov=0.000 preq=0.000 pres=0.000 sale=0.000 mtax=0.000 chain=0.000 daily=0.000 nov=0.000 mile=0.000 surv=-1.408 idle=-10.000 gover=0.000 | nw=1.44418e+06 pop=28 bases=18 money=361 credit=141300 day=259 | food=400 water=0 coal=0 home=230 free=28 roads=8
  ACTION: 44 | money=361 pop=28 free=28
STEP 236 | MGR:manual_tax | total=-1.303 err=0.000 tax=0.000 taxb=0.300 build=0.000 cost=0.000 div=0.000 prox=0.000 prov=0.000 preq=0.000 pres=0.000 sale=0.000 mtax=0.500 chain=0.000 daily=0.000 nov=0.000 mile=0.000 surv=-1.395 idle=0.000 gover=0.000 | nw=1.44389e+06 pop=28 bases=18 money=361 credit=141582 day=260 | food=400 water=0 coal=0 home=230 free=28 roads=8
  ACTION: 8 (BUILD:Refinery price=82684 need_earth=6) | money=361 pop=28 free=28
  BUILD FAILED: Refinery (no cell or error)
STEP 237 | BUILD:Refinery | total=-2.811 err=-1.000 tax=0.000 taxb=0.300 build=0.000 cost=0.000 div=0.000 prox=0.000 prov=0.000 preq=0.000 pres=0.000 sale=0.000 mtax=0.000 chain=0.000 daily=0.000 nov=0.000 mile=0.000 surv=-1.401 idle=0.000 gover=0.000 | nw=1.44358e+06 pop=28 bases=18 money=361 credit=141865 day=261 | food=400 water=0 coal=0 home=230 free=28 roads=8
  ACTION: 44 | money=361 pop=28 free=28
STEP 238 | MGR:manual_tax | total=-11.321 err=0.000 tax=0.000 taxb=0.300 build=0.000 cost=0.000 div=0.000 prox=0.000 prov=0.000 preq=0.000 pres=0.000 sale=0.000 mtax=0.500 chain=0.000 daily=0.000 nov=0.000 mile=0.000 surv=-1.410 idle=-10.000 gover=0.000 | nw=1.44328e+06 pop=28 bases=18 money=361 credit=142148 day=262 | food=400 water=0 coal=0 home=230 free=28 roads=8
  ACTION: 17 (BUILD:HuntingLand price=16985 need_earth=3) | money=361 pop=28 free=28
  BUILD FAILED: HuntingLand (no cell or error)
STEP 239 | BUILD:HuntingLand | total=-2.838 err=-1.000 tax=0.000 taxb=0.300 build=0.000 cost=0.000 div=0.000 prox=0.000 prov=0.000 preq=0.000 pres=0.000 sale=0.000 mtax=0.000 chain=0.000 daily=0.000 nov=0.000 mile=0.000 surv=-1.426 idle=0.000 gover=0.000 | nw=1.44298e+06 pop=28 bases=18 money=361 credit=142432 day=263 | food=400 water=0 coal=0 home=230 free=28 roads=8
  ACTION: 37 | money=361 pop=28 free=28
STEP 240 | MGR:destroy | total=-75.032 err=0.000 tax=0.000 taxb=0.300 build=0.000 cost=0.000 div=0.000 prox=0.000 prov=0.000 preq=0.000 pres=0.000 sale=0.000 mtax=0.000 chain=0.000 daily=0.000 nov=0.000 mile=0.000 surv=-74.618 idle=0.000 gover=0.000 | nw=1.42803e+06 pop=28 bases=17 money=2020 credit=142716 day=264 | food=400 water=0 coal=0 home=230 free=28 roads=8
  ACTION: 9 (BUILD:Goldmine price=77000 need_earth=7) | money=2020 pop=28 free=28
  BUILD FAILED: Goldmine (no cell or error)
STEP 241 | BUILD:Goldmine | total=-12.819 err=-1.000 tax=0.000 taxb=0.300 build=0.000 cost=0.000 div=0.000 prox=0.000 prov=0.000 preq=0.000 pres=0.000 sale=0.000 mtax=0.000 chain=0.000 daily=0.000 nov=0.000 mile=0.000 surv=-1.404 idle=-10.000 gover=0.000 | nw=1.42773e+06 pop=28 bases=17 money=2020 credit=143001 day=265 | food=400 water=0 coal=0 home=230 free=28 roads=8
  ACTION: 14 (BUILD:SmallHouse price=5900 need_earth=10) | money=2020 pop=28 free=28
  BUILD FAILED: SmallHouse (no cell or error)
STEP 242 | BUILD:SmallHouse | total=-2.831 err=-1.000 tax=0.000 taxb=0.300 build=0.000 cost=0.000 div=0.000 prox=0.000 prov=0.000 preq=0.000 pres=0.000 sale=0.000 mtax=0.000 chain=0.000 daily=0.000 nov=0.000 mile=0.000 surv=-1.414 idle=0.000 gover=0.000 | nw=1.42743e+06 pop=28 bases=17 money=2020 credit=143287 day=266 | food=400 water=0 coal=0 home=230 free=28 roads=8
  ACTION: 12 (BUILD:Road price=400 need_earth=10) | money=2020 pop=28 free=28
STEP 243 | BUILD:Road | total=-0.366 err=0.000 tax=0.000 taxb=0.300 build=1.500 cost=-0.040 div=0.000 prox=0.000 prov=0.000 preq=0.000 pres=0.000 sale=0.000 mtax=0.000 chain=0.000 daily=0.000 nov=0.000 mile=0.000 surv=-1.408 idle=0.000 gover=0.000 | nw=1.42713e+06 pop=28 bases=18 money=1620 credit=143573 day=267 | food=400 water=0 coal=0 home=230 free=28 roads=9
  ACTION: 44 | money=1620 pop=28 free=28
STEP 244 | MGR:manual_tax | total=-1.339 err=0.000 tax=0.000 taxb=0.300 build=0.000 cost=0.000 div=0.000 prox=0.000 prov=0.000 preq=0.000 pres=0.000 sale=0.000 mtax=0.500 chain=0.000 daily=0.000 nov=0.000 mile=0.000 surv=-1.419 idle=0.000 gover=0.000 | nw=1.42683e+06 pop=28 bases=18 money=1620 credit=143860 day=268 | food=400 water=0 coal=0 home=230 free=28 roads=9
  ACTION: 24 (BUILD:Hothouse price=16590 need_earth=10) | money=1620 pop=28 free=28
  BUILD FAILED: Hothouse (no cell or error)
STEP 245 | BUILD:Hothouse | total=-12.829 err=-1.000 tax=0.000 taxb=0.300 build=0.000 cost=0.000 div=0.000 prox=0.000 prov=0.000 preq=0.000 pres=0.000 sale=0.000 mtax=0.000 chain=0.000 daily=0.000 nov=0.000 mile=0.000 surv=-1.408 idle=-10.000 gover=0.000 | nw=1.42652e+06 pop=28 bases=18 money=1620 credit=144147 day=269 | food=400 water=0 coal=0 home=230 free=28 roads=9
  ACTION: 20 (BUILD:BigHouse price=66400 need_earth=1) | money=1620 pop=28 free=28
  BUILD FAILED: BigHouse (no cell or error)
STEP 246 | BUILD:BigHouse | total=-2.852 err=-1.000 tax=0.000 taxb=0.300 build=0.000 cost=0.000 div=0.000 prox=0.000 prov=0.000 preq=0.000 pres=0.000 sale=0.000 mtax=0.000 chain=0.000 daily=0.000 nov=0.000 mile=0.000 surv=-1.430 idle=0.000 gover=0.000 | nw=1.42622e+06 pop=28 bases=18 money=1620 credit=144435 day=270 | food=400 water=0 coal=0 home=230 free=28 roads=9
  ACTION: 44 | money=1620 pop=28 free=28
STEP 247 | MGR:manual_tax | total=-0.356 err=0.000 tax=0.000 taxb=0.300 build=0.000 cost=0.000 div=0.000 prox=0.000 prov=0.000 preq=0.000 pres=0.000 sale=0.000 mtax=0.500 chain=0.000 daily=0.000 nov=0.000 mile=0.000 surv=-1.433 idle=0.000 gover=0.000 | nw=1.42591e+06 pop=29 bases=18 money=1620 credit=144723 day=271 | food=400 water=0 coal=0 home=230 free=29 roads=9
  ACTION: 36 | money=1620 pop=29 free=29
STEP 248 | MGR:restore_all | total=-10.024 err=0.000 tax=0.000 taxb=0.300 build=0.000 cost=0.000 div=0.000 prox=0.000 prov=0.000 preq=0.000 pres=0.000 sale=0.000 mtax=0.000 chain=0.000 daily=0.000 nov=0.000 mile=0.000 surv=0.401 idle=-10.000 gover=0.000 | nw=1.42597e+06 pop=29 bases=18 money=1101 credit=145012 day=272 | food=400 water=0 coal=0 home=230 free=29 roads=9
  ACTION: 36 | money=1101 pop=29 free=29
STEP 249 | MGR:restore_all | total=-1.823 err=0.000 tax=0.000 taxb=0.300 build=0.000 cost=0.000 div=0.000 prox=0.000 prov=0.000 preq=0.000 pres=0.000 sale=0.000 mtax=0.000 chain=0.000 daily=0.000 nov=0.000 mile=0.000 surv=-1.396 idle=0.000 gover=0.000 | nw=1.42567e+06 pop=29 bases=18 money=1095 credit=145302 day=273 | food=400 water=0 coal=0 home=230 free=29 roads=9
  ACTION: 30 (BUILD:BigIronmine price=2715002 need_earth=5) | money=1095 pop=29 free=29
  BUILD FAILED: BigIronmine (no cell or error)
STEP 250 | BUILD:BigIronmine | total=-2.856 err=-1.000 tax=0.000 taxb=0.300 build=0.000 cost=0.000 div=0.000 prox=0.000 prov=0.000 preq=0.000 pres=0.000 sale=0.000 mtax=0.000 chain=0.000 daily=0.000 nov=0.000 mile=0.000 surv=-1.428 idle=0.000 gover=0.000 | nw=1.42537e+06 pop=29 bases=18 money=1095 credit=145592 day=274 | food=400 water=0 coal=0 home=230 free=29 roads=9
  ACTION: 9 (BUILD:Goldmine price=77000 need_earth=7) | money=1095 pop=29 free=29
  BUILD FAILED: Goldmine (no cell or error)
STEP 251 | BUILD:Goldmine | total=-12.868 err=-1.000 tax=0.000 taxb=0.300 build=0.000 cost=0.000 div=0.000 prox=0.000 prov=0.000 preq=0.000 pres=0.000 sale=0.000 mtax=0.000 chain=0.000 daily=0.000 nov=0.000 mile=0.000 surv=-1.438 idle=-10.000 gover=0.000 | nw=1.42506e+06 pop=29 bases=18 money=1095 credit=145883 day=275 | food=400 water=0 coal=0 home=230 free=29 roads=9
  ACTION: 14 (BUILD:SmallHouse price=5900 need_earth=10) | money=1095 pop=29 free=29
  BUILD FAILED: SmallHouse (no cell or error)
STEP 252 | BUILD:SmallHouse | total=-2.861 err=-1.000 tax=0.000 taxb=0.300 build=0.000 cost=0.000 div=0.000 prox=0.000 prov=0.000 preq=0.000 pres=0.000 sale=0.000 mtax=0.000 chain=0.000 daily=0.000 nov=0.000 mile=0.000 surv=-1.430 idle=0.000 gover=0.000 | nw=1.42475e+06 pop=29 bases=18 money=1095 credit=146174 day=276 | food=400 water=0 coal=0 home=230 free=29 roads=9
  ACTION: 44 | money=1095 pop=29 free=29
STEP 253 | MGR:manual_tax | total=-1.377 err=0.000 tax=0.000 taxb=0.300 build=0.000 cost=0.000 div=0.000 prox=0.000 prov=0.000 preq=0.000 pres=0.000 sale=0.000 mtax=0.500 chain=0.000 daily=0.000 nov=0.000 mile=0.000 surv=-1.444 idle=0.000 gover=0.000 | nw=1.42444e+06 pop=29 bases=18 money=1095 credit=146466 day=277 | food=400 water=0 coal=0 home=230 free=29 roads=9
  ACTION: 38 | money=1095 pop=29 free=29
STEP 254 | MGR:preserve | total=-8.853 err=0.000 tax=0.000 taxb=0.300 build=0.000 cost=0.000 div=0.000 prox=0.000 prov=0.000 preq=0.000 pres=3.000 sale=0.000 mtax=0.000 chain=0.000 daily=0.000 nov=0.000 mile=0.000 surv=-1.419 idle=-10.000 gover=0.000 | nw=1.42414e+06 pop=29 bases=18 money=1095 credit=146758 day=278 | food=400 water=0 coal=0 home=230 free=29 roads=9
  ACTION: 8 (BUILD:Refinery price=82684 need_earth=6) | money=1095 pop=29 free=29
  BUILD FAILED: Refinery (no cell or error)
STEP 255 | BUILD:Refinery | total=-2.900 err=-1.000 tax=0.000 taxb=0.300 build=0.000 cost=0.000 div=0.000 prox=0.000 prov=0.000 preq=0.000 pres=0.000 sale=0.000 mtax=0.000 chain=0.000 daily=0.000 nov=0.000 mile=0.000 surv=-1.465 idle=0.000 gover=0.000 | nw=1.42383e+06 pop=29 bases=18 money=1095 credit=147051 day=279 | food=400 water=0 coal=0 home=230 free=29 roads=9
  ACTION: 14 (BUILD:SmallHouse price=5900 need_earth=10) | money=1095 pop=29 free=29
  BUILD FAILED: SmallHouse (no cell or error)
STEP 256 | BUILD:SmallHouse | total=-2.891 err=-1.000 tax=0.000 taxb=0.300 build=0.000 cost=0.000 div=0.000 prox=0.000 prov=0.000 preq=0.000 pres=0.000 sale=0.000 mtax=0.000 chain=0.000 daily=0.000 nov=0.000 mile=0.000 surv=-1.454 idle=0.000 gover=0.000 | nw=1.42352e+06 pop=29 bases=18 money=1095 credit=147345 day=280 | food=400 water=0 coal=0 home=230 free=29 roads=9
  ACTION: 38 | money=1095 pop=29 free=29
STEP 257 | MGR:preserve | total=-8.906 err=0.000 tax=0.000 taxb=0.300 build=0.000 cost=0.000 div=0.000 prox=0.000 prov=0.000 preq=0.000 pres=3.000 sale=0.000 mtax=0.000 chain=0.000 daily=0.000 nov=0.000 mile=0.000 surv=-1.468 idle=-10.000 gover=0.000 | nw=1.4232e+06 pop=29 bases=18 money=1095 credit=147639 day=281 | food=400 water=0 coal=0 home=230 free=29 roads=9
  ACTION: 14 (BUILD:SmallHouse price=5900 need_earth=10) | money=1095 pop=29 free=29
  BUILD FAILED: SmallHouse (no cell or error)
STEP 258 | BUILD:SmallHouse | total=-2.921 err=-1.000 tax=0.000 taxb=0.300 build=0.000 cost=0.000 div=0.000 prox=0.000 prov=0.000 preq=0.000 pres=0.000 sale=0.000 mtax=0.000 chain=0.000 daily=0.000 nov=0.000 mile=0.000 surv=-1.481 idle=0.000 gover=0.000 | nw=1.42289e+06 pop=29 bases=18 money=1095 credit=147934 day=282 | food=400 water=0 coal=0 home=230 free=29 roads=9
  ACTION: 14 (BUILD:SmallHouse price=5900 need_earth=10) | money=1095 pop=29 free=29
  BUILD FAILED: SmallHouse (no cell or error)
STEP 259 | BUILD:SmallHouse | total=-2.900 err=-1.000 tax=0.000 taxb=0.300 build=0.000 cost=0.000 div=0.000 prox=0.000 prov=0.000 preq=0.000 pres=0.000 sale=0.000 mtax=0.000 chain=0.000 daily=0.000 nov=0.000 mile=0.000 surv=-1.459 idle=0.000 gover=0.000 | nw=1.42257e+06 pop=29 bases=18 money=1095 credit=148229 day=283 | food=400 water=0 coal=0 home=230 free=29 roads=9
  ACTION: 6 (BUILD:Coalmine price=25471 need_earth=4) | money=1095 pop=29 free=29
  BUILD FAILED: Coalmine (no cell or error)
STEP 260 | BUILD:Coalmine | total=-12.912 err=-1.000 tax=0.000 taxb=0.300 build=0.000 cost=0.000 div=0.000 prox=0.000 prov=0.000 preq=0.000 pres=0.000 sale=0.000 mtax=0.000 chain=0.000 daily=0.000 nov=0.000 mile=0.000 surv=-1.469 idle=-10.000 gover=0.000 | nw=1.42226e+06 pop=29 bases=18 money=1095 credit=148525 day=284 | food=400 water=0 coal=0 home=230 free=29 roads=9
  ACTION: 32 (BUILD:SmallAtomStation price=29000000 need_earth=2) | money=1095 pop=29 free=29
  BUILD FAILED: SmallAtomStation (no cell or error)
STEP 261 | BUILD:SmallAtomStation | total=-2.918 err=-1.000 tax=0.000 taxb=0.300 build=0.000 cost=0.000 div=0.000 prox=0.000 prov=0.000 preq=0.000 pres=0.000 sale=0.000 mtax=0.000 chain=0.000 daily=0.000 nov=0.000 mile=0.000 surv=-1.474 idle=0.000 gover=0.000 | nw=1.42195e+06 pop=29 bases=18 money=1095 credit=148822 day=285 | food=400 water=0 coal=0 home=230 free=29 roads=9
  ACTION: 29 (BUILD:Puerperal price=37105 need_earth=10) | money=1095 pop=29 free=29
  BUILD FAILED: Puerperal (no cell or error)
STEP 262 | BUILD:Puerperal | total=-2.904 err=-1.000 tax=0.000 taxb=0.300 build=0.000 cost=0.000 div=0.000 prox=0.000 prov=0.000 preq=0.000 pres=0.000 sale=0.000 mtax=0.000 chain=0.000 daily=0.000 nov=0.000 mile=0.000 surv=-1.459 idle=0.000 gover=0.000 | nw=1.42163e+06 pop=29 bases=18 money=1095 credit=149119 day=286 | food=400 water=0 coal=0 home=230 free=29 roads=9
  ACTION: 17 (BUILD:HuntingLand price=16985 need_earth=3) | money=1095 pop=29 free=29
  BUILD FAILED: HuntingLand (no cell or error)
STEP 263 | BUILD:HuntingLand | total=-12.917 err=-1.000 tax=0.000 taxb=0.300 build=0.000 cost=0.000 div=0.000 prox=0.000 prov=0.000 preq=0.000 pres=0.000 sale=0.000 mtax=0.000 chain=0.000 daily=0.000 nov=0.000 mile=0.000 surv=-1.470 idle=-10.000 gover=0.000 | nw=1.42132e+06 pop=29 bases=18 money=1095 credit=149417 day=287 | food=400 water=0 coal=0 home=230 free=29 roads=9
  ACTION: 25 (BUILD:SuperHouse price=971000 need_earth=1) | money=1095 pop=29 free=29
  BUILD FAILED: SuperHouse (no cell or error)
STEP 264 | BUILD:SuperHouse | total=-2.925 err=-1.000 tax=0.000 taxb=0.300 build=0.000 cost=0.000 div=0.000 prox=0.000 prov=0.000 preq=0.000 pres=0.000 sale=0.000 mtax=0.000 chain=0.000 daily=0.000 nov=0.000 mile=0.000 surv=-1.477 idle=0.000 gover=0.000 | nw=1.421e+06 pop=29 bases=18 money=1095 credit=149715 day=288 | food=400 water=0 coal=0 home=230 free=29 roads=9
  ACTION: 27 (BUILD:WaterMill price=2900197 need_earth=2) | money=1095 pop=29 free=29
  BUILD FAILED: WaterMill (no cell or error)
STEP 265 | BUILD:WaterMill | total=-2.940 err=-1.000 tax=0.000 taxb=0.300 build=0.000 cost=0.000 div=0.000 prox=0.000 prov=0.000 preq=0.000 pres=0.000 sale=0.000 mtax=0.000 chain=0.000 daily=0.000 nov=0.000 mile=0.000 surv=-1.490 idle=0.000 gover=0.000 | nw=1.42069e+06 pop=29 bases=18 money=1095 credit=150014 day=289 | food=400 water=0 coal=0 home=230 free=29 roads=9
  ACTION: 18 (BUILD:CowFarm price=32002 need_earth=10) | money=1095 pop=29 free=29
  BUILD FAILED: CowFarm (no cell or error)
STEP 266 | BUILD:CowFarm | total=-12.928 err=-1.000 tax=0.000 taxb=0.300 build=0.000 cost=0.000 div=0.000 prox=0.000 prov=0.000 preq=0.000 pres=0.000 sale=0.000 mtax=0.000 chain=0.000 daily=0.000 nov=0.000 mile=0.000 surv=-1.477 idle=-10.000 gover=0.000 | nw=1.42037e+06 pop=29 bases=18 money=1095 credit=150314 day=290 | food=400 water=0 coal=0 home=230 free=29 roads=9
  ACTION: 28 (BUILD:BigRefinary price=3999149 need_earth=6) | money=1095 pop=29 free=29
  BUILD FAILED: BigRefinary (no cell or error)
STEP 267 | BUILD:BigRefinary | total=-2.937 err=-1.000 tax=0.000 taxb=0.300 build=0.000 cost=0.000 div=0.000 prox=0.000 prov=0.000 preq=0.000 pres=0.000 sale=0.000 mtax=0.000 chain=0.000 daily=0.000 nov=0.000 mile=0.000 surv=-1.484 idle=0.000 gover=0.000 | nw=1.42005e+06 pop=29 bases=18 money=1095 credit=150614 day=291 | food=400 water=0 coal=0 home=230 free=29 roads=9
  ACTION: 40 | money=1095 pop=29 free=29
STEP 268 | MGR:sell | total=-1.735 err=0.000 tax=0.000 taxb=0.300 build=0.000 cost=0.000 div=0.000 prox=0.000 prov=0.000 preq=0.000 pres=0.000 sale=0.220 mtax=0.000 chain=0.000 daily=0.000 nov=0.000 mile=0.000 surv=-1.501 idle=0.000 gover=0.000 | nw=1.41973e+06 pop=29 bases=18 money=1295 credit=150915 day=292 | food=200 water=0 coal=0 home=230 free=29 roads=9
  ACTION: 22 (BUILD:Apiary price=9385 need_earth=10) | money=1295 pop=29 free=29
  BUILD FAILED: Apiary (no cell or error)
STEP 269 | BUILD:Apiary | total=-12.935 err=-1.000 tax=0.000 taxb=0.300 build=0.000 cost=0.000 div=0.000 prox=0.000 prov=0.000 preq=0.000 pres=0.000 sale=0.000 mtax=0.000 chain=0.000 daily=0.000 nov=0.000 mile=0.000 surv=-1.479 idle=-10.000 gover=0.000 | nw=1.41942e+06 pop=29 bases=18 money=1295 credit=151216 day=293 | food=200 water=0 coal=0 home=230 free=29 roads=9
  ACTION: 31 (BUILD:AirStation price=23790 need_earth=10) | money=1295 pop=29 free=29
  BUILD FAILED: AirStation (no cell or error)
STEP 270 | BUILD:AirStation | total=-2.960 err=-1.000 tax=0.000 taxb=0.300 build=0.000 cost=0.000 div=0.000 prox=0.000 prov=0.000 preq=0.000 pres=0.000 sale=0.000 mtax=0.000 chain=0.000 daily=0.000 nov=0.000 mile=0.000 surv=-1.503 idle=0.000 gover=0.000 | nw=1.4191e+06 pop=29 bases=18 money=1295 credit=151518 day=294 | food=200 water=0 coal=0 home=230 free=29 roads=9
  ACTION: 8 (BUILD:Refinery price=82684 need_earth=6) | money=1295 pop=29 free=29
  BUILD FAILED: Refinery (no cell or error)
STEP 271 | BUILD:Refinery | total=-2.967 err=-1.000 tax=0.000 taxb=0.300 build=0.000 cost=0.000 div=0.000 prox=0.000 prov=0.000 preq=0.000 pres=0.000 sale=0.000 mtax=0.000 chain=0.000 daily=0.000 nov=0.000 mile=0.000 surv=-1.508 idle=0.000 gover=0.000 | nw=1.41878e+06 pop=29 bases=18 money=1295 credit=151821 day=295 | food=200 water=0 coal=0 home=230 free=29 roads=9
  ACTION: 7 (BUILD:Ironmine price=32008 need_earth=5) | money=1295 pop=29 free=29
  BUILD FAILED: Ironmine (no cell or error)
STEP 272 | BUILD:Ironmine | total=-12.954 err=-1.000 tax=0.000 taxb=0.300 build=0.000 cost=0.000 div=0.000 prox=0.000 prov=0.000 preq=0.000 pres=0.000 sale=0.000 mtax=0.000 chain=0.000 daily=0.000 nov=0.000 mile=0.000 surv=-1.494 idle=-10.000 gover=0.000 | nw=1.41846e+06 pop=29 bases=18 money=1295 credit=152124 day=296 | food=200 water=0 coal=0 home=230 free=29 roads=9
  ACTION: 19 (BUILD:Mushroom price=12164 need_earth=3) | money=1295 pop=29 free=29
  BUILD FAILED: Mushroom (no cell or error)
STEP 273 | BUILD:Mushroom | total=-2.966 err=-1.000 tax=0.000 taxb=0.300 build=0.000 cost=0.000 div=0.000 prox=0.000 prov=0.000 preq=0.000 pres=0.000 sale=0.000 mtax=0.000 chain=0.000 daily=0.000 nov=0.000 mile=0.000 surv=-1.504 idle=0.000 gover=0.000 | nw=1.41814e+06 pop=29 bases=18 money=1295 credit=152428 day=297 | food=200 water=0 coal=0 home=230 free=29 roads=9
  ACTION: 6 (BUILD:Coalmine price=25471 need_earth=4) | money=1295 pop=29 free=29
  BUILD FAILED: Coalmine (no cell or error)
STEP 274 | BUILD:Coalmine | total=-2.972 err=-1.000 tax=0.000 taxb=0.300 build=0.000 cost=0.000 div=0.000 prox=0.000 prov=0.000 preq=0.000 pres=0.000 sale=0.000 mtax=0.000 chain=0.000 daily=0.000 nov=0.000 mile=0.000 surv=-1.509 idle=0.000 gover=0.000 | nw=1.41781e+06 pop=29 bases=18 money=1295 credit=152732 day=298 | food=200 water=0 coal=0 home=230 free=29 roads=9
  ACTION: 36 | money=1295 pop=29 free=29
STEP 275 | MGR:restore_all | total=-11.350 err=0.000 tax=0.000 taxb=0.300 build=0.000 cost=0.000 div=0.000 prox=0.000 prov=0.000 preq=0.000 pres=0.000 sale=0.000 mtax=0.000 chain=0.000 daily=0.000 nov=0.000 mile=0.000 surv=-0.885 idle=-10.000 gover=0.000 | nw=1.41762e+06 pop=29 bases=18 money=1118 credit=153037 day=299 | food=200 water=0 coal=0 home=230 free=29 roads=9
  ACTION: 5 (BUILD:Sawmill price=17570 need_earth=3) | money=1118 pop=29 free=29
  BUILD FAILED: Sawmill (no cell or error)
STEP 276 | BUILD:Sawmill | total=-0.980 err=-1.000 tax=0.000 taxb=0.300 build=0.000 cost=0.000 div=0.000 prox=0.000 prov=0.000 preq=0.000 pres=0.000 sale=0.000 mtax=0.000 chain=0.000 daily=0.000 nov=0.000 mile=2.000 surv=-1.513 idle=0.000 gover=0.000 | nw=1.4173e+06 pop=29 bases=18 money=1118 credit=153343 day=300 | food=200 water=0 coal=0 home=230 free=29 roads=9
  ACTION: 36 | money=1118 pop=29 free=29
STEP 277 | MGR:restore_all | total=-1.959 err=0.000 tax=0.000 taxb=0.300 build=0.000 cost=0.000 div=0.000 prox=0.000 prov=0.000 preq=0.000 pres=0.000 sale=0.000 mtax=0.000 chain=0.000 daily=0.000 nov=0.000 mile=0.000 surv=-1.491 idle=0.000 gover=0.000 | nw=1.41698e+06 pop=29 bases=18 money=1106 credit=153649 day=301 | food=200 water=0 coal=0 home=230 free=29 roads=9
  ACTION: 28 (BUILD:BigRefinary price=3999149 need_earth=6) | money=1106 pop=29 free=29
  BUILD FAILED: BigRefinary (no cell or error)
STEP 278 | BUILD:BigRefinary | total=-13.000 err=-1.000 tax=0.000 taxb=0.300 build=0.000 cost=0.000 div=0.000 prox=0.000 prov=0.000 preq=0.000 pres=0.000 sale=0.000 mtax=0.000 chain=0.000 daily=0.000 nov=0.000 mile=0.000 surv=-1.531 idle=-10.000 gover=0.000 | nw=1.41665e+06 pop=29 bases=18 money=1106 credit=153956 day=302 | food=200 water=0 coal=0 home=230 free=29 roads=9
  ACTION: 5 (BUILD:Sawmill price=17570 need_earth=3) | money=1106 pop=29 free=29
  BUILD FAILED: Sawmill (no cell or error)
STEP 279 | BUILD:Sawmill | total=-2.993 err=-1.000 tax=0.000 taxb=0.300 build=0.000 cost=0.000 div=0.000 prox=0.000 prov=0.000 preq=0.000 pres=0.000 sale=0.000 mtax=0.000 chain=0.000 daily=0.000 nov=0.000 mile=0.000 surv=-1.522 idle=0.000 gover=0.000 | nw=1.41633e+06 pop=29 bases=18 money=1106 credit=154263 day=303 | food=200 water=0 coal=0 home=230 free=29 roads=9
  ACTION: 2 (BUILD:Farm price=19814 need_earth=10) | money=1106 pop=29 free=29
  BUILD FAILED: Farm (no cell or error)
STEP 280 | BUILD:Farm | total=-2.994 err=-1.000 tax=0.000 taxb=0.300 build=0.000 cost=0.000 div=0.000 prox=0.000 prov=0.000 preq=0.000 pres=0.000 sale=0.000 mtax=0.000 chain=0.000 daily=0.000 nov=0.000 mile=0.000 surv=-1.521 idle=0.000 gover=0.000 | nw=1.416e+06 pop=29 bases=18 money=1106 credit=154571 day=304 | food=200 water=0 coal=0 home=230 free=29 roads=9
  ACTION: 38 | money=1106 pop=29 free=29
STEP 281 | MGR:preserve | total=-8.983 err=0.000 tax=0.000 taxb=0.300 build=0.000 cost=0.000 div=0.000 prox=0.000 prov=0.000 preq=0.000 pres=3.000 sale=0.000 mtax=0.000 chain=0.000 daily=0.000 nov=0.000 mile=0.000 surv=-1.508 idle=-10.000 gover=0.000 | nw=1.41568e+06 pop=29 bases=18 money=1106 credit=154880 day=305 | food=200 water=0 coal=0 home=230 free=29 roads=9
  ACTION: 1 (WEEK) | money=1106 pop=29 free=29
STEP 282 | WEEK | total=-16.593 err=0.000 tax=0.000 taxb=0.300 build=0.000 cost=0.000 div=0.000 prox=0.000 prov=0.000 preq=0.000 pres=0.000 sale=0.000 mtax=0.000 chain=0.000 daily=0.000 nov=0.000 mile=0.000 surv=-11.396 idle=0.000 gover=0.000 | nw=1.41338e+06 pop=29 bases=18 money=1106 credit=157057 day=312 | food=200 water=0 coal=0 home=230 free=29 roads=9
  ACTION: 34 | money=1106 pop=29 free=29
STEP 283 | MGR:improve | total=-3.048 err=-1.000 tax=0.000 taxb=0.300 build=0.000 cost=0.000 div=0.000 prox=0.000 prov=0.000 preq=0.000 pres=0.000 sale=0.000 mtax=0.000 chain=0.000 daily=0.000 nov=0.000 mile=0.000 surv=-1.561 idle=0.000 gover=0.000 | nw=1.41305e+06 pop=29 bases=18 money=1106 credit=157371 day=313 | food=200 water=0 coal=0 home=230 free=29 roads=9
  ACTION: 36 | money=1106 pop=29 free=29
STEP 284 | MGR:restore_all | total=-11.733 err=0.000 tax=0.000 taxb=0.300 build=0.000 cost=0.000 div=0.000 prox=0.000 prov=0.000 preq=0.000 pres=0.000 sale=0.000 mtax=0.000 chain=0.000 daily=0.000 nov=0.000 mile=0.000 surv=-1.244 idle=-10.000 gover=0.000 | nw=1.41278e+06 pop=29 bases=18 money=1017 credit=157685 day=314 | food=200 water=0 coal=0 home=230 free=29 roads=9
  ACTION: 27 (BUILD:WaterMill price=2900197 need_earth=2) | money=1017 pop=29 free=29
  BUILD FAILED: WaterMill (no cell or error)
STEP 285 | BUILD:WaterMill | total=-3.060 err=-1.000 tax=0.000 taxb=0.300 build=0.000 cost=0.000 div=0.000 prox=0.000 prov=0.000 preq=0.000 pres=0.000 sale=0.000 mtax=0.000 chain=0.000 daily=0.000 nov=0.000 mile=0.000 surv=-1.570 idle=0.000 gover=0.000 | nw=1.41245e+06 pop=29 bases=18 money=1017 credit=158000 day=315 | food=200 water=0 coal=0 home=230 free=29 roads=9
  ACTION: 35 | money=1017 pop=29 free=29
STEP 286 | MGR:repair | total=-2.027 err=0.000 tax=0.000 taxb=0.300 build=0.000 cost=0.000 div=0.000 prox=0.000 prov=0.000 preq=0.000 pres=0.000 sale=0.000 mtax=0.000 chain=0.000 daily=0.000 nov=0.000 mile=0.000 surv=-1.536 idle=0.000 gover=0.000 | nw=1.41212e+06 pop=29 bases=18 money=1012 credit=158316 day=316 | food=200 water=0 coal=0 home=230 free=29 roads=9
  ACTION: 20 (BUILD:BigHouse price=66400 need_earth=1) | money=1012 pop=29 free=29
  BUILD FAILED: BigHouse (no cell or error)
STEP 287 | BUILD:BigHouse | total=-13.057 err=-1.000 tax=0.000 taxb=0.300 build=0.000 cost=0.000 div=0.000 prox=0.000 prov=0.000 preq=0.000 pres=0.000 sale=0.000 mtax=0.000 chain=0.000 daily=0.000 nov=0.000 mile=0.000 surv=-1.563 idle=-10.000 gover=0.000 | nw=1.41179e+06 pop=29 bases=18 money=1012 credit=158632 day=317 | food=200 water=0 coal=0 home=230 free=29 roads=9
  ACTION: 29 (BUILD:Puerperal price=37105 need_earth=10) | money=1012 pop=29 free=29
  BUILD FAILED: Puerperal (no cell or error)
STEP 288 | BUILD:Puerperal | total=-3.066 err=-1.000 tax=0.000 taxb=0.300 build=0.000 cost=0.000 div=0.000 prox=0.000 prov=0.000 preq=0.000 pres=0.000 sale=0.000 mtax=0.000 chain=0.000 daily=0.000 nov=0.000 mile=0.000 surv=-1.572 idle=0.000 gover=0.000 | nw=1.41145e+06 pop=29 bases=18 money=1012 credit=158949 day=318 | food=200 water=0 coal=0 home=230 free=29 roads=9
  ACTION: 1 (WEEK) | money=1012 pop=29 free=29
STEP 289 | WEEK | total=-17.007 err=0.000 tax=0.000 taxb=0.300 build=0.000 cost=0.000 div=0.000 prox=0.000 prov=0.000 preq=0.000 pres=0.000 sale=0.000 mtax=0.000 chain=0.000 daily=0.000 nov=0.000 mile=0.000 surv=-11.665 idle=0.000 gover=0.000 | nw=1.4091e+06 pop=29 bases=18 money=1012 credit=161184 day=325 | food=200 water=0 coal=0 home=230 free=29 roads=9
  ACTION: 2 (BUILD:Farm price=19814 need_earth=10) | money=1012 pop=29 free=29
  BUILD FAILED: Farm (no cell or error)
STEP 290 | BUILD:Farm | total=-13.113 err=-1.000 tax=0.000 taxb=0.300 build=0.000 cost=0.000 div=0.000 prox=0.000 prov=0.000 preq=0.000 pres=0.000 sale=0.000 mtax=0.000 chain=0.000 daily=0.000 nov=0.000 mile=0.000 surv=-1.605 idle=-10.000 gover=0.000 | nw=1.40876e+06 pop=29 bases=18 money=1012 credit=161506 day=326 | food=200 water=0 coal=0 home=230 free=29 roads=9
  ACTION: 12 (BUILD:Road price=400 need_earth=10) | money=1012 pop=29 free=29
STEP 291 | BUILD:Road | total=-0.648 err=0.000 tax=0.000 taxb=0.300 build=1.500 cost=-0.040 div=0.000 prox=0.000 prov=0.000 preq=0.000 pres=0.000 sale=0.000 mtax=0.000 chain=0.000 daily=0.000 nov=0.000 mile=0.000 surv=-1.599 idle=0.000 gover=0.000 | nw=1.40842e+06 pop=29 bases=19 money=612 credit=161829 day=327 | food=200 water=0 coal=0 home=230 free=29 roads=10
  ACTION: 10 (BUILD:PowerStation price=92433 need_earth=10) | money=612 pop=29 free=29
  BUILD FAILED: PowerStation (no cell or error)
STEP 292 | BUILD:PowerStation | total=-3.123 err=-1.000 tax=0.000 taxb=0.300 build=0.000 cost=0.000 div=0.000 prox=0.000 prov=0.000 preq=0.000 pres=0.000 sale=0.000 mtax=0.000 chain=0.000 daily=0.000 nov=0.000 mile=0.000 surv=-1.613 idle=0.000 gover=0.000 | nw=1.40808e+06 pop=29 bases=19 money=612 credit=162152 day=328 | food=200 water=0 coal=0 home=230 free=29 roads=10
  ACTION: 11 (BUILD:HydroStation price=92214 need_earth=2) | money=612 pop=29 free=29
  BUILD FAILED: HydroStation (no cell or error)
STEP 293 | BUILD:HydroStation | total=-13.116 err=-1.000 tax=0.000 taxb=0.300 build=0.000 cost=0.000 div=0.000 prox=0.000 prov=0.000 preq=0.000 pres=0.000 sale=0.000 mtax=0.000 chain=0.000 daily=0.000 nov=0.000 mile=0.000 surv=-1.604 idle=-10.000 gover=0.000 | nw=1.40774e+06 pop=29 bases=19 money=612 credit=162476 day=329 | food=200 water=0 coal=0 home=230 free=29 roads=10
  ACTION: 15 (BUILD:Fish price=30202 need_earth=2) | money=612 pop=29 free=29
  BUILD FAILED: Fish (no cell or error)
STEP 294 | BUILD:Fish | total=-3.110 err=-1.000 tax=0.000 taxb=0.300 build=0.000 cost=0.000 div=0.000 prox=0.000 prov=0.000 preq=0.000 pres=0.000 sale=0.000 mtax=0.000 chain=0.000 daily=0.000 nov=0.000 mile=0.000 surv=-1.596 idle=0.000 gover=0.000 | nw=1.4074e+06 pop=29 bases=19 money=612 credit=162800 day=330 | food=200 water=0 coal=0 home=230 free=29 roads=10
  ACTION: 42 | money=612 pop=29 free=29
STEP 295 | MGR:credit_take | total=-3.150 err=-1.000 tax=0.000 taxb=0.300 build=0.000 cost=0.000 div=0.000 prox=0.000 prov=0.000 preq=0.000 pres=0.000 sale=0.000 mtax=0.000 chain=0.000 daily=0.000 nov=0.000 mile=0.000 surv=-1.634 idle=0.000 gover=0.000 | nw=1.40705e+06 pop=29 bases=19 money=612 credit=163125 day=331 | food=200 water=0 coal=0 home=230 free=29 roads=10
  ACTION: 44 | money=612 pop=29 free=29
STEP 296 | MGR:manual_tax | total=-11.629 err=0.000 tax=0.000 taxb=0.300 build=0.000 cost=0.000 div=0.000 prox=0.000 prov=0.000 preq=0.000 pres=0.000 sale=0.000 mtax=0.500 chain=0.000 daily=0.000 nov=0.000 mile=0.000 surv=-1.612 idle=-10.000 gover=0.000 | nw=1.40671e+06 pop=29 bases=19 money=612 credit=163451 day=332 | food=200 water=0 coal=0 home=230 free=29 roads=10
  ACTION: 9 (BUILD:Goldmine price=77000 need_earth=7) | money=612 pop=29 free=29
  BUILD FAILED: Goldmine (no cell or error)
STEP 297 | BUILD:Goldmine | total=-3.130 err=-1.000 tax=0.000 taxb=0.300 build=0.000 cost=0.000 div=0.000 prox=0.000 prov=0.000 preq=0.000 pres=0.000 sale=0.000 mtax=0.000 chain=0.000 daily=0.000 nov=0.000 mile=0.000 surv=-1.611 idle=0.000 gover=0.000 | nw=1.40636e+06 pop=29 bases=19 money=612 credit=163777 day=333 | food=200 water=0 coal=0 home=230 free=29 roads=10
  ACTION: 11 (BUILD:HydroStation price=92214 need_earth=2) | money=612 pop=29 free=29
  BUILD FAILED: HydroStation (no cell or error)
STEP 298 | BUILD:HydroStation | total=-3.143 err=-1.000 tax=0.000 taxb=0.300 build=0.000 cost=0.000 div=0.000 prox=0.000 prov=0.000 preq=0.000 pres=0.000 sale=0.000 mtax=0.000 chain=0.000 daily=0.000 nov=0.000 mile=0.000 surv=-1.622 idle=0.000 gover=0.000 | nw=1.40602e+06 pop=29 bases=19 money=612 credit=164104 day=334 | food=200 water=0 coal=0 home=230 free=29 roads=10
  ACTION: 6 (BUILD:Coalmine price=25471 need_earth=4) | money=612 pop=29 free=29
  BUILD FAILED: Coalmine (no cell or error)
STEP 299 | BUILD:Coalmine | total=-13.147 err=-1.000 tax=0.000 taxb=0.300 build=0.000 cost=0.000 div=0.000 prox=0.000 prov=0.000 preq=0.000 pres=0.000 sale=0.000 mtax=0.000 chain=0.000 daily=0.000 nov=0.000 mile=0.000 surv=-1.624 idle=-10.000 gover=0.000 | nw=1.40568e+06 pop=29 bases=19 money=612 credit=164432 day=335 | food=200 water=0 coal=0 home=230 free=29 roads=10
  ACTION: 19 (BUILD:Mushroom price=12164 need_earth=3) | money=612 pop=29 free=29
  BUILD FAILED: Mushroom (no cell or error)
STEP 300 | BUILD:Mushroom | total=-3.138 err=-1.000 tax=0.000 taxb=0.300 build=0.000 cost=0.000 div=0.000 prox=0.000 prov=0.000 preq=0.000 pres=0.000 sale=0.000 mtax=0.000 chain=0.000 daily=0.000 nov=0.000 mile=0.000 surv=-1.614 idle=0.000 gover=0.000 | nw=1.40533e+06 pop=29 bases=19 money=612 credit=164760 day=336 | food=200 water=0 coal=0 home=230 free=29 roads=10
  BUILDINGS: City(0d) House(0d) Farm(0d) Garden(0d) Road(0d) House(0d) Farm(0d) House(0d) Garden(0d) Road(0d) Road(0d) Farm(0d) Road(0d) Road(0d) Road(0d) Road(0d) Road(0d) Road(0d) Road(0d) 
  ACTION: 36 | money=612 pop=29 free=29
STEP 301 | MGR:restore_all | total=-0.649 err=0.000 tax=0.000 taxb=0.300 build=0.000 cost=0.000 div=0.000 prox=0.000 prov=0.000 preq=0.000 pres=0.000 sale=0.000 mtax=0.000 chain=0.000 daily=0.000 nov=0.000 mile=0.000 surv=-1.123 idle=0.000 gover=0.000 | nw=1.40509e+06 pop=30 bases=19 money=462 credit=165089 day=337 | food=200 water=0 coal=0 home=230 free=30 roads=10
  ACTION: 4 (BUILD:WaterChannel price=18310 need_earth=2) | money=462 pop=30 free=30
  BUILD FAILED: WaterChannel (no cell or error)
STEP 302 | BUILD:WaterChannel | total=-12.494 err=-1.000 tax=0.000 taxb=0.300 build=0.673 cost=0.000 div=0.000 prox=0.000 prov=0.000 preq=0.000 pres=0.000 sale=0.000 mtax=0.000 chain=0.000 daily=0.000 nov=0.000 mile=0.000 surv=-1.640 idle=-10.000 gover=0.000 | nw=1.40474e+06 pop=30 bases=19 money=462 credit=165419 day=338 | food=200 water=0 coal=0 home=230 free=30 roads=10
  ACTION: 6 (BUILD:Coalmine price=25471 need_earth=4) | money=462 pop=30 free=30
  BUILD FAILED: Coalmine (no cell or error)
STEP 303 | BUILD:Coalmine | total=-3.174 err=-1.000 tax=0.000 taxb=0.300 build=0.000 cost=0.000 div=0.000 prox=0.000 prov=0.000 preq=0.000 pres=0.000 sale=0.000 mtax=0.000 chain=0.000 daily=0.000 nov=0.000 mile=0.000 surv=-1.645 idle=0.000 gover=0.000 | nw=1.40439e+06 pop=30 bases=19 money=462 credit=165749 day=339 | food=200 water=0 coal=0 home=230 free=30 roads=10
  ACTION: 43 | money=462 pop=30 free=30
STEP 304 | MGR:credit_give | total=-3.178 err=-1.000 tax=0.000 taxb=0.300 build=0.000 cost=0.000 div=0.000 prox=0.000 prov=0.000 preq=0.000 pres=0.000 sale=0.000 mtax=0.000 chain=0.000 daily=0.000 nov=0.000 mile=0.000 surv=-1.647 idle=0.000 gover=0.000 | nw=1.40404e+06 pop=30 bases=19 money=462 credit=166080 day=340 | food=200 water=0 coal=0 home=230 free=30 roads=10
  ACTION: 7 (BUILD:Ironmine price=32008 need_earth=5) | money=462 pop=30 free=30
  BUILD FAILED: Ironmine (no cell or error)
STEP 305 | BUILD:Ironmine | total=-13.179 err=-1.000 tax=0.000 taxb=0.300 build=0.000 cost=0.000 div=0.000 prox=0.000 prov=0.000 preq=0.000 pres=0.000 sale=0.000 mtax=0.000 chain=0.000 daily=0.000 nov=0.000 mile=0.000 surv=-1.647 idle=-10.000 gover=0.000 | nw=1.40369e+06 pop=30 bases=19 money=462 credit=166412 day=341 | food=200 water=0 coal=0 home=230 free=30 roads=10
  ACTION: 29 (BUILD:Puerperal price=37105 need_earth=10) | money=462 pop=30 free=30
  BUILD FAILED: Puerperal (no cell or error)
STEP 306 | BUILD:Puerperal | total=-3.181 err=-1.000 tax=0.000 taxb=0.300 build=0.000 cost=0.000 div=0.000 prox=0.000 prov=0.000 preq=0.000 pres=0.000 sale=0.000 mtax=0.000 chain=0.000 daily=0.000 nov=0.000 mile=0.000 surv=-1.647 idle=0.000 gover=0.000 | nw=1.40334e+06 pop=30 bases=19 money=462 credit=166744 day=342 | food=200 water=0 coal=0 home=230 free=30 roads=10
  ACTION: 12 (BUILD:Road price=400 need_earth=10) | money=462 pop=30 free=30
STEP 307 | BUILD:Road | total=2.265 err=0.000 tax=0.000 taxb=0.300 build=1.500 cost=-0.040 div=0.000 prox=0.000 prov=0.000 preq=0.000 pres=0.000 sale=0.000 mtax=0.000 chain=0.000 daily=0.000 nov=0.000 mile=3.000 surv=-1.660 idle=0.000 gover=0.000 | nw=1.40299e+06 pop=30 bases=20 money=62 credit=167077 day=343 | food=200 water=0 coal=0 home=230 free=30 roads=11
  ACTION: 8 (BUILD:Refinery price=82684 need_earth=6) | money=62 pop=30 free=30
  BUILD FAILED: Refinery (no cell or error)
STEP 308 | BUILD:Refinery | total=-3.205 err=-1.000 tax=0.000 taxb=0.300 build=0.000 cost=0.000 div=0.000 prox=0.000 prov=0.000 preq=0.000 pres=0.000 sale=0.000 mtax=0.000 chain=0.000 daily=0.000 nov=0.000 mile=0.000 surv=-1.668 idle=0.000 gover=0.000 | nw=1.40264e+06 pop=30 bases=20 money=62 credit=167411 day=344 | food=200 water=0 coal=0 home=230 free=30 roads=11
  ACTION: 21 (BUILD:BigFarm price=380385 need_earth=1) | money=62 pop=30 free=30
  BUILD FAILED: BigFarm (no cell or error)
STEP 309 | BUILD:BigFarm | total=-13.190 err=-1.000 tax=0.000 taxb=0.300 build=0.000 cost=0.000 div=0.000 prox=0.000 prov=0.000 preq=0.000 pres=0.000 sale=0.000 mtax=0.000 chain=0.000 daily=0.000 nov=0.000 mile=0.000 surv=-1.651 idle=-10.000 gover=0.000 | nw=1.40229e+06 pop=30 bases=20 money=62 credit=167745 day=345 | food=200 water=0 coal=0 home=230 free=30 roads=11
  ACTION: 22 (BUILD:Apiary price=9385 need_earth=10) | money=62 pop=30 free=30
  BUILD FAILED: Apiary (no cell or error)
STEP 310 | BUILD:Apiary | total=-3.202 err=-1.000 tax=0.000 taxb=0.300 build=0.000 cost=0.000 div=0.000 prox=0.000 prov=0.000 preq=0.000 pres=0.000 sale=0.000 mtax=0.000 chain=0.000 daily=0.000 nov=0.000 mile=0.000 surv=-1.662 idle=0.000 gover=0.000 | nw=1.40193e+06 pop=30 bases=20 money=62 credit=168080 day=346 | food=200 water=0 coal=0 home=230 free=30 roads=11
  ACTION: 26 (BUILD:BigSawmill price=620900 need_earth=3) | money=62 pop=30 free=30
  BUILD FAILED: BigSawmill (no cell or error)
STEP 311 | BUILD:BigSawmill | total=-3.209 err=-1.000 tax=0.000 taxb=0.300 build=0.000 cost=0.000 div=0.000 prox=0.000 prov=0.000 preq=0.000 pres=0.000 sale=0.000 mtax=0.000 chain=0.000 daily=0.000 nov=0.000 mile=0.000 surv=-1.667 idle=0.000 gover=0.000 | nw=1.40158e+06 pop=30 bases=20 money=62 credit=168416 day=347 | food=200 water=0 coal=0 home=230 free=30 roads=11
  ACTION: 15 (BUILD:Fish price=30202 need_earth=2) | money=62 pop=30 free=30
  BUILD FAILED: Fish (no cell or error)
STEP 312 | BUILD:Fish | total=-13.208 err=-1.000 tax=0.000 taxb=0.300 build=0.000 cost=0.000 div=0.000 prox=0.000 prov=0.000 preq=0.000 pres=0.000 sale=0.000 mtax=0.000 chain=0.000 daily=0.000 nov=0.000 mile=0.000 surv=-1.664 idle=-10.000 gover=0.000 | nw=1.40123e+06 pop=30 bases=20 money=62 credit=168752 day=348 | food=200 water=0 coal=0 home=230 free=30 roads=11
  ACTION: 13 (BUILD:House price=14038 need_earth=1) | money=62 pop=30 free=30
  BUILD FAILED: House (no cell or error)
STEP 313 | BUILD:House | total=-3.195 err=-1.000 tax=0.000 taxb=0.300 build=0.000 cost=0.000 div=0.000 prox=0.000 prov=0.000 preq=0.000 pres=0.000 sale=0.000 mtax=0.000 chain=0.000 daily=0.000 nov=0.000 mile=0.000 surv=-1.650 idle=0.000 gover=0.000 | nw=1.40088e+06 pop=30 bases=20 money=62 credit=169089 day=349 | food=200 water=0 coal=0 home=230 free=30 roads=11
  ACTION: 11 (BUILD:HydroStation price=92214 need_earth=2) | money=62 pop=30 free=30
  BUILD FAILED: HydroStation (no cell or error)
STEP 314 | BUILD:HydroStation | total=-3.220 err=-1.000 tax=0.000 taxb=0.300 build=0.000 cost=0.000 div=0.000 prox=0.000 prov=0.000 preq=0.000 pres=0.000 sale=0.000 mtax=0.000 chain=0.000 daily=0.000 nov=0.000 mile=0.000 surv=-1.673 idle=0.000 gover=0.000 | nw=1.40052e+06 pop=30 bases=20 money=62 credit=169427 day=350 | food=200 water=0 coal=0 home=230 free=30 roads=11
  ACTION: 30 (BUILD:BigIronmine price=2715002 need_earth=5) | money=62 pop=30 free=30
  BUILD FAILED: BigIronmine (no cell or error)
STEP 315 | BUILD:BigIronmine | total=-13.239 err=-1.000 tax=0.000 taxb=0.300 build=0.000 cost=0.000 div=0.000 prox=0.000 prov=0.000 preq=0.000 pres=0.000 sale=0.000 mtax=0.000 chain=0.000 daily=0.000 nov=0.000 mile=0.000 surv=-1.690 idle=-10.000 gover=0.000 | nw=1.40017e+06 pop=30 bases=20 money=62 credit=169765 day=351 | food=200 water=0 coal=0 home=230 free=30 roads=11
  ACTION: 37 | money=62 pop=30 free=30
STEP 316 | MGR:destroy | total=-91.059 err=0.000 tax=0.000 taxb=0.300 build=0.000 cost=0.000 div=0.000 prox=0.000 prov=0.000 preq=0.000 pres=0.000 sale=0.000 mtax=0.000 chain=0.000 daily=0.000 nov=0.000 mile=0.000 surv=-90.509 idle=0.000 gover=0.000 | nw=1.38204e+06 pop=30 bases=19 money=2043 credit=170104 day=352 | food=200 water=0 coal=0 home=230 free=30 roads=11
  ACTION: 35 | money=2043 pop=30 free=30
STEP 317 | MGR:repair | total=-2.086 err=0.000 tax=0.000 taxb=0.300 build=0.000 cost=0.000 div=0.000 prox=0.000 prov=0.000 preq=0.000 pres=0.000 sale=0.000 mtax=0.000 chain=0.000 daily=0.000 nov=0.000 mile=0.000 surv=-1.533 idle=0.000 gover=0.000 | nw=1.38172e+06 pop=30 bases=19 money=2004 credit=170444 day=353 | food=200 water=0 coal=0 home=230 free=30 roads=11
  ACTION: 11 (BUILD:HydroStation price=92214 need_earth=2) | money=2004 pop=30 free=30
  BUILD FAILED: HydroStation (no cell or error)
STEP 318 | BUILD:HydroStation | total=-13.212 err=-1.000 tax=0.000 taxb=0.300 build=0.000 cost=0.000 div=0.000 prox=0.000 prov=0.000 preq=0.000 pres=0.000 sale=0.000 mtax=0.000 chain=0.000 daily=0.000 nov=0.000 mile=0.000 surv=-1.658 idle=-10.000 gover=0.000 | nw=1.38137e+06 pop=30 bases=19 money=2004 credit=170784 day=354 | food=200 water=0 coal=0 home=230 free=30 roads=11
  ACTION: 30 (BUILD:BigIronmine price=2715002 need_earth=5) | money=2004 pop=30 free=30
  BUILD FAILED: BigIronmine (no cell or error)
STEP 319 | BUILD:BigIronmine | total=-3.229 err=-1.000 tax=0.000 taxb=0.300 build=0.000 cost=0.000 div=0.000 prox=0.000 prov=0.000 preq=0.000 pres=0.000 sale=0.000 mtax=0.000 chain=0.000 daily=0.000 nov=0.000 mile=0.000 surv=-1.674 idle=0.000 gover=0.000 | nw=1.38101e+06 pop=30 bases=19 money=2004 credit=171125 day=355 | food=200 water=0 coal=0 home=230 free=30 roads=11
  ACTION: 32 (BUILD:SmallAtomStation price=29000000 need_earth=2) | money=2004 pop=30 free=30
  BUILD FAILED: SmallAtomStation (no cell or error)
STEP 320 | BUILD:SmallAtomStation | total=-2.235 err=-1.000 tax=0.000 taxb=0.300 build=0.000 cost=0.000 div=0.000 prox=0.000 prov=0.000 preq=0.000 pres=0.000 sale=0.000 mtax=0.000 chain=0.000 daily=0.000 nov=0.000 mile=0.000 surv=-1.677 idle=0.000 gover=0.000 | nw=1.38066e+06 pop=31 bases=19 money=2004 credit=171467 day=356 | food=200 water=0 coal=0 home=230 free=31 roads=11
  ACTION: 1 (WEEK) | money=2004 pop=31 free=31
STEP 321 | WEEK | total=-28.226 err=0.000 tax=0.000 taxb=0.300 build=0.000 cost=0.000 div=0.000 prox=0.000 prov=0.000 preq=0.000 pres=0.000 sale=0.000 mtax=0.000 chain=0.000 daily=0.000 nov=0.000 mile=0.000 surv=-12.440 idle=-10.000 gover=0.000 | nw=1.37815e+06 pop=31 bases=19 money=2004 credit=173878 day=363 | food=200 water=0 coal=0 home=230 free=31 roads=11
  ACTION: 16 (BUILD:CoalCut price=48300 need_earth=4) | money=2004 pop=31 free=31
  BUILD FAILED: CoalCut (no cell or error)
STEP 322 | BUILD:CoalCut | total=-3.287 err=-1.000 tax=0.000 taxb=0.300 build=0.000 cost=0.000 div=0.000 prox=0.000 prov=0.000 preq=0.000 pres=0.000 sale=0.000 mtax=0.000 chain=0.000 daily=0.000 nov=0.000 mile=0.000 surv=-1.716 idle=0.000 gover=0.000 | nw=1.37778e+06 pop=31 bases=19 money=2004 credit=174225 day=364 | food=200 water=0 coal=0 home=230 free=31 roads=11
  ACTION: 14 (BUILD:SmallHouse price=5900 need_earth=10) | money=2004 pop=31 free=31
  BUILD FAILED: SmallHouse (no cell or error)
STEP 323 | BUILD:SmallHouse | total=1.724 err=-1.000 tax=0.000 taxb=0.300 build=0.000 cost=0.000 div=0.000 prox=0.000 prov=0.000 preq=0.000 pres=0.000 sale=0.000 mtax=0.000 chain=0.000 daily=0.000 nov=0.000 mile=5.000 surv=-1.703 idle=0.000 gover=0.000 | nw=1.37742e+06 pop=31 bases=19 money=2004 credit=174573 day=365 | food=200 water=0 coal=0 home=230 free=31 roads=11
  ACTION: 17 (BUILD:HuntingLand price=16985 need_earth=3) | money=2004 pop=31 free=31
  BUILD FAILED: HuntingLand (no cell or error)
STEP 324 | BUILD:HuntingLand | total=-15.900 err=-1.000 tax=-5.000 taxb=0.000 build=0.000 cost=0.000 div=0.000 prox=0.000 prov=0.000 preq=0.000 pres=0.000 sale=0.000 mtax=0.000 chain=0.000 daily=0.000 nov=0.000 mile=0.000 surv=0.100 idle=-10.000 gover=0.000 | nw=1.37742e+06 pop=31 bases=19 money=2004 credit=174573 day=365 | food=200 water=0 coal=0 home=230 free=31 roads=11
  ACTION: 18 (BUILD:CowFarm price=32002 need_earth=10) | money=2004 pop=31 free=31
  BUILD FAILED: CowFarm (no cell or error)
STEP 325 | BUILD:CowFarm | total=-5.900 err=-1.000 tax=-5.000 taxb=0.000 build=0.000 cost=0.000 div=0.000 prox=0.000 prov=0.000 preq=0.000 pres=0.000 sale=0.000 mtax=0.000 chain=0.000 daily=0.000 nov=0.000 mile=0.000 surv=0.100 idle=0.000 gover=0.000 | nw=1.37742e+06 pop=31 bases=19 money=2004 credit=174573 day=365 | food=200 water=0 coal=0 home=230 free=31 roads=11
  ACTION: 44 | money=2004 pop=31 free=31
STEP 326 | MGR:manual_tax | total=-4.400 err=0.000 tax=-5.000 taxb=0.000 build=0.000 cost=0.000 div=0.000 prox=0.000 prov=0.000 preq=0.000 pres=0.000 sale=0.000 mtax=0.500 chain=0.000 daily=0.000 nov=0.000 mile=0.000 surv=0.100 idle=0.000 gover=0.000 | nw=1.37742e+06 pop=31 bases=19 money=2004 credit=174573 day=365 | food=200 water=0 coal=0 home=230 free=31 roads=11
  ACTION: 2 (BUILD:Farm price=19814 need_earth=10) | money=2004 pop=31 free=31
  BUILD FAILED: Farm (no cell or error)
STEP 327 | BUILD:Farm | total=-15.900 err=-1.000 tax=-5.000 taxb=0.000 build=0.000 cost=0.000 div=0.000 prox=0.000 prov=0.000 preq=0.000 pres=0.000 sale=0.000 mtax=0.000 chain=0.000 daily=0.000 nov=0.000 mile=0.000 surv=0.100 idle=-10.000 gover=0.000 | nw=1.37742e+06 pop=31 bases=19 money=2004 credit=174573 day=365 | food=200 water=0 coal=0 home=230 free=31 roads=11
  ACTION: 8 (BUILD:Refinery price=82684 need_earth=6) | money=2004 pop=31 free=31
  BUILD FAILED: Refinery (no cell or error)
STEP 328 | BUILD:Refinery | total=-5.900 err=-1.000 tax=-5.000 taxb=0.000 build=0.000 cost=0.000 div=0.000 prox=0.000 prov=0.000 preq=0.000 pres=0.000 sale=0.000 mtax=0.000 chain=0.000 daily=0.000 nov=0.000 mile=0.000 surv=0.100 idle=0.000 gover=0.000 | nw=1.37742e+06 pop=31 bases=19 money=2004 credit=174573 day=365 | food=200 water=0 coal=0 home=230 free=31 roads=11
  ACTION: 37 | money=2004 pop=31 free=31
STEP 329 | MGR:destroy | total=-93.487 err=0.000 tax=-5.000 taxb=0.000 build=0.000 cost=0.000 div=0.000 prox=0.000 prov=0.000 preq=0.000 pres=0.000 sale=0.000 mtax=0.000 chain=0.000 daily=0.000 nov=0.000 mile=0.000 surv=-88.487 idle=0.000 gover=0.000 | nw=1.35971e+06 pop=31 bases=18 money=3985 credit=174573 day=365 | food=200 water=0 coal=0 home=230 free=31 roads=11
  ACTION: 34 | money=3985 pop=31 free=31
STEP 330 | MGR:improve | total=-15.900 err=-1.000 tax=-5.000 taxb=0.000 build=0.000 cost=0.000 div=0.000 prox=0.000 prov=0.000 preq=0.000 pres=0.000 sale=0.000 mtax=0.000 chain=0.000 daily=0.000 nov=0.000 mile=0.000 surv=0.100 idle=-10.000 gover=0.000 | nw=1.35971e+06 pop=31 bases=18 money=3985 credit=174573 day=365 | food=200 water=0 coal=0 home=230 free=31 roads=11
  ACTION: 23 (BUILD:Torchlight price=215000 need_earth=6) | money=3985 pop=31 free=31
  BUILD FAILED: Torchlight (no cell or error)
STEP 331 | BUILD:Torchlight | total=-5.900 err=-1.000 tax=-5.000 taxb=0.000 build=0.000 cost=0.000 div=0.000 prox=0.000 prov=0.000 preq=0.000 pres=0.000 sale=0.000 mtax=0.000 chain=0.000 daily=0.000 nov=0.000 mile=0.000 surv=0.100 idle=0.000 gover=0.000 | nw=1.35971e+06 pop=31 bases=18 money=3985 credit=174573 day=365 | food=200 water=0 coal=0 home=230 free=31 roads=11
  ACTION: 13 (BUILD:House price=14038 need_earth=1) | money=3985 pop=31 free=31
  BUILD FAILED: House (no cell or error)
STEP 332 | BUILD:House | total=-5.900 err=-1.000 tax=-5.000 taxb=0.000 build=0.000 cost=0.000 div=0.000 prox=0.000 prov=0.000 preq=0.000 pres=0.000 sale=0.000 mtax=0.000 chain=0.000 daily=0.000 nov=0.000 mile=0.000 surv=0.100 idle=0.000 gover=0.000 | nw=1.35971e+06 pop=31 bases=18 money=3985 credit=174573 day=365 | food=200 water=0 coal=0 home=230 free=31 roads=11
  ACTION: 1 (WEEK) | money=3985 pop=31 free=31
STEP 333 | WEEK | total=-15.900 err=-1.000 tax=-5.000 taxb=0.000 build=0.000 cost=0.000 div=0.000 prox=0.000 prov=0.000 preq=0.000 pres=0.000 sale=0.000 mtax=0.000 chain=0.000 daily=0.000 nov=0.000 mile=0.000 surv=0.100 idle=-10.000 gover=0.000 | nw=1.35971e+06 pop=31 bases=18 money=3985 credit=174573 day=365 | food=200 water=0 coal=0 home=230 free=31 roads=11
  ACTION: 40 | money=3985 pop=31 free=31
STEP 334 | MGR:sell | total=-5.900 err=-1.000 tax=-5.000 taxb=0.000 build=0.000 cost=0.000 div=0.000 prox=0.000 prov=0.000 preq=0.000 pres=0.000 sale=0.000 mtax=0.000 chain=0.000 daily=0.000 nov=0.000 mile=0.000 surv=0.100 idle=0.000 gover=0.000 | nw=1.35971e+06 pop=31 bases=18 money=3985 credit=174573 day=365 | food=200 water=0 coal=0 home=230 free=31 roads=11
  ACTION: 8 (BUILD:Refinery price=82684 need_earth=6) | money=3985 pop=31 free=31
  BUILD FAILED: Refinery (no cell or error)
STEP 335 | BUILD:Refinery | total=-5.900 err=-1.000 tax=-5.000 taxb=0.000 build=0.000 cost=0.000 div=0.000 prox=0.000 prov=0.000 preq=0.000 pres=0.000 sale=0.000 mtax=0.000 chain=0.000 daily=0.000 nov=0.000 mile=0.000 surv=0.100 idle=0.000 gover=0.000 | nw=1.35971e+06 pop=31 bases=18 money=3985 credit=174573 day=365 | food=200 water=0 coal=0 home=230 free=31 roads=11
  ACTION: 23 (BUILD:Torchlight price=215000 need_earth=6) | money=3985 pop=31 free=31
  BUILD FAILED: Torchlight (no cell or error)
STEP 336 | BUILD:Torchlight | total=-15.900 err=-1.000 tax=-5.000 taxb=0.000 build=0.000 cost=0.000 div=0.000 prox=0.000 prov=0.000 preq=0.000 pres=0.000 sale=0.000 mtax=0.000 chain=0.000 daily=0.000 nov=0.000 mile=0.000 surv=0.100 idle=-10.000 gover=0.000 | nw=1.35971e+06 pop=31 bases=18 money=3985 credit=174573 day=365 | food=200 water=0 coal=0 home=230 free=31 roads=11
  ACTION: 14 (BUILD:SmallHouse price=5900 need_earth=10) | money=3985 pop=31 free=31
  BUILD FAILED: SmallHouse (no cell or error)
STEP 337 | BUILD:SmallHouse | total=-5.900 err=-1.000 tax=-5.000 taxb=0.000 build=0.000 cost=0.000 div=0.000 prox=0.000 prov=0.000 preq=0.000 pres=0.000 sale=0.000 mtax=0.000 chain=0.000 daily=0.000 nov=0.000 mile=0.000 surv=0.100 idle=0.000 gover=0.000 | nw=1.35971e+06 pop=31 bases=18 money=3985 credit=174573 day=365 | food=200 water=0 coal=0 home=230 free=31 roads=11
  ACTION: 41 | money=3985 pop=31 free=31
STEP 338 | MGR:buy_food | total=-5.900 err=0.000 tax=-5.000 taxb=0.000 build=0.000 cost=0.000 div=0.000 prox=0.000 prov=0.000 preq=0.000 pres=0.000 sale=0.000 mtax=0.000 chain=0.000 daily=0.000 nov=0.000 mile=0.000 surv=-0.900 idle=0.000 gover=0.000 | nw=1.35951e+06 pop=31 bases=18 money=3585 credit=174573 day=365 | food=400 water=0 coal=0 home=230 free=31 roads=11
  ACTION: 26 (BUILD:BigSawmill price=620900 need_earth=3) | money=3585 pop=31 free=31
  BUILD FAILED: BigSawmill (no cell or error)
STEP 339 | BUILD:BigSawmill | total=-15.900 err=-1.000 tax=-5.000 taxb=0.000 build=0.000 cost=0.000 div=0.000 prox=0.000 prov=0.000 preq=0.000 pres=0.000 sale=0.000 mtax=0.000 chain=0.000 daily=0.000 nov=0.000 mile=0.000 surv=0.100 idle=-10.000 gover=0.000 | nw=1.35951e+06 pop=31 bases=18 money=3585 credit=174573 day=365 | food=400 water=0 coal=0 home=230 free=31 roads=11
  ACTION: 35 | money=3585 pop=31 free=31
STEP 340 | MGR:repair | total=-4.788 err=0.000 tax=-5.000 taxb=0.000 build=0.000 cost=0.000 div=0.000 prox=0.000 prov=0.000 preq=0.000 pres=0.000 sale=0.000 mtax=0.000 chain=0.000 daily=0.000 nov=0.000 mile=0.000 surv=0.212 idle=0.000 gover=0.000 | nw=1.35953e+06 pop=31 bases=18 money=3553 credit=174573 day=365 | food=400 water=0 coal=0 home=230 free=31 roads=11
  ACTION: 29 (BUILD:Puerperal price=37105 need_earth=10) | money=3553 pop=31 free=31
  BUILD FAILED: Puerperal (no cell or error)
STEP 341 | BUILD:Puerperal | total=-5.900 err=-1.000 tax=-5.000 taxb=0.000 build=0.000 cost=0.000 div=0.000 prox=0.000 prov=0.000 preq=0.000 pres=0.000 sale=0.000 mtax=0.000 chain=0.000 daily=0.000 nov=0.000 mile=0.000 surv=0.100 idle=0.000 gover=0.000 | nw=1.35953e+06 pop=31 bases=18 money=3553 credit=174573 day=365 | food=400 water=0 coal=0 home=230 free=31 roads=11
  ACTION: 8 (BUILD:Refinery price=82684 need_earth=6) | money=3553 pop=31 free=31
  BUILD FAILED: Refinery (no cell or error)
STEP 342 | BUILD:Refinery | total=-15.900 err=-1.000 tax=-5.000 taxb=0.000 build=0.000 cost=0.000 div=0.000 prox=0.000 prov=0.000 preq=0.000 pres=0.000 sale=0.000 mtax=0.000 chain=0.000 daily=0.000 nov=0.000 mile=0.000 surv=0.100 idle=-10.000 gover=0.000 | nw=1.35953e+06 pop=31 bases=18 money=3553 credit=174573 day=365 | food=400 water=0 coal=0 home=230 free=31 roads=11
  ACTION: 3 (BUILD:Garden price=7640 need_earth=10) | money=3553 pop=31 free=31
  BUILD FAILED: Garden (no cell or error)
STEP 343 | BUILD:Garden | total=-5.900 err=-1.000 tax=-5.000 taxb=0.000 build=0.000 cost=0.000 div=0.000 prox=0.000 prov=0.000 preq=0.000 pres=0.000 sale=0.000 mtax=0.000 chain=0.000 daily=0.000 nov=0.000 mile=0.000 surv=0.100 idle=0.000 gover=0.000 | nw=1.35953e+06 pop=31 bases=18 money=3553 credit=174573 day=365 | food=400 water=0 coal=0 home=230 free=31 roads=11
  ACTION: 30 (BUILD:BigIronmine price=2715002 need_earth=5) | money=3553 pop=31 free=31
  BUILD FAILED: BigIronmine (no cell or error)
STEP 344 | BUILD:BigIronmine | total=-5.900 err=-1.000 tax=-5.000 taxb=0.000 build=0.000 cost=0.000 div=0.000 prox=0.000 prov=0.000 preq=0.000 pres=0.000 sale=0.000 mtax=0.000 chain=0.000 daily=0.000 nov=0.000 mile=0.000 surv=0.100 idle=0.000 gover=0.000 | nw=1.35953e+06 pop=31 bases=18 money=3553 credit=174573 day=365 | food=400 water=0 coal=0 home=230 free=31 roads=11
  ACTION: 44 | money=3553 pop=31 free=31
STEP 345 | MGR:manual_tax | total=-14.400 err=0.000 tax=-5.000 taxb=0.000 build=0.000 cost=0.000 div=0.000 prox=0.000 prov=0.000 preq=0.000 pres=0.000 sale=0.000 mtax=0.500 chain=0.000 daily=0.000 nov=0.000 mile=0.000 surv=0.100 idle=-10.000 gover=0.000 | nw=1.35953e+06 pop=31 bases=18 money=3553 credit=174573 day=365 | food=400 water=0 coal=0 home=230 free=31 roads=11
  ACTION: 29 (BUILD:Puerperal price=37105 need_earth=10) | money=3553 pop=31 free=31
  BUILD FAILED: Puerperal (no cell or error)
STEP 346 | BUILD:Puerperal | total=-5.900 err=-1.000 tax=-5.000 taxb=0.000 build=0.000 cost=0.000 div=0.000 prox=0.000 prov=0.000 preq=0.000 pres=0.000 sale=0.000 mtax=0.000 chain=0.000 daily=0.000 nov=0.000 mile=0.000 surv=0.100 idle=0.000 gover=0.000 | nw=1.35953e+06 pop=31 bases=18 money=3553 credit=174573 day=365 | food=400 water=0 coal=0 home=230 free=31 roads=11
  ACTION: 10 (BUILD:PowerStation price=92433 need_earth=10) | money=3553 pop=31 free=31
  BUILD FAILED: PowerStation (no cell or error)
STEP 347 | BUILD:PowerStation | total=-5.900 err=-1.000 tax=-5.000 taxb=0.000 build=0.000 cost=0.000 div=0.000 prox=0.000 prov=0.000 preq=0.000 pres=0.000 sale=0.000 mtax=0.000 chain=0.000 daily=0.000 nov=0.000 mile=0.000 surv=0.100 idle=0.000 gover=0.000 | nw=1.35953e+06 pop=31 bases=18 money=3553 credit=174573 day=365 | food=400 water=0 coal=0 home=230 free=31 roads=11
  ACTION: 44 | money=3553 pop=31 free=31
STEP 348 | MGR:manual_tax | total=-14.400 err=0.000 tax=-5.000 taxb=0.000 build=0.000 cost=0.000 div=0.000 prox=0.000 prov=0.000 preq=0.000 pres=0.000 sale=0.000 mtax=0.500 chain=0.000 daily=0.000 nov=0.000 mile=0.000 surv=0.100 idle=-10.000 gover=0.000 | nw=1.35953e+06 pop=31 bases=18 money=3553 credit=174573 day=365 | food=400 water=0 coal=0 home=230 free=31 roads=11
  ACTION: 39 | money=3553 pop=31 free=31
STEP 349 | MGR:unpreserve | total=-1.900 err=0.000 tax=-5.000 taxb=0.000 build=0.000 cost=0.000 div=0.000 prox=0.000 prov=0.000 preq=0.000 pres=3.000 sale=0.000 mtax=0.000 chain=0.000 daily=0.000 nov=0.000 mile=0.000 surv=0.100 idle=0.000 gover=0.000 | nw=1.35953e+06 pop=31 bases=18 money=3553 credit=174573 day=365 | food=400 water=0 coal=0 home=230 free=31 roads=11
  ACTION: 35 | money=3553 pop=31 free=31
STEP 350 | MGR:repair | total=-5.900 err=-1.000 tax=-5.000 taxb=0.000 build=0.000 cost=0.000 div=0.000 prox=0.000 prov=0.000 preq=0.000 pres=0.000 sale=0.000 mtax=0.000 chain=0.000 daily=0.000 nov=0.000 mile=0.000 surv=0.100 idle=0.000 gover=0.000 | nw=1.35953e+06 pop=31 bases=18 money=3553 credit=174573 day=365 | food=400 water=0 coal=0 home=230 free=31 roads=11
  ACTION: 37 | money=3553 pop=31 free=31
STEP 351 | MGR:destroy | total=-16.700 err=0.000 tax=-5.000 taxb=0.000 build=0.000 cost=0.000 div=0.000 prox=0.000 prov=0.000 preq=0.000 pres=0.000 sale=0.000 mtax=0.000 chain=0.000 daily=0.000 nov=0.000 mile=0.000 surv=-1.700 idle=-10.000 gover=0.000 | nw=1.35917e+06 pop=31 bases=17 money=3593 credit=174573 day=365 | food=400 water=0 coal=0 home=230 free=31 roads=10
  ACTION: 3 (BUILD:Garden price=7640 need_earth=10) | money=3593 pop=31 free=31
  BUILD FAILED: Garden (no cell or error)
STEP 352 | BUILD:Garden | total=-5.900 err=-1.000 tax=-5.000 taxb=0.000 build=0.000 cost=0.000 div=0.000 prox=0.000 prov=0.000 preq=0.000 pres=0.000 sale=0.000 mtax=0.000 chain=0.000 daily=0.000 nov=0.000 mile=0.000 surv=0.100 idle=0.000 gover=0.000 | nw=1.35917e+06 pop=31 bases=17 money=3593 credit=174573 day=365 | food=400 water=0 coal=0 home=230 free=31 roads=10
  ACTION: 44 | money=3593 pop=31 free=31
STEP 353 | MGR:manual_tax | total=-4.400 err=0.000 tax=-5.000 taxb=0.000 build=0.000 cost=0.000 div=0.000 prox=0.000 prov=0.000 preq=0.000 pres=0.000 sale=0.000 mtax=0.500 chain=0.000 daily=0.000 nov=0.000 mile=0.000 surv=0.100 idle=0.000 gover=0.000 | nw=1.35917e+06 pop=31 bases=17 money=3593 credit=174573 day=365 | food=400 water=0 coal=0 home=230 free=31 roads=10
  ACTION: 35 | money=3593 pop=31 free=31
STEP 354 | MGR:repair | total=-15.900 err=-1.000 tax=-5.000 taxb=0.000 build=0.000 cost=0.000 div=0.000 prox=0.000 prov=0.000 preq=0.000 pres=0.000 sale=0.000 mtax=0.000 chain=0.000 daily=0.000 nov=0.000 mile=0.000 surv=0.100 idle=-10.000 gover=0.000 | nw=1.35917e+06 pop=31 bases=17 money=3593 credit=174573 day=365 | food=400 water=0 coal=0 home=230 free=31 roads=10
  ACTION: 37 | money=3593 pop=31 free=31
STEP 355 | MGR:destroy | total=-6.700 err=0.000 tax=-5.000 taxb=0.000 build=0.000 cost=0.000 div=0.000 prox=0.000 prov=0.000 preq=0.000 pres=0.000 sale=0.000 mtax=0.000 chain=0.000 daily=0.000 nov=0.000 mile=0.000 surv=-1.700 idle=0.000 gover=0.000 | nw=1.35881e+06 pop=31 bases=16 money=3633 credit=174573 day=365 | food=400 water=0 coal=0 home=230 free=31 roads=9
  ACTION: 18 (BUILD:CowFarm price=32002 need_earth=10) | money=3633 pop=31 free=31
  BUILD FAILED: CowFarm (no cell or error)
STEP 356 | BUILD:CowFarm | total=-5.900 err=-1.000 tax=-5.000 taxb=0.000 build=0.000 cost=0.000 div=0.000 prox=0.000 prov=0.000 preq=0.000 pres=0.000 sale=0.000 mtax=0.000 chain=0.000 daily=0.000 nov=0.000 mile=0.000 surv=0.100 idle=0.000 gover=0.000 | nw=1.35881e+06 pop=31 bases=16 money=3633 credit=174573 day=365 | food=400 water=0 coal=0 home=230 free=31 roads=9
  ACTION: 5 (BUILD:Sawmill price=17570 need_earth=3) | money=3633 pop=31 free=31
  BUILD FAILED: Sawmill (no cell or error)
STEP 357 | BUILD:Sawmill | total=-15.900 err=-1.000 tax=-5.000 taxb=0.000 build=0.000 cost=0.000 div=0.000 prox=0.000 prov=0.000 preq=0.000 pres=0.000 sale=0.000 mtax=0.000 chain=0.000 daily=0.000 nov=0.000 mile=0.000 surv=0.100 idle=-10.000 gover=0.000 | nw=1.35881e+06 pop=31 bases=16 money=3633 credit=174573 day=365 | food=400 water=0 coal=0 home=230 free=31 roads=9
  ACTION: 6 (BUILD:Coalmine price=25471 need_earth=4) | money=3633 pop=31 free=31
  BUILD FAILED: Coalmine (no cell or error)
STEP 358 | BUILD:Coalmine | total=-5.900 err=-1.000 tax=-5.000 taxb=0.000 build=0.000 cost=0.000 div=0.000 prox=0.000 prov=0.000 preq=0.000 pres=0.000 sale=0.000 mtax=0.000 chain=0.000 daily=0.000 nov=0.000 mile=0.000 surv=0.100 idle=0.000 gover=0.000 | nw=1.35881e+06 pop=31 bases=16 money=3633 credit=174573 day=365 | food=400 water=0 coal=0 home=230 free=31 roads=9
  ACTION: 41 | money=3633 pop=31 free=31
STEP 359 | MGR:buy_food | total=-5.900 err=-1.000 tax=-5.000 taxb=0.000 build=0.000 cost=0.000 div=0.000 prox=0.000 prov=0.000 preq=0.000 pres=0.000 sale=0.000 mtax=0.000 chain=0.000 daily=0.000 nov=0.000 mile=0.000 surv=0.100 idle=0.000 gover=0.000 | nw=1.35881e+06 pop=31 bases=16 money=3633 credit=174573 day=365 | food=400 water=0 coal=0 home=230 free=31 roads=9
  ACTION: 17 (BUILD:HuntingLand price=16985 need_earth=3) | money=3633 pop=31 free=31
  BUILD FAILED: HuntingLand (no cell or error)
STEP 360 | BUILD:HuntingLand | total=-15.900 err=-1.000 tax=-5.000 taxb=0.000 build=0.000 cost=0.000 div=0.000 prox=0.000 prov=0.000 preq=0.000 pres=0.000 sale=0.000 mtax=0.000 chain=0.000 daily=0.000 nov=0.000 mile=0.000 surv=0.100 idle=-10.000 gover=0.000 | nw=1.35881e+06 pop=31 bases=16 money=3633 credit=174573 day=365 | food=400 water=0 coal=0 home=230 free=31 roads=9
  ACTION: 42 | money=3633 pop=31 free=31
STEP 361 | MGR:credit_take | total=-5.900 err=-1.000 tax=-5.000 taxb=0.000 build=0.000 cost=0.000 div=0.000 prox=0.000 prov=0.000 preq=0.000 pres=0.000 sale=0.000 mtax=0.000 chain=0.000 daily=0.000 nov=0.000 mile=0.000 surv=0.100 idle=0.000 gover=0.000 | nw=1.35881e+06 pop=31 bases=16 money=3633 credit=174573 day=365 | food=400 water=0 coal=0 home=230 free=31 roads=9
  ACTION: 42 | money=3633 pop=31 free=31
STEP 362 | MGR:credit_take | total=-5.900 err=-1.000 tax=-5.000 taxb=0.000 build=0.000 cost=0.000 div=0.000 prox=0.000 prov=0.000 preq=0.000 pres=0.000 sale=0.000 mtax=0.000 chain=0.000 daily=0.000 nov=0.000 mile=0.000 surv=0.100 idle=0.000 gover=0.000 | nw=1.35881e+06 pop=31 bases=16 money=3633 credit=174573 day=365 | food=400 water=0 coal=0 home=230 free=31 roads=9
  ACTION: 22 (BUILD:Apiary price=9385 need_earth=10) | money=3633 pop=31 free=31
  BUILD FAILED: Apiary (no cell or error)
STEP 363 | BUILD:Apiary | total=-15.900 err=-1.000 tax=-5.000 taxb=0.000 build=0.000 cost=0.000 div=0.000 prox=0.000 prov=0.000 preq=0.000 pres=0.000 sale=0.000 mtax=0.000 chain=0.000 daily=0.000 nov=0.000 mile=0.000 surv=0.100 idle=-10.000 gover=0.000 | nw=1.35881e+06 pop=31 bases=16 money=3633 credit=174573 day=365 | food=400 water=0 coal=0 home=230 free=31 roads=9
  ACTION: 26 (BUILD:BigSawmill price=620900 need_earth=3) | money=3633 pop=31 free=31
  BUILD FAILED: BigSawmill (no cell or error)
STEP 364 | BUILD:BigSawmill | total=-5.900 err=-1.000 tax=-5.000 taxb=0.000 build=0.000 cost=0.000 div=0.000 prox=0.000 prov=0.000 preq=0.000 pres=0.000 sale=0.000 mtax=0.000 chain=0.000 daily=0.000 nov=0.000 mile=0.000 surv=0.100 idle=0.000 gover=0.000 | nw=1.35881e+06 pop=31 bases=16 money=3633 credit=174573 day=365 | food=400 water=0 coal=0 home=230 free=31 roads=9
  ACTION: 25 (BUILD:SuperHouse price=971000 need_earth=1) | money=3633 pop=31 free=31
  BUILD FAILED: SuperHouse (no cell or error)
STEP 365 | BUILD:SuperHouse | total=-5.900 err=-1.000 tax=-5.000 taxb=0.000 build=0.000 cost=0.000 div=0.000 prox=0.000 prov=0.000 preq=0.000 pres=0.000 sale=0.000 mtax=0.000 chain=0.000 daily=0.000 nov=0.000 mile=0.000 surv=0.100 idle=0.000 gover=0.000 | nw=1.35881e+06 pop=31 bases=16 money=3633 credit=174573 day=365 | food=400 water=0 coal=0 home=230 free=31 roads=9
  ACTION: 6 (BUILD:Coalmine price=25471 need_earth=4) | money=3633 pop=31 free=31
  BUILD FAILED: Coalmine (no cell or error)
STEP 366 | BUILD:Coalmine | total=-15.900 err=-1.000 tax=-5.000 taxb=0.000 build=0.000 cost=0.000 div=0.000 prox=0.000 prov=0.000 preq=0.000 pres=0.000 sale=0.000 mtax=0.000 chain=0.000 daily=0.000 nov=0.000 mile=0.000 surv=0.100 idle=-10.000 gover=0.000 | nw=1.35881e+06 pop=31 bases=16 money=3633 credit=174573 day=365 | food=400 water=0 coal=0 home=230 free=31 roads=9
  ACTION: 10 (BUILD:PowerStation price=92433 need_earth=10) | money=3633 pop=31 free=31
  BUILD FAILED: PowerStation (no cell or error)
STEP 367 | BUILD:PowerStation | total=-5.900 err=-1.000 tax=-5.000 taxb=0.000 build=0.000 cost=0.000 div=0.000 prox=0.000 prov=0.000 preq=0.000 pres=0.000 sale=0.000 mtax=0.000 chain=0.000 daily=0.000 nov=0.000 mile=0.000 surv=0.100 idle=0.000 gover=0.000 | nw=1.35881e+06 pop=31 bases=16 money=3633 credit=174573 day=365 | food=400 water=0 coal=0 home=230 free=31 roads=9
  ACTION: 16 (BUILD:CoalCut price=48300 need_earth=4) | money=3633 pop=31 free=31
  BUILD FAILED: CoalCut (no cell or error)
STEP 368 | BUILD:CoalCut | total=-5.900 err=-1.000 tax=-5.000 taxb=0.000 build=0.000 cost=0.000 div=0.000 prox=0.000 prov=0.000 preq=0.000 pres=0.000 sale=0.000 mtax=0.000 chain=0.000 daily=0.000 nov=0.000 mile=0.000 surv=0.100 idle=0.000 gover=0.000 | nw=1.35881e+06 pop=31 bases=16 money=3633 credit=174573 day=365 | food=400 water=0 coal=0 home=230 free=31 roads=9
  ACTION: 16 (BUILD:CoalCut price=48300 need_earth=4) | money=3633 pop=31 free=31
  BUILD FAILED: CoalCut (no cell or error)
STEP 369 | BUILD:CoalCut | total=-15.900 err=-1.000 tax=-5.000 taxb=0.000 build=0.000 cost=0.000 div=0.000 prox=0.000 prov=0.000 preq=0.000 pres=0.000 sale=0.000 mtax=0.000 chain=0.000 daily=0.000 nov=0.000 mile=0.000 surv=0.100 idle=-10.000 gover=0.000 | nw=1.35881e+06 pop=31 bases=16 money=3633 credit=174573 day=365 | food=400 water=0 coal=0 home=230 free=31 roads=9
  ACTION: 11 (BUILD:HydroStation price=92214 need_earth=2) | money=3633 pop=31 free=31
  BUILD FAILED: HydroStation (no cell or error)
STEP 370 | BUILD:HydroStation | total=-5.900 err=-1.000 tax=-5.000 taxb=0.000 build=0.000 cost=0.000 div=0.000 prox=0.000 prov=0.000 preq=0.000 pres=0.000 sale=0.000 mtax=0.000 chain=0.000 daily=0.000 nov=0.000 mile=0.000 surv=0.100 idle=0.000 gover=0.000 | nw=1.35881e+06 pop=31 bases=16 money=3633 credit=174573 day=365 | food=400 water=0 coal=0 home=230 free=31 roads=9
  ACTION: 4 (BUILD:WaterChannel price=18310 need_earth=2) | money=3633 pop=31 free=31
  BUILD FAILED: WaterChannel (no cell or error)
STEP 371 | BUILD:WaterChannel | total=-5.535 err=-1.000 tax=-5.000 taxb=0.000 build=0.365 cost=0.000 div=0.000 prox=0.000 prov=0.000 preq=0.000 pres=0.000 sale=0.000 mtax=0.000 chain=0.000 daily=0.000 nov=0.000 mile=0.000 surv=0.100 idle=0.000 gover=0.000 | nw=1.35881e+06 pop=31 bases=16 money=3633 credit=174573 day=365 | food=400 water=0 coal=0 home=230 free=31 roads=9
  ACTION: 44 | money=3633 pop=31 free=31
STEP 372 | MGR:manual_tax | total=-14.400 err=0.000 tax=-5.000 taxb=0.000 build=0.000 cost=0.000 div=0.000 prox=0.000 prov=0.000 preq=0.000 pres=0.000 sale=0.000 mtax=0.500 chain=0.000 daily=0.000 nov=0.000 mile=0.000 surv=0.100 idle=-10.000 gover=0.000 | nw=1.35881e+06 pop=31 bases=16 money=3633 credit=174573 day=365 | food=400 water=0 coal=0 home=230 free=31 roads=9
  ACTION: 39 | money=3633 pop=31 free=31
STEP 373 | MGR:unpreserve | total=-5.900 err=-1.000 tax=-5.000 taxb=0.000 build=0.000 cost=0.000 div=0.000 prox=0.000 prov=0.000 preq=0.000 pres=0.000 sale=0.000 mtax=0.000 chain=0.000 daily=0.000 nov=0.000 mile=0.000 surv=0.100 idle=0.000 gover=0.000 | nw=1.35881e+06 pop=31 bases=16 money=3633 credit=174573 day=365 | food=400 water=0 coal=0 home=230 free=31 roads=9
  ACTION: 27 (BUILD:WaterMill price=2900197 need_earth=2) | money=3633 pop=31 free=31
  BUILD FAILED: WaterMill (no cell or error)
STEP 374 | BUILD:WaterMill | total=-5.900 err=-1.000 tax=-5.000 taxb=0.000 build=0.000 cost=0.000 div=0.000 prox=0.000 prov=0.000 preq=0.000 pres=0.000 sale=0.000 mtax=0.000 chain=0.000 daily=0.000 nov=0.000 mile=0.000 surv=0.100 idle=0.000 gover=0.000 | nw=1.35881e+06 pop=31 bases=16 money=3633 credit=174573 day=365 | food=400 water=0 coal=0 home=230 free=31 roads=9
  ACTION: 30 (BUILD:BigIronmine price=2715002 need_earth=5) | money=3633 pop=31 free=31
  BUILD FAILED: BigIronmine (no cell or error)
STEP 375 | BUILD:BigIronmine | total=-15.900 err=-1.000 tax=-5.000 taxb=0.000 build=0.000 cost=0.000 div=0.000 prox=0.000 prov=0.000 preq=0.000 pres=0.000 sale=0.000 mtax=0.000 chain=0.000 daily=0.000 nov=0.000 mile=0.000 surv=0.100 idle=-10.000 gover=0.000 | nw=1.35881e+06 pop=31 bases=16 money=3633 credit=174573 day=365 | food=400 water=0 coal=0 home=230 free=31 roads=9
  ACTION: 24 (BUILD:Hothouse price=16590 need_earth=10) | money=3633 pop=31 free=31
  BUILD FAILED: Hothouse (no cell or error)
STEP 376 | BUILD:Hothouse | total=-5.900 err=-1.000 tax=-5.000 taxb=0.000 build=0.000 cost=0.000 div=0.000 prox=0.000 prov=0.000 preq=0.000 pres=0.000 sale=0.000 mtax=0.000 chain=0.000 daily=0.000 nov=0.000 mile=0.000 surv=0.100 idle=0.000 gover=0.000 | nw=1.35881e+06 pop=31 bases=16 money=3633 credit=174573 day=365 | food=400 water=0 coal=0 home=230 free=31 roads=9
  ACTION: 10 (BUILD:PowerStation price=92433 need_earth=10) | money=3633 pop=31 free=31
  BUILD FAILED: PowerStation (no cell or error)
STEP 377 | BUILD:PowerStation | total=-5.900 err=-1.000 tax=-5.000 taxb=0.000 build=0.000 cost=0.000 div=0.000 prox=0.000 prov=0.000 preq=0.000 pres=0.000 sale=0.000 mtax=0.000 chain=0.000 daily=0.000 nov=0.000 mile=0.000 surv=0.100 idle=0.000 gover=0.000 | nw=1.35881e+06 pop=31 bases=16 money=3633 credit=174573 day=365 | food=400 water=0 coal=0 home=230 free=31 roads=9
  ACTION: 6 (BUILD:Coalmine price=25471 need_earth=4) | money=3633 pop=31 free=31
  BUILD FAILED: Coalmine (no cell or error)
STEP 378 | BUILD:Coalmine | total=-15.900 err=-1.000 tax=-5.000 taxb=0.000 build=0.000 cost=0.000 div=0.000 prox=0.000 prov=0.000 preq=0.000 pres=0.000 sale=0.000 mtax=0.000 chain=0.000 daily=0.000 nov=0.000 mile=0.000 surv=0.100 idle=-10.000 gover=0.000 | nw=1.35881e+06 pop=31 bases=16 money=3633 credit=174573 day=365 | food=400 water=0 coal=0 home=230 free=31 roads=9
  ACTION: 42 | money=3633 pop=31 free=31
STEP 379 | MGR:credit_take | total=-5.900 err=-1.000 tax=-5.000 taxb=0.000 build=0.000 cost=0.000 div=0.000 prox=0.000 prov=0.000 preq=0.000 pres=0.000 sale=0.000 mtax=0.000 chain=0.000 daily=0.000 nov=0.000 mile=0.000 surv=0.100 idle=0.000 gover=0.000 | nw=1.35881e+06 pop=31 bases=16 money=3633 credit=174573 day=365 | food=400 water=0 coal=0 home=230 free=31 roads=9
  ACTION: 25 (BUILD:SuperHouse price=971000 need_earth=1) | money=3633 pop=31 free=31
  BUILD FAILED: SuperHouse (no cell or error)
STEP 380 | BUILD:SuperHouse | total=-5.900 err=-1.000 tax=-5.000 taxb=0.000 build=0.000 cost=0.000 div=0.000 prox=0.000 prov=0.000 preq=0.000 pres=0.000 sale=0.000 mtax=0.000 chain=0.000 daily=0.000 nov=0.000 mile=0.000 surv=0.100 idle=0.000 gover=0.000 | nw=1.35881e+06 pop=31 bases=16 money=3633 credit=174573 day=365 | food=400 water=0 coal=0 home=230 free=31 roads=9
  ACTION: 10 (BUILD:PowerStation price=92433 need_earth=10) | money=3633 pop=31 free=31
  BUILD FAILED: PowerStation (no cell or error)
STEP 381 | BUILD:PowerStation | total=-15.900 err=-1.000 tax=-5.000 taxb=0.000 build=0.000 cost=0.000 div=0.000 prox=0.000 prov=0.000 preq=0.000 pres=0.000 sale=0.000 mtax=0.000 chain=0.000 daily=0.000 nov=0.000 mile=0.000 surv=0.100 idle=-10.000 gover=0.000 | nw=1.35881e+06 pop=31 bases=16 money=3633 credit=174573 day=365 | food=400 water=0 coal=0 home=230 free=31 roads=9
  ACTION: 44 | money=3633 pop=31 free=31
STEP 382 | MGR:manual_tax | total=-14.400 err=0.000 tax=-5.000 taxb=0.000 build=0.000 cost=0.000 div=0.000 prox=0.000 prov=0.000 preq=0.000 pres=0.000 sale=0.000 mtax=0.500 chain=0.000 daily=0.000 nov=0.000 mile=0.000 surv=0.100 idle=0.000 gover=-10.000 | nw=1.35881e+06 pop=31 bases=16 money=3633 credit=174573 day=365 | food=400 water=0 coal=0 home=230 free=31 roads=9
  ACTION: 39 | money=82000 pop=28 free=28
STEP 1 | MGR:unpreserve | total=-0.600 err=-1.000 tax=0.000 taxb=0.300 build=0.000 cost=0.000 div=0.000 prox=0.000 prov=0.000 preq=0.000 pres=0.000 sale=0.000 mtax=0.000 chain=0.000 daily=0.000 nov=0.000 mile=0.000 surv=0.100 idle=0.000 gover=0.000 | nw=1.532e+06 pop=28 bases=1 money=82000 credit=0 day=1 | food=0 water=0 coal=0 home=50 free=28 roads=0
  ACTION: 22 (BUILD:Apiary price=9385 need_earth=10) | money=82000 pop=28 free=28
STEP 2 | BUILD:Apiary | total=4.408 err=0.000 tax=0.000 taxb=0.300 build=4.946 cost=-0.939 div=0.000 prox=0.000 prov=0.000 preq=0.000 pres=0.000 sale=0.000 mtax=0.000 chain=0.000 daily=0.000 nov=0.000 mile=0.000 surv=0.100 idle=0.000 gover=0.000 | nw=1.532e+06 pop=28 bases=2 money=72615 credit=0 day=2 | food=0 water=0 coal=0 home=50 free=28 roads=0
  ACTION: 32 (BUILD:SmallAtomStation price=29000000 need_earth=2) | money=72615 pop=28 free=28
  BUILD FAILED: SmallAtomStation (no cell or error)
STEP 3 | BUILD:SmallAtomStation | total=-0.600 err=-1.000 tax=0.000 taxb=0.300 build=0.000 cost=0.000 div=0.000 prox=0.000 prov=0.000 preq=0.000 pres=0.000 sale=0.000 mtax=0.000 chain=0.000 daily=0.000 nov=0.000 mile=0.000 surv=0.100 idle=0.000 gover=0.000 | nw=1.532e+06 pop=28 bases=2 money=72615 credit=0 day=3 | food=0 water=0 coal=0 home=50 free=28 roads=0
  ACTION: 19 (BUILD:Mushroom price=12164 need_earth=3) | money=72615 pop=28 free=28
  BUILD FAILED: Mushroom (no cell or error)
STEP 4 | BUILD:Mushroom | total=-10.600 err=-1.000 tax=0.000 taxb=0.300 build=0.000 cost=0.000 div=0.000 prox=0.000 prov=0.000 preq=0.000 pres=0.000 sale=0.000 mtax=0.000 chain=0.000 daily=0.000 nov=0.000 mile=0.000 surv=0.100 idle=-10.000 gover=0.000 | nw=1.532e+06 pop=28 bases=2 money=72615 credit=0 day=4 | food=0 water=0 coal=0 home=50 free=28 roads=0
  ACTION: 32 (BUILD:SmallAtomStation price=29000000 need_earth=2) | money=72615 pop=28 free=28
  BUILD FAILED: SmallAtomStation (no cell or error)
STEP 5 | BUILD:SmallAtomStation | total=-0.600 err=-1.000 tax=0.000 taxb=0.300 build=0.000 cost=0.000 div=0.000 prox=0.000 prov=0.000 preq=0.000 pres=0.000 sale=0.000 mtax=0.000 chain=0.000 daily=0.000 nov=0.000 mile=0.000 surv=0.100 idle=0.000 gover=0.000 | nw=1.532e+06 pop=28 bases=2 money=72615 credit=0 day=5 | food=0 water=0 coal=0 home=50 free=28 roads=0
  ACTION: 40 | money=72615 pop=28 free=28
STEP 6 | MGR:sell | total=-0.600 err=-1.000 tax=0.000 taxb=0.300 build=0.000 cost=0.000 div=0.000 prox=0.000 prov=0.000 preq=0.000 pres=0.000 sale=0.000 mtax=0.000 chain=0.000 daily=0.000 nov=0.000 mile=0.000 surv=0.100 idle=0.000 gover=0.000 | nw=1.532e+06 pop=28 bases=2 money=72615 credit=0 day=6 | food=0 water=0 coal=0 home=50 free=28 roads=0
  ACTION: 35 | money=72615 pop=28 free=28
STEP 7 | MGR:repair | total=-10.600 err=-1.000 tax=0.000 taxb=0.300 build=0.000 cost=0.000 div=0.000 prox=0.000 prov=0.000 preq=0.000 pres=0.000 sale=0.000 mtax=0.000 chain=0.000 daily=0.000 nov=0.000 mile=0.000 surv=0.100 idle=-10.000 gover=0.000 | nw=1.532e+06 pop=28 bases=2 money=72615 credit=0 day=7 | food=0 water=0 coal=0 home=50 free=28 roads=0
  ACTION: 14 (BUILD:SmallHouse price=5900 need_earth=10) | money=72615 pop=28 free=28
STEP 8 | BUILD:SmallHouse | total=1.310 err=0.000 tax=0.000 taxb=0.300 build=1.500 cost=-0.590 div=0.000 prox=0.000 prov=0.000 preq=0.000 pres=0.000 sale=0.000 mtax=0.000 chain=0.000 daily=0.000 nov=0.000 mile=0.000 surv=0.100 idle=0.000 gover=0.000 | nw=1.532e+06 pop=28 bases=3 money=66715 credit=0 day=8 | food=0 water=0 coal=0 home=50 free=28 roads=0
  ACTION: 20 (BUILD:BigHouse price=66400 need_earth=1) | money=66715 pop=28 free=28
STEP 9 | BUILD:BigHouse | total=-4.740 err=0.000 tax=0.000 taxb=0.300 build=1.500 cost=-6.640 div=0.000 prox=0.000 prov=0.000 preq=0.000 pres=0.000 sale=0.000 mtax=0.000 chain=0.000 daily=0.000 nov=0.000 mile=0.000 surv=0.100 idle=0.000 gover=0.000 | nw=1.532e+06 pop=28 bases=4 money=315 credit=0 day=9 | food=0 water=0 coal=0 home=50 free=28 roads=0
  ACTION: 3 (BUILD:Garden price=7640 need_earth=10) | money=315 pop=28 free=28
  BUILD FAILED: Garden (no cell or error)
STEP 10 | BUILD:Garden | total=-0.235 err=-1.000 tax=0.000 taxb=0.300 build=0.365 cost=0.000 div=0.000 prox=0.000 prov=0.000 preq=0.000 pres=0.000 sale=0.000 mtax=0.000 chain=0.000 daily=0.000 nov=0.000 mile=0.000 surv=0.100 idle=0.000 gover=0.000 | nw=1.532e+06 pop=28 bases=4 money=315 credit=0 day=10 | food=0 water=0 coal=0 home=50 free=28 roads=0
  ACTION: 39 | money=315 pop=28 free=28
STEP 11 | MGR:unpreserve | total=-10.600 err=-1.000 tax=0.000 taxb=0.300 build=0.000 cost=0.000 div=0.000 prox=0.000 prov=0.000 preq=0.000 pres=0.000 sale=0.000 mtax=0.000 chain=0.000 daily=0.000 nov=0.000 mile=0.000 surv=0.100 idle=-10.000 gover=0.000 | nw=1.532e+06 pop=28 bases=4 money=315 credit=0 day=11 | food=0 water=0 coal=0 home=50 free=28 roads=0
  ACTION: 29 (BUILD:Puerperal price=37105 need_earth=10) | money=315 pop=28 free=28
  BUILD FAILED: Puerperal (no cell or error)
STEP 12 | BUILD:Puerperal | total=-0.600 err=-1.000 tax=0.000 taxb=0.300 build=0.000 cost=0.000 div=0.000 prox=0.000 prov=0.000 preq=0.000 pres=0.000 sale=0.000 mtax=0.000 chain=0.000 daily=0.000 nov=0.000 mile=0.000 surv=0.100 idle=0.000 gover=0.000 | nw=1.532e+06 pop=28 bases=4 money=315 credit=0 day=12 | food=0 water=0 coal=0 home=50 free=28 roads=0
  ACTION: 7 (BUILD:Ironmine price=32008 need_earth=5) | money=315 pop=28 free=28
  BUILD FAILED: Ironmine (no cell or error)
STEP 13 | BUILD:Ironmine | total=-0.600 err=-1.000 tax=0.000 taxb=0.300 build=0.000 cost=0.000 div=0.000 prox=0.000 prov=0.000 preq=0.000 pres=0.000 sale=0.000 mtax=0.000 chain=0.000 daily=0.000 nov=0.000 mile=0.000 surv=0.100 idle=0.000 gover=0.000 | nw=1.532e+06 pop=28 bases=4 money=315 credit=0 day=13 | food=0 water=0 coal=0 home=50 free=28 roads=0
  ACTION: 24 (BUILD:Hothouse price=16590 need_earth=10) | money=315 pop=28 free=28
  BUILD FAILED: Hothouse (no cell or error)
STEP 14 | BUILD:Hothouse | total=-10.600 err=-1.000 tax=0.000 taxb=0.300 build=0.000 cost=0.000 div=0.000 prox=0.000 prov=0.000 preq=0.000 pres=0.000 sale=0.000 mtax=0.000 chain=0.000 daily=0.000 nov=0.000 mile=0.000 surv=0.100 idle=-10.000 gover=0.000 | nw=1.532e+06 pop=28 bases=4 money=315 credit=0 day=14 | food=0 water=0 coal=0 home=50 free=28 roads=0
  ACTION: 40 | money=315 pop=28 free=28
STEP 15 | MGR:sell | total=-0.600 err=-1.000 tax=0.000 taxb=0.300 build=0.000 cost=0.000 div=0.000 prox=0.000 prov=0.000 preq=0.000 pres=0.000 sale=0.000 mtax=0.000 chain=0.000 daily=0.000 nov=0.000 mile=0.000 surv=0.100 idle=0.000 gover=0.000 | nw=1.532e+06 pop=28 bases=4 money=315 credit=0 day=15 | food=0 water=0 coal=0 home=50 free=28 roads=0
  ACTION: 15 (BUILD:Fish price=30202 need_earth=2) | money=315 pop=28 free=28
  BUILD FAILED: Fish (no cell or error)
STEP 16 | BUILD:Fish | total=14.389 err=-1.000 tax=0.000 taxb=0.300 build=0.000 cost=0.000 div=0.000 prox=0.000 prov=0.000 preq=0.000 pres=0.000 sale=0.000 mtax=0.000 chain=0.000 daily=0.000 nov=15.000 mile=0.000 surv=0.089 idle=0.000 gover=0.000 | nw=1.532e+06 pop=28 bases=4 money=315 credit=0 day=16 | food=0 water=0 coal=0 home=50 free=28 roads=0
  ACTION: 24 (BUILD:Hothouse price=16590 need_earth=10) | money=315 pop=28 free=28
  BUILD FAILED: Hothouse (no cell or error)
STEP 17 | BUILD:Hothouse | total=-10.608 err=-1.000 tax=0.000 taxb=0.300 build=0.000 cost=0.000 div=0.000 prox=0.000 prov=0.000 preq=0.000 pres=0.000 sale=0.000 mtax=0.000 chain=0.000 daily=0.000 nov=0.000 mile=0.000 surv=0.092 idle=-10.000 gover=0.000 | nw=1.532e+06 pop=28 bases=4 money=315 credit=0 day=17 | food=0 water=0 coal=0 home=50 free=28 roads=0
  ACTION: 17 (BUILD:HuntingLand price=16985 need_earth=3) | money=315 pop=28 free=28
  BUILD FAILED: HuntingLand (no cell or error)
STEP 18 | BUILD:HuntingLand | total=-0.611 err=-1.000 tax=0.000 taxb=0.300 build=0.000 cost=0.000 div=0.000 prox=0.000 prov=0.000 preq=0.000 pres=0.000 sale=0.000 mtax=0.000 chain=0.000 daily=0.000 nov=0.000 mile=0.000 surv=0.089 idle=0.000 gover=0.000 | nw=1.53199e+06 pop=28 bases=4 money=315 credit=0 day=18 | food=0 water=0 coal=0 home=50 free=28 roads=0
  ACTION: 6 (BUILD:Coalmine price=25471 need_earth=4) | money=315 pop=28 free=28
  BUILD FAILED: Coalmine (no cell or error)
STEP 19 | BUILD:Coalmine | total=-0.608 err=-1.000 tax=0.000 taxb=0.300 build=0.000 cost=0.000 div=0.000 prox=0.000 prov=0.000 preq=0.000 pres=0.000 sale=0.000 mtax=0.000 chain=0.000 daily=0.000 nov=0.000 mile=0.000 surv=0.092 idle=0.000 gover=0.000 | nw=1.53199e+06 pop=28 bases=4 money=315 credit=0 day=19 | food=0 water=0 coal=0 home=50 free=28 roads=0
  ACTION: 4 (BUILD:WaterChannel price=18310 need_earth=2) | money=315 pop=28 free=28
  BUILD FAILED: WaterChannel (no cell or error)
STEP 20 | BUILD:WaterChannel | total=-9.935 err=-1.000 tax=0.000 taxb=0.300 build=0.673 cost=0.000 div=0.000 prox=0.000 prov=0.000 preq=0.000 pres=0.000 sale=0.000 mtax=0.000 chain=0.000 daily=0.000 nov=0.000 mile=0.000 surv=0.092 idle=-10.000 gover=0.000 | nw=1.53199e+06 pop=28 bases=4 money=315 credit=0 day=20 | food=0 water=0 coal=0 home=50 free=28 roads=0
  ACTION: 6 (BUILD:Coalmine price=25471 need_earth=4) | money=315 pop=28 free=28
  BUILD FAILED: Coalmine (no cell or error)
STEP 21 | BUILD:Coalmine | total=-0.608 err=-1.000 tax=0.000 taxb=0.300 build=0.000 cost=0.000 div=0.000 prox=0.000 prov=0.000 preq=0.000 pres=0.000 sale=0.000 mtax=0.000 chain=0.000 daily=0.000 nov=0.000 mile=0.000 surv=0.092 idle=0.000 gover=0.000 | nw=1.53199e+06 pop=28 bases=4 money=315 credit=0 day=21 | food=0 water=0 coal=0 home=50 free=28 roads=0
  ACTION: 22 (BUILD:Apiary price=9385 need_earth=10) | money=315 pop=28 free=28
  BUILD FAILED: Apiary (no cell or error)
STEP 22 | BUILD:Apiary | total=-0.608 err=-1.000 tax=0.000 taxb=0.300 build=0.000 cost=0.000 div=0.000 prox=0.000 prov=0.000 preq=0.000 pres=0.000 sale=0.000 mtax=0.000 chain=0.000 daily=0.000 nov=0.000 mile=0.000 surv=0.092 idle=0.000 gover=0.000 | nw=1.53199e+06 pop=28 bases=4 money=315 credit=0 day=22 | food=0 water=0 coal=0 home=50 free=28 roads=0
  ACTION: 0 (DAY) | money=315 pop=28 free=28
STEP 23 | DAY | total=-9.608 err=0.000 tax=0.000 taxb=0.300 build=0.000 cost=0.000 div=0.000 prox=0.000 prov=0.000 preq=0.000 pres=0.000 sale=0.000 mtax=0.000 chain=0.000 daily=0.000 nov=0.000 mile=0.000 surv=0.092 idle=-10.000 gover=0.000 | nw=1.53199e+06 pop=28 bases=4 money=315 credit=0 day=23 | food=0 water=0 coal=0 home=50 free=28 roads=0
  ACTION: 11 (BUILD:HydroStation price=92214 need_earth=2) | money=315 pop=28 free=28
  BUILD FAILED: HydroStation (no cell or error)
STEP 24 | BUILD:HydroStation | total=-0.611 err=-1.000 tax=0.000 taxb=0.300 build=0.000 cost=0.000 div=0.000 prox=0.000 prov=0.000 preq=0.000 pres=0.000 sale=0.000 mtax=0.000 chain=0.000 daily=0.000 nov=0.000 mile=0.000 surv=0.089 idle=0.000 gover=0.000 | nw=1.53198e+06 pop=28 bases=4 money=315 credit=0 day=24 | food=0 water=0 coal=0 home=50 free=28 roads=0
  ACTION: 43 | money=315 pop=28 free=28
STEP 25 | MGR:credit_give | total=-0.608 err=-1.000 tax=0.000 taxb=0.300 build=0.000 cost=0.000 div=0.000 prox=0.000 prov=0.000 preq=0.000 pres=0.000 sale=0.000 mtax=0.000 chain=0.000 daily=0.000 nov=0.000 mile=0.000 surv=0.092 idle=0.000 gover=0.000 | nw=1.53198e+06 pop=28 bases=4 money=315 credit=0 day=25 | food=0 water=0 coal=0 home=50 free=28 roads=0
  ACTION: 24 (BUILD:Hothouse price=16590 need_earth=10) | money=315 pop=28 free=28
  BUILD FAILED: Hothouse (no cell or error)
STEP 26 | BUILD:Hothouse | total=-10.543 err=-1.000 tax=0.000 taxb=0.300 build=0.000 cost=0.000 div=0.000 prox=0.000 prov=0.000 preq=0.000 pres=0.000 sale=0.000 mtax=0.000 chain=0.000 daily=0.065 nov=0.000 mile=0.000 surv=0.092 idle=-10.000 gover=0.000 | nw=1.53198e+06 pop=28 bases=4 money=315 credit=0 day=26 | food=0 water=0 coal=0 home=50 free=28 roads=0
  ACTION: 23 (BUILD:Torchlight price=215000 need_earth=6) | money=315 pop=28 free=28
  BUILD FAILED: Torchlight (no cell or error)
STEP 27 | BUILD:Torchlight | total=-0.623 err=-1.000 tax=0.000 taxb=0.300 build=0.000 cost=0.000 div=0.000 prox=0.000 prov=0.000 preq=0.000 pres=0.000 sale=0.000 mtax=0.000 chain=0.000 daily=0.000 nov=0.000 mile=0.000 surv=0.077 idle=0.000 gover=0.000 | nw=1.53198e+06 pop=28 bases=4 money=315 credit=0 day=27 | food=0 water=0 coal=0 home=50 free=28 roads=0
  ACTION: 43 | money=315 pop=28 free=28
STEP 28 | MGR:credit_give | total=-0.631 err=-1.000 tax=0.000 taxb=0.300 build=0.000 cost=0.000 div=0.000 prox=0.000 prov=0.000 preq=0.000 pres=0.000 sale=0.000 mtax=0.000 chain=0.000 daily=0.000 nov=0.000 mile=0.000 surv=0.069 idle=0.000 gover=0.000 | nw=1.53197e+06 pop=28 bases=4 money=315 credit=0 day=28 | food=0 water=0 coal=0 home=50 free=28 roads=0
  ACTION: 25 (BUILD:SuperHouse price=971000 need_earth=1) | money=315 pop=28 free=28
  BUILD FAILED: SuperHouse (no cell or error)
STEP 29 | BUILD:SuperHouse | total=-10.627 err=-1.000 tax=0.000 taxb=0.300 build=0.000 cost=0.000 div=0.000 prox=0.000 prov=0.000 preq=0.000 pres=0.000 sale=0.000 mtax=0.000 chain=0.000 daily=0.000 nov=0.000 mile=0.000 surv=0.073 idle=-10.000 gover=0.000 | nw=1.53196e+06 pop=28 bases=4 money=315 credit=0 day=29 | food=0 water=0 coal=0 home=50 free=28 roads=0
  ACTION: 1 (WEEK) | money=315 pop=28 free=28
STEP 30 | WEEK | total=0.202 err=0.000 tax=0.000 taxb=0.300 build=0.000 cost=0.000 div=0.000 prox=0.000 prov=0.000 preq=0.000 pres=0.000 sale=0.000 mtax=0.000 chain=0.000 daily=0.000 nov=0.000 mile=0.000 surv=-0.098 idle=0.000 gover=0.000 | nw=1.53193e+06 pop=28 bases=4 money=315 credit=0 day=36 | food=0 water=0 coal=0 home=50 free=28 roads=0
  ACTION: 26 (BUILD:BigSawmill price=620900 need_earth=3) | money=315 pop=28 free=28
  BUILD FAILED: BigSawmill (no cell or error)
STEP 31 | BUILD:BigSawmill | total=-0.627 err=-1.000 tax=0.000 taxb=0.300 build=0.000 cost=0.000 div=0.000 prox=0.000 prov=0.000 preq=0.000 pres=0.000 sale=0.000 mtax=0.000 chain=0.000 daily=0.000 nov=0.000 mile=0.000 surv=0.073 idle=0.000 gover=0.000 | nw=1.53192e+06 pop=28 bases=4 money=315 credit=0 day=37 | food=0 water=0 coal=0 home=50 free=28 roads=0
  ACTION: 41 | money=315 pop=28 free=28
STEP 32 | MGR:buy_food | total=-10.627 err=-1.000 tax=0.000 taxb=0.300 build=0.000 cost=0.000 div=0.000 prox=0.000 prov=0.000 preq=0.000 pres=0.000 sale=0.000 mtax=0.000 chain=0.000 daily=0.000 nov=0.000 mile=0.000 surv=0.073 idle=-10.000 gover=0.000 | nw=1.53191e+06 pop=28 bases=4 money=315 credit=0 day=38 | food=0 water=0 coal=0 home=50 free=28 roads=0
  ACTION: 1 (WEEK) | money=315 pop=28 free=28
STEP 33 | WEEK | total=0.235 err=0.000 tax=0.000 taxb=0.300 build=0.000 cost=0.000 div=0.000 prox=0.000 prov=0.000 preq=0.000 pres=0.000 sale=0.000 mtax=0.000 chain=0.000 daily=0.000 nov=0.000 mile=0.000 surv=-0.065 idle=0.000 gover=0.000 | nw=1.53188e+06 pop=28 bases=4 money=315 credit=0 day=45 | food=0 water=0 coal=0 home=50 free=28 roads=0
  ACTION: 9 (BUILD:Goldmine price=77000 need_earth=7) | money=315 pop=28 free=28
  BUILD FAILED: Goldmine (no cell or error)
STEP 34 | BUILD:Goldmine | total=-0.627 err=-1.000 tax=0.000 taxb=0.300 build=0.000 cost=0.000 div=0.000 prox=0.000 prov=0.000 preq=0.000 pres=0.000 sale=0.000 mtax=0.000 chain=0.000 daily=0.000 nov=0.000 mile=0.000 surv=0.073 idle=0.000 gover=0.000 | nw=1.53188e+06 pop=28 bases=4 money=315 credit=0 day=46 | food=0 water=0 coal=0 home=50 free=28 roads=0
  ACTION: 32 (BUILD:SmallAtomStation price=29000000 need_earth=2) | money=315 pop=28 free=28
  BUILD FAILED: SmallAtomStation (no cell or error)
STEP 35 | BUILD:SmallAtomStation | total=-10.617 err=-1.000 tax=0.000 taxb=0.300 build=0.000 cost=0.000 div=0.000 prox=0.000 prov=0.000 preq=0.000 pres=0.000 sale=0.000 mtax=0.000 chain=0.000 daily=0.000 nov=0.000 mile=0.000 surv=0.083 idle=-10.000 gover=0.000 | nw=1.53187e+06 pop=28 bases=4 money=315 credit=0 day=47 | food=0 water=0 coal=0 home=50 free=28 roads=0
  ACTION: 32 (BUILD:SmallAtomStation price=29000000 need_earth=2) | money=315 pop=28 free=28
  BUILD FAILED: SmallAtomStation (no cell or error)
STEP 36 | BUILD:SmallAtomStation | total=-0.623 err=-1.000 tax=0.000 taxb=0.300 build=0.000 cost=0.000 div=0.000 prox=0.000 prov=0.000 preq=0.000 pres=0.000 sale=0.000 mtax=0.000 chain=0.000 daily=0.000 nov=0.000 mile=0.000 surv=0.077 idle=0.000 gover=0.000 | nw=1.53187e+06 pop=28 bases=4 money=315 credit=0 day=48 | food=0 water=0 coal=0 home=50 free=28 roads=0
  ACTION: 44 | money=315 pop=28 free=28
STEP 37 | MGR:manual_tax | total=0.883 err=0.000 tax=0.000 taxb=0.300 build=0.000 cost=0.000 div=0.000 prox=0.000 prov=0.000 preq=0.000 pres=0.000 sale=0.000 mtax=0.500 chain=0.000 daily=0.000 nov=0.000 mile=0.000 surv=0.083 idle=0.000 gover=0.000 | nw=1.53186e+06 pop=28 bases=4 money=315 credit=0 day=49 | food=0 water=0 coal=0 home=50 free=28 roads=0
  ACTION: 25 (BUILD:SuperHouse price=971000 need_earth=1) | money=315 pop=28 free=28
  BUILD FAILED: SuperHouse (no cell or error)
STEP 38 | BUILD:SuperHouse | total=-10.627 err=-1.000 tax=0.000 taxb=0.300 build=0.000 cost=0.000 div=0.000 prox=0.000 prov=0.000 preq=0.000 pres=0.000 sale=0.000 mtax=0.000 chain=0.000 daily=0.000 nov=0.000 mile=0.000 surv=0.073 idle=-10.000 gover=0.000 | nw=1.53186e+06 pop=28 bases=4 money=315 credit=0 day=50 | food=0 water=0 coal=0 home=50 free=28 roads=0
  ACTION: 14 (BUILD:SmallHouse price=5900 need_earth=10) | money=315 pop=28 free=28
  BUILD FAILED: SmallHouse (no cell or error)
STEP 39 | BUILD:SmallHouse | total=-0.623 err=-1.000 tax=0.000 taxb=0.300 build=0.000 cost=0.000 div=0.000 prox=0.000 prov=0.000 preq=0.000 pres=0.000 sale=0.000 mtax=0.000 chain=0.000 daily=0.000 nov=0.000 mile=0.000 surv=0.077 idle=0.000 gover=0.000 | nw=1.53185e+06 pop=28 bases=4 money=315 credit=0 day=51 | food=0 water=0 coal=0 home=50 free=28 roads=0
  ACTION: 28 (BUILD:BigRefinary price=3999149 need_earth=6) | money=315 pop=28 free=28
  BUILD FAILED: BigRefinary (no cell or error)
STEP 40 | BUILD:BigRefinary | total=-0.640 err=-1.000 tax=0.000 taxb=0.300 build=0.000 cost=0.000 div=0.000 prox=0.000 prov=0.000 preq=0.000 pres=0.000 sale=0.000 mtax=0.000 chain=0.000 daily=0.000 nov=0.000 mile=0.000 surv=0.060 idle=0.000 gover=0.000 | nw=1.53185e+06 pop=28 bases=4 money=315 credit=0 day=52 | food=0 water=0 coal=0 home=50 free=28 roads=0
  ACTION: 34 | money=315 pop=28 free=28
STEP 41 | MGR:improve | total=-10.627 err=-1.000 tax=0.000 taxb=0.300 build=0.000 cost=0.000 div=0.000 prox=0.000 prov=0.000 preq=0.000 pres=0.000 sale=0.000 mtax=0.000 chain=0.000 daily=0.000 nov=0.000 mile=0.000 surv=0.073 idle=-10.000 gover=0.000 | nw=1.53184e+06 pop=28 bases=4 money=315 credit=0 day=53 | food=0 water=0 coal=0 home=50 free=28 roads=0
  ACTION: 0 (DAY) | money=315 pop=28 free=28
STEP 42 | DAY | total=0.373 err=0.000 tax=0.000 taxb=0.300 build=0.000 cost=0.000 div=0.000 prox=0.000 prov=0.000 preq=0.000 pres=0.000 sale=0.000 mtax=0.000 chain=0.000 daily=0.000 nov=0.000 mile=0.000 surv=0.073 idle=0.000 gover=0.000 | nw=1.53184e+06 pop=28 bases=4 money=315 credit=0 day=54 | food=0 water=0 coal=0 home=50 free=28 roads=0
  ACTION: 32 (BUILD:SmallAtomStation price=29000000 need_earth=2) | money=315 pop=28 free=28
  BUILD FAILED: SmallAtomStation (no cell or error)
STEP 43 | BUILD:SmallAtomStation | total=-0.627 err=-1.000 tax=0.000 taxb=0.300 build=0.000 cost=0.000 div=0.000 prox=0.000 prov=0.000 preq=0.000 pres=0.000 sale=0.000 mtax=0.000 chain=0.000 daily=0.000 nov=0.000 mile=0.000 surv=0.073 idle=0.000 gover=0.000 | nw=1.53183e+06 pop=28 bases=4 money=315 credit=0 day=55 | food=0 water=0 coal=0 home=50 free=28 roads=0
  ACTION: 8 (BUILD:Refinery price=82684 need_earth=6) | money=315 pop=28 free=28
  BUILD FAILED: Refinery (no cell or error)
STEP 44 | BUILD:Refinery | total=-10.627 err=-1.000 tax=0.000 taxb=0.300 build=0.000 cost=0.000 div=0.000 prox=0.000 prov=0.000 preq=0.000 pres=0.000 sale=0.000 mtax=0.000 chain=0.000 daily=0.000 nov=0.000 mile=0.000 surv=0.073 idle=-10.000 gover=0.000 | nw=1.53182e+06 pop=28 bases=4 money=315 credit=0 day=56 | food=0 water=0 coal=0 home=50 free=28 roads=0
  ACTION: 24 (BUILD:Hothouse price=16590 need_earth=10) | money=315 pop=28 free=28
  BUILD FAILED: Hothouse (no cell or error)
STEP 45 | BUILD:Hothouse | total=-0.627 err=-1.000 tax=0.000 taxb=0.300 build=0.000 cost=0.000 div=0.000 prox=0.000 prov=0.000 preq=0.000 pres=0.000 sale=0.000 mtax=0.000 chain=0.000 daily=0.000 nov=0.000 mile=0.000 surv=0.073 idle=0.000 gover=0.000 | nw=1.53182e+06 pop=28 bases=4 money=315 credit=0 day=57 | food=0 water=0 coal=0 home=50 free=28 roads=0
  ACTION: 13 (BUILD:House price=14038 need_earth=1) | money=315 pop=28 free=28
  BUILD FAILED: House (no cell or error)
STEP 46 | BUILD:House | total=-0.627 err=-1.000 tax=0.000 taxb=0.300 build=0.000 cost=0.000 div=0.000 prox=0.000 prov=0.000 preq=0.000 pres=0.000 sale=0.000 mtax=0.000 chain=0.000 daily=0.000 nov=0.000 mile=0.000 surv=0.073 idle=0.000 gover=0.000 | nw=1.53181e+06 pop=28 bases=4 money=315 credit=0 day=58 | food=0 water=0 coal=0 home=50 free=28 roads=0
  ACTION: 25 (BUILD:SuperHouse price=971000 need_earth=1) | money=315 pop=28 free=28
  BUILD FAILED: SuperHouse (no cell or error)
STEP 47 | BUILD:SuperHouse | total=-10.631 err=-1.000 tax=0.000 taxb=0.300 build=0.000 cost=0.000 div=0.000 prox=0.000 prov=0.000 preq=0.000 pres=0.000 sale=0.000 mtax=0.000 chain=0.000 daily=0.000 nov=0.000 mile=0.000 surv=0.069 idle=-10.000 gover=0.000 | nw=1.53181e+06 pop=28 bases=4 money=315 credit=0 day=59 | food=0 water=0 coal=0 home=50 free=28 roads=0
  ACTION: 32 (BUILD:SmallAtomStation price=29000000 need_earth=2) | money=315 pop=28 free=28
  BUILD FAILED: SmallAtomStation (no cell or error)
STEP 48 | BUILD:SmallAtomStation | total=-0.627 err=-1.000 tax=0.000 taxb=0.300 build=0.000 cost=0.000 div=0.000 prox=0.000 prov=0.000 preq=0.000 pres=0.000 sale=0.000 mtax=0.000 chain=0.000 daily=0.000 nov=0.000 mile=0.000 surv=0.073 idle=0.000 gover=0.000 | nw=1.5318e+06 pop=28 bases=4 money=315 credit=0 day=60 | food=0 water=0 coal=0 home=50 free=28 roads=0
  ACTION: 25 (BUILD:SuperHouse price=971000 need_earth=1) | money=315 pop=28 free=28
  BUILD FAILED: SuperHouse (no cell or error)
STEP 49 | BUILD:SuperHouse | total=-0.627 err=-1.000 tax=0.000 taxb=0.300 build=0.000 cost=0.000 div=0.000 prox=0.000 prov=0.000 preq=0.000 pres=0.000 sale=0.000 mtax=0.000 chain=0.000 daily=0.000 nov=0.000 mile=0.000 surv=0.073 idle=0.000 gover=0.000 | nw=1.5318e+06 pop=28 bases=4 money=315 credit=0 day=61 | food=0 water=0 coal=0 home=50 free=28 roads=0
  ACTION: 39 | money=315 pop=28 free=28
STEP 50 | MGR:unpreserve | total=-10.623 err=-1.000 tax=0.000 taxb=0.300 build=0.000 cost=0.000 div=0.000 prox=0.000 prov=0.000 preq=0.000 pres=0.000 sale=0.000 mtax=0.000 chain=0.000 daily=0.000 nov=0.000 mile=0.000 surv=0.077 idle=-10.000 gover=0.000 | nw=1.53179e+06 pop=28 bases=4 money=315 credit=0 day=62 | food=0 water=0 coal=0 home=50 free=28 roads=0
  ACTION: 40 | money=315 pop=28 free=28
STEP 51 | MGR:sell | total=-0.617 err=-1.000 tax=0.000 taxb=0.300 build=0.000 cost=0.000 div=0.000 prox=0.000 prov=0.000 preq=0.000 pres=0.000 sale=0.000 mtax=0.000 chain=0.000 daily=0.000 nov=0.000 mile=0.000 surv=0.083 idle=0.000 gover=0.000 | nw=1.53179e+06 pop=28 bases=4 money=315 credit=0 day=63 | food=0 water=0 coal=0 home=50 free=28 roads=0
  ACTION: 39 | money=315 pop=28 free=28
STEP 52 | MGR:unpreserve | total=-0.631 err=-1.000 tax=0.000 taxb=0.300 build=0.000 cost=0.000 div=0.000 prox=0.000 prov=0.000 preq=0.000 pres=0.000 sale=0.000 mtax=0.000 chain=0.000 daily=0.000 nov=0.000 mile=0.000 surv=0.069 idle=0.000 gover=0.000 | nw=1.53178e+06 pop=28 bases=4 money=315 credit=0 day=64 | food=0 water=0 coal=0 home=50 free=28 roads=0
  ACTION: 32 (BUILD:SmallAtomStation price=29000000 need_earth=2) | money=315 pop=28 free=28
  BUILD FAILED: SmallAtomStation (no cell or error)
STEP 53 | BUILD:SmallAtomStation | total=-10.627 err=-1.000 tax=0.000 taxb=0.300 build=0.000 cost=0.000 div=0.000 prox=0.000 prov=0.000 preq=0.000 pres=0.000 sale=0.000 mtax=0.000 chain=0.000 daily=0.000 nov=0.000 mile=0.000 surv=0.073 idle=-10.000 gover=0.000 | nw=1.53178e+06 pop=28 bases=4 money=315 credit=0 day=65 | food=0 water=0 coal=0 home=50 free=28 roads=0
  ACTION: 33 (BUILD:AtomStation price=120000000 need_earth=2) | money=315 pop=28 free=28
  BUILD FAILED: AtomStation (no cell or error)
STEP 54 | BUILD:AtomStation | total=-0.631 err=-1.000 tax=0.000 taxb=0.300 build=0.000 cost=0.000 div=0.000 prox=0.000 prov=0.000 preq=0.000 pres=0.000 sale=0.000 mtax=0.000 chain=0.000 daily=0.000 nov=0.000 mile=0.000 surv=0.069 idle=0.000 gover=0.000 | nw=1.53177e+06 pop=28 bases=4 money=315 credit=0 day=66 | food=0 water=0 coal=0 home=50 free=28 roads=0
  ACTION: 18 (BUILD:CowFarm price=32002 need_earth=10) | money=315 pop=28 free=28
  BUILD FAILED: CowFarm (no cell or error)
STEP 55 | BUILD:CowFarm | total=-0.627 err=-1.000 tax=0.000 taxb=0.300 build=0.000 cost=0.000 div=0.000 prox=0.000 prov=0.000 preq=0.000 pres=0.000 sale=0.000 mtax=0.000 chain=0.000 daily=0.000 nov=0.000 mile=0.000 surv=0.073 idle=0.000 gover=0.000 | nw=1.53177e+06 pop=28 bases=4 money=315 credit=0 day=67 | food=0 water=0 coal=0 home=50 free=28 roads=0
  ACTION: 39 | money=315 pop=28 free=28
STEP 56 | MGR:unpreserve | total=-10.627 err=-1.000 tax=0.000 taxb=0.300 build=0.000 cost=0.000 div=0.000 prox=0.000 prov=0.000 preq=0.000 pres=0.000 sale=0.000 mtax=0.000 chain=0.000 daily=0.000 nov=0.000 mile=0.000 surv=0.073 idle=-10.000 gover=0.000 | nw=1.53176e+06 pop=28 bases=4 money=315 credit=0 day=68 | food=0 water=0 coal=0 home=50 free=28 roads=0
  ACTION: 11 (BUILD:HydroStation price=92214 need_earth=2) | money=315 pop=28 free=28
  BUILD FAILED: HydroStation (no cell or error)
STEP 57 | BUILD:HydroStation | total=-0.627 err=-1.000 tax=0.000 taxb=0.300 build=0.000 cost=0.000 div=0.000 prox=0.000 prov=0.000 preq=0.000 pres=0.000 sale=0.000 mtax=0.000 chain=0.000 daily=0.000 nov=0.000 mile=0.000 surv=0.073 idle=0.000 gover=0.000 | nw=1.53176e+06 pop=28 bases=4 money=315 credit=0 day=69 | food=0 water=0 coal=0 home=50 free=28 roads=0
  ACTION: 35 | money=315 pop=28 free=28
STEP 58 | MGR:repair | total=0.761 err=0.000 tax=0.000 taxb=0.300 build=0.000 cost=0.000 div=0.000 prox=0.000 prov=0.000 preq=0.000 pres=0.000 sale=0.000 mtax=0.000 chain=0.000 daily=0.000 nov=0.000 mile=0.000 surv=0.461 idle=0.000 gover=0.000 | nw=1.53183e+06 pop=28 bases=4 money=232 credit=0 day=70 | food=0 water=0 coal=0 home=50 free=28 roads=0
  ACTION: 36 | money=232 pop=28 free=28
STEP 59 | MGR:restore_all | total=-9.618 err=0.000 tax=0.000 taxb=0.300 build=0.000 cost=0.000 div=0.000 prox=0.000 prov=0.000 preq=0.000 pres=0.000 sale=0.000 mtax=0.000 chain=0.000 daily=0.000 nov=0.000 mile=0.000 surv=0.082 idle=-10.000 gover=0.000 | nw=1.53182e+06 pop=28 bases=4 money=230 credit=0 day=71 | food=0 water=0 coal=0 home=50 free=28 roads=0
  ACTION: 19 (BUILD:Mushroom price=12164 need_earth=3) | money=230 pop=28 free=28
  BUILD FAILED: Mushroom (no cell or error)
STEP 60 | BUILD:Mushroom | total=-0.627 err=-1.000 tax=0.000 taxb=0.300 build=0.000 cost=0.000 div=0.000 prox=0.000 prov=0.000 preq=0.000 pres=0.000 sale=0.000 mtax=0.000 chain=0.000 daily=0.000 nov=0.000 mile=0.000 surv=0.073 idle=0.000 gover=0.000 | nw=1.53182e+06 pop=28 bases=4 money=230 credit=0 day=72 | food=0 water=0 coal=0 home=50 free=28 roads=0
  ACTION: 39 | money=230 pop=28 free=28
STEP 61 | MGR:unpreserve | total=-0.627 err=-1.000 tax=0.000 taxb=0.300 build=0.000 cost=0.000 div=0.000 prox=0.000 prov=0.000 preq=0.000 pres=0.000 sale=0.000 mtax=0.000 chain=0.000 daily=0.000 nov=0.000 mile=0.000 surv=0.073 idle=0.000 gover=0.000 | nw=1.53181e+06 pop=28 bases=4 money=230 credit=0 day=73 | food=0 water=0 coal=0 home=50 free=28 roads=0
  ACTION: 44 | money=230 pop=28 free=28
STEP 62 | MGR:manual_tax | total=-9.127 err=0.000 tax=0.000 taxb=0.300 build=0.000 cost=0.000 div=0.000 prox=0.000 prov=0.000 preq=0.000 pres=0.000 sale=0.000 mtax=0.500 chain=0.000 daily=0.000 nov=0.000 mile=0.000 surv=0.073 idle=-10.000 gover=0.000 | nw=1.53181e+06 pop=28 bases=4 money=230 credit=0 day=74 | food=0 water=0 coal=0 home=50 free=28 roads=0
  ACTION: 4 (BUILD:WaterChannel price=18310 need_earth=2) | money=230 pop=28 free=28
  BUILD FAILED: WaterChannel (no cell or error)
STEP 63 | BUILD:WaterChannel | total=-0.627 err=-1.000 tax=0.000 taxb=0.300 build=0.000 cost=0.000 div=0.000 prox=0.000 prov=0.000 preq=0.000 pres=0.000 sale=0.000 mtax=0.000 chain=0.000 daily=0.000 nov=0.000 mile=0.000 surv=0.073 idle=0.000 gover=0.000 | nw=1.5318e+06 pop=28 bases=4 money=230 credit=0 day=75 | food=0 water=0 coal=0 home=50 free=28 roads=0
  ACTION: 15 (BUILD:Fish price=30202 need_earth=2) | money=230 pop=28 free=28
  BUILD FAILED: Fish (no cell or error)
STEP 64 | BUILD:Fish | total=-0.637 err=-1.000 tax=0.000 taxb=0.300 build=0.000 cost=0.000 div=0.000 prox=0.000 prov=0.000 preq=0.000 pres=0.000 sale=0.000 mtax=0.000 chain=0.000 daily=0.000 nov=0.000 mile=0.000 surv=0.063 idle=0.000 gover=0.000 | nw=1.53179e+06 pop=28 bases=4 money=230 credit=0 day=76 | food=0 water=0 coal=0 home=50 free=28 roads=0
  ACTION: 15 (BUILD:Fish price=30202 need_earth=2) | money=230 pop=28 free=28
  BUILD FAILED: Fish (no cell or error)
STEP 65 | BUILD:Fish | total=-10.627 err=-1.000 tax=0.000 taxb=0.300 build=0.000 cost=0.000 div=0.000 prox=0.000 prov=0.000 preq=0.000 pres=0.000 sale=0.000 mtax=0.000 chain=0.000 daily=0.000 nov=0.000 mile=0.000 surv=0.073 idle=-10.000 gover=0.000 | nw=1.53179e+06 pop=28 bases=4 money=230 credit=0 day=77 | food=0 water=0 coal=0 home=50 free=28 roads=0
  ACTION: 39 | money=230 pop=28 free=28
STEP 66 | MGR:unpreserve | total=-0.617 err=-1.000 tax=0.000 taxb=0.300 build=0.000 cost=0.000 div=0.000 prox=0.000 prov=0.000 preq=0.000 pres=0.000 sale=0.000 mtax=0.000 chain=0.000 daily=0.000 nov=0.000 mile=0.000 surv=0.083 idle=0.000 gover=0.000 | nw=1.53179e+06 pop=28 bases=4 money=230 credit=0 day=78 | food=0 water=0 coal=0 home=50 free=28 roads=0
  ACTION: 32 (BUILD:SmallAtomStation price=29000000 need_earth=2) | money=230 pop=28 free=28
  BUILD FAILED: SmallAtomStation (no cell or error)
STEP 67 | BUILD:SmallAtomStation | total=-0.627 err=-1.000 tax=0.000 taxb=0.300 build=0.000 cost=0.000 div=0.000 prox=0.000 prov=0.000 preq=0.000 pres=0.000 sale=0.000 mtax=0.000 chain=0.000 daily=0.000 nov=0.000 mile=0.000 surv=0.073 idle=0.000 gover=0.000 | nw=1.53178e+06 pop=28 bases=4 money=230 credit=0 day=79 | food=0 water=0 coal=0 home=50 free=28 roads=0
  ACTION: 2 (BUILD:Farm price=19814 need_earth=10) | money=230 pop=28 free=28
  BUILD FAILED: Farm (no cell or error)
STEP 68 | BUILD:Farm | total=-9.954 err=-1.000 tax=0.000 taxb=0.300 build=0.673 cost=0.000 div=0.000 prox=0.000 prov=0.000 preq=0.000 pres=0.000 sale=0.000 mtax=0.000 chain=0.000 daily=0.000 nov=0.000 mile=0.000 surv=0.073 idle=-10.000 gover=0.000 | nw=1.53178e+06 pop=28 bases=4 money=230 credit=0 day=80 | food=0 water=0 coal=0 home=50 free=28 roads=0
  ACTION: 25 (BUILD:SuperHouse price=971000 need_earth=1) | money=230 pop=28 free=28
  BUILD FAILED: SuperHouse (no cell or error)
STEP 69 | BUILD:SuperHouse | total=-0.627 err=-1.000 tax=0.000 taxb=0.300 build=0.000 cost=0.000 div=0.000 prox=0.000 prov=0.000 preq=0.000 pres=0.000 sale=0.000 mtax=0.000 chain=0.000 daily=0.000 nov=0.000 mile=0.000 surv=0.073 idle=0.000 gover=0.000 | nw=1.53177e+06 pop=28 bases=4 money=230 credit=0 day=81 | food=0 water=0 coal=0 home=50 free=28 roads=0
  ACTION: 2 (BUILD:Farm price=19814 need_earth=10) | money=230 pop=28 free=28
  BUILD FAILED: Farm (no cell or error)
STEP 70 | BUILD:Farm | total=-0.262 err=-1.000 tax=0.000 taxb=0.300 build=0.365 cost=0.000 div=0.000 prox=0.000 prov=0.000 preq=0.000 pres=0.000 sale=0.000 mtax=0.000 chain=0.000 daily=0.000 nov=0.000 mile=0.000 surv=0.073 idle=0.000 gover=0.000 | nw=1.53176e+06 pop=28 bases=4 money=230 credit=0 day=82 | food=0 water=0 coal=0 home=50 free=28 roads=0
  ACTION: 3 (BUILD:Garden price=7640 need_earth=10) | money=230 pop=28 free=28
  BUILD FAILED: Garden (no cell or error)
STEP 71 | BUILD:Garden | total=-9.964 err=-1.000 tax=0.000 taxb=0.300 build=0.673 cost=0.000 div=0.000 prox=0.000 prov=0.000 preq=0.000 pres=0.000 sale=0.000 mtax=0.000 chain=0.000 daily=0.000 nov=0.000 mile=0.000 surv=0.063 idle=-10.000 gover=0.000 | nw=1.53176e+06 pop=28 bases=4 money=230 credit=0 day=83 | food=0 water=0 coal=0 home=50 free=28 roads=0
  ACTION: 26 (BUILD:BigSawmill price=620900 need_earth=3) | money=230 pop=28 free=28
  BUILD FAILED: BigSawmill (no cell or error)
STEP 72 | BUILD:BigSawmill | total=-0.627 err=-1.000 tax=0.000 taxb=0.300 build=0.000 cost=0.000 div=0.000 prox=0.000 prov=0.000 preq=0.000 pres=0.000 sale=0.000 mtax=0.000 chain=0.000 daily=0.000 nov=0.000 mile=0.000 surv=0.073 idle=0.000 gover=0.000 | nw=1.53175e+06 pop=28 bases=4 money=230 credit=0 day=84 | food=0 water=0 coal=0 home=50 free=28 roads=0
  ACTION: 16 (BUILD:CoalCut price=48300 need_earth=4) | money=230 pop=28 free=28
  BUILD FAILED: CoalCut (no cell or error)
STEP 73 | BUILD:CoalCut | total=-0.627 err=-1.000 tax=0.000 taxb=0.300 build=0.000 cost=0.000 div=0.000 prox=0.000 prov=0.000 preq=0.000 pres=0.000 sale=0.000 mtax=0.000 chain=0.000 daily=0.000 nov=0.000 mile=0.000 surv=0.073 idle=0.000 gover=0.000 | nw=1.53175e+06 pop=28 bases=4 money=230 credit=0 day=85 | food=0 water=0 coal=0 home=50 free=28 roads=0
  ACTION: 30 (BUILD:BigIronmine price=2715002 need_earth=5) | money=230 pop=28 free=28
  BUILD FAILED: BigIronmine (no cell or error)
STEP 74 | BUILD:BigIronmine | total=-10.617 err=-1.000 tax=0.000 taxb=0.300 build=0.000 cost=0.000 div=0.000 prox=0.000 prov=0.000 preq=0.000 pres=0.000 sale=0.000 mtax=0.000 chain=0.000 daily=0.000 nov=0.000 mile=0.000 surv=0.083 idle=-10.000 gover=0.000 | nw=1.53174e+06 pop=28 bases=4 money=230 credit=0 day=86 | food=0 water=0 coal=0 home=50 free=28 roads=0
  ACTION: 6 (BUILD:Coalmine price=25471 need_earth=4) | money=230 pop=28 free=28
  BUILD FAILED: Coalmine (no cell or error)
STEP 75 | BUILD:Coalmine | total=-0.627 err=-1.000 tax=0.000 taxb=0.300 build=0.000 cost=0.000 div=0.000 prox=0.000 prov=0.000 preq=0.000 pres=0.000 sale=0.000 mtax=0.000 chain=0.000 daily=0.000 nov=0.000 mile=0.000 surv=0.073 idle=0.000 gover=0.000 | nw=1.53174e+06 pop=28 bases=4 money=230 credit=0 day=87 | food=0 water=0 coal=0 home=50 free=28 roads=0
  ACTION: 26 (BUILD:BigSawmill price=620900 need_earth=3) | money=230 pop=28 free=28
  BUILD FAILED: BigSawmill (no cell or error)
STEP 76 | BUILD:BigSawmill | total=-0.631 err=-1.000 tax=0.000 taxb=0.300 build=0.000 cost=0.000 div=0.000 prox=0.000 prov=0.000 preq=0.000 pres=0.000 sale=0.000 mtax=0.000 chain=0.000 daily=0.000 nov=0.000 mile=0.000 surv=0.069 idle=0.000 gover=0.000 | nw=1.53173e+06 pop=28 bases=4 money=230 credit=0 day=88 | food=0 water=0 coal=0 home=50 free=28 roads=0
  ACTION: 24 (BUILD:Hothouse price=16590 need_earth=10) | money=230 pop=28 free=28
  BUILD FAILED: Hothouse (no cell or error)
STEP 77 | BUILD:Hothouse | total=-10.627 err=-1.000 tax=0.000 taxb=0.300 build=0.000 cost=0.000 div=0.000 prox=0.000 prov=0.000 preq=0.000 pres=0.000 sale=0.000 mtax=0.000 chain=0.000 daily=0.000 nov=0.000 mile=0.000 surv=0.073 idle=-10.000 gover=0.000 | nw=1.53173e+06 pop=28 bases=4 money=230 credit=0 day=89 | food=0 water=0 coal=0 home=50 free=28 roads=0
  ACTION: 24 (BUILD:Hothouse price=16590 need_earth=10) | money=230 pop=28 free=28
  BUILD FAILED: Hothouse (no cell or error)
STEP 78 | BUILD:Hothouse | total=-0.627 err=-1.000 tax=0.000 taxb=0.300 build=0.000 cost=0.000 div=0.000 prox=0.000 prov=0.000 preq=0.000 pres=0.000 sale=0.000 mtax=0.000 chain=0.000 daily=0.000 nov=0.000 mile=0.000 surv=0.073 idle=0.000 gover=0.000 | nw=1.53172e+06 pop=28 bases=4 money=230 credit=0 day=90 | food=0 water=0 coal=0 home=50 free=28 roads=0
  ACTION: 14 (BUILD:SmallHouse price=5900 need_earth=10) | money=230 pop=28 free=28
  BUILD FAILED: SmallHouse (no cell or error)
STEP 79 | BUILD:SmallHouse | total=-0.627 err=-1.000 tax=0.000 taxb=0.300 build=0.000 cost=0.000 div=0.000 prox=0.000 prov=0.000 preq=0.000 pres=0.000 sale=0.000 mtax=0.000 chain=0.000 daily=0.000 nov=0.000 mile=0.000 surv=0.073 idle=0.000 gover=0.000 | nw=1.53172e+06 pop=28 bases=4 money=230 credit=0 day=91 | food=0 water=0 coal=0 home=50 free=28 roads=0
  ACTION: 39 | money=230 pop=28 free=28
STEP 80 | MGR:unpreserve | total=-10.631 err=-1.000 tax=0.000 taxb=0.300 build=0.000 cost=0.000 div=0.000 prox=0.000 prov=0.000 preq=0.000 pres=0.000 sale=0.000 mtax=0.000 chain=0.000 daily=0.000 nov=0.000 mile=0.000 surv=0.069 idle=-10.000 gover=0.000 | nw=1.53171e+06 pop=28 bases=4 money=230 credit=0 day=92 | food=0 water=0 coal=0 home=70 free=28 roads=0
  ACTION: 26 (BUILD:BigSawmill price=620900 need_earth=3) | money=230 pop=28 free=28
  BUILD FAILED: BigSawmill (no cell or error)
STEP 81 | BUILD:BigSawmill | total=-0.627 err=-1.000 tax=0.000 taxb=0.300 build=0.000 cost=0.000 div=0.000 prox=0.000 prov=0.000 preq=0.000 pres=0.000 sale=0.000 mtax=0.000 chain=0.000 daily=0.000 nov=0.000 mile=0.000 surv=0.073 idle=0.000 gover=0.000 | nw=1.5317e+06 pop=28 bases=4 money=230 credit=0 day=93 | food=0 water=0 coal=0 home=70 free=28 roads=0
  ACTION: 5 (BUILD:Sawmill price=17570 need_earth=3) | money=230 pop=28 free=28
  BUILD FAILED: Sawmill (no cell or error)
STEP 82 | BUILD:Sawmill | total=-0.627 err=-1.000 tax=0.000 taxb=0.300 build=0.000 cost=0.000 div=0.000 prox=0.000 prov=0.000 preq=0.000 pres=0.000 sale=0.000 mtax=0.000 chain=0.000 daily=0.000 nov=0.000 mile=0.000 surv=0.073 idle=0.000 gover=0.000 | nw=1.5317e+06 pop=28 bases=4 money=230 credit=0 day=94 | food=0 water=0 coal=0 home=70 free=28 roads=0
  ACTION: 39 | money=230 pop=28 free=28
STEP 83 | MGR:unpreserve | total=-10.627 err=-1.000 tax=0.000 taxb=0.300 build=0.000 cost=0.000 div=0.000 prox=0.000 prov=0.000 preq=0.000 pres=0.000 sale=0.000 mtax=0.000 chain=0.000 daily=0.000 nov=0.000 mile=0.000 surv=0.073 idle=-10.000 gover=0.000 | nw=1.53169e+06 pop=28 bases=4 money=230 credit=0 day=95 | food=0 water=0 coal=0 home=70 free=28 roads=0
  ACTION: 41 | money=230 pop=28 free=28
STEP 84 | MGR:buy_food | total=-0.627 err=-1.000 tax=0.000 taxb=0.300 build=0.000 cost=0.000 div=0.000 prox=0.000 prov=0.000 preq=0.000 pres=0.000 sale=0.000 mtax=0.000 chain=0.000 daily=0.000 nov=0.000 mile=0.000 surv=0.073 idle=0.000 gover=0.000 | nw=1.53169e+06 pop=28 bases=4 money=230 credit=0 day=96 | food=0 water=0 coal=0 home=70 free=28 roads=0
  ACTION: 36 | money=230 pop=28 free=28
STEP 85 | MGR:restore_all | total=0.616 err=0.000 tax=0.000 taxb=0.300 build=0.000 cost=0.000 div=0.000 prox=0.000 prov=0.000 preq=0.000 pres=0.000 sale=0.000 mtax=0.000 chain=0.000 daily=0.000 nov=0.000 mile=0.000 surv=0.316 idle=0.000 gover=0.000 | nw=1.53173e+06 pop=28 bases=4 money=178 credit=0 day=97 | food=0 water=0 coal=0 home=70 free=28 roads=0
  ACTION: 24 (BUILD:Hothouse price=16590 need_earth=10) | money=178 pop=28 free=28
  BUILD FAILED: Hothouse (no cell or error)
STEP 86 | BUILD:Hothouse | total=-10.627 err=-1.000 tax=0.000 taxb=0.300 build=0.000 cost=0.000 div=0.000 prox=0.000 prov=0.000 preq=0.000 pres=0.000 sale=0.000 mtax=0.000 chain=0.000 daily=0.000 nov=0.000 mile=0.000 surv=0.073 idle=-10.000 gover=0.000 | nw=1.53173e+06 pop=28 bases=4 money=178 credit=0 day=98 | food=0 water=0 coal=0 home=70 free=28 roads=0
  ACTION: 16 (BUILD:CoalCut price=48300 need_earth=4) | money=178 pop=28 free=28
  BUILD FAILED: CoalCut (no cell or error)
STEP 87 | BUILD:CoalCut | total=-0.617 err=-1.000 tax=0.000 taxb=0.300 build=0.000 cost=0.000 div=0.000 prox=0.000 prov=0.000 preq=0.000 pres=0.000 sale=0.000 mtax=0.000 chain=0.000 daily=0.000 nov=0.000 mile=0.000 surv=0.083 idle=0.000 gover=0.000 | nw=1.53172e+06 pop=28 bases=4 money=178 credit=0 day=99 | food=0 water=0 coal=0 home=70 free=28 roads=0
  ACTION: 11 (BUILD:HydroStation price=92214 need_earth=2) | money=178 pop=28 free=28
  BUILD FAILED: HydroStation (no cell or error)
STEP 88 | BUILD:HydroStation | total=1.373 err=-1.000 tax=0.000 taxb=0.300 build=0.000 cost=0.000 div=0.000 prox=0.000 prov=0.000 preq=0.000 pres=0.000 sale=0.000 mtax=0.000 chain=0.000 daily=0.000 nov=0.000 mile=2.000 surv=0.073 idle=0.000 gover=0.000 | nw=1.53172e+06 pop=28 bases=4 money=178 credit=0 day=100 | food=0 water=0 coal=0 home=70 free=28 roads=0
  ACTION: 21 (BUILD:BigFarm price=380385 need_earth=1) | money=178 pop=28 free=28
  BUILD FAILED: BigFarm (no cell or error)
STEP 89 | BUILD:BigFarm | total=-9.954 err=-1.000 tax=0.000 taxb=0.300 build=0.673 cost=0.000 div=0.000 prox=0.000 prov=0.000 preq=0.000 pres=0.000 sale=0.000 mtax=0.000 chain=0.000 daily=0.000 nov=0.000 mile=0.000 surv=0.073 idle=-10.000 gover=0.000 | nw=1.53171e+06 pop=28 bases=4 money=178 credit=0 day=101 | food=0 water=0 coal=0 home=70 free=28 roads=0
  ACTION: 16 (BUILD:CoalCut price=48300 need_earth=4) | money=178 pop=28 free=28
  BUILD FAILED: CoalCut (no cell or error)
STEP 90 | BUILD:CoalCut | total=-0.627 err=-1.000 tax=0.000 taxb=0.300 build=0.000 cost=0.000 div=0.000 prox=0.000 prov=0.000 preq=0.000 pres=0.000 sale=0.000 mtax=0.000 chain=0.000 daily=0.000 nov=0.000 mile=0.000 surv=0.073 idle=0.000 gover=0.000 | nw=1.53171e+06 pop=28 bases=4 money=178 credit=0 day=102 | food=0 water=0 coal=0 home=70 free=28 roads=0
  ACTION: 40 | money=178 pop=28 free=28
STEP 91 | MGR:sell | total=-0.627 err=-1.000 tax=0.000 taxb=0.300 build=0.000 cost=0.000 div=0.000 prox=0.000 prov=0.000 preq=0.000 pres=0.000 sale=0.000 mtax=0.000 chain=0.000 daily=0.000 nov=0.000 mile=0.000 surv=0.073 idle=0.000 gover=0.000 | nw=1.5317e+06 pop=28 bases=4 money=178 credit=0 day=103 | food=0 water=0 coal=0 home=70 free=28 roads=0
  ACTION: 40 | money=178 pop=28 free=28
STEP 92 | MGR:sell | total=-10.627 err=-1.000 tax=0.000 taxb=0.300 build=0.000 cost=0.000 div=0.000 prox=0.000 prov=0.000 preq=0.000 pres=0.000 sale=0.000 mtax=0.000 chain=0.000 daily=0.000 nov=0.000 mile=0.000 surv=0.073 idle=-10.000 gover=0.000 | nw=1.53169e+06 pop=28 bases=4 money=178 credit=0 day=104 | food=0 water=0 coal=0 home=70 free=28 roads=0
  ACTION: 9 (BUILD:Goldmine price=77000 need_earth=7) | money=178 pop=28 free=28
  BUILD FAILED: Goldmine (no cell or error)
STEP 93 | BUILD:Goldmine | total=-0.627 err=-1.000 tax=0.000 taxb=0.300 build=0.000 cost=0.000 div=0.000 prox=0.000 prov=0.000 preq=0.000 pres=0.000 sale=0.000 mtax=0.000 chain=0.000 daily=0.000 nov=0.000 mile=0.000 surv=0.073 idle=0.000 gover=0.000 | nw=1.53169e+06 pop=28 bases=4 money=178 credit=0 day=105 | food=0 water=0 coal=0 home=70 free=28 roads=0
  ACTION: 28 (BUILD:BigRefinary price=3999149 need_earth=6) | money=178 pop=28 free=28
  BUILD FAILED: BigRefinary (no cell or error)
STEP 94 | BUILD:BigRefinary | total=-0.627 err=-1.000 tax=0.000 taxb=0.300 build=0.000 cost=0.000 div=0.000 prox=0.000 prov=0.000 preq=0.000 pres=0.000 sale=0.000 mtax=0.000 chain=0.000 daily=0.000 nov=0.000 mile=0.000 surv=0.073 idle=0.000 gover=0.000 | nw=1.53168e+06 pop=28 bases=4 money=178 credit=0 day=106 | food=0 water=0 coal=0 home=70 free=28 roads=0
  ACTION: 19 (BUILD:Mushroom price=12164 need_earth=3) | money=178 pop=28 free=28
  BUILD FAILED: Mushroom (no cell or error)
STEP 95 | BUILD:Mushroom | total=-10.627 err=-1.000 tax=0.000 taxb=0.300 build=0.000 cost=0.000 div=0.000 prox=0.000 prov=0.000 preq=0.000 pres=0.000 sale=0.000 mtax=0.000 chain=0.000 daily=0.000 nov=0.000 mile=0.000 surv=0.073 idle=-10.000 gover=0.000 | nw=1.53168e+06 pop=28 bases=4 money=178 credit=0 day=107 | food=0 water=0 coal=0 home=70 free=28 roads=0
  ACTION: 11 (BUILD:HydroStation price=92214 need_earth=2) | money=178 pop=28 free=28
  BUILD FAILED: HydroStation (no cell or error)
STEP 96 | BUILD:HydroStation | total=-0.627 err=-1.000 tax=0.000 taxb=0.300 build=0.000 cost=0.000 div=0.000 prox=0.000 prov=0.000 preq=0.000 pres=0.000 sale=0.000 mtax=0.000 chain=0.000 daily=0.000 nov=0.000 mile=0.000 surv=0.073 idle=0.000 gover=0.000 | nw=1.53167e+06 pop=28 bases=4 money=178 credit=0 day=108 | food=0 water=0 coal=0 home=70 free=28 roads=0
  ACTION: 5 (BUILD:Sawmill price=17570 need_earth=3) | money=178 pop=28 free=28
  BUILD FAILED: Sawmill (no cell or error)
STEP 97 | BUILD:Sawmill | total=14.355 err=-1.000 tax=0.000 taxb=0.300 build=0.000 cost=0.000 div=0.000 prox=0.000 prov=0.000 preq=0.000 pres=0.000 sale=0.000 mtax=0.000 chain=0.000 daily=0.000 nov=15.000 mile=0.000 surv=0.055 idle=0.000 gover=0.000 | nw=1.53166e+06 pop=28 bases=4 money=178 credit=0 day=109 | food=0 water=0 coal=0 home=70 free=28 roads=0
  ACTION: 20 (BUILD:BigHouse price=66400 need_earth=1) | money=178 pop=28 free=28
  BUILD FAILED: BigHouse (no cell or error)
STEP 98 | BUILD:BigHouse | total=-10.645 err=-1.000 tax=0.000 taxb=0.300 build=0.000 cost=0.000 div=0.000 prox=0.000 prov=0.000 preq=0.000 pres=0.000 sale=0.000 mtax=0.000 chain=0.000 daily=0.000 nov=0.000 mile=0.000 surv=0.055 idle=-10.000 gover=0.000 | nw=1.53166e+06 pop=28 bases=4 money=178 credit=0 day=110 | food=0 water=0 coal=0 home=70 free=28 roads=0
  ACTION: 16 (BUILD:CoalCut price=48300 need_earth=4) | money=178 pop=28 free=28
  BUILD FAILED: CoalCut (no cell or error)
STEP 99 | BUILD:CoalCut | total=-0.645 err=-1.000 tax=0.000 taxb=0.300 build=0.000 cost=0.000 div=0.000 prox=0.000 prov=0.000 preq=0.000 pres=0.000 sale=0.000 mtax=0.000 chain=0.000 daily=0.000 nov=0.000 mile=0.000 surv=0.055 idle=0.000 gover=0.000 | nw=1.53165e+06 pop=28 bases=4 money=178 credit=0 day=111 | food=0 water=0 coal=0 home=70 free=28 roads=0
  ACTION: 7 (BUILD:Ironmine price=32008 need_earth=5) | money=178 pop=28 free=28
  BUILD FAILED: Ironmine (no cell or error)
STEP 100 | BUILD:Ironmine | total=-0.645 err=-1.000 tax=0.000 taxb=0.300 build=0.000 cost=0.000 div=0.000 prox=0.000 prov=0.000 preq=0.000 pres=0.000 sale=0.000 mtax=0.000 chain=0.000 daily=0.000 nov=0.000 mile=0.000 surv=0.055 idle=0.000 gover=0.000 | nw=1.53164e+06 pop=28 bases=4 money=178 credit=0 day=112 | food=0 water=0 coal=0 home=70 free=28 roads=0
  BUILDINGS: City(0d) Apiary(0d) SmallHouse(0d) BigHouse(0d) 
  ACTION: 15 (BUILD:Fish price=30202 need_earth=2) | money=178 pop=28 free=28
  BUILD FAILED: Fish (no cell or error)
STEP 101 | BUILD:Fish | total=-10.645 err=-1.000 tax=0.000 taxb=0.300 build=0.000 cost=0.000 div=0.000 prox=0.000 prov=0.000 preq=0.000 pres=0.000 sale=0.000 mtax=0.000 chain=0.000 daily=0.000 nov=0.000 mile=0.000 surv=0.055 idle=-10.000 gover=0.000 | nw=1.53163e+06 pop=28 bases=4 money=178 credit=0 day=113 | food=0 water=0 coal=0 home=70 free=28 roads=0
  ACTION: 10 (BUILD:PowerStation price=92433 need_earth=10) | money=178 pop=28 free=28
  BUILD FAILED: PowerStation (no cell or error)
STEP 102 | BUILD:PowerStation | total=-0.645 err=-1.000 tax=0.000 taxb=0.300 build=0.000 cost=0.000 div=0.000 prox=0.000 prov=0.000 preq=0.000 pres=0.000 sale=0.000 mtax=0.000 chain=0.000 daily=0.000 nov=0.000 mile=0.000 surv=0.055 idle=0.000 gover=0.000 | nw=1.53162e+06 pop=28 bases=4 money=178 credit=0 day=114 | food=0 water=0 coal=0 home=70 free=28 roads=0
  ACTION: 18 (BUILD:CowFarm price=32002 need_earth=10) | money=178 pop=28 free=28
  BUILD FAILED: CowFarm (no cell or error)
STEP 103 | BUILD:CowFarm | total=-0.645 err=-1.000 tax=0.000 taxb=0.300 build=0.000 cost=0.000 div=0.000 prox=0.000 prov=0.000 preq=0.000 pres=0.000 sale=0.000 mtax=0.000 chain=0.000 daily=0.000 nov=0.000 mile=0.000 surv=0.055 idle=0.000 gover=0.000 | nw=1.53161e+06 pop=28 bases=4 money=178 credit=0 day=115 | food=0 water=0 coal=0 home=70 free=28 roads=0
  ACTION: 26 (BUILD:BigSawmill price=620900 need_earth=3) | money=178 pop=28 free=28
  BUILD FAILED: BigSawmill (no cell or error)
STEP 104 | BUILD:BigSawmill | total=-10.636 err=-1.000 tax=0.000 taxb=0.300 build=0.000 cost=0.000 div=0.000 prox=0.000 prov=0.000 preq=0.000 pres=0.000 sale=0.000 mtax=0.000 chain=0.000 daily=0.000 nov=0.000 mile=0.000 surv=0.064 idle=-10.000 gover=0.000 | nw=1.5316e+06 pop=28 bases=4 money=178 credit=0 day=116 | food=0 water=0 coal=0 home=70 free=28 roads=0
  ACTION: 36 | money=178 pop=28 free=28
STEP 105 | MGR:restore_all | total=0.597 err=0.000 tax=0.000 taxb=0.300 build=0.000 cost=0.000 div=0.000 prox=0.000 prov=0.000 preq=0.000 pres=0.000 sale=0.000 mtax=0.000 chain=0.000 daily=0.000 nov=0.000 mile=0.000 surv=0.297 idle=0.000 gover=0.000 | nw=1.53164e+06 pop=28 bases=4 money=124 credit=0 day=117 | food=0 water=0 coal=0 home=70 free=28 roads=0
  ACTION: 2 (BUILD:Farm price=19814 need_earth=10) | money=124 pop=28 free=28
  BUILD FAILED: Farm (no cell or error)
STEP 106 | BUILD:Farm | total=-0.280 err=-1.000 tax=0.000 taxb=0.300 build=0.365 cost=0.000 div=0.000 prox=0.000 prov=0.000 preq=0.000 pres=0.000 sale=0.000 mtax=0.000 chain=0.000 daily=0.000 nov=0.000 mile=0.000 surv=0.055 idle=0.000 gover=0.000 | nw=1.53163e+06 pop=28 bases=4 money=124 credit=0 day=118 | food=0 water=0 coal=0 home=70 free=28 roads=0
  ACTION: 27 (BUILD:WaterMill price=2900197 need_earth=2) | money=124 pop=28 free=28
  BUILD FAILED: WaterMill (no cell or error)
STEP 107 | BUILD:WaterMill | total=-10.645 err=-1.000 tax=0.000 taxb=0.300 build=0.000 cost=0.000 div=0.000 prox=0.000 prov=0.000 preq=0.000 pres=0.000 sale=0.000 mtax=0.000 chain=0.000 daily=0.000 nov=0.000 mile=0.000 surv=0.055 idle=-10.000 gover=0.000 | nw=1.53162e+06 pop=28 bases=4 money=124 credit=0 day=119 | food=0 water=0 coal=0 home=70 free=28 roads=0
  ACTION: 29 (BUILD:Puerperal price=37105 need_earth=10) | money=124 pop=28 free=28
  BUILD FAILED: Puerperal (no cell or error)
STEP 108 | BUILD:Puerperal | total=-0.636 err=-1.000 tax=0.000 taxb=0.300 build=0.000 cost=0.000 div=0.000 prox=0.000 prov=0.000 preq=0.000 pres=0.000 sale=0.000 mtax=0.000 chain=0.000 daily=0.000 nov=0.000 mile=0.000 surv=0.064 idle=0.000 gover=0.000 | nw=1.53162e+06 pop=28 bases=4 money=124 credit=0 day=120 | food=0 water=0 coal=0 home=70 free=28 roads=0
  ACTION: 25 (BUILD:SuperHouse price=971000 need_earth=1) | money=124 pop=28 free=28
  BUILD FAILED: SuperHouse (no cell or error)
STEP 109 | BUILD:SuperHouse | total=-0.645 err=-1.000 tax=0.000 taxb=0.300 build=0.000 cost=0.000 div=0.000 prox=0.000 prov=0.000 preq=0.000 pres=0.000 sale=0.000 mtax=0.000 chain=0.000 daily=0.000 nov=0.000 mile=0.000 surv=0.055 idle=0.000 gover=0.000 | nw=1.53161e+06 pop=28 bases=4 money=124 credit=0 day=121 | food=0 water=0 coal=0 home=70 free=28 roads=0
  ACTION: 36 | money=124 pop=28 free=28
STEP 110 | MGR:restore_all | total=-9.562 err=0.000 tax=0.000 taxb=0.300 build=0.000 cost=0.000 div=0.000 prox=0.000 prov=0.000 preq=0.000 pres=0.000 sale=0.000 mtax=0.000 chain=0.000 daily=0.000 nov=0.000 mile=0.000 surv=0.138 idle=-10.000 gover=0.000 | nw=1.53162e+06 pop=28 bases=4 money=105 credit=0 day=122 | food=0 water=0 coal=0 home=70 free=28 roads=0
  ACTION: 15 (BUILD:Fish price=30202 need_earth=2) | money=105 pop=28 free=28
  BUILD FAILED: Fish (no cell or error)
STEP 111 | BUILD:Fish | total=-0.645 err=-1.000 tax=0.000 taxb=0.300 build=0.000 cost=0.000 div=0.000 prox=0.000 prov=0.000 preq=0.000 pres=0.000 sale=0.000 mtax=0.000 chain=0.000 daily=0.000 nov=0.000 mile=0.000 surv=0.055 idle=0.000 gover=0.000 | nw=1.53161e+06 pop=28 bases=4 money=105 credit=0 day=123 | food=0 water=0 coal=0 home=70 free=28 roads=0
  ACTION: 34 | money=105 pop=28 free=28
STEP 112 | MGR:improve | total=-0.641 err=-1.000 tax=0.000 taxb=0.300 build=0.000 cost=0.000 div=0.000 prox=0.000 prov=0.000 preq=0.000 pres=0.000 sale=0.000 mtax=0.000 chain=0.000 daily=0.000 nov=0.000 mile=0.000 surv=0.059 idle=0.000 gover=0.000 | nw=1.5316e+06 pop=28 bases=4 money=105 credit=0 day=124 | food=0 water=0 coal=0 home=70 free=28 roads=0
  ACTION: 16 (BUILD:CoalCut price=48300 need_earth=4) | money=105 pop=28 free=28
  BUILD FAILED: CoalCut (no cell or error)
STEP 113 | BUILD:CoalCut | total=-10.645 err=-1.000 tax=0.000 taxb=0.300 build=0.000 cost=0.000 div=0.000 prox=0.000 prov=0.000 preq=0.000 pres=0.000 sale=0.000 mtax=0.000 chain=0.000 daily=0.000 nov=0.000 mile=0.000 surv=0.055 idle=-10.000 gover=0.000 | nw=1.53159e+06 pop=28 bases=4 money=105 credit=0 day=125 | food=0 water=0 coal=0 home=70 free=28 roads=0
  ACTION: 14 (BUILD:SmallHouse price=5900 need_earth=10) | money=105 pop=28 free=28
  BUILD FAILED: SmallHouse (no cell or error)
STEP 114 | BUILD:SmallHouse | total=-0.645 err=-1.000 tax=0.000 taxb=0.300 build=0.000 cost=0.000 div=0.000 prox=0.000 prov=0.000 preq=0.000 pres=0.000 sale=0.000 mtax=0.000 chain=0.000 daily=0.000 nov=0.000 mile=0.000 surv=0.055 idle=0.000 gover=0.000 | nw=1.53158e+06 pop=28 bases=4 money=105 credit=0 day=126 | food=0 water=0 coal=0 home=70 free=28 roads=0
  ACTION: 3 (BUILD:Garden price=7640 need_earth=10) | money=105 pop=28 free=28
  BUILD FAILED: Garden (no cell or error)
STEP 115 | BUILD:Garden | total=-0.280 err=-1.000 tax=0.000 taxb=0.300 build=0.365 cost=0.000 div=0.000 prox=0.000 prov=0.000 preq=0.000 pres=0.000 sale=0.000 mtax=0.000 chain=0.000 daily=0.000 nov=0.000 mile=0.000 surv=0.055 idle=0.000 gover=0.000 | nw=1.53157e+06 pop=28 bases=4 money=105 credit=0 day=127 | food=0 water=0 coal=0 home=70 free=28 roads=0
  ACTION: 25 (BUILD:SuperHouse price=971000 need_earth=1) | money=105 pop=28 free=28
  BUILD FAILED: SuperHouse (no cell or error)
STEP 116 | BUILD:SuperHouse | total=-10.636 err=-1.000 tax=0.000 taxb=0.300 build=0.000 cost=0.000 div=0.000 prox=0.000 prov=0.000 preq=0.000 pres=0.000 sale=0.000 mtax=0.000 chain=0.000 daily=0.000 nov=0.000 mile=0.000 surv=0.064 idle=-10.000 gover=0.000 | nw=1.53156e+06 pop=28 bases=4 money=105 credit=0 day=128 | food=0 water=0 coal=0 home=70 free=28 roads=0
  ACTION: 34 | money=105 pop=28 free=28
STEP 117 | MGR:improve | total=-0.645 err=-1.000 tax=0.000 taxb=0.300 build=0.000 cost=0.000 div=0.000 prox=0.000 prov=0.000 preq=0.000 pres=0.000 sale=0.000 mtax=0.000 chain=0.000 daily=0.000 nov=0.000 mile=0.000 surv=0.055 idle=0.000 gover=0.000 | nw=1.53156e+06 pop=28 bases=4 money=105 credit=0 day=129 | food=0 water=0 coal=0 home=70 free=28 roads=0
  ACTION: 15 (BUILD:Fish price=30202 need_earth=2) | money=105 pop=28 free=28
  BUILD FAILED: Fish (no cell or error)
STEP 118 | BUILD:Fish | total=-0.645 err=-1.000 tax=0.000 taxb=0.300 build=0.000 cost=0.000 div=0.000 prox=0.000 prov=0.000 preq=0.000 pres=0.000 sale=0.000 mtax=0.000 chain=0.000 daily=0.000 nov=0.000 mile=0.000 surv=0.055 idle=0.000 gover=0.000 | nw=1.53155e+06 pop=28 bases=4 money=105 credit=0 day=130 | food=0 water=0 coal=0 home=70 free=28 roads=0
  ACTION: 22 (BUILD:Apiary price=9385 need_earth=10) | money=105 pop=28 free=28
  BUILD FAILED: Apiary (no cell or error)
STEP 119 | BUILD:Apiary | total=-10.626 err=-1.000 tax=0.000 taxb=0.300 build=0.000 cost=0.000 div=0.000 prox=0.000 prov=0.000 preq=0.000 pres=0.000 sale=0.000 mtax=0.000 chain=0.000 daily=0.000 nov=0.000 mile=0.000 surv=0.074 idle=-10.000 gover=0.000 | nw=1.53154e+06 pop=28 bases=4 money=105 credit=0 day=131 | food=0 water=0 coal=0 home=70 free=28 roads=0
  ACTION: 6 (BUILD:Coalmine price=25471 need_earth=4) | money=105 pop=28 free=28
  BUILD FAILED: Coalmine (no cell or error)
STEP 120 | BUILD:Coalmine | total=-0.645 err=-1.000 tax=0.000 taxb=0.300 build=0.000 cost=0.000 div=0.000 prox=0.000 prov=0.000 preq=0.000 pres=0.000 sale=0.000 mtax=0.000 chain=0.000 daily=0.000 nov=0.000 mile=0.000 surv=0.055 idle=0.000 gover=0.000 | nw=1.53153e+06 pop=28 bases=4 money=105 credit=0 day=132 | food=0 water=0 coal=0 home=70 free=28 roads=0
  ACTION: 41 | money=105 pop=28 free=28
STEP 121 | MGR:buy_food | total=-0.645 err=-1.000 tax=0.000 taxb=0.300 build=0.000 cost=0.000 div=0.000 prox=0.000 prov=0.000 preq=0.000 pres=0.000 sale=0.000 mtax=0.000 chain=0.000 daily=0.000 nov=0.000 mile=0.000 surv=0.055 idle=0.000 gover=0.000 | nw=1.53152e+06 pop=28 bases=4 money=105 credit=0 day=133 | food=0 water=0 coal=0 home=70 free=28 roads=0
  ACTION: 8 (BUILD:Refinery price=82684 need_earth=6) | money=105 pop=28 free=28
  BUILD FAILED: Refinery (no cell or error)
STEP 122 | BUILD:Refinery | total=-10.641 err=-1.000 tax=0.000 taxb=0.300 build=0.000 cost=0.000 div=0.000 prox=0.000 prov=0.000 preq=0.000 pres=0.000 sale=0.000 mtax=0.000 chain=0.000 daily=0.000 nov=0.000 mile=0.000 surv=0.059 idle=-10.000 gover=0.000 | nw=1.53152e+06 pop=28 bases=4 money=105 credit=0 day=134 | food=0 water=0 coal=0 home=70 free=28 roads=0
  ACTION: 14 (BUILD:SmallHouse price=5900 need_earth=10) | money=105 pop=28 free=28
  BUILD FAILED: SmallHouse (no cell or error)
STEP 123 | BUILD:SmallHouse | total=-0.645 err=-1.000 tax=0.000 taxb=0.300 build=0.000 cost=0.000 div=0.000 prox=0.000 prov=0.000 preq=0.000 pres=0.000 sale=0.000 mtax=0.000 chain=0.000 daily=0.000 nov=0.000 mile=0.000 surv=0.055 idle=0.000 gover=0.000 | nw=1.53151e+06 pop=28 bases=4 money=105 credit=0 day=135 | food=0 water=0 coal=0 home=70 free=28 roads=0
  ACTION: 41 | money=105 pop=28 free=28
STEP 124 | MGR:buy_food | total=-0.645 err=-1.000 tax=0.000 taxb=0.300 build=0.000 cost=0.000 div=0.000 prox=0.000 prov=0.000 preq=0.000 pres=0.000 sale=0.000 mtax=0.000 chain=0.000 daily=0.000 nov=0.000 mile=0.000 surv=0.055 idle=0.000 gover=0.000 | nw=1.5315e+06 pop=28 bases=4 money=105 credit=0 day=136 | food=0 water=0 coal=0 home=70 free=28 roads=0
  ACTION: 34 | money=105 pop=28 free=28
STEP 125 | MGR:improve | total=-10.645 err=-1.000 tax=0.000 taxb=0.300 build=0.000 cost=0.000 div=0.000 prox=0.000 prov=0.000 preq=0.000 pres=0.000 sale=0.000 mtax=0.000 chain=0.000 daily=0.000 nov=0.000 mile=0.000 surv=0.055 idle=-10.000 gover=0.000 | nw=1.53149e+06 pop=28 bases=4 money=105 credit=0 day=137 | food=0 water=0 coal=0 home=70 free=28 roads=0
  ACTION: 39 | money=105 pop=28 free=28
STEP 126 | MGR:unpreserve | total=-0.645 err=-1.000 tax=0.000 taxb=0.300 build=0.000 cost=0.000 div=0.000 prox=0.000 prov=0.000 preq=0.000 pres=0.000 sale=0.000 mtax=0.000 chain=0.000 daily=0.000 nov=0.000 mile=0.000 surv=0.055 idle=0.000 gover=0.000 | nw=1.53148e+06 pop=28 bases=4 money=105 credit=0 day=138 | food=0 water=0 coal=0 home=70 free=28 roads=0
  ACTION: 25 (BUILD:SuperHouse price=971000 need_earth=1) | money=105 pop=28 free=28
  BUILD FAILED: SuperHouse (no cell or error)
STEP 127 | BUILD:SuperHouse | total=-0.645 err=-1.000 tax=0.000 taxb=0.300 build=0.000 cost=0.000 div=0.000 prox=0.000 prov=0.000 preq=0.000 pres=0.000 sale=0.000 mtax=0.000 chain=0.000 daily=0.000 nov=0.000 mile=0.000 surv=0.055 idle=0.000 gover=0.000 | nw=1.53147e+06 pop=28 bases=4 money=105 credit=0 day=139 | food=0 water=0 coal=0 home=70 free=28 roads=0
  ACTION: 8 (BUILD:Refinery price=82684 need_earth=6) | money=105 pop=28 free=28
  BUILD FAILED: Refinery (no cell or error)
STEP 128 | BUILD:Refinery | total=-10.645 err=-1.000 tax=0.000 taxb=0.300 build=0.000 cost=0.000 div=0.000 prox=0.000 prov=0.000 preq=0.000 pres=0.000 sale=0.000 mtax=0.000 chain=0.000 daily=0.000 nov=0.000 mile=0.000 surv=0.055 idle=-10.000 gover=0.000 | nw=1.53146e+06 pop=28 bases=4 money=105 credit=0 day=140 | food=0 water=0 coal=0 home=70 free=28 roads=0
  ACTION: 19 (BUILD:Mushroom price=12164 need_earth=3) | money=105 pop=28 free=28
  BUILD FAILED: Mushroom (no cell or error)
STEP 129 | BUILD:Mushroom | total=-0.636 err=-1.000 tax=0.000 taxb=0.300 build=0.000 cost=0.000 div=0.000 prox=0.000 prov=0.000 preq=0.000 pres=0.000 sale=0.000 mtax=0.000 chain=0.000 daily=0.000 nov=0.000 mile=0.000 surv=0.064 idle=0.000 gover=0.000 | nw=1.53145e+06 pop=28 bases=4 money=105 credit=0 day=141 | food=0 water=0 coal=0 home=70 free=28 roads=0
  ACTION: 15 (BUILD:Fish price=30202 need_earth=2) | money=105 pop=28 free=28
  BUILD FAILED: Fish (no cell or error)
STEP 130 | BUILD:Fish | total=-0.636 err=-1.000 tax=0.000 taxb=0.300 build=0.000 cost=0.000 div=0.000 prox=0.000 prov=0.000 preq=0.000 pres=0.000 sale=0.000 mtax=0.000 chain=0.000 daily=0.000 nov=0.000 mile=0.000 surv=0.064 idle=0.000 gover=0.000 | nw=1.53145e+06 pop=28 bases=4 money=105 credit=0 day=142 | food=0 water=0 coal=0 home=70 free=28 roads=0
  ACTION: 44 | money=105 pop=28 free=28
STEP 131 | MGR:manual_tax | total=-9.145 err=0.000 tax=0.000 taxb=0.300 build=0.000 cost=0.000 div=0.000 prox=0.000 prov=0.000 preq=0.000 pres=0.000 sale=0.000 mtax=0.500 chain=0.000 daily=0.000 nov=0.000 mile=0.000 surv=0.055 idle=-10.000 gover=0.000 | nw=1.53144e+06 pop=28 bases=4 money=105 credit=0 day=143 | food=0 water=0 coal=0 home=70 free=28 roads=0
  ACTION: 15 (BUILD:Fish price=30202 need_earth=2) | money=105 pop=28 free=28
  BUILD FAILED: Fish (no cell or error)
STEP 132 | BUILD:Fish | total=-0.645 err=-1.000 tax=0.000 taxb=0.300 build=0.000 cost=0.000 div=0.000 prox=0.000 prov=0.000 preq=0.000 pres=0.000 sale=0.000 mtax=0.000 chain=0.000 daily=0.000 nov=0.000 mile=0.000 surv=0.055 idle=0.000 gover=0.000 | nw=1.53143e+06 pop=28 bases=4 money=105 credit=0 day=144 | food=0 water=0 coal=0 home=70 free=28 roads=0
  ACTION: 27 (BUILD:WaterMill price=2900197 need_earth=2) | money=105 pop=28 free=28
  BUILD FAILED: WaterMill (no cell or error)
STEP 133 | BUILD:WaterMill | total=-0.645 err=-1.000 tax=0.000 taxb=0.300 build=0.000 cost=0.000 div=0.000 prox=0.000 prov=0.000 preq=0.000 pres=0.000 sale=0.000 mtax=0.000 chain=0.000 daily=0.000 nov=0.000 mile=0.000 surv=0.055 idle=0.000 gover=0.000 | nw=1.53142e+06 pop=28 bases=4 money=105 credit=0 day=145 | food=0 water=0 coal=0 home=70 free=28 roads=0
  ACTION: 21 (BUILD:BigFarm price=380385 need_earth=1) | money=105 pop=28 free=28
  BUILD FAILED: BigFarm (no cell or error)
STEP 134 | BUILD:BigFarm | total=-9.972 err=-1.000 tax=0.000 taxb=0.300 build=0.673 cost=0.000 div=0.000 prox=0.000 prov=0.000 preq=0.000 pres=0.000 sale=0.000 mtax=0.000 chain=0.000 daily=0.000 nov=0.000 mile=0.000 surv=0.055 idle=-10.000 gover=0.000 | nw=1.53141e+06 pop=28 bases=4 money=105 credit=0 day=146 | food=0 water=0 coal=0 home=70 free=28 roads=0
  ACTION: 0 (DAY) | money=105 pop=28 free=28
STEP 135 | DAY | total=0.355 err=0.000 tax=0.000 taxb=0.300 build=0.000 cost=0.000 div=0.000 prox=0.000 prov=0.000 preq=0.000 pres=0.000 sale=0.000 mtax=0.000 chain=0.000 daily=0.000 nov=0.000 mile=0.000 surv=0.055 idle=0.000 gover=0.000 | nw=1.5314e+06 pop=28 bases=4 money=105 credit=0 day=147 | food=0 water=0 coal=0 home=70 free=28 roads=0
  ACTION: 34 | money=105 pop=28 free=28
STEP 136 | MGR:improve | total=-0.645 err=-1.000 tax=0.000 taxb=0.300 build=0.000 cost=0.000 div=0.000 prox=0.000 prov=0.000 preq=0.000 pres=0.000 sale=0.000 mtax=0.000 chain=0.000 daily=0.000 nov=0.000 mile=0.000 surv=0.055 idle=0.000 gover=0.000 | nw=1.53139e+06 pop=28 bases=4 money=105 credit=0 day=148 | food=0 water=0 coal=0 home=70 free=28 roads=0
  ACTION: 21 (BUILD:BigFarm price=380385 need_earth=1) | money=105 pop=28 free=28
  BUILD FAILED: BigFarm (no cell or error)
STEP 137 | BUILD:BigFarm | total=-9.962 err=-1.000 tax=0.000 taxb=0.300 build=0.673 cost=0.000 div=0.000 prox=0.000 prov=0.000 preq=0.000 pres=0.000 sale=0.000 mtax=0.000 chain=0.000 daily=0.000 nov=0.000 mile=0.000 surv=0.065 idle=-10.000 gover=0.000 | nw=1.53139e+06 pop=28 bases=4 money=105 credit=0 day=149 | food=0 water=0 coal=0 home=70 free=28 roads=0
  ACTION: 12 (BUILD:Road price=400 need_earth=10) | money=105 pop=28 free=28
  BUILD FAILED: Road (no cell or error)
STEP 138 | BUILD:Road | total=-0.645 err=-1.000 tax=0.000 taxb=0.300 build=0.000 cost=0.000 div=0.000 prox=0.000 prov=0.000 preq=0.000 pres=0.000 sale=0.000 mtax=0.000 chain=0.000 daily=0.000 nov=0.000 mile=0.000 surv=0.055 idle=0.000 gover=0.000 | nw=1.53138e+06 pop=28 bases=4 money=105 credit=0 day=150 | food=0 water=0 coal=0 home=70 free=28 roads=0
  ACTION: 17 (BUILD:HuntingLand price=16985 need_earth=3) | money=105 pop=28 free=28
  BUILD FAILED: HuntingLand (no cell or error)
STEP 139 | BUILD:HuntingLand | total=-0.645 err=-1.000 tax=0.000 taxb=0.300 build=0.000 cost=0.000 div=0.000 prox=0.000 prov=0.000 preq=0.000 pres=0.000 sale=0.000 mtax=0.000 chain=0.000 daily=0.000 nov=0.000 mile=0.000 surv=0.055 idle=0.000 gover=0.000 | nw=1.53137e+06 pop=28 bases=4 money=105 credit=0 day=151 | food=0 water=0 coal=0 home=70 free=28 roads=0
  ACTION: 25 (BUILD:SuperHouse price=971000 need_earth=1) | money=105 pop=28 free=28
  BUILD FAILED: SuperHouse (no cell or error)
STEP 140 | BUILD:SuperHouse | total=-10.645 err=-1.000 tax=0.000 taxb=0.300 build=0.000 cost=0.000 div=0.000 prox=0.000 prov=0.000 preq=0.000 pres=0.000 sale=0.000 mtax=0.000 chain=0.000 daily=0.000 nov=0.000 mile=0.000 surv=0.055 idle=-10.000 gover=0.000 | nw=1.53136e+06 pop=28 bases=4 money=105 credit=0 day=152 | food=0 water=0 coal=0 home=70 free=28 roads=0
  ACTION: 26 (BUILD:BigSawmill price=620900 need_earth=3) | money=105 pop=28 free=28
  BUILD FAILED: BigSawmill (no cell or error)
STEP 141 | BUILD:BigSawmill | total=-0.645 err=-1.000 tax=0.000 taxb=0.300 build=0.000 cost=0.000 div=0.000 prox=0.000 prov=0.000 preq=0.000 pres=0.000 sale=0.000 mtax=0.000 chain=0.000 daily=0.000 nov=0.000 mile=0.000 surv=0.055 idle=0.000 gover=0.000 | nw=1.53135e+06 pop=28 bases=4 money=105 credit=0 day=153 | food=0 water=0 coal=0 home=70 free=28 roads=0
  ACTION: 7 (BUILD:Ironmine price=32008 need_earth=5) | money=105 pop=28 free=28
  BUILD FAILED: Ironmine (no cell or error)
STEP 142 | BUILD:Ironmine | total=-0.645 err=-1.000 tax=0.000 taxb=0.300 build=0.000 cost=0.000 div=0.000 prox=0.000 prov=0.000 preq=0.000 pres=0.000 sale=0.000 mtax=0.000 chain=0.000 daily=0.000 nov=0.000 mile=0.000 surv=0.055 idle=0.000 gover=0.000 | nw=1.53134e+06 pop=28 bases=4 money=105 credit=0 day=154 | food=0 water=0 coal=0 home=70 free=28 roads=0
  ACTION: 7 (BUILD:Ironmine price=32008 need_earth=5) | money=105 pop=28 free=28
  BUILD FAILED: Ironmine (no cell or error)
STEP 143 | BUILD:Ironmine | total=-10.645 err=-1.000 tax=0.000 taxb=0.300 build=0.000 cost=0.000 div=0.000 prox=0.000 prov=0.000 preq=0.000 pres=0.000 sale=0.000 mtax=0.000 chain=0.000 daily=0.000 nov=0.000 mile=0.000 surv=0.055 idle=-10.000 gover=0.000 | nw=1.53133e+06 pop=28 bases=4 money=105 credit=0 day=155 | food=0 water=0 coal=0 home=70 free=28 roads=0
  ACTION: 0 (DAY) | money=105 pop=28 free=28
STEP 144 | DAY | total=0.355 err=0.000 tax=0.000 taxb=0.300 build=0.000 cost=0.000 div=0.000 prox=0.000 prov=0.000 preq=0.000 pres=0.000 sale=0.000 mtax=0.000 chain=0.000 daily=0.000 nov=0.000 mile=0.000 surv=0.055 idle=0.000 gover=0.000 | nw=1.53132e+06 pop=28 bases=4 money=105 credit=0 day=156 | food=0 water=0 coal=0 home=70 free=28 roads=0
  ACTION: 2 (BUILD:Farm price=19814 need_earth=10) | money=105 pop=28 free=28
  BUILD FAILED: Farm (no cell or error)
STEP 145 | BUILD:Farm | total=-0.280 err=-1.000 tax=0.000 taxb=0.300 build=0.365 cost=0.000 div=0.000 prox=0.000 prov=0.000 preq=0.000 pres=0.000 sale=0.000 mtax=0.000 chain=0.000 daily=0.000 nov=0.000 mile=0.000 surv=0.055 idle=0.000 gover=0.000 | nw=1.53131e+06 pop=28 bases=4 money=105 credit=0 day=157 | food=0 water=0 coal=0 home=70 free=28 roads=0
  ACTION: 9 (BUILD:Goldmine price=77000 need_earth=7) | money=105 pop=28 free=28
  BUILD FAILED: Goldmine (no cell or error)
STEP 146 | BUILD:Goldmine | total=-10.645 err=-1.000 tax=0.000 taxb=0.300 build=0.000 cost=0.000 div=0.000 prox=0.000 prov=0.000 preq=0.000 pres=0.000 sale=0.000 mtax=0.000 chain=0.000 daily=0.000 nov=0.000 mile=0.000 surv=0.055 idle=-10.000 gover=0.000 | nw=1.53131e+06 pop=28 bases=4 money=105 credit=0 day=158 | food=0 water=0 coal=0 home=70 free=28 roads=0
  ACTION: 18 (BUILD:CowFarm price=32002 need_earth=10) | money=105 pop=28 free=28
  BUILD FAILED: CowFarm (no cell or error)
STEP 147 | BUILD:CowFarm | total=-0.645 err=-1.000 tax=0.000 taxb=0.300 build=0.000 cost=0.000 div=0.000 prox=0.000 prov=0.000 preq=0.000 pres=0.000 sale=0.000 mtax=0.000 chain=0.000 daily=0.000 nov=0.000 mile=0.000 surv=0.055 idle=0.000 gover=0.000 | nw=1.5313e+06 pop=28 bases=4 money=105 credit=0 day=159 | food=0 water=0 coal=0 home=70 free=28 roads=0
  ACTION: 0 (DAY) | money=105 pop=28 free=28
STEP 148 | DAY | total=0.355 err=0.000 tax=0.000 taxb=0.300 build=0.000 cost=0.000 div=0.000 prox=0.000 prov=0.000 preq=0.000 pres=0.000 sale=0.000 mtax=0.000 chain=0.000 daily=0.000 nov=0.000 mile=0.000 surv=0.055 idle=0.000 gover=0.000 | nw=1.53129e+06 pop=28 bases=4 money=105 credit=0 day=160 | food=0 water=0 coal=0 home=70 free=28 roads=0
  ACTION: 32 (BUILD:SmallAtomStation price=29000000 need_earth=2) | money=105 pop=28 free=28
  BUILD FAILED: SmallAtomStation (no cell or error)
STEP 149 | BUILD:SmallAtomStation | total=-10.645 err=-1.000 tax=0.000 taxb=0.300 build=0.000 cost=0.000 div=0.000 prox=0.000 prov=0.000 preq=0.000 pres=0.000 sale=0.000 mtax=0.000 chain=0.000 daily=0.000 nov=0.000 mile=0.000 surv=0.055 idle=-10.000 gover=0.000 | nw=1.53128e+06 pop=28 bases=4 money=105 credit=0 day=161 | food=0 water=0 coal=0 home=70 free=28 roads=0
  ACTION: 26 (BUILD:BigSawmill price=620900 need_earth=3) | money=105 pop=28 free=28
  BUILD FAILED: BigSawmill (no cell or error)
STEP 150 | BUILD:BigSawmill | total=-0.645 err=-1.000 tax=0.000 taxb=0.300 build=0.000 cost=0.000 div=0.000 prox=0.000 prov=0.000 preq=0.000 pres=0.000 sale=0.000 mtax=0.000 chain=0.000 daily=0.000 nov=0.000 mile=0.000 surv=0.055 idle=0.000 gover=0.000 | nw=1.53127e+06 pop=28 bases=4 money=105 credit=0 day=162 | food=0 water=0 coal=0 home=70 free=28 roads=0
  ACTION: 42 | money=105 pop=28 free=28
STEP 151 | MGR:credit_take | total=-0.395 err=0.000 tax=0.000 taxb=0.300 build=0.000 cost=0.000 div=0.000 prox=0.000 prov=0.000 preq=0.000 pres=0.000 sale=0.000 mtax=0.000 chain=0.000 daily=0.000 nov=0.000 mile=0.000 surv=-0.445 idle=0.000 gover=0.000 | nw=1.53116e+06 pop=28 bases=4 money=50105 credit=50100 day=163 | food=0 water=0 coal=0 home=70 free=28 roads=0
  ACTION: 13 (BUILD:House price=14038 need_earth=1) | money=50105 pop=28 free=28
STEP 152 | BUILD:House | total=2.709 err=0.000 tax=0.000 taxb=0.300 build=1.500 cost=-1.404 div=0.000 prox=0.000 prov=0.000 preq=0.000 pres=0.000 sale=0.000 mtax=0.000 chain=0.000 daily=0.000 nov=0.000 mile=3.000 surv=-0.436 idle=0.000 gover=0.000 | nw=1.53105e+06 pop=28 bases=5 money=36067 credit=50200 day=164 | food=0 water=0 coal=0 home=270 free=28 roads=0
  ACTION: 26 (BUILD:BigSawmill price=620900 need_earth=3) | money=36067 pop=28 free=28
  BUILD FAILED: BigSawmill (no cell or error)
STEP 153 | BUILD:BigSawmill | total=-1.387 err=-1.000 tax=0.000 taxb=0.300 build=0.000 cost=0.000 div=0.000 prox=0.000 prov=0.000 preq=0.000 pres=0.000 sale=0.000 mtax=0.000 chain=0.000 daily=0.000 nov=0.000 mile=0.000 surv=-0.435 idle=0.000 gover=0.000 | nw=1.53095e+06 pop=28 bases=5 money=36067 credit=50300 day=165 | food=0 water=0 coal=0 home=270 free=28 roads=0
  ACTION: 19 (BUILD:Mushroom price=12164 need_earth=3) | money=36067 pop=28 free=28
  BUILD FAILED: Mushroom (no cell or error)
STEP 154 | BUILD:Mushroom | total=-11.397 err=-1.000 tax=0.000 taxb=0.300 build=0.000 cost=0.000 div=0.000 prox=0.000 prov=0.000 preq=0.000 pres=0.000 sale=0.000 mtax=0.000 chain=0.000 daily=0.000 nov=0.000 mile=0.000 surv=-0.445 idle=-10.000 gover=0.000 | nw=1.53084e+06 pop=28 bases=5 money=36067 credit=50400 day=166 | food=0 water=0 coal=0 home=270 free=28 roads=0
  ACTION: 32 (BUILD:SmallAtomStation price=29000000 need_earth=2) | money=36067 pop=28 free=28
  BUILD FAILED: SmallAtomStation (no cell or error)
STEP 155 | BUILD:SmallAtomStation | total=-1.397 err=-1.000 tax=0.000 taxb=0.300 build=0.000 cost=0.000 div=0.000 prox=0.000 prov=0.000 preq=0.000 pres=0.000 sale=0.000 mtax=0.000 chain=0.000 daily=0.000 nov=0.000 mile=0.000 surv=-0.445 idle=0.000 gover=0.000 | nw=1.53073e+06 pop=28 bases=5 money=36067 credit=50500 day=167 | food=0 water=0 coal=0 home=270 free=28 roads=0
  ACTION: 11 (BUILD:HydroStation price=92214 need_earth=2) | money=36067 pop=28 free=28
  BUILD FAILED: HydroStation (no cell or error)
STEP 156 | BUILD:HydroStation | total=-1.394 err=-1.000 tax=0.000 taxb=0.300 build=0.000 cost=0.000 div=0.000 prox=0.000 prov=0.000 preq=0.000 pres=0.000 sale=0.000 mtax=0.000 chain=0.000 daily=0.000 nov=0.000 mile=0.000 surv=-0.441 idle=0.000 gover=0.000 | nw=1.53062e+06 pop=28 bases=5 money=36067 credit=50601 day=168 | food=0 water=0 coal=0 home=270 free=28 roads=0
  ACTION: 21 (BUILD:BigFarm price=380385 need_earth=1) | money=36067 pop=28 free=28
  BUILD FAILED: BigFarm (no cell or error)
STEP 157 | BUILD:BigFarm | total=-10.731 err=-1.000 tax=0.000 taxb=0.300 build=0.673 cost=0.000 div=0.000 prox=0.000 prov=0.000 preq=0.000 pres=0.000 sale=0.000 mtax=0.000 chain=0.000 daily=0.000 nov=0.000 mile=0.000 surv=-0.450 idle=-10.000 gover=0.000 | nw=1.53051e+06 pop=28 bases=5 money=36067 credit=50702 day=169 | food=0 water=0 coal=0 home=270 free=28 roads=0
  ACTION: 14 (BUILD:SmallHouse price=5900 need_earth=10) | money=36067 pop=28 free=28
STEP 158 | BUILD:SmallHouse | total=0.515 err=0.000 tax=0.000 taxb=0.300 build=1.500 cost=-0.590 div=0.000 prox=0.000 prov=0.000 preq=0.000 pres=0.000 sale=0.000 mtax=0.000 chain=0.000 daily=0.000 nov=0.000 mile=0.000 surv=-0.441 idle=0.000 gover=0.000 | nw=1.5304e+06 pop=28 bases=6 money=30167 credit=50803 day=170 | food=0 water=0 coal=0 home=270 free=28 roads=0
  ACTION: 22 (BUILD:Apiary price=9385 need_earth=10) | money=30167 pop=28 free=28
STEP 159 | BUILD:Apiary | total=3.607 err=0.000 tax=0.000 taxb=0.300 build=4.946 cost=-0.939 div=0.000 prox=0.000 prov=0.000 preq=0.000 pres=0.000 sale=0.000 mtax=0.000 chain=0.000 daily=0.000 nov=0.000 mile=0.000 surv=-0.446 idle=0.000 gover=0.000 | nw=1.53029e+06 pop=28 bases=7 money=20782 credit=50904 day=171 | food=0 water=0 coal=0 home=270 free=28 roads=0
  ACTION: 21 (BUILD:BigFarm price=380385 need_earth=1) | money=20782 pop=28 free=28
  BUILD FAILED: BigFarm (no cell or error)
STEP 160 | BUILD:BigFarm | total=-1.040 err=-1.000 tax=0.000 taxb=0.300 build=0.365 cost=0.000 div=0.000 prox=0.000 prov=0.000 preq=0.000 pres=0.000 sale=0.000 mtax=0.000 chain=0.000 daily=0.000 nov=0.000 mile=0.000 surv=-0.450 idle=0.000 gover=0.000 | nw=1.53018e+06 pop=28 bases=7 money=20782 credit=51005 day=172 | food=0 water=0 coal=0 home=270 free=28 roads=0
  ACTION: 8 (BUILD:Refinery price=82684 need_earth=6) | money=20782 pop=28 free=28
  BUILD FAILED: Refinery (no cell or error)
STEP 161 | BUILD:Refinery | total=-11.410 err=-1.000 tax=0.000 taxb=0.300 build=0.000 cost=0.000 div=0.000 prox=0.000 prov=0.000 preq=0.000 pres=0.000 sale=0.000 mtax=0.000 chain=0.000 daily=0.000 nov=0.000 mile=0.000 surv=-0.455 idle=-10.000 gover=0.000 | nw=1.53007e+06 pop=28 bases=7 money=20782 credit=51107 day=173 | food=0 water=0 coal=0 home=270 free=28 roads=0
  ACTION: 23 (BUILD:Torchlight price=215000 need_earth=6) | money=20782 pop=28 free=28
  BUILD FAILED: Torchlight (no cell or error)
STEP 162 | BUILD:Torchlight | total=-1.411 err=-1.000 tax=0.000 taxb=0.300 build=0.000 cost=0.000 div=0.000 prox=0.000 prov=0.000 preq=0.000 pres=0.000 sale=0.000 mtax=0.000 chain=0.000 daily=0.000 nov=0.000 mile=0.000 surv=-0.455 idle=0.000 gover=0.000 | nw=1.52996e+06 pop=28 bases=7 money=20782 credit=51209 day=174 | food=0 water=0 coal=0 home=270 free=28 roads=0
  ACTION: 2 (BUILD:Farm price=19814 need_earth=10) | money=20782 pop=28 free=28
STEP 163 | BUILD:Farm | total=2.400 err=0.000 tax=0.000 taxb=0.300 build=4.793 cost=-1.981 div=0.000 prox=0.000 prov=0.000 preq=0.000 pres=0.000 sale=0.000 mtax=0.000 chain=0.000 daily=0.000 nov=0.000 mile=0.000 surv=-0.455 idle=0.000 gover=0.000 | nw=1.52985e+06 pop=28 bases=8 money=968 credit=51311 day=175 | food=0 water=0 coal=0 home=270 free=28 roads=0
  ACTION: 19 (BUILD:Mushroom price=12164 need_earth=3) | money=968 pop=28 free=28
  BUILD FAILED: Mushroom (no cell or error)
STEP 164 | BUILD:Mushroom | total=-1.403 err=-1.000 tax=0.000 taxb=0.300 build=0.000 cost=0.000 div=0.000 prox=0.000 prov=0.000 preq=0.000 pres=0.000 sale=0.000 mtax=0.000 chain=0.000 daily=0.000 nov=0.000 mile=0.000 surv=-0.446 idle=0.000 gover=0.000 | nw=1.52974e+06 pop=28 bases=8 money=968 credit=51413 day=176 | food=0 water=0 coal=0 home=270 free=28 roads=0
  ACTION: 44 | money=968 pop=28 free=28
STEP 165 | MGR:manual_tax | total=-9.913 err=0.000 tax=0.000 taxb=0.300 build=0.000 cost=0.000 div=0.000 prox=0.000 prov=0.000 preq=0.000 pres=0.000 sale=0.000 mtax=0.500 chain=0.000 daily=0.000 nov=0.000 mile=0.000 surv=-0.455 idle=-10.000 gover=0.000 | nw=1.52963e+06 pop=28 bases=8 money=968 credit=51515 day=177 | food=0 water=0 coal=0 home=270 free=28 roads=0
  ACTION: 17 (BUILD:HuntingLand price=16985 need_earth=3) | money=968 pop=28 free=28
  BUILD FAILED: HuntingLand (no cell or error)
STEP 166 | BUILD:HuntingLand | total=-1.426 err=-1.000 tax=0.000 taxb=0.300 build=0.000 cost=0.000 div=0.000 prox=0.000 prov=0.000 preq=0.000 pres=0.000 sale=0.000 mtax=0.000 chain=0.000 daily=0.000 nov=0.000 mile=0.000 surv=-0.468 idle=0.000 gover=0.000 | nw=1.52952e+06 pop=28 bases=8 money=968 credit=51618 day=178 | food=0 water=0 coal=0 home=270 free=28 roads=0
  ACTION: 20 (BUILD:BigHouse price=66400 need_earth=1) | money=968 pop=28 free=28
  BUILD FAILED: BigHouse (no cell or error)
STEP 167 | BUILD:BigHouse | total=-1.426 err=-1.000 tax=0.000 taxb=0.300 build=0.000 cost=0.000 div=0.000 prox=0.000 prov=0.000 preq=0.000 pres=0.000 sale=0.000 mtax=0.000 chain=0.000 daily=0.000 nov=0.000 mile=0.000 surv=-0.468 idle=0.000 gover=0.000 | nw=1.5294e+06 pop=28 bases=8 money=968 credit=51721 day=179 | food=0 water=0 coal=0 home=270 free=28 roads=0
  ACTION: 32 (BUILD:SmallAtomStation price=29000000 need_earth=2) | money=968 pop=28 free=28
  BUILD FAILED: SmallAtomStation (no cell or error)
STEP 168 | BUILD:SmallAtomStation | total=-11.417 err=-1.000 tax=0.000 taxb=0.300 build=0.000 cost=0.000 div=0.000 prox=0.000 prov=0.000 preq=0.000 pres=0.000 sale=0.000 mtax=0.000 chain=0.000 daily=0.000 nov=0.000 mile=0.000 surv=-0.458 idle=-10.000 gover=0.000 | nw=1.52929e+06 pop=28 bases=8 money=968 credit=51824 day=180 | food=0 water=0 coal=0 home=270 free=28 roads=0
  ACTION: 24 (BUILD:Hothouse price=16590 need_earth=10) | money=968 pop=28 free=28
  BUILD FAILED: Hothouse (no cell or error)
STEP 169 | BUILD:Hothouse | total=-1.427 err=-1.000 tax=0.000 taxb=0.300 build=0.000 cost=0.000 div=0.000 prox=0.000 prov=0.000 preq=0.000 pres=0.000 sale=0.000 mtax=0.000 chain=0.000 daily=0.000 nov=0.000 mile=0.000 surv=-0.468 idle=0.000 gover=0.000 | nw=1.52918e+06 pop=28 bases=8 money=968 credit=51927 day=181 | food=0 water=0 coal=0 home=270 free=28 roads=0
  ACTION: 11 (BUILD:HydroStation price=92214 need_earth=2) | money=968 pop=28 free=28
  BUILD FAILED: HydroStation (no cell or error)
STEP 170 | BUILD:HydroStation | total=-1.428 err=-1.000 tax=0.000 taxb=0.300 build=0.000 cost=0.000 div=0.000 prox=0.000 prov=0.000 preq=0.000 pres=0.000 sale=0.000 mtax=0.000 chain=0.000 daily=0.000 nov=0.000 mile=0.000 surv=-0.468 idle=0.000 gover=0.000 | nw=1.52906e+06 pop=28 bases=8 money=968 credit=52030 day=182 | food=0 water=0 coal=0 home=270 free=28 roads=0
  ACTION: 44 | money=968 pop=28 free=28
STEP 171 | MGR:manual_tax | total=-9.933 err=0.000 tax=0.000 taxb=0.300 build=0.000 cost=0.000 div=0.000 prox=0.000 prov=0.000 preq=0.000 pres=0.000 sale=0.000 mtax=0.500 chain=0.000 daily=0.000 nov=0.000 mile=0.000 surv=-0.473 idle=-10.000 gover=0.000 | nw=1.52895e+06 pop=28 bases=8 money=968 credit=52134 day=183 | food=0 water=0 coal=0 home=270 free=28 roads=0
  ACTION: 25 (BUILD:SuperHouse price=971000 need_earth=1) | money=968 pop=28 free=28
  BUILD FAILED: SuperHouse (no cell or error)
STEP 172 | BUILD:SuperHouse | total=-1.434 err=-1.000 tax=0.000 taxb=0.300 build=0.000 cost=0.000 div=0.000 prox=0.000 prov=0.000 preq=0.000 pres=0.000 sale=0.000 mtax=0.000 chain=0.000 daily=0.000 nov=0.000 mile=0.000 surv=-0.473 idle=0.000 gover=0.000 | nw=1.52883e+06 pop=28 bases=8 money=968 credit=52238 day=184 | food=0 water=0 coal=0 home=290 free=28 roads=0
  ACTION: 41 | money=968 pop=28 free=28
STEP 173 | MGR:buy_food | total=-2.448 err=0.000 tax=0.000 taxb=0.300 build=0.000 cost=0.000 div=0.000 prox=0.000 prov=0.000 preq=0.000 pres=0.000 sale=0.000 mtax=0.000 chain=0.000 daily=0.000 nov=0.000 mile=0.000 surv=-2.486 idle=0.000 gover=0.000 | nw=1.52832e+06 pop=28 bases=8 money=168 credit=52342 day=185 | food=400 water=0 coal=0 home=290 free=28 roads=0
  ACTION: 15 (BUILD:Fish price=30202 need_earth=2) | money=168 pop=28 free=28
  BUILD FAILED: Fish (no cell or error)
STEP 174 | BUILD:Fish | total=-11.439 err=-1.000 tax=0.000 taxb=0.300 build=0.000 cost=0.000 div=0.000 prox=0.000 prov=0.000 preq=0.000 pres=0.000 sale=0.000 mtax=0.000 chain=0.000 daily=0.000 nov=0.000 mile=0.000 surv=-0.476 idle=-10.000 gover=0.000 | nw=1.5282e+06 pop=28 bases=8 money=168 credit=52446 day=186 | food=400 water=0 coal=0 home=290 free=28 roads=0
  ACTION: 15 (BUILD:Fish price=30202 need_earth=2) | money=168 pop=28 free=28
  BUILD FAILED: Fish (no cell or error)
STEP 175 | BUILD:Fish | total=-1.435 err=-1.000 tax=0.000 taxb=0.300 build=0.000 cost=0.000 div=0.000 prox=0.000 prov=0.000 preq=0.000 pres=0.000 sale=0.000 mtax=0.000 chain=0.000 daily=0.000 nov=0.000 mile=0.000 surv=-0.473 idle=0.000 gover=0.000 | nw=1.52809e+06 pop=28 bases=8 money=168 credit=52550 day=187 | food=400 water=0 coal=0 home=290 free=28 roads=0
  ACTION: 20 (BUILD:BigHouse price=66400 need_earth=1) | money=168 pop=28 free=28
  BUILD FAILED: BigHouse (no cell or error)
STEP 176 | BUILD:BigHouse | total=-1.431 err=-1.000 tax=0.000 taxb=0.300 build=0.000 cost=0.000 div=0.000 prox=0.000 prov=0.000 preq=0.000 pres=0.000 sale=0.000 mtax=0.000 chain=0.000 daily=0.000 nov=0.000 mile=0.000 surv=-0.468 idle=0.000 gover=0.000 | nw=1.52797e+06 pop=28 bases=8 money=168 credit=52655 day=188 | food=400 water=0 coal=0 home=290 free=28 roads=0
  ACTION: 9 (BUILD:Goldmine price=77000 need_earth=7) | money=168 pop=28 free=28
  BUILD FAILED: Goldmine (no cell or error)
STEP 177 | BUILD:Goldmine | total=-11.441 err=-1.000 tax=0.000 taxb=0.300 build=0.000 cost=0.000 div=0.000 prox=0.000 prov=0.000 preq=0.000 pres=0.000 sale=0.000 mtax=0.000 chain=0.000 daily=0.000 nov=0.000 mile=0.000 surv=-0.478 idle=-10.000 gover=0.000 | nw=1.52786e+06 pop=28 bases=8 money=168 credit=52760 day=189 | food=400 water=0 coal=0 home=290 free=28 roads=0
  ACTION: 43 | money=168 pop=28 free=28
STEP 178 | MGR:credit_give | total=13.553 err=-1.000 tax=0.000 taxb=0.300 build=0.000 cost=0.000 div=0.000 prox=0.000 prov=0.000 preq=0.000 pres=0.000 sale=0.000 mtax=0.000 chain=0.000 daily=0.000 nov=15.000 mile=0.000 surv=-0.483 idle=0.000 gover=0.000 | nw=1.52774e+06 pop=28 bases=8 money=168 credit=52865 day=190 | food=400 water=0 coal=0 home=290 free=28 roads=0
  ACTION: 1 (WEEK) | money=168 pop=28 free=28
STEP 179 | WEEK | total=-5.636 err=0.000 tax=0.000 taxb=0.300 build=0.000 cost=0.000 div=0.000 prox=0.000 prov=0.000 preq=0.000 pres=0.000 sale=0.000 mtax=0.000 chain=0.000 daily=0.000 nov=0.000 mile=0.000 surv=-4.060 idle=0.000 gover=0.000 | nw=1.52691e+06 pop=28 bases=8 money=168 credit=53605 day=197 | food=400 water=0 coal=0 home=290 free=28 roads=0
  ACTION: 23 (BUILD:Torchlight price=215000 need_earth=6) | money=168 pop=28 free=28
  BUILD FAILED: Torchlight (no cell or error)
STEP 180 | BUILD:Torchlight | total=-11.500 err=-1.000 tax=0.000 taxb=0.300 build=0.000 cost=0.000 div=0.000 prox=0.000 prov=0.000 preq=0.000 pres=0.000 sale=0.000 mtax=0.000 chain=0.000 daily=0.000 nov=0.000 mile=0.000 surv=-0.532 idle=-10.000 gover=0.000 | nw=1.52678e+06 pop=28 bases=8 money=168 credit=53712 day=198 | food=400 water=0 coal=0 home=290 free=28 roads=0
  ACTION: 34 | money=168 pop=28 free=28
STEP 181 | MGR:improve | total=-1.485 err=-1.000 tax=0.000 taxb=0.300 build=0.000 cost=0.000 div=0.000 prox=0.000 prov=0.000 preq=0.000 pres=0.000 sale=0.000 mtax=0.000 chain=0.000 daily=0.000 nov=0.000 mile=0.000 surv=-0.516 idle=0.000 gover=0.000 | nw=1.52666e+06 pop=28 bases=8 money=168 credit=53819 day=199 | food=400 water=0 coal=0 home=290 free=28 roads=0
  ACTION: 30 (BUILD:BigIronmine price=2715002 need_earth=5) | money=168 pop=28 free=28
  BUILD FAILED: BigIronmine (no cell or error)
STEP 182 | BUILD:BigIronmine | total=0.502 err=-1.000 tax=0.000 taxb=0.300 build=0.000 cost=0.000 div=0.000 prox=0.000 prov=0.000 preq=0.000 pres=0.000 sale=0.000 mtax=0.000 chain=0.000 daily=0.000 nov=0.000 mile=2.000 surv=-0.528 idle=0.000 gover=0.000 | nw=1.52653e+06 pop=28 bases=8 money=168 credit=53926 day=200 | food=400 water=0 coal=0 home=290 free=28 roads=0
  ACTION: 25 (BUILD:SuperHouse price=971000 need_earth=1) | money=168 pop=28 free=28
  BUILD FAILED: SuperHouse (no cell or error)
STEP 183 | BUILD:SuperHouse | total=-11.482 err=-1.000 tax=0.000 taxb=0.300 build=0.000 cost=0.000 div=0.000 prox=0.000 prov=0.000 preq=0.000 pres=0.000 sale=0.000 mtax=0.000 chain=0.000 daily=0.000 nov=0.000 mile=0.000 surv=-0.512 idle=-10.000 gover=0.000 | nw=1.52641e+06 pop=28 bases=8 money=168 credit=54033 day=201 | food=400 water=0 coal=0 home=290 free=28 roads=0
  ACTION: 16 (BUILD:CoalCut price=48300 need_earth=4) | money=168 pop=28 free=28
  BUILD FAILED: CoalCut (no cell or error)
STEP 184 | BUILD:CoalCut | total=-1.498 err=-1.000 tax=0.000 taxb=0.300 build=0.000 cost=0.000 div=0.000 prox=0.000 prov=0.000 preq=0.000 pres=0.000 sale=0.000 mtax=0.000 chain=0.000 daily=0.000 nov=0.000 mile=0.000 surv=-0.527 idle=0.000 gover=0.000 | nw=1.52629e+06 pop=28 bases=8 money=168 credit=54141 day=202 | food=400 water=0 coal=0 home=290 free=28 roads=0
  ACTION: 23 (BUILD:Torchlight price=215000 need_earth=6) | money=168 pop=28 free=28
  BUILD FAILED: Torchlight (no cell or error)
STEP 185 | BUILD:Torchlight | total=-0.488 err=-1.000 tax=0.000 taxb=0.300 build=0.000 cost=0.000 div=0.000 prox=0.000 prov=0.000 preq=0.000 pres=0.000 sale=0.000 mtax=0.000 chain=0.000 daily=0.000 nov=0.000 mile=0.000 surv=-0.517 idle=0.000 gover=0.000 | nw=1.52616e+06 pop=29 bases=8 money=168 credit=54249 day=203 | food=400 water=0 coal=0 home=290 free=29 roads=0
  ACTION: 36 | money=168 pop=29 free=29
STEP 186 | MGR:restore_all | total=-9.705 err=0.000 tax=0.000 taxb=0.300 build=0.000 cost=0.000 div=0.000 prox=0.000 prov=0.000 preq=0.000 pres=0.000 sale=0.000 mtax=0.000 chain=0.000 daily=0.000 nov=0.000 mile=0.000 surv=0.267 idle=-10.000 gover=0.000 | nw=1.5262e+06 pop=29 bases=8 money=0 credit=54357 day=204 | food=400 water=0 coal=0 home=290 free=29 roads=0
  ACTION: 14 (BUILD:SmallHouse price=5900 need_earth=10) | money=0 pop=29 free=29
  BUILD FAILED: SmallHouse (no cell or error)
STEP 187 | BUILD:SmallHouse | total=-21.503 err=-1.000 tax=0.000 taxb=0.300 build=0.000 cost=0.000 div=0.000 prox=0.000 prov=0.000 preq=0.000 pres=0.000 sale=0.000 mtax=0.000 chain=0.000 daily=0.000 nov=0.000 mile=0.000 surv=-0.531 idle=0.000 gover=0.000 | nw=1.52607e+06 pop=28 bases=8 money=0 credit=54465 day=205 | food=400 water=0 coal=0 home=290 free=28 roads=0
  ACTION: 39 | money=0 pop=28 free=28
STEP 188 | MGR:unpreserve | total=-1.490 err=-1.000 tax=0.000 taxb=0.300 build=0.000 cost=0.000 div=0.000 prox=0.000 prov=0.000 preq=0.000 pres=0.000 sale=0.000 mtax=0.000 chain=0.000 daily=0.000 nov=0.000 mile=0.000 surv=-0.517 idle=0.000 gover=0.000 | nw=1.52595e+06 pop=28 bases=8 money=0 credit=54573 day=206 | food=400 water=0 coal=0 home=290 free=28 roads=0
  ACTION: 10 (BUILD:PowerStation price=92433 need_earth=10) | money=0 pop=28 free=28
  BUILD FAILED: PowerStation (no cell or error)
STEP 189 | BUILD:PowerStation | total=-11.489 err=-1.000 tax=0.000 taxb=0.300 build=0.000 cost=0.000 div=0.000 prox=0.000 prov=0.000 preq=0.000 pres=0.000 sale=0.000 mtax=0.000 chain=0.000 daily=0.000 nov=0.000 mile=0.000 surv=-0.515 idle=-10.000 gover=0.000 | nw=1.52582e+06 pop=28 bases=8 money=0 credit=54682 day=207 | food=400 water=0 coal=0 home=290 free=28 roads=0
  ACTION: 30 (BUILD:BigIronmine price=2715002 need_earth=5) | money=0 pop=28 free=28
  BUILD FAILED: BigIronmine (no cell or error)
STEP 190 | BUILD:BigIronmine | total=-1.499 err=-1.000 tax=0.000 taxb=0.300 build=0.000 cost=0.000 div=0.000 prox=0.000 prov=0.000 preq=0.000 pres=0.000 sale=0.000 mtax=0.000 chain=0.000 daily=0.000 nov=0.000 mile=0.000 surv=-0.525 idle=0.000 gover=0.000 | nw=1.5257e+06 pop=28 bases=8 money=0 credit=54791 day=208 | food=400 water=0 coal=0 home=290 free=28 roads=0
  ACTION: 20 (BUILD:BigHouse price=66400 need_earth=1) | money=0 pop=28 free=28
  BUILD FAILED: BigHouse (no cell or error)
STEP 191 | BUILD:BigHouse | total=-1.501 err=-1.000 tax=0.000 taxb=0.300 build=0.000 cost=0.000 div=0.000 prox=0.000 prov=0.000 preq=0.000 pres=0.000 sale=0.000 mtax=0.000 chain=0.000 daily=0.000 nov=0.000 mile=0.000 surv=-0.526 idle=0.000 gover=0.000 | nw=1.52557e+06 pop=28 bases=8 money=0 credit=54900 day=209 | food=400 water=0 coal=0 home=290 free=28 roads=0
  ACTION: 32 (BUILD:SmallAtomStation price=29000000 need_earth=2) | money=0 pop=28 free=28
  BUILD FAILED: SmallAtomStation (no cell or error)
STEP 192 | BUILD:SmallAtomStation | total=-11.505 err=-1.000 tax=0.000 taxb=0.300 build=0.000 cost=0.000 div=0.000 prox=0.000 prov=0.000 preq=0.000 pres=0.000 sale=0.000 mtax=0.000 chain=0.000 daily=0.000 nov=0.000 mile=0.000 surv=-0.530 idle=-10.000 gover=0.000 | nw=1.52545e+06 pop=28 bases=8 money=0 credit=55009 day=210 | food=400 water=0 coal=0 home=290 free=28 roads=0
  ACTION: 22 (BUILD:Apiary price=9385 need_earth=10) | money=0 pop=28 free=28
  BUILD FAILED: Apiary (no cell or error)
STEP 193 | BUILD:Apiary | total=-1.503 err=-1.000 tax=0.000 taxb=0.300 build=0.000 cost=0.000 div=0.000 prox=0.000 prov=0.000 preq=0.000 pres=0.000 sale=0.000 mtax=0.000 chain=0.000 daily=0.000 nov=0.000 mile=0.000 surv=-0.528 idle=0.000 gover=0.000 | nw=1.52532e+06 pop=28 bases=8 money=0 credit=55119 day=211 | food=400 water=0 coal=0 home=290 free=28 roads=0
  ACTION: 21 (BUILD:BigFarm price=380385 need_earth=1) | money=0 pop=28 free=28
  BUILD FAILED: BigFarm (no cell or error)
STEP 194 | BUILD:BigFarm | total=-1.431 err=-1.000 tax=0.000 taxb=0.300 build=0.000 cost=0.000 div=0.000 prox=0.000 prov=0.000 preq=0.000 pres=0.000 sale=0.000 mtax=0.000 chain=0.000 daily=0.060 nov=0.000 mile=0.000 surv=-0.515 idle=0.000 gover=0.000 | nw=1.5252e+06 pop=28 bases=8 money=0 credit=55229 day=212 | food=400 water=0 coal=0 home=290 free=28 roads=0
  ACTION: 34 | money=0 pop=28 free=28
STEP 195 | MGR:improve | total=-11.521 err=-1.000 tax=0.000 taxb=0.300 build=0.000 cost=0.000 div=0.000 prox=0.000 prov=0.000 preq=0.000 pres=0.000 sale=0.000 mtax=0.000 chain=0.000 daily=0.000 nov=0.000 mile=0.000 surv=-0.544 idle=-10.000 gover=0.000 | nw=1.52507e+06 pop=28 bases=8 money=0 credit=55339 day=213 | food=400 water=0 coal=0 home=290 free=28 roads=0
  ACTION: 42 | money=0 pop=28 free=28
STEP 196 | MGR:credit_take | total=-1.272 err=0.000 tax=0.000 taxb=0.300 build=0.000 cost=0.000 div=0.000 prox=0.000 prov=0.000 preq=0.000 pres=0.000 sale=0.000 mtax=0.000 chain=0.000 daily=0.000 nov=0.000 mile=0.000 surv=-1.044 idle=0.000 gover=0.000 | nw=1.52484e+06 pop=28 bases=8 money=50000 credit=105549 day=214 | food=400 water=0 coal=0 home=290 free=28 roads=0
  ACTION: 7 (BUILD:Ironmine price=32008 need_earth=5) | money=50000 pop=28 free=28
  BUILD FAILED: Ironmine (no cell or error)
STEP 197 | BUILD:Ironmine | total=-2.284 err=-1.000 tax=0.000 taxb=0.300 build=0.000 cost=0.000 div=0.000 prox=0.000 prov=0.000 preq=0.000 pres=0.000 sale=0.000 mtax=0.000 chain=0.000 daily=0.000 nov=0.000 mile=0.000 surv=-1.055 idle=0.000 gover=0.000 | nw=1.52461e+06 pop=28 bases=8 money=50000 credit=105760 day=215 | food=400 water=0 coal=0 home=290 free=28 roads=0
  ACTION: 1 (WEEK) | money=50000 pop=28 free=28
STEP 198 | WEEK | total=-21.435 err=0.000 tax=0.000 taxb=0.300 build=0.000 cost=0.000 div=0.000 prox=0.000 prov=0.000 preq=0.000 pres=0.000 sale=0.000 mtax=0.000 chain=0.000 daily=0.000 nov=0.000 mile=0.000 surv=-7.982 idle=-10.000 gover=0.000 | nw=1.52299e+06 pop=28 bases=8 money=50000 credit=107246 day=222 | food=400 water=0 coal=0 home=290 free=28 roads=0
  ACTION: 16 (BUILD:CoalCut price=48300 need_earth=4) | money=50000 pop=28 free=28
  BUILD FAILED: CoalCut (no cell or error)
STEP 199 | BUILD:CoalCut | total=-2.299 err=-1.000 tax=0.000 taxb=0.300 build=0.000 cost=0.000 div=0.000 prox=0.000 prov=0.000 preq=0.000 pres=0.000 sale=0.000 mtax=0.000 chain=0.000 daily=0.000 nov=0.000 mile=0.000 surv=-1.062 idle=0.000 gover=0.000 | nw=1.52276e+06 pop=28 bases=8 money=50000 credit=107460 day=223 | food=400 water=0 coal=0 home=290 free=28 roads=0
  ACTION: 43 | money=50000 pop=28 free=28
STEP 200 | MGR:credit_give | total=-0.565 err=0.000 tax=0.000 taxb=0.300 build=0.000 cost=0.000 div=0.000 prox=0.000 prov=0.000 preq=0.000 pres=0.000 sale=0.000 mtax=0.000 chain=0.000 daily=0.000 nov=0.000 mile=0.000 surv=-0.577 idle=0.000 gover=0.000 | nw=1.52263e+06 pop=28 bases=8 money=0 credit=57574 day=224 | food=400 water=0 coal=0 home=290 free=28 roads=0
  BUILDINGS: City(0d) Apiary(0d) SmallHouse(0d) BigHouse(0d) House(0d) SmallHouse(0d) Apiary(0d) Farm(0d) 
  ACTION: 40 | money=0 pop=28 free=28
STEP 201 | MGR:sell | total=-10.347 err=0.000 tax=0.000 taxb=0.300 build=0.000 cost=0.000 div=0.000 prox=0.000 prov=0.000 preq=0.000 pres=0.000 sale=0.220 mtax=0.000 chain=0.000 daily=0.000 nov=0.000 mile=0.000 surv=-0.578 idle=-10.000 gover=0.000 | nw=1.52249e+06 pop=28 bases=8 money=200 credit=57689 day=225 | food=200 water=0 coal=0 home=290 free=28 roads=0
  ACTION: 14 (BUILD:SmallHouse price=5900 need_earth=10) | money=200 pop=28 free=28
  BUILD FAILED: SmallHouse (no cell or error)
STEP 202 | BUILD:SmallHouse | total=-1.568 err=-1.000 tax=0.000 taxb=0.300 build=0.000 cost=0.000 div=0.000 prox=0.000 prov=0.000 preq=0.000 pres=0.000 sale=0.000 mtax=0.000 chain=0.000 daily=0.000 nov=0.000 mile=0.000 surv=-0.579 idle=0.000 gover=0.000 | nw=1.52236e+06 pop=28 bases=8 money=200 credit=57804 day=226 | food=200 water=0 coal=0 home=290 free=28 roads=0
  ACTION: 7 (BUILD:Ironmine price=32008 need_earth=5) | money=200 pop=28 free=28
  BUILD FAILED: Ironmine (no cell or error)
STEP 203 | BUILD:Ironmine | total=-1.569 err=-1.000 tax=0.000 taxb=0.300 build=0.000 cost=0.000 div=0.000 prox=0.000 prov=0.000 preq=0.000 pres=0.000 sale=0.000 mtax=0.000 chain=0.000 daily=0.000 nov=0.000 mile=0.000 surv=-0.579 idle=0.000 gover=0.000 | nw=1.52222e+06 pop=28 bases=8 money=200 credit=57919 day=227 | food=200 water=0 coal=0 home=290 free=28 roads=0
  ACTION: 31 (BUILD:AirStation price=23790 need_earth=10) | money=200 pop=28 free=28
  BUILD FAILED: AirStation (no cell or error)
STEP 204 | BUILD:AirStation | total=-11.559 err=-1.000 tax=0.000 taxb=0.300 build=0.000 cost=0.000 div=0.000 prox=0.000 prov=0.000 preq=0.000 pres=0.000 sale=0.000 mtax=0.000 chain=0.000 daily=0.000 nov=0.000 mile=0.000 surv=-0.569 idle=-10.000 gover=0.000 | nw=1.52209e+06 pop=28 bases=8 money=200 credit=58034 day=228 | food=200 water=0 coal=0 home=290 free=28 roads=0
  ACTION: 21 (BUILD:BigFarm price=380385 need_earth=1) | money=200 pop=28 free=28
  BUILD FAILED: BigFarm (no cell or error)
STEP 205 | BUILD:BigFarm | total=-1.561 err=-1.000 tax=0.000 taxb=0.300 build=0.000 cost=0.000 div=0.000 prox=0.000 prov=0.000 preq=0.000 pres=0.000 sale=0.000 mtax=0.000 chain=0.000 daily=0.000 nov=0.000 mile=0.000 surv=-0.570 idle=0.000 gover=0.000 | nw=1.52195e+06 pop=28 bases=8 money=200 credit=58150 day=229 | food=200 water=0 coal=0 home=290 free=28 roads=0
  ACTION: 43 | money=200 pop=28 free=28
STEP 206 | MGR:credit_give | total=-1.571 err=-1.000 tax=0.000 taxb=0.300 build=0.000 cost=0.000 div=0.000 prox=0.000 prov=0.000 preq=0.000 pres=0.000 sale=0.000 mtax=0.000 chain=0.000 daily=0.000 nov=0.000 mile=0.000 surv=-0.580 idle=0.000 gover=0.000 | nw=1.52182e+06 pop=28 bases=8 money=200 credit=58266 day=230 | food=200 water=0 coal=0 home=290 free=28 roads=0
  ACTION: 9 (BUILD:Goldmine price=77000 need_earth=7) | money=200 pop=28 free=28
  BUILD FAILED: Goldmine (no cell or error)
STEP 207 | BUILD:Goldmine | total=-11.576 err=-1.000 tax=0.000 taxb=0.300 build=0.000 cost=0.000 div=0.000 prox=0.000 prov=0.000 preq=0.000 pres=0.000 sale=0.000 mtax=0.000 chain=0.000 daily=0.000 nov=0.000 mile=0.000 surv=-0.584 idle=-10.000 gover=0.000 | nw=1.52168e+06 pop=28 bases=8 money=200 credit=58382 day=231 | food=200 water=0 coal=0 home=290 free=28 roads=0
  ACTION: 40 | money=200 pop=28 free=28
STEP 208 | MGR:sell | total=-1.571 err=-1.000 tax=0.000 taxb=0.300 build=0.000 cost=0.000 div=0.000 prox=0.000 prov=0.000 preq=0.000 pres=0.000 sale=0.000 mtax=0.000 chain=0.000 daily=0.000 nov=0.000 mile=0.000 surv=-0.578 idle=0.000 gover=0.000 | nw=1.52154e+06 pop=28 bases=8 money=200 credit=58498 day=232 | food=200 water=0 coal=0 home=290 free=28 roads=0
  ACTION: 27 (BUILD:WaterMill price=2900197 need_earth=2) | money=200 pop=28 free=28
  BUILD FAILED: WaterMill (no cell or error)
STEP 209 | BUILD:WaterMill | total=-1.576 err=-1.000 tax=0.000 taxb=0.300 build=0.000 cost=0.000 div=0.000 prox=0.000 prov=0.000 preq=0.000 pres=0.000 sale=0.000 mtax=0.000 chain=0.000 daily=0.000 nov=0.000 mile=0.000 surv=-0.583 idle=0.000 gover=0.000 | nw=1.52141e+06 pop=28 bases=8 money=200 credit=58614 day=233 | food=200 water=0 coal=0 home=290 free=28 roads=0
  ACTION: 39 | money=200 pop=28 free=28
STEP 210 | MGR:unpreserve | total=-11.577 err=-1.000 tax=0.000 taxb=0.300 build=0.000 cost=0.000 div=0.000 prox=0.000 prov=0.000 preq=0.000 pres=0.000 sale=0.000 mtax=0.000 chain=0.000 daily=0.000 nov=0.000 mile=0.000 surv=-0.583 idle=-10.000 gover=0.000 | nw=1.52127e+06 pop=28 bases=8 money=200 credit=58731 day=234 | food=200 water=0 coal=0 home=290 free=28 roads=0
  ACTION: 40 | money=200 pop=28 free=28
STEP 211 | MGR:sell | total=-1.580 err=-1.000 tax=0.000 taxb=0.300 build=0.000 cost=0.000 div=0.000 prox=0.000 prov=0.000 preq=0.000 pres=0.000 sale=0.000 mtax=0.000 chain=0.000 daily=0.000 nov=0.000 mile=0.000 surv=-0.586 idle=0.000 gover=0.000 | nw=1.52113e+06 pop=28 bases=8 money=200 credit=58848 day=235 | food=200 water=0 coal=0 home=290 free=28 roads=0
  ACTION: 17 (BUILD:HuntingLand price=16985 need_earth=3) | money=200 pop=28 free=28
  BUILD FAILED: HuntingLand (no cell or error)
STEP 212 | BUILD:HuntingLand | total=-1.582 err=-1.000 tax=0.000 taxb=0.300 build=0.000 cost=0.000 div=0.000 prox=0.000 prov=0.000 preq=0.000 pres=0.000 sale=0.000 mtax=0.000 chain=0.000 daily=0.000 nov=0.000 mile=0.000 surv=-0.587 idle=0.000 gover=0.000 | nw=1.521e+06 pop=28 bases=8 money=200 credit=58965 day=236 | food=200 water=0 coal=0 home=290 free=28 roads=0
  ACTION: 24 (BUILD:Hothouse price=16590 need_earth=10) | money=200 pop=28 free=28
  BUILD FAILED: Hothouse (no cell or error)
STEP 213 | BUILD:Hothouse | total=-11.587 err=-1.000 tax=0.000 taxb=0.300 build=0.000 cost=0.000 div=0.000 prox=0.000 prov=0.000 preq=0.000 pres=0.000 sale=0.000 mtax=0.000 chain=0.000 daily=0.000 nov=0.000 mile=0.000 surv=-0.592 idle=-10.000 gover=0.000 | nw=1.52086e+06 pop=28 bases=8 money=200 credit=59082 day=237 | food=200 water=0 coal=0 home=290 free=28 roads=0
  ACTION: 7 (BUILD:Ironmine price=32008 need_earth=5) | money=200 pop=28 free=28
  BUILD FAILED: Ironmine (no cell or error)
STEP 214 | BUILD:Ironmine | total=-1.594 err=-1.000 tax=0.000 taxb=0.300 build=0.000 cost=0.000 div=0.000 prox=0.000 prov=0.000 preq=0.000 pres=0.000 sale=0.000 mtax=0.000 chain=0.000 daily=0.000 nov=0.000 mile=0.000 surv=-0.598 idle=0.000 gover=0.000 | nw=1.52072e+06 pop=28 bases=8 money=200 credit=59200 day=238 | food=200 water=0 coal=0 home=290 free=28 roads=0
  ACTION: 15 (BUILD:Fish price=30202 need_earth=2) | money=200 pop=28 free=28
  BUILD FAILED: Fish (no cell or error)
STEP 215 | BUILD:Fish | total=-1.585 err=-1.000 tax=0.000 taxb=0.300 build=0.000 cost=0.000 div=0.000 prox=0.000 prov=0.000 preq=0.000 pres=0.000 sale=0.000 mtax=0.000 chain=0.000 daily=0.000 nov=0.000 mile=0.000 surv=-0.588 idle=0.000 gover=0.000 | nw=1.52058e+06 pop=28 bases=8 money=200 credit=59318 day=239 | food=200 water=0 coal=0 home=290 free=28 roads=0
  ACTION: 15 (BUILD:Fish price=30202 need_earth=2) | money=200 pop=28 free=28
  BUILD FAILED: Fish (no cell or error)
STEP 216 | BUILD:Fish | total=-11.578 err=-1.000 tax=0.000 taxb=0.300 build=0.000 cost=0.000 div=0.000 prox=0.000 prov=0.000 preq=0.000 pres=0.000 sale=0.000 mtax=0.000 chain=0.000 daily=0.000 nov=0.000 mile=0.000 surv=-0.581 idle=-10.000 gover=0.000 | nw=1.52044e+06 pop=28 bases=8 money=200 credit=59436 day=240 | food=200 water=0 coal=0 home=290 free=28 roads=0
  ACTION: 24 (BUILD:Hothouse price=16590 need_earth=10) | money=200 pop=28 free=28
  BUILD FAILED: Hothouse (no cell or error)
STEP 217 | BUILD:Hothouse | total=-1.587 err=-1.000 tax=0.000 taxb=0.300 build=0.000 cost=0.000 div=0.000 prox=0.000 prov=0.000 preq=0.000 pres=0.000 sale=0.000 mtax=0.000 chain=0.000 daily=0.000 nov=0.000 mile=0.000 surv=-0.589 idle=0.000 gover=0.000 | nw=1.52031e+06 pop=28 bases=8 money=200 credit=59554 day=241 | food=200 water=0 coal=0 home=290 free=28 roads=0
  ACTION: 44 | money=200 pop=28 free=28
STEP 218 | MGR:manual_tax | total=-0.093 err=0.000 tax=0.000 taxb=0.300 build=0.000 cost=0.000 div=0.000 prox=0.000 prov=0.000 preq=0.000 pres=0.000 sale=0.000 mtax=0.500 chain=0.000 daily=0.000 nov=0.000 mile=0.000 surv=-0.594 idle=0.000 gover=0.000 | nw=1.52017e+06 pop=28 bases=8 money=200 credit=59673 day=242 | food=200 water=0 coal=0 home=290 free=28 roads=0
  ACTION: 18 (BUILD:CowFarm price=32002 need_earth=10) | money=200 pop=28 free=28
  BUILD FAILED: CowFarm (no cell or error)
STEP 219 | BUILD:CowFarm | total=-11.598 err=-1.000 tax=0.000 taxb=0.300 build=0.000 cost=0.000 div=0.000 prox=0.000 prov=0.000 preq=0.000 pres=0.000 sale=0.000 mtax=0.000 chain=0.000 daily=0.000 nov=0.000 mile=0.000 surv=-0.599 idle=-10.000 gover=0.000 | nw=1.52003e+06 pop=28 bases=8 money=200 credit=59792 day=243 | food=200 water=0 coal=0 home=290 free=28 roads=0
  ACTION: 1 (WEEK) | money=200 pop=28 free=28
STEP 220 | WEEK | total=-6.610 err=0.000 tax=0.000 taxb=0.300 build=0.000 cost=0.000 div=0.000 prox=0.000 prov=0.000 preq=0.000 pres=0.000 sale=0.000 mtax=0.000 chain=0.000 daily=0.000 nov=0.000 mile=0.000 surv=-4.788 idle=0.000 gover=0.000 | nw=1.51905e+06 pop=28 bases=8 money=200 credit=60631 day=250 | food=200 water=0 coal=0 home=290 free=28 roads=0
  ACTION: 20 (BUILD:BigHouse price=66400 need_earth=1) | money=200 pop=28 free=28
  BUILD FAILED: BigHouse (no cell or error)
STEP 221 | BUILD:BigHouse | total=-1.609 err=-1.000 tax=0.000 taxb=0.300 build=0.000 cost=0.000 div=0.000 prox=0.000 prov=0.000 preq=0.000 pres=0.000 sale=0.000 mtax=0.000 chain=0.000 daily=0.000 nov=0.000 mile=0.000 surv=-0.605 idle=0.000 gover=0.000 | nw=1.51891e+06 pop=28 bases=8 money=200 credit=60752 day=251 | food=200 water=0 coal=0 home=290 free=28 roads=0
  ACTION: 4 (BUILD:WaterChannel price=18310 need_earth=2) | money=200 pop=28 free=28
  BUILD FAILED: WaterChannel (no cell or error)
STEP 222 | BUILD:WaterChannel | total=-10.947 err=-1.000 tax=0.000 taxb=0.300 build=0.673 cost=0.000 div=0.000 prox=0.000 prov=0.000 preq=0.000 pres=0.000 sale=0.000 mtax=0.000 chain=0.000 daily=0.000 nov=0.000 mile=0.000 surv=-0.616 idle=-10.000 gover=0.000 | nw=1.51877e+06 pop=28 bases=8 money=200 credit=60873 day=252 | food=200 water=0 coal=0 home=290 free=28 roads=0
  ACTION: 43 | money=200 pop=28 free=28
STEP 223 | MGR:credit_give | total=-1.600 err=-1.000 tax=0.000 taxb=0.300 build=0.000 cost=0.000 div=0.000 prox=0.000 prov=0.000 preq=0.000 pres=0.000 sale=0.000 mtax=0.000 chain=0.000 daily=0.000 nov=0.000 mile=0.000 surv=-0.595 idle=0.000 gover=0.000 | nw=1.51863e+06 pop=28 bases=8 money=200 credit=60994 day=253 | food=200 water=0 coal=0 home=290 free=28 roads=0
  ACTION: 30 (BUILD:BigIronmine price=2715002 need_earth=5) | money=200 pop=28 free=28
  BUILD FAILED: BigIronmine (no cell or error)
STEP 224 | BUILD:BigIronmine | total=-1.599 err=-1.000 tax=0.000 taxb=0.300 build=0.000 cost=0.000 div=0.000 prox=0.000 prov=0.000 preq=0.000 pres=0.000 sale=0.000 mtax=0.000 chain=0.000 daily=0.000 nov=0.000 mile=0.000 surv=-0.593 idle=0.000 gover=0.000 | nw=1.51849e+06 pop=28 bases=8 money=200 credit=61115 day=254 | food=200 water=0 coal=0 home=290 free=28 roads=0
  ACTION: 6 (BUILD:Coalmine price=25471 need_earth=4) | money=200 pop=28 free=28
  BUILD FAILED: Coalmine (no cell or error)
STEP 225 | BUILD:Coalmine | total=-11.601 err=-1.000 tax=0.000 taxb=0.300 build=0.000 cost=0.000 div=0.000 prox=0.000 prov=0.000 preq=0.000 pres=0.000 sale=0.000 mtax=0.000 chain=0.000 daily=0.000 nov=0.000 mile=0.000 surv=-0.595 idle=-10.000 gover=0.000 | nw=1.51835e+06 pop=28 bases=8 money=200 credit=61237 day=255 | food=200 water=0 coal=0 home=290 free=28 roads=0
  ACTION: 3 (BUILD:Garden price=7640 need_earth=10) | money=200 pop=28 free=28
  BUILD FAILED: Garden (no cell or error)
STEP 226 | BUILD:Garden | total=-1.615 err=-1.000 tax=0.000 taxb=0.300 build=0.000 cost=0.000 div=0.000 prox=0.000 prov=0.000 preq=0.000 pres=0.000 sale=0.000 mtax=0.000 chain=0.000 daily=0.000 nov=0.000 mile=0.000 surv=-0.608 idle=0.000 gover=0.000 | nw=1.51821e+06 pop=28 bases=8 money=200 credit=61359 day=256 | food=200 water=0 coal=0 home=290 free=28 roads=0
  ACTION: 10 (BUILD:PowerStation price=92433 need_earth=10) | money=200 pop=28 free=28
  BUILD FAILED: PowerStation (no cell or error)
STEP 227 | BUILD:PowerStation | total=-1.608 err=-1.000 tax=0.000 taxb=0.300 build=0.000 cost=0.000 div=0.000 prox=0.000 prov=0.000 preq=0.000 pres=0.000 sale=0.000 mtax=0.000 chain=0.000 daily=0.000 nov=0.000 mile=0.000 surv=-0.600 idle=0.000 gover=0.000 | nw=1.51807e+06 pop=28 bases=8 money=200 credit=61481 day=257 | food=200 water=0 coal=0 home=290 free=28 roads=0
  ACTION: 36 | money=200 pop=28 free=28
STEP 228 | MGR:restore_all | total=-9.679 err=0.000 tax=0.000 taxb=0.300 build=0.000 cost=0.000 div=0.000 prox=0.000 prov=0.000 preq=0.000 pres=0.000 sale=0.000 mtax=0.000 chain=0.000 daily=0.000 nov=0.000 mile=0.000 surv=0.329 idle=-10.000 gover=0.000 | nw=1.51811e+06 pop=28 bases=8 money=0 credit=61603 day=258 | food=200 water=0 coal=0 home=290 free=28 roads=0
  ACTION: 8 (BUILD:Refinery price=82684 need_earth=6) | money=0 pop=28 free=28
  BUILD FAILED: Refinery (no cell or error)
STEP 229 | BUILD:Refinery | total=-1.625 err=-1.000 tax=0.000 taxb=0.300 build=0.000 cost=0.000 div=0.000 prox=0.000 prov=0.000 preq=0.000 pres=0.000 sale=0.000 mtax=0.000 chain=0.000 daily=0.000 nov=0.000 mile=0.000 surv=-0.616 idle=0.000 gover=0.000 | nw=1.51797e+06 pop=28 bases=8 money=0 credit=61726 day=259 | food=200 water=0 coal=0 home=290 free=28 roads=0
  ACTION: 23 (BUILD:Torchlight price=215000 need_earth=6) | money=0 pop=28 free=28
  BUILD FAILED: Torchlight (no cell or error)
STEP 230 | BUILD:Torchlight | total=-1.618 err=-1.000 tax=0.000 taxb=0.300 build=0.000 cost=0.000 div=0.000 prox=0.000 prov=0.000 preq=0.000 pres=0.000 sale=0.000 mtax=0.000 chain=0.000 daily=0.000 nov=0.000 mile=0.000 surv=-0.609 idle=0.000 gover=0.000 | nw=1.51783e+06 pop=28 bases=8 money=0 credit=61849 day=260 | food=200 water=0 coal=0 home=290 free=28 roads=0
  ACTION: 2 (BUILD:Farm price=19814 need_earth=10) | money=0 pop=28 free=28
  BUILD FAILED: Farm (no cell or error)
STEP 231 | BUILD:Farm | total=-11.619 err=-1.000 tax=0.000 taxb=0.300 build=0.000 cost=0.000 div=0.000 prox=0.000 prov=0.000 preq=0.000 pres=0.000 sale=0.000 mtax=0.000 chain=0.000 daily=0.000 nov=0.000 mile=0.000 surv=-0.609 idle=-10.000 gover=0.000 | nw=1.51769e+06 pop=28 bases=8 money=0 credit=61972 day=261 | food=200 water=0 coal=0 home=290 free=28 roads=0
  ACTION: 44 | money=0 pop=28 free=28
STEP 232 | MGR:manual_tax | total=-0.117 err=0.000 tax=0.000 taxb=0.300 build=0.000 cost=0.000 div=0.000 prox=0.000 prov=0.000 preq=0.000 pres=0.000 sale=0.000 mtax=0.500 chain=0.000 daily=0.000 nov=0.000 mile=0.000 surv=-0.607 idle=0.000 gover=0.000 | nw=1.51754e+06 pop=28 bases=8 money=0 credit=62095 day=262 | food=200 water=0 coal=0 home=290 free=28 roads=0
  ACTION: 0 (DAY) | money=0 pop=28 free=28
STEP 233 | DAY | total=-0.622 err=0.000 tax=0.000 taxb=0.300 build=0.000 cost=0.000 div=0.000 prox=0.000 prov=0.000 preq=0.000 pres=0.000 sale=0.000 mtax=0.000 chain=0.000 daily=0.000 nov=0.000 mile=0.000 surv=-0.610 idle=0.000 gover=0.000 | nw=1.5174e+06 pop=28 bases=8 money=0 credit=62219 day=263 | food=200 water=0 coal=0 home=290 free=28 roads=0
  ACTION: 4 (BUILD:WaterChannel price=18310 need_earth=2) | money=0 pop=28 free=28
  BUILD FAILED: WaterChannel (no cell or error)
STEP 234 | BUILD:WaterChannel | total=-10.966 err=-1.000 tax=0.000 taxb=0.300 build=0.673 cost=0.000 div=0.000 prox=0.000 prov=0.000 preq=0.000 pres=0.000 sale=0.000 mtax=0.000 chain=0.000 daily=0.000 nov=0.000 mile=0.000 surv=-0.628 idle=-10.000 gover=0.000 | nw=1.51726e+06 pop=28 bases=8 money=0 credit=62343 day=264 | food=200 water=0 coal=0 home=290 free=28 roads=0
  ACTION: 28 (BUILD:BigRefinary price=3999149 need_earth=6) | money=0 pop=28 free=28
  BUILD FAILED: BigRefinary (no cell or error)
STEP 235 | BUILD:BigRefinary | total=-1.630 err=-1.000 tax=0.000 taxb=0.300 build=0.000 cost=0.000 div=0.000 prox=0.000 prov=0.000 preq=0.000 pres=0.000 sale=0.000 mtax=0.000 chain=0.000 daily=0.000 nov=0.000 mile=0.000 surv=-0.618 idle=0.000 gover=0.000 | nw=1.51711e+06 pop=28 bases=8 money=0 credit=62467 day=265 | food=200 water=0 coal=0 home=290 free=28 roads=0
  ACTION: 8 (BUILD:Refinery price=82684 need_earth=6) | money=0 pop=28 free=28
  BUILD FAILED: Refinery (no cell or error)
STEP 236 | BUILD:Refinery | total=-1.622 err=-1.000 tax=0.000 taxb=0.300 build=0.000 cost=0.000 div=0.000 prox=0.000 prov=0.000 preq=0.000 pres=0.000 sale=0.000 mtax=0.000 chain=0.000 daily=0.000 nov=0.000 mile=0.000 surv=-0.609 idle=0.000 gover=0.000 | nw=1.51697e+06 pop=28 bases=8 money=0 credit=62591 day=266 | food=200 water=0 coal=0 home=290 free=28 roads=0
  ACTION: 14 (BUILD:SmallHouse price=5900 need_earth=10) | money=0 pop=28 free=28
  BUILD FAILED: SmallHouse (no cell or error)
STEP 237 | BUILD:SmallHouse | total=-11.639 err=-1.000 tax=0.000 taxb=0.300 build=0.000 cost=0.000 div=0.000 prox=0.000 prov=0.000 preq=0.000 pres=0.000 sale=0.000 mtax=0.000 chain=0.000 daily=0.000 nov=0.000 mile=0.000 surv=-0.626 idle=-10.000 gover=0.000 | nw=1.51683e+06 pop=28 bases=8 money=0 credit=62716 day=267 | food=200 water=0 coal=0 home=290 free=28 roads=0
  ACTION: 41 | money=0 pop=28 free=28
STEP 238 | MGR:buy_food | total=-1.612 err=-1.000 tax=0.000 taxb=0.300 build=0.000 cost=0.000 div=0.000 prox=0.000 prov=0.000 preq=0.000 pres=0.000 sale=0.000 mtax=0.000 chain=0.000 daily=0.000 nov=0.000 mile=0.000 surv=-0.598 idle=0.000 gover=0.000 | nw=1.51669e+06 pop=28 bases=8 money=0 credit=62841 day=268 | food=200 water=0 coal=0 home=290 free=28 roads=0
  ACTION: 2 (BUILD:Farm price=19814 need_earth=10) | money=0 pop=28 free=28
  BUILD FAILED: Farm (no cell or error)
STEP 239 | BUILD:Farm | total=-1.644 err=-1.000 tax=0.000 taxb=0.300 build=0.000 cost=0.000 div=0.000 prox=0.000 prov=0.000 preq=0.000 pres=0.000 sale=0.000 mtax=0.000 chain=0.000 daily=0.000 nov=0.000 mile=0.000 surv=-0.629 idle=0.000 gover=0.000 | nw=1.51654e+06 pop=28 bases=8 money=0 credit=62966 day=269 | food=200 water=0 coal=0 home=290 free=28 roads=0
  ACTION: 9 (BUILD:Goldmine price=77000 need_earth=7) | money=0 pop=28 free=28
  BUILD FAILED: Goldmine (no cell or error)
STEP 240 | BUILD:Goldmine | total=-11.632 err=-1.000 tax=0.000 taxb=0.300 build=0.000 cost=0.000 div=0.000 prox=0.000 prov=0.000 preq=0.000 pres=0.000 sale=0.000 mtax=0.000 chain=0.000 daily=0.000 nov=0.000 mile=0.000 surv=-0.617 idle=-10.000 gover=0.000 | nw=1.5164e+06 pop=28 bases=8 money=0 credit=63091 day=270 | food=200 water=0 coal=0 home=290 free=28 roads=0
  ACTION: 39 | money=0 pop=28 free=28
STEP 241 | MGR:unpreserve | total=-0.649 err=-1.000 tax=0.000 taxb=0.300 build=0.000 cost=0.000 div=0.000 prox=0.000 prov=0.000 preq=0.000 pres=0.000 sale=0.000 mtax=0.000 chain=0.000 daily=0.000 nov=0.000 mile=0.000 surv=-0.633 idle=0.000 gover=0.000 | nw=1.51625e+06 pop=29 bases=8 money=0 credit=63217 day=271 | food=200 water=0 coal=0 home=290 free=29 roads=0
  ACTION: 37 | money=0 pop=29 free=29
STEP 242 | MGR:destroy | total=-42.393 err=0.000 tax=0.000 taxb=0.300 build=0.000 cost=0.000 div=0.000 prox=0.000 prov=0.000 preq=0.000 pres=0.000 sale=0.000 mtax=0.000 chain=0.000 daily=0.000 nov=0.000 mile=0.000 surv=-42.376 idle=0.000 gover=0.000 | nw=1.50776e+06 pop=29 bases=7 money=938 credit=63343 day=272 | food=200 water=0 coal=0 home=350 free=29 roads=0
  ACTION: 30 (BUILD:BigIronmine price=2715002 need_earth=5) | money=938 pop=29 free=29
  BUILD FAILED: BigIronmine (no cell or error)
STEP 243 | BUILD:BigIronmine | total=-11.629 err=-1.000 tax=0.000 taxb=0.300 build=0.000 cost=0.000 div=0.000 prox=0.000 prov=0.000 preq=0.000 pres=0.000 sale=0.000 mtax=0.000 chain=0.000 daily=0.000 nov=0.000 mile=0.000 surv=-0.611 idle=-10.000 gover=0.000 | nw=1.50761e+06 pop=29 bases=7 money=938 credit=63469 day=273 | food=200 water=0 coal=0 home=350 free=29 roads=0
  ACTION: 17 (BUILD:HuntingLand price=16985 need_earth=3) | money=938 pop=29 free=29
  BUILD FAILED: HuntingLand (no cell or error)
STEP 244 | BUILD:HuntingLand | total=-1.620 err=-1.000 tax=0.000 taxb=0.300 build=0.000 cost=0.000 div=0.000 prox=0.000 prov=0.000 preq=0.000 pres=0.000 sale=0.000 mtax=0.000 chain=0.000 daily=0.000 nov=0.000 mile=0.000 surv=-0.602 idle=0.000 gover=0.000 | nw=1.50747e+06 pop=29 bases=7 money=938 credit=63595 day=274 | food=200 water=0 coal=0 home=350 free=29 roads=0
  ACTION: 39 | money=938 pop=29 free=29
STEP 245 | MGR:unpreserve | total=-1.629 err=-1.000 tax=0.000 taxb=0.300 build=0.000 cost=0.000 div=0.000 prox=0.000 prov=0.000 preq=0.000 pres=0.000 sale=0.000 mtax=0.000 chain=0.000 daily=0.000 nov=0.000 mile=0.000 surv=-0.610 idle=0.000 gover=0.000 | nw=1.50733e+06 pop=29 bases=7 money=938 credit=63722 day=275 | food=200 water=0 coal=0 home=350 free=29 roads=0
  ACTION: 5 (BUILD:Sawmill price=17570 need_earth=3) | money=938 pop=29 free=29
  BUILD FAILED: Sawmill (no cell or error)
STEP 246 | BUILD:Sawmill | total=-11.639 err=-1.000 tax=0.000 taxb=0.300 build=0.000 cost=0.000 div=0.000 prox=0.000 prov=0.000 preq=0.000 pres=0.000 sale=0.000 mtax=0.000 chain=0.000 daily=0.000 nov=0.000 mile=0.000 surv=-0.620 idle=-10.000 gover=0.000 | nw=1.50719e+06 pop=29 bases=7 money=938 credit=63849 day=276 | food=200 water=0 coal=0 home=350 free=29 roads=0
  ACTION: 18 (BUILD:CowFarm price=32002 need_earth=10) | money=938 pop=29 free=29
  BUILD FAILED: CowFarm (no cell or error)
STEP 247 | BUILD:CowFarm | total=-1.625 err=-1.000 tax=0.000 taxb=0.300 build=0.000 cost=0.000 div=0.000 prox=0.000 prov=0.000 preq=0.000 pres=0.000 sale=0.000 mtax=0.000 chain=0.000 daily=0.000 nov=0.000 mile=0.000 surv=-0.605 idle=0.000 gover=0.000 | nw=1.50705e+06 pop=29 bases=7 money=938 credit=63976 day=277 | food=200 water=0 coal=0 home=350 free=29 roads=0
  ACTION: 24 (BUILD:Hothouse price=16590 need_earth=10) | money=938 pop=29 free=29
  BUILD FAILED: Hothouse (no cell or error)
STEP 248 | BUILD:Hothouse | total=-1.634 err=-1.000 tax=0.000 taxb=0.300 build=0.000 cost=0.000 div=0.000 prox=0.000 prov=0.000 preq=0.000 pres=0.000 sale=0.000 mtax=0.000 chain=0.000 daily=0.000 nov=0.000 mile=0.000 surv=-0.614 idle=0.000 gover=0.000 | nw=1.5069e+06 pop=29 bases=7 money=938 credit=64103 day=278 | food=200 water=0 coal=0 home=350 free=29 roads=0
  ACTION: 32 (BUILD:SmallAtomStation price=29000000 need_earth=2) | money=938 pop=29 free=29
  BUILD FAILED: SmallAtomStation (no cell or error)
STEP 249 | BUILD:SmallAtomStation | total=-11.644 err=-1.000 tax=0.000 taxb=0.300 build=0.000 cost=0.000 div=0.000 prox=0.000 prov=0.000 preq=0.000 pres=0.000 sale=0.000 mtax=0.000 chain=0.000 daily=0.000 nov=0.000 mile=0.000 surv=-0.623 idle=-10.000 gover=0.000 | nw=1.50676e+06 pop=29 bases=7 money=938 credit=64231 day=279 | food=200 water=0 coal=0 home=350 free=29 roads=0
  ACTION: 22 (BUILD:Apiary price=9385 need_earth=10) | money=938 pop=29 free=29
  BUILD FAILED: Apiary (no cell or error)
STEP 250 | BUILD:Apiary | total=-1.628 err=-1.000 tax=0.000 taxb=0.300 build=0.000 cost=0.000 div=0.000 prox=0.000 prov=0.000 preq=0.000 pres=0.000 sale=0.000 mtax=0.000 chain=0.000 daily=0.000 nov=0.000 mile=0.000 surv=-0.606 idle=0.000 gover=0.000 | nw=1.50662e+06 pop=29 bases=7 money=938 credit=64359 day=280 | food=200 water=0 coal=0 home=350 free=29 roads=0
  ACTION: 14 (BUILD:SmallHouse price=5900 need_earth=10) | money=938 pop=29 free=29
  BUILD FAILED: SmallHouse (no cell or error)
STEP 251 | BUILD:SmallHouse | total=-1.642 err=-1.000 tax=0.000 taxb=0.300 build=0.000 cost=0.000 div=0.000 prox=0.000 prov=0.000 preq=0.000 pres=0.000 sale=0.000 mtax=0.000 chain=0.000 daily=0.000 nov=0.000 mile=0.000 surv=-0.620 idle=0.000 gover=0.000 | nw=1.50647e+06 pop=29 bases=7 money=938 credit=64487 day=281 | food=200 water=0 coal=0 home=350 free=29 roads=0
  ACTION: 22 (BUILD:Apiary price=9385 need_earth=10) | money=938 pop=29 free=29
  BUILD FAILED: Apiary (no cell or error)
STEP 252 | BUILD:Apiary | total=-11.638 err=-1.000 tax=0.000 taxb=0.300 build=0.000 cost=0.000 div=0.000 prox=0.000 prov=0.000 preq=0.000 pres=0.000 sale=0.000 mtax=0.000 chain=0.000 daily=0.000 nov=0.000 mile=0.000 surv=-0.615 idle=-10.000 gover=0.000 | nw=1.50633e+06 pop=29 bases=7 money=938 credit=64615 day=282 | food=200 water=0 coal=0 home=350 free=29 roads=0
  ACTION: 8 (BUILD:Refinery price=82684 need_earth=6) | money=938 pop=29 free=29
  BUILD FAILED: Refinery (no cell or error)
STEP 253 | BUILD:Refinery | total=-1.662 err=-1.000 tax=0.000 taxb=0.300 build=0.000 cost=0.000 div=0.000 prox=0.000 prov=0.000 preq=0.000 pres=0.000 sale=0.000 mtax=0.000 chain=0.000 daily=0.000 nov=0.000 mile=0.000 surv=-0.639 idle=0.000 gover=0.000 | nw=1.50618e+06 pop=29 bases=7 money=938 credit=64744 day=283 | food=200 water=0 coal=0 home=350 free=29 roads=0
  ACTION: 1 (WEEK) | money=938 pop=29 free=29
STEP 254 | WEEK | total=-7.063 err=0.000 tax=0.000 taxb=0.300 build=0.000 cost=0.000 div=0.000 prox=0.000 prov=0.000 preq=0.000 pres=0.000 sale=0.000 mtax=0.000 chain=0.000 daily=0.000 nov=0.000 mile=0.000 surv=-5.065 idle=0.000 gover=0.000 | nw=1.50515e+06 pop=29 bases=7 money=938 credit=65653 day=290 | food=200 water=0 coal=0 home=350 free=29 roads=0
  ACTION: 17 (BUILD:HuntingLand price=16985 need_earth=3) | money=938 pop=29 free=29
  BUILD FAILED: HuntingLand (no cell or error)
STEP 255 | BUILD:HuntingLand | total=-11.681 err=-1.000 tax=0.000 taxb=0.300 build=0.000 cost=0.000 div=0.000 prox=0.000 prov=0.000 preq=0.000 pres=0.000 sale=0.000 mtax=0.000 chain=0.000 daily=0.000 nov=0.000 mile=0.000 surv=-0.652 idle=-10.000 gover=0.000 | nw=1.505e+06 pop=29 bases=7 money=938 credit=65784 day=291 | food=200 water=0 coal=0 home=350 free=29 roads=0
  ACTION: 12 (BUILD:Road price=400 need_earth=10) | money=938 pop=29 free=29
STEP 256 | BUILD:Road | total=0.779 err=0.000 tax=0.000 taxb=0.300 build=1.500 cost=-0.040 div=0.000 prox=0.000 prov=0.000 preq=0.000 pres=0.000 sale=0.000 mtax=0.000 chain=0.000 daily=0.000 nov=0.000 mile=0.000 surv=-0.651 idle=0.000 gover=0.000 | nw=1.50485e+06 pop=29 bases=8 money=538 credit=65915 day=292 | food=200 water=0 coal=0 home=350 free=29 roads=1
  ACTION: 18 (BUILD:CowFarm price=32002 need_earth=10) | money=538 pop=29 free=29
  BUILD FAILED: CowFarm (no cell or error)
STEP 257 | BUILD:CowFarm | total=-1.663 err=-1.000 tax=0.000 taxb=0.300 build=0.000 cost=0.000 div=0.000 prox=0.000 prov=0.000 preq=0.000 pres=0.000 sale=0.000 mtax=0.000 chain=0.000 daily=0.000 nov=0.000 mile=0.000 surv=-0.633 idle=0.000 gover=0.000 | nw=1.5047e+06 pop=29 bases=8 money=538 credit=66046 day=293 | food=200 water=0 coal=0 home=350 free=29 roads=1
  ACTION: 44 | money=538 pop=29 free=29
STEP 258 | MGR:manual_tax | total=-10.165 err=0.000 tax=0.000 taxb=0.300 build=0.000 cost=0.000 div=0.000 prox=0.000 prov=0.000 preq=0.000 pres=0.000 sale=0.000 mtax=0.500 chain=0.000 daily=0.000 nov=0.000 mile=0.000 surv=-0.634 idle=-10.000 gover=0.000 | nw=1.50456e+06 pop=29 bases=8 money=538 credit=66178 day=294 | food=200 water=0 coal=0 home=350 free=29 roads=1
  ACTION: 3 (BUILD:Garden price=7640 need_earth=10) | money=538 pop=29 free=29
  BUILD FAILED: Garden (no cell or error)
STEP 259 | BUILD:Garden | total=-1.675 err=-1.000 tax=0.000 taxb=0.300 build=0.000 cost=0.000 div=0.000 prox=0.000 prov=0.000 preq=0.000 pres=0.000 sale=0.000 mtax=0.000 chain=0.000 daily=0.000 nov=0.000 mile=0.000 surv=-0.644 idle=0.000 gover=0.000 | nw=1.50441e+06 pop=29 bases=8 money=538 credit=66310 day=295 | food=200 water=0 coal=0 home=350 free=29 roads=1
  ACTION: 38 | money=538 pop=29 free=29
STEP 260 | MGR:preserve | total=2.315 err=0.000 tax=0.000 taxb=0.300 build=0.000 cost=0.000 div=0.000 prox=0.000 prov=0.000 preq=0.000 pres=3.000 sale=0.000 mtax=0.000 chain=0.000 daily=0.000 nov=0.000 mile=0.000 surv=-0.652 idle=0.000 gover=0.000 | nw=1.50426e+06 pop=29 bases=8 money=538 credit=66442 day=296 | food=200 water=0 coal=0 home=350 free=29 roads=1
  ACTION: 27 (BUILD:WaterMill price=2900197 need_earth=2) | money=538 pop=29 free=29
  BUILD FAILED: WaterMill (no cell or error)
STEP 261 | BUILD:WaterMill | total=-11.680 err=-1.000 tax=0.000 taxb=0.300 build=0.000 cost=0.000 div=0.000 prox=0.000 prov=0.000 preq=0.000 pres=0.000 sale=0.000 mtax=0.000 chain=0.000 daily=0.000 nov=0.000 mile=0.000 surv=-0.647 idle=-10.000 gover=0.000 | nw=1.50411e+06 pop=29 bases=8 money=538 credit=66574 day=297 | food=200 water=0 coal=0 home=350 free=29 roads=1
  ACTION: 28 (BUILD:BigRefinary price=3999149 need_earth=6) | money=538 pop=29 free=29
  BUILD FAILED: BigRefinary (no cell or error)
STEP 262 | BUILD:BigRefinary | total=-1.682 err=-1.000 tax=0.000 taxb=0.300 build=0.000 cost=0.000 div=0.000 prox=0.000 prov=0.000 preq=0.000 pres=0.000 sale=0.000 mtax=0.000 chain=0.000 daily=0.000 nov=0.000 mile=0.000 surv=-0.649 idle=0.000 gover=0.000 | nw=1.50396e+06 pop=29 bases=8 money=538 credit=66707 day=298 | food=200 water=0 coal=0 home=350 free=29 roads=1
  ACTION: 12 (BUILD:Road price=400 need_earth=10) | money=538 pop=29 free=29
STEP 263 | BUILD:Road | total=0.782 err=0.000 tax=0.000 taxb=0.300 build=1.500 cost=-0.040 div=0.000 prox=0.000 prov=0.000 preq=0.000 pres=0.000 sale=0.000 mtax=0.000 chain=0.000 daily=0.000 nov=0.000 mile=0.000 surv=-0.644 idle=0.000 gover=0.000 | nw=1.50381e+06 pop=29 bases=9 money=138 credit=66840 day=299 | food=200 water=0 coal=0 home=350 free=29 roads=2
  ACTION: 28 (BUILD:BigRefinary price=3999149 need_earth=6) | money=138 pop=29 free=29
  BUILD FAILED: BigRefinary (no cell or error)
STEP 264 | BUILD:BigRefinary | total=0.321 err=-1.000 tax=0.000 taxb=0.300 build=0.000 cost=0.000 div=0.000 prox=0.000 prov=0.000 preq=0.000 pres=0.000 sale=0.000 mtax=0.000 chain=0.000 daily=0.000 nov=0.000 mile=2.000 surv=-0.644 idle=0.000 gover=0.000 | nw=1.50366e+06 pop=29 bases=9 money=138 credit=66973 day=300 | food=200 water=0 coal=0 home=350 free=29 roads=2
  ACTION: 41 | money=138 pop=29 free=29
STEP 265 | MGR:buy_food | total=-11.682 err=-1.000 tax=0.000 taxb=0.300 build=0.000 cost=0.000 div=0.000 prox=0.000 prov=0.000 preq=0.000 pres=0.000 sale=0.000 mtax=0.000 chain=0.000 daily=0.000 nov=0.000 mile=0.000 surv=-0.646 idle=-10.000 gover=0.000 | nw=1.50351e+06 pop=29 bases=9 money=138 credit=67106 day=301 | food=200 water=0 coal=0 home=350 free=29 roads=2
  ACTION: 20 (BUILD:BigHouse price=66400 need_earth=1) | money=138 pop=29 free=29
  BUILD FAILED: BigHouse (no cell or error)
STEP 266 | BUILD:BigHouse | total=-1.690 err=-1.000 tax=0.000 taxb=0.300 build=0.000 cost=0.000 div=0.000 prox=0.000 prov=0.000 preq=0.000 pres=0.000 sale=0.000 mtax=0.000 chain=0.000 daily=0.000 nov=0.000 mile=0.000 surv=-0.653 idle=0.000 gover=0.000 | nw=1.50336e+06 pop=29 bases=9 money=138 credit=67240 day=302 | food=200 water=0 coal=0 home=350 free=29 roads=2
  ACTION: 9 (BUILD:Goldmine price=77000 need_earth=7) | money=138 pop=29 free=29
  BUILD FAILED: Goldmine (no cell or error)
STEP 267 | BUILD:Goldmine | total=-1.704 err=-1.000 tax=0.000 taxb=0.300 build=0.000 cost=0.000 div=0.000 prox=0.000 prov=0.000 preq=0.000 pres=0.000 sale=0.000 mtax=0.000 chain=0.000 daily=0.000 nov=0.000 mile=0.000 surv=-0.667 idle=0.000 gover=0.000 | nw=1.50321e+06 pop=29 bases=9 money=138 credit=67374 day=303 | food=200 water=0 coal=0 home=350 free=29 roads=2
  ACTION: 35 | money=138 pop=29 free=29
STEP 268 | MGR:repair | total=-10.124 err=0.000 tax=0.000 taxb=0.300 build=0.000 cost=0.000 div=0.000 prox=0.000 prov=0.000 preq=0.000 pres=0.000 sale=0.000 mtax=0.000 chain=0.000 daily=0.000 nov=0.000 mile=0.000 surv=-0.086 idle=-10.000 gover=0.000 | nw=1.50317e+06 pop=29 bases=9 money=19 credit=67508 day=304 | food=200 water=0 coal=0 home=350 free=29 roads=2
  ACTION: 28 (BUILD:BigRefinary price=3999149 need_earth=6) | money=19 pop=29 free=29
  BUILD FAILED: BigRefinary (no cell or error)
STEP 269 | BUILD:BigRefinary | total=-1.684 err=-1.000 tax=0.000 taxb=0.300 build=0.000 cost=0.000 div=0.000 prox=0.000 prov=0.000 preq=0.000 pres=0.000 sale=0.000 mtax=0.000 chain=0.000 daily=0.000 nov=0.000 mile=0.000 surv=-0.646 idle=0.000 gover=0.000 | nw=1.50302e+06 pop=29 bases=9 money=19 credit=67643 day=305 | food=200 water=0 coal=0 home=350 free=29 roads=2
  ACTION: 17 (BUILD:HuntingLand price=16985 need_earth=3) | money=19 pop=29 free=29
  BUILD FAILED: HuntingLand (no cell or error)
STEP 270 | BUILD:HuntingLand | total=-1.702 err=-1.000 tax=0.000 taxb=0.300 build=0.000 cost=0.000 div=0.000 prox=0.000 prov=0.000 preq=0.000 pres=0.000 sale=0.000 mtax=0.000 chain=0.000 daily=0.000 nov=0.000 mile=0.000 surv=-0.663 idle=0.000 gover=0.000 | nw=1.50287e+06 pop=29 bases=9 money=19 credit=67778 day=306 | food=200 water=0 coal=0 home=350 free=29 roads=2
  ACTION: 3 (BUILD:Garden price=7640 need_earth=10) | money=19 pop=29 free=29
  BUILD FAILED: Garden (no cell or error)
STEP 271 | BUILD:Garden | total=-11.700 err=-1.000 tax=0.000 taxb=0.300 build=0.000 cost=0.000 div=0.000 prox=0.000 prov=0.000 preq=0.000 pres=0.000 sale=0.000 mtax=0.000 chain=0.000 daily=0.000 nov=0.000 mile=0.000 surv=-0.660 idle=-10.000 gover=0.000 | nw=1.50272e+06 pop=29 bases=9 money=19 credit=67913 day=307 | food=200 water=0 coal=0 home=350 free=29 roads=2
  ACTION: 11 (BUILD:HydroStation price=92214 need_earth=2) | money=19 pop=29 free=29
  BUILD FAILED: HydroStation (no cell or error)
STEP 272 | BUILD:HydroStation | total=-1.705 err=-1.000 tax=0.000 taxb=0.300 build=0.000 cost=0.000 div=0.000 prox=0.000 prov=0.000 preq=0.000 pres=0.000 sale=0.000 mtax=0.000 chain=0.000 daily=0.000 nov=0.000 mile=0.000 surv=-0.665 idle=0.000 gover=0.000 | nw=1.50256e+06 pop=29 bases=9 money=19 credit=68048 day=308 | food=200 water=0 coal=0 home=350 free=29 roads=2
  ACTION: 33 (BUILD:AtomStation price=120000000 need_earth=2) | money=19 pop=29 free=29
  BUILD FAILED: AtomStation (no cell or error)
STEP 273 | BUILD:AtomStation | total=-1.718 err=-1.000 tax=0.000 taxb=0.300 build=0.000 cost=0.000 div=0.000 prox=0.000 prov=0.000 preq=0.000 pres=0.000 sale=0.000 mtax=0.000 chain=0.000 daily=0.000 nov=0.000 mile=0.000 surv=-0.677 idle=0.000 gover=0.000 | nw=1.50241e+06 pop=29 bases=9 money=19 credit=68184 day=309 | food=200 water=0 coal=0 home=350 free=29 roads=2
  ACTION: 43 | money=19 pop=29 free=29
STEP 274 | MGR:credit_give | total=-11.700 err=-1.000 tax=0.000 taxb=0.300 build=0.000 cost=0.000 div=0.000 prox=0.000 prov=0.000 preq=0.000 pres=0.000 sale=0.000 mtax=0.000 chain=0.000 daily=0.000 nov=0.000 mile=0.000 surv=-0.659 idle=-10.000 gover=0.000 | nw=1.50226e+06 pop=29 bases=9 money=19 credit=68320 day=310 | food=200 water=0 coal=0 home=350 free=29 roads=2
  ACTION: 13 (BUILD:House price=14038 need_earth=1) | money=19 pop=29 free=29
  BUILD FAILED: House (no cell or error)
STEP 275 | BUILD:House | total=-1.709 err=-1.000 tax=0.000 taxb=0.300 build=0.000 cost=0.000 div=0.000 prox=0.000 prov=0.000 preq=0.000 pres=0.000 sale=0.000 mtax=0.000 chain=0.000 daily=0.000 nov=0.000 mile=0.000 surv=-0.667 idle=0.000 gover=0.000 | nw=1.5021e+06 pop=29 bases=9 money=19 credit=68456 day=311 | food=200 water=0 coal=0 home=350 free=29 roads=2
  ACTION: 19 (BUILD:Mushroom price=12164 need_earth=3) | money=19 pop=29 free=29
  BUILD FAILED: Mushroom (no cell or error)
STEP 276 | BUILD:Mushroom | total=-1.720 err=-1.000 tax=0.000 taxb=0.300 build=0.000 cost=0.000 div=0.000 prox=0.000 prov=0.000 preq=0.000 pres=0.000 sale=0.000 mtax=0.000 chain=0.000 daily=0.000 nov=0.000 mile=0.000 surv=-0.677 idle=0.000 gover=0.000 | nw=1.50195e+06 pop=29 bases=9 money=19 credit=68592 day=312 | food=200 water=0 coal=0 home=350 free=29 roads=2
  ACTION: 31 (BUILD:AirStation price=23790 need_earth=10) | money=19 pop=29 free=29
  BUILD FAILED: AirStation (no cell or error)
STEP 277 | BUILD:AirStation | total=-11.708 err=-1.000 tax=0.000 taxb=0.300 build=0.000 cost=0.000 div=0.000 prox=0.000 prov=0.000 preq=0.000 pres=0.000 sale=0.000 mtax=0.000 chain=0.000 daily=0.000 nov=0.000 mile=0.000 surv=-0.664 idle=-10.000 gover=0.000 | nw=1.50179e+06 pop=29 bases=9 money=19 credit=68729 day=313 | food=200 water=0 coal=0 home=350 free=29 roads=2
  ACTION: 19 (BUILD:Mushroom price=12164 need_earth=3) | money=19 pop=29 free=29
  BUILD FAILED: Mushroom (no cell or error)
STEP 278 | BUILD:Mushroom | total=-1.726 err=-1.000 tax=0.000 taxb=0.300 build=0.000 cost=0.000 div=0.000 prox=0.000 prov=0.000 preq=0.000 pres=0.000 sale=0.000 mtax=0.000 chain=0.000 daily=0.000 nov=0.000 mile=0.000 surv=-0.681 idle=0.000 gover=0.000 | nw=1.50164e+06 pop=29 bases=9 money=19 credit=68866 day=314 | food=200 water=0 coal=0 home=350 free=29 roads=2
  ACTION: 38 | money=19 pop=29 free=29
STEP 279 | MGR:preserve | total=2.298 err=0.000 tax=0.000 taxb=0.300 build=0.000 cost=0.000 div=0.000 prox=0.000 prov=0.000 preq=0.000 pres=3.000 sale=0.000 mtax=0.000 chain=0.000 daily=0.000 nov=0.000 mile=0.000 surv=-0.657 idle=0.000 gover=0.000 | nw=1.50149e+06 pop=29 bases=9 money=19 credit=69003 day=315 | food=200 water=0 coal=0 home=330 free=29 roads=2
  ACTION: 42 | money=19 pop=29 free=29
STEP 280 | MGR:credit_take | total=-11.471 err=0.000 tax=0.000 taxb=0.300 build=0.000 cost=0.000 div=0.000 prox=0.000 prov=0.000 preq=0.000 pres=0.000 sale=0.000 mtax=0.000 chain=0.000 daily=0.000 nov=0.000 mile=0.000 surv=-1.175 idle=-10.000 gover=0.000 | nw=1.50123e+06 pop=29 bases=9 money=50019 credit=119241 day=316 | food=200 water=0 coal=0 home=330 free=29 roads=2
  ACTION: 38 | money=50019 pop=29 free=29
STEP 281 | MGR:preserve | total=1.531 err=0.000 tax=0.000 taxb=0.300 build=0.000 cost=0.000 div=0.000 prox=0.000 prov=0.000 preq=0.000 pres=3.000 sale=0.000 mtax=0.000 chain=0.000 daily=0.000 nov=0.000 mile=0.000 surv=-1.171 idle=0.000 gover=0.000 | nw=1.50098e+06 pop=29 bases=9 money=50019 credit=119479 day=317 | food=200 water=0 coal=0 home=310 free=29 roads=2
  ACTION: 7 (BUILD:Ironmine price=32008 need_earth=5) | money=50019 pop=29 free=29
  BUILD FAILED: Ironmine (no cell or error)
STEP 282 | BUILD:Ironmine | total=-2.477 err=-1.000 tax=0.000 taxb=0.300 build=0.000 cost=0.000 div=0.000 prox=0.000 prov=0.000 preq=0.000 pres=0.000 sale=0.000 mtax=0.000 chain=0.000 daily=0.000 nov=0.000 mile=0.000 surv=-1.178 idle=0.000 gover=0.000 | nw=1.50072e+06 pop=29 bases=9 money=50019 credit=119717 day=318 | food=200 water=0 coal=0 home=310 free=29 roads=2
  ACTION: 10 (BUILD:PowerStation price=92433 need_earth=10) | money=50019 pop=29 free=29
  BUILD FAILED: PowerStation (no cell or error)
STEP 283 | BUILD:PowerStation | total=-12.473 err=-1.000 tax=0.000 taxb=0.300 build=0.000 cost=0.000 div=0.000 prox=0.000 prov=0.000 preq=0.000 pres=0.000 sale=0.000 mtax=0.000 chain=0.000 daily=0.000 nov=0.000 mile=0.000 surv=-1.174 idle=-10.000 gover=0.000 | nw=1.50047e+06 pop=29 bases=9 money=50019 credit=119956 day=319 | food=200 water=0 coal=0 home=310 free=29 roads=2
  ACTION: 17 (BUILD:HuntingLand price=16985 need_earth=3) | money=50019 pop=29 free=29
  BUILD FAILED: HuntingLand (no cell or error)
STEP 284 | BUILD:HuntingLand | total=-2.483 err=-1.000 tax=0.000 taxb=0.300 build=0.000 cost=0.000 div=0.000 prox=0.000 prov=0.000 preq=0.000 pres=0.000 sale=0.000 mtax=0.000 chain=0.000 daily=0.000 nov=0.000 mile=0.000 surv=-1.182 idle=0.000 gover=0.000 | nw=1.50021e+06 pop=29 bases=9 money=50019 credit=120195 day=320 | food=200 water=0 coal=0 home=310 free=29 roads=2
  ACTION: 6 (BUILD:Coalmine price=25471 need_earth=4) | money=50019 pop=29 free=29
  BUILD FAILED: Coalmine (no cell or error)
STEP 285 | BUILD:Coalmine | total=-2.487 err=-1.000 tax=0.000 taxb=0.300 build=0.000 cost=0.000 div=0.000 prox=0.000 prov=0.000 preq=0.000 pres=0.000 sale=0.000 mtax=0.000 chain=0.000 daily=0.000 nov=0.000 mile=0.000 surv=-1.185 idle=0.000 gover=0.000 | nw=1.49995e+06 pop=29 bases=9 money=50019 credit=120435 day=321 | food=200 water=0 coal=0 home=310 free=29 roads=2
  ACTION: 19 (BUILD:Mushroom price=12164 need_earth=3) | money=50019 pop=29 free=29
  BUILD FAILED: Mushroom (no cell or error)
STEP 286 | BUILD:Mushroom | total=-12.486 err=-1.000 tax=0.000 taxb=0.300 build=0.000 cost=0.000 div=0.000 prox=0.000 prov=0.000 preq=0.000 pres=0.000 sale=0.000 mtax=0.000 chain=0.000 daily=0.000 nov=0.000 mile=0.000 surv=-1.183 idle=-10.000 gover=0.000 | nw=1.4997e+06 pop=29 bases=9 money=50019 credit=120675 day=322 | food=200 water=0 coal=0 home=310 free=29 roads=2
  ACTION: 39 | money=50019 pop=29 free=29
STEP 287 | MGR:unpreserve | total=1.508 err=0.000 tax=0.000 taxb=0.300 build=0.000 cost=0.000 div=0.000 prox=0.000 prov=0.000 preq=0.000 pres=3.000 sale=0.000 mtax=0.000 chain=0.000 daily=0.000 nov=0.000 mile=0.000 surv=-1.187 idle=0.000 gover=0.000 | nw=1.49944e+06 pop=29 bases=9 money=50019 credit=120916 day=323 | food=200 water=0 coal=0 home=310 free=29 roads=2
  ACTION: 20 (BUILD:BigHouse price=66400 need_earth=1) | money=50019 pop=29 free=29
  BUILD FAILED: BigHouse (no cell or error)
STEP 288 | BUILD:BigHouse | total=-2.493 err=-1.000 tax=0.000 taxb=0.300 build=0.000 cost=0.000 div=0.000 prox=0.000 prov=0.000 preq=0.000 pres=0.000 sale=0.000 mtax=0.000 chain=0.000 daily=0.000 nov=0.000 mile=0.000 surv=-1.187 idle=0.000 gover=0.000 | nw=1.49918e+06 pop=29 bases=9 money=50019 credit=121157 day=324 | food=200 water=0 coal=0 home=310 free=29 roads=2
  ACTION: 15 (BUILD:Fish price=30202 need_earth=2) | money=50019 pop=29 free=29
  BUILD FAILED: Fish (no cell or error)
STEP 289 | BUILD:Fish | total=-12.512 err=-1.000 tax=0.000 taxb=0.300 build=0.000 cost=0.000 div=0.000 prox=0.000 prov=0.000 preq=0.000 pres=0.000 sale=0.000 mtax=0.000 chain=0.000 daily=0.000 nov=0.000 mile=0.000 surv=-1.205 idle=-10.000 gover=0.000 | nw=1.49892e+06 pop=29 bases=9 money=50019 credit=121399 day=325 | food=200 water=0 coal=0 home=310 free=29 roads=2
  ACTION: 44 | money=50019 pop=29 free=29
STEP 290 | MGR:manual_tax | total=-0.999 err=0.000 tax=0.000 taxb=0.300 build=0.000 cost=0.000 div=0.000 prox=0.000 prov=0.000 preq=0.000 pres=0.000 sale=0.000 mtax=0.500 chain=0.000 daily=0.000 nov=0.000 mile=0.000 surv=-1.191 idle=0.000 gover=0.000 | nw=1.49866e+06 pop=29 bases=9 money=50019 credit=121641 day=326 | food=200 water=0 coal=0 home=310 free=29 roads=2
  ACTION: 3 (BUILD:Garden price=7640 need_earth=10) | money=50019 pop=29 free=29
STEP 291 | BUILD:Garden | total=4.335 err=0.000 tax=0.000 taxb=0.300 build=3.602 cost=-0.764 div=0.000 prox=0.000 prov=0.000 preq=0.000 pres=0.000 sale=0.000 mtax=0.000 chain=0.000 daily=0.000 nov=0.000 mile=3.000 surv=-1.194 idle=0.000 gover=0.000 | nw=1.4984e+06 pop=29 bases=10 money=42379 credit=121884 day=327 | food=200 water=0 coal=0 home=310 free=29 roads=2
  ACTION: 23 (BUILD:Torchlight price=215000 need_earth=6) | money=42379 pop=29 free=29
  BUILD FAILED: Torchlight (no cell or error)
STEP 292 | BUILD:Torchlight | total=-2.504 err=-1.000 tax=0.000 taxb=0.300 build=0.000 cost=0.000 div=0.000 prox=0.000 prov=0.000 preq=0.000 pres=0.000 sale=0.000 mtax=0.000 chain=0.000 daily=0.000 nov=0.000 mile=0.000 surv=-1.194 idle=0.000 gover=0.000 | nw=1.49815e+06 pop=29 bases=10 money=42379 credit=122127 day=328 | food=200 water=0 coal=0 home=310 free=29 roads=2
  ACTION: 22 (BUILD:Apiary price=9385 need_earth=10) | money=42379 pop=29 free=29
STEP 293 | BUILD:Apiary | total=2.485 err=0.000 tax=0.000 taxb=0.300 build=4.946 cost=-0.939 div=0.000 prox=0.000 prov=0.000 preq=0.000 pres=0.000 sale=0.000 mtax=0.000 chain=0.000 daily=0.000 nov=0.000 mile=0.000 surv=-1.211 idle=0.000 gover=0.000 | nw=1.49788e+06 pop=29 bases=11 money=32994 credit=122371 day=329 | food=200 water=0 coal=0 home=310 free=29 roads=2
  ACTION: 12 (BUILD:Road price=400 need_earth=10) | money=32994 pop=29 free=29
STEP 294 | BUILD:Road | total=-0.047 err=0.000 tax=0.000 taxb=0.300 build=1.500 cost=-0.040 div=0.000 prox=0.000 prov=0.000 preq=0.000 pres=0.000 sale=0.000 mtax=0.000 chain=0.000 daily=0.000 nov=0.000 mile=0.000 surv=-1.194 idle=0.000 gover=0.000 | nw=1.49762e+06 pop=29 bases=12 money=32594 credit=122615 day=330 | food=200 water=0 coal=0 home=310 free=29 roads=3
  ACTION: 1 (WEEK) | money=32594 pop=29 free=29
STEP 295 | WEEK | total=-12.168 err=0.000 tax=0.000 taxb=0.300 build=0.000 cost=0.000 div=0.000 prox=0.000 prov=0.000 preq=0.000 pres=0.000 sale=0.000 mtax=0.000 chain=0.000 daily=0.000 nov=0.000 mile=0.000 surv=-9.116 idle=0.000 gover=0.000 | nw=1.49578e+06 pop=30 bases=12 money=32594 credit=124339 day=337 | food=200 water=0 coal=0 home=310 free=30 roads=3
  ACTION: 36 | money=32594 pop=30 free=30
STEP 296 | MGR:restore_all | total=-8.499 err=0.000 tax=0.000 taxb=0.300 build=0.000 cost=0.000 div=0.000 prox=0.000 prov=0.000 preq=0.000 pres=0.000 sale=0.000 mtax=0.000 chain=0.000 daily=0.000 nov=0.000 mile=0.000 surv=1.824 idle=-10.000 gover=0.000 | nw=1.49613e+06 pop=30 bases=12 money=31810 credit=124587 day=338 | food=200 water=0 coal=0 home=310 free=30 roads=3
  ACTION: 7 (BUILD:Ironmine price=32008 need_earth=5) | money=31810 pop=30 free=30
  BUILD FAILED: Ironmine (no cell or error)
STEP 297 | BUILD:Ironmine | total=-2.554 err=-1.000 tax=0.000 taxb=0.300 build=0.000 cost=0.000 div=0.000 prox=0.000 prov=0.000 preq=0.000 pres=0.000 sale=0.000 mtax=0.000 chain=0.000 daily=0.000 nov=0.000 mile=0.000 surv=-1.230 idle=0.000 gover=0.000 | nw=1.49586e+06 pop=30 bases=12 money=31810 credit=124836 day=339 | food=200 water=0 coal=0 home=310 free=30 roads=3
  ACTION: 13 (BUILD:House price=14038 need_earth=1) | money=31810 pop=30 free=30
STEP 298 | BUILD:House | total=-1.463 err=0.000 tax=0.000 taxb=0.300 build=1.500 cost=-1.404 div=0.000 prox=0.000 prov=0.000 preq=0.000 pres=0.000 sale=0.000 mtax=0.000 chain=0.000 daily=0.000 nov=0.000 mile=0.000 surv=-1.233 idle=0.000 gover=0.000 | nw=1.49559e+06 pop=30 bases=13 money=17772 credit=125085 day=340 | food=200 water=0 coal=0 home=310 free=30 roads=3
  ACTION: 16 (BUILD:CoalCut price=48300 need_earth=4) | money=17772 pop=30 free=30
  BUILD FAILED: CoalCut (no cell or error)
STEP 299 | BUILD:CoalCut | total=-2.569 err=-1.000 tax=0.000 taxb=0.300 build=0.000 cost=0.000 div=0.000 prox=0.000 prov=0.000 preq=0.000 pres=0.000 sale=0.000 mtax=0.000 chain=0.000 daily=0.000 nov=0.000 mile=0.000 surv=-1.242 idle=0.000 gover=0.000 | nw=1.49532e+06 pop=30 bases=13 money=17772 credit=125335 day=341 | food=200 water=0 coal=0 home=310 free=30 roads=3
  ACTION: 41 | money=17772 pop=30 free=30
STEP 300 | MGR:buy_food | total=-12.553 err=0.000 tax=0.000 taxb=0.300 build=0.000 cost=0.000 div=0.000 prox=0.000 prov=0.000 preq=0.000 pres=0.000 sale=0.000 mtax=0.000 chain=0.000 daily=0.000 nov=0.000 mile=0.000 surv=-2.225 idle=-10.000 gover=0.000 | nw=1.49486e+06 pop=30 bases=13 money=17372 credit=125585 day=342 | food=400 water=0 coal=0 home=310 free=30 roads=3
  BUILDINGS: City(0d) Apiary(0d) SmallHouse(0d) BigHouse(0d) House(0d) SmallHouse(0d) Farm(0d) Road(0d) Road(0d) Garden(4d) Apiary(11d) Road(0d) House(23d) 
  ACTION: 25 (BUILD:SuperHouse price=971000 need_earth=1) | money=17372 pop=30 free=30
  BUILD FAILED: SuperHouse (no cell or error)
STEP 301 | BUILD:SuperHouse | total=-2.557 err=-1.000 tax=0.000 taxb=0.300 build=0.000 cost=0.000 div=0.000 prox=0.000 prov=0.000 preq=0.000 pres=0.000 sale=0.000 mtax=0.000 chain=0.000 daily=0.000 nov=0.000 mile=0.000 surv=-1.227 idle=0.000 gover=0.000 | nw=1.49459e+06 pop=30 bases=13 money=17372 credit=125836 day=343 | food=400 water=0 coal=0 home=310 free=30 roads=3
  ACTION: 11 (BUILD:HydroStation price=92214 need_earth=2) | money=17372 pop=30 free=30
  BUILD FAILED: HydroStation (no cell or error)
STEP 302 | BUILD:HydroStation | total=-2.560 err=-1.000 tax=0.000 taxb=0.300 build=0.000 cost=0.000 div=0.000 prox=0.000 prov=0.000 preq=0.000 pres=0.000 sale=0.000 mtax=0.000 chain=0.000 daily=0.000 nov=0.000 mile=0.000 surv=-1.230 idle=0.000 gover=0.000 | nw=1.49433e+06 pop=30 bases=13 money=17372 credit=126087 day=344 | food=400 water=0 coal=0 home=310 free=30 roads=3
  ACTION: 5 (BUILD:Sawmill price=17570 need_earth=3) | money=17372 pop=30 free=30
  BUILD FAILED: Sawmill (no cell or error)
STEP 303 | BUILD:Sawmill | total=-12.576 err=-1.000 tax=0.000 taxb=0.300 build=0.000 cost=0.000 div=0.000 prox=0.000 prov=0.000 preq=0.000 pres=0.000 sale=0.000 mtax=0.000 chain=0.000 daily=0.000 nov=0.000 mile=0.000 surv=-1.244 idle=-10.000 gover=0.000 | nw=1.49406e+06 pop=30 bases=13 money=17372 credit=126339 day=345 | food=400 water=0 coal=0 home=310 free=30 roads=3
  ACTION: 39 | money=17372 pop=30 free=30
STEP 304 | MGR:unpreserve | total=1.410 err=0.000 tax=0.000 taxb=0.300 build=0.000 cost=0.000 div=0.000 prox=0.000 prov=0.000 preq=0.000 pres=3.000 sale=0.000 mtax=0.000 chain=0.000 daily=0.000 nov=0.000 mile=0.000 surv=-1.257 idle=0.000 gover=0.000 | nw=1.49379e+06 pop=30 bases=13 money=17372 credit=126591 day=346 | food=400 water=0 coal=0 home=330 free=30 roads=3
  ACTION: 22 (BUILD:Apiary price=9385 need_earth=10) | money=17372 pop=30 free=30
STEP 305 | BUILD:Apiary | total=2.413 err=0.000 tax=0.000 taxb=0.300 build=4.946 cost=-0.939 div=0.000 prox=0.000 prov=0.000 preq=0.000 pres=0.000 sale=0.000 mtax=0.000 chain=0.000 daily=0.000 nov=0.000 mile=0.000 surv=-1.260 idle=0.000 gover=0.000 | nw=1.49352e+06 pop=30 bases=14 money=7987 credit=126844 day=347 | food=400 water=0 coal=0 home=330 free=30 roads=3
  ACTION: 44 | money=7987 pop=30 free=30
STEP 306 | MGR:manual_tax | total=-1.084 err=0.000 tax=0.000 taxb=0.300 build=0.000 cost=0.000 div=0.000 prox=0.000 prov=0.000 preq=0.000 pres=0.000 sale=0.000 mtax=0.500 chain=0.000 daily=0.000 nov=0.000 mile=0.000 surv=-1.248 idle=0.000 gover=0.000 | nw=1.49325e+06 pop=30 bases=14 money=7987 credit=127097 day=348 | food=400 water=0 coal=0 home=330 free=30 roads=3
  ACTION: 17 (BUILD:HuntingLand price=16985 need_earth=3) | money=7987 pop=30 free=30
  BUILD FAILED: HuntingLand (no cell or error)
STEP 307 | BUILD:HuntingLand | total=-12.591 err=-1.000 tax=0.000 taxb=0.300 build=0.000 cost=0.000 div=0.000 prox=0.000 prov=0.000 preq=0.000 pres=0.000 sale=0.000 mtax=0.000 chain=0.000 daily=0.000 nov=0.000 mile=0.000 surv=-1.254 idle=-10.000 gover=0.000 | nw=1.49298e+06 pop=30 bases=14 money=7987 credit=127351 day=349 | food=400 water=0 coal=0 home=330 free=30 roads=3
  ACTION: 12 (BUILD:Road price=400 need_earth=10) | money=7987 pop=30 free=30
STEP 308 | BUILD:Road | total=2.864 err=0.000 tax=0.000 taxb=0.300 build=1.500 cost=-0.040 div=0.000 prox=0.000 prov=0.000 preq=0.000 pres=0.000 sale=0.000 mtax=0.000 chain=0.000 daily=0.000 nov=0.000 mile=3.000 surv=-1.258 idle=0.000 gover=0.000 | nw=1.4927e+06 pop=30 bases=15 money=7587 credit=127605 day=350 | food=400 water=0 coal=0 home=330 free=30 roads=4
  ACTION: 6 (BUILD:Coalmine price=25471 need_earth=4) | money=7587 pop=30 free=30
  BUILD FAILED: Coalmine (no cell or error)
STEP 309 | BUILD:Coalmine | total=-2.612 err=-1.000 tax=0.000 taxb=0.300 build=0.000 cost=0.000 div=0.000 prox=0.000 prov=0.000 preq=0.000 pres=0.000 sale=0.000 mtax=0.000 chain=0.000 daily=0.000 nov=0.000 mile=0.000 surv=-1.273 idle=0.000 gover=0.000 | nw=1.49243e+06 pop=30 bases=15 money=7587 credit=127860 day=351 | food=400 water=0 coal=0 home=330 free=30 roads=4
  ACTION: 38 | money=7587 pop=30 free=30
STEP 310 | MGR:preserve | total=-8.608 err=0.000 tax=0.000 taxb=0.300 build=0.000 cost=0.000 div=0.000 prox=0.000 prov=0.000 preq=0.000 pres=3.000 sale=0.000 mtax=0.000 chain=0.000 daily=0.000 nov=0.000 mile=0.000 surv=-1.268 idle=-10.000 gover=0.000 | nw=1.49216e+06 pop=30 bases=15 money=7587 credit=128115 day=352 | food=400 water=0 coal=0 home=330 free=30 roads=4
  ACTION: 5 (BUILD:Sawmill price=17570 need_earth=3) | money=7587 pop=30 free=30
  BUILD FAILED: Sawmill (no cell or error)
STEP 311 | BUILD:Sawmill | total=-2.608 err=-1.000 tax=0.000 taxb=0.300 build=0.000 cost=0.000 div=0.000 prox=0.000 prov=0.000 preq=0.000 pres=0.000 sale=0.000 mtax=0.000 chain=0.000 daily=0.000 nov=0.000 mile=0.000 surv=-1.266 idle=0.000 gover=0.000 | nw=1.49188e+06 pop=30 bases=15 money=7587 credit=128371 day=353 | food=400 water=0 coal=0 home=330 free=30 roads=4
  ACTION: 26 (BUILD:BigSawmill price=620900 need_earth=3) | money=7587 pop=30 free=30
  BUILD FAILED: BigSawmill (no cell or error)
STEP 312 | BUILD:BigSawmill | total=-2.643 err=-1.000 tax=0.000 taxb=0.300 build=0.000 cost=0.000 div=0.000 prox=0.000 prov=0.000 preq=0.000 pres=0.000 sale=0.000 mtax=0.000 chain=0.000 daily=0.000 nov=0.000 mile=0.000 surv=-1.300 idle=0.000 gover=0.000 | nw=1.4916e+06 pop=30 bases=15 money=7587 credit=128627 day=354 | food=400 water=0 coal=0 home=330 free=30 roads=4
  ACTION: 30 (BUILD:BigIronmine price=2715002 need_earth=5) | money=7587 pop=30 free=30
  BUILD FAILED: BigIronmine (no cell or error)
STEP 313 | BUILD:BigIronmine | total=-12.652 err=-1.000 tax=0.000 taxb=0.300 build=0.000 cost=0.000 div=0.000 prox=0.000 prov=0.000 preq=0.000 pres=0.000 sale=0.000 mtax=0.000 chain=0.000 daily=0.000 nov=0.000 mile=0.000 surv=-1.307 idle=-10.000 gover=0.000 | nw=1.49132e+06 pop=30 bases=15 money=7587 credit=128884 day=355 | food=400 water=0 coal=0 home=330 free=30 roads=4
  ACTION: 31 (BUILD:AirStation price=23790 need_earth=10) | money=7587 pop=30 free=30
  BUILD FAILED: AirStation (no cell or error)
STEP 314 | BUILD:AirStation | total=-1.648 err=-1.000 tax=0.000 taxb=0.300 build=0.000 cost=0.000 div=0.000 prox=0.000 prov=0.000 preq=0.000 pres=0.000 sale=0.000 mtax=0.000 chain=0.000 daily=0.000 nov=0.000 mile=0.000 surv=-1.302 idle=0.000 gover=0.000 | nw=1.49104e+06 pop=31 bases=15 money=7587 credit=129141 day=356 | food=400 water=0 coal=0 home=330 free=31 roads=4
  ACTION: 10 (BUILD:PowerStation price=92433 need_earth=10) | money=7587 pop=31 free=31
  BUILD FAILED: PowerStation (no cell or error)
STEP 315 | BUILD:PowerStation | total=-2.659 err=-1.000 tax=0.000 taxb=0.300 build=0.000 cost=0.000 div=0.000 prox=0.000 prov=0.000 preq=0.000 pres=0.000 sale=0.000 mtax=0.000 chain=0.000 daily=0.000 nov=0.000 mile=0.000 surv=-1.312 idle=0.000 gover=0.000 | nw=1.49076e+06 pop=31 bases=15 money=7587 credit=129399 day=357 | food=400 water=0 coal=0 home=330 free=31 roads=4
  ACTION: 3 (BUILD:Garden price=7640 need_earth=10) | money=7587 pop=31 free=31
  BUILD FAILED: Garden (no cell or error)
STEP 316 | BUILD:Garden | total=-12.650 err=-1.000 tax=0.000 taxb=0.300 build=0.000 cost=0.000 div=0.000 prox=0.000 prov=0.000 preq=0.000 pres=0.000 sale=0.000 mtax=0.000 chain=0.000 daily=0.000 nov=0.000 mile=0.000 surv=-1.302 idle=-10.000 gover=0.000 | nw=1.49048e+06 pop=31 bases=15 money=7587 credit=129657 day=358 | food=400 water=0 coal=0 home=330 free=31 roads=4
  ACTION: 15 (BUILD:Fish price=30202 need_earth=2) | money=7587 pop=31 free=31
  BUILD FAILED: Fish (no cell or error)
STEP 317 | BUILD:Fish | total=-2.628 err=-1.000 tax=0.000 taxb=0.300 build=0.000 cost=0.000 div=0.000 prox=0.000 prov=0.000 preq=0.000 pres=0.000 sale=0.000 mtax=0.000 chain=0.000 daily=0.000 nov=0.000 mile=0.000 surv=-1.278 idle=0.000 gover=0.000 | nw=1.4902e+06 pop=31 bases=15 money=7587 credit=129916 day=359 | food=400 water=0 coal=0 home=330 free=31 roads=4
  ACTION: 33 (BUILD:AtomStation price=120000000 need_earth=2) | money=7587 pop=31 free=31
  BUILD FAILED: AtomStation (no cell or error)
STEP 318 | BUILD:AtomStation | total=-2.647 err=-1.000 tax=0.000 taxb=0.300 build=0.000 cost=0.000 div=0.000 prox=0.000 prov=0.000 preq=0.000 pres=0.000 sale=0.000 mtax=0.000 chain=0.000 daily=0.000 nov=0.000 mile=0.000 surv=-1.296 idle=0.000 gover=0.000 | nw=1.48992e+06 pop=31 bases=15 money=7587 credit=130175 day=360 | food=400 water=0 coal=0 home=330 free=31 roads=4
  ACTION: 17 (BUILD:HuntingLand price=16985 need_earth=3) | money=7587 pop=31 free=31
  BUILD FAILED: HuntingLand (no cell or error)
STEP 319 | BUILD:HuntingLand | total=-12.670 err=-1.000 tax=0.000 taxb=0.300 build=0.000 cost=0.000 div=0.000 prox=0.000 prov=0.000 preq=0.000 pres=0.000 sale=0.000 mtax=0.000 chain=0.000 daily=0.000 nov=0.000 mile=0.000 surv=-1.318 idle=-10.000 gover=0.000 | nw=1.48964e+06 pop=31 bases=15 money=7587 credit=130435 day=361 | food=400 water=0 coal=0 home=330 free=31 roads=4
  ACTION: 39 | money=7587 pop=31 free=31
STEP 320 | MGR:unpreserve | total=1.324 err=0.000 tax=0.000 taxb=0.300 build=0.000 cost=0.000 div=0.000 prox=0.000 prov=0.000 preq=0.000 pres=3.000 sale=0.000 mtax=0.000 chain=0.000 daily=0.000 nov=0.000 mile=0.000 surv=-1.323 idle=0.000 gover=0.000 | nw=1.48936e+06 pop=31 bases=15 money=7587 credit=130695 day=362 | food=400 water=0 coal=0 home=330 free=31 roads=4
  ACTION: 4 (BUILD:WaterChannel price=18310 need_earth=2) | money=7587 pop=31 free=31
  BUILD FAILED: WaterChannel (no cell or error)
STEP 321 | BUILD:WaterChannel | total=-2.322 err=-1.000 tax=0.000 taxb=0.300 build=0.365 cost=0.000 div=0.000 prox=0.000 prov=0.000 preq=0.000 pres=0.000 sale=0.000 mtax=0.000 chain=0.000 daily=0.000 nov=0.000 mile=0.000 surv=-1.332 idle=0.000 gover=0.000 | nw=1.48907e+06 pop=31 bases=15 money=7587 credit=130956 day=363 | food=400 water=0 coal=0 home=330 free=31 roads=4
  ACTION: 32 (BUILD:SmallAtomStation price=29000000 need_earth=2) | money=7587 pop=31 free=31
  BUILD FAILED: SmallAtomStation (no cell or error)
STEP 322 | BUILD:SmallAtomStation | total=-12.656 err=-1.000 tax=0.000 taxb=0.300 build=0.000 cost=0.000 div=0.000 prox=0.000 prov=0.000 preq=0.000 pres=0.000 sale=0.000 mtax=0.000 chain=0.000 daily=0.000 nov=0.000 mile=0.000 surv=-1.300 idle=-10.000 gover=0.000 | nw=1.48879e+06 pop=31 bases=15 money=7587 credit=131217 day=364 | food=400 water=0 coal=0 home=330 free=31 roads=4
  ACTION: 22 (BUILD:Apiary price=9385 need_earth=10) | money=7587 pop=31 free=31
  BUILD FAILED: Apiary (no cell or error)
STEP 323 | BUILD:Apiary | total=2.324 err=-1.000 tax=0.000 taxb=0.300 build=0.000 cost=0.000 div=0.000 prox=0.000 prov=0.000 preq=0.000 pres=0.000 sale=0.000 mtax=0.000 chain=0.000 daily=0.000 nov=0.000 mile=5.000 surv=-1.319 idle=0.000 gover=0.000 | nw=1.48851e+06 pop=31 bases=15 money=7587 credit=131479 day=365 | food=400 water=0 coal=0 home=390 free=31 roads=4
  ACTION: 15 (BUILD:Fish price=30202 need_earth=2) | money=7587 pop=31 free=31
  BUILD FAILED: Fish (no cell or error)
STEP 324 | BUILD:Fish | total=-5.900 err=-1.000 tax=-5.000 taxb=0.000 build=0.000 cost=0.000 div=0.000 prox=0.000 prov=0.000 preq=0.000 pres=0.000 sale=0.000 mtax=0.000 chain=0.000 daily=0.000 nov=0.000 mile=0.000 surv=0.100 idle=0.000 gover=0.000 | nw=1.48851e+06 pop=31 bases=15 money=7587 credit=131479 day=365 | food=400 water=0 coal=0 home=390 free=31 roads=4
  ACTION: 40 | money=7587 pop=31 free=31
STEP 325 | MGR:sell | total=-14.680 err=0.000 tax=-5.000 taxb=0.000 build=0.000 cost=0.000 div=0.000 prox=0.000 prov=0.000 preq=0.000 pres=0.000 sale=0.220 mtax=0.000 chain=0.000 daily=0.000 nov=0.000 mile=0.000 surv=0.100 idle=-10.000 gover=0.000 | nw=1.48851e+06 pop=31 bases=15 money=7787 credit=131479 day=365 | food=200 water=0 coal=0 home=390 free=31 roads=4
  ACTION: 21 (BUILD:BigFarm price=380385 need_earth=1) | money=7787 pop=31 free=31
  BUILD FAILED: BigFarm (no cell or error)
STEP 326 | BUILD:BigFarm | total=-5.900 err=-1.000 tax=-5.000 taxb=0.000 build=0.000 cost=0.000 div=0.000 prox=0.000 prov=0.000 preq=0.000 pres=0.000 sale=0.000 mtax=0.000 chain=0.000 daily=0.000 nov=0.000 mile=0.000 surv=0.100 idle=0.000 gover=0.000 | nw=1.48851e+06 pop=31 bases=15 money=7787 credit=131479 day=365 | food=200 water=0 coal=0 home=390 free=31 roads=4
  ACTION: 5 (BUILD:Sawmill price=17570 need_earth=3) | money=7787 pop=31 free=31
  BUILD FAILED: Sawmill (no cell or error)
STEP 327 | BUILD:Sawmill | total=-5.900 err=-1.000 tax=-5.000 taxb=0.000 build=0.000 cost=0.000 div=0.000 prox=0.000 prov=0.000 preq=0.000 pres=0.000 sale=0.000 mtax=0.000 chain=0.000 daily=0.000 nov=0.000 mile=0.000 surv=0.100 idle=0.000 gover=0.000 | nw=1.48851e+06 pop=31 bases=15 money=7787 credit=131479 day=365 | food=200 water=0 coal=0 home=390 free=31 roads=4
  ACTION: 14 (BUILD:SmallHouse price=5900 need_earth=10) | money=7787 pop=31 free=31
STEP 328 | BUILD:SmallHouse | total=-3.990 err=0.000 tax=-5.000 taxb=0.000 build=1.500 cost=-0.590 div=0.000 prox=0.000 prov=0.000 preq=0.000 pres=0.000 sale=0.000 mtax=0.000 chain=0.000 daily=0.000 nov=0.000 mile=0.000 surv=0.100 idle=0.000 gover=0.000 | nw=1.48851e+06 pop=31 bases=16 money=1887 credit=131479 day=365 | food=200 water=0 coal=0 home=390 free=31 roads=4
  ACTION: 27 (BUILD:WaterMill price=2900197 need_earth=2) | money=1887 pop=31 free=31
  BUILD FAILED: WaterMill (no cell or error)
STEP 329 | BUILD:WaterMill | total=-5.900 err=-1.000 tax=-5.000 taxb=0.000 build=0.000 cost=0.000 div=0.000 prox=0.000 prov=0.000 preq=0.000 pres=0.000 sale=0.000 mtax=0.000 chain=0.000 daily=0.000 nov=0.000 mile=0.000 surv=0.100 idle=0.000 gover=0.000 | nw=1.48851e+06 pop=31 bases=16 money=1887 credit=131479 day=365 | food=200 water=0 coal=0 home=390 free=31 roads=4
  ACTION: 12 (BUILD:Road price=400 need_earth=10) | money=1887 pop=31 free=31
STEP 330 | BUILD:Road | total=-3.440 err=0.000 tax=-5.000 taxb=0.000 build=1.500 cost=-0.040 div=0.000 prox=0.000 prov=0.000 preq=0.000 pres=0.000 sale=0.000 mtax=0.000 chain=0.000 daily=0.000 nov=0.000 mile=0.000 surv=0.100 idle=0.000 gover=0.000 | nw=1.48851e+06 pop=31 bases=17 money=1487 credit=131479 day=365 | food=200 water=0 coal=0 home=390 free=31 roads=5
  ACTION: 6 (BUILD:Coalmine price=25471 need_earth=4) | money=1487 pop=31 free=31
  BUILD FAILED: Coalmine (no cell or error)
STEP 331 | BUILD:Coalmine | total=-5.900 err=-1.000 tax=-5.000 taxb=0.000 build=0.000 cost=0.000 div=0.000 prox=0.000 prov=0.000 preq=0.000 pres=0.000 sale=0.000 mtax=0.000 chain=0.000 daily=0.000 nov=0.000 mile=0.000 surv=0.100 idle=0.000 gover=0.000 | nw=1.48851e+06 pop=31 bases=17 money=1487 credit=131479 day=365 | food=200 water=0 coal=0 home=390 free=31 roads=5
  ACTION: 20 (BUILD:BigHouse price=66400 need_earth=1) | money=1487 pop=31 free=31
  BUILD FAILED: BigHouse (no cell or error)
STEP 332 | BUILD:BigHouse | total=-15.900 err=-1.000 tax=-5.000 taxb=0.000 build=0.000 cost=0.000 div=0.000 prox=0.000 prov=0.000 preq=0.000 pres=0.000 sale=0.000 mtax=0.000 chain=0.000 daily=0.000 nov=0.000 mile=0.000 surv=0.100 idle=-10.000 gover=0.000 | nw=1.48851e+06 pop=31 bases=17 money=1487 credit=131479 day=365 | food=200 water=0 coal=0 home=390 free=31 roads=5
  ACTION: 33 (BUILD:AtomStation price=120000000 need_earth=2) | money=1487 pop=31 free=31
  BUILD FAILED: AtomStation (no cell or error)
STEP 333 | BUILD:AtomStation | total=-5.900 err=-1.000 tax=-5.000 taxb=0.000 build=0.000 cost=0.000 div=0.000 prox=0.000 prov=0.000 preq=0.000 pres=0.000 sale=0.000 mtax=0.000 chain=0.000 daily=0.000 nov=0.000 mile=0.000 surv=0.100 idle=0.000 gover=0.000 | nw=1.48851e+06 pop=31 bases=17 money=1487 credit=131479 day=365 | food=200 water=0 coal=0 home=390 free=31 roads=5
  ACTION: 12 (BUILD:Road price=400 need_earth=10) | money=1487 pop=31 free=31
STEP 334 | BUILD:Road | total=-3.440 err=0.000 tax=-5.000 taxb=0.000 build=1.500 cost=-0.040 div=0.000 prox=0.000 prov=0.000 preq=0.000 pres=0.000 sale=0.000 mtax=0.000 chain=0.000 daily=0.000 nov=0.000 mile=0.000 surv=0.100 idle=0.000 gover=0.000 | nw=1.48851e+06 pop=31 bases=18 money=1087 credit=131479 day=365 | food=200 water=0 coal=0 home=390 free=31 roads=6
  ACTION: 19 (BUILD:Mushroom price=12164 need_earth=3) | money=1087 pop=31 free=31
  BUILD FAILED: Mushroom (no cell or error)
STEP 335 | BUILD:Mushroom | total=-5.900 err=-1.000 tax=-5.000 taxb=0.000 build=0.000 cost=0.000 div=0.000 prox=0.000 prov=0.000 preq=0.000 pres=0.000 sale=0.000 mtax=0.000 chain=0.000 daily=0.000 nov=0.000 mile=0.000 surv=0.100 idle=0.000 gover=0.000 | nw=1.48851e+06 pop=31 bases=18 money=1087 credit=131479 day=365 | food=200 water=0 coal=0 home=390 free=31 roads=6
  ACTION: 11 (BUILD:HydroStation price=92214 need_earth=2) | money=1087 pop=31 free=31
  BUILD FAILED: HydroStation (no cell or error)
STEP 336 | BUILD:HydroStation | total=-15.900 err=-1.000 tax=-5.000 taxb=0.000 build=0.000 cost=0.000 div=0.000 prox=0.000 prov=0.000 preq=0.000 pres=0.000 sale=0.000 mtax=0.000 chain=0.000 daily=0.000 nov=0.000 mile=0.000 surv=0.100 idle=-10.000 gover=0.000 | nw=1.48851e+06 pop=31 bases=18 money=1087 credit=131479 day=365 | food=200 water=0 coal=0 home=390 free=31 roads=6
  ACTION: 1 (WEEK) | money=1087 pop=31 free=31
STEP 337 | WEEK | total=-5.900 err=-1.000 tax=-5.000 taxb=0.000 build=0.000 cost=0.000 div=0.000 prox=0.000 prov=0.000 preq=0.000 pres=0.000 sale=0.000 mtax=0.000 chain=0.000 daily=0.000 nov=0.000 mile=0.000 surv=0.100 idle=0.000 gover=0.000 | nw=1.48851e+06 pop=31 bases=18 money=1087 credit=131479 day=365 | food=200 water=0 coal=0 home=390 free=31 roads=6
  ACTION: 37 | money=1087 pop=31 free=31
STEP 338 | MGR:destroy | total=-46.497 err=0.000 tax=-5.000 taxb=0.000 build=0.000 cost=0.000 div=0.000 prox=0.000 prov=0.000 preq=0.000 pres=0.000 sale=0.000 mtax=0.000 chain=0.000 daily=0.000 nov=0.000 mile=0.000 surv=-41.497 idle=0.000 gover=0.000 | nw=1.48019e+06 pop=31 bases=17 money=2025 credit=131479 day=365 | food=200 water=0 coal=0 home=390 free=31 roads=6
  ACTION: 26 (BUILD:BigSawmill price=620900 need_earth=3) | money=2025 pop=31 free=31
  BUILD FAILED: BigSawmill (no cell or error)
STEP 339 | BUILD:BigSawmill | total=-15.900 err=-1.000 tax=-5.000 taxb=0.000 build=0.000 cost=0.000 div=0.000 prox=0.000 prov=0.000 preq=0.000 pres=0.000 sale=0.000 mtax=0.000 chain=0.000 daily=0.000 nov=0.000 mile=0.000 surv=0.100 idle=-10.000 gover=0.000 | nw=1.48019e+06 pop=31 bases=17 money=2025 credit=131479 day=365 | food=200 water=0 coal=0 home=390 free=31 roads=6
  ACTION: 31 (BUILD:AirStation price=23790 need_earth=10) | money=2025 pop=31 free=31
  BUILD FAILED: AirStation (no cell or error)
STEP 340 | BUILD:AirStation | total=-5.900 err=-1.000 tax=-5.000 taxb=0.000 build=0.000 cost=0.000 div=0.000 prox=0.000 prov=0.000 preq=0.000 pres=0.000 sale=0.000 mtax=0.000 chain=0.000 daily=0.000 nov=0.000 mile=0.000 surv=0.100 idle=0.000 gover=0.000 | nw=1.48019e+06 pop=31 bases=17 money=2025 credit=131479 day=365 | food=200 water=0 coal=0 home=390 free=31 roads=6
  ACTION: 25 (BUILD:SuperHouse price=971000 need_earth=1) | money=2025 pop=31 free=31
  BUILD FAILED: SuperHouse (no cell or error)
STEP 341 | BUILD:SuperHouse | total=-5.900 err=-1.000 tax=-5.000 taxb=0.000 build=0.000 cost=0.000 div=0.000 prox=0.000 prov=0.000 preq=0.000 pres=0.000 sale=0.000 mtax=0.000 chain=0.000 daily=0.000 nov=0.000 mile=0.000 surv=0.100 idle=0.000 gover=0.000 | nw=1.48019e+06 pop=31 bases=17 money=2025 credit=131479 day=365 | food=200 water=0 coal=0 home=390 free=31 roads=6
  ACTION: 31 (BUILD:AirStation price=23790 need_earth=10) | money=2025 pop=31 free=31
  BUILD FAILED: AirStation (no cell or error)
STEP 342 | BUILD:AirStation | total=-15.900 err=-1.000 tax=-5.000 taxb=0.000 build=0.000 cost=0.000 div=0.000 prox=0.000 prov=0.000 preq=0.000 pres=0.000 sale=0.000 mtax=0.000 chain=0.000 daily=0.000 nov=0.000 mile=0.000 surv=0.100 idle=-10.000 gover=0.000 | nw=1.48019e+06 pop=31 bases=17 money=2025 credit=131479 day=365 | food=200 water=0 coal=0 home=390 free=31 roads=6
  ACTION: 43 | money=2025 pop=31 free=31
STEP 343 | MGR:credit_give | total=-5.900 err=-1.000 tax=-5.000 taxb=0.000 build=0.000 cost=0.000 div=0.000 prox=0.000 prov=0.000 preq=0.000 pres=0.000 sale=0.000 mtax=0.000 chain=0.000 daily=0.000 nov=0.000 mile=0.000 surv=0.100 idle=0.000 gover=0.000 | nw=1.48019e+06 pop=31 bases=17 money=2025 credit=131479 day=365 | food=200 water=0 coal=0 home=390 free=31 roads=6
  ACTION: 25 (BUILD:SuperHouse price=971000 need_earth=1) | money=2025 pop=31 free=31
  BUILD FAILED: SuperHouse (no cell or error)
STEP 344 | BUILD:SuperHouse | total=-5.900 err=-1.000 tax=-5.000 taxb=0.000 build=0.000 cost=0.000 div=0.000 prox=0.000 prov=0.000 preq=0.000 pres=0.000 sale=0.000 mtax=0.000 chain=0.000 daily=0.000 nov=0.000 mile=0.000 surv=0.100 idle=0.000 gover=0.000 | nw=1.48019e+06 pop=31 bases=17 money=2025 credit=131479 day=365 | food=200 water=0 coal=0 home=390 free=31 roads=6
  ACTION: 19 (BUILD:Mushroom price=12164 need_earth=3) | money=2025 pop=31 free=31
  BUILD FAILED: Mushroom (no cell or error)
STEP 345 | BUILD:Mushroom | total=-15.900 err=-1.000 tax=-5.000 taxb=0.000 build=0.000 cost=0.000 div=0.000 prox=0.000 prov=0.000 preq=0.000 pres=0.000 sale=0.000 mtax=0.000 chain=0.000 daily=0.000 nov=0.000 mile=0.000 surv=0.100 idle=-10.000 gover=0.000 | nw=1.48019e+06 pop=31 bases=17 money=2025 credit=131479 day=365 | food=200 water=0 coal=0 home=390 free=31 roads=6
  ACTION: 1 (WEEK) | money=2025 pop=31 free=31
STEP 346 | WEEK | total=-5.900 err=-1.000 tax=-5.000 taxb=0.000 build=0.000 cost=0.000 div=0.000 prox=0.000 prov=0.000 preq=0.000 pres=0.000 sale=0.000 mtax=0.000 chain=0.000 daily=0.000 nov=0.000 mile=0.000 surv=0.100 idle=0.000 gover=0.000 | nw=1.48019e+06 pop=31 bases=17 money=2025 credit=131479 day=365 | food=200 water=0 coal=0 home=390 free=31 roads=6
  ACTION: 24 (BUILD:Hothouse price=16590 need_earth=10) | money=2025 pop=31 free=31
  BUILD FAILED: Hothouse (no cell or error)
STEP 347 | BUILD:Hothouse | total=-5.900 err=-1.000 tax=-5.000 taxb=0.000 build=0.000 cost=0.000 div=0.000 prox=0.000 prov=0.000 preq=0.000 pres=0.000 sale=0.000 mtax=0.000 chain=0.000 daily=0.000 nov=0.000 mile=0.000 surv=0.100 idle=0.000 gover=0.000 | nw=1.48019e+06 pop=31 bases=17 money=2025 credit=131479 day=365 | food=200 water=0 coal=0 home=390 free=31 roads=6
  ACTION: 36 | money=2025 pop=31 free=31
STEP 348 | MGR:restore_all | total=-14.305 err=0.000 tax=-5.000 taxb=0.000 build=0.000 cost=0.000 div=0.000 prox=0.000 prov=0.000 preq=0.000 pres=0.000 sale=0.000 mtax=0.000 chain=0.000 daily=0.000 nov=0.000 mile=0.000 surv=0.695 idle=-10.000 gover=0.000 | nw=1.4803e+06 pop=31 bases=17 money=1873 credit=131479 day=365 | food=200 water=0 coal=0 home=390 free=31 roads=6
  ACTION: 34 | money=1873 pop=31 free=31
STEP 349 | MGR:improve | total=-5.900 err=-1.000 tax=-5.000 taxb=0.000 build=0.000 cost=0.000 div=0.000 prox=0.000 prov=0.000 preq=0.000 pres=0.000 sale=0.000 mtax=0.000 chain=0.000 daily=0.000 nov=0.000 mile=0.000 surv=0.100 idle=0.000 gover=0.000 | nw=1.4803e+06 pop=31 bases=17 money=1873 credit=131479 day=365 | food=200 water=0 coal=0 home=390 free=31 roads=6
  ACTION: 25 (BUILD:SuperHouse price=971000 need_earth=1) | money=1873 pop=31 free=31
  BUILD FAILED: SuperHouse (no cell or error)
STEP 350 | BUILD:SuperHouse | total=-5.900 err=-1.000 tax=-5.000 taxb=0.000 build=0.000 cost=0.000 div=0.000 prox=0.000 prov=0.000 preq=0.000 pres=0.000 sale=0.000 mtax=0.000 chain=0.000 daily=0.000 nov=0.000 mile=0.000 surv=0.100 idle=0.000 gover=0.000 | nw=1.4803e+06 pop=31 bases=17 money=1873 credit=131479 day=365 | food=200 water=0 coal=0 home=390 free=31 roads=6
  ACTION: 33 (BUILD:AtomStation price=120000000 need_earth=2) | money=1873 pop=31 free=31
  BUILD FAILED: AtomStation (no cell or error)
STEP 351 | BUILD:AtomStation | total=-15.900 err=-1.000 tax=-5.000 taxb=0.000 build=0.000 cost=0.000 div=0.000 prox=0.000 prov=0.000 preq=0.000 pres=0.000 sale=0.000 mtax=0.000 chain=0.000 daily=0.000 nov=0.000 mile=0.000 surv=0.100 idle=-10.000 gover=0.000 | nw=1.4803e+06 pop=31 bases=17 money=1873 credit=131479 day=365 | food=200 water=0 coal=0 home=390 free=31 roads=6
  ACTION: 20 (BUILD:BigHouse price=66400 need_earth=1) | money=1873 pop=31 free=31
  BUILD FAILED: BigHouse (no cell or error)
STEP 352 | BUILD:BigHouse | total=-5.900 err=-1.000 tax=-5.000 taxb=0.000 build=0.000 cost=0.000 div=0.000 prox=0.000 prov=0.000 preq=0.000 pres=0.000 sale=0.000 mtax=0.000 chain=0.000 daily=0.000 nov=0.000 mile=0.000 surv=0.100 idle=0.000 gover=0.000 | nw=1.4803e+06 pop=31 bases=17 money=1873 credit=131479 day=365 | food=200 water=0 coal=0 home=390 free=31 roads=6
  ACTION: 26 (BUILD:BigSawmill price=620900 need_earth=3) | money=1873 pop=31 free=31
  BUILD FAILED: BigSawmill (no cell or error)
STEP 353 | BUILD:BigSawmill | total=-5.900 err=-1.000 tax=-5.000 taxb=0.000 build=0.000 cost=0.000 div=0.000 prox=0.000 prov=0.000 preq=0.000 pres=0.000 sale=0.000 mtax=0.000 chain=0.000 daily=0.000 nov=0.000 mile=0.000 surv=0.100 idle=0.000 gover=0.000 | nw=1.4803e+06 pop=31 bases=17 money=1873 credit=131479 day=365 | food=200 water=0 coal=0 home=390 free=31 roads=6
  ACTION: 20 (BUILD:BigHouse price=66400 need_earth=1) | money=1873 pop=31 free=31
  BUILD FAILED: BigHouse (no cell or error)
STEP 354 | BUILD:BigHouse | total=-15.900 err=-1.000 tax=-5.000 taxb=0.000 build=0.000 cost=0.000 div=0.000 prox=0.000 prov=0.000 preq=0.000 pres=0.000 sale=0.000 mtax=0.000 chain=0.000 daily=0.000 nov=0.000 mile=0.000 surv=0.100 idle=-10.000 gover=0.000 | nw=1.4803e+06 pop=31 bases=17 money=1873 credit=131479 day=365 | food=200 water=0 coal=0 home=390 free=31 roads=6
  ACTION: 5 (BUILD:Sawmill price=17570 need_earth=3) | money=1873 pop=31 free=31
  BUILD FAILED: Sawmill (no cell or error)
STEP 355 | BUILD:Sawmill | total=-5.900 err=-1.000 tax=-5.000 taxb=0.000 build=0.000 cost=0.000 div=0.000 prox=0.000 prov=0.000 preq=0.000 pres=0.000 sale=0.000 mtax=0.000 chain=0.000 daily=0.000 nov=0.000 mile=0.000 surv=0.100 idle=0.000 gover=0.000 | nw=1.4803e+06 pop=31 bases=17 money=1873 credit=131479 day=365 | food=200 water=0 coal=0 home=390 free=31 roads=6
  ACTION: 35 | money=1873 pop=31 free=31
STEP 356 | MGR:repair | total=-5.900 err=-1.000 tax=-5.000 taxb=0.000 build=0.000 cost=0.000 div=0.000 prox=0.000 prov=0.000 preq=0.000 pres=0.000 sale=0.000 mtax=0.000 chain=0.000 daily=0.000 nov=0.000 mile=0.000 surv=0.100 idle=0.000 gover=0.000 | nw=1.4803e+06 pop=31 bases=17 money=1873 credit=131479 day=365 | food=200 water=0 coal=0 home=390 free=31 roads=6
  ACTION: 16 (BUILD:CoalCut price=48300 need_earth=4) | money=1873 pop=31 free=31
  BUILD FAILED: CoalCut (no cell or error)
STEP 357 | BUILD:CoalCut | total=-15.900 err=-1.000 tax=-5.000 taxb=0.000 build=0.000 cost=0.000 div=0.000 prox=0.000 prov=0.000 preq=0.000 pres=0.000 sale=0.000 mtax=0.000 chain=0.000 daily=0.000 nov=0.000 mile=0.000 surv=0.100 idle=-10.000 gover=0.000 | nw=1.4803e+06 pop=31 bases=17 money=1873 credit=131479 day=365 | food=200 water=0 coal=0 home=390 free=31 roads=6
  ACTION: 19 (BUILD:Mushroom price=12164 need_earth=3) | money=1873 pop=31 free=31
  BUILD FAILED: Mushroom (no cell or error)
STEP 358 | BUILD:Mushroom | total=-5.900 err=-1.000 tax=-5.000 taxb=0.000 build=0.000 cost=0.000 div=0.000 prox=0.000 prov=0.000 preq=0.000 pres=0.000 sale=0.000 mtax=0.000 chain=0.000 daily=0.000 nov=0.000 mile=0.000 surv=0.100 idle=0.000 gover=0.000 | nw=1.4803e+06 pop=31 bases=17 money=1873 credit=131479 day=365 | food=200 water=0 coal=0 home=390 free=31 roads=6
  ACTION: 37 | money=1873 pop=31 free=31
STEP 359 | MGR:destroy | total=-28.669 err=0.000 tax=-5.000 taxb=0.000 build=0.000 cost=0.000 div=0.000 prox=0.000 prov=0.000 preq=0.000 pres=0.000 sale=0.000 mtax=0.000 chain=0.000 daily=0.000 nov=0.000 mile=0.000 surv=-23.669 idle=0.000 gover=0.000 | nw=1.47555e+06 pop=31 bases=16 money=2463 credit=131479 day=365 | food=200 water=0 coal=0 home=370 free=31 roads=6
  ACTION: 22 (BUILD:Apiary price=9385 need_earth=10) | money=2463 pop=31 free=31
  BUILD FAILED: Apiary (no cell or error)
STEP 360 | BUILD:Apiary | total=-15.900 err=-1.000 tax=-5.000 taxb=0.000 build=0.000 cost=0.000 div=0.000 prox=0.000 prov=0.000 preq=0.000 pres=0.000 sale=0.000 mtax=0.000 chain=0.000 daily=0.000 nov=0.000 mile=0.000 surv=0.100 idle=-10.000 gover=0.000 | nw=1.47555e+06 pop=31 bases=16 money=2463 credit=131479 day=365 | food=200 water=0 coal=0 home=370 free=31 roads=6
  ACTION: 19 (BUILD:Mushroom price=12164 need_earth=3) | money=2463 pop=31 free=31
  BUILD FAILED: Mushroom (no cell or error)
STEP 361 | BUILD:Mushroom | total=-5.900 err=-1.000 tax=-5.000 taxb=0.000 build=0.000 cost=0.000 div=0.000 prox=0.000 prov=0.000 preq=0.000 pres=0.000 sale=0.000 mtax=0.000 chain=0.000 daily=0.000 nov=0.000 mile=0.000 surv=0.100 idle=0.000 gover=0.000 | nw=1.47555e+06 pop=31 bases=16 money=2463 credit=131479 day=365 | food=200 water=0 coal=0 home=370 free=31 roads=6
  ACTION: 2 (BUILD:Farm price=19814 need_earth=10) | money=2463 pop=31 free=31
  BUILD FAILED: Farm (no cell or error)
STEP 362 | BUILD:Farm | total=-5.900 err=-1.000 tax=-5.000 taxb=0.000 build=0.000 cost=0.000 div=0.000 prox=0.000 prov=0.000 preq=0.000 pres=0.000 sale=0.000 mtax=0.000 chain=0.000 daily=0.000 nov=0.000 mile=0.000 surv=0.100 idle=0.000 gover=0.000 | nw=1.47555e+06 pop=31 bases=16 money=2463 credit=131479 day=365 | food=200 water=0 coal=0 home=370 free=31 roads=6
  ACTION: 36 | money=2463 pop=31 free=31
STEP 363 | MGR:restore_all | total=-15.900 err=-1.000 tax=-5.000 taxb=0.000 build=0.000 cost=0.000 div=0.000 prox=0.000 prov=0.000 preq=0.000 pres=0.000 sale=0.000 mtax=0.000 chain=0.000 daily=0.000 nov=0.000 mile=0.000 surv=0.100 idle=-10.000 gover=0.000 | nw=1.47555e+06 pop=31 bases=16 money=2463 credit=131479 day=365 | food=200 water=0 coal=0 home=370 free=31 roads=6
  ACTION: 25 (BUILD:SuperHouse price=971000 need_earth=1) | money=2463 pop=31 free=31
  BUILD FAILED: SuperHouse (no cell or error)
STEP 364 | BUILD:SuperHouse | total=-5.900 err=-1.000 tax=-5.000 taxb=0.000 build=0.000 cost=0.000 div=0.000 prox=0.000 prov=0.000 preq=0.000 pres=0.000 sale=0.000 mtax=0.000 chain=0.000 daily=0.000 nov=0.000 mile=0.000 surv=0.100 idle=0.000 gover=0.000 | nw=1.47555e+06 pop=31 bases=16 money=2463 credit=131479 day=365 | food=200 water=0 coal=0 home=370 free=31 roads=6
  ACTION: 44 | money=2463 pop=31 free=31
STEP 365 | MGR:manual_tax | total=-4.400 err=0.000 tax=-5.000 taxb=0.000 build=0.000 cost=0.000 div=0.000 prox=0.000 prov=0.000 preq=0.000 pres=0.000 sale=0.000 mtax=0.500 chain=0.000 daily=0.000 nov=0.000 mile=0.000 surv=0.100 idle=0.000 gover=0.000 | nw=1.47555e+06 pop=31 bases=16 money=2463 credit=131479 day=365 | food=200 water=0 coal=0 home=370 free=31 roads=6
  ACTION: 4 (BUILD:WaterChannel price=18310 need_earth=2) | money=2463 pop=31 free=31
  BUILD FAILED: WaterChannel (no cell or error)
STEP 366 | BUILD:WaterChannel | total=-15.227 err=-1.000 tax=-5.000 taxb=0.000 build=0.673 cost=0.000 div=0.000 prox=0.000 prov=0.000 preq=0.000 pres=0.000 sale=0.000 mtax=0.000 chain=0.000 daily=0.000 nov=0.000 mile=0.000 surv=0.100 idle=-10.000 gover=0.000 | nw=1.47555e+06 pop=31 bases=16 money=2463 credit=131479 day=365 | food=200 water=0 coal=0 home=370 free=31 roads=6
  ACTION: 17 (BUILD:HuntingLand price=16985 need_earth=3) | money=2463 pop=31 free=31
  BUILD FAILED: HuntingLand (no cell or error)
STEP 367 | BUILD:HuntingLand | total=-5.900 err=-1.000 tax=-5.000 taxb=0.000 build=0.000 cost=0.000 div=0.000 prox=0.000 prov=0.000 preq=0.000 pres=0.000 sale=0.000 mtax=0.000 chain=0.000 daily=0.000 nov=0.000 mile=0.000 surv=0.100 idle=0.000 gover=0.000 | nw=1.47555e+06 pop=31 bases=16 money=2463 credit=131479 day=365 | food=200 water=0 coal=0 home=370 free=31 roads=6
  ACTION: 12 (BUILD:Road price=400 need_earth=10) | money=2463 pop=31 free=31
STEP 368 | BUILD:Road | total=-3.440 err=0.000 tax=-5.000 taxb=0.000 build=1.500 cost=-0.040 div=0.000 prox=0.000 prov=0.000 preq=0.000 pres=0.000 sale=0.000 mtax=0.000 chain=0.000 daily=0.000 nov=0.000 mile=0.000 surv=0.100 idle=0.000 gover=0.000 | nw=1.47555e+06 pop=31 bases=17 money=2063 credit=131479 day=365 | food=200 water=0 coal=0 home=370 free=31 roads=7
  ACTION: 27 (BUILD:WaterMill price=2900197 need_earth=2) | money=2063 pop=31 free=31
  BUILD FAILED: WaterMill (no cell or error)
STEP 369 | BUILD:WaterMill | total=-5.900 err=-1.000 tax=-5.000 taxb=0.000 build=0.000 cost=0.000 div=0.000 prox=0.000 prov=0.000 preq=0.000 pres=0.000 sale=0.000 mtax=0.000 chain=0.000 daily=0.000 nov=0.000 mile=0.000 surv=0.100 idle=0.000 gover=0.000 | nw=1.47555e+06 pop=31 bases=17 money=2063 credit=131479 day=365 | food=200 water=0 coal=0 home=370 free=31 roads=7
  ACTION: 32 (BUILD:SmallAtomStation price=29000000 need_earth=2) | money=2063 pop=31 free=31
  BUILD FAILED: SmallAtomStation (no cell or error)
STEP 370 | BUILD:SmallAtomStation | total=-15.900 err=-1.000 tax=-5.000 taxb=0.000 build=0.000 cost=0.000 div=0.000 prox=0.000 prov=0.000 preq=0.000 pres=0.000 sale=0.000 mtax=0.000 chain=0.000 daily=0.000 nov=0.000 mile=0.000 surv=0.100 idle=-10.000 gover=0.000 | nw=1.47555e+06 pop=31 bases=17 money=2063 credit=131479 day=365 | food=200 water=0 coal=0 home=370 free=31 roads=7
  ACTION: 29 (BUILD:Puerperal price=37105 need_earth=10) | money=2063 pop=31 free=31
  BUILD FAILED: Puerperal (no cell or error)
STEP 371 | BUILD:Puerperal | total=-5.900 err=-1.000 tax=-5.000 taxb=0.000 build=0.000 cost=0.000 div=0.000 prox=0.000 prov=0.000 preq=0.000 pres=0.000 sale=0.000 mtax=0.000 chain=0.000 daily=0.000 nov=0.000 mile=0.000 surv=0.100 idle=0.000 gover=0.000 | nw=1.47555e+06 pop=31 bases=17 money=2063 credit=131479 day=365 | food=200 water=0 coal=0 home=370 free=31 roads=7
  ACTION: 9 (BUILD:Goldmine price=77000 need_earth=7) | money=2063 pop=31 free=31
  BUILD FAILED: Goldmine (no cell or error)
STEP 372 | BUILD:Goldmine | total=-5.900 err=-1.000 tax=-5.000 taxb=0.000 build=0.000 cost=0.000 div=0.000 prox=0.000 prov=0.000 preq=0.000 pres=0.000 sale=0.000 mtax=0.000 chain=0.000 daily=0.000 nov=0.000 mile=0.000 surv=0.100 idle=0.000 gover=0.000 | nw=1.47555e+06 pop=31 bases=17 money=2063 credit=131479 day=365 | food=200 water=0 coal=0 home=370 free=31 roads=7
  ACTION: 20 (BUILD:BigHouse price=66400 need_earth=1) | money=2063 pop=31 free=31
  BUILD FAILED: BigHouse (no cell or error)
STEP 373 | BUILD:BigHouse | total=-15.900 err=-1.000 tax=-5.000 taxb=0.000 build=0.000 cost=0.000 div=0.000 prox=0.000 prov=0.000 preq=0.000 pres=0.000 sale=0.000 mtax=0.000 chain=0.000 daily=0.000 nov=0.000 mile=0.000 surv=0.100 idle=-10.000 gover=0.000 | nw=1.47555e+06 pop=31 bases=17 money=2063 credit=131479 day=365 | food=200 water=0 coal=0 home=370 free=31 roads=7
  ACTION: 14 (BUILD:SmallHouse price=5900 need_earth=10) | money=2063 pop=31 free=31
  BUILD FAILED: SmallHouse (no cell or error)
STEP 374 | BUILD:SmallHouse | total=-5.900 err=-1.000 tax=-5.000 taxb=0.000 build=0.000 cost=0.000 div=0.000 prox=0.000 prov=0.000 preq=0.000 pres=0.000 sale=0.000 mtax=0.000 chain=0.000 daily=0.000 nov=0.000 mile=0.000 surv=0.100 idle=0.000 gover=0.000 | nw=1.47555e+06 pop=31 bases=17 money=2063 credit=131479 day=365 | food=200 water=0 coal=0 home=370 free=31 roads=7
  ACTION: 38 | money=2063 pop=31 free=31
STEP 375 | MGR:preserve | total=-1.900 err=0.000 tax=-5.000 taxb=0.000 build=0.000 cost=0.000 div=0.000 prox=0.000 prov=0.000 preq=0.000 pres=3.000 sale=0.000 mtax=0.000 chain=0.000 daily=0.000 nov=0.000 mile=0.000 surv=0.100 idle=0.000 gover=0.000 | nw=1.47555e+06 pop=31 bases=17 money=2063 credit=131479 day=365 | food=200 water=0 coal=0 home=370 free=31 roads=7
  ACTION: 21 (BUILD:BigFarm price=380385 need_earth=1) | money=2063 pop=31 free=31
  BUILD FAILED: BigFarm (no cell or error)
STEP 376 | BUILD:BigFarm | total=-15.900 err=-1.000 tax=-5.000 taxb=0.000 build=0.000 cost=0.000 div=0.000 prox=0.000 prov=0.000 preq=0.000 pres=0.000 sale=0.000 mtax=0.000 chain=0.000 daily=0.000 nov=0.000 mile=0.000 surv=0.100 idle=-10.000 gover=0.000 | nw=1.47555e+06 pop=31 bases=17 money=2063 credit=131479 day=365 | food=200 water=0 coal=0 home=370 free=31 roads=7
  ACTION: 29 (BUILD:Puerperal price=37105 need_earth=10) | money=2063 pop=31 free=31
  BUILD FAILED: Puerperal (no cell or error)
STEP 377 | BUILD:Puerperal | total=-5.900 err=-1.000 tax=-5.000 taxb=0.000 build=0.000 cost=0.000 div=0.000 prox=0.000 prov=0.000 preq=0.000 pres=0.000 sale=0.000 mtax=0.000 chain=0.000 daily=0.000 nov=0.000 mile=0.000 surv=0.100 idle=0.000 gover=0.000 | nw=1.47555e+06 pop=31 bases=17 money=2063 credit=131479 day=365 | food=200 water=0 coal=0 home=370 free=31 roads=7
  ACTION: 30 (BUILD:BigIronmine price=2715002 need_earth=5) | money=2063 pop=31 free=31
  BUILD FAILED: BigIronmine (no cell or error)
STEP 378 | BUILD:BigIronmine | total=-5.900 err=-1.000 tax=-5.000 taxb=0.000 build=0.000 cost=0.000 div=0.000 prox=0.000 prov=0.000 preq=0.000 pres=0.000 sale=0.000 mtax=0.000 chain=0.000 daily=0.000 nov=0.000 mile=0.000 surv=0.100 idle=0.000 gover=0.000 | nw=1.47555e+06 pop=31 bases=17 money=2063 credit=131479 day=365 | food=200 water=0 coal=0 home=370 free=31 roads=7
  ACTION: 4 (BUILD:WaterChannel price=18310 need_earth=2) | money=2063 pop=31 free=31
  BUILD FAILED: WaterChannel (no cell or error)
STEP 379 | BUILD:WaterChannel | total=-15.227 err=-1.000 tax=-5.000 taxb=0.000 build=0.673 cost=0.000 div=0.000 prox=0.000 prov=0.000 preq=0.000 pres=0.000 sale=0.000 mtax=0.000 chain=0.000 daily=0.000 nov=0.000 mile=0.000 surv=0.100 idle=-10.000 gover=0.000 | nw=1.47555e+06 pop=31 bases=17 money=2063 credit=131479 day=365 | food=200 water=0 coal=0 home=370 free=31 roads=7
  ACTION: 35 | money=2063 pop=31 free=31
STEP 380 | MGR:repair | total=-5.900 err=-1.000 tax=-5.000 taxb=0.000 build=0.000 cost=0.000 div=0.000 prox=0.000 prov=0.000 preq=0.000 pres=0.000 sale=0.000 mtax=0.000 chain=0.000 daily=0.000 nov=0.000 mile=0.000 surv=0.100 idle=0.000 gover=0.000 | nw=1.47555e+06 pop=31 bases=17 money=2063 credit=131479 day=365 | food=200 water=0 coal=0 home=370 free=31 roads=7
  ACTION: 33 (BUILD:AtomStation price=120000000 need_earth=2) | money=2063 pop=31 free=31
  BUILD FAILED: AtomStation (no cell or error)
STEP 381 | BUILD:AtomStation | total=-5.900 err=-1.000 tax=-5.000 taxb=0.000 build=0.000 cost=0.000 div=0.000 prox=0.000 prov=0.000 preq=0.000 pres=0.000 sale=0.000 mtax=0.000 chain=0.000 daily=0.000 nov=0.000 mile=0.000 surv=0.100 idle=0.000 gover=0.000 | nw=1.47555e+06 pop=31 bases=17 money=2063 credit=131479 day=365 | food=200 water=0 coal=0 home=370 free=31 roads=7
  ACTION: 27 (BUILD:WaterMill price=2900197 need_earth=2) | money=2063 pop=31 free=31
  BUILD FAILED: WaterMill (no cell or error)
STEP 382 | BUILD:WaterMill | total=-25.900 err=-1.000 tax=-5.000 taxb=0.000 build=0.000 cost=0.000 div=0.000 prox=0.000 prov=0.000 preq=0.000 pres=0.000 sale=0.000 mtax=0.000 chain=0.000 daily=0.000 nov=0.000 mile=0.000 surv=0.100 idle=-10.000 gover=-10.000 | nw=1.47555e+06 pop=31 bases=17 money=2063 credit=131479 day=365 | food=200 water=0 coal=0 home=370 free=31 roads=7
