=== Step log started ===
  ACTION: 33 (BUILD:AtomStation price=120000000 need_earth=2) | money=82000 pop=28 free=28
  BUILD FAILED: AtomStation (no cell or error)
STEP 1 | BUILD:AtomStation | total=-0.600 err=-1.000 tax=0.000 taxb=0.300 build=0.000 cost=0.000 div=0.000 prox=0.000 prov=0.000 preq=0.000 pres=0.000 sale=0.000 mtax=0.000 chain=0.000 daily=0.000 nov=0.000 mile=0.000 surv=0.100 idle=0.000 gover=0.000 | nw=1.532e+06 pop=28 bases=1 money=82000 credit=0 day=1 | food=0 water=0 coal=0 home=50 free=28 roads=0
  ACTION: 18 (BUILD:CowFarm price=32002 need_earth=10) | money=82000 pop=28 free=28
STEP 2 | BUILD:CowFarm | total=11.122 err=0.000 tax=0.000 taxb=0.300 build=5.922 cost=-3.200 div=8.000 prox=0.000 prov=0.000 preq=0.000 pres=0.000 sale=0.000 mtax=0.000 chain=0.000 daily=0.000 nov=0.000 mile=0.000 surv=0.100 idle=0.000 gover=0.000 | nw=1.532e+06 pop=28 bases=2 money=49998 credit=0 day=2 | food=0 water=0 coal=0 home=50 free=28 roads=0
  ACTION: 19 (BUILD:Mushroom price=12164 need_earth=3) | money=49998 pop=28 free=28
  BUILD FAILED: Mushroom (no cell or error)
STEP 3 | BUILD:Mushroom | total=-0.600 err=-1.000 tax=0.000 taxb=0.300 build=0.000 cost=0.000 div=0.000 prox=0.000 prov=0.000 preq=0.000 pres=0.000 sale=0.000 mtax=0.000 chain=0.000 daily=0.000 nov=0.000 mile=0.000 surv=0.100 idle=0.000 gover=0.000 | nw=1.532e+06 pop=28 bases=2 money=49998 credit=0 day=3 | food=0 water=0 coal=0 home=50 free=28 roads=0
  ACTION: 36 | money=49998 pop=28 free=28
STEP 4 | MGR:restore_all | total=-10.600 err=-1.000 tax=0.000 taxb=0.300 build=0.000 cost=0.000 div=0.000 prox=0.000 prov=0.000 preq=0.000 pres=0.000 sale=0.000 mtax=0.000 chain=0.000 daily=0.000 nov=0.000 mile=0.000 surv=0.100 idle=-10.000 gover=0.000 | nw=1.532e+06 pop=28 bases=2 money=49998 credit=0 day=4 | food=0 water=0 coal=0 home=50 free=28 roads=0
  ACTION: 26 (BUILD:BigSawmill price=620900 need_earth=3) | money=49998 pop=28 free=28
  BUILD FAILED: BigSawmill (no cell or error)
STEP 5 | BUILD:BigSawmill | total=-0.600 err=-1.000 tax=0.000 taxb=0.300 build=0.000 cost=0.000 div=0.000 prox=0.000 prov=0.000 preq=0.000 pres=0.000 sale=0.000 mtax=0.000 chain=0.000 daily=0.000 nov=0.000 mile=0.000 surv=0.100 idle=0.000 gover=0.000 | nw=1.532e+06 pop=28 bases=2 money=49998 credit=0 day=5 | food=0 water=0 coal=0 home=50 free=28 roads=0
  ACTION: 26 (BUILD:BigSawmill price=620900 need_earth=3) | money=49998 pop=28 free=28
  BUILD FAILED: BigSawmill (no cell or error)
STEP 6 | BUILD:BigSawmill | total=-0.600 err=-1.000 tax=0.000 taxb=0.300 build=0.000 cost=0.000 div=0.000 prox=0.000 prov=0.000 preq=0.000 pres=0.000 sale=0.000 mtax=0.000 chain=0.000 daily=0.000 nov=0.000 mile=0.000 surv=0.100 idle=0.000 gover=0.000 | nw=1.532e+06 pop=28 bases=2 money=49998 credit=0 day=6 | food=0 water=0 coal=0 home=50 free=28 roads=0
  ACTION: 43 | money=49998 pop=28 free=28
STEP 7 | MGR:credit_give | total=-10.600 err=-1.000 tax=0.000 taxb=0.300 build=0.000 cost=0.000 div=0.000 prox=0.000 prov=0.000 preq=0.000 pres=0.000 sale=0.000 mtax=0.000 chain=0.000 daily=0.000 nov=0.000 mile=0.000 surv=0.100 idle=-10.000 gover=0.000 | nw=1.532e+06 pop=28 bases=2 money=49998 credit=0 day=7 | food=0 water=0 coal=0 home=50 free=28 roads=0
  ACTION: 30 (BUILD:BigIronmine price=2715002 need_earth=5) | money=49998 pop=28 free=28
  BUILD FAILED: BigIronmine (no cell or error)
STEP 8 | BUILD:BigIronmine | total=-0.600 err=-1.000 tax=0.000 taxb=0.300 build=0.000 cost=0.000 div=0.000 prox=0.000 prov=0.000 preq=0.000 pres=0.000 sale=0.000 mtax=0.000 chain=0.000 daily=0.000 nov=0.000 mile=0.000 surv=0.100 idle=0.000 gover=0.000 | nw=1.532e+06 pop=28 bases=2 money=49998 credit=0 day=8 | food=0 water=0 coal=0 home=50 free=28 roads=0
  ACTION: 14 (BUILD:SmallHouse price=5900 need_earth=10) | money=49998 pop=28 free=28
STEP 9 | BUILD:SmallHouse | total=9.310 err=0.000 tax=0.000 taxb=0.300 build=1.500 cost=-0.590 div=8.000 prox=0.000 prov=0.000 preq=0.000 pres=0.000 sale=0.000 mtax=0.000 chain=0.000 daily=0.000 nov=0.000 mile=0.000 surv=0.100 idle=0.000 gover=0.000 | nw=1.532e+06 pop=28 bases=3 money=44098 credit=0 day=9 | food=0 water=0 coal=0 home=50 free=28 roads=0
  ACTION: 29 (BUILD:Puerperal price=37105 need_earth=10) | money=44098 pop=28 free=28
STEP 10 | BUILD:Puerperal | total=6.189 err=0.000 tax=0.000 taxb=0.300 build=1.500 cost=-3.711 div=8.000 prox=0.000 prov=0.000 preq=0.000 pres=0.000 sale=0.000 mtax=0.000 chain=0.000 daily=0.000 nov=0.000 mile=0.000 surv=0.100 idle=0.000 gover=0.000 | nw=1.532e+06 pop=28 bases=4 money=6993 credit=0 day=10 | food=0 water=0 coal=0 home=50 free=28 roads=0
  ACTION: 41 | money=6993 pop=28 free=28
STEP 11 | MGR:buy_food | total=-1.600 err=0.000 tax=0.000 taxb=0.300 build=0.000 cost=0.000 div=0.000 prox=0.000 prov=0.000 preq=0.000 pres=0.000 sale=0.000 mtax=0.000 chain=0.000 daily=0.000 nov=0.000 mile=0.000 surv=-1.900 idle=0.000 gover=0.000 | nw=1.5316e+06 pop=28 bases=4 money=6193 credit=0 day=11 | food=400 water=0 coal=0 home=50 free=28 roads=0
  ACTION: 24 (BUILD:Hothouse price=16590 need_earth=10) | money=6193 pop=28 free=28
  BUILD FAILED: Hothouse (no cell or error)
STEP 12 | BUILD:Hothouse | total=-10.600 err=-1.000 tax=0.000 taxb=0.300 build=0.000 cost=0.000 div=0.000 prox=0.000 prov=0.000 preq=0.000 pres=0.000 sale=0.000 mtax=0.000 chain=0.000 daily=0.000 nov=0.000 mile=0.000 surv=0.100 idle=-10.000 gover=0.000 | nw=1.5316e+06 pop=28 bases=4 money=6193 credit=0 day=12 | food=400 water=0 coal=0 home=50 free=28 roads=0
  ACTION: 23 (BUILD:Torchlight price=215000 need_earth=6) | money=6193 pop=28 free=28
  BUILD FAILED: Torchlight (no cell or error)
STEP 13 | BUILD:Torchlight | total=-0.600 err=-1.000 tax=0.000 taxb=0.300 build=0.000 cost=0.000 div=0.000 prox=0.000 prov=0.000 preq=0.000 pres=0.000 sale=0.000 mtax=0.000 chain=0.000 daily=0.000 nov=0.000 mile=0.000 surv=0.100 idle=0.000 gover=0.000 | nw=1.5316e+06 pop=28 bases=4 money=6193 credit=0 day=13 | food=400 water=0 coal=0 home=50 free=28 roads=0
  ACTION: 14 (BUILD:SmallHouse price=5900 need_earth=10) | money=6193 pop=28 free=28
STEP 14 | BUILD:SmallHouse | total=4.310 err=0.000 tax=0.000 taxb=0.300 build=1.500 cost=-0.590 div=0.000 prox=0.000 prov=0.000 preq=0.000 pres=0.000 sale=0.000 mtax=0.000 chain=0.000 daily=0.000 nov=0.000 mile=3.000 surv=0.100 idle=0.000 gover=0.000 | nw=1.5316e+06 pop=28 bases=5 money=293 credit=0 day=14 | food=400 water=0 coal=0 home=50 free=28 roads=0
  ACTION: 35 | money=293 pop=28 free=28
STEP 15 | MGR:repair | total=-0.600 err=-1.000 tax=0.000 taxb=0.300 build=0.000 cost=0.000 div=0.000 prox=0.000 prov=0.000 preq=0.000 pres=0.000 sale=0.000 mtax=0.000 chain=0.000 daily=0.000 nov=0.000 mile=0.000 surv=0.100 idle=0.000 gover=0.000 | nw=1.5316e+06 pop=28 bases=5 money=293 credit=0 day=15 | food=400 water=0 coal=0 home=50 free=28 roads=0
  ACTION: 18 (BUILD:CowFarm price=32002 need_earth=10) | money=293 pop=28 free=28
  BUILD FAILED: CowFarm (no cell or error)
STEP 16 | BUILD:CowFarm | total=-10.600 err=-1.000 tax=0.000 taxb=0.300 build=0.000 cost=0.000 div=0.000 prox=0.000 prov=0.000 preq=0.000 pres=0.000 sale=0.000 mtax=0.000 chain=0.000 daily=0.000 nov=0.000 mile=0.000 surv=0.100 idle=-10.000 gover=0.000 | nw=1.5316e+06 pop=28 bases=5 money=293 credit=0 day=16 | food=400 water=0 coal=0 home=50 free=28 roads=0
  ACTION: 8 (BUILD:Refinery price=82684 need_earth=6) | money=293 pop=28 free=28
  BUILD FAILED: Refinery (no cell or error)
STEP 17 | BUILD:Refinery | total=14.389 err=-1.000 tax=0.000 taxb=0.300 build=0.000 cost=0.000 div=0.000 prox=0.000 prov=0.000 preq=0.000 pres=0.000 sale=0.000 mtax=0.000 chain=0.000 daily=0.000 nov=15.000 mile=0.000 surv=0.089 idle=0.000 gover=0.000 | nw=1.5316e+06 pop=28 bases=5 money=293 credit=0 day=17 | food=400 water=0 coal=0 home=50 free=28 roads=0
  ACTION: 42 | money=293 pop=28 free=28
STEP 18 | MGR:credit_take | total=-0.358 err=0.000 tax=0.000 taxb=0.300 build=0.000 cost=0.000 div=0.000 prox=0.000 prov=0.000 preq=0.000 pres=0.000 sale=0.000 mtax=0.000 chain=0.000 daily=0.000 nov=0.000 mile=0.000 surv=-0.408 idle=0.000 gover=0.000 | nw=1.5315e+06 pop=28 bases=5 money=50293 credit=50100 day=18 | food=400 water=0 coal=0 home=50 free=28 roads=0
  ACTION: 16 (BUILD:CoalCut price=48300 need_earth=4) | money=50293 pop=28 free=28
  BUILD FAILED: CoalCut (no cell or error)
STEP 19 | BUILD:CoalCut | total=-11.362 err=-1.000 tax=0.000 taxb=0.300 build=0.000 cost=0.000 div=0.000 prox=0.000 prov=0.000 preq=0.000 pres=0.000 sale=0.000 mtax=0.000 chain=0.000 daily=0.000 nov=0.000 mile=0.000 surv=-0.411 idle=-10.000 gover=0.000 | nw=1.53139e+06 pop=28 bases=5 money=50293 credit=50200 day=19 | food=400 water=0 coal=0 home=50 free=28 roads=0
  ACTION: 0 (DAY) | money=50293 pop=28 free=28
STEP 20 | DAY | total=-0.359 err=0.000 tax=0.000 taxb=0.300 build=0.000 cost=0.000 div=0.000 prox=0.000 prov=0.000 preq=0.000 pres=0.000 sale=0.000 mtax=0.000 chain=0.000 daily=0.000 nov=0.000 mile=0.000 surv=-0.408 idle=0.000 gover=0.000 | nw=1.53129e+06 pop=28 bases=5 money=50293 credit=50300 day=20 | food=400 water=0 coal=0 home=50 free=28 roads=0
  ACTION: 32 (BUILD:SmallAtomStation price=29000000 need_earth=2) | money=50293 pop=28 free=28
  BUILD FAILED: SmallAtomStation (no cell or error)
STEP 21 | BUILD:SmallAtomStation | total=-1.360 err=-1.000 tax=0.000 taxb=0.300 build=0.000 cost=0.000 div=0.000 prox=0.000 prov=0.000 preq=0.000 pres=0.000 sale=0.000 mtax=0.000 chain=0.000 daily=0.000 nov=0.000 mile=0.000 surv=-0.408 idle=0.000 gover=0.000 | nw=1.53119e+06 pop=28 bases=5 money=50293 credit=50400 day=21 | food=400 water=0 coal=0 home=50 free=28 roads=0
  ACTION: 31 (BUILD:AirStation price=23790 need_earth=10) | money=50293 pop=28 free=28
STEP 22 | BUILD:AirStation | total=10.828 err=0.000 tax=0.000 taxb=0.300 build=4.375 cost=-2.379 div=8.000 prox=0.000 prov=0.000 preq=1.200 pres=0.000 sale=0.000 mtax=0.000 chain=0.000 daily=0.000 nov=0.000 mile=0.000 surv=-0.415 idle=0.000 gover=0.000 | nw=1.53109e+06 pop=28 bases=6 money=26503 credit=50500 day=22 | food=400 water=0 coal=0 home=90 free=28 roads=0
  ACTION: 34 | money=26503 pop=28 free=28
STEP 23 | MGR:improve | total=-1.377 err=-1.000 tax=0.000 taxb=0.300 build=0.000 cost=0.000 div=0.000 prox=0.000 prov=0.000 preq=0.000 pres=0.000 sale=0.000 mtax=0.000 chain=0.000 daily=0.000 nov=0.000 mile=0.000 surv=-0.424 idle=0.000 gover=0.000 | nw=1.53098e+06 pop=28 bases=6 money=26503 credit=50601 day=23 | food=400 water=0 coal=0 home=90 free=28 roads=0
  ACTION: 43 | money=26503 pop=28 free=28
STEP 24 | MGR:credit_give | total=-11.374 err=-1.000 tax=0.000 taxb=0.300 build=0.000 cost=0.000 div=0.000 prox=0.000 prov=0.000 preq=0.000 pres=0.000 sale=0.000 mtax=0.000 chain=0.000 daily=0.000 nov=0.000 mile=0.000 surv=-0.420 idle=-10.000 gover=0.000 | nw=1.53088e+06 pop=28 bases=6 money=26503 credit=50702 day=24 | food=400 water=0 coal=0 home=90 free=28 roads=0
  ACTION: 41 | money=26503 pop=28 free=28
STEP 25 | MGR:buy_food | total=-1.370 err=-1.000 tax=0.000 taxb=0.300 build=0.000 cost=0.000 div=0.000 prox=0.000 prov=0.000 preq=0.000 pres=0.000 sale=0.000 mtax=0.000 chain=0.000 daily=0.000 nov=0.000 mile=0.000 surv=-0.416 idle=0.000 gover=0.000 | nw=1.53078e+06 pop=28 bases=6 money=26503 credit=50803 day=25 | food=400 water=0 coal=0 home=90 free=28 roads=0
  ACTION: 13 (BUILD:House price=14038 need_earth=1) | money=26503 pop=28 free=28
STEP 26 | BUILD:House | total=7.718 err=0.000 tax=0.000 taxb=0.300 build=1.500 cost=-1.404 div=8.000 prox=0.000 prov=0.000 preq=0.000 pres=0.000 sale=0.000 mtax=0.000 chain=0.000 daily=0.000 nov=0.000 mile=0.000 surv=-0.424 idle=0.000 gover=0.000 | nw=1.53067e+06 pop=28 bases=7 money=12465 credit=50904 day=26 | food=400 water=0 coal=0 home=90 free=28 roads=0
  ACTION: 0 (DAY) | money=12465 pop=28 free=28
STEP 27 | DAY | total=-0.375 err=0.000 tax=0.000 taxb=0.300 build=0.000 cost=0.000 div=0.000 prox=0.000 prov=0.000 preq=0.000 pres=0.000 sale=0.000 mtax=0.000 chain=0.000 daily=0.000 nov=0.000 mile=0.000 surv=-0.420 idle=0.000 gover=0.000 | nw=1.53057e+06 pop=28 bases=7 money=12465 credit=51005 day=27 | food=400 water=0 coal=0 home=90 free=28 roads=0
  ACTION: 8 (BUILD:Refinery price=82684 need_earth=6) | money=12465 pop=28 free=28
  BUILD FAILED: Refinery (no cell or error)
STEP 28 | BUILD:Refinery | total=-11.381 err=-1.000 tax=0.000 taxb=0.300 build=0.000 cost=0.000 div=0.000 prox=0.000 prov=0.000 preq=0.000 pres=0.000 sale=0.000 mtax=0.000 chain=0.000 daily=0.000 nov=0.000 mile=0.000 surv=-0.425 idle=-10.000 gover=0.000 | nw=1.53046e+06 pop=28 bases=7 money=12465 credit=51107 day=28 | food=400 water=0 coal=0 home=90 free=28 roads=0
  ACTION: 33 (BUILD:AtomStation price=120000000 need_earth=2) | money=12465 pop=28 free=28
  BUILD FAILED: AtomStation (no cell or error)
STEP 29 | BUILD:AtomStation | total=-1.381 err=-1.000 tax=0.000 taxb=0.300 build=0.000 cost=0.000 div=0.000 prox=0.000 prov=0.000 preq=0.000 pres=0.000 sale=0.000 mtax=0.000 chain=0.000 daily=0.000 nov=0.000 mile=0.000 surv=-0.425 idle=0.000 gover=0.000 | nw=1.53036e+06 pop=28 bases=7 money=12465 credit=51209 day=29 | food=400 water=0 coal=0 home=90 free=28 roads=0
  ACTION: 19 (BUILD:Mushroom price=12164 need_earth=3) | money=12465 pop=28 free=28
  BUILD FAILED: Mushroom (no cell or error)
STEP 30 | BUILD:Mushroom | total=-1.386 err=-1.000 tax=0.000 taxb=0.300 build=0.000 cost=0.000 div=0.000 prox=0.000 prov=0.000 preq=0.000 pres=0.000 sale=0.000 mtax=0.000 chain=0.000 daily=0.000 nov=0.000 mile=0.000 surv=-0.429 idle=0.000 gover=0.000 | nw=1.53025e+06 pop=28 bases=7 money=12465 credit=51311 day=30 | food=400 water=0 coal=0 home=90 free=28 roads=0
  ACTION: 13 (BUILD:House price=14038 need_earth=1) | money=12465 pop=28 free=28
  BUILD FAILED: House (no cell or error)
STEP 31 | BUILD:House | total=-11.382 err=-1.000 tax=0.000 taxb=0.300 build=0.000 cost=0.000 div=0.000 prox=0.000 prov=0.000 preq=0.000 pres=0.000 sale=0.000 mtax=0.000 chain=0.000 daily=0.000 nov=0.000 mile=0.000 surv=-0.425 idle=-10.000 gover=0.000 | nw=1.53015e+06 pop=28 bases=7 money=12465 credit=51413 day=31 | food=400 water=0 coal=0 home=90 free=28 roads=0
  ACTION: 0 (DAY) | money=12465 pop=28 free=28
STEP 32 | DAY | total=-0.383 err=0.000 tax=0.000 taxb=0.300 build=0.000 cost=0.000 div=0.000 prox=0.000 prov=0.000 preq=0.000 pres=0.000 sale=0.000 mtax=0.000 chain=0.000 daily=0.000 nov=0.000 mile=0.000 surv=-0.425 idle=0.000 gover=0.000 | nw=1.53004e+06 pop=28 bases=7 money=12465 credit=51515 day=32 | food=400 water=0 coal=0 home=90 free=28 roads=0
  ACTION: 37 | money=12465 pop=28 free=28
STEP 33 | MGR:destroy | total=-26.798 err=0.000 tax=0.000 taxb=0.300 build=0.000 cost=0.000 div=0.000 prox=0.000 prov=0.000 preq=0.000 pres=0.000 sale=0.000 mtax=0.000 chain=0.000 daily=0.000 nov=0.000 mile=0.000 surv=-26.840 idle=0.000 gover=0.000 | nw=1.52465e+06 pop=28 bases=6 money=13055 credit=51618 day=33 | food=400 water=0 coal=0 home=70 free=28 roads=0
  ACTION: 14 (BUILD:SmallHouse price=5900 need_earth=10) | money=13055 pop=28 free=28
STEP 34 | BUILD:SmallHouse | total=0.492 err=0.000 tax=0.000 taxb=0.300 build=1.500 cost=-0.590 div=0.000 prox=0.000 prov=0.000 preq=0.000 pres=0.000 sale=0.000 mtax=0.000 chain=0.000 daily=0.000 nov=0.000 mile=0.000 surv=-0.460 idle=0.000 gover=0.000 | nw=1.52454e+06 pop=28 bases=7 money=7155 credit=51721 day=34 | food=400 water=0 coal=0 home=70 free=28 roads=0
  ACTION: 14 (BUILD:SmallHouse price=5900 need_earth=10) | money=7155 pop=28 free=28
STEP 35 | BUILD:SmallHouse | total=0.501 err=0.000 tax=0.000 taxb=0.300 build=1.500 cost=-0.590 div=0.000 prox=0.000 prov=0.000 preq=0.000 pres=0.000 sale=0.000 mtax=0.000 chain=0.000 daily=0.000 nov=0.000 mile=0.000 surv=-0.450 idle=0.000 gover=0.000 | nw=1.52443e+06 pop=28 bases=8 money=1255 credit=51824 day=35 | food=400 water=0 coal=0 home=70 free=28 roads=0
  ACTION: 10 (BUILD:PowerStation price=92433 need_earth=10) | money=1255 pop=28 free=28
  BUILD FAILED: PowerStation (no cell or error)
STEP 36 | BUILD:PowerStation | total=-1.409 err=-1.000 tax=0.000 taxb=0.300 build=0.000 cost=0.000 div=0.000 prox=0.000 prov=0.000 preq=0.000 pres=0.000 sale=0.000 mtax=0.000 chain=0.000 daily=0.000 nov=0.000 mile=0.000 surv=-0.450 idle=0.000 gover=0.000 | nw=1.52432e+06 pop=28 bases=8 money=1255 credit=51927 day=36 | food=400 water=0 coal=0 home=70 free=28 roads=0
  ACTION: 19 (BUILD:Mushroom price=12164 need_earth=3) | money=1255 pop=28 free=28
  BUILD FAILED: Mushroom (no cell or error)
STEP 37 | BUILD:Mushroom | total=-11.406 err=-1.000 tax=0.000 taxb=0.300 build=0.000 cost=0.000 div=0.000 prox=0.000 prov=0.000 preq=0.000 pres=0.000 sale=0.000 mtax=0.000 chain=0.000 daily=0.000 nov=0.000 mile=0.000 surv=-0.446 idle=-10.000 gover=0.000 | nw=1.52421e+06 pop=28 bases=8 money=1255 credit=52030 day=37 | food=400 water=0 coal=0 home=70 free=28 roads=0
  ACTION: 23 (BUILD:Torchlight price=215000 need_earth=6) | money=1255 pop=28 free=28
  BUILD FAILED: Torchlight (no cell or error)
STEP 38 | BUILD:Torchlight | total=-1.416 err=-1.000 tax=0.000 taxb=0.300 build=0.000 cost=0.000 div=0.000 prox=0.000 prov=0.000 preq=0.000 pres=0.000 sale=0.000 mtax=0.000 chain=0.000 daily=0.000 nov=0.000 mile=0.000 surv=-0.455 idle=0.000 gover=0.000 | nw=1.5241e+06 pop=28 bases=8 money=1255 credit=52134 day=38 | food=400 water=0 coal=0 home=70 free=28 roads=0
  ACTION: 22 (BUILD:Apiary price=9385 need_earth=10) | money=1255 pop=28 free=28
  BUILD FAILED: Apiary (no cell or error)
STEP 39 | BUILD:Apiary | total=-1.416 err=-1.000 tax=0.000 taxb=0.300 build=0.000 cost=0.000 div=0.000 prox=0.000 prov=0.000 preq=0.000 pres=0.000 sale=0.000 mtax=0.000 chain=0.000 daily=0.000 nov=0.000 mile=0.000 surv=-0.455 idle=0.000 gover=0.000 | nw=1.52399e+06 pop=28 bases=8 money=1255 credit=52238 day=39 | food=400 water=0 coal=0 home=70 free=28 roads=0
  ACTION: 15 (BUILD:Fish price=30202 need_earth=2) | money=1255 pop=28 free=28
  BUILD FAILED: Fish (no cell or error)
STEP 40 | BUILD:Fish | total=-11.417 err=-1.000 tax=0.000 taxb=0.300 build=0.000 cost=0.000 div=0.000 prox=0.000 prov=0.000 preq=0.000 pres=0.000 sale=0.000 mtax=0.000 chain=0.000 daily=0.000 nov=0.000 mile=0.000 surv=-0.455 idle=-10.000 gover=0.000 | nw=1.52388e+06 pop=28 bases=8 money=1255 credit=52342 day=40 | food=400 water=0 coal=0 home=70 free=28 roads=0
  ACTION: 5 (BUILD:Sawmill price=17570 need_earth=3) | money=1255 pop=28 free=28
  BUILD FAILED: Sawmill (no cell or error)
STEP 41 | BUILD:Sawmill | total=-1.417 err=-1.000 tax=0.000 taxb=0.300 build=0.000 cost=0.000 div=0.000 prox=0.000 prov=0.000 preq=0.000 pres=0.000 sale=0.000 mtax=0.000 chain=0.000 daily=0.000 nov=0.000 mile=0.000 surv=-0.455 idle=0.000 gover=0.000 | nw=1.52377e+06 pop=28 bases=8 money=1255 credit=52446 day=41 | food=400 water=0 coal=0 home=70 free=28 roads=0
  ACTION: 10 (BUILD:PowerStation price=92433 need_earth=10) | money=1255 pop=28 free=28
  BUILD FAILED: PowerStation (no cell or error)
STEP 42 | BUILD:PowerStation | total=-1.421 err=-1.000 tax=0.000 taxb=0.300 build=0.000 cost=0.000 div=0.000 prox=0.000 prov=0.000 preq=0.000 pres=0.000 sale=0.000 mtax=0.000 chain=0.000 daily=0.000 nov=0.000 mile=0.000 surv=-0.459 idle=0.000 gover=0.000 | nw=1.52366e+06 pop=28 bases=8 money=1255 credit=52550 day=42 | food=400 water=0 coal=0 home=70 free=28 roads=0
  ACTION: 14 (BUILD:SmallHouse price=5900 need_earth=10) | money=1255 pop=28 free=28
  BUILD FAILED: SmallHouse (no cell or error)
STEP 43 | BUILD:SmallHouse | total=-11.435 err=-1.000 tax=0.000 taxb=0.300 build=0.000 cost=0.000 div=0.000 prox=0.000 prov=0.000 preq=0.000 pres=0.000 sale=0.000 mtax=0.000 chain=0.000 daily=0.000 nov=0.000 mile=0.000 surv=-0.471 idle=-10.000 gover=0.000 | nw=1.52354e+06 pop=28 bases=8 money=1255 credit=52655 day=43 | food=400 water=0 coal=0 home=70 free=28 roads=0
  ACTION: 41 | money=1255 pop=28 free=28
STEP 44 | MGR:buy_food | total=-1.421 err=-1.000 tax=0.000 taxb=0.300 build=0.000 cost=0.000 div=0.000 prox=0.000 prov=0.000 preq=0.000 pres=0.000 sale=0.000 mtax=0.000 chain=0.000 daily=0.000 nov=0.000 mile=0.000 surv=-0.458 idle=0.000 gover=0.000 | nw=1.52343e+06 pop=28 bases=8 money=1255 credit=52760 day=44 | food=400 water=0 coal=0 home=70 free=28 roads=0
  ACTION: 24 (BUILD:Hothouse price=16590 need_earth=10) | money=1255 pop=28 free=28
  BUILD FAILED: Hothouse (no cell or error)
STEP 45 | BUILD:Hothouse | total=-1.436 err=-1.000 tax=0.000 taxb=0.300 build=0.000 cost=0.000 div=0.000 prox=0.000 prov=0.000 preq=0.000 pres=0.000 sale=0.000 mtax=0.000 chain=0.000 daily=0.000 nov=0.000 mile=0.000 surv=-0.471 idle=0.000 gover=0.000 | nw=1.52332e+06 pop=28 bases=8 money=1255 credit=52865 day=45 | food=400 water=0 coal=0 home=70 free=28 roads=0
  ACTION: 18 (BUILD:CowFarm price=32002 need_earth=10) | money=1255 pop=28 free=28
  BUILD FAILED: CowFarm (no cell or error)
STEP 46 | BUILD:CowFarm | total=-11.363 err=-1.000 tax=0.000 taxb=0.300 build=0.000 cost=0.000 div=0.000 prox=0.000 prov=0.000 preq=0.000 pres=0.000 sale=0.000 mtax=0.000 chain=0.000 daily=0.090 nov=0.000 mile=0.000 surv=-0.489 idle=-10.000 gover=0.000 | nw=1.5232e+06 pop=28 bases=8 money=1255 credit=52970 day=46 | food=400 water=0 coal=0 home=70 free=28 roads=0
  ACTION: 24 (BUILD:Hothouse price=16590 need_earth=10) | money=1255 pop=28 free=28
  BUILD FAILED: Hothouse (no cell or error)
STEP 47 | BUILD:Hothouse | total=-1.482 err=-1.000 tax=0.000 taxb=0.300 build=0.000 cost=0.000 div=0.000 prox=0.000 prov=0.000 preq=0.000 pres=0.000 sale=0.000 mtax=0.000 chain=0.000 daily=0.000 nov=0.000 mile=0.000 surv=-0.516 idle=0.000 gover=0.000 | nw=1.52308e+06 pop=28 bases=8 money=1255 credit=53075 day=47 | food=400 water=0 coal=0 home=70 free=28 roads=0
  ACTION: 6 (BUILD:Coalmine price=25471 need_earth=4) | money=1255 pop=28 free=28
  BUILD FAILED: Coalmine (no cell or error)
STEP 48 | BUILD:Coalmine | total=-1.487 err=-1.000 tax=0.000 taxb=0.300 build=0.000 cost=0.000 div=0.000 prox=0.000 prov=0.000 preq=0.000 pres=0.000 sale=0.000 mtax=0.000 chain=0.000 daily=0.000 nov=0.000 mile=0.000 surv=-0.521 idle=0.000 gover=0.000 | nw=1.52295e+06 pop=28 bases=8 money=1255 credit=53181 day=48 | food=400 water=0 coal=0 home=70 free=28 roads=0
  ACTION: 40 | money=1255 pop=28 free=28
STEP 49 | MGR:sell | total=-10.282 err=0.000 tax=0.000 taxb=0.300 build=0.000 cost=0.000 div=0.000 prox=0.000 prov=0.000 preq=0.000 pres=0.000 sale=0.220 mtax=0.000 chain=0.000 daily=0.000 nov=0.000 mile=0.000 surv=-0.535 idle=-10.000 gover=0.000 | nw=1.52282e+06 pop=28 bases=8 money=1455 credit=53287 day=49 | food=200 water=0 coal=0 home=70 free=28 roads=0
  ACTION: 7 (BUILD:Ironmine price=32008 need_earth=5) | money=1455 pop=28 free=28
  BUILD FAILED: Ironmine (no cell or error)
STEP 50 | BUILD:Ironmine | total=-1.484 err=-1.000 tax=0.000 taxb=0.300 build=0.000 cost=0.000 div=0.000 prox=0.000 prov=0.000 preq=0.000 pres=0.000 sale=0.000 mtax=0.000 chain=0.000 daily=0.000 nov=0.000 mile=0.000 surv=-0.517 idle=0.000 gover=0.000 | nw=1.5227e+06 pop=28 bases=8 money=1455 credit=53393 day=50 | food=200 water=0 coal=0 home=70 free=28 roads=0
  ACTION: 36 | money=1455 pop=28 free=28
STEP 51 | MGR:restore_all | total=-0.364 err=0.000 tax=0.000 taxb=0.300 build=0.000 cost=0.000 div=0.000 prox=0.000 prov=0.000 preq=0.000 pres=0.000 sale=0.000 mtax=0.000 chain=0.000 daily=0.000 nov=0.000 mile=0.000 surv=-0.396 idle=0.000 gover=0.000 | nw=1.5226e+06 pop=28 bases=8 money=1351 credit=53499 day=51 | food=200 water=0 coal=0 home=70 free=28 roads=0
  ACTION: 35 | money=1351 pop=28 free=28
STEP 52 | MGR:repair | total=3.502 err=-1.000 tax=0.000 taxb=0.300 build=0.000 cost=0.000 div=0.000 prox=0.000 prov=0.000 preq=0.000 pres=0.000 sale=0.000 mtax=0.000 chain=0.000 daily=0.000 nov=15.000 mile=0.000 surv=-0.530 idle=-10.000 gover=0.000 | nw=1.52248e+06 pop=28 bases=8 money=1351 credit=53605 day=52 | food=200 water=0 coal=0 home=70 free=28 roads=0
  ACTION: 27 (BUILD:WaterMill price=2900197 need_earth=2) | money=1351 pop=28 free=28
  BUILD FAILED: WaterMill (no cell or error)
STEP 53 | BUILD:WaterMill | total=-1.500 err=-1.000 tax=0.000 taxb=0.300 build=0.000 cost=0.000 div=0.000 prox=0.000 prov=0.000 preq=0.000 pres=0.000 sale=0.000 mtax=0.000 chain=0.000 daily=0.000 nov=0.000 mile=0.000 surv=-0.532 idle=0.000 gover=0.000 | nw=1.52235e+06 pop=28 bases=8 money=1351 credit=53712 day=53 | food=200 water=0 coal=0 home=70 free=28 roads=0
  ACTION: 43 | money=1351 pop=28 free=28
STEP 54 | MGR:credit_give | total=-1.501 err=-1.000 tax=0.000 taxb=0.300 build=0.000 cost=0.000 div=0.000 prox=0.000 prov=0.000 preq=0.000 pres=0.000 sale=0.000 mtax=0.000 chain=0.000 daily=0.000 nov=0.000 mile=0.000 surv=-0.532 idle=0.000 gover=0.000 | nw=1.52222e+06 pop=28 bases=8 money=1351 credit=53819 day=54 | food=200 water=0 coal=0 home=70 free=28 roads=0
  ACTION: 5 (BUILD:Sawmill price=17570 need_earth=3) | money=1351 pop=28 free=28
  BUILD FAILED: Sawmill (no cell or error)
STEP 55 | BUILD:Sawmill | total=-11.504 err=-1.000 tax=0.000 taxb=0.300 build=0.000 cost=0.000 div=0.000 prox=0.000 prov=0.000 preq=0.000 pres=0.000 sale=0.000 mtax=0.000 chain=0.000 daily=0.000 nov=0.000 mile=0.000 surv=-0.534 idle=-10.000 gover=0.000 | nw=1.5221e+06 pop=28 bases=8 money=1351 credit=53926 day=55 | food=200 water=0 coal=0 home=70 free=28 roads=0
  ACTION: 35 | money=1351 pop=28 free=28
STEP 56 | MGR:repair | total=13.474 err=-1.000 tax=0.000 taxb=0.300 build=0.000 cost=0.000 div=0.000 prox=0.000 prov=0.000 preq=0.000 pres=0.000 sale=0.000 mtax=0.000 chain=0.000 daily=0.000 nov=15.000 mile=0.000 surv=-0.556 idle=0.000 gover=0.000 | nw=1.52196e+06 pop=28 bases=8 money=1351 credit=54033 day=56 | food=200 water=0 coal=0 home=70 free=25 roads=0
  ACTION: 44 | money=1351 pop=28 free=25
STEP 57 | MGR:manual_tax | total=-0.048 err=0.000 tax=0.000 taxb=0.300 build=0.000 cost=0.000 div=0.000 prox=0.000 prov=0.000 preq=0.000 pres=0.000 sale=0.000 mtax=0.500 chain=0.000 daily=0.000 nov=0.000 mile=0.000 surv=-0.577 idle=0.000 gover=0.000 | nw=1.52183e+06 pop=28 bases=8 money=1351 credit=54141 day=57 | food=200 water=0 coal=0 home=70 free=25 roads=0
  ACTION: 40 | money=1351 pop=28 free=25
STEP 58 | MGR:sell | total=-11.527 err=-1.000 tax=0.000 taxb=0.300 build=0.000 cost=0.000 div=0.000 prox=0.000 prov=0.000 preq=0.000 pres=0.000 sale=0.000 mtax=0.000 chain=0.000 daily=0.000 nov=0.000 mile=0.000 surv=-0.556 idle=-10.000 gover=0.000 | nw=1.5217e+06 pop=28 bases=8 money=1351 credit=54249 day=58 | food=200 water=0 coal=0 home=70 free=25 roads=0
  ACTION: 35 | money=1351 pop=28 free=25
STEP 59 | MGR:repair | total=-1.550 err=-1.000 tax=0.000 taxb=0.300 build=0.000 cost=0.000 div=0.000 prox=0.000 prov=0.000 preq=0.000 pres=0.000 sale=0.000 mtax=0.000 chain=0.000 daily=0.000 nov=0.000 mile=0.000 surv=-0.579 idle=0.000 gover=0.000 | nw=1.52156e+06 pop=28 bases=8 money=1351 credit=54357 day=59 | food=200 water=0 coal=0 home=70 free=25 roads=0
  ACTION: 21 (BUILD:BigFarm price=380385 need_earth=1) | money=1351 pop=28 free=25
  BUILD FAILED: BigFarm (no cell or error)
STEP 60 | BUILD:BigFarm | total=-1.551 err=-1.000 tax=0.000 taxb=0.300 build=0.000 cost=0.000 div=0.000 prox=0.000 prov=0.000 preq=0.000 pres=0.000 sale=0.000 mtax=0.000 chain=0.000 daily=0.000 nov=0.000 mile=0.000 surv=-0.579 idle=0.000 gover=0.000 | nw=1.52143e+06 pop=28 bases=8 money=1351 credit=54465 day=60 | food=200 water=0 coal=0 home=70 free=25 roads=0
  ACTION: 43 | money=1351 pop=28 free=25
STEP 61 | MGR:credit_give | total=-11.555 err=-1.000 tax=0.000 taxb=0.300 build=0.000 cost=0.000 div=0.000 prox=0.000 prov=0.000 preq=0.000 pres=0.000 sale=0.000 mtax=0.000 chain=0.000 daily=0.000 nov=0.000 mile=0.000 surv=-0.582 idle=-10.000 gover=0.000 | nw=1.52129e+06 pop=28 bases=8 money=1351 credit=54573 day=61 | food=200 water=0 coal=0 home=70 free=25 roads=0
  ACTION: 23 (BUILD:Torchlight price=215000 need_earth=6) | money=1351 pop=28 free=25
  BUILD FAILED: Torchlight (no cell or error)
STEP 62 | BUILD:Torchlight | total=-1.557 err=-1.000 tax=0.000 taxb=0.300 build=0.000 cost=0.000 div=0.000 prox=0.000 prov=0.000 preq=0.000 pres=0.000 sale=0.000 mtax=0.000 chain=0.000 daily=0.000 nov=0.000 mile=0.000 surv=-0.584 idle=0.000 gover=0.000 | nw=1.52115e+06 pop=28 bases=8 money=1351 credit=54682 day=62 | food=200 water=0 coal=0 home=70 free=25 roads=0
  ACTION: 37 | money=1351 pop=28 free=25
STEP 63 | MGR:destroy | total=-26.792 err=0.000 tax=0.000 taxb=0.300 build=0.000 cost=0.000 div=0.000 prox=0.000 prov=0.000 preq=0.000 pres=0.000 sale=0.000 mtax=0.000 chain=0.000 daily=0.000 nov=0.000 mile=0.000 surv=-26.818 idle=0.000 gover=0.000 | nw=1.51577e+06 pop=28 bases=7 money=1941 credit=54791 day=63 | food=200 water=0 coal=0 home=150 free=25 roads=0
  ACTION: 20 (BUILD:BigHouse price=66400 need_earth=1) | money=1941 pop=28 free=25
  BUILD FAILED: BigHouse (no cell or error)
STEP 64 | BUILD:BigHouse | total=-11.543 err=-1.000 tax=0.000 taxb=0.300 build=0.000 cost=0.000 div=0.000 prox=0.000 prov=0.000 preq=0.000 pres=0.000 sale=0.000 mtax=0.000 chain=0.000 daily=0.000 nov=0.000 mile=0.000 surv=-0.568 idle=-10.000 gover=0.000 | nw=1.51564e+06 pop=28 bases=7 money=1941 credit=54900 day=64 | food=200 water=0 coal=0 home=150 free=25 roads=0
  ACTION: 38 | money=1941 pop=28 free=25
STEP 65 | MGR:preserve | total=-1.563 err=-1.000 tax=0.000 taxb=0.300 build=0.000 cost=0.000 div=0.000 prox=0.000 prov=0.000 preq=0.000 pres=0.000 sale=0.000 mtax=0.000 chain=0.000 daily=0.000 nov=0.000 mile=0.000 surv=-0.588 idle=0.000 gover=0.000 | nw=1.5155e+06 pop=28 bases=7 money=1941 credit=55009 day=65 | food=200 water=0 coal=0 home=150 free=25 roads=0
  ACTION: 12 (BUILD:Road price=400 need_earth=10) | money=1941 pop=28 free=25
STEP 66 | BUILD:Road | total=0.874 err=0.000 tax=0.000 taxb=0.300 build=1.500 cost=-0.040 div=0.000 prox=0.000 prov=0.000 preq=0.000 pres=0.000 sale=0.000 mtax=0.000 chain=0.000 daily=0.000 nov=0.000 mile=0.000 surv=-0.610 idle=0.000 gover=0.000 | nw=1.51536e+06 pop=28 bases=8 money=1541 credit=55119 day=66 | food=200 water=0 coal=0 home=150 free=25 roads=1
  ACTION: 2 (BUILD:Farm price=19814 need_earth=10) | money=1541 pop=28 free=25
  BUILD FAILED: Farm (no cell or error)
STEP 67 | BUILD:Farm | total=-1.552 err=-1.000 tax=0.000 taxb=0.300 build=0.000 cost=0.000 div=0.000 prox=0.000 prov=0.000 preq=0.000 pres=0.000 sale=0.000 mtax=0.000 chain=0.000 daily=0.000 nov=0.000 mile=0.000 surv=-0.576 idle=0.000 gover=0.000 | nw=1.51522e+06 pop=28 bases=8 money=1541 credit=55229 day=67 | food=200 water=0 coal=0 home=150 free=25 roads=1
  ACTION: 33 (BUILD:AtomStation price=120000000 need_earth=2) | money=1541 pop=28 free=25
  BUILD FAILED: AtomStation (no cell or error)
STEP 68 | BUILD:AtomStation | total=-11.596 err=-1.000 tax=0.000 taxb=0.300 build=0.000 cost=0.000 div=0.000 prox=0.000 prov=0.000 preq=0.000 pres=0.000 sale=0.000 mtax=0.000 chain=0.000 daily=0.000 nov=0.000 mile=0.000 surv=-0.619 idle=-10.000 gover=0.000 | nw=1.51508e+06 pop=28 bases=8 money=1541 credit=55339 day=68 | food=200 water=0 coal=0 home=150 free=25 roads=1
  ACTION: 42 | money=1541 pop=28 free=25
STEP 69 | MGR:credit_take | total=-1.309 err=0.000 tax=0.000 taxb=0.300 build=0.000 cost=0.000 div=0.000 prox=0.000 prov=0.000 preq=0.000 pres=0.000 sale=0.000 mtax=0.000 chain=0.000 daily=0.000 nov=0.000 mile=0.000 surv=-1.081 idle=0.000 gover=0.000 | nw=1.51484e+06 pop=28 bases=8 money=51541 credit=105549 day=69 | food=200 water=0 coal=0 home=150 free=25 roads=1
  ACTION: 4 (BUILD:WaterChannel price=18310 need_earth=2) | money=51541 pop=28 free=25
  BUILD FAILED: WaterChannel (no cell or error)
STEP 70 | BUILD:WaterChannel | total=-1.928 err=-1.000 tax=0.000 taxb=0.300 build=0.365 cost=0.000 div=0.000 prox=0.000 prov=0.000 preq=0.000 pres=0.000 sale=0.000 mtax=0.000 chain=0.000 daily=0.000 nov=0.000 mile=0.000 surv=-1.064 idle=0.000 gover=0.000 | nw=1.51461e+06 pop=28 bases=8 money=51541 credit=105760 day=70 | food=200 water=0 coal=0 home=150 free=25 roads=1
  ACTION: 1 (WEEK) | money=51541 pop=28 free=25
STEP 71 | WEEK | total=-21.713 err=0.000 tax=0.000 taxb=0.300 build=0.000 cost=0.000 div=0.000 prox=0.000 prov=0.000 preq=0.000 pres=0.000 sale=0.000 mtax=0.000 chain=0.000 daily=0.000 nov=0.000 mile=0.000 surv=-8.259 idle=-10.000 gover=0.000 | nw=1.51294e+06 pop=28 bases=8 money=51541 credit=107246 day=77 | food=200 water=0 coal=0 home=150 free=25 roads=1
  ACTION: 11 (BUILD:HydroStation price=92214 need_earth=2) | money=51541 pop=28 free=25
  BUILD FAILED: HydroStation (no cell or error)
STEP 72 | BUILD:HydroStation | total=-2.321 err=-1.000 tax=0.000 taxb=0.300 build=0.000 cost=0.000 div=0.000 prox=0.000 prov=0.000 preq=0.000 pres=0.000 sale=0.000 mtax=0.000 chain=0.000 daily=0.000 nov=0.000 mile=0.000 surv=-1.084 idle=0.000 gover=0.000 | nw=1.5127e+06 pop=28 bases=8 money=51541 credit=107460 day=78 | food=200 water=0 coal=0 home=150 free=25 roads=1
  ACTION: 17 (BUILD:HuntingLand price=16985 need_earth=3) | money=51541 pop=28 free=25
  BUILD FAILED: HuntingLand (no cell or error)
STEP 73 | BUILD:HuntingLand | total=-2.351 err=-1.000 tax=0.000 taxb=0.300 build=0.000 cost=0.000 div=0.000 prox=0.000 prov=0.000 preq=0.000 pres=0.000 sale=0.000 mtax=0.000 chain=0.000 daily=0.000 nov=0.000 mile=0.000 surv=-1.113 idle=0.000 gover=0.000 | nw=1.51246e+06 pop=28 bases=8 money=51541 credit=107674 day=79 | food=200 water=0 coal=0 home=150 free=25 roads=1
  ACTION: 0 (DAY) | money=51541 pop=28 free=25
STEP 74 | DAY | total=-11.362 err=0.000 tax=0.000 taxb=0.300 build=0.000 cost=0.000 div=0.000 prox=0.000 prov=0.000 preq=0.000 pres=0.000 sale=0.000 mtax=0.000 chain=0.000 daily=0.000 nov=0.000 mile=0.000 surv=-1.123 idle=-10.000 gover=0.000 | nw=1.51221e+06 pop=28 bases=8 money=51541 credit=107889 day=80 | food=200 water=0 coal=0 home=150 free=25 roads=1
  ACTION: 4 (BUILD:WaterChannel price=18310 need_earth=2) | money=51541 pop=28 free=25
  BUILD FAILED: WaterChannel (no cell or error)
STEP 75 | BUILD:WaterChannel | total=-2.356 err=-1.000 tax=0.000 taxb=0.300 build=0.000 cost=0.000 div=0.000 prox=0.000 prov=0.000 preq=0.000 pres=0.000 sale=0.000 mtax=0.000 chain=0.000 daily=0.000 nov=0.000 mile=0.000 surv=-1.116 idle=0.000 gover=0.000 | nw=1.51197e+06 pop=28 bases=8 money=51541 credit=108104 day=81 | food=200 water=0 coal=0 home=150 free=25 roads=1
  ACTION: 36 | money=51541 pop=28 free=25
STEP 76 | MGR:restore_all | total=-0.857 err=0.000 tax=0.000 taxb=0.300 build=0.000 cost=0.000 div=0.000 prox=0.000 prov=0.000 preq=0.000 pres=0.000 sale=0.000 mtax=0.000 chain=0.000 daily=0.000 nov=0.000 mile=0.000 surv=-0.615 idle=0.000 gover=0.000 | nw=1.51183e+06 pop=28 bases=8 money=50990 credit=108320 day=82 | food=200 water=0 coal=0 home=150 free=25 roads=1
  ACTION: 27 (BUILD:WaterMill price=2900197 need_earth=2) | money=50990 pop=28 free=25
  BUILD FAILED: WaterMill (no cell or error)
STEP 77 | BUILD:WaterMill | total=-12.350 err=-1.000 tax=0.000 taxb=0.300 build=0.000 cost=0.000 div=0.000 prox=0.000 prov=0.000 preq=0.000 pres=0.000 sale=0.000 mtax=0.000 chain=0.000 daily=0.000 nov=0.000 mile=0.000 surv=-1.107 idle=-10.000 gover=0.000 | nw=1.51159e+06 pop=28 bases=8 money=50990 credit=108536 day=83 | food=200 water=0 coal=0 home=150 free=25 roads=1
  ACTION: 11 (BUILD:HydroStation price=92214 need_earth=2) | money=50990 pop=28 free=25
  BUILD FAILED: HydroStation (no cell or error)
STEP 78 | BUILD:HydroStation | total=-2.393 err=-1.000 tax=0.000 taxb=0.300 build=0.000 cost=0.000 div=0.000 prox=0.000 prov=0.000 preq=0.000 pres=0.000 sale=0.000 mtax=0.000 chain=0.000 daily=0.000 nov=0.000 mile=0.000 surv=-1.149 idle=0.000 gover=0.000 | nw=1.51134e+06 pop=28 bases=8 money=50990 credit=108753 day=84 | food=200 water=0 coal=0 home=150 free=25 roads=1
  ACTION: 7 (BUILD:Ironmine price=32008 need_earth=5) | money=50990 pop=28 free=25
  BUILD FAILED: Ironmine (no cell or error)
STEP 79 | BUILD:Ironmine | total=-2.376 err=-1.000 tax=0.000 taxb=0.300 build=0.000 cost=0.000 div=0.000 prox=0.000 prov=0.000 preq=0.000 pres=0.000 sale=0.000 mtax=0.000 chain=0.000 daily=0.000 nov=0.000 mile=0.000 surv=-1.131 idle=0.000 gover=0.000 | nw=1.51109e+06 pop=28 bases=8 money=50990 credit=108970 day=85 | food=200 water=0 coal=0 home=150 free=25 roads=1
  ACTION: 30 (BUILD:BigIronmine price=2715002 need_earth=5) | money=50990 pop=28 free=25
  BUILD FAILED: BigIronmine (no cell or error)
STEP 80 | BUILD:BigIronmine | total=-12.361 err=-1.000 tax=0.000 taxb=0.300 build=0.000 cost=0.000 div=0.000 prox=0.000 prov=0.000 preq=0.000 pres=0.000 sale=0.000 mtax=0.000 chain=0.000 daily=0.000 nov=0.000 mile=0.000 surv=-1.115 idle=-10.000 gover=0.000 | nw=1.51085e+06 pop=28 bases=8 money=50990 credit=109187 day=86 | food=200 water=0 coal=0 home=150 free=25 roads=1
  ACTION: 25 (BUILD:SuperHouse price=971000 need_earth=1) | money=50990 pop=28 free=25
  BUILD FAILED: SuperHouse (no cell or error)
STEP 81 | BUILD:SuperHouse | total=-2.383 err=-1.000 tax=0.000 taxb=0.300 build=0.000 cost=0.000 div=0.000 prox=0.000 prov=0.000 preq=0.000 pres=0.000 sale=0.000 mtax=0.000 chain=0.000 daily=0.000 nov=0.000 mile=0.000 surv=-1.136 idle=0.000 gover=0.000 | nw=1.5106e+06 pop=28 bases=8 money=50990 credit=109405 day=87 | food=200 water=0 coal=0 home=150 free=25 roads=1
  ACTION: 37 | money=50990 pop=28 free=25
STEP 82 | MGR:destroy | total=-27.551 err=0.000 tax=0.000 taxb=0.300 build=0.000 cost=0.000 div=0.000 prox=0.000 prov=0.000 preq=0.000 pres=0.000 sale=0.000 mtax=0.000 chain=0.000 daily=0.000 nov=0.000 mile=0.000 surv=-27.303 idle=0.000 gover=0.000 | nw=1.50512e+06 pop=28 bases=7 money=51580 credit=109623 day=88 | food=200 water=0 coal=0 home=130 free=25 roads=1
  ACTION: 14 (BUILD:SmallHouse price=5900 need_earth=10) | money=51580 pop=28 free=25
STEP 83 | BUILD:SmallHouse | total=-0.453 err=0.000 tax=0.000 taxb=0.300 build=1.500 cost=-0.590 div=0.000 prox=0.000 prov=0.000 preq=0.000 pres=0.000 sale=0.000 mtax=0.000 chain=0.000 daily=0.000 nov=0.000 mile=0.000 surv=-1.114 idle=0.000 gover=0.000 | nw=1.50488e+06 pop=28 bases=8 money=45680 credit=109842 day=89 | food=200 water=0 coal=0 home=130 free=25 roads=1
  ACTION: 23 (BUILD:Torchlight price=215000 need_earth=6) | money=45680 pop=28 free=25
  BUILD FAILED: Torchlight (no cell or error)
STEP 84 | BUILD:Torchlight | total=-2.376 err=-1.000 tax=0.000 taxb=0.300 build=0.000 cost=0.000 div=0.000 prox=0.000 prov=0.000 preq=0.000 pres=0.000 sale=0.000 mtax=0.000 chain=0.000 daily=0.000 nov=0.000 mile=0.000 surv=-1.126 idle=0.000 gover=0.000 | nw=1.50463e+06 pop=28 bases=8 money=45680 credit=110061 day=90 | food=200 water=0 coal=0 home=130 free=25 roads=1
  ACTION: 3 (BUILD:Garden price=7640 need_earth=10) | money=45680 pop=28 free=25
STEP 85 | BUILD:Garden | total=9.467 err=0.000 tax=0.000 taxb=0.300 build=3.602 cost=-0.764 div=8.000 prox=0.000 prov=0.000 preq=0.000 pres=0.000 sale=0.000 mtax=0.000 chain=0.000 daily=0.000 nov=0.000 mile=0.000 surv=-1.120 idle=0.000 gover=0.000 | nw=1.50439e+06 pop=28 bases=9 money=38040 credit=110281 day=91 | food=200 water=0 coal=0 home=130 free=25 roads=1
  ACTION: 20 (BUILD:BigHouse price=66400 need_earth=1) | money=38040 pop=28 free=25
  BUILD FAILED: BigHouse (no cell or error)
STEP 86 | BUILD:BigHouse | total=-2.386 err=-1.000 tax=0.000 taxb=0.300 build=0.000 cost=0.000 div=0.000 prox=0.000 prov=0.000 preq=0.000 pres=0.000 sale=0.000 mtax=0.000 chain=0.000 daily=0.000 nov=0.000 mile=0.000 surv=-1.133 idle=0.000 gover=0.000 | nw=1.50414e+06 pop=28 bases=9 money=38040 credit=110501 day=92 | food=200 water=0 coal=0 home=130 free=25 roads=1
  ACTION: 16 (BUILD:CoalCut price=48300 need_earth=4) | money=38040 pop=28 free=25
  BUILD FAILED: CoalCut (no cell or error)
STEP 87 | BUILD:CoalCut | total=-12.378 err=-1.000 tax=0.000 taxb=0.300 build=0.000 cost=0.000 div=0.000 prox=0.000 prov=0.000 preq=0.000 pres=0.000 sale=0.000 mtax=0.000 chain=0.000 daily=0.000 nov=0.000 mile=0.000 surv=-1.125 idle=-10.000 gover=0.000 | nw=1.5039e+06 pop=28 bases=9 money=38040 credit=110722 day=93 | food=200 water=0 coal=0 home=130 free=25 roads=1
  ACTION: 43 | money=38040 pop=28 free=25
STEP 88 | MGR:credit_give | total=-2.379 err=-1.000 tax=0.000 taxb=0.300 build=0.000 cost=0.000 div=0.000 prox=0.000 prov=0.000 preq=0.000 pres=0.000 sale=0.000 mtax=0.000 chain=0.000 daily=0.000 nov=0.000 mile=0.000 surv=-1.125 idle=0.000 gover=0.000 | nw=1.50365e+06 pop=28 bases=9 money=38040 credit=110943 day=94 | food=200 water=0 coal=0 home=130 free=25 roads=1
  ACTION: 16 (BUILD:CoalCut price=48300 need_earth=4) | money=38040 pop=28 free=25
  BUILD FAILED: CoalCut (no cell or error)
STEP 89 | BUILD:CoalCut | total=-2.380 err=-1.000 tax=0.000 taxb=0.300 build=0.000 cost=0.000 div=0.000 prox=0.000 prov=0.000 preq=0.000 pres=0.000 sale=0.000 mtax=0.000 chain=0.000 daily=0.000 nov=0.000 mile=0.000 surv=-1.125 idle=0.000 gover=0.000 | nw=1.50341e+06 pop=28 bases=9 money=38040 credit=111164 day=95 | food=200 water=0 coal=0 home=130 free=25 roads=1
  ACTION: 17 (BUILD:HuntingLand price=16985 need_earth=3) | money=38040 pop=28 free=25
  BUILD FAILED: HuntingLand (no cell or error)
STEP 90 | BUILD:HuntingLand | total=-12.387 err=-1.000 tax=0.000 taxb=0.300 build=0.000 cost=0.000 div=0.000 prox=0.000 prov=0.000 preq=0.000 pres=0.000 sale=0.000 mtax=0.000 chain=0.000 daily=0.000 nov=0.000 mile=0.000 surv=-1.130 idle=-10.000 gover=0.000 | nw=1.50316e+06 pop=28 bases=9 money=38040 credit=111386 day=96 | food=200 water=0 coal=0 home=130 free=25 roads=1
  ACTION: 40 | money=38040 pop=28 free=25
STEP 91 | MGR:sell | total=-2.395 err=-1.000 tax=0.000 taxb=0.300 build=0.000 cost=0.000 div=0.000 prox=0.000 prov=0.000 preq=0.000 pres=0.000 sale=0.000 mtax=0.000 chain=0.000 daily=0.000 nov=0.000 mile=0.000 surv=-1.137 idle=0.000 gover=0.000 | nw=1.50291e+06 pop=28 bases=9 money=38040 credit=111608 day=97 | food=200 water=0 coal=0 home=130 free=25 roads=1
  ACTION: 41 | money=38040 pop=28 free=25
STEP 92 | MGR:buy_food | total=-2.362 err=0.000 tax=0.000 taxb=0.300 build=0.000 cost=0.000 div=0.000 prox=0.000 prov=0.000 preq=0.000 pres=0.000 sale=0.000 mtax=0.000 chain=0.000 daily=0.000 nov=0.000 mile=0.000 surv=-2.103 idle=0.000 gover=0.000 | nw=1.50247e+06 pop=28 bases=9 money=37640 credit=111831 day=98 | food=400 water=0 coal=0 home=130 free=25 roads=1
  ACTION: 30 (BUILD:BigIronmine price=2715002 need_earth=5) | money=37640 pop=28 free=25
  BUILD FAILED: BigIronmine (no cell or error)
STEP 93 | BUILD:BigIronmine | total=-12.402 err=-1.000 tax=0.000 taxb=0.300 build=0.000 cost=0.000 div=0.000 prox=0.000 prov=0.000 preq=0.000 pres=0.000 sale=0.000 mtax=0.000 chain=0.000 daily=0.000 nov=0.000 mile=0.000 surv=-1.142 idle=-10.000 gover=0.000 | nw=1.50222e+06 pop=28 bases=9 money=37640 credit=112054 day=99 | food=400 water=0 coal=0 home=130 free=25 roads=1
  ACTION: 38 | money=37640 pop=28 free=25
STEP 94 | MGR:preserve | total=3.591 err=0.000 tax=0.000 taxb=0.300 build=0.000 cost=0.000 div=0.000 prox=0.000 prov=0.000 preq=0.000 pres=3.000 sale=0.000 mtax=0.000 chain=0.000 daily=0.000 nov=0.000 mile=2.000 surv=-1.147 idle=0.000 gover=0.000 | nw=1.50197e+06 pop=28 bases=9 money=37640 credit=112278 day=100 | food=400 water=0 coal=0 home=130 free=25 roads=1
  ACTION: 36 | money=37640 pop=28 free=25
STEP 95 | MGR:restore_all | total=-1.059 err=0.000 tax=0.000 taxb=0.300 build=0.000 cost=0.000 div=0.000 prox=0.000 prov=0.000 preq=0.000 pres=0.000 sale=0.000 mtax=0.000 chain=0.000 daily=0.000 nov=0.000 mile=0.000 surv=-0.796 idle=0.000 gover=0.000 | nw=1.50179e+06 pop=28 bases=9 money=37289 credit=112502 day=101 | food=400 water=0 coal=0 home=130 free=25 roads=1
  ACTION: 23 (BUILD:Torchlight price=215000 need_earth=6) | money=37289 pop=28 free=25
  BUILD FAILED: Torchlight (no cell or error)
STEP 96 | BUILD:Torchlight | total=-12.412 err=-1.000 tax=0.000 taxb=0.300 build=0.000 cost=0.000 div=0.000 prox=0.000 prov=0.000 preq=0.000 pres=0.000 sale=0.000 mtax=0.000 chain=0.000 daily=0.000 nov=0.000 mile=0.000 surv=-1.148 idle=-10.000 gover=0.000 | nw=1.50154e+06 pop=28 bases=9 money=37289 credit=112727 day=102 | food=400 water=0 coal=0 home=130 free=25 roads=1
  ACTION: 3 (BUILD:Garden price=7640 need_earth=10) | money=37289 pop=28 free=25
STEP 97 | BUILD:Garden | total=4.421 err=0.000 tax=0.000 taxb=0.300 build=3.602 cost=-0.764 div=0.000 prox=0.000 prov=0.000 preq=0.000 pres=0.000 sale=0.000 mtax=0.000 chain=0.000 daily=0.000 nov=0.000 mile=3.000 surv=-1.152 idle=0.000 gover=0.000 | nw=1.50129e+06 pop=28 bases=10 money=29649 credit=112952 day=103 | food=400 water=0 coal=0 home=130 free=25 roads=1
  ACTION: 2 (BUILD:Farm price=19814 need_earth=10) | money=29649 pop=28 free=25
STEP 98 | BUILD:Farm | total=9.393 err=0.000 tax=0.000 taxb=0.300 build=4.793 cost=-1.981 div=8.000 prox=0.000 prov=0.000 preq=0.000 pres=0.000 sale=0.000 mtax=0.000 chain=0.000 daily=0.000 nov=0.000 mile=0.000 surv=-1.152 idle=0.000 gover=0.000 | nw=1.50104e+06 pop=28 bases=11 money=9835 credit=113177 day=104 | food=400 water=0 coal=0 home=130 free=25 roads=1
  ACTION: 4 (BUILD:WaterChannel price=18310 need_earth=2) | money=9835 pop=28 free=25
  BUILD FAILED: WaterChannel (no cell or error)
STEP 99 | BUILD:WaterChannel | total=-2.060 err=-1.000 tax=0.000 taxb=0.300 build=0.365 cost=0.000 div=0.000 prox=0.000 prov=0.000 preq=0.000 pres=0.000 sale=0.000 mtax=0.000 chain=0.000 daily=0.000 nov=0.000 mile=0.000 surv=-1.157 idle=0.000 gover=0.000 | nw=1.50079e+06 pop=28 bases=11 money=9835 credit=113403 day=105 | food=400 water=0 coal=0 home=130 free=25 roads=1
  ACTION: 2 (BUILD:Farm price=19814 need_earth=10) | money=9835 pop=28 free=25
  BUILD FAILED: Farm (no cell or error)
STEP 100 | BUILD:Farm | total=-12.425 err=-1.000 tax=0.000 taxb=0.300 build=0.000 cost=0.000 div=0.000 prox=0.000 prov=0.000 preq=0.000 pres=0.000 sale=0.000 mtax=0.000 chain=0.000 daily=0.000 nov=0.000 mile=0.000 surv=-1.157 idle=-10.000 gover=0.000 | nw=1.50054e+06 pop=28 bases=11 money=9835 credit=113629 day=106 | food=400 water=0 coal=0 home=130 free=25 roads=1
  BUILDINGS: City(0d) CowFarm(0d) House(0d) Puerperal(0d) SmallHouse(0d) AirStation(0d) Road(0d) SmallHouse(0d) Garden(4d) Garden(16d) Farm(35d) 
  ACTION: 34 | money=9835 pop=28 free=25
STEP 101 | MGR:improve | total=-2.432 err=-1.000 tax=0.000 taxb=0.300 build=0.000 cost=0.000 div=0.000 prox=0.000 prov=0.000 preq=0.000 pres=0.000 sale=0.000 mtax=0.000 chain=0.000 daily=0.000 nov=0.000 mile=0.000 surv=-1.162 idle=0.000 gover=0.000 | nw=1.50029e+06 pop=28 bases=11 money=9835 credit=113856 day=107 | food=400 water=0 coal=0 home=130 free=25 roads=1
  ACTION: 40 | money=9835 pop=28 free=25
STEP 102 | MGR:sell | total=-1.194 err=0.000 tax=0.000 taxb=0.300 build=0.000 cost=0.000 div=0.000 prox=0.000 prov=0.000 preq=0.000 pres=0.000 sale=0.220 mtax=0.000 chain=0.000 daily=0.000 nov=0.000 mile=0.000 surv=-1.143 idle=0.000 gover=0.000 | nw=1.50004e+06 pop=28 bases=11 money=10035 credit=114083 day=108 | food=200 water=0 coal=0 home=130 free=25 roads=1
  ACTION: 0 (DAY) | money=10035 pop=28 free=25
STEP 103 | DAY | total=-11.418 err=0.000 tax=0.000 taxb=0.300 build=0.000 cost=0.000 div=0.000 prox=0.000 prov=0.000 preq=0.000 pres=0.000 sale=0.000 mtax=0.000 chain=0.000 daily=0.000 nov=0.000 mile=0.000 surv=-1.147 idle=-10.000 gover=0.000 | nw=1.49979e+06 pop=28 bases=11 money=10035 credit=114311 day=109 | food=200 water=0 coal=0 home=130 free=25 roads=1
  ACTION: 21 (BUILD:BigFarm price=380385 need_earth=1) | money=10035 pop=28 free=25
  BUILD FAILED: BigFarm (no cell or error)
STEP 104 | BUILD:BigFarm | total=-2.403 err=-1.000 tax=0.000 taxb=0.300 build=0.000 cost=0.000 div=0.000 prox=0.000 prov=0.000 preq=0.000 pres=0.000 sale=0.000 mtax=0.000 chain=0.000 daily=0.037 nov=0.000 mile=0.000 surv=-1.167 idle=0.000 gover=0.000 | nw=1.49954e+06 pop=28 bases=11 money=10035 credit=114539 day=110 | food=200 water=0 coal=0 home=130 free=25 roads=1
  ACTION: 25 (BUILD:SuperHouse price=971000 need_earth=1) | money=10035 pop=28 free=25
  BUILD FAILED: SuperHouse (no cell or error)
STEP 105 | BUILD:SuperHouse | total=-2.450 err=-1.000 tax=0.000 taxb=0.300 build=0.000 cost=0.000 div=0.000 prox=0.000 prov=0.000 preq=0.000 pres=0.000 sale=0.000 mtax=0.000 chain=0.000 daily=0.000 nov=0.000 mile=0.000 surv=-1.177 idle=0.000 gover=0.000 | nw=1.49928e+06 pop=28 bases=11 money=10035 credit=114768 day=111 | food=200 water=0 coal=0 home=130 free=25 roads=1
  ACTION: 9 (BUILD:Goldmine price=77000 need_earth=7) | money=10035 pop=28 free=25
  BUILD FAILED: Goldmine (no cell or error)
STEP 106 | BUILD:Goldmine | total=-12.448 err=-1.000 tax=0.000 taxb=0.300 build=0.000 cost=0.000 div=0.000 prox=0.000 prov=0.000 preq=0.000 pres=0.000 sale=0.000 mtax=0.000 chain=0.000 daily=0.000 nov=0.000 mile=0.000 surv=-1.173 idle=-10.000 gover=0.000 | nw=1.49903e+06 pop=28 bases=11 money=10035 credit=114997 day=112 | food=200 water=0 coal=0 home=130 free=25 roads=1
  ACTION: 6 (BUILD:Coalmine price=25471 need_earth=4) | money=10035 pop=28 free=25
  BUILD FAILED: Coalmine (no cell or error)
STEP 107 | BUILD:Coalmine | total=-2.453 err=-1.000 tax=0.000 taxb=0.300 build=0.000 cost=0.000 div=0.000 prox=0.000 prov=0.000 preq=0.000 pres=0.000 sale=0.000 mtax=0.000 chain=0.000 daily=0.000 nov=0.000 mile=0.000 surv=-1.177 idle=0.000 gover=0.000 | nw=1.49877e+06 pop=28 bases=11 money=10035 credit=115226 day=113 | food=200 water=0 coal=0 home=130 free=25 roads=1
  ACTION: 26 (BUILD:BigSawmill price=620900 need_earth=3) | money=10035 pop=28 free=25
  BUILD FAILED: BigSawmill (no cell or error)
STEP 108 | BUILD:BigSawmill | total=-2.440 err=-1.000 tax=0.000 taxb=0.300 build=0.000 cost=0.000 div=0.000 prox=0.000 prov=0.000 preq=0.000 pres=0.000 sale=0.000 mtax=0.000 chain=0.000 daily=0.000 nov=0.000 mile=0.000 surv=-1.162 idle=0.000 gover=0.000 | nw=1.49852e+06 pop=28 bases=11 money=10035 credit=115456 day=114 | food=200 water=0 coal=0 home=130 free=25 roads=1
  ACTION: 15 (BUILD:Fish price=30202 need_earth=2) | money=10035 pop=28 free=25
  BUILD FAILED: Fish (no cell or error)
STEP 109 | BUILD:Fish | total=-12.460 err=-1.000 tax=0.000 taxb=0.300 build=0.000 cost=0.000 div=0.000 prox=0.000 prov=0.000 preq=0.000 pres=0.000 sale=0.000 mtax=0.000 chain=0.000 daily=0.000 nov=0.000 mile=0.000 surv=-1.182 idle=-10.000 gover=0.000 | nw=1.49826e+06 pop=28 bases=11 money=10035 credit=115686 day=115 | food=200 water=0 coal=0 home=130 free=25 roads=1
  ACTION: 34 | money=10035 pop=28 free=25
STEP 110 | MGR:improve | total=-2.466 err=-1.000 tax=0.000 taxb=0.300 build=0.000 cost=0.000 div=0.000 prox=0.000 prov=0.000 preq=0.000 pres=0.000 sale=0.000 mtax=0.000 chain=0.000 daily=0.000 nov=0.000 mile=0.000 surv=-1.187 idle=0.000 gover=0.000 | nw=1.49801e+06 pop=28 bases=11 money=10035 credit=115917 day=116 | food=200 water=0 coal=0 home=130 free=25 roads=1
  ACTION: 22 (BUILD:Apiary price=9385 need_earth=10) | money=10035 pop=28 free=25
STEP 111 | BUILD:Apiary | total=10.543 err=0.000 tax=0.000 taxb=0.300 build=4.946 cost=-0.939 div=8.000 prox=0.000 prov=0.000 preq=0.000 pres=0.000 sale=0.000 mtax=0.000 chain=0.000 daily=0.000 nov=0.000 mile=0.000 surv=-1.184 idle=0.000 gover=0.000 | nw=1.49775e+06 pop=28 bases=12 money=650 credit=116148 day=117 | food=200 water=0 coal=0 home=130 free=25 roads=1
  ACTION: 35 | money=650 pop=28 free=25
STEP 112 | MGR:repair | total=-2.473 err=-1.000 tax=0.000 taxb=0.300 build=0.000 cost=0.000 div=0.000 prox=0.000 prov=0.000 preq=0.000 pres=0.000 sale=0.000 mtax=0.000 chain=0.000 daily=0.000 nov=0.000 mile=0.000 surv=-1.192 idle=0.000 gover=0.000 | nw=1.49749e+06 pop=28 bases=12 money=650 credit=116380 day=118 | food=200 water=0 coal=0 home=130 free=25 roads=1
  ACTION: 42 | money=650 pop=28 free=25
STEP 113 | MGR:credit_take | total=-12.471 err=-1.000 tax=0.000 taxb=0.300 build=0.000 cost=0.000 div=0.000 prox=0.000 prov=0.000 preq=0.000 pres=0.000 sale=0.000 mtax=0.000 chain=0.000 daily=0.000 nov=0.000 mile=0.000 surv=-1.188 idle=-10.000 gover=0.000 | nw=1.49723e+06 pop=28 bases=12 money=650 credit=116612 day=119 | food=200 water=0 coal=0 home=130 free=25 roads=1
  ACTION: 30 (BUILD:BigIronmine price=2715002 need_earth=5) | money=650 pop=28 free=25
  BUILD FAILED: BigIronmine (no cell or error)
STEP 114 | BUILD:BigIronmine | total=-2.477 err=-1.000 tax=0.000 taxb=0.300 build=0.000 cost=0.000 div=0.000 prox=0.000 prov=0.000 preq=0.000 pres=0.000 sale=0.000 mtax=0.000 chain=0.000 daily=0.000 nov=0.000 mile=0.000 surv=-1.193 idle=0.000 gover=0.000 | nw=1.49697e+06 pop=28 bases=12 money=650 credit=116845 day=120 | food=200 water=0 coal=0 home=130 free=25 roads=1
  ACTION: 3 (BUILD:Garden price=7640 need_earth=10) | money=650 pop=28 free=25
  BUILD FAILED: Garden (no cell or error)
STEP 115 | BUILD:Garden | total=-2.463 err=-1.000 tax=0.000 taxb=0.300 build=0.000 cost=0.000 div=0.000 prox=0.000 prov=0.000 preq=0.000 pres=0.000 sale=0.000 mtax=0.000 chain=0.000 daily=0.000 nov=0.000 mile=0.000 surv=-1.177 idle=0.000 gover=0.000 | nw=1.49672e+06 pop=28 bases=12 money=650 credit=117078 day=121 | food=200 water=0 coal=0 home=130 free=25 roads=1
  ACTION: 29 (BUILD:Puerperal price=37105 need_earth=10) | money=650 pop=28 free=25
  BUILD FAILED: Puerperal (no cell or error)
STEP 116 | BUILD:Puerperal | total=-12.448 err=-1.000 tax=0.000 taxb=0.300 build=0.000 cost=0.000 div=0.000 prox=0.000 prov=0.000 preq=0.000 pres=0.000 sale=0.000 mtax=0.000 chain=0.000 daily=0.037 nov=0.000 mile=0.000 surv=-1.198 idle=-10.000 gover=0.000 | nw=1.49646e+06 pop=28 bases=12 money=650 credit=117312 day=122 | food=200 water=0 coal=0 home=130 free=25 roads=1
  ACTION: 10 (BUILD:PowerStation price=92433 need_earth=10) | money=650 pop=28 free=25
  BUILD FAILED: PowerStation (no cell or error)
STEP 117 | BUILD:PowerStation | total=-2.494 err=-1.000 tax=0.000 taxb=0.300 build=0.000 cost=0.000 div=0.000 prox=0.000 prov=0.000 preq=0.000 pres=0.000 sale=0.000 mtax=0.000 chain=0.000 daily=0.000 nov=0.000 mile=0.000 surv=-1.206 idle=0.000 gover=0.000 | nw=1.4962e+06 pop=28 bases=12 money=650 credit=117546 day=123 | food=200 water=0 coal=0 home=130 free=25 roads=1
  ACTION: 27 (BUILD:WaterMill price=2900197 need_earth=2) | money=650 pop=28 free=25
  BUILD FAILED: WaterMill (no cell or error)
STEP 118 | BUILD:WaterMill | total=-2.500 err=-1.000 tax=0.000 taxb=0.300 build=0.000 cost=0.000 div=0.000 prox=0.000 prov=0.000 preq=0.000 pres=0.000 sale=0.000 mtax=0.000 chain=0.000 daily=0.000 nov=0.000 mile=0.000 surv=-1.211 idle=0.000 gover=0.000 | nw=1.49594e+06 pop=28 bases=12 money=650 credit=117781 day=124 | food=200 water=0 coal=0 home=130 free=25 roads=1
  ACTION: 37 | money=650 pop=28 free=25
STEP 119 | MGR:destroy | total=-37.838 err=0.000 tax=0.000 taxb=0.300 build=0.000 cost=0.000 div=0.000 prox=0.000 prov=0.000 preq=0.000 pres=0.000 sale=0.000 mtax=0.000 chain=0.000 daily=0.000 nov=0.000 mile=0.000 surv=-27.548 idle=-10.000 gover=0.000 | nw=1.49041e+06 pop=28 bases=11 money=1240 credit=118016 day=125 | food=200 water=0 coal=0 home=130 free=25 roads=1
  ACTION: 12 (BUILD:Road price=400 need_earth=10) | money=1240 pop=28 free=25
STEP 120 | BUILD:Road | total=-0.021 err=0.000 tax=0.000 taxb=0.300 build=1.500 cost=-0.040 div=0.000 prox=0.000 prov=0.000 preq=0.000 pres=0.000 sale=0.000 mtax=0.000 chain=0.000 daily=0.000 nov=0.000 mile=0.000 surv=-1.189 idle=0.000 gover=0.000 | nw=1.49015e+06 pop=28 bases=12 money=840 credit=118252 day=126 | food=200 water=0 coal=0 home=130 free=25 roads=2
  ACTION: 12 (BUILD:Road price=400 need_earth=10) | money=840 pop=28 free=25
STEP 121 | BUILD:Road | total=-0.020 err=0.000 tax=0.000 taxb=0.300 build=1.500 cost=-0.040 div=0.000 prox=0.000 prov=0.000 preq=0.000 pres=0.000 sale=0.000 mtax=0.000 chain=0.000 daily=0.000 nov=0.000 mile=0.000 surv=-1.188 idle=0.000 gover=0.000 | nw=1.48989e+06 pop=28 bases=13 money=440 credit=118488 day=127 | food=200 water=0 coal=0 home=130 free=25 roads=3
  ACTION: 23 (BUILD:Torchlight price=215000 need_earth=6) | money=440 pop=28 free=25
  BUILD FAILED: Torchlight (no cell or error)
STEP 122 | BUILD:Torchlight | total=-2.502 err=-1.000 tax=0.000 taxb=0.300 build=0.000 cost=0.000 div=0.000 prox=0.000 prov=0.000 preq=0.000 pres=0.000 sale=0.000 mtax=0.000 chain=0.000 daily=0.000 nov=0.000 mile=0.000 surv=-1.208 idle=0.000 gover=0.000 | nw=1.48963e+06 pop=28 bases=13 money=440 credit=118724 day=128 | food=200 water=0 coal=0 home=130 free=25 roads=3
  ACTION: 39 | money=440 pop=28 free=25
STEP 123 | MGR:unpreserve | total=-12.508 err=-1.000 tax=0.000 taxb=0.300 build=0.000 cost=0.000 div=0.000 prox=0.000 prov=0.000 preq=0.000 pres=0.000 sale=0.000 mtax=0.000 chain=0.000 daily=0.000 nov=0.000 mile=0.000 surv=-1.213 idle=-10.000 gover=0.000 | nw=1.48937e+06 pop=28 bases=13 money=440 credit=118961 day=129 | food=200 water=0 coal=0 home=130 free=25 roads=3
  ACTION: 30 (BUILD:BigIronmine price=2715002 need_earth=5) | money=440 pop=28 free=25
  BUILD FAILED: BigIronmine (no cell or error)
STEP 124 | BUILD:BigIronmine | total=-2.509 err=-1.000 tax=0.000 taxb=0.300 build=0.000 cost=0.000 div=0.000 prox=0.000 prov=0.000 preq=0.000 pres=0.000 sale=0.000 mtax=0.000 chain=0.000 daily=0.000 nov=0.000 mile=0.000 surv=-1.213 idle=0.000 gover=0.000 | nw=1.4891e+06 pop=28 bases=13 money=440 credit=119198 day=130 | food=200 water=0 coal=0 home=130 free=25 roads=3
  ACTION: 38 | money=440 pop=28 free=25
STEP 125 | MGR:preserve | total=-2.516 err=-1.000 tax=0.000 taxb=0.300 build=0.000 cost=0.000 div=0.000 prox=0.000 prov=0.000 preq=0.000 pres=0.000 sale=0.000 mtax=0.000 chain=0.000 daily=0.000 nov=0.000 mile=0.000 surv=-1.218 idle=0.000 gover=0.000 | nw=1.48884e+06 pop=28 bases=13 money=440 credit=119436 day=131 | food=200 water=0 coal=0 home=130 free=25 roads=3
  ACTION: 14 (BUILD:SmallHouse price=5900 need_earth=10) | money=440 pop=28 free=25
  BUILD FAILED: SmallHouse (no cell or error)
STEP 126 | BUILD:SmallHouse | total=-12.517 err=-1.000 tax=0.000 taxb=0.300 build=0.000 cost=0.000 div=0.000 prox=0.000 prov=0.000 preq=0.000 pres=0.000 sale=0.000 mtax=0.000 chain=0.000 daily=0.000 nov=0.000 mile=0.000 surv=-1.218 idle=-10.000 gover=0.000 | nw=1.48858e+06 pop=28 bases=13 money=440 credit=119674 day=132 | food=200 water=0 coal=0 home=130 free=25 roads=3
  ACTION: 2 (BUILD:Farm price=19814 need_earth=10) | money=440 pop=28 free=25
  BUILD FAILED: Farm (no cell or error)
STEP 127 | BUILD:Farm | total=-2.523 err=-1.000 tax=0.000 taxb=0.300 build=0.000 cost=0.000 div=0.000 prox=0.000 prov=0.000 preq=0.000 pres=0.000 sale=0.000 mtax=0.000 chain=0.000 daily=0.000 nov=0.000 mile=0.000 surv=-1.223 idle=0.000 gover=0.000 | nw=1.48831e+06 pop=28 bases=13 money=440 credit=119913 day=133 | food=200 water=0 coal=0 home=130 free=25 roads=3
  ACTION: 11 (BUILD:HydroStation price=92214 need_earth=2) | money=440 pop=28 free=25
  BUILD FAILED: HydroStation (no cell or error)
STEP 128 | BUILD:HydroStation | total=-2.524 err=-1.000 tax=0.000 taxb=0.300 build=0.000 cost=0.000 div=0.000 prox=0.000 prov=0.000 preq=0.000 pres=0.000 sale=0.000 mtax=0.000 chain=0.000 daily=0.000 nov=0.000 mile=0.000 surv=-1.223 idle=0.000 gover=0.000 | nw=1.48805e+06 pop=28 bases=13 money=440 credit=120152 day=134 | food=200 water=0 coal=0 home=130 free=25 roads=3
  ACTION: 11 (BUILD:HydroStation price=92214 need_earth=2) | money=440 pop=28 free=25
  BUILD FAILED: HydroStation (no cell or error)
STEP 129 | BUILD:HydroStation | total=-12.511 err=-1.000 tax=0.000 taxb=0.300 build=0.000 cost=0.000 div=0.000 prox=0.000 prov=0.000 preq=0.000 pres=0.000 sale=0.000 mtax=0.000 chain=0.000 daily=0.000 nov=0.000 mile=0.000 surv=-1.209 idle=-10.000 gover=0.000 | nw=1.48779e+06 pop=28 bases=13 money=440 credit=120392 day=135 | food=200 water=0 coal=0 home=130 free=25 roads=3
  ACTION: 24 (BUILD:Hothouse price=16590 need_earth=10) | money=440 pop=28 free=25
  BUILD FAILED: Hothouse (no cell or error)
STEP 130 | BUILD:Hothouse | total=-2.532 err=-1.000 tax=0.000 taxb=0.300 build=0.000 cost=0.000 div=0.000 prox=0.000 prov=0.000 preq=0.000 pres=0.000 sale=0.000 mtax=0.000 chain=0.000 daily=0.000 nov=0.000 mile=0.000 surv=-1.228 idle=0.000 gover=0.000 | nw=1.48752e+06 pop=28 bases=13 money=440 credit=120632 day=136 | food=200 water=0 coal=0 home=130 free=25 roads=3
  ACTION: 4 (BUILD:WaterChannel price=18310 need_earth=2) | money=440 pop=28 free=25
  BUILD FAILED: WaterChannel (no cell or error)
STEP 131 | BUILD:WaterChannel | total=-2.173 err=-1.000 tax=0.000 taxb=0.300 build=0.365 cost=0.000 div=0.000 prox=0.000 prov=0.000 preq=0.000 pres=0.000 sale=0.000 mtax=0.000 chain=0.000 daily=0.000 nov=0.000 mile=0.000 surv=-1.233 idle=0.000 gover=0.000 | nw=1.48725e+06 pop=28 bases=13 money=440 credit=120873 day=137 | food=200 water=0 coal=0 home=130 free=25 roads=3
  ACTION: 32 (BUILD:SmallAtomStation price=29000000 need_earth=2) | money=440 pop=28 free=25
  BUILD FAILED: SmallAtomStation (no cell or error)
STEP 132 | BUILD:SmallAtomStation | total=-12.518 err=-1.000 tax=0.000 taxb=0.300 build=0.000 cost=0.000 div=0.000 prox=0.000 prov=0.000 preq=0.000 pres=0.000 sale=0.000 mtax=0.000 chain=0.000 daily=0.000 nov=0.000 mile=0.000 surv=-1.213 idle=-10.000 gover=0.000 | nw=1.48699e+06 pop=28 bases=13 money=440 credit=121114 day=138 | food=200 water=0 coal=0 home=130 free=25 roads=3
  ACTION: 37 | money=440 pop=28 free=25
STEP 133 | MGR:destroy | total=-43.760 err=0.000 tax=0.000 taxb=0.300 build=0.000 cost=0.000 div=0.000 prox=0.000 prov=0.000 preq=0.000 pres=0.000 sale=0.000 mtax=0.000 chain=0.000 daily=0.000 nov=0.000 mile=0.000 surv=-43.453 idle=0.000 gover=0.000 | nw=1.47828e+06 pop=28 bases=12 money=1378 credit=121356 day=139 | food=200 water=0 coal=0 home=130 free=25 roads=3
  ACTION: 9 (BUILD:Goldmine price=77000 need_earth=7) | money=1378 pop=28 free=25
  BUILD FAILED: Goldmine (no cell or error)
STEP 134 | BUILD:Goldmine | total=-2.544 err=-1.000 tax=0.000 taxb=0.300 build=0.000 cost=0.000 div=0.000 prox=0.000 prov=0.000 preq=0.000 pres=0.000 sale=0.000 mtax=0.000 chain=0.000 daily=0.000 nov=0.000 mile=0.000 surv=-1.236 idle=0.000 gover=0.000 | nw=1.47801e+06 pop=28 bases=12 money=1378 credit=121598 day=140 | food=200 water=0 coal=0 home=130 free=25 roads=3
  ACTION: 0 (DAY) | money=1378 pop=28 free=25
STEP 135 | DAY | total=-11.479 err=0.000 tax=0.000 taxb=0.300 build=0.000 cost=0.000 div=0.000 prox=0.000 prov=0.000 preq=0.000 pres=0.000 sale=0.000 mtax=0.000 chain=0.000 daily=0.060 nov=0.000 mile=0.000 surv=-1.230 idle=-10.000 gover=0.000 | nw=1.47775e+06 pop=28 bases=12 money=1378 credit=121841 day=141 | food=200 water=0 coal=0 home=130 free=25 roads=3
  ACTION: 24 (BUILD:Hothouse price=16590 need_earth=10) | money=1378 pop=28 free=25
  BUILD FAILED: Hothouse (no cell or error)
STEP 136 | BUILD:Hothouse | total=-2.571 err=-1.000 tax=0.000 taxb=0.300 build=0.000 cost=0.000 div=0.000 prox=0.000 prov=0.000 preq=0.000 pres=0.000 sale=0.000 mtax=0.000 chain=0.000 daily=0.000 nov=0.000 mile=0.000 surv=-1.260 idle=0.000 gover=0.000 | nw=1.47747e+06 pop=28 bases=12 money=1378 credit=122084 day=142 | food=200 water=0 coal=0 home=130 free=25 roads=3
  ACTION: 28 (BUILD:BigRefinary price=3999149 need_earth=6) | money=1378 pop=28 free=25
  BUILD FAILED: BigRefinary (no cell or error)
STEP 137 | BUILD:BigRefinary | total=-2.575 err=-1.000 tax=0.000 taxb=0.300 build=0.000 cost=0.000 div=0.000 prox=0.000 prov=0.000 preq=0.000 pres=0.000 sale=0.000 mtax=0.000 chain=0.000 daily=0.000 nov=0.000 mile=0.000 surv=-1.263 idle=0.000 gover=0.000 | nw=1.4772e+06 pop=28 bases=12 money=1378 credit=122328 day=143 | food=200 water=0 coal=0 home=130 free=25 roads=3
  ACTION: 43 | money=1378 pop=28 free=25
STEP 138 | MGR:credit_give | total=-12.578 err=-1.000 tax=0.000 taxb=0.300 build=0.000 cost=0.000 div=0.000 prox=0.000 prov=0.000 preq=0.000 pres=0.000 sale=0.000 mtax=0.000 chain=0.000 daily=0.000 nov=0.000 mile=0.000 surv=-1.265 idle=-10.000 gover=0.000 | nw=1.47693e+06 pop=28 bases=12 money=1378 credit=122572 day=144 | food=200 water=0 coal=0 home=130 free=25 roads=3
  ACTION: 14 (BUILD:SmallHouse price=5900 need_earth=10) | money=1378 pop=28 free=25
  BUILD FAILED: SmallHouse (no cell or error)
STEP 139 | BUILD:SmallHouse | total=-2.584 err=-1.000 tax=0.000 taxb=0.300 build=0.000 cost=0.000 div=0.000 prox=0.000 prov=0.000 preq=0.000 pres=0.000 sale=0.000 mtax=0.000 chain=0.000 daily=0.000 nov=0.000 mile=0.000 surv=-1.270 idle=0.000 gover=0.000 | nw=1.47665e+06 pop=28 bases=12 money=1378 credit=122817 day=145 | food=200 water=0 coal=0 home=130 free=25 roads=3
  ACTION: 18 (BUILD:CowFarm price=32002 need_earth=10) | money=1378 pop=28 free=25
  BUILD FAILED: CowFarm (no cell or error)
STEP 140 | BUILD:CowFarm | total=-2.586 err=-1.000 tax=0.000 taxb=0.300 build=0.000 cost=0.000 div=0.000 prox=0.000 prov=0.000 preq=0.000 pres=0.000 sale=0.000 mtax=0.000 chain=0.000 daily=0.000 nov=0.000 mile=0.000 surv=-1.270 idle=0.000 gover=0.000 | nw=1.47638e+06 pop=28 bases=12 money=1378 credit=123062 day=146 | food=200 water=0 coal=0 home=130 free=25 roads=3
  ACTION: 33 (BUILD:AtomStation price=120000000 need_earth=2) | money=1378 pop=28 free=25
  BUILD FAILED: AtomStation (no cell or error)
STEP 141 | BUILD:AtomStation | total=-12.589 err=-1.000 tax=0.000 taxb=0.300 build=0.000 cost=0.000 div=0.000 prox=0.000 prov=0.000 preq=0.000 pres=0.000 sale=0.000 mtax=0.000 chain=0.000 daily=0.000 nov=0.000 mile=0.000 surv=-1.273 idle=-10.000 gover=0.000 | nw=1.47611e+06 pop=28 bases=12 money=1378 credit=123308 day=147 | food=200 water=0 coal=0 home=130 free=25 roads=3
  ACTION: 39 | money=1378 pop=28 free=25
STEP 142 | MGR:unpreserve | total=-2.593 err=-1.000 tax=0.000 taxb=0.300 build=0.000 cost=0.000 div=0.000 prox=0.000 prov=0.000 preq=0.000 pres=0.000 sale=0.000 mtax=0.000 chain=0.000 daily=0.000 nov=0.000 mile=0.000 surv=-1.275 idle=0.000 gover=0.000 | nw=1.47583e+06 pop=28 bases=12 money=1378 credit=123554 day=148 | food=200 water=0 coal=0 home=130 free=25 roads=3
  ACTION: 36 | money=1378 pop=28 free=25
STEP 143 | MGR:restore_all | total=0.219 err=0.000 tax=0.000 taxb=0.300 build=0.000 cost=0.000 div=0.000 prox=0.000 prov=0.000 preq=0.000 pres=0.000 sale=0.000 mtax=0.000 chain=0.000 daily=0.000 nov=0.000 mile=0.000 surv=-0.462 idle=0.000 gover=0.000 | nw=1.47572e+06 pop=29 bases=12 money=536 credit=123801 day=149 | food=200 water=0 coal=0 home=130 free=26 roads=3
  ACTION: 27 (BUILD:WaterMill price=2900197 need_earth=2) | money=536 pop=29 free=26
  BUILD FAILED: WaterMill (no cell or error)
STEP 144 | BUILD:WaterMill | total=-12.601 err=-1.000 tax=0.000 taxb=0.300 build=0.000 cost=0.000 div=0.000 prox=0.000 prov=0.000 preq=0.000 pres=0.000 sale=0.000 mtax=0.000 chain=0.000 daily=0.000 nov=0.000 mile=0.000 surv=-1.280 idle=-10.000 gover=0.000 | nw=1.47544e+06 pop=29 bases=12 money=536 credit=124048 day=150 | food=200 water=0 coal=0 home=130 free=26 roads=3
  ACTION: 35 | money=536 pop=29 free=26
STEP 145 | MGR:repair | total=-2.607 err=-1.000 tax=0.000 taxb=0.300 build=0.000 cost=0.000 div=0.000 prox=0.000 prov=0.000 preq=0.000 pres=0.000 sale=0.000 mtax=0.000 chain=0.000 daily=0.000 nov=0.000 mile=0.000 surv=-1.285 idle=0.000 gover=0.000 | nw=1.47517e+06 pop=29 bases=12 money=536 credit=124296 day=151 | food=200 water=0 coal=0 home=130 free=26 roads=3
  ACTION: 1 (WEEK) | money=536 pop=29 free=26
STEP 146 | WEEK | total=-13.735 err=0.000 tax=0.000 taxb=0.300 build=0.000 cost=0.000 div=0.000 prox=0.000 prov=0.000 preq=0.000 pres=0.000 sale=0.000 mtax=0.000 chain=0.000 daily=0.000 nov=0.000 mile=0.000 surv=-9.623 idle=0.000 gover=0.000 | nw=1.47322e+06 pop=29 bases=12 money=536 credit=126044 day=158 | food=200 water=0 coal=0 home=130 free=26 roads=3
  ACTION: 27 (BUILD:WaterMill price=2900197 need_earth=2) | money=536 pop=29 free=26
  BUILD FAILED: WaterMill (no cell or error)
STEP 147 | BUILD:WaterMill | total=-12.637 err=-1.000 tax=0.000 taxb=0.300 build=0.000 cost=0.000 div=0.000 prox=0.000 prov=0.000 preq=0.000 pres=0.000 sale=0.000 mtax=0.000 chain=0.000 daily=0.000 nov=0.000 mile=0.000 surv=-1.305 idle=-10.000 gover=0.000 | nw=1.47294e+06 pop=29 bases=12 money=536 credit=126296 day=159 | food=200 water=0 coal=0 home=130 free=26 roads=3
  ACTION: 25 (BUILD:SuperHouse price=971000 need_earth=1) | money=536 pop=29 free=26
  BUILD FAILED: SuperHouse (no cell or error)
STEP 148 | BUILD:SuperHouse | total=-2.638 err=-1.000 tax=0.000 taxb=0.300 build=0.000 cost=0.000 div=0.000 prox=0.000 prov=0.000 preq=0.000 pres=0.000 sale=0.000 mtax=0.000 chain=0.000 daily=0.000 nov=0.000 mile=0.000 surv=-1.305 idle=0.000 gover=0.000 | nw=1.47266e+06 pop=29 bases=12 money=536 credit=126548 day=160 | food=200 water=0 coal=0 home=130 free=26 roads=3
  ACTION: 20 (BUILD:BigHouse price=66400 need_earth=1) | money=536 pop=29 free=26
  BUILD FAILED: BigHouse (no cell or error)
STEP 149 | BUILD:BigHouse | total=-2.644 err=-1.000 tax=0.000 taxb=0.300 build=0.000 cost=0.000 div=0.000 prox=0.000 prov=0.000 preq=0.000 pres=0.000 sale=0.000 mtax=0.000 chain=0.000 daily=0.000 nov=0.000 mile=0.000 surv=-1.310 idle=0.000 gover=0.000 | nw=1.47238e+06 pop=29 bases=12 money=536 credit=126801 day=161 | food=200 water=0 coal=0 home=130 free=26 roads=3
  ACTION: 2 (BUILD:Farm price=19814 need_earth=10) | money=536 pop=29 free=26
  BUILD FAILED: Farm (no cell or error)
STEP 150 | BUILD:Farm | total=-12.643 err=-1.000 tax=0.000 taxb=0.300 build=0.000 cost=0.000 div=0.000 prox=0.000 prov=0.000 preq=0.000 pres=0.000 sale=0.000 mtax=0.000 chain=0.000 daily=0.000 nov=0.000 mile=0.000 surv=-1.308 idle=-10.000 gover=0.000 | nw=1.4721e+06 pop=29 bases=12 money=536 credit=127054 day=162 | food=200 water=0 coal=0 home=130 free=26 roads=3
  ACTION: 33 (BUILD:AtomStation price=120000000 need_earth=2) | money=536 pop=29 free=26
  BUILD FAILED: AtomStation (no cell or error)
STEP 151 | BUILD:AtomStation | total=-2.652 err=-1.000 tax=0.000 taxb=0.300 build=0.000 cost=0.000 div=0.000 prox=0.000 prov=0.000 preq=0.000 pres=0.000 sale=0.000 mtax=0.000 chain=0.000 daily=0.000 nov=0.000 mile=0.000 surv=-1.315 idle=0.000 gover=0.000 | nw=1.47181e+06 pop=29 bases=12 money=536 credit=127308 day=163 | food=200 water=0 coal=0 home=130 free=26 roads=3
  ACTION: 8 (BUILD:Refinery price=82684 need_earth=6) | money=536 pop=29 free=26
  BUILD FAILED: Refinery (no cell or error)
STEP 152 | BUILD:Refinery | total=-2.645 err=-1.000 tax=0.000 taxb=0.300 build=0.000 cost=0.000 div=0.000 prox=0.000 prov=0.000 preq=0.000 pres=0.000 sale=0.000 mtax=0.000 chain=0.000 daily=0.000 nov=0.000 mile=0.000 surv=-1.307 idle=0.000 gover=0.000 | nw=1.47153e+06 pop=29 bases=12 money=536 credit=127562 day=164 | food=200 water=0 coal=0 home=130 free=26 roads=3
  ACTION: 21 (BUILD:BigFarm price=380385 need_earth=1) | money=536 pop=29 free=26
  BUILD FAILED: BigFarm (no cell or error)
STEP 153 | BUILD:BigFarm | total=-12.656 err=-1.000 tax=0.000 taxb=0.300 build=0.000 cost=0.000 div=0.000 prox=0.000 prov=0.000 preq=0.000 pres=0.000 sale=0.000 mtax=0.000 chain=0.000 daily=0.000 nov=0.000 mile=0.000 surv=-1.317 idle=-10.000 gover=0.000 | nw=1.47125e+06 pop=29 bases=12 money=536 credit=127817 day=165 | food=200 water=0 coal=0 home=130 free=26 roads=3
  ACTION: 25 (BUILD:SuperHouse price=971000 need_earth=1) | money=536 pop=29 free=26
  BUILD FAILED: SuperHouse (no cell or error)
STEP 154 | BUILD:SuperHouse | total=-2.659 err=-1.000 tax=0.000 taxb=0.300 build=0.000 cost=0.000 div=0.000 prox=0.000 prov=0.000 preq=0.000 pres=0.000 sale=0.000 mtax=0.000 chain=0.000 daily=0.000 nov=0.000 mile=0.000 surv=-1.318 idle=0.000 gover=0.000 | nw=1.47096e+06 pop=29 bases=12 money=536 credit=128072 day=166 | food=200 water=0 coal=0 home=130 free=26 roads=3
  ACTION: 26 (BUILD:BigSawmill price=620900 need_earth=3) | money=536 pop=29 free=26
  BUILD FAILED: BigSawmill (no cell or error)
STEP 155 | BUILD:BigSawmill | total=-2.667 err=-1.000 tax=0.000 taxb=0.300 build=0.000 cost=0.000 div=0.000 prox=0.000 prov=0.000 preq=0.000 pres=0.000 sale=0.000 mtax=0.000 chain=0.000 daily=0.000 nov=0.000 mile=0.000 surv=-1.325 idle=0.000 gover=0.000 | nw=1.47068e+06 pop=29 bases=12 money=536 credit=128328 day=167 | food=200 water=0 coal=0 home=130 free=26 roads=3
  ACTION: 8 (BUILD:Refinery price=82684 need_earth=6) | money=536 pop=29 free=26
  BUILD FAILED: Refinery (no cell or error)
STEP 156 | BUILD:Refinery | total=-12.668 err=-1.000 tax=0.000 taxb=0.300 build=0.000 cost=0.000 div=0.000 prox=0.000 prov=0.000 preq=0.000 pres=0.000 sale=0.000 mtax=0.000 chain=0.000 daily=0.000 nov=0.000 mile=0.000 surv=-1.325 idle=-10.000 gover=0.000 | nw=1.47039e+06 pop=29 bases=12 money=536 credit=128584 day=168 | food=200 water=0 coal=0 home=130 free=26 roads=3
  ACTION: 40 | money=536 pop=29 free=26
STEP 157 | MGR:sell | total=-2.666 err=-1.000 tax=0.000 taxb=0.300 build=0.000 cost=0.000 div=0.000 prox=0.000 prov=0.000 preq=0.000 pres=0.000 sale=0.000 mtax=0.000 chain=0.000 daily=0.000 nov=0.000 mile=0.000 surv=-1.322 idle=0.000 gover=0.000 | nw=1.47011e+06 pop=29 bases=12 money=536 credit=128841 day=169 | food=200 water=0 coal=0 home=130 free=26 roads=3
  ACTION: 16 (BUILD:CoalCut price=48300 need_earth=4) | money=536 pop=29 free=26
  BUILD FAILED: CoalCut (no cell or error)
STEP 158 | BUILD:CoalCut | total=-2.673 err=-1.000 tax=0.000 taxb=0.300 build=0.000 cost=0.000 div=0.000 prox=0.000 prov=0.000 preq=0.000 pres=0.000 sale=0.000 mtax=0.000 chain=0.000 daily=0.000 nov=0.000 mile=0.000 surv=-1.328 idle=0.000 gover=0.000 | nw=1.46982e+06 pop=29 bases=12 money=536 credit=129098 day=170 | food=200 water=0 coal=0 home=130 free=26 roads=3
  ACTION: 20 (BUILD:BigHouse price=66400 need_earth=1) | money=536 pop=29 free=26
  BUILD FAILED: BigHouse (no cell or error)
STEP 159 | BUILD:BigHouse | total=-12.682 err=-1.000 tax=0.000 taxb=0.300 build=0.000 cost=0.000 div=0.000 prox=0.000 prov=0.000 preq=0.000 pres=0.000 sale=0.000 mtax=0.000 chain=0.000 daily=0.000 nov=0.000 mile=0.000 surv=-1.335 idle=-10.000 gover=0.000 | nw=1.46954e+06 pop=29 bases=12 money=536 credit=129356 day=171 | food=200 water=0 coal=0 home=130 free=26 roads=3
  ACTION: 11 (BUILD:HydroStation price=92214 need_earth=2) | money=536 pop=29 free=26
  BUILD FAILED: HydroStation (no cell or error)
STEP 160 | BUILD:HydroStation | total=-2.664 err=-1.000 tax=0.000 taxb=0.300 build=0.000 cost=0.000 div=0.000 prox=0.000 prov=0.000 preq=0.000 pres=0.000 sale=0.000 mtax=0.000 chain=0.000 daily=0.000 nov=0.000 mile=0.000 surv=-1.316 idle=0.000 gover=0.000 | nw=1.46925e+06 pop=29 bases=12 money=536 credit=129614 day=172 | food=200 water=0 coal=0 home=130 free=26 roads=3
  ACTION: 21 (BUILD:BigFarm price=380385 need_earth=1) | money=536 pop=29 free=26
  BUILD FAILED: BigFarm (no cell or error)
STEP 161 | BUILD:BigFarm | total=-2.688 err=-1.000 tax=0.000 taxb=0.300 build=0.000 cost=0.000 div=0.000 prox=0.000 prov=0.000 preq=0.000 pres=0.000 sale=0.000 mtax=0.000 chain=0.000 daily=0.000 nov=0.000 mile=0.000 surv=-1.338 idle=0.000 gover=0.000 | nw=1.46897e+06 pop=29 bases=12 money=536 credit=129873 day=173 | food=200 water=0 coal=0 home=130 free=26 roads=3
  ACTION: 19 (BUILD:Mushroom price=12164 need_earth=3) | money=536 pop=29 free=26
  BUILD FAILED: Mushroom (no cell or error)
STEP 162 | BUILD:Mushroom | total=-12.675 err=-1.000 tax=0.000 taxb=0.300 build=0.000 cost=0.000 div=0.000 prox=0.000 prov=0.000 preq=0.000 pres=0.000 sale=0.000 mtax=0.000 chain=0.000 daily=0.000 nov=0.000 mile=0.000 surv=-1.324 idle=-10.000 gover=0.000 | nw=1.46868e+06 pop=29 bases=12 money=536 credit=130132 day=174 | food=200 water=0 coal=0 home=130 free=26 roads=3
  ACTION: 34 | money=536 pop=29 free=26
STEP 163 | MGR:improve | total=-2.697 err=-1.000 tax=0.000 taxb=0.300 build=0.000 cost=0.000 div=0.000 prox=0.000 prov=0.000 preq=0.000 pres=0.000 sale=0.000 mtax=0.000 chain=0.000 daily=0.000 nov=0.000 mile=0.000 surv=-1.345 idle=0.000 gover=0.000 | nw=1.46839e+06 pop=29 bases=12 money=536 credit=130392 day=175 | food=200 water=0 coal=0 home=130 free=26 roads=3
  ACTION: 18 (BUILD:CowFarm price=32002 need_earth=10) | money=536 pop=29 free=26
  BUILD FAILED: CowFarm (no cell or error)
STEP 164 | BUILD:CowFarm | total=-2.693 err=-1.000 tax=0.000 taxb=0.300 build=0.000 cost=0.000 div=0.000 prox=0.000 prov=0.000 preq=0.000 pres=0.000 sale=0.000 mtax=0.000 chain=0.000 daily=0.000 nov=0.000 mile=0.000 surv=-1.339 idle=0.000 gover=0.000 | nw=1.4681e+06 pop=29 bases=12 money=536 credit=130652 day=176 | food=200 water=0 coal=0 home=130 free=26 roads=3
  ACTION: 6 (BUILD:Coalmine price=25471 need_earth=4) | money=536 pop=29 free=26
  BUILD FAILED: Coalmine (no cell or error)
STEP 165 | BUILD:Coalmine | total=-12.705 err=-1.000 tax=0.000 taxb=0.300 build=0.000 cost=0.000 div=0.000 prox=0.000 prov=0.000 preq=0.000 pres=0.000 sale=0.000 mtax=0.000 chain=0.000 daily=0.000 nov=0.000 mile=0.000 surv=-1.350 idle=-10.000 gover=0.000 | nw=1.46781e+06 pop=29 bases=12 money=536 credit=130913 day=177 | food=200 water=0 coal=0 home=130 free=26 roads=3
  ACTION: 42 | money=536 pop=29 free=26
STEP 166 | MGR:credit_take | total=-2.706 err=-1.000 tax=0.000 taxb=0.300 build=0.000 cost=0.000 div=0.000 prox=0.000 prov=0.000 preq=0.000 pres=0.000 sale=0.000 mtax=0.000 chain=0.000 daily=0.000 nov=0.000 mile=0.000 surv=-1.350 idle=0.000 gover=0.000 | nw=1.46752e+06 pop=29 bases=12 money=536 credit=131174 day=178 | food=200 water=0 coal=0 home=130 free=26 roads=3
  ACTION: 34 | money=536 pop=29 free=26
STEP 167 | MGR:improve | total=-2.710 err=-1.000 tax=0.000 taxb=0.300 build=0.000 cost=0.000 div=0.000 prox=0.000 prov=0.000 preq=0.000 pres=0.000 sale=0.000 mtax=0.000 chain=0.000 daily=0.000 nov=0.000 mile=0.000 surv=-1.353 idle=0.000 gover=0.000 | nw=1.46723e+06 pop=29 bases=12 money=536 credit=131436 day=179 | food=200 water=0 coal=0 home=130 free=26 roads=3
  ACTION: 7 (BUILD:Ironmine price=32008 need_earth=5) | money=536 pop=29 free=26
  BUILD FAILED: Ironmine (no cell or error)
STEP 168 | BUILD:Ironmine | total=-12.714 err=-1.000 tax=0.000 taxb=0.300 build=0.000 cost=0.000 div=0.000 prox=0.000 prov=0.000 preq=0.000 pres=0.000 sale=0.000 mtax=0.000 chain=0.000 daily=0.000 nov=0.000 mile=0.000 surv=-1.355 idle=-10.000 gover=0.000 | nw=1.46694e+06 pop=29 bases=12 money=536 credit=131698 day=180 | food=200 water=0 coal=0 home=130 free=26 roads=3
  ACTION: 22 (BUILD:Apiary price=9385 need_earth=10) | money=536 pop=29 free=26
  BUILD FAILED: Apiary (no cell or error)
STEP 169 | BUILD:Apiary | total=-2.718 err=-1.000 tax=0.000 taxb=0.300 build=0.000 cost=0.000 div=0.000 prox=0.000 prov=0.000 preq=0.000 pres=0.000 sale=0.000 mtax=0.000 chain=0.000 daily=0.000 nov=0.000 mile=0.000 surv=-1.358 idle=0.000 gover=0.000 | nw=1.46665e+06 pop=29 bases=12 money=536 credit=131961 day=181 | food=200 water=0 coal=0 home=130 free=26 roads=3
  ACTION: 3 (BUILD:Garden price=7640 need_earth=10) | money=536 pop=29 free=26
  BUILD FAILED: Garden (no cell or error)
STEP 170 | BUILD:Garden | total=-2.722 err=-1.000 tax=0.000 taxb=0.300 build=0.000 cost=0.000 div=0.000 prox=0.000 prov=0.000 preq=0.000 pres=0.000 sale=0.000 mtax=0.000 chain=0.000 daily=0.000 nov=0.000 mile=0.000 surv=-1.360 idle=0.000 gover=0.000 | nw=1.46636e+06 pop=29 bases=12 money=536 credit=132224 day=182 | food=200 water=0 coal=0 home=130 free=26 roads=3
  ACTION: 11 (BUILD:HydroStation price=92214 need_earth=2) | money=536 pop=29 free=26
  BUILD FAILED: HydroStation (no cell or error)
STEP 171 | BUILD:HydroStation | total=-12.728 err=-1.000 tax=0.000 taxb=0.300 build=0.000 cost=0.000 div=0.000 prox=0.000 prov=0.000 preq=0.000 pres=0.000 sale=0.000 mtax=0.000 chain=0.000 daily=0.000 nov=0.000 mile=0.000 surv=-1.365 idle=-10.000 gover=0.000 | nw=1.46607e+06 pop=29 bases=12 money=536 credit=132488 day=183 | food=200 water=0 coal=0 home=130 free=26 roads=3
  ACTION: 17 (BUILD:HuntingLand price=16985 need_earth=3) | money=536 pop=29 free=26
  BUILD FAILED: HuntingLand (no cell or error)
STEP 172 | BUILD:HuntingLand | total=-2.729 err=-1.000 tax=0.000 taxb=0.300 build=0.000 cost=0.000 div=0.000 prox=0.000 prov=0.000 preq=0.000 pres=0.000 sale=0.000 mtax=0.000 chain=0.000 daily=0.000 nov=0.000 mile=0.000 surv=-1.365 idle=0.000 gover=0.000 | nw=1.46577e+06 pop=29 bases=12 money=536 credit=132752 day=184 | food=200 water=0 coal=0 home=130 free=26 roads=3
  ACTION: 30 (BUILD:BigIronmine price=2715002 need_earth=5) | money=536 pop=29 free=26
  BUILD FAILED: BigIronmine (no cell or error)
STEP 173 | BUILD:BigIronmine | total=12.530 err=-1.000 tax=0.000 taxb=0.300 build=0.000 cost=0.000 div=0.000 prox=0.000 prov=0.000 preq=0.000 pres=0.000 sale=0.000 mtax=0.000 chain=0.000 daily=0.090 nov=15.000 mile=0.000 surv=-1.195 idle=0.000 gover=0.000 | nw=1.46551e+06 pop=29 bases=12 money=536 credit=133017 day=185 | food=200 water=0 coal=0 home=130 free=25 roads=3
  ACTION: 32 (BUILD:SmallAtomStation price=29000000 need_earth=2) | money=536 pop=29 free=25
  BUILD FAILED: SmallAtomStation (no cell or error)
STEP 174 | BUILD:SmallAtomStation | total=-12.481 err=-1.000 tax=0.000 taxb=0.300 build=0.000 cost=0.000 div=0.000 prox=0.000 prov=0.000 preq=0.000 pres=0.000 sale=0.000 mtax=0.000 chain=0.000 daily=0.090 nov=0.000 mile=0.000 surv=-1.205 idle=-10.000 gover=0.000 | nw=1.46525e+06 pop=29 bases=12 money=536 credit=133283 day=186 | food=200 water=0 coal=0 home=130 free=25 roads=3
  ACTION: 32 (BUILD:SmallAtomStation price=29000000 need_earth=2) | money=536 pop=29 free=25
  BUILD FAILED: SmallAtomStation (no cell or error)
STEP 175 | BUILD:SmallAtomStation | total=-2.470 err=-1.000 tax=0.000 taxb=0.300 build=0.000 cost=0.000 div=0.000 prox=0.000 prov=0.000 preq=0.000 pres=0.000 sale=0.000 mtax=0.000 chain=0.000 daily=0.090 nov=0.000 mile=0.000 surv=-1.192 idle=0.000 gover=0.000 | nw=1.46499e+06 pop=29 bases=12 money=536 credit=133549 day=187 | food=200 water=0 coal=0 home=130 free=25 roads=3
  ACTION: 11 (BUILD:HydroStation price=92214 need_earth=2) | money=536 pop=29 free=25
  BUILD FAILED: HydroStation (no cell or error)
STEP 176 | BUILD:HydroStation | total=-2.491 err=-1.000 tax=0.000 taxb=0.300 build=0.000 cost=0.000 div=0.000 prox=0.000 prov=0.000 preq=0.000 pres=0.000 sale=0.000 mtax=0.000 chain=0.000 daily=0.090 nov=0.000 mile=0.000 surv=-1.212 idle=0.000 gover=0.000 | nw=1.46473e+06 pop=29 bases=12 money=536 credit=133816 day=188 | food=200 water=0 coal=0 home=130 free=25 roads=3
  ACTION: 0 (DAY) | money=536 pop=29 free=25
STEP 177 | DAY | total=-11.511 err=0.000 tax=0.000 taxb=0.300 build=0.000 cost=0.000 div=0.000 prox=0.000 prov=0.000 preq=0.000 pres=0.000 sale=0.000 mtax=0.000 chain=0.000 daily=0.090 nov=0.000 mile=0.000 surv=-1.231 idle=-10.000 gover=0.000 | nw=1.46447e+06 pop=29 bases=12 money=536 credit=134083 day=189 | food=200 water=0 coal=0 home=130 free=25 roads=3
  ACTION: 41 | money=536 pop=29 free=25
STEP 178 | MGR:buy_food | total=-2.490 err=0.000 tax=0.000 taxb=0.300 build=0.000 cost=0.000 div=0.000 prox=0.000 prov=0.000 preq=0.000 pres=0.000 sale=0.000 mtax=0.000 chain=0.000 daily=0.090 nov=0.000 mile=0.000 surv=-2.208 idle=0.000 gover=0.000 | nw=1.464e+06 pop=29 bases=12 money=136 credit=134351 day=190 | food=400 water=0 coal=0 home=130 free=25 roads=3
  ACTION: 37 | money=136 pop=29 free=25
STEP 179 | MGR:destroy | total=-3.298 err=0.000 tax=0.000 taxb=0.300 build=0.000 cost=0.000 div=0.000 prox=0.000 prov=0.000 preq=0.000 pres=0.000 sale=0.000 mtax=0.000 chain=0.000 daily=0.090 nov=0.000 mile=0.000 surv=-3.015 idle=0.000 gover=0.000 | nw=1.46338e+06 pop=29 bases=11 money=176 credit=134619 day=191 | food=400 water=0 coal=0 home=130 free=25 roads=2
  ACTION: 27 (BUILD:WaterMill price=2900197 need_earth=2) | money=176 pop=29 free=25
  BUILD FAILED: WaterMill (no cell or error)
STEP 180 | BUILD:WaterMill | total=-12.489 err=-1.000 tax=0.000 taxb=0.300 build=0.000 cost=0.000 div=0.000 prox=0.000 prov=0.000 preq=0.000 pres=0.000 sale=0.000 mtax=0.000 chain=0.000 daily=0.090 nov=0.000 mile=0.000 surv=-1.204 idle=-10.000 gover=0.000 | nw=1.46312e+06 pop=29 bases=11 money=176 credit=134888 day=192 | food=400 water=0 coal=0 home=130 free=25 roads=2
  ACTION: 17 (BUILD:HuntingLand price=16985 need_earth=3) | money=176 pop=29 free=25
  BUILD FAILED: HuntingLand (no cell or error)
STEP 181 | BUILD:HuntingLand | total=-2.501 err=-1.000 tax=0.000 taxb=0.300 build=0.000 cost=0.000 div=0.000 prox=0.000 prov=0.000 preq=0.000 pres=0.000 sale=0.000 mtax=0.000 chain=0.000 daily=0.090 nov=0.000 mile=0.000 surv=-1.215 idle=0.000 gover=0.000 | nw=1.46286e+06 pop=29 bases=11 money=176 credit=135157 day=193 | food=400 water=0 coal=0 home=130 free=25 roads=2
  ACTION: 35 | money=176 pop=29 free=25
STEP 182 | MGR:repair | total=-2.510 err=-1.000 tax=0.000 taxb=0.300 build=0.000 cost=0.000 div=0.000 prox=0.000 prov=0.000 preq=0.000 pres=0.000 sale=0.000 mtax=0.000 chain=0.000 daily=0.090 nov=0.000 mile=0.000 surv=-1.223 idle=0.000 gover=0.000 | nw=1.46259e+06 pop=29 bases=11 money=176 credit=135427 day=194 | food=400 water=0 coal=0 home=130 free=25 roads=2
  ACTION: 26 (BUILD:BigSawmill price=620900 need_earth=3) | money=176 pop=29 free=25
  BUILD FAILED: BigSawmill (no cell or error)
STEP 183 | BUILD:BigSawmill | total=-12.507 err=-1.000 tax=0.000 taxb=0.300 build=0.000 cost=0.000 div=0.000 prox=0.000 prov=0.000 preq=0.000 pres=0.000 sale=0.000 mtax=0.000 chain=0.000 daily=0.090 nov=0.000 mile=0.000 surv=-1.219 idle=-10.000 gover=0.000 | nw=1.46233e+06 pop=29 bases=11 money=176 credit=135697 day=195 | food=400 water=0 coal=0 home=130 free=25 roads=2
  ACTION: 11 (BUILD:HydroStation price=92214 need_earth=2) | money=176 pop=29 free=25
  BUILD FAILED: HydroStation (no cell or error)
STEP 184 | BUILD:HydroStation | total=-2.515 err=-1.000 tax=0.000 taxb=0.300 build=0.000 cost=0.000 div=0.000 prox=0.000 prov=0.000 preq=0.000 pres=0.000 sale=0.000 mtax=0.000 chain=0.000 daily=0.090 nov=0.000 mile=0.000 surv=-1.225 idle=0.000 gover=0.000 | nw=1.46206e+06 pop=29 bases=11 money=176 credit=135968 day=196 | food=400 water=0 coal=0 home=130 free=25 roads=2
  ACTION: 12 (BUILD:Road price=400 need_earth=10) | money=176 pop=29 free=25
  BUILD FAILED: Road (no cell or error)
STEP 185 | BUILD:Road | total=-2.517 err=-1.000 tax=0.000 taxb=0.300 build=0.000 cost=0.000 div=0.000 prox=0.000 prov=0.000 preq=0.000 pres=0.000 sale=0.000 mtax=0.000 chain=0.000 daily=0.090 nov=0.000 mile=0.000 surv=-1.225 idle=0.000 gover=0.000 | nw=1.4618e+06 pop=29 bases=11 money=176 credit=136239 day=197 | food=400 water=0 coal=0 home=130 free=25 roads=2
  ACTION: 24 (BUILD:Hothouse price=16590 need_earth=10) | money=176 pop=29 free=25
  BUILD FAILED: Hothouse (no cell or error)
STEP 186 | BUILD:Hothouse | total=-12.521 err=-1.000 tax=0.000 taxb=0.300 build=0.000 cost=0.000 div=0.000 prox=0.000 prov=0.000 preq=0.000 pres=0.000 sale=0.000 mtax=0.000 chain=0.000 daily=0.090 nov=0.000 mile=0.000 surv=-1.228 idle=-10.000 gover=0.000 | nw=1.46153e+06 pop=29 bases=11 money=176 credit=136511 day=198 | food=400 water=0 coal=0 home=130 free=25 roads=2
  ACTION: 32 (BUILD:SmallAtomStation price=29000000 need_earth=2) | money=176 pop=29 free=25
  BUILD FAILED: SmallAtomStation (no cell or error)
STEP 187 | BUILD:SmallAtomStation | total=-2.530 err=-1.000 tax=0.000 taxb=0.300 build=0.000 cost=0.000 div=0.000 prox=0.000 prov=0.000 preq=0.000 pres=0.000 sale=0.000 mtax=0.000 chain=0.000 daily=0.090 nov=0.000 mile=0.000 surv=-1.236 idle=0.000 gover=0.000 | nw=1.46127e+06 pop=29 bases=11 money=176 credit=136784 day=199 | food=400 water=0 coal=0 home=130 free=25 roads=2
  ACTION: 7 (BUILD:Ironmine price=32008 need_earth=5) | money=176 pop=29 free=25
  BUILD FAILED: Ironmine (no cell or error)
STEP 188 | BUILD:Ironmine | total=-0.533 err=-1.000 tax=0.000 taxb=0.300 build=0.000 cost=0.000 div=0.000 prox=0.000 prov=0.000 preq=0.000 pres=0.000 sale=0.000 mtax=0.000 chain=0.000 daily=0.090 nov=0.000 mile=2.000 surv=-1.238 idle=0.000 gover=0.000 | nw=1.461e+06 pop=29 bases=11 money=176 credit=137057 day=200 | food=400 water=0 coal=0 home=130 free=25 roads=2
  ACTION: 7 (BUILD:Ironmine price=32008 need_earth=5) | money=176 pop=29 free=25
  BUILD FAILED: Ironmine (no cell or error)
STEP 189 | BUILD:Ironmine | total=-12.547 err=-1.000 tax=0.000 taxb=0.300 build=0.000 cost=0.000 div=0.000 prox=0.000 prov=0.000 preq=0.000 pres=0.000 sale=0.000 mtax=0.000 chain=0.000 daily=0.090 nov=0.000 mile=0.000 surv=-1.250 idle=-10.000 gover=0.000 | nw=1.46073e+06 pop=29 bases=11 money=176 credit=137331 day=201 | food=400 water=0 coal=0 home=130 free=25 roads=2
  ACTION: 32 (BUILD:SmallAtomStation price=29000000 need_earth=2) | money=176 pop=29 free=25
  BUILD FAILED: SmallAtomStation (no cell or error)
STEP 190 | BUILD:SmallAtomStation | total=-2.554 err=-1.000 tax=0.000 taxb=0.300 build=0.000 cost=0.000 div=0.000 prox=0.000 prov=0.000 preq=0.000 pres=0.000 sale=0.000 mtax=0.000 chain=0.000 daily=0.090 nov=0.000 mile=0.000 surv=-1.256 idle=0.000 gover=0.000 | nw=1.46046e+06 pop=29 bases=11 money=176 credit=137605 day=202 | food=400 water=0 coal=0 home=130 free=25 roads=2
  ACTION: 43 | money=176 pop=29 free=25
STEP 191 | MGR:credit_give | total=-1.525 err=-1.000 tax=0.000 taxb=0.300 build=0.000 cost=0.000 div=0.000 prox=0.000 prov=0.000 preq=0.000 pres=0.000 sale=0.000 mtax=0.000 chain=0.000 daily=0.090 nov=0.000 mile=0.000 surv=-1.226 idle=0.000 gover=0.000 | nw=1.46019e+06 pop=30 bases=11 money=176 credit=137880 day=203 | food=400 water=0 coal=0 home=130 free=26 roads=2
  ACTION: 39 | money=176 pop=30 free=26
STEP 192 | MGR:unpreserve | total=-12.555 err=-1.000 tax=0.000 taxb=0.300 build=0.000 cost=0.000 div=0.000 prox=0.000 prov=0.000 preq=0.000 pres=0.000 sale=0.000 mtax=0.000 chain=0.000 daily=0.090 nov=0.000 mile=0.000 surv=-1.254 idle=-10.000 gover=0.000 | nw=1.45992e+06 pop=30 bases=11 money=176 credit=138155 day=204 | food=400 water=0 coal=0 home=130 free=26 roads=2
  ACTION: 24 (BUILD:Hothouse price=16590 need_earth=10) | money=176 pop=30 free=26
  BUILD FAILED: Hothouse (no cell or error)
STEP 193 | BUILD:Hothouse | total=-22.569 err=-1.000 tax=0.000 taxb=0.300 build=0.000 cost=0.000 div=0.000 prox=0.000 prov=0.000 preq=0.000 pres=0.000 sale=0.000 mtax=0.000 chain=0.000 daily=0.090 nov=0.000 mile=0.000 surv=-1.267 idle=0.000 gover=0.000 | nw=1.45965e+06 pop=29 bases=11 money=176 credit=138431 day=205 | food=400 water=0 coal=0 home=130 free=25 roads=2
  ACTION: 38 | money=176 pop=29 free=25
STEP 194 | MGR:preserve | total=-2.554 err=-1.000 tax=0.000 taxb=0.300 build=0.000 cost=0.000 div=0.000 prox=0.000 prov=0.000 preq=0.000 pres=0.000 sale=0.000 mtax=0.000 chain=0.000 daily=0.090 nov=0.000 mile=0.000 surv=-1.250 idle=0.000 gover=0.000 | nw=1.45938e+06 pop=29 bases=11 money=176 credit=138707 day=206 | food=400 water=0 coal=0 home=130 free=25 roads=2
  ACTION: 37 | money=176 pop=29 free=25
STEP 195 | MGR:destroy | total=-13.378 err=0.000 tax=0.000 taxb=0.300 build=0.000 cost=0.000 div=0.000 prox=0.000 prov=0.000 preq=0.000 pres=0.000 sale=0.000 mtax=0.000 chain=0.000 daily=0.090 nov=0.000 mile=0.000 surv=-3.073 idle=-10.000 gover=0.000 | nw=1.45874e+06 pop=29 bases=10 money=216 credit=138984 day=207 | food=400 water=0 coal=0 home=130 free=25 roads=1
  ACTION: 0 (DAY) | money=216 pop=29 free=25
STEP 196 | DAY | total=-1.560 err=0.000 tax=0.000 taxb=0.300 build=0.000 cost=0.000 div=0.000 prox=0.000 prov=0.000 preq=0.000 pres=0.000 sale=0.000 mtax=0.000 chain=0.000 daily=0.090 nov=0.000 mile=0.000 surv=-1.254 idle=0.000 gover=0.000 | nw=1.45847e+06 pop=29 bases=10 money=216 credit=139261 day=208 | food=400 water=0 coal=0 home=130 free=25 roads=1
  ACTION: 25 (BUILD:SuperHouse price=971000 need_earth=1) | money=216 pop=29 free=25
  BUILD FAILED: SuperHouse (no cell or error)
STEP 197 | BUILD:SuperHouse | total=-2.565 err=-1.000 tax=0.000 taxb=0.300 build=0.000 cost=0.000 div=0.000 prox=0.000 prov=0.000 preq=0.000 pres=0.000 sale=0.000 mtax=0.000 chain=0.000 daily=0.090 nov=0.000 mile=0.000 surv=-1.258 idle=0.000 gover=0.000 | nw=1.4582e+06 pop=29 bases=10 money=216 credit=139539 day=209 | food=400 water=0 coal=0 home=130 free=25 roads=1
  ACTION: 22 (BUILD:Apiary price=9385 need_earth=10) | money=216 pop=29 free=25
  BUILD FAILED: Apiary (no cell or error)
STEP 198 | BUILD:Apiary | total=-12.574 err=-1.000 tax=0.000 taxb=0.300 build=0.000 cost=0.000 div=0.000 prox=0.000 prov=0.000 preq=0.000 pres=0.000 sale=0.000 mtax=0.000 chain=0.000 daily=0.090 nov=0.000 mile=0.000 surv=-1.265 idle=-10.000 gover=0.000 | nw=1.45793e+06 pop=29 bases=10 money=216 credit=139818 day=210 | food=400 water=0 coal=0 home=130 free=25 roads=1
  ACTION: 31 (BUILD:AirStation price=23790 need_earth=10) | money=216 pop=29 free=25
  BUILD FAILED: AirStation (no cell or error)
STEP 199 | BUILD:AirStation | total=-2.567 err=-1.000 tax=0.000 taxb=0.300 build=0.000 cost=0.000 div=0.000 prox=0.000 prov=0.000 preq=0.000 pres=0.000 sale=0.000 mtax=0.000 chain=0.000 daily=0.090 nov=0.000 mile=0.000 surv=-1.257 idle=0.000 gover=0.000 | nw=1.45766e+06 pop=29 bases=10 money=216 credit=140097 day=211 | food=400 water=0 coal=0 home=130 free=25 roads=1
  ACTION: 13 (BUILD:House price=14038 need_earth=1) | money=216 pop=29 free=25
  BUILD FAILED: House (no cell or error)
STEP 200 | BUILD:House | total=-2.598 err=-1.000 tax=0.000 taxb=0.300 build=0.000 cost=0.000 div=0.000 prox=0.000 prov=0.000 preq=0.000 pres=0.000 sale=0.000 mtax=0.000 chain=0.000 daily=0.090 nov=0.000 mile=0.000 surv=-1.286 idle=0.000 gover=0.000 | nw=1.45738e+06 pop=29 bases=10 money=216 credit=140377 day=212 | food=400 water=0 coal=0 home=130 free=25 roads=1
  BUILDINGS: City(0d) CowFarm(0d) House(0d) Puerperal(0d) SmallHouse(0d) AirStation(0d) Road(0d) Farm(0d) Garden(0d) Garden(0d) 
  ACTION: 43 | money=216 pop=29 free=25
STEP 201 | MGR:credit_give | total=-12.581 err=-1.000 tax=0.000 taxb=0.300 build=0.000 cost=0.000 div=0.000 prox=0.000 prov=0.000 preq=0.000 pres=0.000 sale=0.000 mtax=0.000 chain=0.000 daily=0.090 nov=0.000 mile=0.000 surv=-1.268 idle=-10.000 gover=0.000 | nw=1.45711e+06 pop=29 bases=10 money=216 credit=140657 day=213 | food=400 water=0 coal=0 home=130 free=25 roads=1
  ACTION: 13 (BUILD:House price=14038 need_earth=1) | money=216 pop=29 free=25
  BUILD FAILED: House (no cell or error)
STEP 202 | BUILD:House | total=-2.614 err=-1.000 tax=0.000 taxb=0.300 build=0.000 cost=0.000 div=0.000 prox=0.000 prov=0.000 preq=0.000 pres=0.000 sale=0.000 mtax=0.000 chain=0.000 daily=0.090 nov=0.000 mile=0.000 surv=-1.300 idle=0.000 gover=0.000 | nw=1.45683e+06 pop=29 bases=10 money=216 credit=140938 day=214 | food=400 water=0 coal=0 home=130 free=25 roads=1
  ACTION: 23 (BUILD:Torchlight price=215000 need_earth=6) | money=216 pop=29 free=25
  BUILD FAILED: Torchlight (no cell or error)
STEP 203 | BUILD:Torchlight | total=-2.605 err=-1.000 tax=0.000 taxb=0.300 build=0.000 cost=0.000 div=0.000 prox=0.000 prov=0.000 preq=0.000 pres=0.000 sale=0.000 mtax=0.000 chain=0.000 daily=0.090 nov=0.000 mile=0.000 surv=-1.289 idle=0.000 gover=0.000 | nw=1.45655e+06 pop=29 bases=10 money=216 credit=141219 day=215 | food=400 water=0 coal=0 home=130 free=25 roads=1
  ACTION: 23 (BUILD:Torchlight price=215000 need_earth=6) | money=216 pop=29 free=25
  BUILD FAILED: Torchlight (no cell or error)
STEP 204 | BUILD:Torchlight | total=-12.601 err=-1.000 tax=0.000 taxb=0.300 build=0.000 cost=0.000 div=0.000 prox=0.000 prov=0.000 preq=0.000 pres=0.000 sale=0.000 mtax=0.000 chain=0.000 daily=0.090 nov=0.000 mile=0.000 surv=-1.283 idle=-10.000 gover=0.000 | nw=1.45627e+06 pop=29 bases=10 money=216 credit=141501 day=216 | food=400 water=0 coal=0 home=130 free=25 roads=1
  ACTION: 12 (BUILD:Road price=400 need_earth=10) | money=216 pop=29 free=25
  BUILD FAILED: Road (no cell or error)
STEP 205 | BUILD:Road | total=-2.604 err=-1.000 tax=0.000 taxb=0.300 build=0.000 cost=0.000 div=0.000 prox=0.000 prov=0.000 preq=0.000 pres=0.000 sale=0.000 mtax=0.000 chain=0.000 daily=0.090 nov=0.000 mile=0.000 surv=-1.285 idle=0.000 gover=0.000 | nw=1.45599e+06 pop=29 bases=10 money=216 credit=141784 day=217 | food=400 water=0 coal=0 home=130 free=25 roads=1
  ACTION: 29 (BUILD:Puerperal price=37105 need_earth=10) | money=216 pop=29 free=25
  BUILD FAILED: Puerperal (no cell or error)
STEP 206 | BUILD:Puerperal | total=-2.587 err=-1.000 tax=0.000 taxb=0.300 build=0.000 cost=0.000 div=0.000 prox=0.000 prov=0.000 preq=0.000 pres=0.000 sale=0.000 mtax=0.000 chain=0.000 daily=0.090 nov=0.000 mile=0.000 surv=-1.267 idle=0.000 gover=0.000 | nw=1.45572e+06 pop=29 bases=10 money=216 credit=142067 day=218 | food=400 water=0 coal=0 home=130 free=25 roads=1
  ACTION: 41 | money=216 pop=29 free=25
STEP 207 | MGR:buy_food | total=-12.612 err=-1.000 tax=0.000 taxb=0.300 build=0.000 cost=0.000 div=0.000 prox=0.000 prov=0.000 preq=0.000 pres=0.000 sale=0.000 mtax=0.000 chain=0.000 daily=0.090 nov=0.000 mile=0.000 surv=-1.290 idle=-10.000 gover=0.000 | nw=1.45544e+06 pop=29 bases=10 money=216 credit=142351 day=219 | food=400 water=0 coal=0 home=130 free=25 roads=1
  ACTION: 19 (BUILD:Mushroom price=12164 need_earth=3) | money=216 pop=29 free=25
  BUILD FAILED: Mushroom (no cell or error)
STEP 208 | BUILD:Mushroom | total=-2.614 err=-1.000 tax=0.000 taxb=0.300 build=0.000 cost=0.000 div=0.000 prox=0.000 prov=0.000 preq=0.000 pres=0.000 sale=0.000 mtax=0.000 chain=0.000 daily=0.090 nov=0.000 mile=0.000 surv=-1.290 idle=0.000 gover=0.000 | nw=1.45516e+06 pop=29 bases=10 money=216 credit=142635 day=220 | food=400 water=0 coal=0 home=130 free=25 roads=1
  ACTION: 30 (BUILD:BigIronmine price=2715002 need_earth=5) | money=216 pop=29 free=25
  BUILD FAILED: BigIronmine (no cell or error)
STEP 209 | BUILD:BigIronmine | total=-2.634 err=-1.000 tax=0.000 taxb=0.300 build=0.000 cost=0.000 div=0.000 prox=0.000 prov=0.000 preq=0.000 pres=0.000 sale=0.000 mtax=0.000 chain=0.000 daily=0.090 nov=0.000 mile=0.000 surv=-1.309 idle=0.000 gover=0.000 | nw=1.45488e+06 pop=29 bases=10 money=216 credit=142920 day=221 | food=400 water=0 coal=0 home=130 free=25 roads=1
  ACTION: 19 (BUILD:Mushroom price=12164 need_earth=3) | money=216 pop=29 free=25
  BUILD FAILED: Mushroom (no cell or error)
STEP 210 | BUILD:Mushroom | total=-12.621 err=-1.000 tax=0.000 taxb=0.300 build=0.000 cost=0.000 div=0.000 prox=0.000 prov=0.000 preq=0.000 pres=0.000 sale=0.000 mtax=0.000 chain=0.000 daily=0.090 nov=0.000 mile=0.000 surv=-1.295 idle=-10.000 gover=0.000 | nw=1.4546e+06 pop=29 bases=10 money=216 credit=143205 day=222 | food=400 water=0 coal=0 home=130 free=25 roads=1
  ACTION: 19 (BUILD:Mushroom price=12164 need_earth=3) | money=216 pop=29 free=25
  BUILD FAILED: Mushroom (no cell or error)
STEP 211 | BUILD:Mushroom | total=-2.616 err=-1.000 tax=0.000 taxb=0.300 build=0.000 cost=0.000 div=0.000 prox=0.000 prov=0.000 preq=0.000 pres=0.000 sale=0.000 mtax=0.000 chain=0.000 daily=0.090 nov=0.000 mile=0.000 surv=-1.289 idle=0.000 gover=0.000 | nw=1.45433e+06 pop=29 bases=10 money=216 credit=143491 day=223 | food=400 water=0 coal=0 home=130 free=25 roads=1
  ACTION: 29 (BUILD:Puerperal price=37105 need_earth=10) | money=216 pop=29 free=25
  BUILD FAILED: Puerperal (no cell or error)
STEP 212 | BUILD:Puerperal | total=-1.636 err=-1.000 tax=0.000 taxb=0.300 build=0.000 cost=0.000 div=0.000 prox=0.000 prov=0.000 preq=0.000 pres=0.000 sale=0.000 mtax=0.000 chain=0.000 daily=0.090 nov=0.000 mile=0.000 surv=-1.307 idle=0.000 gover=0.000 | nw=1.45404e+06 pop=30 bases=10 money=216 credit=143777 day=224 | food=400 water=0 coal=0 home=130 free=26 roads=1
  ACTION: 19 (BUILD:Mushroom price=12164 need_earth=3) | money=216 pop=30 free=26
  BUILD FAILED: Mushroom (no cell or error)
STEP 213 | BUILD:Mushroom | total=-12.644 err=-1.000 tax=0.000 taxb=0.300 build=0.000 cost=0.000 div=0.000 prox=0.000 prov=0.000 preq=0.000 pres=0.000 sale=0.000 mtax=0.000 chain=0.000 daily=0.090 nov=0.000 mile=0.000 surv=-1.314 idle=-10.000 gover=0.000 | nw=1.45376e+06 pop=30 bases=10 money=216 credit=144064 day=225 | food=400 water=0 coal=0 home=130 free=26 roads=1
  ACTION: 28 (BUILD:BigRefinary price=3999149 need_earth=6) | money=216 pop=30 free=26
  BUILD FAILED: BigRefinary (no cell or error)
STEP 214 | BUILD:BigRefinary | total=-2.663 err=-1.000 tax=0.000 taxb=0.300 build=0.000 cost=0.000 div=0.000 prox=0.000 prov=0.000 preq=0.000 pres=0.000 sale=0.000 mtax=0.000 chain=0.000 daily=0.090 nov=0.000 mile=0.000 surv=-1.331 idle=0.000 gover=0.000 | nw=1.45348e+06 pop=30 bases=10 money=216 credit=144352 day=226 | food=400 water=0 coal=0 home=130 free=26 roads=1
  ACTION: 22 (BUILD:Apiary price=9385 need_earth=10) | money=216 pop=30 free=26
  BUILD FAILED: Apiary (no cell or error)
STEP 215 | BUILD:Apiary | total=-2.646 err=-1.000 tax=0.000 taxb=0.300 build=0.000 cost=0.000 div=0.000 prox=0.000 prov=0.000 preq=0.000 pres=0.000 sale=0.000 mtax=0.000 chain=0.000 daily=0.090 nov=0.000 mile=0.000 surv=-1.313 idle=0.000 gover=0.000 | nw=1.45319e+06 pop=30 bases=10 money=216 credit=144640 day=227 | food=400 water=0 coal=0 home=130 free=26 roads=1
  ACTION: 24 (BUILD:Hothouse price=16590 need_earth=10) | money=216 pop=30 free=26
  BUILD FAILED: Hothouse (no cell or error)
STEP 216 | BUILD:Hothouse | total=-12.650 err=-1.000 tax=0.000 taxb=0.300 build=0.000 cost=0.000 div=0.000 prox=0.000 prov=0.000 preq=0.000 pres=0.000 sale=0.000 mtax=0.000 chain=0.000 daily=0.090 nov=0.000 mile=0.000 surv=-1.315 idle=-10.000 gover=0.000 | nw=1.45291e+06 pop=30 bases=10 money=216 credit=144929 day=228 | food=400 water=0 coal=0 home=130 free=26 roads=1
  ACTION: 25 (BUILD:SuperHouse price=971000 need_earth=1) | money=216 pop=30 free=26
  BUILD FAILED: SuperHouse (no cell or error)
STEP 217 | BUILD:SuperHouse | total=-1.672 err=-1.000 tax=0.000 taxb=0.300 build=0.000 cost=0.000 div=0.000 prox=0.000 prov=0.000 preq=0.000 pres=0.000 sale=0.000 mtax=0.000 chain=0.000 daily=0.090 nov=0.000 mile=0.000 surv=-1.336 idle=0.000 gover=0.000 | nw=1.45262e+06 pop=31 bases=10 money=216 credit=145218 day=229 | food=400 water=0 coal=0 home=130 free=27 roads=1
  ACTION: 27 (BUILD:WaterMill price=2900197 need_earth=2) | money=216 pop=31 free=27
  BUILD FAILED: WaterMill (no cell or error)
STEP 218 | BUILD:WaterMill | total=-2.655 err=-1.000 tax=0.000 taxb=0.300 build=0.000 cost=0.000 div=0.000 prox=0.000 prov=0.000 preq=0.000 pres=0.000 sale=0.000 mtax=0.000 chain=0.000 daily=0.090 nov=0.000 mile=0.000 surv=-1.317 idle=0.000 gover=0.000 | nw=1.45234e+06 pop=31 bases=10 money=216 credit=145508 day=230 | food=400 water=0 coal=0 home=130 free=27 roads=1
  ACTION: 12 (BUILD:Road price=400 need_earth=10) | money=216 pop=31 free=27
  BUILD FAILED: Road (no cell or error)
STEP 219 | BUILD:Road | total=-12.664 err=-1.000 tax=0.000 taxb=0.300 build=0.000 cost=0.000 div=0.000 prox=0.000 prov=0.000 preq=0.000 pres=0.000 sale=0.000 mtax=0.000 chain=0.000 daily=0.090 nov=0.000 mile=0.000 surv=-1.325 idle=-10.000 gover=0.000 | nw=1.45205e+06 pop=31 bases=10 money=216 credit=145799 day=231 | food=400 water=0 coal=0 home=130 free=27 roads=1
  ACTION: 22 (BUILD:Apiary price=9385 need_earth=10) | money=216 pop=31 free=27
  BUILD FAILED: Apiary (no cell or error)
STEP 220 | BUILD:Apiary | total=-2.673 err=-1.000 tax=0.000 taxb=0.300 build=0.000 cost=0.000 div=0.000 prox=0.000 prov=0.000 preq=0.000 pres=0.000 sale=0.000 mtax=0.000 chain=0.000 daily=0.090 nov=0.000 mile=0.000 surv=-1.333 idle=0.000 gover=0.000 | nw=1.45177e+06 pop=31 bases=10 money=216 credit=146090 day=232 | food=400 water=0 coal=0 home=130 free=27 roads=1
  ACTION: 37 | money=216 pop=31 free=27
STEP 221 | MGR:destroy | total=-89.400 err=0.000 tax=0.000 taxb=0.300 build=0.000 cost=0.000 div=0.000 prox=0.000 prov=0.000 preq=0.000 pres=0.000 sale=0.000 mtax=0.000 chain=0.000 daily=0.090 nov=0.000 mile=0.000 surv=-89.058 idle=0.000 gover=0.000 | nw=1.43394e+06 pop=31 bases=9 money=2197 credit=146382 day=233 | food=400 water=0 coal=0 home=130 free=27 roads=1
  ACTION: 18 (BUILD:CowFarm price=32002 need_earth=10) | money=2197 pop=31 free=27
  BUILD FAILED: CowFarm (no cell or error)
STEP 222 | BUILD:CowFarm | total=-12.657 err=-1.000 tax=0.000 taxb=0.300 build=0.000 cost=0.000 div=0.000 prox=0.000 prov=0.000 preq=0.000 pres=0.000 sale=0.000 mtax=0.000 chain=0.000 daily=0.090 nov=0.000 mile=0.000 surv=-1.313 idle=-10.000 gover=0.000 | nw=1.43365e+06 pop=31 bases=9 money=2197 credit=146674 day=234 | food=400 water=0 coal=0 home=130 free=27 roads=1
  ACTION: 44 | money=2197 pop=31 free=27
STEP 223 | MGR:manual_tax | total=-1.165 err=0.000 tax=0.000 taxb=0.300 build=0.000 cost=0.000 div=0.000 prox=0.000 prov=0.000 preq=0.000 pres=0.000 sale=0.000 mtax=0.500 chain=0.000 daily=0.090 nov=0.000 mile=0.000 surv=-1.321 idle=0.000 gover=0.000 | nw=1.43337e+06 pop=31 bases=9 money=2197 credit=146967 day=235 | food=400 water=0 coal=0 home=130 free=27 roads=1
  ACTION: 21 (BUILD:BigFarm price=380385 need_earth=1) | money=2197 pop=31 free=27
  BUILD FAILED: BigFarm (no cell or error)
STEP 224 | BUILD:BigFarm | total=-2.685 err=-1.000 tax=0.000 taxb=0.300 build=0.000 cost=0.000 div=0.000 prox=0.000 prov=0.000 preq=0.000 pres=0.000 sale=0.000 mtax=0.000 chain=0.000 daily=0.090 nov=0.000 mile=0.000 surv=-1.339 idle=0.000 gover=0.000 | nw=1.43308e+06 pop=31 bases=9 money=2197 credit=147260 day=236 | food=400 water=0 coal=0 home=130 free=27 roads=1
  ACTION: 2 (BUILD:Farm price=19814 need_earth=10) | money=2197 pop=31 free=27
  BUILD FAILED: Farm (no cell or error)
STEP 225 | BUILD:Farm | total=-12.651 err=-1.000 tax=0.000 taxb=0.300 build=0.000 cost=0.000 div=0.000 prox=0.000 prov=0.000 preq=0.000 pres=0.000 sale=0.000 mtax=0.000 chain=0.000 daily=0.090 nov=0.000 mile=0.000 surv=-1.303 idle=-10.000 gover=0.000 | nw=1.4328e+06 pop=31 bases=9 money=2197 credit=147554 day=237 | food=400 water=0 coal=0 home=130 free=27 roads=1
  ACTION: 32 (BUILD:SmallAtomStation price=29000000 need_earth=2) | money=2197 pop=31 free=27
  BUILD FAILED: SmallAtomStation (no cell or error)
STEP 226 | BUILD:SmallAtomStation | total=-2.678 err=-1.000 tax=0.000 taxb=0.300 build=0.000 cost=0.000 div=0.000 prox=0.000 prov=0.000 preq=0.000 pres=0.000 sale=0.000 mtax=0.000 chain=0.000 daily=0.090 nov=0.000 mile=0.000 surv=-1.328 idle=0.000 gover=0.000 | nw=1.43252e+06 pop=31 bases=9 money=2197 credit=147849 day=238 | food=400 water=0 coal=0 home=130 free=27 roads=1
  ACTION: 43 | money=2197 pop=31 free=27
STEP 227 | MGR:credit_give | total=-2.679 err=-1.000 tax=0.000 taxb=0.300 build=0.000 cost=0.000 div=0.000 prox=0.000 prov=0.000 preq=0.000 pres=0.000 sale=0.000 mtax=0.000 chain=0.000 daily=0.090 nov=0.000 mile=0.000 surv=-1.328 idle=0.000 gover=0.000 | nw=1.43223e+06 pop=31 bases=9 money=2197 credit=148144 day=239 | food=400 water=0 coal=0 home=130 free=27 roads=1
  ACTION: 8 (BUILD:Refinery price=82684 need_earth=6) | money=2197 pop=31 free=27
  BUILD FAILED: Refinery (no cell or error)
STEP 228 | BUILD:Refinery | total=-12.686 err=-1.000 tax=0.000 taxb=0.300 build=0.000 cost=0.000 div=0.000 prox=0.000 prov=0.000 preq=0.000 pres=0.000 sale=0.000 mtax=0.000 chain=0.000 daily=0.090 nov=0.000 mile=0.000 surv=-1.333 idle=-10.000 gover=0.000 | nw=1.43194e+06 pop=31 bases=9 money=2197 credit=148440 day=240 | food=400 water=0 coal=0 home=130 free=27 roads=1
  ACTION: 9 (BUILD:Goldmine price=77000 need_earth=7) | money=2197 pop=31 free=27
  BUILD FAILED: Goldmine (no cell or error)
STEP 229 | BUILD:Goldmine | total=-2.708 err=-1.000 tax=0.000 taxb=0.300 build=0.000 cost=0.000 div=0.000 prox=0.000 prov=0.000 preq=0.000 pres=0.000 sale=0.000 mtax=0.000 chain=0.000 daily=0.090 nov=0.000 mile=0.000 surv=-1.354 idle=0.000 gover=0.000 | nw=1.43165e+06 pop=31 bases=9 money=2197 credit=148736 day=241 | food=400 water=0 coal=0 home=130 free=27 roads=1
  ACTION: 22 (BUILD:Apiary price=9385 need_earth=10) | money=2197 pop=31 free=27
  BUILD FAILED: Apiary (no cell or error)
STEP 230 | BUILD:Apiary | total=-2.697 err=-1.000 tax=0.000 taxb=0.300 build=0.000 cost=0.000 div=0.000 prox=0.000 prov=0.000 preq=0.000 pres=0.000 sale=0.000 mtax=0.000 chain=0.000 daily=0.090 nov=0.000 mile=0.000 surv=-1.342 idle=0.000 gover=0.000 | nw=1.43136e+06 pop=31 bases=9 money=2197 credit=149033 day=242 | food=400 water=0 coal=0 home=130 free=27 roads=1
  ACTION: 3 (BUILD:Garden price=7640 need_earth=10) | money=2197 pop=31 free=27
  BUILD FAILED: Garden (no cell or error)
STEP 231 | BUILD:Garden | total=-12.704 err=-1.000 tax=0.000 taxb=0.300 build=0.000 cost=0.000 div=0.000 prox=0.000 prov=0.000 preq=0.000 pres=0.000 sale=0.000 mtax=0.000 chain=0.000 daily=0.090 nov=0.000 mile=0.000 surv=-1.347 idle=-10.000 gover=0.000 | nw=1.43107e+06 pop=31 bases=9 money=2197 credit=149331 day=243 | food=400 water=0 coal=0 home=130 free=27 roads=1
  ACTION: 17 (BUILD:HuntingLand price=16985 need_earth=3) | money=2197 pop=31 free=27
  BUILD FAILED: HuntingLand (no cell or error)
STEP 232 | BUILD:HuntingLand | total=-2.704 err=-1.000 tax=0.000 taxb=0.300 build=0.000 cost=0.000 div=0.000 prox=0.000 prov=0.000 preq=0.000 pres=0.000 sale=0.000 mtax=0.000 chain=0.000 daily=0.090 nov=0.000 mile=0.000 surv=-1.346 idle=0.000 gover=0.000 | nw=1.43079e+06 pop=31 bases=9 money=2197 credit=149629 day=244 | food=400 water=0 coal=0 home=130 free=27 roads=1
  ACTION: 37 | money=2197 pop=31 free=27
STEP 233 | MGR:destroy | total=-35.578 err=0.000 tax=0.000 taxb=0.300 build=0.000 cost=0.000 div=0.000 prox=0.000 prov=0.000 preq=0.000 pres=0.000 sale=0.000 mtax=0.000 chain=0.000 daily=0.090 nov=0.000 mile=0.000 surv=-35.218 idle=0.000 gover=0.000 | nw=1.42372e+06 pop=31 bases=8 money=2961 credit=149928 day=245 | food=400 water=0 coal=0 home=130 free=27 roads=1
  ACTION: 5 (BUILD:Sawmill price=17570 need_earth=3) | money=2961 pop=31 free=27
  BUILD FAILED: Sawmill (no cell or error)
STEP 234 | BUILD:Sawmill | total=-12.680 err=-1.000 tax=0.000 taxb=0.300 build=0.000 cost=0.000 div=0.000 prox=0.000 prov=0.000 preq=0.000 pres=0.000 sale=0.000 mtax=0.000 chain=0.000 daily=0.090 nov=0.000 mile=0.000 surv=-1.319 idle=-10.000 gover=0.000 | nw=1.42344e+06 pop=31 bases=8 money=2961 credit=150227 day=246 | food=400 water=0 coal=0 home=130 free=27 roads=1
  ACTION: 32 (BUILD:SmallAtomStation price=29000000 need_earth=2) | money=2961 pop=31 free=27
  BUILD FAILED: SmallAtomStation (no cell or error)
STEP 235 | BUILD:SmallAtomStation | total=-2.744 err=-1.000 tax=0.000 taxb=0.300 build=0.000 cost=0.000 div=0.000 prox=0.000 prov=0.000 preq=0.000 pres=0.000 sale=0.000 mtax=0.000 chain=0.000 daily=0.090 nov=0.000 mile=0.000 surv=-1.382 idle=0.000 gover=0.000 | nw=1.42314e+06 pop=31 bases=8 money=2961 credit=150527 day=247 | food=400 water=0 coal=0 home=130 free=27 roads=1
  ACTION: 20 (BUILD:BigHouse price=66400 need_earth=1) | money=2961 pop=31 free=27
  BUILD FAILED: BigHouse (no cell or error)
STEP 236 | BUILD:BigHouse | total=-2.732 err=-1.000 tax=0.000 taxb=0.300 build=0.000 cost=0.000 div=0.000 prox=0.000 prov=0.000 preq=0.000 pres=0.000 sale=0.000 mtax=0.000 chain=0.000 daily=0.090 nov=0.000 mile=0.000 surv=-1.368 idle=0.000 gover=0.000 | nw=1.42285e+06 pop=31 bases=8 money=2961 credit=150828 day=248 | food=400 water=0 coal=0 home=130 free=27 roads=1
  ACTION: 15 (BUILD:Fish price=30202 need_earth=2) | money=2961 pop=31 free=27
  BUILD FAILED: Fish (no cell or error)
STEP 237 | BUILD:Fish | total=-12.739 err=-1.000 tax=0.000 taxb=0.300 build=0.000 cost=0.000 div=0.000 prox=0.000 prov=0.000 preq=0.000 pres=0.000 sale=0.000 mtax=0.000 chain=0.000 daily=0.090 nov=0.000 mile=0.000 surv=-1.373 idle=-10.000 gover=0.000 | nw=1.42255e+06 pop=31 bases=8 money=2961 credit=151129 day=249 | food=400 water=0 coal=0 home=130 free=27 roads=1
  ACTION: 38 | money=2961 pop=31 free=27
STEP 238 | MGR:preserve | total=1.276 err=0.000 tax=0.000 taxb=0.300 build=0.000 cost=0.000 div=0.000 prox=0.000 prov=0.000 preq=0.000 pres=3.000 sale=0.000 mtax=0.000 chain=0.000 daily=0.090 nov=0.000 mile=0.000 surv=-1.357 idle=0.000 gover=0.000 | nw=1.42226e+06 pop=31 bases=8 money=2961 credit=151431 day=250 | food=400 water=0 coal=0 home=130 free=27 roads=1
  ACTION: 41 | money=2961 pop=31 free=27
STEP 239 | MGR:buy_food | total=-2.750 err=-1.000 tax=0.000 taxb=0.300 build=0.000 cost=0.000 div=0.000 prox=0.000 prov=0.000 preq=0.000 pres=0.000 sale=0.000 mtax=0.000 chain=0.000 daily=0.090 nov=0.000 mile=0.000 surv=-1.382 idle=0.000 gover=0.000 | nw=1.42197e+06 pop=31 bases=8 money=2961 credit=151733 day=251 | food=400 water=0 coal=0 home=130 free=27 roads=1
  ACTION: 36 | money=2961 pop=31 free=27
STEP 240 | MGR:restore_all | total=-9.988 err=0.000 tax=0.000 taxb=0.300 build=0.000 cost=0.000 div=0.000 prox=0.000 prov=0.000 preq=0.000 pres=0.000 sale=0.000 mtax=0.000 chain=0.000 daily=0.090 nov=0.000 mile=0.000 surv=0.382 idle=-10.000 gover=0.000 | nw=1.42202e+06 pop=31 bases=8 money=1077 credit=152036 day=252 | food=400 water=0 coal=0 home=130 free=27 roads=1
  ACTION: 34 | money=1077 pop=31 free=27
STEP 241 | MGR:improve | total=-2.752 err=-1.000 tax=0.000 taxb=0.300 build=0.000 cost=0.000 div=0.000 prox=0.000 prov=0.000 preq=0.000 pres=0.000 sale=0.000 mtax=0.000 chain=0.000 daily=0.090 nov=0.000 mile=0.000 surv=-1.380 idle=0.000 gover=0.000 | nw=1.42173e+06 pop=31 bases=8 money=1077 credit=152340 day=253 | food=400 water=0 coal=0 home=130 free=27 roads=1
  ACTION: 27 (BUILD:WaterMill price=2900197 need_earth=2) | money=1077 pop=31 free=27
  BUILD FAILED: WaterMill (no cell or error)
STEP 242 | BUILD:WaterMill | total=-2.745 err=-1.000 tax=0.000 taxb=0.300 build=0.000 cost=0.000 div=0.000 prox=0.000 prov=0.000 preq=0.000 pres=0.000 sale=0.000 mtax=0.000 chain=0.000 daily=0.090 nov=0.000 mile=0.000 surv=-1.372 idle=0.000 gover=0.000 | nw=1.42143e+06 pop=31 bases=8 money=1077 credit=152644 day=254 | food=400 water=0 coal=0 home=130 free=27 roads=1
  ACTION: 28 (BUILD:BigRefinary price=3999149 need_earth=6) | money=1077 pop=31 free=27
  BUILD FAILED: BigRefinary (no cell or error)
STEP 243 | BUILD:BigRefinary | total=-12.749 err=-1.000 tax=0.000 taxb=0.300 build=0.000 cost=0.000 div=0.000 prox=0.000 prov=0.000 preq=0.000 pres=0.000 sale=0.000 mtax=0.000 chain=0.000 daily=0.090 nov=0.000 mile=0.000 surv=-1.374 idle=-10.000 gover=0.000 | nw=1.42114e+06 pop=31 bases=8 money=1077 credit=152949 day=255 | food=400 water=0 coal=0 home=130 free=27 roads=1
  ACTION: 4 (BUILD:WaterChannel price=18310 need_earth=2) | money=1077 pop=31 free=27
  BUILD FAILED: WaterChannel (no cell or error)
STEP 244 | BUILD:WaterChannel | total=-2.746 err=-1.000 tax=0.000 taxb=0.300 build=0.000 cost=0.000 div=0.000 prox=0.000 prov=0.000 preq=0.000 pres=0.000 sale=0.000 mtax=0.000 chain=0.000 daily=0.090 nov=0.000 mile=0.000 surv=-1.370 idle=0.000 gover=0.000 | nw=1.42084e+06 pop=31 bases=8 money=1077 credit=153254 day=256 | food=400 water=0 coal=0 home=130 free=27 roads=1
  ACTION: 11 (BUILD:HydroStation price=92214 need_earth=2) | money=1077 pop=31 free=27
  BUILD FAILED: HydroStation (no cell or error)
STEP 245 | BUILD:HydroStation | total=-2.763 err=-1.000 tax=0.000 taxb=0.300 build=0.000 cost=0.000 div=0.000 prox=0.000 prov=0.000 preq=0.000 pres=0.000 sale=0.000 mtax=0.000 chain=0.000 daily=0.090 nov=0.000 mile=0.000 surv=-1.385 idle=0.000 gover=0.000 | nw=1.42055e+06 pop=31 bases=8 money=1077 credit=153560 day=257 | food=400 water=0 coal=0 home=130 free=27 roads=1
  ACTION: 6 (BUILD:Coalmine price=25471 need_earth=4) | money=1077 pop=31 free=27
  BUILD FAILED: Coalmine (no cell or error)
STEP 246 | BUILD:Coalmine | total=-12.777 err=-1.000 tax=0.000 taxb=0.300 build=0.000 cost=0.000 div=0.000 prox=0.000 prov=0.000 preq=0.000 pres=0.000 sale=0.000 mtax=0.000 chain=0.000 daily=0.090 nov=0.000 mile=0.000 surv=-1.398 idle=-10.000 gover=0.000 | nw=1.42025e+06 pop=31 bases=8 money=1077 credit=153867 day=258 | food=400 water=0 coal=0 home=130 free=27 roads=1
  ACTION: 27 (BUILD:WaterMill price=2900197 need_earth=2) | money=1077 pop=31 free=27
  BUILD FAILED: WaterMill (no cell or error)
STEP 247 | BUILD:WaterMill | total=-2.761 err=-1.000 tax=0.000 taxb=0.300 build=0.000 cost=0.000 div=0.000 prox=0.000 prov=0.000 preq=0.000 pres=0.000 sale=0.000 mtax=0.000 chain=0.000 daily=0.090 nov=0.000 mile=0.000 surv=-1.380 idle=0.000 gover=0.000 | nw=1.41995e+06 pop=31 bases=8 money=1077 credit=154174 day=259 | food=400 water=0 coal=0 home=130 free=27 roads=1
  ACTION: 36 | money=1077 pop=31 free=27
STEP 248 | MGR:restore_all | total=-1.631 err=0.000 tax=0.000 taxb=0.300 build=0.000 cost=0.000 div=0.000 prox=0.000 prov=0.000 preq=0.000 pres=0.000 sale=0.000 mtax=0.000 chain=0.000 daily=0.090 nov=0.000 mile=0.000 surv=-1.248 idle=0.000 gover=0.000 | nw=1.41968e+06 pop=31 bases=8 money=929 credit=154482 day=260 | food=400 water=0 coal=0 home=130 free=27 roads=1
  ACTION: 38 | money=929 pop=31 free=27
STEP 249 | MGR:preserve | total=-8.771 err=0.000 tax=0.000 taxb=0.300 build=0.000 cost=0.000 div=0.000 prox=0.000 prov=0.000 preq=0.000 pres=3.000 sale=0.000 mtax=0.000 chain=0.000 daily=0.090 nov=0.000 mile=0.000 surv=-1.387 idle=-10.000 gover=0.000 | nw=1.41938e+06 pop=31 bases=8 money=929 credit=154790 day=261 | food=400 water=0 coal=0 home=130 free=27 roads=1
  ACTION: 6 (BUILD:Coalmine price=25471 need_earth=4) | money=929 pop=31 free=27
  BUILD FAILED: Coalmine (no cell or error)
STEP 250 | BUILD:Coalmine | total=-2.782 err=-1.000 tax=0.000 taxb=0.300 build=0.000 cost=0.000 div=0.000 prox=0.000 prov=0.000 preq=0.000 pres=0.000 sale=0.000 mtax=0.000 chain=0.000 daily=0.090 nov=0.000 mile=0.000 surv=-1.396 idle=0.000 gover=0.000 | nw=1.41908e+06 pop=31 bases=8 money=929 credit=155099 day=262 | food=400 water=0 coal=0 home=130 free=27 roads=1
  ACTION: 23 (BUILD:Torchlight price=215000 need_earth=6) | money=929 pop=31 free=27
  BUILD FAILED: Torchlight (no cell or error)
STEP 251 | BUILD:Torchlight | total=-2.812 err=-1.000 tax=0.000 taxb=0.300 build=0.000 cost=0.000 div=0.000 prox=0.000 prov=0.000 preq=0.000 pres=0.000 sale=0.000 mtax=0.000 chain=0.000 daily=0.090 nov=0.000 mile=0.000 surv=-1.425 idle=0.000 gover=0.000 | nw=1.41878e+06 pop=31 bases=8 money=929 credit=155409 day=263 | food=400 water=0 coal=0 home=130 free=27 roads=1
  ACTION: 1 (WEEK) | money=929 pop=31 free=27
STEP 252 | WEEK | total=-25.307 err=0.000 tax=0.000 taxb=0.300 build=0.000 cost=0.000 div=0.000 prox=0.000 prov=0.000 preq=0.000 pres=0.000 sale=0.000 mtax=0.000 chain=0.000 daily=0.372 nov=0.000 mile=0.000 surv=-10.463 idle=-10.000 gover=0.000 | nw=1.41667e+06 pop=31 bases=8 money=929 credit=157594 day=270 | food=400 water=0 coal=0 home=130 free=27 roads=1
  ACTION: 44 | money=929 pop=31 free=27
STEP 253 | MGR:manual_tax | total=-0.324 err=0.000 tax=0.000 taxb=0.300 build=0.000 cost=0.000 div=0.000 prox=0.000 prov=0.000 preq=0.000 pres=0.000 sale=0.000 mtax=0.500 chain=0.000 daily=0.090 nov=0.000 mile=0.000 surv=-1.424 idle=0.000 gover=0.000 | nw=1.41636e+06 pop=32 bases=8 money=929 credit=157909 day=271 | food=400 water=0 coal=0 home=130 free=28 roads=1
  ACTION: 6 (BUILD:Coalmine price=25471 need_earth=4) | money=929 pop=32 free=28
  BUILD FAILED: Coalmine (no cell or error)
STEP 254 | BUILD:Coalmine | total=-2.825 err=-1.000 tax=0.000 taxb=0.300 build=0.000 cost=0.000 div=0.000 prox=0.000 prov=0.000 preq=0.000 pres=0.000 sale=0.000 mtax=0.000 chain=0.000 daily=0.090 nov=0.000 mile=0.000 surv=-1.424 idle=0.000 gover=0.000 | nw=1.41606e+06 pop=32 bases=8 money=929 credit=158224 day=272 | food=400 water=0 coal=0 home=130 free=28 roads=1
  ACTION: 34 | money=929 pop=32 free=28
STEP 255 | MGR:improve | total=-12.838 err=-1.000 tax=0.000 taxb=0.300 build=0.000 cost=0.000 div=0.000 prox=0.000 prov=0.000 preq=0.000 pres=0.000 sale=0.000 mtax=0.000 chain=0.000 daily=0.090 nov=0.000 mile=0.000 surv=-1.435 idle=-10.000 gover=0.000 | nw=1.41575e+06 pop=32 bases=8 money=929 credit=158540 day=273 | food=400 water=0 coal=0 home=130 free=28 roads=1
  ACTION: 34 | money=929 pop=32 free=28
STEP 256 | MGR:improve | total=-2.838 err=-1.000 tax=0.000 taxb=0.300 build=0.000 cost=0.000 div=0.000 prox=0.000 prov=0.000 preq=0.000 pres=0.000 sale=0.000 mtax=0.000 chain=0.000 daily=0.090 nov=0.000 mile=0.000 surv=-1.434 idle=0.000 gover=0.000 | nw=1.41544e+06 pop=32 bases=8 money=929 credit=158857 day=274 | food=400 water=0 coal=0 home=130 free=28 roads=1
  ACTION: 44 | money=929 pop=32 free=28
STEP 257 | MGR:manual_tax | total=-1.338 err=0.000 tax=0.000 taxb=0.300 build=0.000 cost=0.000 div=0.000 prox=0.000 prov=0.000 preq=0.000 pres=0.000 sale=0.000 mtax=0.500 chain=0.000 daily=0.090 nov=0.000 mile=0.000 surv=-1.432 idle=0.000 gover=0.000 | nw=1.41514e+06 pop=32 bases=8 money=929 credit=159174 day=275 | food=400 water=0 coal=0 home=130 free=28 roads=1
  ACTION: 37 | money=929 pop=32 free=28
STEP 258 | MGR:destroy | total=-45.520 err=0.000 tax=0.000 taxb=0.300 build=0.000 cost=0.000 div=0.000 prox=0.000 prov=0.000 preq=0.000 pres=0.000 sale=0.000 mtax=0.000 chain=0.000 daily=0.090 nov=0.000 mile=0.000 surv=-35.113 idle=-10.000 gover=0.000 | nw=1.40809e+06 pop=32 bases=7 money=1693 credit=159492 day=276 | food=400 water=0 coal=0 home=130 free=28 roads=1
  ACTION: 40 | money=1693 pop=32 free=28
STEP 259 | MGR:sell | total=-1.647 err=0.000 tax=0.000 taxb=0.300 build=0.000 cost=0.000 div=0.000 prox=0.000 prov=0.000 preq=0.000 pres=0.000 sale=0.220 mtax=0.000 chain=0.000 daily=0.090 nov=0.000 mile=0.000 surv=-1.458 idle=0.000 gover=0.000 | nw=1.40778e+06 pop=32 bases=7 money=1893 credit=159810 day=277 | food=200 water=0 coal=0 home=130 free=28 roads=1
  ACTION: 43 | money=1893 pop=32 free=28
STEP 260 | MGR:credit_give | total=-2.872 err=-1.000 tax=0.000 taxb=0.300 build=0.000 cost=0.000 div=0.000 prox=0.000 prov=0.000 preq=0.000 pres=0.000 sale=0.000 mtax=0.000 chain=0.000 daily=0.090 nov=0.000 mile=0.000 surv=-1.461 idle=0.000 gover=0.000 | nw=1.40747e+06 pop=32 bases=7 money=1893 credit=160129 day=278 | food=200 water=0 coal=0 home=130 free=28 roads=1
  ACTION: 6 (BUILD:Coalmine price=25471 need_earth=4) | money=1893 pop=32 free=28
  BUILD FAILED: Coalmine (no cell or error)
STEP 261 | BUILD:Coalmine | total=-12.876 err=-1.000 tax=0.000 taxb=0.300 build=0.000 cost=0.000 div=0.000 prox=0.000 prov=0.000 preq=0.000 pres=0.000 sale=0.000 mtax=0.000 chain=0.000 daily=0.090 nov=0.000 mile=0.000 surv=-1.464 idle=-10.000 gover=0.000 | nw=1.40716e+06 pop=32 bases=7 money=1893 credit=160449 day=279 | food=200 water=0 coal=0 home=130 free=28 roads=1
  ACTION: 25 (BUILD:SuperHouse price=971000 need_earth=1) | money=1893 pop=32 free=28
  BUILD FAILED: SuperHouse (no cell or error)
STEP 262 | BUILD:SuperHouse | total=-2.881 err=-1.000 tax=0.000 taxb=0.300 build=0.000 cost=0.000 div=0.000 prox=0.000 prov=0.000 preq=0.000 pres=0.000 sale=0.000 mtax=0.000 chain=0.000 daily=0.090 nov=0.000 mile=0.000 surv=-1.468 idle=0.000 gover=0.000 | nw=1.40684e+06 pop=32 bases=7 money=1893 credit=160769 day=280 | food=200 water=0 coal=0 home=130 free=28 roads=1
  ACTION: 32 (BUILD:SmallAtomStation price=29000000 need_earth=2) | money=1893 pop=32 free=28
  BUILD FAILED: SmallAtomStation (no cell or error)
STEP 263 | BUILD:SmallAtomStation | total=-2.903 err=-1.000 tax=0.000 taxb=0.300 build=0.000 cost=0.000 div=0.000 prox=0.000 prov=0.000 preq=0.000 pres=0.000 sale=0.000 mtax=0.000 chain=0.000 daily=0.090 nov=0.000 mile=0.000 surv=-1.488 idle=0.000 gover=0.000 | nw=1.40653e+06 pop=32 bases=7 money=1893 credit=161090 day=281 | food=200 water=0 coal=0 home=130 free=28 roads=1
  ACTION: 40 | money=1893 pop=32 free=28
STEP 264 | MGR:sell | total=-12.903 err=-1.000 tax=0.000 taxb=0.300 build=0.000 cost=0.000 div=0.000 prox=0.000 prov=0.000 preq=0.000 pres=0.000 sale=0.000 mtax=0.000 chain=0.000 daily=0.090 nov=0.000 mile=0.000 surv=-1.486 idle=-10.000 gover=0.000 | nw=1.40621e+06 pop=32 bases=7 money=1893 credit=161412 day=282 | food=200 water=0 coal=0 home=130 free=28 roads=1
  ACTION: 16 (BUILD:CoalCut price=48300 need_earth=4) | money=1893 pop=32 free=28
  BUILD FAILED: CoalCut (no cell or error)
STEP 265 | BUILD:CoalCut | total=-2.911 err=-1.000 tax=0.000 taxb=0.300 build=0.000 cost=0.000 div=0.000 prox=0.000 prov=0.000 preq=0.000 pres=0.000 sale=0.000 mtax=0.000 chain=0.000 daily=0.090 nov=0.000 mile=0.000 surv=-1.493 idle=0.000 gover=0.000 | nw=1.40589e+06 pop=32 bases=7 money=1893 credit=161734 day=283 | food=200 water=0 coal=0 home=130 free=28 roads=1
  ACTION: 41 | money=1893 pop=32 free=28
STEP 266 | MGR:buy_food | total=-2.919 err=0.000 tax=0.000 taxb=0.300 build=0.000 cost=0.000 div=0.000 prox=0.000 prov=0.000 preq=0.000 pres=0.000 sale=0.000 mtax=0.000 chain=0.000 daily=0.090 nov=0.000 mile=0.000 surv=-2.499 idle=0.000 gover=0.000 | nw=1.40537e+06 pop=32 bases=7 money=1493 credit=162057 day=284 | food=400 water=0 coal=0 home=130 free=28 roads=1
  ACTION: 28 (BUILD:BigRefinary price=3999149 need_earth=6) | money=1493 pop=32 free=28
  BUILD FAILED: BigRefinary (no cell or error)
STEP 267 | BUILD:BigRefinary | total=-12.900 err=-1.000 tax=0.000 taxb=0.300 build=0.000 cost=0.000 div=0.000 prox=0.000 prov=0.000 preq=0.000 pres=0.000 sale=0.000 mtax=0.000 chain=0.000 daily=0.090 nov=0.000 mile=0.000 surv=-1.478 idle=-10.000 gover=0.000 | nw=1.40506e+06 pop=32 bases=7 money=1493 credit=162381 day=285 | food=400 water=0 coal=0 home=130 free=28 roads=1
  ACTION: 38 | money=1493 pop=32 free=28
STEP 268 | MGR:preserve | total=-2.907 err=-1.000 tax=0.000 taxb=0.300 build=0.000 cost=0.000 div=0.000 prox=0.000 prov=0.000 preq=0.000 pres=0.000 sale=0.000 mtax=0.000 chain=0.000 daily=0.090 nov=0.000 mile=0.000 surv=-1.484 idle=0.000 gover=0.000 | nw=1.40474e+06 pop=32 bases=7 money=1493 credit=162705 day=286 | food=400 water=0 coal=0 home=130 free=28 roads=1
  ACTION: 38 | money=1493 pop=32 free=28
STEP 269 | MGR:preserve | total=-2.877 err=-1.000 tax=0.000 taxb=0.300 build=0.000 cost=0.000 div=0.000 prox=0.000 prov=0.000 preq=0.000 pres=0.000 sale=0.000 mtax=0.000 chain=0.000 daily=0.090 nov=0.000 mile=0.000 surv=-1.452 idle=0.000 gover=0.000 | nw=1.40443e+06 pop=32 bases=7 money=1493 credit=163030 day=287 | food=400 water=0 coal=0 home=130 free=28 roads=1
  ACTION: 4 (BUILD:WaterChannel price=18310 need_earth=2) | money=1493 pop=32 free=28
  BUILD FAILED: WaterChannel (no cell or error)
STEP 270 | BUILD:WaterChannel | total=-12.226 err=-1.000 tax=0.000 taxb=0.300 build=0.673 cost=0.000 div=0.000 prox=0.000 prov=0.000 preq=0.000 pres=0.000 sale=0.000 mtax=0.000 chain=0.000 daily=0.090 nov=0.000 mile=0.000 surv=-1.472 idle=-10.000 gover=0.000 | nw=1.40411e+06 pop=32 bases=7 money=1493 credit=163356 day=288 | food=400 water=0 coal=0 home=130 free=28 roads=1
  ACTION: 26 (BUILD:BigSawmill price=620900 need_earth=3) | money=1493 pop=32 free=28
  BUILD FAILED: BigSawmill (no cell or error)
STEP 271 | BUILD:BigSawmill | total=-2.924 err=-1.000 tax=0.000 taxb=0.300 build=0.000 cost=0.000 div=0.000 prox=0.000 prov=0.000 preq=0.000 pres=0.000 sale=0.000 mtax=0.000 chain=0.000 daily=0.090 nov=0.000 mile=0.000 surv=-1.495 idle=0.000 gover=0.000 | nw=1.40379e+06 pop=32 bases=7 money=1493 credit=163682 day=289 | food=400 water=0 coal=0 home=130 free=28 roads=1
  ACTION: 34 | money=1493 pop=32 free=28
STEP 272 | MGR:improve | total=-2.933 err=-1.000 tax=0.000 taxb=0.300 build=0.000 cost=0.000 div=0.000 prox=0.000 prov=0.000 preq=0.000 pres=0.000 sale=0.000 mtax=0.000 chain=0.000 daily=0.090 nov=0.000 mile=0.000 surv=-1.503 idle=0.000 gover=0.000 | nw=1.40347e+06 pop=32 bases=7 money=1493 credit=164009 day=290 | food=400 water=0 coal=0 home=130 free=28 roads=1
  ACTION: 19 (BUILD:Mushroom price=12164 need_earth=3) | money=1493 pop=32 free=28
  BUILD FAILED: Mushroom (no cell or error)
STEP 273 | BUILD:Mushroom | total=-12.928 err=-1.000 tax=0.000 taxb=0.300 build=0.000 cost=0.000 div=0.000 prox=0.000 prov=0.000 preq=0.000 pres=0.000 sale=0.000 mtax=0.000 chain=0.000 daily=0.090 nov=0.000 mile=0.000 surv=-1.497 idle=-10.000 gover=0.000 | nw=1.40315e+06 pop=32 bases=7 money=1493 credit=164337 day=291 | food=400 water=0 coal=0 home=130 free=28 roads=1
  ACTION: 35 | money=1493 pop=32 free=28
STEP 274 | MGR:repair | total=-2.964 err=-1.000 tax=0.000 taxb=0.300 build=0.000 cost=0.000 div=0.000 prox=0.000 prov=0.000 preq=0.000 pres=0.000 sale=0.000 mtax=0.000 chain=0.000 daily=0.090 nov=0.000 mile=0.000 surv=-1.531 idle=0.000 gover=0.000 | nw=1.40283e+06 pop=32 bases=7 money=1493 credit=164665 day=292 | food=400 water=0 coal=0 home=130 free=28 roads=1
  ACTION: 36 | money=1493 pop=32 free=28
STEP 275 | MGR:restore_all | total=-1.333 err=0.000 tax=0.000 taxb=0.300 build=0.000 cost=0.000 div=0.000 prox=0.000 prov=0.000 preq=0.000 pres=0.000 sale=0.000 mtax=0.000 chain=0.000 daily=0.090 nov=0.000 mile=0.000 surv=-0.898 idle=0.000 gover=0.000 | nw=1.40263e+06 pop=32 bases=7 money=837 credit=164994 day=293 | food=400 water=0 coal=0 home=130 free=28 roads=1
  ACTION: 36 | money=837 pop=32 free=28
STEP 276 | MGR:restore_all | total=-11.931 err=0.000 tax=0.000 taxb=0.300 build=0.000 cost=0.000 div=0.000 prox=0.000 prov=0.000 preq=0.000 pres=0.000 sale=0.000 mtax=0.000 chain=0.000 daily=0.090 nov=0.000 mile=0.000 surv=-1.494 idle=-10.000 gover=0.000 | nw=1.40231e+06 pop=32 bases=7 money=815 credit=165323 day=294 | food=400 water=0 coal=0 home=130 free=28 roads=1
  ACTION: 32 (BUILD:SmallAtomStation price=29000000 need_earth=2) | money=815 pop=32 free=28
  BUILD FAILED: SmallAtomStation (no cell or error)
STEP 277 | BUILD:SmallAtomStation | total=-2.946 err=-1.000 tax=0.000 taxb=0.300 build=0.000 cost=0.000 div=0.000 prox=0.000 prov=0.000 preq=0.000 pres=0.000 sale=0.000 mtax=0.000 chain=0.000 daily=0.090 nov=0.000 mile=0.000 surv=-1.508 idle=0.000 gover=0.000 | nw=1.40199e+06 pop=32 bases=7 money=815 credit=165653 day=295 | food=400 water=0 coal=0 home=130 free=28 roads=1
  ACTION: 3 (BUILD:Garden price=7640 need_earth=10) | money=815 pop=32 free=28
  BUILD FAILED: Garden (no cell or error)
STEP 278 | BUILD:Garden | total=-2.937 err=-1.000 tax=0.000 taxb=0.300 build=0.000 cost=0.000 div=0.000 prox=0.000 prov=0.000 preq=0.000 pres=0.000 sale=0.000 mtax=0.000 chain=0.000 daily=0.090 nov=0.000 mile=0.000 surv=-1.497 idle=0.000 gover=0.000 | nw=1.40167e+06 pop=32 bases=7 money=815 credit=165984 day=296 | food=400 water=0 coal=0 home=130 free=28 roads=1
  ACTION: 19 (BUILD:Mushroom price=12164 need_earth=3) | money=815 pop=32 free=28
  BUILD FAILED: Mushroom (no cell or error)
STEP 279 | BUILD:Mushroom | total=-12.943 err=-1.000 tax=0.000 taxb=0.300 build=0.000 cost=0.000 div=0.000 prox=0.000 prov=0.000 preq=0.000 pres=0.000 sale=0.000 mtax=0.000 chain=0.000 daily=0.090 nov=0.000 mile=0.000 surv=-1.501 idle=-10.000 gover=0.000 | nw=1.40135e+06 pop=32 bases=7 money=815 credit=166315 day=297 | food=400 water=0 coal=0 home=130 free=28 roads=1
  ACTION: 11 (BUILD:HydroStation price=92214 need_earth=2) | money=815 pop=32 free=28
  BUILD FAILED: HydroStation (no cell or error)
STEP 280 | BUILD:HydroStation | total=-2.971 err=-1.000 tax=0.000 taxb=0.300 build=0.000 cost=0.000 div=0.000 prox=0.000 prov=0.000 preq=0.000 pres=0.000 sale=0.000 mtax=0.000 chain=0.000 daily=0.090 nov=0.000 mile=0.000 surv=-1.528 idle=0.000 gover=0.000 | nw=1.40102e+06 pop=32 bases=7 money=815 credit=166647 day=298 | food=400 water=0 coal=0 home=130 free=28 roads=1
  ACTION: 8 (BUILD:Refinery price=82684 need_earth=6) | money=815 pop=32 free=28
  BUILD FAILED: Refinery (no cell or error)
STEP 281 | BUILD:Refinery | total=-2.991 err=-1.000 tax=0.000 taxb=0.300 build=0.000 cost=0.000 div=0.000 prox=0.000 prov=0.000 preq=0.000 pres=0.000 sale=0.000 mtax=0.000 chain=0.000 daily=0.090 nov=0.000 mile=0.000 surv=-1.546 idle=0.000 gover=0.000 | nw=1.40069e+06 pop=32 bases=7 money=815 credit=166980 day=299 | food=400 water=0 coal=0 home=130 free=28 roads=1
  ACTION: 26 (BUILD:BigSawmill price=620900 need_earth=3) | money=815 pop=32 free=28
  BUILD FAILED: BigSawmill (no cell or error)
STEP 282 | BUILD:BigSawmill | total=-9.975 err=-1.000 tax=0.000 taxb=0.300 build=0.000 cost=0.000 div=0.000 prox=0.000 prov=0.000 preq=0.000 pres=0.000 sale=0.000 mtax=0.000 chain=0.000 daily=0.090 nov=0.000 mile=2.000 surv=-1.529 idle=-10.000 gover=0.000 | nw=1.40037e+06 pop=33 bases=7 money=815 credit=167313 day=300 | food=400 water=0 coal=0 home=130 free=29 roads=1
  ACTION: 6 (BUILD:Coalmine price=25471 need_earth=4) | money=815 pop=33 free=29
  BUILD FAILED: Coalmine (no cell or error)
STEP 283 | BUILD:Coalmine | total=-2.960 err=-1.000 tax=0.000 taxb=0.300 build=0.000 cost=0.000 div=0.000 prox=0.000 prov=0.000 preq=0.000 pres=0.000 sale=0.000 mtax=0.000 chain=0.000 daily=0.090 nov=0.000 mile=0.000 surv=-1.512 idle=0.000 gover=0.000 | nw=1.40005e+06 pop=33 bases=7 money=815 credit=167647 day=301 | food=400 water=0 coal=0 home=130 free=29 roads=1
  ACTION: 6 (BUILD:Coalmine price=25471 need_earth=4) | money=815 pop=33 free=29
  BUILD FAILED: Coalmine (no cell or error)
STEP 284 | BUILD:Coalmine | total=-3.029 err=-1.000 tax=0.000 taxb=0.300 build=0.000 cost=0.000 div=0.000 prox=0.000 prov=0.000 preq=0.000 pres=0.000 sale=0.000 mtax=0.000 chain=0.000 daily=0.090 nov=0.000 mile=0.000 surv=-1.579 idle=0.000 gover=0.000 | nw=1.39971e+06 pop=33 bases=7 money=815 credit=167982 day=302 | food=400 water=0 coal=0 home=130 free=29 roads=1
  ACTION: 3 (BUILD:Garden price=7640 need_earth=10) | money=815 pop=33 free=29
  BUILD FAILED: Garden (no cell or error)
STEP 285 | BUILD:Garden | total=-12.993 err=-1.000 tax=0.000 taxb=0.300 build=0.000 cost=0.000 div=0.000 prox=0.000 prov=0.000 preq=0.000 pres=0.000 sale=0.000 mtax=0.000 chain=0.000 daily=0.090 nov=0.000 mile=0.000 surv=-1.541 idle=-10.000 gover=0.000 | nw=1.39938e+06 pop=33 bases=7 money=815 credit=168317 day=303 | food=400 water=0 coal=0 home=130 free=29 roads=1
  ACTION: 29 (BUILD:Puerperal price=37105 need_earth=10) | money=815 pop=33 free=29
  BUILD FAILED: Puerperal (no cell or error)
STEP 286 | BUILD:Puerperal | total=-3.001 err=-1.000 tax=0.000 taxb=0.300 build=0.000 cost=0.000 div=0.000 prox=0.000 prov=0.000 preq=0.000 pres=0.000 sale=0.000 mtax=0.000 chain=0.000 daily=0.090 nov=0.000 mile=0.000 surv=-1.548 idle=0.000 gover=0.000 | nw=1.39905e+06 pop=33 bases=7 money=815 credit=168653 day=304 | food=400 water=0 coal=0 home=130 free=29 roads=1
  ACTION: 44 | money=815 pop=33 free=29
STEP 287 | MGR:manual_tax | total=-1.488 err=0.000 tax=0.000 taxb=0.300 build=0.000 cost=0.000 div=0.000 prox=0.000 prov=0.000 preq=0.000 pres=0.000 sale=0.000 mtax=0.500 chain=0.000 daily=0.090 nov=0.000 mile=0.000 surv=-1.533 idle=0.000 gover=0.000 | nw=1.39873e+06 pop=33 bases=7 money=815 credit=168990 day=305 | food=400 water=0 coal=0 home=130 free=29 roads=1
  ACTION: 5 (BUILD:Sawmill price=17570 need_earth=3) | money=815 pop=33 free=29
  BUILD FAILED: Sawmill (no cell or error)
STEP 288 | BUILD:Sawmill | total=-13.007 err=-1.000 tax=0.000 taxb=0.300 build=0.000 cost=0.000 div=0.000 prox=0.000 prov=0.000 preq=0.000 pres=0.000 sale=0.000 mtax=0.000 chain=0.000 daily=0.090 nov=0.000 mile=0.000 surv=-1.550 idle=-10.000 gover=0.000 | nw=1.3984e+06 pop=33 bases=7 money=815 credit=169327 day=306 | food=400 water=0 coal=0 home=130 free=29 roads=1
  ACTION: 6 (BUILD:Coalmine price=25471 need_earth=4) | money=815 pop=33 free=29
  BUILD FAILED: Coalmine (no cell or error)
STEP 289 | BUILD:Coalmine | total=-2.999 err=-1.000 tax=0.000 taxb=0.300 build=0.000 cost=0.000 div=0.000 prox=0.000 prov=0.000 preq=0.000 pres=0.000 sale=0.000 mtax=0.000 chain=0.000 daily=0.090 nov=0.000 mile=0.000 surv=-1.541 idle=0.000 gover=0.000 | nw=1.39807e+06 pop=33 bases=7 money=815 credit=169665 day=307 | food=400 water=0 coal=0 home=130 free=29 roads=1
  ACTION: 36 | money=815 pop=33 free=29
STEP 290 | MGR:restore_all | total=-1.776 err=0.000 tax=0.000 taxb=0.300 build=0.000 cost=0.000 div=0.000 prox=0.000 prov=0.000 preq=0.000 pres=0.000 sale=0.000 mtax=0.000 chain=0.000 daily=0.090 nov=0.000 mile=0.000 surv=-1.316 idle=0.000 gover=0.000 | nw=1.39778e+06 pop=33 bases=7 money=526 credit=170004 day=308 | food=400 water=0 coal=0 home=130 free=29 roads=1
  ACTION: 12 (BUILD:Road price=400 need_earth=10) | money=526 pop=33 free=29
STEP 291 | BUILD:Road | total=-0.544 err=0.000 tax=0.000 taxb=0.300 build=1.500 cost=-0.040 div=0.000 prox=0.000 prov=0.000 preq=0.000 pres=0.000 sale=0.000 mtax=0.000 chain=0.000 daily=0.090 nov=0.000 mile=0.000 surv=-1.542 idle=0.000 gover=0.000 | nw=1.39746e+06 pop=33 bases=8 money=126 credit=170344 day=309 | food=400 water=0 coal=0 home=130 free=29 roads=2
  ACTION: 42 | money=126 pop=33 free=29
STEP 292 | MGR:credit_take | total=-3.008 err=-1.000 tax=0.000 taxb=0.300 build=0.000 cost=0.000 div=0.000 prox=0.000 prov=0.000 preq=0.000 pres=0.000 sale=0.000 mtax=0.000 chain=0.000 daily=0.090 nov=0.000 mile=0.000 surv=-1.545 idle=0.000 gover=0.000 | nw=1.39713e+06 pop=33 bases=8 money=126 credit=170684 day=310 | food=400 water=0 coal=0 home=130 free=29 roads=2
  ACTION: 27 (BUILD:WaterMill price=2900197 need_earth=2) | money=126 pop=33 free=29
  BUILD FAILED: WaterMill (no cell or error)
STEP 293 | BUILD:WaterMill | total=-13.029 err=-1.000 tax=0.000 taxb=0.300 build=0.000 cost=0.000 div=0.000 prox=0.000 prov=0.000 preq=0.000 pres=0.000 sale=0.000 mtax=0.000 chain=0.000 daily=0.090 nov=0.000 mile=0.000 surv=-1.564 idle=-10.000 gover=0.000 | nw=1.39679e+06 pop=33 bases=8 money=126 credit=171025 day=311 | food=400 water=0 coal=0 home=130 free=29 roads=2
  ACTION: 12 (BUILD:Road price=400 need_earth=10) | money=126 pop=33 free=29
  BUILD FAILED: Road (no cell or error)
STEP 294 | BUILD:Road | total=-2.056 err=-1.000 tax=0.000 taxb=0.300 build=0.000 cost=0.000 div=0.000 prox=0.000 prov=0.000 preq=0.000 pres=0.000 sale=0.000 mtax=0.000 chain=0.000 daily=0.090 nov=0.000 mile=0.000 surv=-1.589 idle=0.000 gover=0.000 | nw=1.39646e+06 pop=34 bases=8 money=126 credit=171367 day=312 | food=400 water=0 coal=0 home=130 free=30 roads=2
  ACTION: 38 | money=126 pop=34 free=30
STEP 295 | MGR:preserve | total=-2.049 err=-1.000 tax=0.000 taxb=0.300 build=0.000 cost=0.000 div=0.000 prox=0.000 prov=0.000 preq=0.000 pres=0.000 sale=0.000 mtax=0.000 chain=0.000 daily=0.090 nov=0.000 mile=0.000 surv=-1.581 idle=0.000 gover=0.000 | nw=1.39612e+06 pop=35 bases=8 money=126 credit=171709 day=313 | food=400 water=0 coal=0 home=130 free=31 roads=2
  ACTION: 25 (BUILD:SuperHouse price=971000 need_earth=1) | money=126 pop=35 free=31
  BUILD FAILED: SuperHouse (no cell or error)
STEP 296 | BUILD:SuperHouse | total=-13.070 err=-1.000 tax=0.000 taxb=0.300 build=0.000 cost=0.000 div=0.000 prox=0.000 prov=0.000 preq=0.000 pres=0.000 sale=0.000 mtax=0.000 chain=0.000 daily=0.090 nov=0.000 mile=0.000 surv=-1.599 idle=-10.000 gover=0.000 | nw=1.39578e+06 pop=35 bases=8 money=126 credit=172052 day=314 | food=400 water=0 coal=0 home=130 free=31 roads=2
  ACTION: 25 (BUILD:SuperHouse price=971000 need_earth=1) | money=126 pop=35 free=31
  BUILD FAILED: SuperHouse (no cell or error)
STEP 297 | BUILD:SuperHouse | total=-3.076 err=-1.000 tax=0.000 taxb=0.300 build=0.000 cost=0.000 div=0.000 prox=0.000 prov=0.000 preq=0.000 pres=0.000 sale=0.000 mtax=0.000 chain=0.000 daily=0.090 nov=0.000 mile=0.000 surv=-1.604 idle=0.000 gover=0.000 | nw=1.39544e+06 pop=35 bases=8 money=126 credit=172396 day=315 | food=400 water=0 coal=0 home=130 free=31 roads=2
  ACTION: 12 (BUILD:Road price=400 need_earth=10) | money=126 pop=35 free=31
  BUILD FAILED: Road (no cell or error)
STEP 298 | BUILD:Road | total=-3.018 err=-1.000 tax=0.000 taxb=0.300 build=0.000 cost=0.000 div=0.000 prox=0.000 prov=0.000 preq=0.000 pres=0.000 sale=0.000 mtax=0.000 chain=0.000 daily=0.090 nov=0.000 mile=0.000 surv=-1.545 idle=0.000 gover=0.000 | nw=1.39511e+06 pop=35 bases=8 money=126 credit=172740 day=316 | food=400 water=0 coal=0 home=130 free=31 roads=2
  ACTION: 6 (BUILD:Coalmine price=25471 need_earth=4) | money=126 pop=35 free=31
  BUILD FAILED: Coalmine (no cell or error)
STEP 299 | BUILD:Coalmine | total=-13.045 err=-1.000 tax=0.000 taxb=0.300 build=0.000 cost=0.000 div=0.000 prox=0.000 prov=0.000 preq=0.000 pres=0.000 sale=0.000 mtax=0.000 chain=0.000 daily=0.090 nov=0.000 mile=0.000 surv=-1.570 idle=-10.000 gover=0.000 | nw=1.39478e+06 pop=35 bases=8 money=126 credit=173085 day=317 | food=400 water=0 coal=0 home=130 free=31 roads=2
  ACTION: 41 | money=126 pop=35 free=31
STEP 300 | MGR:buy_food | total=-3.071 err=-1.000 tax=0.000 taxb=0.300 build=0.000 cost=0.000 div=0.000 prox=0.000 prov=0.000 preq=0.000 pres=0.000 sale=0.000 mtax=0.000 chain=0.000 daily=0.090 nov=0.000 mile=0.000 surv=-1.594 idle=0.000 gover=0.000 | nw=1.39444e+06 pop=35 bases=8 money=126 credit=173431 day=318 | food=400 water=0 coal=0 home=130 free=31 roads=2
  BUILDINGS: City(0d) CowFarm(0d) House(0d) Puerperal(0d) SmallHouse(0d) AirStation(0d) Road(0d) Road(0d) 
  ACTION: 8 (BUILD:Refinery price=82684 need_earth=6) | money=126 pop=35 free=31
  BUILD FAILED: Refinery (no cell or error)
STEP 301 | BUILD:Refinery | total=-3.087 err=-1.000 tax=0.000 taxb=0.300 build=0.000 cost=0.000 div=0.000 prox=0.000 prov=0.000 preq=0.000 pres=0.000 sale=0.000 mtax=0.000 chain=0.000 daily=0.090 nov=0.000 mile=0.000 surv=-1.608 idle=0.000 gover=0.000 | nw=1.3941e+06 pop=35 bases=8 money=126 credit=173777 day=319 | food=400 water=0 coal=0 home=130 free=31 roads=2
  ACTION: 14 (BUILD:SmallHouse price=5900 need_earth=10) | money=126 pop=35 free=31
  BUILD FAILED: SmallHouse (no cell or error)
STEP 302 | BUILD:SmallHouse | total=-13.053 err=-1.000 tax=0.000 taxb=0.300 build=0.000 cost=0.000 div=0.000 prox=0.000 prov=0.000 preq=0.000 pres=0.000 sale=0.000 mtax=0.000 chain=0.000 daily=0.090 nov=0.000 mile=0.000 surv=-1.573 idle=-10.000 gover=0.000 | nw=1.39376e+06 pop=35 bases=8 money=126 credit=174124 day=320 | food=400 water=0 coal=0 home=130 free=31 roads=2
  ACTION: 44 | money=126 pop=35 free=31
STEP 303 | MGR:manual_tax | total=-1.567 err=0.000 tax=0.000 taxb=0.300 build=0.000 cost=0.000 div=0.000 prox=0.000 prov=0.000 preq=0.000 pres=0.000 sale=0.000 mtax=0.500 chain=0.000 daily=0.090 nov=0.000 mile=0.000 surv=-1.585 idle=0.000 gover=0.000 | nw=1.39342e+06 pop=35 bases=8 money=126 credit=174472 day=321 | food=400 water=0 coal=0 home=130 free=31 roads=2
  ACTION: 14 (BUILD:SmallHouse price=5900 need_earth=10) | money=126 pop=35 free=31
  BUILD FAILED: SmallHouse (no cell or error)
STEP 304 | BUILD:SmallHouse | total=-3.108 err=-1.000 tax=0.000 taxb=0.300 build=0.000 cost=0.000 div=0.000 prox=0.000 prov=0.000 preq=0.000 pres=0.000 sale=0.000 mtax=0.000 chain=0.000 daily=0.090 nov=0.000 mile=0.000 surv=-1.624 idle=0.000 gover=0.000 | nw=1.39308e+06 pop=35 bases=8 money=126 credit=174820 day=322 | food=400 water=0 coal=0 home=130 free=31 roads=2
  ACTION: 8 (BUILD:Refinery price=82684 need_earth=6) | money=126 pop=35 free=31
  BUILD FAILED: Refinery (no cell or error)
STEP 305 | BUILD:Refinery | total=-13.111 err=-1.000 tax=0.000 taxb=0.300 build=0.000 cost=0.000 div=0.000 prox=0.000 prov=0.000 preq=0.000 pres=0.000 sale=0.000 mtax=0.000 chain=0.000 daily=0.090 nov=0.000 mile=0.000 surv=-1.626 idle=-10.000 gover=0.000 | nw=1.39273e+06 pop=35 bases=8 money=126 credit=175169 day=323 | food=400 water=0 coal=0 home=130 free=31 roads=2
  ACTION: 2 (BUILD:Farm price=19814 need_earth=10) | money=126 pop=35 free=31
  BUILD FAILED: Farm (no cell or error)
STEP 306 | BUILD:Farm | total=-3.105 err=-1.000 tax=0.000 taxb=0.300 build=0.000 cost=0.000 div=0.000 prox=0.000 prov=0.000 preq=0.000 pres=0.000 sale=0.000 mtax=0.000 chain=0.000 daily=0.090 nov=0.000 mile=0.000 surv=-1.618 idle=0.000 gover=0.000 | nw=1.39239e+06 pop=35 bases=8 money=126 credit=175519 day=324 | food=400 water=0 coal=0 home=130 free=31 roads=2
  ACTION: 12 (BUILD:Road price=400 need_earth=10) | money=126 pop=35 free=31
  BUILD FAILED: Road (no cell or error)
STEP 307 | BUILD:Road | total=-3.085 err=-1.000 tax=0.000 taxb=0.300 build=0.000 cost=0.000 div=0.000 prox=0.000 prov=0.000 preq=0.000 pres=0.000 sale=0.000 mtax=0.000 chain=0.000 daily=0.090 nov=0.000 mile=0.000 surv=-1.596 idle=0.000 gover=0.000 | nw=1.39205e+06 pop=35 bases=8 money=126 credit=175870 day=325 | food=400 water=0 coal=0 home=130 free=31 roads=2
  ACTION: 1 (WEEK) | money=126 pop=35 free=31
STEP 308 | WEEK | total=-27.544 err=0.000 tax=0.000 taxb=0.300 build=0.000 cost=0.000 div=0.000 prox=0.000 prov=0.000 preq=0.000 pres=0.000 sale=0.000 mtax=0.000 chain=0.000 daily=0.372 nov=0.000 mile=0.000 surv=-11.974 idle=-10.000 gover=0.000 | nw=1.38964e+06 pop=35 bases=8 money=126 credit=178343 day=332 | food=400 water=0 coal=0 home=130 free=31 roads=2
  ACTION: 12 (BUILD:Road price=400 need_earth=10) | money=126 pop=35 free=31
  BUILD FAILED: Road (no cell or error)
STEP 309 | BUILD:Road | total=-3.168 err=-1.000 tax=0.000 taxb=0.300 build=0.000 cost=0.000 div=0.000 prox=0.000 prov=0.000 preq=0.000 pres=0.000 sale=0.000 mtax=0.000 chain=0.000 daily=0.090 nov=0.000 mile=0.000 surv=-1.664 idle=0.000 gover=0.000 | nw=1.38928e+06 pop=35 bases=8 money=126 credit=178699 day=333 | food=400 water=0 coal=0 home=130 free=31 roads=2
  ACTION: 30 (BUILD:BigIronmine price=2715002 need_earth=5) | money=126 pop=35 free=31
  BUILD FAILED: BigIronmine (no cell or error)
STEP 310 | BUILD:BigIronmine | total=-23.192 err=-1.000 tax=0.000 taxb=0.300 build=0.000 cost=0.000 div=0.000 prox=0.000 prov=0.000 preq=0.000 pres=0.000 sale=0.000 mtax=0.000 chain=0.000 daily=0.090 nov=0.000 mile=0.000 surv=-1.687 idle=0.000 gover=0.000 | nw=1.38893e+06 pop=34 bases=8 money=126 credit=179056 day=334 | food=400 water=0 coal=0 home=130 free=30 roads=2
  ACTION: 30 (BUILD:BigIronmine price=2715002 need_earth=5) | money=126 pop=34 free=30
  BUILD FAILED: BigIronmine (no cell or error)
STEP 311 | BUILD:BigIronmine | total=-13.165 err=-1.000 tax=0.000 taxb=0.300 build=0.000 cost=0.000 div=0.000 prox=0.000 prov=0.000 preq=0.000 pres=0.000 sale=0.000 mtax=0.000 chain=0.000 daily=0.090 nov=0.000 mile=0.000 surv=-1.658 idle=-10.000 gover=0.000 | nw=1.38858e+06 pop=34 bases=8 money=126 credit=179414 day=335 | food=400 water=0 coal=0 home=130 free=30 roads=2
  ACTION: 27 (BUILD:WaterMill price=2900197 need_earth=2) | money=126 pop=34 free=30
  BUILD FAILED: WaterMill (no cell or error)
STEP 312 | BUILD:WaterMill | total=-3.171 err=-1.000 tax=0.000 taxb=0.300 build=0.000 cost=0.000 div=0.000 prox=0.000 prov=0.000 preq=0.000 pres=0.000 sale=0.000 mtax=0.000 chain=0.000 daily=0.090 nov=0.000 mile=0.000 surv=-1.662 idle=0.000 gover=0.000 | nw=1.38822e+06 pop=34 bases=8 money=126 credit=179772 day=336 | food=400 water=0 coal=0 home=130 free=30 roads=2
  ACTION: 12 (BUILD:Road price=400 need_earth=10) | money=126 pop=34 free=30
  BUILD FAILED: Road (no cell or error)
STEP 313 | BUILD:Road | total=-2.167 err=-1.000 tax=0.000 taxb=0.300 build=0.000 cost=0.000 div=0.000 prox=0.000 prov=0.000 preq=0.000 pres=0.000 sale=0.000 mtax=0.000 chain=0.000 daily=0.090 nov=0.000 mile=0.000 surv=-1.656 idle=0.000 gover=0.000 | nw=1.38787e+06 pop=35 bases=8 money=126 credit=180131 day=337 | food=400 water=0 coal=0 home=130 free=31 roads=2
  ACTION: 5 (BUILD:Sawmill price=17570 need_earth=3) | money=126 pop=35 free=31
  BUILD FAILED: Sawmill (no cell or error)
STEP 314 | BUILD:Sawmill | total=-13.160 err=-1.000 tax=0.000 taxb=0.300 build=0.000 cost=0.000 div=0.000 prox=0.000 prov=0.000 preq=0.000 pres=0.000 sale=0.000 mtax=0.000 chain=0.000 daily=0.090 nov=0.000 mile=0.000 surv=-1.647 idle=-10.000 gover=0.000 | nw=1.38752e+06 pop=35 bases=8 money=126 credit=180491 day=338 | food=400 water=0 coal=0 home=130 free=31 roads=2
  ACTION: 32 (BUILD:SmallAtomStation price=29000000 need_earth=2) | money=126 pop=35 free=31
  BUILD FAILED: SmallAtomStation (no cell or error)
STEP 315 | BUILD:SmallAtomStation | total=-3.142 err=-1.000 tax=0.000 taxb=0.300 build=0.000 cost=0.000 div=0.000 prox=0.000 prov=0.000 preq=0.000 pres=0.000 sale=0.000 mtax=0.000 chain=0.000 daily=0.090 nov=0.000 mile=0.000 surv=-1.628 idle=0.000 gover=0.000 | nw=1.38718e+06 pop=35 bases=8 money=126 credit=180851 day=339 | food=400 water=0 coal=0 home=130 free=31 roads=2
  ACTION: 27 (BUILD:WaterMill price=2900197 need_earth=2) | money=126 pop=35 free=31
  BUILD FAILED: WaterMill (no cell or error)
STEP 316 | BUILD:WaterMill | total=-3.200 err=-1.000 tax=0.000 taxb=0.300 build=0.000 cost=0.000 div=0.000 prox=0.000 prov=0.000 preq=0.000 pres=0.000 sale=0.000 mtax=0.000 chain=0.000 daily=0.090 nov=0.000 mile=0.000 surv=-1.684 idle=0.000 gover=0.000 | nw=1.38682e+06 pop=35 bases=8 money=126 credit=181212 day=340 | food=400 water=0 coal=0 home=130 free=31 roads=2
  ACTION: 40 | money=126 pop=35 free=31
STEP 317 | MGR:sell | total=-11.960 err=0.000 tax=0.000 taxb=0.300 build=0.000 cost=0.000 div=0.000 prox=0.000 prov=0.000 preq=0.000 pres=0.000 sale=0.220 mtax=0.000 chain=0.000 daily=0.090 nov=0.000 mile=0.000 surv=-1.662 idle=-10.000 gover=0.000 | nw=1.38647e+06 pop=35 bases=8 money=326 credit=181574 day=341 | food=200 water=0 coal=0 home=130 free=31 roads=2
  ACTION: 9 (BUILD:Goldmine price=77000 need_earth=7) | money=326 pop=35 free=31
  BUILD FAILED: Goldmine (no cell or error)
STEP 318 | BUILD:Goldmine | total=-3.204 err=-1.000 tax=0.000 taxb=0.300 build=0.000 cost=0.000 div=0.000 prox=0.000 prov=0.000 preq=0.000 pres=0.000 sale=0.000 mtax=0.000 chain=0.000 daily=0.090 nov=0.000 mile=0.000 surv=-1.684 idle=0.000 gover=0.000 | nw=1.38611e+06 pop=35 bases=8 money=326 credit=181937 day=342 | food=200 water=0 coal=0 home=130 free=31 roads=2
  ACTION: 34 | money=326 pop=35 free=31
STEP 319 | MGR:improve | total=-3.215 err=-1.000 tax=0.000 taxb=0.300 build=0.000 cost=0.000 div=0.000 prox=0.000 prov=0.000 preq=0.000 pres=0.000 sale=0.000 mtax=0.000 chain=0.000 daily=0.090 nov=0.000 mile=0.000 surv=-1.694 idle=0.000 gover=0.000 | nw=1.38575e+06 pop=35 bases=8 money=326 credit=182300 day=343 | food=200 water=0 coal=0 home=130 free=31 roads=2
  ACTION: 43 | money=326 pop=35 free=31
STEP 320 | MGR:credit_give | total=-13.188 err=-1.000 tax=0.000 taxb=0.300 build=0.000 cost=0.000 div=0.000 prox=0.000 prov=0.000 preq=0.000 pres=0.000 sale=0.000 mtax=0.000 chain=0.000 daily=0.090 nov=0.000 mile=0.000 surv=-1.665 idle=-10.000 gover=0.000 | nw=1.3854e+06 pop=35 bases=8 money=326 credit=182664 day=344 | food=200 water=0 coal=0 home=130 free=31 roads=2
  ACTION: 22 (BUILD:Apiary price=9385 need_earth=10) | money=326 pop=35 free=31
  BUILD FAILED: Apiary (no cell or error)
STEP 321 | BUILD:Apiary | total=-3.231 err=-1.000 tax=0.000 taxb=0.300 build=0.000 cost=0.000 div=0.000 prox=0.000 prov=0.000 preq=0.000 pres=0.000 sale=0.000 mtax=0.000 chain=0.000 daily=0.090 nov=0.000 mile=0.000 surv=-1.706 idle=0.000 gover=0.000 | nw=1.38504e+06 pop=35 bases=8 money=326 credit=183029 day=345 | food=200 water=0 coal=0 home=130 free=31 roads=2
  ACTION: 12 (BUILD:Road price=400 need_earth=10) | money=326 pop=35 free=31
  BUILD FAILED: Road (no cell or error)
STEP 322 | BUILD:Road | total=-3.238 err=-1.000 tax=0.000 taxb=0.300 build=0.000 cost=0.000 div=0.000 prox=0.000 prov=0.000 preq=0.000 pres=0.000 sale=0.000 mtax=0.000 chain=0.000 daily=0.090 nov=0.000 mile=0.000 surv=-1.711 idle=0.000 gover=0.000 | nw=1.38468e+06 pop=35 bases=8 money=326 credit=183395 day=346 | food=200 water=0 coal=0 home=130 free=31 roads=2
  ACTION: 6 (BUILD:Coalmine price=25471 need_earth=4) | money=326 pop=35 free=31
  BUILD FAILED: Coalmine (no cell or error)
STEP 323 | BUILD:Coalmine | total=-13.200 err=-1.000 tax=0.000 taxb=0.300 build=0.000 cost=0.000 div=0.000 prox=0.000 prov=0.000 preq=0.000 pres=0.000 sale=0.000 mtax=0.000 chain=0.000 daily=0.090 nov=0.000 mile=0.000 surv=-1.671 idle=-10.000 gover=0.000 | nw=1.38432e+06 pop=35 bases=8 money=326 credit=183761 day=347 | food=200 water=0 coal=0 home=130 free=31 roads=2
  ACTION: 4 (BUILD:WaterChannel price=18310 need_earth=2) | money=326 pop=35 free=31
  BUILD FAILED: WaterChannel (no cell or error)
STEP 324 | BUILD:WaterChannel | total=-3.229 err=-1.000 tax=0.000 taxb=0.300 build=0.000 cost=0.000 div=0.000 prox=0.000 prov=0.000 preq=0.000 pres=0.000 sale=0.000 mtax=0.000 chain=0.000 daily=0.090 nov=0.000 mile=0.000 surv=-1.699 idle=0.000 gover=0.000 | nw=1.38396e+06 pop=35 bases=8 money=326 credit=184128 day=348 | food=200 water=0 coal=0 home=130 free=31 roads=2
  ACTION: 5 (BUILD:Sawmill price=17570 need_earth=3) | money=326 pop=35 free=31
  BUILD FAILED: Sawmill (no cell or error)
STEP 325 | BUILD:Sawmill | total=-3.255 err=-1.000 tax=0.000 taxb=0.300 build=0.000 cost=0.000 div=0.000 prox=0.000 prov=0.000 preq=0.000 pres=0.000 sale=0.000 mtax=0.000 chain=0.000 daily=0.090 nov=0.000 mile=0.000 surv=-1.723 idle=0.000 gover=0.000 | nw=1.3836e+06 pop=35 bases=8 money=326 credit=184496 day=349 | food=200 water=0 coal=0 home=130 free=31 roads=2
  ACTION: 32 (BUILD:SmallAtomStation price=29000000 need_earth=2) | money=326 pop=35 free=31
  BUILD FAILED: SmallAtomStation (no cell or error)
STEP 326 | BUILD:SmallAtomStation | total=-13.222 err=-1.000 tax=0.000 taxb=0.300 build=0.000 cost=0.000 div=0.000 prox=0.000 prov=0.000 preq=0.000 pres=0.000 sale=0.000 mtax=0.000 chain=0.000 daily=0.090 nov=0.000 mile=0.000 surv=-1.687 idle=-10.000 gover=0.000 | nw=1.38324e+06 pop=35 bases=8 money=326 credit=184864 day=350 | food=200 water=0 coal=0 home=130 free=31 roads=2
  ACTION: 25 (BUILD:SuperHouse price=971000 need_earth=1) | money=326 pop=35 free=31
  BUILD FAILED: SuperHouse (no cell or error)
STEP 327 | BUILD:SuperHouse | total=-3.250 err=-1.000 tax=0.000 taxb=0.300 build=0.000 cost=0.000 div=0.000 prox=0.000 prov=0.000 preq=0.000 pres=0.000 sale=0.000 mtax=0.000 chain=0.000 daily=0.090 nov=0.000 mile=0.000 surv=-1.714 idle=0.000 gover=0.000 | nw=1.38288e+06 pop=35 bases=8 money=326 credit=185233 day=351 | food=200 water=0 coal=0 home=130 free=31 roads=2
  ACTION: 4 (BUILD:WaterChannel price=18310 need_earth=2) | money=326 pop=35 free=31
  BUILD FAILED: WaterChannel (no cell or error)
STEP 328 | BUILD:WaterChannel | total=-2.868 err=-1.000 tax=0.000 taxb=0.300 build=0.365 cost=0.000 div=0.000 prox=0.000 prov=0.000 preq=0.000 pres=0.000 sale=0.000 mtax=0.000 chain=0.000 daily=0.090 nov=0.000 mile=0.000 surv=-1.695 idle=0.000 gover=0.000 | nw=1.38252e+06 pop=35 bases=8 money=326 credit=185603 day=352 | food=200 water=0 coal=0 home=130 free=31 roads=2
  ACTION: 16 (BUILD:CoalCut price=48300 need_earth=4) | money=326 pop=35 free=31
  BUILD FAILED: CoalCut (no cell or error)
STEP 329 | BUILD:CoalCut | total=-13.280 err=-1.000 tax=0.000 taxb=0.300 build=0.000 cost=0.000 div=0.000 prox=0.000 prov=0.000 preq=0.000 pres=0.000 sale=0.000 mtax=0.000 chain=0.000 daily=0.090 nov=0.000 mile=0.000 surv=-1.740 idle=-10.000 gover=0.000 | nw=1.38215e+06 pop=35 bases=8 money=326 credit=185974 day=353 | food=200 water=0 coal=0 home=130 free=31 roads=2
  ACTION: 10 (BUILD:PowerStation price=92433 need_earth=10) | money=326 pop=35 free=31
  BUILD FAILED: PowerStation (no cell or error)
STEP 330 | BUILD:PowerStation | total=-3.230 err=-1.000 tax=0.000 taxb=0.300 build=0.000 cost=0.000 div=0.000 prox=0.000 prov=0.000 preq=0.000 pres=0.000 sale=0.000 mtax=0.000 chain=0.000 daily=0.090 nov=0.000 mile=0.000 surv=-1.689 idle=0.000 gover=0.000 | nw=1.38179e+06 pop=35 bases=8 money=326 credit=186345 day=354 | food=200 water=0 coal=0 home=130 free=31 roads=2
  ACTION: 11 (BUILD:HydroStation price=92214 need_earth=2) | money=326 pop=35 free=31
  BUILD FAILED: HydroStation (no cell or error)
STEP 331 | BUILD:HydroStation | total=-3.289 err=-1.000 tax=0.000 taxb=0.300 build=0.000 cost=0.000 div=0.000 prox=0.000 prov=0.000 preq=0.000 pres=0.000 sale=0.000 mtax=0.000 chain=0.000 daily=0.090 nov=0.000 mile=0.000 surv=-1.745 idle=0.000 gover=0.000 | nw=1.38142e+06 pop=35 bases=8 money=326 credit=186717 day=355 | food=200 water=0 coal=0 home=130 free=31 roads=2
  ACTION: 35 | money=326 pop=35 free=31
STEP 332 | MGR:repair | total=-12.275 err=-1.000 tax=0.000 taxb=0.300 build=0.000 cost=0.000 div=0.000 prox=0.000 prov=0.000 preq=0.000 pres=0.000 sale=0.000 mtax=0.000 chain=0.000 daily=0.090 nov=0.000 mile=0.000 surv=-1.730 idle=-10.000 gover=0.000 | nw=1.38106e+06 pop=36 bases=8 money=326 credit=187090 day=356 | food=200 water=0 coal=0 home=130 free=32 roads=2
  ACTION: 11 (BUILD:HydroStation price=92214 need_earth=2) | money=326 pop=36 free=32
  BUILD FAILED: HydroStation (no cell or error)
STEP 333 | BUILD:HydroStation | total=-3.266 err=-1.000 tax=0.000 taxb=0.300 build=0.000 cost=0.000 div=0.000 prox=0.000 prov=0.000 preq=0.000 pres=0.000 sale=0.000 mtax=0.000 chain=0.000 daily=0.090 nov=0.000 mile=0.000 surv=-1.718 idle=0.000 gover=0.000 | nw=1.38069e+06 pop=36 bases=8 money=326 credit=187464 day=357 | food=200 water=0 coal=0 home=130 free=32 roads=2
  ACTION: 31 (BUILD:AirStation price=23790 need_earth=10) | money=326 pop=36 free=32
  BUILD FAILED: AirStation (no cell or error)
STEP 334 | BUILD:AirStation | total=-3.260 err=-1.000 tax=0.000 taxb=0.300 build=0.000 cost=0.000 div=0.000 prox=0.000 prov=0.000 preq=0.000 pres=0.000 sale=0.000 mtax=0.000 chain=0.000 daily=0.090 nov=0.000 mile=0.000 surv=-1.711 idle=0.000 gover=0.000 | nw=1.38033e+06 pop=36 bases=8 money=326 credit=187838 day=358 | food=200 water=0 coal=0 home=130 free=32 roads=2
  ACTION: 33 (BUILD:AtomStation price=120000000 need_earth=2) | money=326 pop=36 free=32
  BUILD FAILED: AtomStation (no cell or error)
STEP 335 | BUILD:AtomStation | total=-13.295 err=-1.000 tax=0.000 taxb=0.300 build=0.000 cost=0.000 div=0.000 prox=0.000 prov=0.000 preq=0.000 pres=0.000 sale=0.000 mtax=0.000 chain=0.000 daily=0.090 nov=0.000 mile=0.000 surv=-1.744 idle=-10.000 gover=0.000 | nw=1.37996e+06 pop=36 bases=8 money=326 credit=188213 day=359 | food=200 water=0 coal=0 home=130 free=32 roads=2
  ACTION: 7 (BUILD:Ironmine price=32008 need_earth=5) | money=326 pop=36 free=32
  BUILD FAILED: Ironmine (no cell or error)
STEP 336 | BUILD:Ironmine | total=-3.317 err=-1.000 tax=0.000 taxb=0.300 build=0.000 cost=0.000 div=0.000 prox=0.000 prov=0.000 preq=0.000 pres=0.000 sale=0.000 mtax=0.000 chain=0.000 daily=0.090 nov=0.000 mile=0.000 surv=-1.764 idle=0.000 gover=0.000 | nw=1.37959e+06 pop=36 bases=8 money=326 credit=188589 day=360 | food=200 water=0 coal=0 home=130 free=32 roads=2
  ACTION: 42 | money=326 pop=36 free=32
STEP 337 | MGR:credit_take | total=-3.324 err=-1.000 tax=0.000 taxb=0.300 build=0.000 cost=0.000 div=0.000 prox=0.000 prov=0.000 preq=0.000 pres=0.000 sale=0.000 mtax=0.000 chain=0.000 daily=0.090 nov=0.000 mile=0.000 surv=-1.769 idle=0.000 gover=0.000 | nw=1.37922e+06 pop=36 bases=8 money=326 credit=188966 day=361 | food=200 water=0 coal=0 home=130 free=32 roads=2
  ACTION: 6 (BUILD:Coalmine price=25471 need_earth=4) | money=326 pop=36 free=32
  BUILD FAILED: Coalmine (no cell or error)
STEP 338 | BUILD:Coalmine | total=-13.296 err=-1.000 tax=0.000 taxb=0.300 build=0.000 cost=0.000 div=0.000 prox=0.000 prov=0.000 preq=0.000 pres=0.000 sale=0.000 mtax=0.000 chain=0.000 daily=0.090 nov=0.000 mile=0.000 surv=-1.739 idle=-10.000 gover=0.000 | nw=1.37885e+06 pop=36 bases=8 money=326 credit=189343 day=362 | food=200 water=0 coal=0 home=130 free=32 roads=2
  ACTION: 33 (BUILD:AtomStation price=120000000 need_earth=2) | money=326 pop=36 free=32
  BUILD FAILED: AtomStation (no cell or error)
STEP 339 | BUILD:AtomStation | total=-3.288 err=-1.000 tax=0.000 taxb=0.300 build=0.000 cost=0.000 div=0.000 prox=0.000 prov=0.000 preq=0.000 pres=0.000 sale=0.000 mtax=0.000 chain=0.000 daily=0.090 nov=0.000 mile=0.000 surv=-1.729 idle=0.000 gover=0.000 | nw=1.37848e+06 pop=36 bases=8 money=326 credit=189721 day=363 | food=200 water=0 coal=0 home=130 free=32 roads=2
  ACTION: 39 | money=326 pop=36 free=32
STEP 340 | MGR:unpreserve | total=-3.319 err=-1.000 tax=0.000 taxb=0.300 build=0.000 cost=0.000 div=0.000 prox=0.000 prov=0.000 preq=0.000 pres=0.000 sale=0.000 mtax=0.000 chain=0.000 daily=0.090 nov=0.000 mile=0.000 surv=-1.759 idle=0.000 gover=0.000 | nw=1.37811e+06 pop=36 bases=8 money=326 credit=190100 day=364 | food=200 water=0 coal=0 home=130 free=32 roads=2
  ACTION: 22 (BUILD:Apiary price=9385 need_earth=10) | money=326 pop=36 free=32
  BUILD FAILED: Apiary (no cell or error)
STEP 341 | BUILD:Apiary | total=-8.341 err=-1.000 tax=0.000 taxb=0.300 build=0.000 cost=0.000 div=0.000 prox=0.000 prov=0.000 preq=0.000 pres=0.000 sale=0.000 mtax=0.000 chain=0.000 daily=0.090 nov=0.000 mile=5.000 surv=-1.779 idle=-10.000 gover=0.000 | nw=1.37773e+06 pop=36 bases=8 money=326 credit=190480 day=365 | food=200 water=0 coal=0 home=130 free=32 roads=2
  ACTION: 22 (BUILD:Apiary price=9385 need_earth=10) | money=326 pop=36 free=32
  BUILD FAILED: Apiary (no cell or error)
STEP 342 | BUILD:Apiary | total=-5.900 err=-1.000 tax=-5.000 taxb=0.000 build=0.000 cost=0.000 div=0.000 prox=0.000 prov=0.000 preq=0.000 pres=0.000 sale=0.000 mtax=0.000 chain=0.000 daily=0.000 nov=0.000 mile=0.000 surv=0.100 idle=0.000 gover=0.000 | nw=1.37773e+06 pop=36 bases=8 money=326 credit=190480 day=365 | food=200 water=0 coal=0 home=130 free=32 roads=2
  ACTION: 36 | money=326 pop=36 free=32
STEP 343 | MGR:restore_all | total=-5.900 err=-1.000 tax=-5.000 taxb=0.000 build=0.000 cost=0.000 div=0.000 prox=0.000 prov=0.000 preq=0.000 pres=0.000 sale=0.000 mtax=0.000 chain=0.000 daily=0.000 nov=0.000 mile=0.000 surv=0.100 idle=0.000 gover=0.000 | nw=1.37773e+06 pop=36 bases=8 money=326 credit=190480 day=365 | food=200 water=0 coal=0 home=130 free=32 roads=2
  ACTION: 25 (BUILD:SuperHouse price=971000 need_earth=1) | money=326 pop=36 free=32
  BUILD FAILED: SuperHouse (no cell or error)
STEP 344 | BUILD:SuperHouse | total=-15.900 err=-1.000 tax=-5.000 taxb=0.000 build=0.000 cost=0.000 div=0.000 prox=0.000 prov=0.000 preq=0.000 pres=0.000 sale=0.000 mtax=0.000 chain=0.000 daily=0.000 nov=0.000 mile=0.000 surv=0.100 idle=-10.000 gover=0.000 | nw=1.37773e+06 pop=36 bases=8 money=326 credit=190480 day=365 | food=200 water=0 coal=0 home=130 free=32 roads=2
  ACTION: 26 (BUILD:BigSawmill price=620900 need_earth=3) | money=326 pop=36 free=32
  BUILD FAILED: BigSawmill (no cell or error)
STEP 345 | BUILD:BigSawmill | total=-5.900 err=-1.000 tax=-5.000 taxb=0.000 build=0.000 cost=0.000 div=0.000 prox=0.000 prov=0.000 preq=0.000 pres=0.000 sale=0.000 mtax=0.000 chain=0.000 daily=0.000 nov=0.000 mile=0.000 surv=0.100 idle=0.000 gover=0.000 | nw=1.37773e+06 pop=36 bases=8 money=326 credit=190480 day=365 | food=200 water=0 coal=0 home=130 free=32 roads=2
  ACTION: 0 (DAY) | money=326 pop=36 free=32
STEP 346 | DAY | total=-5.900 err=-1.000 tax=-5.000 taxb=0.000 build=0.000 cost=0.000 div=0.000 prox=0.000 prov=0.000 preq=0.000 pres=0.000 sale=0.000 mtax=0.000 chain=0.000 daily=0.000 nov=0.000 mile=0.000 surv=0.100 idle=0.000 gover=0.000 | nw=1.37773e+06 pop=36 bases=8 money=326 credit=190480 day=365 | food=200 water=0 coal=0 home=130 free=32 roads=2
  ACTION: 1 (WEEK) | money=326 pop=36 free=32
STEP 347 | WEEK | total=-15.900 err=-1.000 tax=-5.000 taxb=0.000 build=0.000 cost=0.000 div=0.000 prox=0.000 prov=0.000 preq=0.000 pres=0.000 sale=0.000 mtax=0.000 chain=0.000 daily=0.000 nov=0.000 mile=0.000 surv=0.100 idle=-10.000 gover=0.000 | nw=1.37773e+06 pop=36 bases=8 money=326 credit=190480 day=365 | food=200 water=0 coal=0 home=130 free=32 roads=2
  ACTION: 8 (BUILD:Refinery price=82684 need_earth=6) | money=326 pop=36 free=32
  BUILD FAILED: Refinery (no cell or error)
STEP 348 | BUILD:Refinery | total=-5.900 err=-1.000 tax=-5.000 taxb=0.000 build=0.000 cost=0.000 div=0.000 prox=0.000 prov=0.000 preq=0.000 pres=0.000 sale=0.000 mtax=0.000 chain=0.000 daily=0.000 nov=0.000 mile=0.000 surv=0.100 idle=0.000 gover=0.000 | nw=1.37773e+06 pop=36 bases=8 money=326 credit=190480 day=365 | food=200 water=0 coal=0 home=130 free=32 roads=2
  ACTION: 24 (BUILD:Hothouse price=16590 need_earth=10) | money=326 pop=36 free=32
  BUILD FAILED: Hothouse (no cell or error)
STEP 349 | BUILD:Hothouse | total=-5.900 err=-1.000 tax=-5.000 taxb=0.000 build=0.000 cost=0.000 div=0.000 prox=0.000 prov=0.000 preq=0.000 pres=0.000 sale=0.000 mtax=0.000 chain=0.000 daily=0.000 nov=0.000 mile=0.000 surv=0.100 idle=0.000 gover=0.000 | nw=1.37773e+06 pop=36 bases=8 money=326 credit=190480 day=365 | food=200 water=0 coal=0 home=130 free=32 roads=2
  ACTION: 26 (BUILD:BigSawmill price=620900 need_earth=3) | money=326 pop=36 free=32
  BUILD FAILED: BigSawmill (no cell or error)
STEP 350 | BUILD:BigSawmill | total=-15.900 err=-1.000 tax=-5.000 taxb=0.000 build=0.000 cost=0.000 div=0.000 prox=0.000 prov=0.000 preq=0.000 pres=0.000 sale=0.000 mtax=0.000 chain=0.000 daily=0.000 nov=0.000 mile=0.000 surv=0.100 idle=-10.000 gover=0.000 | nw=1.37773e+06 pop=36 bases=8 money=326 credit=190480 day=365 | food=200 water=0 coal=0 home=130 free=32 roads=2
  ACTION: 44 | money=326 pop=36 free=32
STEP 351 | MGR:manual_tax | total=-4.400 err=0.000 tax=-5.000 taxb=0.000 build=0.000 cost=0.000 div=0.000 prox=0.000 prov=0.000 preq=0.000 pres=0.000 sale=0.000 mtax=0.500 chain=0.000 daily=0.000 nov=0.000 mile=0.000 surv=0.100 idle=0.000 gover=0.000 | nw=1.37773e+06 pop=36 bases=8 money=326 credit=190480 day=365 | food=200 water=0 coal=0 home=130 free=32 roads=2
  ACTION: 28 (BUILD:BigRefinary price=3999149 need_earth=6) | money=326 pop=36 free=32
  BUILD FAILED: BigRefinary (no cell or error)
STEP 352 | BUILD:BigRefinary | total=-5.900 err=-1.000 tax=-5.000 taxb=0.000 build=0.000 cost=0.000 div=0.000 prox=0.000 prov=0.000 preq=0.000 pres=0.000 sale=0.000 mtax=0.000 chain=0.000 daily=0.000 nov=0.000 mile=0.000 surv=0.100 idle=0.000 gover=0.000 | nw=1.37773e+06 pop=36 bases=8 money=326 credit=190480 day=365 | food=200 water=0 coal=0 home=130 free=32 roads=2
  ACTION: 3 (BUILD:Garden price=7640 need_earth=10) | money=326 pop=36 free=32
  BUILD FAILED: Garden (no cell or error)
STEP 353 | BUILD:Garden | total=-15.900 err=-1.000 tax=-5.000 taxb=0.000 build=0.000 cost=0.000 div=0.000 prox=0.000 prov=0.000 preq=0.000 pres=0.000 sale=0.000 mtax=0.000 chain=0.000 daily=0.000 nov=0.000 mile=0.000 surv=0.100 idle=-10.000 gover=0.000 | nw=1.37773e+06 pop=36 bases=8 money=326 credit=190480 day=365 | food=200 water=0 coal=0 home=130 free=32 roads=2
  ACTION: 7 (BUILD:Ironmine price=32008 need_earth=5) | money=326 pop=36 free=32
  BUILD FAILED: Ironmine (no cell or error)
STEP 354 | BUILD:Ironmine | total=-5.900 err=-1.000 tax=-5.000 taxb=0.000 build=0.000 cost=0.000 div=0.000 prox=0.000 prov=0.000 preq=0.000 pres=0.000 sale=0.000 mtax=0.000 chain=0.000 daily=0.000 nov=0.000 mile=0.000 surv=0.100 idle=0.000 gover=0.000 | nw=1.37773e+06 pop=36 bases=8 money=326 credit=190480 day=365 | food=200 water=0 coal=0 home=130 free=32 roads=2
  ACTION: 44 | money=326 pop=36 free=32
STEP 355 | MGR:manual_tax | total=-4.400 err=0.000 tax=-5.000 taxb=0.000 build=0.000 cost=0.000 div=0.000 prox=0.000 prov=0.000 preq=0.000 pres=0.000 sale=0.000 mtax=0.500 chain=0.000 daily=0.000 nov=0.000 mile=0.000 surv=0.100 idle=0.000 gover=0.000 | nw=1.37773e+06 pop=36 bases=8 money=326 credit=190480 day=365 | food=200 water=0 coal=0 home=130 free=32 roads=2
  ACTION: 12 (BUILD:Road price=400 need_earth=10) | money=326 pop=36 free=32
  BUILD FAILED: Road (no cell or error)
STEP 356 | BUILD:Road | total=-15.900 err=-1.000 tax=-5.000 taxb=0.000 build=0.000 cost=0.000 div=0.000 prox=0.000 prov=0.000 preq=0.000 pres=0.000 sale=0.000 mtax=0.000 chain=0.000 daily=0.000 nov=0.000 mile=0.000 surv=0.100 idle=-10.000 gover=0.000 | nw=1.37773e+06 pop=36 bases=8 money=326 credit=190480 day=365 | food=200 water=0 coal=0 home=130 free=32 roads=2
  ACTION: 24 (BUILD:Hothouse price=16590 need_earth=10) | money=326 pop=36 free=32
  BUILD FAILED: Hothouse (no cell or error)
STEP 357 | BUILD:Hothouse | total=-5.900 err=-1.000 tax=-5.000 taxb=0.000 build=0.000 cost=0.000 div=0.000 prox=0.000 prov=0.000 preq=0.000 pres=0.000 sale=0.000 mtax=0.000 chain=0.000 daily=0.000 nov=0.000 mile=0.000 surv=0.100 idle=0.000 gover=0.000 | nw=1.37773e+06 pop=36 bases=8 money=326 credit=190480 day=365 | food=200 water=0 coal=0 home=130 free=32 roads=2
  ACTION: 37 | money=326 pop=36 free=32
STEP 358 | MGR:destroy | total=-6.700 err=0.000 tax=-5.000 taxb=0.000 build=0.000 cost=0.000 div=0.000 prox=0.000 prov=0.000 preq=0.000 pres=0.000 sale=0.000 mtax=0.000 chain=0.000 daily=0.000 nov=0.000 mile=0.000 surv=-1.700 idle=0.000 gover=0.000 | nw=1.37737e+06 pop=36 bases=7 money=366 credit=190480 day=365 | food=200 water=0 coal=0 home=130 free=32 roads=1
  ACTION: 0 (DAY) | money=366 pop=36 free=32
STEP 359 | DAY | total=-15.900 err=-1.000 tax=-5.000 taxb=0.000 build=0.000 cost=0.000 div=0.000 prox=0.000 prov=0.000 preq=0.000 pres=0.000 sale=0.000 mtax=0.000 chain=0.000 daily=0.000 nov=0.000 mile=0.000 surv=0.100 idle=-10.000 gover=0.000 | nw=1.37737e+06 pop=36 bases=7 money=366 credit=190480 day=365 | food=200 water=0 coal=0 home=130 free=32 roads=1
  ACTION: 32 (BUILD:SmallAtomStation price=29000000 need_earth=2) | money=366 pop=36 free=32
  BUILD FAILED: SmallAtomStation (no cell or error)
STEP 360 | BUILD:SmallAtomStation | total=-5.900 err=-1.000 tax=-5.000 taxb=0.000 build=0.000 cost=0.000 div=0.000 prox=0.000 prov=0.000 preq=0.000 pres=0.000 sale=0.000 mtax=0.000 chain=0.000 daily=0.000 nov=0.000 mile=0.000 surv=0.100 idle=0.000 gover=0.000 | nw=1.37737e+06 pop=36 bases=7 money=366 credit=190480 day=365 | food=200 water=0 coal=0 home=130 free=32 roads=1
  ACTION: 40 | money=366 pop=36 free=32
STEP 361 | MGR:sell | total=-5.900 err=-1.000 tax=-5.000 taxb=0.000 build=0.000 cost=0.000 div=0.000 prox=0.000 prov=0.000 preq=0.000 pres=0.000 sale=0.000 mtax=0.000 chain=0.000 daily=0.000 nov=0.000 mile=0.000 surv=0.100 idle=0.000 gover=0.000 | nw=1.37737e+06 pop=36 bases=7 money=366 credit=190480 day=365 | food=200 water=0 coal=0 home=130 free=32 roads=1
  ACTION: 24 (BUILD:Hothouse price=16590 need_earth=10) | money=366 pop=36 free=32
  BUILD FAILED: Hothouse (no cell or error)
STEP 362 | BUILD:Hothouse | total=-15.900 err=-1.000 tax=-5.000 taxb=0.000 build=0.000 cost=0.000 div=0.000 prox=0.000 prov=0.000 preq=0.000 pres=0.000 sale=0.000 mtax=0.000 chain=0.000 daily=0.000 nov=0.000 mile=0.000 surv=0.100 idle=-10.000 gover=0.000 | nw=1.37737e+06 pop=36 bases=7 money=366 credit=190480 day=365 | food=200 water=0 coal=0 home=130 free=32 roads=1
  ACTION: 7 (BUILD:Ironmine price=32008 need_earth=5) | money=366 pop=36 free=32
  BUILD FAILED: Ironmine (no cell or error)
STEP 363 | BUILD:Ironmine | total=-5.900 err=-1.000 tax=-5.000 taxb=0.000 build=0.000 cost=0.000 div=0.000 prox=0.000 prov=0.000 preq=0.000 pres=0.000 sale=0.000 mtax=0.000 chain=0.000 daily=0.000 nov=0.000 mile=0.000 surv=0.100 idle=0.000 gover=0.000 | nw=1.37737e+06 pop=36 bases=7 money=366 credit=190480 day=365 | food=200 water=0 coal=0 home=130 free=32 roads=1
  ACTION: 12 (BUILD:Road price=400 need_earth=10) | money=366 pop=36 free=32
  BUILD FAILED: Road (no cell or error)
STEP 364 | BUILD:Road | total=-5.900 err=-1.000 tax=-5.000 taxb=0.000 build=0.000 cost=0.000 div=0.000 prox=0.000 prov=0.000 preq=0.000 pres=0.000 sale=0.000 mtax=0.000 chain=0.000 daily=0.000 nov=0.000 mile=0.000 surv=0.100 idle=0.000 gover=0.000 | nw=1.37737e+06 pop=36 bases=7 money=366 credit=190480 day=365 | food=200 water=0 coal=0 home=130 free=32 roads=1
  ACTION: 4 (BUILD:WaterChannel price=18310 need_earth=2) | money=366 pop=36 free=32
  BUILD FAILED: WaterChannel (no cell or error)
STEP 365 | BUILD:WaterChannel | total=-15.227 err=-1.000 tax=-5.000 taxb=0.000 build=0.673 cost=0.000 div=0.000 prox=0.000 prov=0.000 preq=0.000 pres=0.000 sale=0.000 mtax=0.000 chain=0.000 daily=0.000 nov=0.000 mile=0.000 surv=0.100 idle=-10.000 gover=0.000 | nw=1.37737e+06 pop=36 bases=7 money=366 credit=190480 day=365 | food=200 water=0 coal=0 home=130 free=32 roads=1
  ACTION: 27 (BUILD:WaterMill price=2900197 need_earth=2) | money=366 pop=36 free=32
  BUILD FAILED: WaterMill (no cell or error)
STEP 366 | BUILD:WaterMill | total=-5.900 err=-1.000 tax=-5.000 taxb=0.000 build=0.000 cost=0.000 div=0.000 prox=0.000 prov=0.000 preq=0.000 pres=0.000 sale=0.000 mtax=0.000 chain=0.000 daily=0.000 nov=0.000 mile=0.000 surv=0.100 idle=0.000 gover=0.000 | nw=1.37737e+06 pop=36 bases=7 money=366 credit=190480 day=365 | food=200 water=0 coal=0 home=130 free=32 roads=1
  ACTION: 42 | money=366 pop=36 free=32
STEP 367 | MGR:credit_take | total=-5.900 err=-1.000 tax=-5.000 taxb=0.000 build=0.000 cost=0.000 div=0.000 prox=0.000 prov=0.000 preq=0.000 pres=0.000 sale=0.000 mtax=0.000 chain=0.000 daily=0.000 nov=0.000 mile=0.000 surv=0.100 idle=0.000 gover=0.000 | nw=1.37737e+06 pop=36 bases=7 money=366 credit=190480 day=365 | food=200 water=0 coal=0 home=130 free=32 roads=1
  ACTION: 18 (BUILD:CowFarm price=32002 need_earth=10) | money=366 pop=36 free=32
  BUILD FAILED: CowFarm (no cell or error)
STEP 368 | BUILD:CowFarm | total=-15.900 err=-1.000 tax=-5.000 taxb=0.000 build=0.000 cost=0.000 div=0.000 prox=0.000 prov=0.000 preq=0.000 pres=0.000 sale=0.000 mtax=0.000 chain=0.000 daily=0.000 nov=0.000 mile=0.000 surv=0.100 idle=-10.000 gover=0.000 | nw=1.37737e+06 pop=36 bases=7 money=366 credit=190480 day=365 | food=200 water=0 coal=0 home=130 free=32 roads=1
  ACTION: 25 (BUILD:SuperHouse price=971000 need_earth=1) | money=366 pop=36 free=32
  BUILD FAILED: SuperHouse (no cell or error)
STEP 369 | BUILD:SuperHouse | total=-5.900 err=-1.000 tax=-5.000 taxb=0.000 build=0.000 cost=0.000 div=0.000 prox=0.000 prov=0.000 preq=0.000 pres=0.000 sale=0.000 mtax=0.000 chain=0.000 daily=0.000 nov=0.000 mile=0.000 surv=0.100 idle=0.000 gover=0.000 | nw=1.37737e+06 pop=36 bases=7 money=366 credit=190480 day=365 | food=200 water=0 coal=0 home=130 free=32 roads=1
  ACTION: 6 (BUILD:Coalmine price=25471 need_earth=4) | money=366 pop=36 free=32
  BUILD FAILED: Coalmine (no cell or error)
STEP 370 | BUILD:Coalmine | total=-5.900 err=-1.000 tax=-5.000 taxb=0.000 build=0.000 cost=0.000 div=0.000 prox=0.000 prov=0.000 preq=0.000 pres=0.000 sale=0.000 mtax=0.000 chain=0.000 daily=0.000 nov=0.000 mile=0.000 surv=0.100 idle=0.000 gover=0.000 | nw=1.37737e+06 pop=36 bases=7 money=366 credit=190480 day=365 | food=200 water=0 coal=0 home=130 free=32 roads=1
  ACTION: 18 (BUILD:CowFarm price=32002 need_earth=10) | money=366 pop=36 free=32
  BUILD FAILED: CowFarm (no cell or error)
STEP 371 | BUILD:CowFarm | total=-15.900 err=-1.000 tax=-5.000 taxb=0.000 build=0.000 cost=0.000 div=0.000 prox=0.000 prov=0.000 preq=0.000 pres=0.000 sale=0.000 mtax=0.000 chain=0.000 daily=0.000 nov=0.000 mile=0.000 surv=0.100 idle=-10.000 gover=0.000 | nw=1.37737e+06 pop=36 bases=7 money=366 credit=190480 day=365 | food=200 water=0 coal=0 home=130 free=32 roads=1
  ACTION: 44 | money=366 pop=36 free=32
STEP 372 | MGR:manual_tax | total=-4.400 err=0.000 tax=-5.000 taxb=0.000 build=0.000 cost=0.000 div=0.000 prox=0.000 prov=0.000 preq=0.000 pres=0.000 sale=0.000 mtax=0.500 chain=0.000 daily=0.000 nov=0.000 mile=0.000 surv=0.100 idle=0.000 gover=0.000 | nw=1.37737e+06 pop=36 bases=7 money=366 credit=190480 day=365 | food=200 water=0 coal=0 home=130 free=32 roads=1
  ACTION: 21 (BUILD:BigFarm price=380385 need_earth=1) | money=366 pop=36 free=32
  BUILD FAILED: BigFarm (no cell or error)
STEP 373 | BUILD:BigFarm | total=-5.900 err=-1.000 tax=-5.000 taxb=0.000 build=0.000 cost=0.000 div=0.000 prox=0.000 prov=0.000 preq=0.000 pres=0.000 sale=0.000 mtax=0.000 chain=0.000 daily=0.000 nov=0.000 mile=0.000 surv=0.100 idle=0.000 gover=0.000 | nw=1.37737e+06 pop=36 bases=7 money=366 credit=190480 day=365 | food=200 water=0 coal=0 home=130 free=32 roads=1
  ACTION: 19 (BUILD:Mushroom price=12164 need_earth=3) | money=366 pop=36 free=32
  BUILD FAILED: Mushroom (no cell or error)
STEP 374 | BUILD:Mushroom | total=-15.900 err=-1.000 tax=-5.000 taxb=0.000 build=0.000 cost=0.000 div=0.000 prox=0.000 prov=0.000 preq=0.000 pres=0.000 sale=0.000 mtax=0.000 chain=0.000 daily=0.000 nov=0.000 mile=0.000 surv=0.100 idle=-10.000 gover=0.000 | nw=1.37737e+06 pop=36 bases=7 money=366 credit=190480 day=365 | food=200 water=0 coal=0 home=130 free=32 roads=1
  ACTION: 1 (WEEK) | money=366 pop=36 free=32
STEP 375 | WEEK | total=-5.900 err=-1.000 tax=-5.000 taxb=0.000 build=0.000 cost=0.000 div=0.000 prox=0.000 prov=0.000 preq=0.000 pres=0.000 sale=0.000 mtax=0.000 chain=0.000 daily=0.000 nov=0.000 mile=0.000 surv=0.100 idle=0.000 gover=0.000 | nw=1.37737e+06 pop=36 bases=7 money=366 credit=190480 day=365 | food=200 water=0 coal=0 home=130 free=32 roads=1
  ACTION: 38 | money=366 pop=36 free=32
STEP 376 | MGR:preserve | total=-5.900 err=-1.000 tax=-5.000 taxb=0.000 build=0.000 cost=0.000 div=0.000 prox=0.000 prov=0.000 preq=0.000 pres=0.000 sale=0.000 mtax=0.000 chain=0.000 daily=0.000 nov=0.000 mile=0.000 surv=0.100 idle=0.000 gover=0.000 | nw=1.37737e+06 pop=36 bases=7 money=366 credit=190480 day=365 | food=200 water=0 coal=0 home=130 free=32 roads=1
  ACTION: 21 (BUILD:BigFarm price=380385 need_earth=1) | money=366 pop=36 free=32
  BUILD FAILED: BigFarm (no cell or error)
STEP 377 | BUILD:BigFarm | total=-15.900 err=-1.000 tax=-5.000 taxb=0.000 build=0.000 cost=0.000 div=0.000 prox=0.000 prov=0.000 preq=0.000 pres=0.000 sale=0.000 mtax=0.000 chain=0.000 daily=0.000 nov=0.000 mile=0.000 surv=0.100 idle=-10.000 gover=0.000 | nw=1.37737e+06 pop=36 bases=7 money=366 credit=190480 day=365 | food=200 water=0 coal=0 home=130 free=32 roads=1
  ACTION: 25 (BUILD:SuperHouse price=971000 need_earth=1) | money=366 pop=36 free=32
  BUILD FAILED: SuperHouse (no cell or error)
STEP 378 | BUILD:SuperHouse | total=-5.900 err=-1.000 tax=-5.000 taxb=0.000 build=0.000 cost=0.000 div=0.000 prox=0.000 prov=0.000 preq=0.000 pres=0.000 sale=0.000 mtax=0.000 chain=0.000 daily=0.000 nov=0.000 mile=0.000 surv=0.100 idle=0.000 gover=0.000 | nw=1.37737e+06 pop=36 bases=7 money=366 credit=190480 day=365 | food=200 water=0 coal=0 home=130 free=32 roads=1
  ACTION: 24 (BUILD:Hothouse price=16590 need_earth=10) | money=366 pop=36 free=32
  BUILD FAILED: Hothouse (no cell or error)
STEP 379 | BUILD:Hothouse | total=-5.900 err=-1.000 tax=-5.000 taxb=0.000 build=0.000 cost=0.000 div=0.000 prox=0.000 prov=0.000 preq=0.000 pres=0.000 sale=0.000 mtax=0.000 chain=0.000 daily=0.000 nov=0.000 mile=0.000 surv=0.100 idle=0.000 gover=0.000 | nw=1.37737e+06 pop=36 bases=7 money=366 credit=190480 day=365 | food=200 water=0 coal=0 home=130 free=32 roads=1
  ACTION: 30 (BUILD:BigIronmine price=2715002 need_earth=5) | money=366 pop=36 free=32
  BUILD FAILED: BigIronmine (no cell or error)
STEP 380 | BUILD:BigIronmine | total=-15.900 err=-1.000 tax=-5.000 taxb=0.000 build=0.000 cost=0.000 div=0.000 prox=0.000 prov=0.000 preq=0.000 pres=0.000 sale=0.000 mtax=0.000 chain=0.000 daily=0.000 nov=0.000 mile=0.000 surv=0.100 idle=-10.000 gover=0.000 | nw=1.37737e+06 pop=36 bases=7 money=366 credit=190480 day=365 | food=200 water=0 coal=0 home=130 free=32 roads=1
  ACTION: 4 (BUILD:WaterChannel price=18310 need_earth=2) | money=366 pop=36 free=32
  BUILD FAILED: WaterChannel (no cell or error)
STEP 381 | BUILD:WaterChannel | total=-5.900 err=-1.000 tax=-5.000 taxb=0.000 build=0.000 cost=0.000 div=0.000 prox=0.000 prov=0.000 preq=0.000 pres=0.000 sale=0.000 mtax=0.000 chain=0.000 daily=0.000 nov=0.000 mile=0.000 surv=0.100 idle=0.000 gover=0.000 | nw=1.37737e+06 pop=36 bases=7 money=366 credit=190480 day=365 | food=200 water=0 coal=0 home=130 free=32 roads=1
  ACTION: 34 | money=366 pop=36 free=32
STEP 382 | MGR:improve | total=-5.900 err=-1.000 tax=-5.000 taxb=0.000 build=0.000 cost=0.000 div=0.000 prox=0.000 prov=0.000 preq=0.000 pres=0.000 sale=0.000 mtax=0.000 chain=0.000 daily=0.000 nov=0.000 mile=0.000 surv=0.100 idle=0.000 gover=0.000 | nw=1.37737e+06 pop=36 bases=7 money=366 credit=190480 day=365 | food=200 water=0 coal=0 home=130 free=32 roads=1
  ACTION: 23 (BUILD:Torchlight price=215000 need_earth=6) | money=366 pop=36 free=32
  BUILD FAILED: Torchlight (no cell or error)
STEP 383 | BUILD:Torchlight | total=-15.900 err=-1.000 tax=-5.000 taxb=0.000 build=0.000 cost=0.000 div=0.000 prox=0.000 prov=0.000 preq=0.000 pres=0.000 sale=0.000 mtax=0.000 chain=0.000 daily=0.000 nov=0.000 mile=0.000 surv=0.100 idle=-10.000 gover=0.000 | nw=1.37737e+06 pop=36 bases=7 money=366 credit=190480 day=365 | food=200 water=0 coal=0 home=130 free=32 roads=1
  ACTION: 35 | money=366 pop=36 free=32
STEP 384 | MGR:repair | total=-5.900 err=-1.000 tax=-5.000 taxb=0.000 build=0.000 cost=0.000 div=0.000 prox=0.000 prov=0.000 preq=0.000 pres=0.000 sale=0.000 mtax=0.000 chain=0.000 daily=0.000 nov=0.000 mile=0.000 surv=0.100 idle=0.000 gover=0.000 | nw=1.37737e+06 pop=36 bases=7 money=366 credit=190480 day=365 | food=200 water=0 coal=0 home=130 free=32 roads=1
  ACTION: 0 (DAY) | money=366 pop=36 free=32
STEP 385 | DAY | total=-5.900 err=-1.000 tax=-5.000 taxb=0.000 build=0.000 cost=0.000 div=0.000 prox=0.000 prov=0.000 preq=0.000 pres=0.000 sale=0.000 mtax=0.000 chain=0.000 daily=0.000 nov=0.000 mile=0.000 surv=0.100 idle=0.000 gover=0.000 | nw=1.37737e+06 pop=36 bases=7 money=366 credit=190480 day=365 | food=200 water=0 coal=0 home=130 free=32 roads=1
  ACTION: 12 (BUILD:Road price=400 need_earth=10) | money=366 pop=36 free=32
  BUILD FAILED: Road (no cell or error)
STEP 386 | BUILD:Road | total=-15.900 err=-1.000 tax=-5.000 taxb=0.000 build=0.000 cost=0.000 div=0.000 prox=0.000 prov=0.000 preq=0.000 pres=0.000 sale=0.000 mtax=0.000 chain=0.000 daily=0.000 nov=0.000 mile=0.000 surv=0.100 idle=-10.000 gover=0.000 | nw=1.37737e+06 pop=36 bases=7 money=366 credit=190480 day=365 | food=200 water=0 coal=0 home=130 free=32 roads=1
  ACTION: 40 | money=366 pop=36 free=32
STEP 387 | MGR:sell | total=-5.900 err=-1.000 tax=-5.000 taxb=0.000 build=0.000 cost=0.000 div=0.000 prox=0.000 prov=0.000 preq=0.000 pres=0.000 sale=0.000 mtax=0.000 chain=0.000 daily=0.000 nov=0.000 mile=0.000 surv=0.100 idle=0.000 gover=0.000 | nw=1.37737e+06 pop=36 bases=7 money=366 credit=190480 day=365 | food=200 water=0 coal=0 home=130 free=32 roads=1
  ACTION: 18 (BUILD:CowFarm price=32002 need_earth=10) | money=366 pop=36 free=32
  BUILD FAILED: CowFarm (no cell or error)
STEP 388 | BUILD:CowFarm | total=-5.900 err=-1.000 tax=-5.000 taxb=0.000 build=0.000 cost=0.000 div=0.000 prox=0.000 prov=0.000 preq=0.000 pres=0.000 sale=0.000 mtax=0.000 chain=0.000 daily=0.000 nov=0.000 mile=0.000 surv=0.100 idle=0.000 gover=0.000 | nw=1.37737e+06 pop=36 bases=7 money=366 credit=190480 day=365 | food=200 water=0 coal=0 home=130 free=32 roads=1
  ACTION: 9 (BUILD:Goldmine price=77000 need_earth=7) | money=366 pop=36 free=32
  BUILD FAILED: Goldmine (no cell or error)
STEP 389 | BUILD:Goldmine | total=-15.900 err=-1.000 tax=-5.000 taxb=0.000 build=0.000 cost=0.000 div=0.000 prox=0.000 prov=0.000 preq=0.000 pres=0.000 sale=0.000 mtax=0.000 chain=0.000 daily=0.000 nov=0.000 mile=0.000 surv=0.100 idle=-10.000 gover=0.000 | nw=1.37737e+06 pop=36 bases=7 money=366 credit=190480 day=365 | food=200 water=0 coal=0 home=130 free=32 roads=1
  ACTION: 5 (BUILD:Sawmill price=17570 need_earth=3) | money=366 pop=36 free=32
  BUILD FAILED: Sawmill (no cell or error)
STEP 390 | BUILD:Sawmill | total=-5.900 err=-1.000 tax=-5.000 taxb=0.000 build=0.000 cost=0.000 div=0.000 prox=0.000 prov=0.000 preq=0.000 pres=0.000 sale=0.000 mtax=0.000 chain=0.000 daily=0.000 nov=0.000 mile=0.000 surv=0.100 idle=0.000 gover=0.000 | nw=1.37737e+06 pop=36 bases=7 money=366 credit=190480 day=365 | food=200 water=0 coal=0 home=130 free=32 roads=1
  ACTION: 33 (BUILD:AtomStation price=120000000 need_earth=2) | money=366 pop=36 free=32
  BUILD FAILED: AtomStation (no cell or error)
STEP 391 | BUILD:AtomStation | total=-5.900 err=-1.000 tax=-5.000 taxb=0.000 build=0.000 cost=0.000 div=0.000 prox=0.000 prov=0.000 preq=0.000 pres=0.000 sale=0.000 mtax=0.000 chain=0.000 daily=0.000 nov=0.000 mile=0.000 surv=0.100 idle=0.000 gover=0.000 | nw=1.37737e+06 pop=36 bases=7 money=366 credit=190480 day=365 | food=200 water=0 coal=0 home=130 free=32 roads=1
  ACTION: 7 (BUILD:Ironmine price=32008 need_earth=5) | money=366 pop=36 free=32
  BUILD FAILED: Ironmine (no cell or error)
STEP 392 | BUILD:Ironmine | total=-15.900 err=-1.000 tax=-5.000 taxb=0.000 build=0.000 cost=0.000 div=0.000 prox=0.000 prov=0.000 preq=0.000 pres=0.000 sale=0.000 mtax=0.000 chain=0.000 daily=0.000 nov=0.000 mile=0.000 surv=0.100 idle=-10.000 gover=0.000 | nw=1.37737e+06 pop=36 bases=7 money=366 credit=190480 day=365 | food=200 water=0 coal=0 home=130 free=32 roads=1
  ACTION: 31 (BUILD:AirStation price=23790 need_earth=10) | money=366 pop=36 free=32
  BUILD FAILED: AirStation (no cell or error)
STEP 393 | BUILD:AirStation | total=-5.900 err=-1.000 tax=-5.000 taxb=0.000 build=0.000 cost=0.000 div=0.000 prox=0.000 prov=0.000 preq=0.000 pres=0.000 sale=0.000 mtax=0.000 chain=0.000 daily=0.000 nov=0.000 mile=0.000 surv=0.100 idle=0.000 gover=0.000 | nw=1.37737e+06 pop=36 bases=7 money=366 credit=190480 day=365 | food=200 water=0 coal=0 home=130 free=32 roads=1
  ACTION: 40 | money=366 pop=36 free=32
STEP 394 | MGR:sell | total=-5.900 err=-1.000 tax=-5.000 taxb=0.000 build=0.000 cost=0.000 div=0.000 prox=0.000 prov=0.000 preq=0.000 pres=0.000 sale=0.000 mtax=0.000 chain=0.000 daily=0.000 nov=0.000 mile=0.000 surv=0.100 idle=0.000 gover=0.000 | nw=1.37737e+06 pop=36 bases=7 money=366 credit=190480 day=365 | food=200 water=0 coal=0 home=130 free=32 roads=1
  ACTION: 34 | money=366 pop=36 free=32
STEP 395 | MGR:improve | total=-15.900 err=-1.000 tax=-5.000 taxb=0.000 build=0.000 cost=0.000 div=0.000 prox=0.000 prov=0.000 preq=0.000 pres=0.000 sale=0.000 mtax=0.000 chain=0.000 daily=0.000 nov=0.000 mile=0.000 surv=0.100 idle=-10.000 gover=0.000 | nw=1.37737e+06 pop=36 bases=7 money=366 credit=190480 day=365 | food=200 water=0 coal=0 home=130 free=32 roads=1
  ACTION: 8 (BUILD:Refinery price=82684 need_earth=6) | money=366 pop=36 free=32
  BUILD FAILED: Refinery (no cell or error)
STEP 396 | BUILD:Refinery | total=-5.900 err=-1.000 tax=-5.000 taxb=0.000 build=0.000 cost=0.000 div=0.000 prox=0.000 prov=0.000 preq=0.000 pres=0.000 sale=0.000 mtax=0.000 chain=0.000 daily=0.000 nov=0.000 mile=0.000 surv=0.100 idle=0.000 gover=0.000 | nw=1.37737e+06 pop=36 bases=7 money=366 credit=190480 day=365 | food=200 water=0 coal=0 home=130 free=32 roads=1
  ACTION: 8 (BUILD:Refinery price=82684 need_earth=6) | money=366 pop=36 free=32
  BUILD FAILED: Refinery (no cell or error)
STEP 397 | BUILD:Refinery | total=-5.900 err=-1.000 tax=-5.000 taxb=0.000 build=0.000 cost=0.000 div=0.000 prox=0.000 prov=0.000 preq=0.000 pres=0.000 sale=0.000 mtax=0.000 chain=0.000 daily=0.000 nov=0.000 mile=0.000 surv=0.100 idle=0.000 gover=0.000 | nw=1.37737e+06 pop=36 bases=7 money=366 credit=190480 day=365 | food=200 water=0 coal=0 home=130 free=32 roads=1
  ACTION: 22 (BUILD:Apiary price=9385 need_earth=10) | money=366 pop=36 free=32
  BUILD FAILED: Apiary (no cell or error)
STEP 398 | BUILD:Apiary | total=-15.900 err=-1.000 tax=-5.000 taxb=0.000 build=0.000 cost=0.000 div=0.000 prox=0.000 prov=0.000 preq=0.000 pres=0.000 sale=0.000 mtax=0.000 chain=0.000 daily=0.000 nov=0.000 mile=0.000 surv=0.100 idle=-10.000 gover=0.000 | nw=1.37737e+06 pop=36 bases=7 money=366 credit=190480 day=365 | food=200 water=0 coal=0 home=130 free=32 roads=1
  ACTION: 43 | money=366 pop=36 free=32
STEP 399 | MGR:credit_give | total=-5.900 err=-1.000 tax=-5.000 taxb=0.000 build=0.000 cost=0.000 div=0.000 prox=0.000 prov=0.000 preq=0.000 pres=0.000 sale=0.000 mtax=0.000 chain=0.000 daily=0.000 nov=0.000 mile=0.000 surv=0.100 idle=0.000 gover=0.000 | nw=1.37737e+06 pop=36 bases=7 money=366 credit=190480 day=365 | food=200 water=0 coal=0 home=130 free=32 roads=1
  ACTION: 10 (BUILD:PowerStation price=92433 need_earth=10) | money=366 pop=36 free=32
  BUILD FAILED: PowerStation (no cell or error)
STEP 400 | BUILD:PowerStation | total=-15.900 err=-1.000 tax=-5.000 taxb=0.000 build=0.000 cost=0.000 div=0.000 prox=0.000 prov=0.000 preq=0.000 pres=0.000 sale=0.000 mtax=0.000 chain=0.000 daily=0.000 nov=0.000 mile=0.000 surv=0.100 idle=0.000 gover=-10.000 | nw=1.37737e+06 pop=36 bases=7 money=366 credit=190480 day=365 | food=200 water=0 coal=0 home=130 free=32 roads=1
  BUILDINGS: City(0d) CowFarm(0d) House(0d) Puerperal(0d) SmallHouse(0d) AirStation(0d) Road(0d) 
