======================================================================
EPISODE 1
======================================================================
init: year=0 month=3 season=0 money=82000 credit=0 people=28 busy=0 free=28 home_places=50 need_workers=0 tax_due=0 main_tax_due=0 tax_amount=5106 main_tax_amount=0 days_alive=0 stage=0 res0=0 res1=0 res2=0 res3=0 res4=0 res5=0 res6=0 res7=0 res8=0 | nw=1532000.0000
  s=    0 a= 27 r= -0.8485 cum=     -0.85 v= -4.8921 top5=[a12=0.025, a39=0.024, a43=0.023, a44=0.023, a36=0.023]
    state: year=0 month=3 season=0 money=82000 credit=0 people=28 busy=0 free=28 home_places=50 need_workers=0 tax_due=0 main_tax_due=0 tax_amount=5106 main_tax_amount=0 days_alive=1 stage=0 res0=0 res1=0 res2=0 res3=0 res4=0 res5=0 res6=0 res7=0 res8=0 | nw=1532000.0000
  s=    1 a= 12 r= +2.6482 cum=     +1.80 v= +6.3058 top5=[a43=0.028, a39=0.025, a27=0.025, a4=0.025, a24=0.024]
  s=    2 a= 16 r= -0.4263 cum=     +1.37 v= +5.4827 top5=[a43=0.027, a39=0.025, a27=0.024, a4=0.024, a40=0.024]
  s=    3 a= 23 r= -0.4592 cum=     +0.91 v= +4.8190 top5=[a43=0.027, a39=0.025, a4=0.024, a27=0.024, a40=0.024]
  s=    4 a=  6 r= -0.4903 cum=     +0.42 v= +4.4527 top5=[a43=0.027, a39=0.025, a4=0.024, a40=0.024, a27=0.024]
  s=    5 a= 31 r= +8.6572 cum=     +9.08 v= +4.2353 top5=[a43=0.027, a39=0.025, a4=0.024, a40=0.024, a27=0.024]
  s=    6 a=  0 r= +0.1315 cum=     +9.21 v=+15.1650 top5=[a43=0.031, a3=0.027, a1=0.027, a15=0.026, a4=0.026]
  s=    7 a= 28 r= -0.2080 cum=     +9.00 v=+10.6957 top5=[a43=0.029, a3=0.025, a15=0.025, a4=0.025, a39=0.025]
  s=    8 a= 39 r= -0.2173 cum=     +8.79 v= +9.2601 top5=[a43=0.028, a39=0.025, a24=0.025, a4=0.025, a15=0.025]
  s=    9 a=  4 r= -0.2262 cum=     +8.56 v= +8.6255 top5=[a43=0.028, a39=0.025, a24=0.025, a27=0.025, a4=0.025]
  s=   10 a=  4 r= -0.2348 cum=     +8.33 v= +8.2872 top5=[a43=0.028, a39=0.025, a27=0.025, a24=0.025, a11=0.025]
  s=   11 a=  1 r= +0.1455 cum=     +8.47 v= +8.1521 top5=[a43=0.028, a39=0.025, a27=0.025, a11=0.025, a24=0.025]
  s=   12 a= 40 r= -0.2633 cum=     +8.21 v=+11.1301 top5=[a43=0.030, a39=0.026, a3=0.026, a15=0.025, a24=0.025]
  s=   13 a= 36 r= +0.1632 cum=     +8.37 v=+10.7873 top5=[a43=0.030, a39=0.026, a3=0.025, a15=0.025, a27=0.025]
  s=   14 a= 44 r= -1.8427 cum=     +6.53 v=+10.5210 top5=[a43=0.029, a39=0.026, a3=0.025, a15=0.025, a27=0.025]
  s=   15 a= 31 r= +1.5909 cum=     +8.12 v=+10.3059 top5=[a43=0.029, a39=0.026, a3=0.025, a15=0.025, a27=0.025]
  s=   16 a=  5 r= -0.2855 cum=     +7.83 v=+15.3811 top5=[a43=0.030, a1=0.028, a11=0.026, a15=0.026, a29=0.026]
  s=   17 a= 22 r= +4.6620 cum=    +12.50 v=+14.3866 top5=[a43=0.030, a1=0.027, a11=0.026, a15=0.026, a29=0.026]
  s=   18 a= 10 r= -0.2743 cum=    +12.22 v=+16.7577 top5=[a43=0.030, a1=0.028, a11=0.027, a29=0.026, a18=0.026]
  s=   19 a= 35 r= +0.1813 cum=    +12.40 v=+15.5755 top5=[a43=0.030, a1=0.028, a11=0.027, a29=0.026, a18=0.025]
  s=   20 a= 31 r= +1.6296 cum=    +14.03 v=+14.9476 top5=[a43=0.030, a1=0.027, a11=0.027, a29=0.025, a39=0.025]
  s=   21 a= 30 r= -0.2914 cum=    +13.74 v=+22.2502 top5=[a43=0.032, a1=0.030, a11=0.029, a16=0.027, a27=0.027]
  s=   22 a= 27 r= -0.2901 cum=    +13.45 v=+20.6918 top5=[a43=0.031, a1=0.030, a11=0.029, a16=0.027, a27=0.027]
  s=   23 a= 20 r= -0.3017 cum=    +13.15 v=+19.6136 top5=[a43=0.031, a1=0.029, a11=0.028, a27=0.027, a16=0.027]
  s=   24 a= 32 r= -0.3133 cum=    +12.84 v=+18.8376 top5=[a43=0.031, a1=0.029, a11=0.028, a27=0.026, a16=0.026]
  s=   25 a= 19 r= -0.3116 cum=    +12.52 v=+16.2322 top5=[a43=0.030, a1=0.029, a11=0.028, a16=0.026, a27=0.026]
  s=   26 a= 13 r= -0.3165 cum=    +12.21 v=+15.8107 top5=[a43=0.029, a1=0.029, a11=0.027, a16=0.026, a27=0.026]
  s=   27 a= 27 r= -0.3352 cum=    +11.87 v=+15.7297 top5=[a43=0.030, a1=0.029, a11=0.028, a16=0.026, a27=0.026]
  s=   28 a=  5 r= -0.3401 cum=    +11.53 v=+15.3571 top5=[a43=0.030, a1=0.028, a11=0.027, a16=0.026, a18=0.026]
  s=   29 a= 16 r= -2.9868 cum=     +8.55 v=+15.0947 top5=[a43=0.030, a1=0.028, a11=0.027, a16=0.026, a18=0.026]
  s=   30 a= 41 r= -0.8454 cum=     +7.70 v=+14.8637 top5=[a43=0.030, a1=0.028, a11=0.027, a16=0.026, a18=0.026]
  s=   31 a=  1 r= -0.0677 cum=     +7.63 v=+20.6378 top5=[a43=0.036, a11=0.034, a36=0.028, a28=0.028, a1=0.027]
  s=   32 a= 22 r= -0.3500 cum=     +7.28 v=+18.7662 top5=[a43=0.034, a11=0.030, a16=0.028, a28=0.028, a1=0.027]
  s=   33 a=  5 r= -0.3547 cum=     +6.93 v=+17.4700 top5=[a43=0.033, a11=0.029, a16=0.028, a1=0.027, a28=0.027]
  s=   34 a= 43 r= -0.3593 cum=     +6.57 v=+16.8579 top5=[a43=0.032, a11=0.028, a16=0.028, a1=0.027, a28=0.027]
  s=   35 a= 21 r= -0.3286 cum=     +6.24 v=+16.5413 top5=[a43=0.032, a11=0.028, a16=0.027, a1=0.027, a28=0.027]
  s=   36 a= 16 r= -0.3715 cum=     +5.87 v=+26.1904 top5=[a11=0.035, a43=0.034, a1=0.032, a16=0.029, a28=0.029]
  s=   37 a= 22 r= -0.4041 cum=     +5.47 v=+24.3584 top5=[a11=0.034, a39=0.034, a1=0.034, a43=0.032, a28=0.031]
  s=   38 a= 23 r= -0.3956 cum=     +5.07 v=+22.9760 top5=[a11=0.032, a1=0.032, a43=0.032, a28=0.031, a39=0.028]
  s=   39 a=  0 r= -2.6828 cum=     +2.39 v=+21.7978 top5=[a43=0.032, a11=0.032, a1=0.031, a28=0.030, a3=0.027]
  s=   40 a= 15 r= -0.4007 cum=     +1.99 v=+20.9505 top5=[a43=0.032, a11=0.031, a1=0.031, a28=0.029, a18=0.027]
  s=   41 a= 29 r= -0.3974 cum=     +1.59 v=+20.3253 top5=[a43=0.032, a1=0.031, a11=0.030, a28=0.029, a18=0.027]
  s=   42 a= 11 r= -0.3962 cum=     +1.19 v=+19.7922 top5=[a43=0.032, a1=0.030, a11=0.030, a28=0.028, a18=0.027]
  s=   43 a= 25 r= -0.4037 cum=     +0.79 v=+19.3837 top5=[a43=0.031, a1=0.030, a11=0.030, a28=0.028, a18=0.027]
  s=   44 a=  2 r= -0.4159 cum=     +0.37 v=+19.0929 top5=[a43=0.031, a1=0.030, a11=0.029, a28=0.028, a18=0.027]
  s=   45 a= 21 r= -0.4144 cum=     -0.04 v=+18.8826 top5=[a43=0.031, a1=0.030, a11=0.029, a28=0.028, a18=0.027]
  s=   46 a=  6 r= -0.4185 cum=     -0.46 v=+18.7239 top5=[a43=0.031, a1=0.030, a11=0.029, a28=0.028, a18=0.027]
  s=   47 a= 25 r= -0.4226 cum=     -0.88 v=+18.5920 top5=[a43=0.031, a1=0.030, a11=0.029, a28=0.028, a18=0.027]
  s=   48 a=  9 r= -0.4266 cum=     -1.31 v=+18.5063 top5=[a43=0.031, a1=0.030, a11=0.029, a28=0.028, a18=0.027]
  s=   49 a= 17 r= -3.5099 cum=     -4.82 v=+19.0630 top5=[a43=0.032, a1=0.029, a11=0.028, a28=0.027, a36=0.027]
  s=   50 a= 23 r= -0.4087 cum=     -5.23 v=+18.5906 top5=[a43=0.032, a1=0.029, a11=0.027, a28=0.027, a36=0.027]
    state: year=0 month=5 season=0 money=9 credit=0 people=28 busy=0 free=28 home_places=50 need_workers=0 tax_due=0 main_tax_due=0 tax_amount=6794 main_tax_amount=0 days_alive=63 stage=0 res0=0 res1=400 res2=0 res3=0 res4=0 res5=0 res6=0 res7=0 res8=0 Road=1 Apiary=1 AirStation=3 | nw=1531006.4959
  s=   51 a= 22 r= -0.4206 cum=     -5.65 v=+18.1304 top5=[a43=0.032, a1=0.029, a11=0.027, a28=0.027, a36=0.027]
  s=   52 a= 25 r= -0.4245 cum=     -6.07 v=+17.7140 top5=[a43=0.032, a1=0.029, a28=0.027, a11=0.027, a36=0.027]
  s=   53 a= 10 r= -0.4365 cum=     -6.51 v=+17.3339 top5=[a43=0.031, a1=0.029, a28=0.027, a11=0.027, a36=0.027]
  s=   54 a=  0 r= +0.1926 cum=     -6.32 v=+17.0201 top5=[a43=0.031, a1=0.029, a28=0.027, a11=0.027, a36=0.027]
  s=   55 a= 25 r= -0.4416 cum=     -6.76 v=+16.8206 top5=[a43=0.031, a1=0.029, a28=0.027, a11=0.027, a16=0.027]
  s=   56 a=  0 r= +0.1873 cum=     -6.57 v=+16.6334 top5=[a43=0.031, a1=0.029, a28=0.027, a11=0.027, a16=0.027]
  s=   57 a= 30 r= -0.4490 cum=     -7.02 v=+16.4576 top5=[a43=0.031, a1=0.029, a28=0.027, a16=0.027, a11=0.027]
  s=   58 a= 21 r= -0.4465 cum=     -7.47 v=+16.2943 top5=[a43=0.031, a1=0.029, a28=0.027, a16=0.027, a11=0.026]
  s=   59 a= 25 r= -3.6536 cum=    -11.12 v=+16.1480 top5=[a43=0.031, a1=0.029, a28=0.027, a16=0.027, a11=0.026]
  s=   60 a= 29 r= -0.4505 cum=    -11.57 v=+16.0358 top5=[a43=0.031, a1=0.029, a28=0.027, a16=0.027, a11=0.026]
  s=   61 a= 26 r= -0.4394 cum=    -12.01 v=+15.9319 top5=[a43=0.031, a1=0.029, a28=0.027, a16=0.027, a11=0.026]
  s=   62 a=  9 r= -0.4428 cum=    -12.45 v=+15.8684 top5=[a43=0.031, a1=0.029, a28=0.027, a16=0.027, a18=0.026]
  s=   63 a= 36 r= +0.2170 cum=    -12.24 v=+15.8079 top5=[a43=0.030, a1=0.029, a28=0.027, a16=0.027, a18=0.026]
  s=   64 a= 16 r= -0.4431 cum=    -12.68 v=+15.7952 top5=[a43=0.030, a1=0.029, a28=0.027, a16=0.027, a18=0.026]
  s=   65 a= 39 r= -0.4438 cum=    -13.12 v=+15.7990 top5=[a43=0.030, a1=0.029, a28=0.027, a16=0.027, a18=0.026]
  s=   66 a= 38 r= +2.1366 cum=    -10.99 v=+15.8383 top5=[a43=0.030, a1=0.029, a28=0.027, a16=0.027, a18=0.026]
  s=   67 a= 43 r= -0.4693 cum=    -11.46 v=+15.7280 top5=[a43=0.031, a16=0.028, a1=0.028, a11=0.026, a18=0.026]
  s=   68 a= 31 r= -0.4461 cum=    -11.90 v=+15.6802 top5=[a43=0.031, a1=0.028, a16=0.028, a11=0.026, a18=0.026]
  s=   69 a= 27 r= -3.7403 cum=    -15.64 v=+15.6674 top5=[a43=0.031, a1=0.028, a16=0.028, a11=0.026, a28=0.026]
  s=   70 a= 43 r= -0.4595 cum=    -16.10 v=+15.6809 top5=[a43=0.032, a1=0.028, a16=0.028, a11=0.026, a28=0.026]
  s=   71 a= 14 r= -0.4626 cum=    -16.56 v=+15.6938 top5=[a43=0.032, a1=0.028, a16=0.028, a11=0.026, a28=0.026]
  s=   72 a= 19 r= -0.4507 cum=    -17.01 v=+15.7252 top5=[a43=0.032, a1=0.028, a16=0.028, a11=0.027, a28=0.026]
  s=   73 a= 17 r= -0.4625 cum=    -17.48 v=+15.7557 top5=[a43=0.032, a1=0.029, a16=0.028, a11=0.027, a28=0.026]
  s=   74 a= 39 r= +2.1578 cum=    -15.32 v=+15.8109 top5=[a43=0.032, a1=0.029, a16=0.028, a11=0.027, a28=0.026]
  s=   75 a= 44 r= +0.5070 cum=    -14.81 v=+15.8431 top5=[a43=0.031, a1=0.030, a28=0.028, a11=0.027, a18=0.026]
  s=   76 a=  4 r= -0.4549 cum=    -15.27 v=+15.9348 top5=[a43=0.031, a1=0.030, a28=0.028, a11=0.027, a18=0.027]
  s=   77 a= 23 r= -0.4666 cum=    -15.73 v=+16.0565 top5=[a43=0.031, a1=0.030, a28=0.028, a11=0.027, a18=0.027]
  s=   78 a= 43 r= -0.4605 cum=    -16.19 v=+16.1704 top5=[a43=0.031, a1=0.030, a28=0.028, a11=0.027, a18=0.027]
  s=   79 a= 29 r= -3.7678 cum=    -19.96 v=+16.2900 top5=[a43=0.031, a1=0.031, a28=0.028, a11=0.027, a18=0.027]
  s=   80 a=  4 r= -0.4511 cum=    -20.41 v=-12.5852 top5=[a4=0.301, a0=0.089, a44=0.066, a38=0.057, a43=0.057]
  s=   81 a= 30 r= -0.4538 cum=    -20.87 v= +6.4831 top5=[a4=0.185, a0=0.071, a44=0.062, a43=0.061, a19=0.052]
  s=   82 a=  4 r= -0.4565 cum=    -21.32 v=+13.3452 top5=[a4=0.142, a0=0.061, a43=0.060, a44=0.057, a19=0.049]
  s=   83 a= 27 r= -0.4592 cum=    -21.78 v=+16.7334 top5=[a4=0.119, a43=0.058, a44=0.055, a0=0.054, a19=0.048]
  s=   84 a= 43 r= -0.4528 cum=    -22.24 v=+18.3208 top5=[a4=0.105, a43=0.056, a44=0.052, a0=0.049, a19=0.046]
  s=   85 a= 18 r= -0.4644 cum=    -22.70 v=+19.1829 top5=[a4=0.095, a43=0.054, a44=0.050, a0=0.045, a19=0.045]
  s=   86 a= 40 r= +0.3546 cum=    -22.35 v=+19.5339 top5=[a4=0.087, a43=0.052, a44=0.049, a19=0.044, a0=0.043]
  s=   87 a= 23 r= +0.8786 cum=    -21.47 v=+19.6521 top5=[a4=0.082, a43=0.051, a44=0.047, a19=0.043, a1=0.042]
  s=   88 a= 34 r= -0.4704 cum=    -21.94 v=+19.7015 top5=[a4=0.077, a43=0.050, a44=0.046, a19=0.042, a1=0.042]
  s=   89 a=  8 r= -3.8394 cum=    -25.78 v=+19.6681 top5=[a4=0.074, a43=0.049, a44=0.045, a1=0.042, a19=0.041]
  s=   90 a= 40 r= -0.4546 cum=    -26.23 v=+19.5873 top5=[a4=0.071, a43=0.049, a44=0.044, a1=0.041, a19=0.040]
  s=   91 a= 21 r= -0.4634 cum=    -26.69 v=+19.3785 top5=[a4=0.068, a43=0.048, a44=0.043, a1=0.041, a19=0.039]
  s=   92 a= 36 r= +0.6412 cum=    -26.05 v=+18.9471 top5=[a4=0.066, a43=0.047, a44=0.043, a1=0.041, a19=0.039]
  s=   93 a= 19 r= -0.4584 cum=    -26.51 v=+18.4955 top5=[a4=0.064, a43=0.047, a44=0.042, a1=0.040, a19=0.038]
  s=   94 a= 26 r= -0.4699 cum=    -26.98 v=+18.1870 top5=[a4=0.062, a43=0.046, a44=0.041, a1=0.040, a19=0.038]
  s=   95 a= 43 r= -0.4723 cum=    -27.45 v=+17.8701 top5=[a4=0.061, a43=0.046, a44=0.041, a1=0.040, a19=0.037]
  s=   96 a= 17 r= -0.4746 cum=    -27.93 v=+17.5683 top5=[a4=0.059, a43=0.045, a44=0.040, a1=0.039, a19=0.037]
  s=   97 a= 40 r= -0.4770 cum=    -28.41 v=+17.2731 top5=[a4=0.058, a43=0.045, a44=0.040, a1=0.039, a19=0.036]
  s=   98 a= 16 r= -0.4701 cum=    -28.88 v=+17.0185 top5=[a4=0.057, a43=0.045, a44=0.040, a1=0.039, a19=0.036]
  s=   99 a= 24 r= -3.9176 cum=    -32.79 v=+16.7610 top5=[a4=0.056, a43=0.044, a44=0.039, a1=0.039, a19=0.036]
  s=  100 a= 35 r= +0.2036 cum=    -32.59 v=+16.5060 top5=[a4=0.055, a43=0.044, a44=0.039, a1=0.039, a34=0.035]
    state: year=0 month=6 season=1 money=0 credit=0 people=28 busy=0 free=28 home_places=50 need_workers=5 tax_due=0 main_tax_due=0 tax_amount=6798 main_tax_amount=0 days_alive=113 stage=0 res0=0 res1=200 res2=0 res3=0 res4=0 res5=0 res6=0 res7=0 res8=0 Road=1 Apiary=1 AirStation=3 | nw=1530129.3589
  s=  101 a= 44 r= +0.5379 cum=    -32.05 v=+16.2235 top5=[a4=0.055, a43=0.043, a44=0.039, a1=0.038, a34=0.035]
  s=  102 a= 15 r= -0.4735 cum=    -32.53 v=+15.9526 top5=[a4=0.054, a43=0.043, a44=0.038, a1=0.038, a34=0.035]
  s=  103 a=  8 r= -0.4665 cum=    -32.99 v=+15.6929 top5=[a4=0.053, a43=0.043, a44=0.038, a1=0.038, a34=0.035]
  s=  104 a= 44 r= +0.5448 cum=    -32.45 v=+15.4471 top5=[a4=0.053, a43=0.043, a1=0.038, a44=0.038, a34=0.035]
  s=  105 a=  0 r= +0.2045 cum=    -32.24 v=+15.1797 top5=[a4=0.053, a43=0.043, a1=0.038, a44=0.038, a34=0.036]
  s=  106 a= 43 r= -0.4815 cum=    -32.72 v=+14.9174 top5=[a4=0.052, a43=0.042, a1=0.038, a44=0.037, a34=0.036]
  s=  107 a= 37 r= -6.8989 cum=    -39.62 v=+14.6948 top5=[a4=0.052, a43=0.042, a1=0.038, a44=0.037, a34=0.036]
  s=  108 a=  1 r= -0.0920 cum=    -39.72 v=+13.2744 top5=[a4=0.053, a43=0.043, a44=0.042, a34=0.038, a22=0.037]
  s=  109 a=  8 r= -3.6280 cum=    -43.34 v= +6.3571 top5=[a44=0.041, a4=0.041, a43=0.040, a22=0.039, a19=0.038]
  s=  110 a= 10 r= -0.4290 cum=    -43.77 v= +6.4103 top5=[a4=0.041, a44=0.041, a43=0.040, a22=0.039, a34=0.038]
  s=  111 a= 20 r= -0.4309 cum=    -44.20 v= +6.4399 top5=[a4=0.041, a44=0.041, a43=0.040, a22=0.038, a34=0.038]
  s=  112 a= 34 r= -0.4328 cum=    -44.64 v= +6.4628 top5=[a4=0.041, a44=0.040, a43=0.040, a22=0.038, a34=0.038]
  s=  113 a= 18 r= -0.4347 cum=    -45.07 v= +6.4922 top5=[a4=0.041, a44=0.040, a43=0.040, a22=0.038, a34=0.038]
  s=  114 a= 42 r= -0.2768 cum=    -45.35 v= +6.5066 top5=[a4=0.041, a43=0.040, a44=0.040, a22=0.038, a34=0.037]
  s=  115 a= 11 r= -0.9214 cum=    -46.27 v=-24.4741 top5=[a38=0.039, a39=0.037, a26=0.037, a21=0.035, a40=0.031]
  s=  116 a= 39 r= -0.9252 cum=    -47.19 v=-24.4954 top5=[a38=0.038, a39=0.037, a26=0.037, a21=0.034, a40=0.031]
  s=  117 a= 19 r= -0.9290 cum=    -48.12 v=-24.4910 top5=[a38=0.038, a39=0.037, a26=0.036, a21=0.033, a40=0.031]
  s=  118 a= 40 r= -0.9328 cum=    -49.06 v=-24.4639 top5=[a38=0.038, a39=0.037, a26=0.035, a21=0.033, a40=0.032]
  s=  119 a= 38 r= -1.5925 cum=    -50.65 v=-24.4195 top5=[a38=0.037, a39=0.036, a26=0.034, a21=0.032, a40=0.032]
  s=  120 a= 24 r= +6.5384 cum=    -44.11 v=-26.0722 top5=[a38=0.038, a39=0.037, a40=0.032, a21=0.032, a26=0.031]
  s=  121 a= 43 r= -0.8752 cum=    -44.98 v=-10.9881 top5=[a38=0.037, a26=0.034, a1=0.033, a39=0.033, a25=0.032]
  s=  122 a= 19 r= -0.8704 cum=    -45.86 v=-11.1067 top5=[a38=0.037, a26=0.034, a39=0.033, a1=0.033, a25=0.032]
  s=  123 a= 34 r= -6.1189 cum=    -51.97 v=-11.2349 top5=[a38=0.036, a26=0.033, a39=0.033, a1=0.032, a25=0.031]
  s=  124 a= 26 r= -0.8484 cum=    -52.82 v= -8.4165 top5=[a38=0.042, a1=0.037, a26=0.037, a39=0.034, a21=0.034]
  s=  125 a=  1 r= -3.2696 cum=    -56.09 v= -8.6359 top5=[a38=0.041, a1=0.037, a26=0.037, a39=0.034, a21=0.033]
  s=  126 a= 24 r= -0.8509 cum=    -56.94 v=-10.2683 top5=[a38=0.043, a1=0.038, a26=0.036, a39=0.036, a21=0.034]
  s=  127 a= 44 r= +0.0253 cum=    -56.92 v=-10.3787 top5=[a38=0.043, a1=0.038, a39=0.036, a26=0.036, a21=0.034]
  s=  128 a= 40 r= -0.8606 cum=    -57.78 v=-10.4876 top5=[a38=0.043, a1=0.037, a39=0.036, a26=0.035, a21=0.034]
  s=  129 a= 28 r= -3.8173 cum=    -61.60 v=-10.4320 top5=[a1=0.040, a26=0.039, a38=0.034, a34=0.032, a20=0.030]
  s=  130 a= 23 r= -0.8549 cum=    -62.45 v=-10.3256 top5=[a1=0.040, a26=0.038, a38=0.034, a34=0.032, a20=0.030]
  s=  131 a= 23 r= -0.8582 cum=    -63.31 v=-10.2548 top5=[a1=0.040, a26=0.038, a38=0.034, a34=0.032, a20=0.029]
  s=  132 a= 23 r= -0.8616 cum=    -64.17 v=-10.1919 top5=[a1=0.039, a26=0.037, a38=0.034, a34=0.032, a44=0.029]
  s=  133 a= 10 r= -0.8679 cum=    -65.04 v=-10.1463 top5=[a1=0.039, a26=0.037, a38=0.034, a34=0.032, a39=0.030]
  s=  134 a=  5 r= -0.8712 cum=    -65.91 v=-10.1324 top5=[a1=0.039, a26=0.036, a38=0.034, a34=0.032, a39=0.030]
  s=  135 a= 16 r= -0.8746 cum=    -66.78 v=-10.1387 top5=[a1=0.039, a26=0.036, a38=0.034, a34=0.032, a39=0.030]
  s=  136 a= 35 r= +0.2364 cum=    -66.55 v=-10.1581 top5=[a1=0.038, a26=0.036, a38=0.034, a34=0.032, a39=0.030]
  s=  137 a= 40 r= -0.8808 cum=    -67.43 v=-10.0370 top5=[a1=0.038, a26=0.035, a38=0.034, a34=0.032, a39=0.030]
  s=  138 a= 29 r= -0.8708 cum=    -68.30 v=-10.0735 top5=[a1=0.038, a26=0.035, a38=0.034, a34=0.032, a39=0.030]
  s=  139 a= 23 r= -3.9024 cum=    -72.20 v=-10.1127 top5=[a1=0.038, a26=0.035, a38=0.034, a34=0.032, a39=0.031]
  s=  140 a= 44 r= +0.0127 cum=    -72.19 v=-10.1619 top5=[a1=0.038, a26=0.035, a38=0.034, a34=0.032, a39=0.031]
  s=  141 a= 10 r= -0.8840 cum=    -73.07 v=-10.2057 top5=[a1=0.037, a38=0.035, a26=0.034, a34=0.032, a39=0.031]
  s=  142 a= 13 r= -0.8872 cum=    -73.96 v=-10.2548 top5=[a1=0.037, a38=0.035, a26=0.034, a34=0.032, a39=0.031]
  s=  143 a= 18 r= -0.8636 cum=    -74.82 v=-10.3052 top5=[a1=0.037, a38=0.035, a26=0.034, a34=0.032, a39=0.031]
  s=  144 a= 20 r= -0.9024 cum=    -75.73 v=-12.9507 top5=[a38=0.036, a34=0.035, a26=0.034, a39=0.033, a1=0.033]
  s=  145 a=  2 r= -0.9032 cum=    -76.63 v= -8.7702 top5=[a25=0.061, a40=0.041, a34=0.035, a39=0.033, a44=0.033]
  s=  146 a= 19 r= -0.9147 cum=    -77.54 v= -8.5551 top5=[a25=0.056, a40=0.038, a34=0.035, a39=0.033, a44=0.032]
  s=  147 a=  8 r= -0.9210 cum=    -78.46 v= -8.0646 top5=[a25=0.050, a34=0.035, a40=0.034, a39=0.034, a38=0.033]
  s=  148 a= 39 r= +1.5209 cum=    -76.94 v= -7.8255 top5=[a25=0.047, a34=0.034, a39=0.034, a38=0.034, a40=0.032]
  s=  149 a=  8 r= -3.9736 cum=    -80.92 v= -9.0646 top5=[a25=0.042, a38=0.035, a26=0.034, a39=0.034, a40=0.032]
  s=  150 a= 30 r= -0.9129 cum=    -81.83 v= -9.2960 top5=[a25=0.041, a38=0.036, a26=0.034, a39=0.034, a40=0.032]
    state: year=0 month=8 season=1 money=871 credit=54465 people=28 busy=0 free=28 home_places=50 need_workers=4 tax_due=0 main_tax_due=0 tax_amount=6798 main_tax_amount=0 days_alive=175 stage=0 res0=0 res1=200 res2=0 res3=0 res4=0 res5=0 res6=0 res7=0 res8=0 Road=1 Hothouse=1 AirStation=3 | nw=1483410.8661
  s=  151 a=  1 r= -3.6500 cum=    -85.48 v= -9.8058 top5=[a25=0.040, a38=0.036, a26=0.035, a39=0.034, a40=0.031]
  s=  152 a= 24 r= -0.9169 cum=    -86.40 v=-12.7557 top5=[a25=0.041, a38=0.039, a39=0.036, a26=0.035, a40=0.031]
  s=  153 a= 21 r= -0.9201 cum=    -87.32 v=-13.2520 top5=[a25=0.040, a38=0.039, a39=0.037, a26=0.035, a1=0.031]
  s=  154 a= 13 r= +6.0403 cum=    -81.28 v=-57.5522 top5=[a38=0.095, a34=0.075, a44=0.068, a24=0.035, a26=0.034]
  s=  155 a= 35 r= +0.7184 cum=    -80.56 v=-57.8285 top5=[a38=0.085, a34=0.069, a44=0.066, a12=0.034, a26=0.034]
  s=  156 a= 24 r= -0.4672 cum=    -81.03 v=-59.2069 top5=[a38=0.076, a34=0.062, a44=0.061, a12=0.036, a39=0.033]
  s=  157 a=  4 r= -0.4611 cum=    -81.49 v=-60.3027 top5=[a38=0.073, a34=0.060, a44=0.058, a12=0.036, a39=0.036]
  s=  158 a= 29 r= -0.4708 cum=    -81.96 v=-61.0382 top5=[a38=0.074, a34=0.058, a44=0.056, a39=0.038, a12=0.036]
  s=  159 a= 25 r= -3.4001 cum=    -85.36 v=-61.8554 top5=[a38=0.075, a34=0.058, a44=0.056, a39=0.039, a12=0.037]
  s=  160 a= 13 r= -0.4732 cum=    -85.83 v=-62.6391 top5=[a38=0.075, a34=0.057, a44=0.054, a39=0.040, a12=0.036]
  s=  161 a= 23 r= -0.4615 cum=    -86.29 v=-63.2352 top5=[a38=0.075, a34=0.056, a44=0.054, a39=0.041, a12=0.036]
  s=  162 a= 14 r= -0.4608 cum=    -86.75 v=-63.6646 top5=[a38=0.074, a34=0.056, a44=0.054, a39=0.042, a12=0.036]
  s=  163 a= 38 r= +1.8785 cum=    -84.88 v=-64.0267 top5=[a38=0.073, a34=0.055, a44=0.053, a39=0.042, a12=0.036]
  s=  164 a= 36 r= +0.4244 cum=    -84.45 v=-62.6208 top5=[a38=0.069, a34=0.051, a44=0.050, a39=0.049, a12=0.034]
  s=  165 a= 44 r= +0.4043 cum=    -84.05 v=-62.7911 top5=[a38=0.069, a44=0.050, a34=0.050, a39=0.049, a12=0.033]
  s=  166 a= 34 r= -0.4751 cum=    -84.52 v=-62.9686 top5=[a38=0.068, a44=0.051, a34=0.049, a39=0.049, a12=0.034]
  s=  167 a= 21 r= -0.4824 cum=    -85.00 v=-63.1545 top5=[a38=0.067, a44=0.051, a39=0.048, a34=0.048, a12=0.034]
  s=  168 a= 43 r= -0.4759 cum=    -85.48 v=-63.2426 top5=[a38=0.067, a44=0.051, a39=0.048, a34=0.047, a12=0.034]
  s=  169 a=  6 r= -2.2589 cum=    -87.74 v=-63.2745 top5=[a38=0.066, a44=0.050, a39=0.047, a34=0.046, a12=0.034]
  s=  170 a=  2 r= -0.4835 cum=    -88.22 v=-63.2563 top5=[a38=0.066, a44=0.050, a39=0.047, a34=0.046, a12=0.035]
  s=  171 a= 18 r= -0.4853 cum=    -88.71 v=-63.1734 top5=[a38=0.066, a44=0.050, a39=0.047, a34=0.045, a12=0.035]
  s=  172 a= 40 r= +0.1082 cum=    -88.60 v=-63.0644 top5=[a38=0.065, a44=0.050, a39=0.046, a34=0.044, a12=0.035]
  s=  173 a= 43 r= -0.4915 cum=    -89.09 v=-62.8659 top5=[a38=0.064, a44=0.049, a39=0.046, a34=0.044, a12=0.035]
  s=  174 a= 11 r= -5.9835 cum=    -95.07 v=-62.6803 top5=[a38=0.064, a44=0.049, a39=0.046, a34=0.043, a12=0.036]
  s=  175 a= 18 r= -0.4886 cum=    -95.56 v=-62.4722 top5=[a38=0.065, a44=0.049, a39=0.046, a34=0.042, a12=0.036]
  s=  176 a= 35 r= +0.1045 cum=    -95.46 v=-62.2277 top5=[a38=0.065, a44=0.049, a39=0.045, a34=0.042, a12=0.036]
  s=  177 a= 39 r= +1.8480 cum=    -93.61 v=-61.9627 top5=[a38=0.065, a44=0.049, a39=0.045, a34=0.041, a12=0.036]
  s=  178 a= 38 r= +1.8588 cum=    -91.75 v=-64.3991 top5=[a38=0.067, a44=0.049, a34=0.045, a12=0.042, a39=0.041]
  s=  179 a= 12 r= -3.3825 cum=    -95.13 v=-61.3746 top5=[a38=0.064, a44=0.049, a39=0.045, a34=0.040, a12=0.037]
  s=  180 a=  9 r= -0.4829 cum=    -95.62 v=-61.0094 top5=[a38=0.064, a44=0.049, a39=0.044, a34=0.040, a12=0.037]
  s=  181 a= 44 r= +0.3926 cum=    -95.22 v=-60.6537 top5=[a38=0.064, a44=0.049, a39=0.044, a34=0.040, a12=0.037]
  s=  182 a= 26 r= -0.4888 cum=    -95.71 v=-60.3061 top5=[a38=0.064, a44=0.049, a39=0.044, a34=0.039, a12=0.037]
  s=  183 a=  4 r= -0.5040 cum=    -96.22 v=-59.9889 top5=[a38=0.064, a44=0.049, a39=0.044, a34=0.039, a12=0.038]
  s=  184 a= 40 r= -0.4921 cum=    -96.71 v=-59.6067 top5=[a38=0.055, a44=0.045, a34=0.044, a39=0.042, a14=0.034]
  s=  185 a=  2 r= -0.5018 cum=    -97.21 v=-59.3143 top5=[a38=0.055, a44=0.045, a34=0.044, a39=0.042, a14=0.034]
  s=  186 a= 19 r= -0.5064 cum=    -97.72 v=-59.0140 top5=[a38=0.055, a44=0.045, a34=0.043, a39=0.042, a12=0.034]
  s=  187 a= 13 r= -0.5001 cum=    -98.22 v=-58.7093 top5=[a38=0.055, a44=0.045, a34=0.043, a39=0.042, a12=0.034]
  s=  188 a= 20 r= -0.5074 cum=    -98.73 v=-58.1811 top5=[a38=0.054, a44=0.044, a34=0.042, a39=0.041, a12=0.034]
  s=  189 a= 11 r= -3.4711 cum=   -102.20 v=-57.5545 top5=[a38=0.054, a44=0.044, a34=0.041, a39=0.041, a12=0.034]
  s=  190 a= 22 r= -0.5040 cum=   -102.70 v=-56.9642 top5=[a38=0.054, a44=0.044, a39=0.041, a34=0.041, a12=0.034]
  s=  191 a= 20 r= -0.5057 cum=   -103.21 v=-56.3465 top5=[a38=0.054, a44=0.043, a39=0.041, a34=0.040, a12=0.034]
  s=  192 a= 31 r= -0.4993 cum=   -103.71 v=-55.7624 top5=[a38=0.054, a44=0.043, a39=0.041, a34=0.040, a12=0.035]
  s=  193 a=  0 r= +0.0940 cum=   -103.61 v=-55.2069 top5=[a38=0.053, a44=0.043, a39=0.041, a34=0.039, a12=0.035]
  s=  194 a=  2 r= -0.5216 cum=   -104.13 v=-54.7013 top5=[a38=0.053, a44=0.043, a39=0.041, a34=0.039, a12=0.035]
  s=  195 a= 25 r= -0.5152 cum=   -104.65 v=-54.2574 top5=[a38=0.053, a44=0.042, a39=0.040, a34=0.039, a12=0.035]
  s=  196 a= 22 r= -0.5250 cum=   -105.17 v=-53.8568 top5=[a38=0.053, a44=0.042, a39=0.040, a34=0.038, a12=0.035]
  s=  197 a= 35 r= -0.5242 cum=   -105.70 v=-53.4995 top5=[a38=0.053, a44=0.042, a39=0.040, a34=0.038, a12=0.035]
  s=  198 a= 21 r= -0.5314 cum=   -106.23 v=-53.1657 top5=[a38=0.053, a44=0.042, a39=0.040, a34=0.037, a12=0.035]
  s=  199 a= 19 r= -3.5441 cum=   -109.77 v=-52.8384 top5=[a38=0.053, a44=0.042, a39=0.040, a34=0.037, a12=0.035]
  s=  200 a= 42 r= -0.3724 cum=   -110.15 v=-52.5022 top5=[a38=0.052, a44=0.042, a39=0.040, a34=0.037, a12=0.036]
    state: year=0 month=10 season=2 money=50000 credit=110985 people=28 busy=3 free=25 home_places=50 need_workers=3 tax_due=0 main_tax_due=0 tax_amount=6798 main_tax_amount=0 days_alive=231 stage=0 res0=0 res1=200 res2=0 res3=0 res4=0 res5=0 res6=0 res7=0 res8=141 Road=1 Hothouse=1 AirStation=3 | nw=1481001.7033
  s=  201 a= 20 r= -0.9841 cum=   -111.13 v=-66.8907 top5=[a38=0.045, a44=0.039, a12=0.037, a14=0.036, a39=0.035]
  s=  202 a= 15 r= -0.9900 cum=   -112.12 v=-66.1475 top5=[a38=0.045, a44=0.039, a12=0.037, a39=0.035, a14=0.035]
  s=  203 a= 31 r= +1.5465 cum=   -110.57 v=-65.4136 top5=[a38=0.045, a44=0.039, a12=0.037, a39=0.035, a14=0.035]
  s=  204 a= 16 r= -1.0010 cum=   -111.57 v=-47.9570 top5=[a38=0.048, a44=0.038, a26=0.037, a39=0.032, a4=0.032]
  s=  205 a= 41 r= -0.9981 cum=   -112.57 v=-47.7807 top5=[a38=0.048, a44=0.038, a26=0.037, a39=0.033, a4=0.032]
  s=  206 a= 14 r= +5.0062 cum=   -107.57 v=-47.5500 top5=[a38=0.049, a44=0.039, a26=0.037, a39=0.033, a4=0.032]
  s=  207 a=  1 r= -4.1604 cum=   -111.73 v=-38.4354 top5=[a38=0.048, a26=0.040, a44=0.039, a4=0.035, a21=0.031]
  s=  208 a= 19 r= +5.8705 cum=   -105.86 v=-52.8050 top5=[a38=0.051, a44=0.050, a26=0.037, a39=0.034, a12=0.033]
  s=  209 a= 35 r= -0.8458 cum=   -106.70 v=-64.1757 top5=[a44=0.051, a38=0.043, a12=0.035, a39=0.035, a14=0.031]
  s=  210 a= 15 r= -0.8639 cum=   -107.57 v=-63.4836 top5=[a44=0.051, a38=0.043, a12=0.035, a39=0.035, a14=0.031]
  s=  211 a= 33 r= -0.8616 cum=   -108.43 v=-62.8109 top5=[a44=0.051, a38=0.043, a12=0.035, a39=0.035, a14=0.031]
  s=  212 a= 41 r= -0.8642 cum=   -109.29 v=-62.1596 top5=[a44=0.051, a38=0.043, a39=0.035, a12=0.035, a14=0.031]
  s=  213 a= 18 r= -0.8618 cum=   -110.15 v=-61.4972 top5=[a44=0.051, a38=0.043, a39=0.035, a12=0.035, a14=0.031]
  s=  214 a= 36 r= +1.4124 cum=   -108.74 v=-60.8564 top5=[a44=0.051, a38=0.042, a39=0.035, a12=0.035, a14=0.030]
  s=  215 a= 10 r= -3.7414 cum=   -112.48 v=-59.2654 top5=[a44=0.051, a38=0.043, a39=0.034, a12=0.034, a14=0.030]
  s=  216 a= 38 r= +1.4427 cum=   -111.04 v=-58.6971 top5=[a44=0.051, a38=0.043, a39=0.034, a12=0.034, a14=0.030]
  s=  217 a= 39 r= +1.4256 cum=   -109.61 v=-57.6185 top5=[a44=0.053, a38=0.042, a39=0.035, a12=0.034, a33=0.030]
  s=  218 a= 35 r= -0.8819 cum=   -110.50 v=-56.8317 top5=[a44=0.054, a38=0.046, a12=0.039, a39=0.035, a40=0.032]
  s=  219 a= 13 r= +4.3472 cum=   -106.15 v=-56.4127 top5=[a44=0.054, a38=0.046, a12=0.039, a39=0.035, a40=0.032]
  s=  220 a= 28 r= -0.8422 cum=   -106.99 v=-41.3268 top5=[a44=0.052, a38=0.049, a26=0.040, a34=0.034, a39=0.032]
  s=  221 a=  4 r= -0.8623 cum=   -107.85 v=-41.3617 top5=[a44=0.052, a38=0.048, a26=0.040, a34=0.033, a39=0.032]
  s=  222 a= 30 r= -0.8676 cum=   -108.72 v=-41.4323 top5=[a44=0.051, a38=0.048, a26=0.040, a34=0.033, a39=0.032]
  s=  223 a= 39 r= +1.3958 cum=   -107.32 v=-41.4599 top5=[a44=0.051, a38=0.048, a26=0.040, a34=0.032, a39=0.032]
  s=  224 a= 14 r= -0.8579 cum=   -108.18 v=-31.0045 top5=[a38=0.053, a26=0.043, a44=0.043, a35=0.031, a16=0.030]
  s=  225 a= 35 r= -0.8836 cum=   -109.07 v=-31.1948 top5=[a38=0.053, a44=0.043, a26=0.043, a35=0.031, a16=0.030]
  s=  226 a= 40 r= +0.0470 cum=   -109.02 v=-31.5989 top5=[a38=0.053, a44=0.043, a26=0.043, a35=0.031, a21=0.030]
  s=  227 a=  7 r= -0.8837 cum=   -109.90 v=-32.2192 top5=[a38=0.053, a44=0.043, a26=0.042, a35=0.030, a21=0.030]
  s=  228 a= 19 r= -3.7381 cum=   -113.64 v=-32.5910 top5=[a38=0.053, a44=0.043, a26=0.042, a21=0.031, a35=0.030]
  s=  229 a=  6 r= -0.8850 cum=   -114.53 v=-32.9304 top5=[a38=0.053, a44=0.043, a26=0.042, a21=0.031, a35=0.030]
  s=  230 a=  3 r= -0.8981 cum=   -115.42 v=-33.2289 top5=[a38=0.053, a44=0.043, a26=0.041, a21=0.031, a12=0.030]
  s=  231 a= 20 r= -0.8850 cum=   -116.31 v=-33.4917 top5=[a38=0.053, a44=0.043, a26=0.041, a21=0.031, a12=0.030]
  s=  232 a= 26 r= -0.9086 cum=   -117.22 v=-33.7204 top5=[a38=0.053, a44=0.043, a26=0.041, a21=0.031, a12=0.030]
  s=  233 a= 40 r= -0.0682 cum=   -117.29 v=-33.9224 top5=[a38=0.053, a44=0.043, a26=0.040, a21=0.032, a12=0.031]
  s=  234 a= 26 r= -0.3408 cum=   -117.63 v=-34.1894 top5=[a38=0.053, a44=0.043, a26=0.040, a21=0.032, a12=0.031]
  s=  235 a= 35 r= -0.9198 cum=   -118.55 v=-35.0134 top5=[a38=0.053, a44=0.043, a26=0.040, a21=0.032, a12=0.031]
  s=  236 a= 18 r= -0.9190 cum=   -119.47 v=-35.0706 top5=[a38=0.053, a44=0.043, a26=0.040, a21=0.032, a12=0.031]
  s=  237 a= 26 r= -0.9244 cum=   -120.39 v=-35.1488 top5=[a38=0.053, a44=0.043, a26=0.039, a21=0.032, a12=0.031]
  s=  238 a= 14 r= +1.9304 cum=   -118.46 v=-35.2840 top5=[a38=0.053, a44=0.043, a26=0.039, a21=0.032, a12=0.031]
  s=  239 a= 34 r= -0.9343 cum=   -119.39 v=-122.4067 top5=[a12=0.167, a38=0.110, a44=0.086, a4=0.079, a36=0.061]
  s=  240 a= 24 r= -0.9233 cum=   -120.32 v=-118.5529 top5=[a12=0.155, a38=0.107, a44=0.081, a4=0.070, a36=0.056]
  s=  241 a= 23 r= -0.9388 cum=   -121.26 v=-114.9212 top5=[a12=0.139, a38=0.104, a44=0.074, a4=0.059, a36=0.053]
  s=  242 a= 12 r= +0.5075 cum=   -120.75 v=-112.4841 top5=[a12=0.128, a38=0.105, a44=0.070, a4=0.054, a36=0.049]
  s=  243 a= 35 r= -0.9281 cum=   -121.68 v=-112.5547 top5=[a38=0.112, a12=0.112, a44=0.062, a4=0.048, a36=0.044]
  s=  244 a= 26 r= -0.9441 cum=   -122.62 v=-110.8473 top5=[a38=0.112, a12=0.102, a44=0.060, a37=0.045, a4=0.045]
  s=  245 a= 22 r= +5.8551 cum=   -116.77 v=-111.2166 top5=[a38=0.107, a12=0.100, a44=0.066, a4=0.045, a36=0.043]
  s=  246 a=  9 r= -0.9286 cum=   -117.69 v=-114.7540 top5=[a38=0.109, a12=0.107, a44=0.075, a4=0.044, a36=0.042]
  s=  247 a= 38 r= +1.3443 cum=   -116.35 v=-117.6154 top5=[a38=0.113, a12=0.107, a44=0.079, a4=0.042, a36=0.042]
  s=  248 a= 23 r= -0.9523 cum=   -117.30 v=-101.9239 top5=[a38=0.092, a12=0.090, a44=0.090, a43=0.042, a14=0.033]
  s=  249 a= 37 r= -5.7303 cum=   -123.03 v=-103.9619 top5=[a44=0.098, a12=0.090, a38=0.088, a43=0.039, a14=0.035]
  s=  250 a= 23 r= -0.9230 cum=   -123.96 v=-103.0985 top5=[a38=0.085, a12=0.084, a44=0.084, a43=0.038, a4=0.037]
    state: year=0 month=12 season=3 money=1951 credit=124093 people=29 busy=4 free=25 home_places=130 need_workers=8 tax_due=0 main_tax_due=0 tax_amount=8125 main_tax_amount=0 days_alive=287 stage=0 res0=0 res1=200 res2=0 res3=0 res4=0 res5=0 res6=0 res7=0 res8=272 Road=2 House=1 SmallHouse=1 Hothouse=1 AirStation=4 | nw=1469069.1286
  s=  251 a= 33 r= -3.7516 cum=   -127.71 v=-103.6055 top5=[a38=0.085, a44=0.083, a12=0.082, a4=0.038, a43=0.037]
  s=  252 a= 29 r= -0.9330 cum=   -128.64 v=-103.8814 top5=[a38=0.084, a44=0.081, a12=0.081, a4=0.038, a43=0.036]
  s=  253 a=  1 r= -4.6317 cum=   -133.27 v=-104.0246 top5=[a38=0.083, a44=0.079, a12=0.079, a4=0.039, a43=0.036]
  s=  254 a= 40 r= +0.0302 cum=   -133.24 v=-104.3809 top5=[a38=0.082, a12=0.077, a44=0.075, a4=0.040, a36=0.036]
  s=  255 a= 23 r= -0.9466 cum=   -134.19 v=-102.9944 top5=[a38=0.083, a12=0.078, a44=0.074, a4=0.040, a36=0.036]
  s=  256 a= 38 r= +1.2843 cum=   -132.90 v=-102.6767 top5=[a38=0.081, a12=0.077, a44=0.072, a4=0.040, a36=0.036]
  s=  257 a= 43 r= +0.1463 cum=   -132.76 v=-103.9140 top5=[a12=0.080, a38=0.077, a44=0.075, a4=0.041, a36=0.038]
  s=  258 a= 22 r= -0.9563 cum=   -133.71 v=-103.3456 top5=[a12=0.079, a38=0.075, a44=0.074, a4=0.042, a36=0.038]
  s=  259 a=  4 r= -0.9545 cum=   -134.67 v=-102.6387 top5=[a12=0.077, a38=0.074, a44=0.073, a4=0.042, a36=0.038]
  s=  260 a= 41 r= -0.9572 cum=   -135.63 v=-101.9571 top5=[a12=0.075, a38=0.073, a44=0.072, a4=0.042, a36=0.038]
  s=  261 a= 41 r= -3.7969 cum=   -139.42 v=-101.3627 top5=[a12=0.074, a38=0.072, a44=0.071, a4=0.043, a36=0.038]
  s=  262 a=  1 r= -4.8926 cum=   -144.31 v=-100.7023 top5=[a12=0.072, a38=0.071, a44=0.070, a4=0.043, a36=0.038]
  s=  263 a= 44 r= -0.1336 cum=   -144.45 v=-91.2282 top5=[a12=0.155, a44=0.105, a38=0.053, a42=0.038, a16=0.033]
  s=  264 a=  5 r= -0.9639 cum=   -145.41 v=-91.1015 top5=[a12=0.151, a44=0.104, a38=0.053, a42=0.039, a16=0.033]
  s=  265 a= 30 r= -0.9811 cum=   -146.39 v=-90.9542 top5=[a12=0.148, a44=0.102, a38=0.053, a42=0.040, a16=0.033]
  s=  266 a= 16 r= -0.9752 cum=   -147.37 v=-90.7962 top5=[a12=0.144, a44=0.101, a38=0.053, a42=0.040, a16=0.033]
  s=  267 a= 43 r= -0.9867 cum=   -148.36 v=-90.6316 top5=[a12=0.141, a44=0.099, a38=0.052, a42=0.041, a16=0.034]
  s=  268 a= 11 r= -0.9884 cum=   -149.34 v=-90.4609 top5=[a12=0.138, a44=0.097, a38=0.052, a42=0.042, a16=0.034]
  s=  269 a= 22 r= -0.9945 cum=   -150.34 v=-90.2867 top5=[a12=0.135, a44=0.096, a38=0.052, a42=0.043, a16=0.034]
  s=  270 a= 15 r= -1.0012 cum=   -151.34 v=-90.1094 top5=[a12=0.132, a44=0.095, a38=0.052, a42=0.044, a16=0.034]
  s=  271 a= 44 r= -2.9614 cum=   -154.30 v=-89.9407 top5=[a12=0.129, a44=0.093, a38=0.051, a42=0.045, a16=0.034]
  s=  272 a=  7 r= -1.0104 cum=   -155.31 v=-89.7917 top5=[a12=0.126, a44=0.092, a38=0.051, a42=0.046, a16=0.034]
  s=  273 a= 31 r= -0.9936 cum=   -156.30 v=-89.6176 top5=[a12=0.124, a44=0.090, a38=0.051, a42=0.047, a16=0.034]
  s=  274 a= 27 r= -1.0020 cum=   -157.31 v=-89.4495 top5=[a12=0.121, a44=0.089, a38=0.051, a42=0.047, a16=0.034]
  s=  275 a=  8 r= -1.0145 cum=   -158.32 v=-89.2677 top5=[a12=0.119, a44=0.088, a38=0.051, a42=0.048, a16=0.034]
  s=  276 a= 37 r= -5.6776 cum=   -164.00 v=-89.1787 top5=[a12=0.116, a44=0.086, a38=0.050, a42=0.049, a16=0.034]
  s=  277 a= 34 r= -1.0107 cum=   -165.01 v=-88.5226 top5=[a12=0.111, a44=0.073, a42=0.052, a38=0.048, a36=0.036]
  s=  278 a=  0 r= -0.4317 cum=   -165.44 v=-88.3517 top5=[a12=0.109, a44=0.072, a42=0.052, a38=0.048, a36=0.036]
  s=  279 a= 39 r= -1.0162 cum=   -166.46 v=-88.1468 top5=[a12=0.107, a44=0.071, a42=0.052, a38=0.048, a36=0.036]
  s=  280 a= 12 r= +0.3795 cum=   -166.08 v=-87.9447 top5=[a12=0.105, a44=0.070, a42=0.052, a38=0.048, a36=0.036]
  s=  281 a= 12 r= +0.3562 cum=   -165.72 v=-88.5086 top5=[a12=0.099, a44=0.068, a38=0.051, a42=0.041, a36=0.035]
  s=  282 a= 42 r= -1.0230 cum=   -166.74 v=-87.6706 top5=[a12=0.093, a44=0.068, a38=0.055, a36=0.036, a43=0.034]
  s=  283 a= 26 r= -1.0178 cum=   -167.76 v=-86.6716 top5=[a12=0.091, a44=0.068, a38=0.055, a36=0.036, a43=0.034]
  s=  284 a= 41 r= -1.0376 cum=   -168.80 v=-85.7961 top5=[a12=0.088, a44=0.067, a38=0.055, a36=0.037, a43=0.034]
  s=  285 a= 19 r= -1.0414 cum=   -169.84 v=-84.8890 top5=[a12=0.086, a44=0.067, a38=0.055, a36=0.037, a43=0.034]
  s=  286 a=  4 r= -1.0385 cum=   -170.88 v=-83.9890 top5=[a12=0.083, a44=0.066, a38=0.055, a36=0.037, a43=0.034]
  s=  287 a=  1 r= -0.6931 cum=   -171.57 v=-87.9025 top5=[a12=0.089, a44=0.067, a38=0.053, a42=0.036, a36=0.034]
  s=  288 a= 14 r= -1.0500 cum=   -172.62 v=-102.4762 top5=[a12=0.098, a42=0.096, a44=0.063, a38=0.044, a43=0.033]
  s=  289 a= 44 r= -0.2034 cum=   -172.83 v=-101.7592 top5=[a12=0.096, a42=0.094, a44=0.062, a38=0.044, a43=0.033]
  s=  290 a= 42 r= -3.9132 cum=   -176.74 v=-101.0191 top5=[a12=0.095, a42=0.091, a44=0.062, a38=0.045, a43=0.033]
  s=  291 a= 41 r= -1.0540 cum=   -177.79 v=-100.2938 top5=[a12=0.093, a42=0.088, a44=0.061, a38=0.045, a43=0.033]
  s=  292 a= 42 r= -1.0593 cum=   -178.85 v=-99.6080 top5=[a12=0.092, a42=0.085, a44=0.061, a38=0.045, a43=0.033]
  s=  293 a= 18 r= -1.0618 cum=   -179.91 v=-98.9464 top5=[a12=0.090, a42=0.083, a44=0.060, a38=0.045, a43=0.033]
  s=  294 a= 28 r= -1.0749 cum=   -180.99 v=-98.2983 top5=[a12=0.089, a42=0.081, a44=0.060, a38=0.045, a43=0.033]
  s=  295 a= 20 r= -1.0724 cum=   -182.06 v=-97.6487 top5=[a12=0.088, a42=0.078, a44=0.060, a38=0.045, a43=0.033]
  s=  296 a= 20 r= -1.0827 cum=   -183.14 v=-97.0096 top5=[a12=0.087, a42=0.076, a44=0.059, a38=0.045, a43=0.033]
  s=  297 a=  3 r= -1.0881 cum=   -184.23 v=-96.3804 top5=[a12=0.086, a42=0.073, a44=0.059, a38=0.045, a43=0.033]
  s=  298 a= 38 r= +1.1008 cum=   -183.13 v=-95.7599 top5=[a12=0.086, a42=0.071, a44=0.059, a38=0.045, a43=0.033]
  s=  299 a= 20 r= -1.2356 cum=   -184.37 v=-94.2728 top5=[a12=0.090, a42=0.063, a44=0.062, a38=0.043, a43=0.034]
  s=  300 a= 32 r= -4.1088 cum=   -188.48 v=-93.6641 top5=[a12=0.089, a44=0.062, a42=0.061, a38=0.043, a43=0.034]
    state: year=1 month=2 season=3 money=5121 credit=140706 people=30 busy=3 free=27 home_places=110 need_workers=7 tax_due=0 main_tax_due=0 tax_amount=7785 main_tax_amount=0 days_alive=350 stage=0 res0=0 res1=400 res2=0 res3=0 res4=0 res5=0 res6=0 res7=0 res8=413 Road=4 House=1 Hothouse=1 AirStation=4 | nw=1453808.1214
  s=  301 a= 43 r= -1.2240 cum=   -189.70 v=-93.0681 top5=[a12=0.088, a44=0.061, a42=0.059, a38=0.043, a43=0.034]
  s=  302 a= 18 r= -1.2078 cum=   -190.91 v=-92.4844 top5=[a12=0.087, a44=0.061, a42=0.057, a38=0.043, a43=0.034]
  s=  303 a= 12 r= +0.1854 cum=   -190.72 v=-91.9142 top5=[a12=0.086, a44=0.060, a42=0.056, a38=0.044, a43=0.034]
  s=  304 a=  7 r= -1.2255 cum=   -191.95 v=-89.4119 top5=[a12=0.082, a44=0.060, a38=0.045, a42=0.038, a43=0.034]
  s=  305 a= 35 r= -0.1528 cum=   -192.10 v=-88.5095 top5=[a12=0.081, a44=0.060, a38=0.045, a42=0.036, a43=0.034]
  s=  306 a= 22 r= -0.6754 cum=   -192.78 v=-87.5807 top5=[a12=0.079, a44=0.060, a38=0.045, a42=0.034, a43=0.034]
  s=  307 a= 26 r= -1.2231 cum=   -194.00 v=-86.7556 top5=[a12=0.076, a44=0.059, a38=0.045, a43=0.034, a42=0.034]
  s=  308 a= 36 r= +1.3920 cum=   -192.61 v=-85.9414 top5=[a12=0.075, a44=0.059, a38=0.044, a43=0.034, a42=0.032]
  s=  309 a= 16 r= -1.2295 cum=   -193.84 v=-84.7284 top5=[a12=0.072, a44=0.059, a38=0.044, a43=0.034, a16=0.032]
  s=  310 a= 29 r= -1.2365 cum=   -195.07 v=-90.1787 top5=[a12=0.077, a44=0.059, a38=0.046, a42=0.043, a43=0.035]
  s=  311 a= 18 r= -1.2475 cum=   -196.32 v=-89.3476 top5=[a12=0.076, a44=0.059, a38=0.046, a42=0.041, a43=0.035]
  s=  312 a= 25 r= -4.1767 cum=   -200.50 v=-88.5331 top5=[a12=0.074, a44=0.059, a38=0.046, a42=0.040, a43=0.034]
  s=  313 a= 11 r= -1.2766 cum=   -201.77 v=-87.7289 top5=[a12=0.073, a44=0.059, a38=0.046, a42=0.038, a43=0.034]
  s=  314 a= 12 r= +0.1744 cum=   -201.60 v=-87.0052 top5=[a12=0.071, a44=0.059, a38=0.046, a42=0.037, a43=0.034]
  s=  315 a= 16 r= +1.6308 cum=   -199.97 v=-82.0214 top5=[a12=0.063, a44=0.061, a38=0.043, a43=0.034, a16=0.033]
  s=  316 a= 33 r= -3.4203 cum=   -203.39 v=-101.6785 top5=[a12=0.087, a38=0.073, a6=0.050, a37=0.041, a26=0.038]
  s=  317 a= 26 r= -3.4117 cum=   -206.80 v=-101.4291 top5=[a12=0.087, a38=0.073, a6=0.050, a37=0.041, a26=0.038]
  s=  318 a= 41 r= -3.4034 cum=   -210.20 v=-101.1944 top5=[a12=0.087, a38=0.073, a6=0.050, a37=0.042, a8=0.038]
  s=  319 a= 12 r= -1.9796 cum=   -212.18 v=-93.8256 top5=[a12=0.074, a38=0.063, a6=0.043, a26=0.040, a37=0.038]
  s=  320 a= 16 r= -3.3975 cum=   -215.58 v=-68.7092 top5=[a38=0.052, a26=0.047, a12=0.045, a43=0.039, a29=0.037]
  s=  321 a= 13 r= -3.3898 cum=   -218.97 v=-63.5125 top5=[a38=0.048, a26=0.047, a12=0.039, a43=0.038, a29=0.038]
  s=  322 a= 21 r= -3.3823 cum=   -222.35 v=-59.3665 top5=[a38=0.046, a26=0.045, a43=0.038, a29=0.037, a12=0.036]
  s=  323 a= 19 r= -3.3750 cum=   -225.73 v=-55.9194 top5=[a38=0.044, a26=0.043, a43=0.038, a29=0.036, a12=0.034]
  s=  324 a= 12 r= -0.2512 cum=   -225.98 v=-53.1748 top5=[a38=0.042, a26=0.041, a43=0.038, a29=0.036, a24=0.034]
  s=  325 a=  8 r= -3.3728 cum=   -229.35 v=-31.8568 top5=[a43=0.042, a38=0.041, a26=0.039, a29=0.038, a24=0.038]
  s=  326 a=  9 r= -3.3660 cum=   -232.72 v=-29.9939 top5=[a43=0.042, a38=0.039, a26=0.038, a24=0.038, a29=0.037]
  s=  327 a= 10 r= -3.3593 cum=   -236.08 v=-28.4534 top5=[a43=0.042, a38=0.038, a26=0.038, a24=0.038, a29=0.037]
  s=  328 a= 19 r= -3.3528 cum=   -239.43 v=-27.1263 top5=[a43=0.042, a24=0.038, a38=0.037, a26=0.037, a29=0.037]
  s=  329 a= 16 r= -3.3466 cum=   -242.78 v=-25.9799 top5=[a43=0.042, a24=0.038, a38=0.037, a29=0.036, a26=0.036]
  s=  330 a= 16 r= -3.3405 cum=   -246.12 v=-24.9516 top5=[a43=0.041, a24=0.037, a38=0.036, a29=0.036, a26=0.036]
  s=  331 a=  8 r= -3.3346 cum=   -249.45 v=-24.0686 top5=[a43=0.041, a24=0.037, a29=0.035, a38=0.035, a26=0.035]
  s=  332 a= 12 r= -1.9409 cum=   -251.39 v=-23.4322 top5=[a43=0.041, a24=0.037, a29=0.035, a38=0.035, a26=0.035]
  s=  333 a= 39 r= -1.0729 cum=   -252.47 v= -6.9167 top5=[a43=0.044, a24=0.040, a29=0.036, a4=0.036, a26=0.035]
  s=  334 a= 25 r= -3.3364 cum=   -255.80 v=-15.3619 top5=[a43=0.042, a24=0.038, a29=0.037, a4=0.036, a26=0.035]
  s=  335 a= 20 r= -3.3309 cum=   -259.13 v=-15.5590 top5=[a43=0.042, a24=0.038, a29=0.036, a4=0.036, a26=0.034]
  s=  336 a=  8 r= -3.3254 cum=   -262.46 v=-15.7111 top5=[a43=0.042, a24=0.038, a29=0.036, a4=0.036, a26=0.034]
  s=  337 a= 35 r= -2.7188 cum=   -265.18 v=-15.8505 top5=[a43=0.042, a24=0.038, a29=0.036, a4=0.035, a26=0.034]
  s=  338 a= 24 r= -3.3192 cum=   -268.50 v= -0.4724 top5=[a43=0.043, a24=0.038, a26=0.036, a29=0.036, a4=0.035]
  s=  339 a= 17 r= -3.3142 cum=   -271.81 v= -0.7514 top5=[a43=0.042, a24=0.038, a26=0.036, a29=0.035, a4=0.035]
  s=  340 a= 32 r= -3.3093 cum=   -275.12 v= -1.0747 top5=[a43=0.042, a24=0.038, a26=0.036, a29=0.035, a4=0.035]
  s=  341 a= 42 r= -5.6010 cum=   -280.72 v= -1.3874 top5=[a43=0.042, a24=0.038, a26=0.035, a29=0.035, a4=0.035]
  s=  342 a=  3 r= -3.2752 cum=   -284.00 v= -1.6898 top5=[a43=0.042, a24=0.038, a26=0.035, a29=0.035, a4=0.034]
  s=  343 a= 38 r= -1.0534 cum=   -285.05 v= -2.0043 top5=[a43=0.042, a24=0.038, a26=0.035, a29=0.034, a4=0.034]
  s=  344 a= 33 r= -3.2758 cum=   -288.33 v= +3.8544 top5=[a43=0.042, a24=0.038, a18=0.034, a26=0.034, a4=0.033]
  s=  345 a= 20 r= -3.2718 cum=   -291.60 v= +3.5225 top5=[a43=0.042, a24=0.038, a18=0.034, a26=0.033, a4=0.033]
  s=  346 a= 20 r= -3.2679 cum=   -294.87 v= +3.1977 top5=[a43=0.042, a24=0.038, a18=0.034, a26=0.033, a4=0.033]
  s=  347 a= 14 r= -3.2642 cum=   -298.13 v= +2.8712 top5=[a43=0.042, a24=0.038, a18=0.034, a26=0.033, a4=0.033]
  s=  348 a= 40 r= -2.2065 cum=   -300.34 v= +2.5678 top5=[a43=0.042, a24=0.038, a18=0.034, a26=0.033, a4=0.032]
  s=  349 a= 36 r= -0.9139 cum=   -301.25 v= -6.3056 top5=[a43=0.042, a24=0.037, a44=0.034, a4=0.032, a26=0.032]
  s=  350 a= 22 r= -1.5969 cum=   -302.85 v=-59.3145 top5=[a38=0.041, a44=0.038, a24=0.032, a4=0.030, a3=0.029]
    state: year=1 month=3 season=0 money=2136 credit=145558 people=31 busy=0 free=31 home_places=110 need_workers=4 tax_due=0 main_tax_due=0 tax_amount=7626 main_tax_amount=0 days_alive=367 stage=0 res0=0 res1=200 res2=0 res3=0 res4=0 res5=0 res6=0 res7=0 res8=200 Road=9 House=1 Hothouse=1 AirStation=4 | nw=1443019.5789
  s=  351 a= 23 r= -4.3820 cum=   -307.23 v=-59.2578 top5=[a38=0.041, a44=0.038, a24=0.032, a4=0.031, a3=0.029]
  s=  352 a= 21 r= -1.6119 cum=   -308.84 v=-59.2049 top5=[a38=0.041, a44=0.037, a24=0.032, a4=0.031, a3=0.029]
  s=  353 a= 23 r= -1.6099 cum=   -310.45 v=-59.1479 top5=[a38=0.041, a44=0.037, a24=0.031, a4=0.031, a3=0.029]
  s=  354 a=  9 r= -1.6201 cum=   -312.07 v=-63.6390 top5=[a44=0.040, a38=0.039, a39=0.032, a12=0.032, a3=0.031]
  s=  355 a= 38 r= +0.5926 cum=   -311.48 v=-63.4080 top5=[a44=0.040, a38=0.039, a39=0.032, a12=0.032, a3=0.031]
  s=  356 a= 27 r= -1.6314 cum=   -313.11 v=-82.4478 top5=[a44=0.058, a12=0.048, a39=0.041, a3=0.038, a34=0.033]
  s=  357 a= 17 r= -1.6341 cum=   -314.74 v=-82.1398 top5=[a44=0.058, a12=0.047, a39=0.041, a3=0.038, a34=0.033]
  s=  358 a= 14 r= -1.6305 cum=   -316.38 v=-81.7871 top5=[a44=0.057, a12=0.047, a39=0.042, a3=0.038, a38=0.033]
  s=  359 a= 39 r= +0.5770 cum=   -315.80 v=-81.4137 top5=[a44=0.056, a12=0.047, a39=0.042, a3=0.038, a38=0.033]
  s=  360 a= 22 r= -1.6528 cum=   -317.45 v=-82.1039 top5=[a44=0.053, a12=0.047, a39=0.040, a3=0.037, a38=0.034]
  s=  361 a= 25 r= -4.4408 cum=   -321.89 v=-81.6100 top5=[a44=0.052, a12=0.047, a39=0.040, a3=0.037, a38=0.034]
  s=  362 a= 18 r= -1.6373 cum=   -323.53 v=-81.1261 top5=[a44=0.051, a12=0.047, a39=0.041, a3=0.037, a38=0.034]
  s=  363 a= 34 r= -1.6503 cum=   -325.18 v=-80.6715 top5=[a44=0.051, a12=0.047, a39=0.041, a3=0.037, a38=0.034]
  s=  364 a= 39 r= +0.5629 cum=   -324.62 v=-80.2130 top5=[a44=0.051, a12=0.047, a39=0.041, a3=0.037, a38=0.034]
  s=  365 a= 26 r= -1.6574 cum=   -326.27 v=-79.9769 top5=[a12=0.047, a44=0.046, a39=0.041, a36=0.038, a38=0.037]
  s=  366 a= 10 r= -1.6540 cum=   -327.93 v=-79.4812 top5=[a12=0.047, a44=0.045, a39=0.041, a36=0.038, a38=0.037]
  s=  367 a= 43 r= -1.6655 cum=   -329.59 v=-79.0361 top5=[a12=0.047, a44=0.045, a39=0.041, a36=0.038, a38=0.036]
  s=  368 a= 26 r= -1.6786 cum=   -331.27 v=-78.5591 top5=[a12=0.047, a44=0.045, a39=0.041, a36=0.038, a38=0.036]
  s=  369 a= 11 r= -1.6790 cum=   -332.95 v=-78.1112 top5=[a12=0.047, a44=0.045, a39=0.041, a36=0.038, a38=0.036]
  s=  370 a= 25 r= -1.6791 cum=   -334.63 v=-77.6113 top5=[a12=0.047, a44=0.044, a39=0.041, a36=0.038, a38=0.036]
  s=  371 a= 43 r= -4.4675 cum=   -339.10 v=-77.1149 top5=[a12=0.047, a44=0.044, a39=0.041, a36=0.038, a38=0.037]
  s=  372 a= 27 r= -1.6787 cum=   -340.78 v=-76.6154 top5=[a12=0.047, a44=0.044, a39=0.041, a36=0.038, a38=0.037]
  s=  373 a=  2 r= -1.6842 cum=   -342.46 v=-76.1198 top5=[a12=0.047, a44=0.044, a39=0.041, a36=0.038, a38=0.037]
  s=  374 a= 29 r= -1.6884 cum=   -344.15 v=-75.6295 top5=[a12=0.047, a44=0.043, a39=0.041, a36=0.038, a38=0.037]
  s=  375 a= 26 r= -1.7015 cum=   -345.85 v=-75.1449 top5=[a12=0.047, a44=0.043, a39=0.041, a36=0.038, a38=0.037]
  s=  376 a= 15 r= -1.6993 cum=   -347.55 v=-74.6675 top5=[a12=0.047, a44=0.043, a39=0.041, a36=0.038, a38=0.037]
  s=  377 a= 43 r= -1.7081 cum=   -349.26 v=-74.2017 top5=[a12=0.047, a44=0.042, a39=0.041, a36=0.038, a38=0.037]
  s=  378 a= 27 r= -1.7060 cum=   -350.96 v=-73.7182 top5=[a12=0.047, a44=0.042, a39=0.041, a36=0.038, a38=0.037]
  s=  379 a= 20 r= -1.7010 cum=   -352.66 v=-73.2490 top5=[a12=0.047, a44=0.042, a39=0.041, a36=0.038, a38=0.037]
  s=  380 a= 15 r= -1.7141 cum=   -354.38 v=-77.6287 top5=[a44=0.045, a12=0.041, a39=0.040, a36=0.035, a3=0.033]
  s=  381 a= 15 r= -4.5363 cum=   -358.92 v=-77.3741 top5=[a44=0.045, a12=0.041, a39=0.040, a36=0.035, a3=0.033]
  s=  382 a= 25 r= -1.7082 cum=   -360.62 v=-77.0930 top5=[a44=0.045, a12=0.041, a39=0.041, a36=0.035, a3=0.033]
  s=  383 a= 27 r= -0.5980 cum=   -361.22 v=-76.8420 top5=[a44=0.044, a12=0.041, a39=0.041, a36=0.035, a3=0.033]
  s=  384 a= 12 r= -0.3310 cum=   -361.55 v=-76.5906 top5=[a44=0.044, a12=0.041, a39=0.041, a36=0.035, a38=0.033]
  s=  385 a=  6 r= -1.7200 cum=   -363.27 v=-70.1792 top5=[a44=0.039, a39=0.037, a12=0.036, a38=0.035, a36=0.033]
  s=  386 a= 38 r= +0.5135 cum=   -362.76 v=-69.7408 top5=[a44=0.039, a39=0.038, a12=0.036, a38=0.035, a36=0.033]
  s=  387 a= 23 r= -1.7103 cum=   -364.47 v=-67.1116 top5=[a44=0.042, a39=0.037, a12=0.036, a3=0.034, a38=0.033]
  s=  388 a= 33 r= -1.7326 cum=   -366.20 v=-66.6376 top5=[a44=0.042, a39=0.037, a12=0.036, a3=0.034, a38=0.033]
  s=  389 a= 25 r= -1.7381 cum=   -367.94 v=-66.1561 top5=[a44=0.041, a39=0.037, a12=0.035, a3=0.034, a38=0.033]
  s=  390 a= 18 r= -1.1767 cum=   -369.12 v=-65.7038 top5=[a44=0.041, a39=0.038, a12=0.035, a3=0.034, a38=0.034]
  s=  391 a= 24 r= -1.7528 cum=   -370.87 v=-74.7211 top5=[a44=0.048, a12=0.042, a39=0.039, a3=0.036, a38=0.031]
  s=  392 a= 19 r= -1.7647 cum=   -372.63 v=-74.2173 top5=[a44=0.048, a12=0.042, a39=0.039, a3=0.036, a38=0.031]
  s=  393 a=  7 r= -4.5918 cum=   -377.23 v=-73.7231 top5=[a44=0.047, a12=0.042, a39=0.039, a3=0.036, a38=0.031]
  s=  394 a= 31 r= -1.7421 cum=   -378.97 v=-73.2264 top5=[a44=0.047, a12=0.042, a39=0.039, a3=0.036, a38=0.031]
  s=  395 a= 12 r= -0.3725 cum=   -379.34 v=-72.7194 top5=[a44=0.046, a12=0.041, a39=0.039, a3=0.036, a38=0.032]
  s=  396 a=  6 r= -1.7727 cum=   -381.11 v=-64.8922 top5=[a44=0.040, a39=0.038, a12=0.036, a38=0.035, a3=0.034]
  s=  397 a= 43 r= -1.7806 cum=   -382.89 v=-64.5112 top5=[a44=0.040, a39=0.039, a12=0.036, a38=0.035, a3=0.034]
  s=  398 a= 11 r= -1.7755 cum=   -384.67 v=-64.0895 top5=[a44=0.040, a39=0.039, a12=0.035, a38=0.035, a3=0.033]
  s=  399 a= 12 r= -0.3761 cum=   -385.05 v=-63.6515 top5=[a44=0.039, a39=0.039, a12=0.035, a38=0.035, a3=0.033]
  s=  400 a= 23 r= -1.7921 cum=   -386.84 v=-58.0757 top5=[a38=0.038, a39=0.036, a44=0.036, a3=0.032, a4=0.032]
    state: year=1 month=4 season=0 money=936 credit=160825 people=32 busy=0 free=32 home_places=110 need_workers=4 tax_due=0 main_tax_due=0 tax_amount=7626 main_tax_amount=0 days_alive=417 stage=0 res0=0 res1=200 res2=0 res3=0 res4=0 res5=0 res6=0 res7=0 res8=200 Road=12 House=1 Hothouse=1 AirStation=4 | nw=1426439.7572
  s=  401 a=  0 r= -1.2202 cum=   -388.06 v=-57.8827 top5=[a38=0.038, a39=0.036, a44=0.036, a3=0.032, a4=0.032]
  s=  402 a= 17 r= -1.7875 cum=   -389.84 v=-63.0926 top5=[a39=0.039, a44=0.039, a38=0.036, a12=0.036, a3=0.034]
  s=  403 a=  9 r= -1.7925 cum=   -391.64 v=-62.6502 top5=[a39=0.039, a44=0.039, a38=0.036, a12=0.036, a3=0.034]
  s=  404 a= 24 r= -1.8088 cum=   -393.45 v=-62.2349 top5=[a39=0.040, a44=0.039, a38=0.037, a12=0.036, a3=0.033]
  s=  405 a= 41 r= -1.8089 cum=   -395.26 v=-61.8688 top5=[a39=0.040, a44=0.038, a38=0.037, a12=0.036, a3=0.033]
  s=  406 a= 36 r= -0.5869 cum=   -395.84 v=-69.7888 top5=[a44=0.044, a12=0.042, a39=0.041, a3=0.036, a38=0.034]
  s=  407 a= 21 r= -1.8096 cum=   -397.65 v=-69.0604 top5=[a44=0.044, a12=0.042, a39=0.041, a3=0.036, a38=0.035]
  s=  408 a= 14 r= -4.6889 cum=   -402.34 v=-68.6140 top5=[a44=0.043, a12=0.041, a39=0.041, a3=0.036, a38=0.035]
  s=  409 a=  3 r= -1.8161 cum=   -404.16 v=-68.1749 top5=[a44=0.043, a12=0.041, a39=0.041, a3=0.036, a38=0.035]
  s=  410 a= 44 r= -0.9701 cum=   -405.13 v=-71.3729 top5=[a44=0.049, a12=0.038, a39=0.037, a3=0.035, a34=0.030]
  s=  411 a= 27 r= -1.8252 cum=   -406.95 v=-70.9188 top5=[a44=0.049, a12=0.038, a39=0.037, a3=0.035, a34=0.030]
  s=  412 a= 10 r= -1.8302 cum=   -408.78 v=-70.5069 top5=[a44=0.048, a12=0.037, a39=0.037, a3=0.035, a34=0.030]
  s=  413 a=  0 r= -1.2627 cum=   -410.04 v=-70.0541 top5=[a44=0.047, a12=0.037, a39=0.037, a3=0.035, a34=0.031]
  s=  414 a= 39 r= +0.4625 cum=   -409.58 v=-69.5891 top5=[a44=0.047, a39=0.037, a12=0.037, a3=0.035, a34=0.031]
  s=  415 a= 28 r= -1.8355 cum=   -411.42 v=-70.2824 top5=[a44=0.041, a39=0.039, a12=0.038, a3=0.032, a36=0.032]
  s=  416 a= 13 r= -1.8567 cum=   -413.27 v=-69.8291 top5=[a44=0.041, a39=0.039, a12=0.038, a3=0.032, a36=0.032]
  s=  417 a= 40 r= -1.1593 cum=   -414.43 v=-69.3757 top5=[a44=0.041, a39=0.038, a12=0.038, a3=0.032, a38=0.032]
  s=  418 a= 31 r= -4.7341 cum=   -419.17 v=-68.9822 top5=[a44=0.041, a39=0.038, a12=0.038, a3=0.032, a38=0.032]
  s=  419 a= 16 r= -1.8611 cum=   -421.03 v=-68.5270 top5=[a44=0.040, a39=0.038, a12=0.038, a3=0.032, a38=0.032]
  s=  420 a= 40 r= -1.8580 cum=   -422.89 v=-68.0903 top5=[a44=0.040, a39=0.038, a12=0.037, a38=0.032, a3=0.032]
  s=  421 a= 41 r= -1.8614 cum=   -424.75 v=-67.6653 top5=[a44=0.040, a39=0.039, a12=0.037, a38=0.032, a3=0.032]
  s=  422 a= 25 r= -1.8669 cum=   -426.62 v=-67.2365 top5=[a44=0.039, a39=0.039, a12=0.037, a38=0.032, a3=0.032]
  s=  423 a= 20 r= -1.8818 cum=   -428.50 v=-66.7838 top5=[a44=0.039, a39=0.039, a12=0.037, a38=0.032, a3=0.032]
  s=  424 a= 14 r= -1.8750 cum=   -430.37 v=-66.3256 top5=[a44=0.039, a39=0.039, a12=0.037, a38=0.032, a3=0.032]
  s=  425 a=  6 r= -1.8884 cum=   -432.26 v=-65.8783 top5=[a39=0.039, a44=0.039, a12=0.037, a38=0.032, a3=0.032]
  s=  426 a= 17 r= -1.8766 cum=   -434.14 v=-65.4751 top5=[a39=0.039, a44=0.039, a12=0.037, a38=0.033, a3=0.032]
  s=  427 a=  7 r= -1.8808 cum=   -436.02 v=-65.0722 top5=[a39=0.039, a44=0.038, a12=0.037, a38=0.033, a3=0.032]
  s=  428 a=  8 r= -4.7804 cum=   -440.80 v=-64.6487 top5=[a39=0.039, a44=0.038, a12=0.036, a38=0.033, a3=0.032]
  s=  429 a= 16 r= -1.8899 cum=   -442.69 v=-64.2162 top5=[a39=0.039, a44=0.038, a12=0.036, a38=0.033, a3=0.032]
  s=  430 a= 24 r= -1.8847 cum=   -444.57 v=-63.7851 top5=[a39=0.039, a44=0.038, a12=0.036, a38=0.033, a3=0.032]
  s=  431 a= 34 r= -1.9059 cum=   -446.48 v=-63.3548 top5=[a39=0.039, a44=0.038, a12=0.036, a38=0.033, a3=0.032]
  s=  432 a= 24 r= -1.8800 cum=   -448.36 v=-62.9238 top5=[a39=0.039, a44=0.037, a12=0.036, a38=0.033, a3=0.032]
  s=  433 a= 44 r= -1.0403 cum=   -449.40 v=-62.4993 top5=[a39=0.039, a44=0.037, a12=0.036, a38=0.033, a3=0.032]
  s=  434 a= 35 r= -1.0365 cum=   -450.44 v=-62.0958 top5=[a39=0.039, a44=0.037, a12=0.036, a38=0.033, a3=0.032]
  s=  435 a= 42 r= -1.9238 cum=   -452.36 v=-61.6165 top5=[a39=0.039, a44=0.037, a12=0.036, a38=0.034, a43=0.032]
  s=  436 a=  1 r= -5.7907 cum=   -458.15 v=-61.2279 top5=[a39=0.039, a44=0.036, a12=0.036, a38=0.034, a43=0.032]
  s=  437 a=  2 r= -1.9153 cum=   -460.07 v=-106.3466 top5=[a44=0.065, a38=0.058, a39=0.056, a12=0.050, a0=0.031]
  s=  438 a= 16 r= -4.7972 cum=   -464.86 v=-106.1062 top5=[a44=0.065, a38=0.058, a39=0.056, a12=0.050, a0=0.031]
  s=  439 a= 38 r= +0.3777 cum=   -464.48 v=-105.8503 top5=[a44=0.065, a38=0.058, a39=0.056, a12=0.050, a0=0.031]
  s=  440 a= 24 r= -1.9264 cum=   -466.41 v=-104.0457 top5=[a44=0.068, a38=0.060, a39=0.057, a12=0.052, a0=0.029]
  s=  441 a= 44 r= -1.0636 cum=   -467.47 v=-103.8500 top5=[a44=0.068, a38=0.060, a39=0.057, a12=0.052, a0=0.029]
  s=  442 a= 44 r= -1.0737 cum=   -468.55 v=-103.6578 top5=[a44=0.068, a38=0.060, a39=0.057, a12=0.053, a0=0.029]
  s=  443 a= 16 r= -1.9411 cum=   -470.49 v=-103.5315 top5=[a44=0.068, a38=0.060, a39=0.057, a12=0.053, a0=0.029]
  s=  444 a=  0 r= -1.3579 cum=   -471.85 v=-103.4538 top5=[a44=0.067, a38=0.060, a39=0.057, a12=0.054, a0=0.029]
  s=  445 a= 25 r= -1.9497 cum=   -473.80 v=-103.3831 top5=[a44=0.067, a38=0.060, a39=0.057, a12=0.054, a0=0.029]
  s=  446 a= 18 r= -1.9552 cum=   -475.75 v=-103.3292 top5=[a44=0.067, a38=0.060, a39=0.057, a12=0.055, a0=0.029]
  s=  447 a= 33 r= -1.9608 cum=   -477.71 v=-103.2766 top5=[a44=0.066, a38=0.061, a39=0.057, a12=0.055, a0=0.029]
  s=  448 a=  9 r= -4.8227 cum=   -482.54 v=-103.2460 top5=[a44=0.066, a38=0.061, a39=0.057, a12=0.056, a0=0.029]
  s=  449 a= 33 r= -1.9593 cum=   -484.50 v=-103.2291 top5=[a44=0.066, a38=0.061, a39=0.057, a12=0.056, a0=0.029]
  s=  450 a= 39 r= +0.3452 cum=   -484.15 v=-103.2275 top5=[a44=0.065, a38=0.061, a39=0.057, a12=0.057, a0=0.029]
    state: year=1 month=6 season=1 money=89 credit=179119 people=32 busy=0 free=32 home_places=110 need_workers=4 tax_due=0 main_tax_due=0 tax_amount=7634 main_tax_amount=0 days_alive=471 stage=0 res0=0 res1=200 res2=0 res3=0 res4=0 res5=0 res6=0 res7=0 res8=200 Road=12 House=1 Hothouse=1 AirStation=4 | nw=1406872.5118
  s=  451 a= 16 r= -1.9694 cum=   -486.12 v=-104.4643 top5=[a44=0.062, a38=0.061, a39=0.055, a12=0.054, a0=0.029]
  s=  452 a= 43 r= -1.9642 cum=   -488.08 v=-104.4502 top5=[a44=0.062, a38=0.061, a12=0.055, a39=0.054, a0=0.029]
  s=  453 a= 13 r= -1.9775 cum=   -490.06 v=-104.4485 top5=[a44=0.062, a38=0.061, a12=0.055, a39=0.054, a0=0.029]
  s=  454 a= 24 r= -1.9830 cum=   -492.04 v=-104.4487 top5=[a44=0.062, a38=0.061, a12=0.056, a39=0.054, a0=0.029]
  s=  455 a= 12 r= +5.7759 cum=   -486.27 v=-104.4457 top5=[a44=0.061, a38=0.061, a12=0.056, a39=0.054, a0=0.029]
  s=  456 a=  2 r= -1.9586 cum=   -488.23 v=-109.2379 top5=[a38=0.082, a4=0.062, a44=0.061, a39=0.053, a12=0.043]
  s=  457 a= 10 r= -1.9563 cum=   -490.18 v=-109.1325 top5=[a38=0.082, a44=0.061, a4=0.060, a39=0.053, a12=0.044]
  s=  458 a= 23 r= -4.8116 cum=   -494.99 v=-109.0462 top5=[a38=0.082, a44=0.061, a4=0.057, a39=0.053, a12=0.045]
  s=  459 a= 39 r= -1.9658 cum=   -496.96 v=-108.9800 top5=[a38=0.082, a44=0.060, a4=0.056, a39=0.054, a12=0.046]
  s=  460 a= 12 r= -1.9607 cum=   -498.92 v=-108.9850 top5=[a38=0.082, a44=0.060, a4=0.054, a39=0.054, a12=0.047]
  s=  461 a= 42 r= -1.9739 cum=   -500.90 v=-109.0048 top5=[a38=0.082, a44=0.060, a39=0.054, a4=0.053, a12=0.047]
  s=  462 a=  1 r= -5.6869 cum=   -506.58 v=-109.0230 top5=[a38=0.082, a44=0.059, a39=0.054, a4=0.051, a12=0.048]
  s=  463 a= 38 r= +0.2798 cum=   -506.30 v=-112.1354 top5=[a38=0.067, a44=0.063, a39=0.053, a4=0.044, a12=0.043]
  s=  464 a= 25 r= -1.4201 cum=   -507.72 v=-110.6887 top5=[a44=0.071, a38=0.069, a39=0.054, a12=0.044, a4=0.044]
  s=  465 a= 25 r= -1.9809 cum=   -509.70 v=-110.5772 top5=[a44=0.071, a38=0.069, a39=0.054, a4=0.044, a12=0.044]
  s=  466 a=  3 r= -1.9964 cum=   -511.70 v=-110.4533 top5=[a44=0.071, a38=0.069, a39=0.054, a12=0.045, a4=0.044]
  s=  467 a= 26 r= -2.0073 cum=   -513.71 v=-110.3342 top5=[a44=0.070, a38=0.069, a39=0.054, a12=0.045, a4=0.043]
  s=  468 a= 16 r= -4.8493 cum=   -518.56 v=-110.2304 top5=[a44=0.070, a38=0.070, a39=0.054, a12=0.046, a4=0.042]
  s=  469 a= 27 r= -1.9909 cum=   -520.55 v=-110.1270 top5=[a44=0.070, a38=0.070, a39=0.055, a12=0.047, a4=0.041]
  s=  470 a= 20 r= -1.9964 cum=   -522.54 v=-110.0132 top5=[a38=0.070, a44=0.070, a39=0.055, a12=0.047, a4=0.041]
  s=  471 a= 44 r= -1.1681 cum=   -523.71 v=-109.8914 top5=[a38=0.070, a44=0.069, a39=0.055, a12=0.048, a4=0.040]
  s=  472 a= 15 r= -2.0156 cum=   -525.73 v=-109.8409 top5=[a38=0.070, a44=0.069, a39=0.055, a12=0.049, a4=0.040]
  s=  473 a= 38 r= +1.9517 cum=   -523.78 v=-109.7917 top5=[a38=0.070, a44=0.068, a39=0.055, a12=0.049, a4=0.039]
  s=  474 a= 33 r= -2.0179 cum=   -525.79 v=-108.7310 top5=[a44=0.073, a38=0.068, a39=0.055, a12=0.051, a4=0.040]
  s=  475 a= 38 r= +0.2422 cum=   -525.55 v=-108.7024 top5=[a44=0.073, a38=0.068, a39=0.055, a12=0.051, a4=0.039]
  s=  476 a= 12 r= -2.0358 cum=   -527.59 v=-112.5403 top5=[a44=0.081, a38=0.070, a39=0.059, a12=0.054, a4=0.034]
  s=  477 a= 19 r= -2.0385 cum=   -529.63 v=-112.5120 top5=[a44=0.080, a38=0.069, a39=0.059, a12=0.055, a4=0.034]
  s=  478 a= 42 r= -4.8813 cum=   -534.51 v=-112.4860 top5=[a44=0.079, a38=0.069, a39=0.059, a12=0.055, a4=0.033]
  s=  479 a= 23 r= -2.0325 cum=   -536.54 v=-112.4449 top5=[a44=0.078, a38=0.069, a39=0.059, a12=0.056, a4=0.033]
  s=  480 a= 38 r= +0.2252 cum=   -536.31 v=-112.3955 top5=[a44=0.077, a38=0.069, a39=0.059, a12=0.057, a4=0.033]
  s=  481 a= 33 r= -2.0477 cum=   -538.36 v=-108.5224 top5=[a44=0.069, a38=0.068, a12=0.055, a39=0.055, a4=0.036]
  s=  482 a= 44 r= -1.2034 cum=   -539.57 v=-108.4950 top5=[a44=0.068, a38=0.068, a12=0.056, a39=0.055, a4=0.036]
  s=  483 a=  0 r= -1.4921 cum=   -541.06 v=-108.4747 top5=[a38=0.068, a44=0.068, a12=0.057, a39=0.055, a4=0.035]
  s=  484 a= 44 r= -1.2060 cum=   -542.26 v=-108.4641 top5=[a38=0.068, a44=0.067, a12=0.057, a39=0.054, a4=0.035]
  s=  485 a= 18 r= -1.5030 cum=   -543.77 v=-108.4265 top5=[a38=0.068, a44=0.067, a12=0.058, a39=0.054, a4=0.035]
  s=  486 a= 34 r= -2.0743 cum=   -545.84 v=-108.4812 top5=[a38=0.069, a44=0.066, a12=0.058, a39=0.054, a4=0.035]
  s=  487 a= 44 r= -1.2183 cum=   -547.06 v=-108.4533 top5=[a38=0.069, a44=0.066, a12=0.059, a39=0.054, a4=0.035]
  s=  488 a= 40 r= -4.9268 cum=   -551.99 v=-108.4306 top5=[a38=0.069, a44=0.065, a12=0.060, a39=0.054, a4=0.035]
  s=  489 a=  6 r= -2.0820 cum=   -554.07 v=-108.4154 top5=[a38=0.069, a44=0.065, a12=0.060, a39=0.054, a4=0.034]
  s=  490 a= 15 r= -2.0846 cum=   -556.15 v=-108.4094 top5=[a38=0.069, a44=0.065, a12=0.061, a39=0.054, a4=0.034]
  s=  491 a=  0 r= -1.5216 cum=   -557.67 v=-108.4136 top5=[a38=0.069, a44=0.064, a12=0.062, a39=0.054, a4=0.034]
  s=  492 a= 34 r= -2.0960 cum=   -559.77 v=-108.5775 top5=[a44=0.075, a38=0.055, a39=0.050, a12=0.049, a4=0.031]
  s=  493 a= 27 r= -2.0937 cum=   -561.86 v=-108.5434 top5=[a44=0.074, a38=0.055, a39=0.050, a12=0.050, a4=0.031]
  s=  494 a= 44 r= -1.2523 cum=   -563.12 v=-108.5082 top5=[a44=0.073, a38=0.055, a39=0.050, a12=0.050, a4=0.030]
  s=  495 a=  9 r= -2.1024 cum=   -565.22 v=-108.4721 top5=[a44=0.073, a38=0.055, a12=0.051, a39=0.050, a4=0.030]
  s=  496 a= 38 r= +0.1829 cum=   -565.04 v=-108.4413 top5=[a44=0.073, a38=0.055, a12=0.051, a39=0.050, a4=0.030]
  s=  497 a=  6 r= -2.1127 cum=   -567.15 v=-112.9569 top5=[a44=0.080, a38=0.055, a39=0.054, a12=0.051, a24=0.029]
  s=  498 a= 29 r= -4.9828 cum=   -572.13 v=-112.9019 top5=[a44=0.079, a38=0.056, a39=0.054, a12=0.052, a24=0.029]
  s=  499 a= 39 r= +0.1578 cum=   -571.97 v=-112.8535 top5=[a44=0.079, a38=0.056, a39=0.054, a12=0.052, a24=0.029]
  s=  500 a= 44 r= -1.2620 cum=   -573.24 v=-112.7084 top5=[a44=0.073, a38=0.057, a39=0.055, a12=0.052, a42=0.031]
    state: year=1 month=8 season=1 money=89 credit=200296 people=62 busy=0 free=62 home_places=110 need_workers=0 tax_due=0 main_tax_due=0 tax_amount=7634 main_tax_amount=0 days_alive=527 stage=0 res0=0 res1=200 res2=0 res3=0 res4=0 res5=0 res6=0 res7=0 res8=200 Road=12 House=1 Hothouse=1 AirStation=4 | nw=1384297.0278
  s=  501 a= 18 r= -2.1301 cum=   -575.37 v=-112.6267 top5=[a44=0.073, a38=0.058, a39=0.055, a12=0.052, a42=0.031]
  s=  502 a=  8 r= -2.1200 cum=   -577.49 v=-112.5595 top5=[a44=0.072, a38=0.058, a39=0.055, a12=0.053, a42=0.031]
  s=  503 a= 12 r= -2.1410 cum=   -579.63 v=-112.4899 top5=[a44=0.072, a38=0.058, a39=0.055, a12=0.054, a42=0.030]
  s=  504 a= 12 r= -2.1435 cum=   -581.77 v=-112.4063 top5=[a44=0.071, a38=0.058, a39=0.055, a12=0.054, a42=0.030]
  s=  505 a= 38 r= +0.1373 cum=   -581.63 v=-112.3245 top5=[a44=0.070, a38=0.059, a39=0.055, a12=0.055, a42=0.030]
  s=  506 a= 16 r= -2.1462 cum=   -583.78 v=-112.5654 top5=[a44=0.074, a38=0.057, a12=0.057, a39=0.055, a34=0.028]
  s=  507 a= 17 r= -2.1516 cum=   -585.93 v=-112.5056 top5=[a44=0.074, a12=0.057, a38=0.057, a39=0.055, a34=0.028]
  s=  508 a= 28 r= -5.0278 cum=   -590.96 v=-112.4310 top5=[a44=0.073, a12=0.058, a38=0.057, a39=0.055, a34=0.028]
  s=  509 a= 24 r= -2.1606 cum=   -593.12 v=-112.3514 top5=[a44=0.072, a12=0.059, a38=0.057, a39=0.055, a34=0.029]
  s=  510 a= 42 r= -2.1632 cum=   -595.28 v=-112.2727 top5=[a44=0.072, a12=0.059, a38=0.057, a39=0.055, a34=0.029]
  s=  511 a= 38 r= +0.1237 cum=   -595.16 v=-112.1955 top5=[a44=0.071, a12=0.060, a38=0.057, a39=0.055, a34=0.029]
  s=  512 a= 31 r= -2.1659 cum=   -597.32 v=-108.5016 top5=[a44=0.065, a12=0.059, a38=0.056, a39=0.051, a34=0.029]
  s=  513 a= 23 r= -2.1713 cum=   -599.50 v=-108.5269 top5=[a44=0.064, a12=0.060, a38=0.056, a39=0.051, a34=0.029]
  s=  514 a= 27 r= -2.1845 cum=   -601.68 v=-108.5220 top5=[a44=0.064, a12=0.060, a38=0.056, a39=0.051, a34=0.030]
  s=  515 a= 37 r= -5.7251 cum=   -607.40 v=-108.5187 top5=[a44=0.064, a12=0.061, a38=0.056, a39=0.051, a34=0.030]
  s=  516 a= 42 r= -1.5941 cum=   -609.00 v=-106.3974 top5=[a44=0.059, a12=0.055, a38=0.054, a39=0.049, a42=0.029]
  s=  517 a= 38 r= +0.1099 cum=   -608.89 v=-106.6541 top5=[a44=0.058, a12=0.055, a38=0.055, a39=0.049, a42=0.029]
  s=  518 a= 43 r= -5.0250 cum=   -613.91 v=-108.6142 top5=[a44=0.063, a12=0.059, a38=0.056, a39=0.050, a42=0.028]
  s=  519 a= 44 r= -1.3108 cum=   -615.22 v=-108.5834 top5=[a44=0.062, a12=0.060, a38=0.057, a39=0.050, a42=0.028]
  s=  520 a= 17 r= -2.1766 cum=   -617.40 v=-108.5537 top5=[a44=0.062, a12=0.060, a38=0.057, a39=0.050, a42=0.028]
  s=  521 a= 38 r= +0.0965 cum=   -617.30 v=-108.5258 top5=[a44=0.062, a12=0.061, a38=0.057, a39=0.050, a42=0.028]
  s=  522 a=  7 r= -2.1765 cum=   -619.48 v=-106.5654 top5=[a12=0.058, a44=0.057, a38=0.054, a39=0.048, a34=0.029]
  s=  523 a= 26 r= -1.8997 cum=   -621.38 v=-101.9978 top5=[a12=0.055, a44=0.054, a39=0.053, a38=0.048, a34=0.037]
  s=  524 a= 16 r= -1.9052 cum=   -623.29 v=-102.3100 top5=[a12=0.057, a44=0.055, a39=0.053, a38=0.049, a34=0.037]
  s=  525 a= 18 r= -1.9108 cum=   -625.20 v=-102.4931 top5=[a12=0.057, a44=0.055, a39=0.053, a38=0.049, a34=0.036]
  s=  526 a=  2 r= -1.9412 cum=   -627.14 v=-102.6803 top5=[a12=0.057, a44=0.055, a39=0.053, a38=0.049, a34=0.036]
  s=  527 a= 39 r= +0.4984 cum=   -626.64 v=-102.8894 top5=[a12=0.058, a44=0.055, a39=0.054, a38=0.050, a34=0.036]
  s=  528 a= 42 r= -4.0821 cum=   -630.72 v=-103.4380 top5=[a12=0.058, a39=0.054, a38=0.051, a44=0.048, a34=0.034]
  s=  529 a= 35 r= -0.5720 cum=   -631.29 v=-103.5671 top5=[a12=0.058, a39=0.054, a38=0.051, a44=0.049, a34=0.033]
  s=  530 a= 12 r= -0.4011 cum=   -631.70 v=-104.0735 top5=[a12=0.058, a39=0.054, a38=0.052, a44=0.049, a34=0.033]
  s=  531 a= 38 r= +1.0535 cum=   -630.64 v=-104.6498 top5=[a12=0.058, a38=0.052, a44=0.050, a39=0.050, a42=0.033]
  s=  532 a= 20 r= -1.7985 cum=   -632.44 v=-104.3936 top5=[a12=0.063, a39=0.053, a44=0.053, a38=0.049, a42=0.034]
  s=  533 a= 13 r= -1.8211 cum=   -634.26 v=-104.6236 top5=[a12=0.063, a39=0.053, a44=0.053, a38=0.049, a42=0.034]
  s=  534 a= 37 r= -5.7195 cum=   -639.98 v=-104.8270 top5=[a12=0.064, a39=0.053, a44=0.053, a38=0.049, a42=0.033]
  s=  535 a=  2 r= -1.8074 cum=   -641.79 v=-105.1563 top5=[a12=0.064, a39=0.051, a44=0.051, a38=0.040, a42=0.033]
  s=  536 a= 37 r= -2.2592 cum=   -644.05 v=-105.3180 top5=[a12=0.064, a39=0.051, a44=0.051, a38=0.040, a42=0.033]
  s=  537 a= 30 r= -1.8104 cum=   -645.86 v=-105.1024 top5=[a12=0.063, a39=0.054, a44=0.048, a38=0.038, a34=0.032]
  s=  538 a= 13 r= -1.8144 cum=   -647.67 v=-105.2787 top5=[a12=0.063, a39=0.054, a44=0.048, a38=0.038, a34=0.032]
  s=  539 a=  0 r= -3.5226 cum=   -651.19 v=-105.4505 top5=[a12=0.063, a39=0.054, a44=0.049, a38=0.039, a34=0.032]
  s=  540 a= 19 r= -1.8228 cum=   -653.02 v=-105.5619 top5=[a12=0.063, a39=0.054, a44=0.049, a38=0.039, a34=0.032]
  s=  541 a= 44 r= -0.3987 cum=   -653.42 v=-105.7264 top5=[a12=0.064, a39=0.054, a44=0.049, a38=0.039, a34=0.032]
  s=  542 a= 38 r= -1.8246 cum=   -655.24 v=-105.8442 top5=[a12=0.064, a39=0.054, a44=0.050, a38=0.039, a34=0.032]
  s=  543 a= 25 r= -1.8364 cum=   -657.08 v=-106.0467 top5=[a12=0.064, a39=0.054, a44=0.050, a38=0.039, a34=0.032]
  s=  544 a= 30 r= -1.8498 cum=   -658.93 v=-106.2336 top5=[a12=0.064, a39=0.055, a44=0.050, a38=0.040, a34=0.032]
  s=  545 a= 42 r= -1.8476 cum=   -660.77 v=-106.4209 top5=[a12=0.065, a39=0.055, a44=0.051, a38=0.040, a34=0.031]
  s=  546 a= 16 r= -1.8532 cum=   -662.63 v=-106.6071 top5=[a12=0.065, a39=0.055, a44=0.051, a38=0.040, a34=0.031]
  s=  547 a= 39 r= -1.8587 cum=   -664.49 v=-106.7863 top5=[a12=0.065, a39=0.055, a44=0.051, a38=0.040, a34=0.031]
  s=  548 a=  3 r= -1.8615 cum=   -666.35 v=-106.9620 top5=[a12=0.066, a39=0.055, a44=0.051, a38=0.041, a34=0.031]
  s=  549 a= 31 r= -4.7385 cum=   -671.09 v=-107.1320 top5=[a12=0.066, a39=0.055, a44=0.052, a38=0.041, a34=0.031]
  s=  550 a= 31 r= -1.8660 cum=   -672.95 v=-107.3005 top5=[a12=0.066, a39=0.055, a44=0.052, a38=0.041, a34=0.031]
    state: year=1 month=9 season=2 money=3137 credit=221313 people=67 busy=3 free=64 home_places=110 need_workers=3 tax_due=0 main_tax_due=0 tax_amount=6794 main_tax_amount=0 days_alive=577 stage=0 res0=0 res1=200 res2=0 res3=0 res4=0 res5=0 res6=0 res7=0 res8=280 Road=12 House=1 AirStation=3 | nw=1329738.0288
  s=  551 a=  5 r= -1.8653 cum=   -674.82 v=-107.4677 top5=[a12=0.066, a39=0.056, a44=0.052, a38=0.041, a34=0.031]
  s=  552 a= 10 r= -1.8615 cum=   -676.68 v=-107.6334 top5=[a12=0.067, a39=0.056, a44=0.052, a38=0.042, a34=0.031]
  s=  553 a= 13 r= -1.8827 cum=   -678.56 v=-106.1350 top5=[a12=0.059, a39=0.053, a44=0.043, a38=0.034, a34=0.033]
  s=  554 a= 32 r= -1.8868 cum=   -680.45 v=-106.2567 top5=[a12=0.059, a39=0.053, a44=0.043, a38=0.034, a34=0.033]
  s=  555 a=  2 r= -1.9018 cum=   -682.35 v=-106.3924 top5=[a12=0.060, a39=0.053, a44=0.043, a38=0.034, a34=0.032]
  s=  556 a= 36 r= +0.2283 cum=   -682.12 v=-106.5359 top5=[a12=0.060, a39=0.053, a44=0.043, a38=0.034, a34=0.032]
  s=  557 a= 37 r= -2.3539 cum=   -684.48 v=-107.2857 top5=[a12=0.060, a39=0.053, a44=0.043, a38=0.035, a34=0.033]
  s=  558 a= 41 r= -1.9065 cum=   -686.38 v=-107.1365 top5=[a12=0.060, a39=0.053, a44=0.043, a38=0.035, a34=0.032]
  s=  559 a= 29 r= -4.8011 cum=   -691.18 v=-107.4880 top5=[a12=0.061, a39=0.053, a44=0.043, a38=0.035, a34=0.033]
  s=  560 a= 37 r= -5.7458 cum=   -696.93 v=-107.5951 top5=[a12=0.061, a39=0.053, a44=0.043, a38=0.036, a34=0.032]
  s=  561 a= 10 r= -2.0219 cum=   -698.95 v=-108.4930 top5=[a12=0.057, a39=0.049, a44=0.046, a38=0.037, a34=0.032]
  s=  562 a= 40 r= -1.0281 cum=   -699.98 v=-108.6123 top5=[a12=0.058, a39=0.049, a44=0.046, a38=0.037, a34=0.032]
  s=  563 a= 26 r= -2.0271 cum=   -702.01 v=-106.5942 top5=[a12=0.060, a39=0.049, a44=0.046, a38=0.036, a40=0.031]
  s=  564 a= 33 r= -2.0390 cum=   -704.05 v=-106.7119 top5=[a12=0.060, a39=0.049, a44=0.046, a38=0.036, a40=0.031]
  s=  565 a= 26 r= -2.0446 cum=   -706.09 v=-106.8174 top5=[a12=0.060, a39=0.049, a44=0.046, a38=0.036, a40=0.031]
  s=  566 a= 44 r= -1.1973 cum=   -707.29 v=-106.9210 top5=[a12=0.061, a39=0.049, a44=0.047, a38=0.037, a40=0.031]
  s=  567 a=  0 r= -1.4790 cum=   -708.77 v=-107.0247 top5=[a12=0.061, a39=0.050, a44=0.047, a38=0.037, a40=0.031]
  s=  568 a= 43 r= -2.0514 cum=   -710.82 v=-107.1272 top5=[a12=0.062, a39=0.050, a44=0.047, a38=0.037, a40=0.031]
  s=  569 a= 39 r= -4.9408 cum=   -715.76 v=-107.2350 top5=[a12=0.062, a39=0.050, a44=0.047, a38=0.037, a40=0.031]
  s=  570 a= 39 r= -2.0706 cum=   -717.83 v=-107.3484 top5=[a12=0.062, a39=0.050, a44=0.047, a38=0.037, a40=0.031]
  s=  571 a= 39 r= -2.0840 cum=   -719.91 v=-107.4619 top5=[a12=0.063, a39=0.050, a44=0.047, a38=0.037, a40=0.031]
  s=  572 a= 33 r= -2.0739 cum=   -721.99 v=-107.5694 top5=[a12=0.063, a39=0.050, a44=0.048, a38=0.038, a40=0.031]
  s=  573 a=  7 r= -0.9304 cum=   -722.92 v=-107.6544 top5=[a12=0.064, a39=0.050, a44=0.048, a38=0.038, a40=0.031]
  s=  574 a= 29 r= -2.0855 cum=   -725.00 v=-107.7383 top5=[a12=0.064, a39=0.050, a44=0.048, a38=0.038, a40=0.031]
  s=  575 a= 42 r= -2.0911 cum=   -727.09 v=-107.8241 top5=[a12=0.064, a39=0.051, a44=0.048, a38=0.038, a40=0.031]
  s=  576 a= 42 r= -2.0904 cum=   -729.18 v=-107.9144 top5=[a12=0.064, a39=0.051, a44=0.048, a38=0.038, a40=0.031]
  s=  577 a=  9 r= -2.0945 cum=   -731.28 v=-108.0085 top5=[a12=0.065, a39=0.051, a44=0.049, a38=0.039, a40=0.031]
  s=  578 a= 22 r= -2.1080 cum=   -733.39 v=-108.1120 top5=[a12=0.065, a39=0.051, a44=0.049, a38=0.039, a40=0.031]
  s=  579 a= 29 r= -4.9985 cum=   -738.39 v=-108.2544 top5=[a12=0.065, a39=0.051, a44=0.049, a38=0.039, a40=0.030]
  s=  580 a= 18 r= -2.1034 cum=   -740.49 v=-108.4096 top5=[a12=0.066, a39=0.051, a44=0.049, a38=0.039, a40=0.030]
  s=  581 a= 41 r= -2.1218 cum=   -742.61 v=-108.5814 top5=[a12=0.066, a39=0.052, a44=0.050, a38=0.040, a40=0.030]
  s=  582 a= 16 r= -2.1274 cum=   -744.74 v=-108.9650 top5=[a12=0.066, a39=0.052, a44=0.050, a38=0.040, a40=0.030]
  s=  583 a= 21 r= -2.1330 cum=   -746.87 v=-109.1468 top5=[a12=0.066, a39=0.052, a44=0.050, a38=0.040, a40=0.030]
  s=  584 a= 34 r= -2.1245 cum=   -749.00 v=-107.0145 top5=[a12=0.058, a39=0.049, a44=0.042, a38=0.033, a34=0.031]
  s=  585 a=  4 r= -2.1286 cum=   -751.12 v=-107.1983 top5=[a12=0.059, a39=0.049, a44=0.042, a38=0.033, a34=0.031]
  s=  586 a= 34 r= -2.1499 cum=   -753.27 v=-107.3823 top5=[a12=0.059, a39=0.049, a44=0.042, a38=0.033, a34=0.031]
  s=  587 a= 36 r= -1.3087 cum=   -754.58 v=-107.5677 top5=[a12=0.059, a39=0.049, a44=0.042, a38=0.034, a34=0.031]
  s=  588 a= 31 r= -2.1617 cum=   -756.74 v=-107.7940 top5=[a12=0.060, a39=0.049, a44=0.042, a38=0.034, a34=0.031]
  s=  589 a= 18 r= -5.0542 cum=   -761.80 v=-107.9462 top5=[a12=0.060, a39=0.049, a44=0.042, a38=0.034, a34=0.031]
  s=  590 a=  6 r= -2.1568 cum=   -763.96 v=-108.0914 top5=[a12=0.060, a39=0.049, a44=0.042, a38=0.034, a34=0.031]
  s=  591 a= 14 r= -1.0600 cum=   -765.02 v=-108.2312 top5=[a12=0.061, a39=0.049, a44=0.042, a38=0.034, a34=0.031]
  s=  592 a= 42 r= -2.1685 cum=   -767.18 v=-107.6034 top5=[a44=0.050, a12=0.048, a39=0.040, a38=0.039, a34=0.029]
  s=  593 a= 13 r= -2.1663 cum=   -769.35 v=-107.6409 top5=[a44=0.050, a12=0.048, a39=0.040, a38=0.040, a34=0.029]
  s=  594 a=  8 r= -2.1798 cum=   -771.53 v=-107.6775 top5=[a44=0.050, a12=0.048, a39=0.040, a38=0.040, a34=0.029]
  s=  595 a=  3 r= -2.1839 cum=   -773.71 v=-107.7133 top5=[a44=0.050, a12=0.049, a39=0.040, a38=0.040, a34=0.029]
  s=  596 a= 41 r= -2.1911 cum=   -775.91 v=-107.7484 top5=[a44=0.050, a12=0.049, a39=0.040, a38=0.040, a34=0.029]
  s=  597 a= 30 r= -2.1967 cum=   -778.10 v=-107.7813 top5=[a44=0.051, a12=0.049, a38=0.041, a39=0.041, a34=0.029]
  s=  598 a= 43 r= -2.2103 cum=   -780.31 v=-107.8147 top5=[a44=0.051, a12=0.049, a38=0.041, a39=0.041, a34=0.029]
  s=  599 a= 37 r= -2.6781 cum=   -782.99 v=-110.4083 top5=[a12=0.057, a39=0.048, a44=0.045, a38=0.038, a34=0.031]
  s=  600 a=  6 r= -5.1269 cum=   -788.12 v=-109.7764 top5=[a12=0.055, a39=0.048, a44=0.044, a38=0.039, a34=0.030]
    state: year=1 month=11 season=2 money=1231 credit=244540 people=67 busy=2 free=65 home_places=130 need_workers=2 tax_due=0 main_tax_due=0 tax_amount=6883 main_tax_amount=0 days_alive=627 stage=0 res0=0 res1=400 res2=0 res3=0 res4=0 res5=0 res6=0 res7=0 res8=278 Road=10 House=1 SmallHouse=1 AirStation=2 | nw=1287794.4976
  s=  601 a= 22 r= -2.2123 cum=   -790.33 v=-109.8385 top5=[a12=0.055, a39=0.048, a44=0.044, a38=0.039, a34=0.030]
  s=  602 a= 17 r= -2.2296 cum=   -792.56 v=-109.8997 top5=[a12=0.055, a39=0.048, a44=0.044, a38=0.039, a34=0.030]
  s=  603 a= 19 r= -2.2258 cum=   -794.79 v=-109.9588 top5=[a12=0.055, a39=0.049, a44=0.045, a38=0.039, a34=0.030]
  s=  604 a= 26 r= -2.2336 cum=   -797.02 v=-110.0252 top5=[a12=0.055, a39=0.049, a44=0.045, a38=0.039, a34=0.030]
  s=  605 a= 16 r= -2.2292 cum=   -799.25 v=-110.1020 top5=[a12=0.055, a39=0.049, a44=0.045, a38=0.040, a34=0.030]
  s=  606 a=  3 r= -2.2398 cum=   -801.49 v=-110.1858 top5=[a12=0.055, a39=0.049, a44=0.046, a38=0.040, a34=0.030]
  s=  607 a=  8 r= -2.2354 cum=   -803.72 v=-110.2699 top5=[a12=0.055, a39=0.049, a44=0.046, a38=0.040, a34=0.030]
  s=  608 a= 22 r= -2.2527 cum=   -805.98 v=-110.3881 top5=[a12=0.055, a39=0.049, a44=0.046, a38=0.040, a34=0.030]
  s=  609 a= 43 r= -1.6835 cum=   -807.66 v=-110.5156 top5=[a12=0.055, a39=0.049, a44=0.047, a38=0.040, a34=0.029]
  s=  610 a= 12 r= -0.8321 cum=   -808.49 v=-110.7197 top5=[a12=0.055, a39=0.049, a44=0.047, a38=0.041, a34=0.029]
  s=  611 a= 38 r= -2.2712 cum=   -810.76 v=-108.0763 top5=[a44=0.052, a12=0.049, a38=0.047, a39=0.043, a4=0.029]
  s=  612 a= 20 r= -2.2746 cum=   -813.04 v=-108.1843 top5=[a44=0.052, a12=0.049, a38=0.047, a39=0.043, a4=0.029]
  s=  613 a=  9 r= -2.2803 cum=   -815.32 v=-108.3383 top5=[a44=0.052, a12=0.049, a38=0.048, a39=0.044, a4=0.029]
  s=  614 a= 26 r= -2.2859 cum=   -817.60 v=-127.7082 top5=[a42=0.048, a44=0.045, a38=0.043, a12=0.041, a37=0.038]
  s=  615 a= 12 r= -0.8587 cum=   -818.46 v=-127.7064 top5=[a42=0.047, a44=0.045, a38=0.043, a12=0.041, a37=0.038]
  s=  616 a= 42 r= -2.3050 cum=   -820.77 v=-127.3669 top5=[a42=0.046, a37=0.044, a38=0.043, a44=0.041, a12=0.038]
  s=  617 a= 30 r= -2.2954 cum=   -823.06 v=-127.9726 top5=[a42=0.047, a44=0.045, a38=0.043, a12=0.040, a37=0.039]
  s=  618 a= 20 r= -2.3249 cum=   -825.39 v=-127.8414 top5=[a42=0.046, a44=0.044, a38=0.043, a12=0.040, a37=0.039]
  s=  619 a=  8 r= -2.3067 cum=   -827.69 v=-127.7117 top5=[a42=0.046, a44=0.044, a38=0.042, a12=0.040, a37=0.039]
  s=  620 a= 39 r= -2.3320 cum=   -830.03 v=-127.5818 top5=[a42=0.045, a44=0.044, a38=0.042, a37=0.040, a12=0.040]
  s=  621 a=  0 r= -1.7383 cum=   -831.76 v=-127.4506 top5=[a42=0.045, a44=0.044, a38=0.042, a37=0.040, a12=0.039]
  s=  622 a= 26 r= -2.3468 cum=   -834.11 v=-127.7158 top5=[a44=0.046, a42=0.044, a12=0.041, a38=0.040, a37=0.034]
  s=  623 a= 44 r= -1.4557 cum=   -835.57 v=-127.6296 top5=[a44=0.046, a42=0.043, a12=0.041, a38=0.040, a37=0.034]
  s=  624 a=  4 r= -5.2896 cum=   -840.86 v=-127.4381 top5=[a44=0.046, a42=0.043, a12=0.040, a38=0.040, a37=0.035]
  s=  625 a= 41 r= -2.3550 cum=   -843.21 v=-127.2622 top5=[a44=0.046, a42=0.042, a12=0.040, a38=0.040, a37=0.035]
  s=  626 a= 16 r= -2.3431 cum=   -845.55 v=-127.0853 top5=[a44=0.046, a42=0.041, a38=0.040, a12=0.040, a37=0.035]
  s=  627 a= 44 r= -1.4783 cum=   -847.03 v=-126.9051 top5=[a44=0.046, a42=0.041, a38=0.040, a12=0.039, a37=0.036]
  s=  628 a=  8 r= -2.3631 cum=   -849.40 v=-126.7256 top5=[a44=0.046, a42=0.040, a38=0.040, a12=0.039, a37=0.036]
  s=  629 a= 22 r= -2.3767 cum=   -851.77 v=-126.5459 top5=[a44=0.046, a38=0.040, a42=0.039, a12=0.038, a37=0.036]
  s=  630 a= 16 r= -2.3839 cum=   -854.16 v=-126.3611 top5=[a44=0.046, a38=0.040, a42=0.039, a12=0.038, a37=0.037]
  s=  631 a= 40 r= -1.3293 cum=   -855.49 v=-126.1668 top5=[a44=0.046, a38=0.040, a42=0.038, a12=0.038, a37=0.037]
  s=  632 a= 41 r= -2.3921 cum=   -857.88 v=-122.4682 top5=[a44=0.046, a38=0.040, a12=0.039, a42=0.037, a36=0.034]
  s=  633 a= 22 r= -2.3920 cum=   -860.27 v=-122.5517 top5=[a44=0.046, a38=0.040, a12=0.039, a42=0.036, a37=0.034]
  s=  634 a= 44 r= -4.4535 cum=   -864.72 v=-122.3725 top5=[a44=0.046, a38=0.040, a12=0.038, a42=0.036, a37=0.034]
  s=  635 a=  8 r= -2.3978 cum=   -867.12 v=-122.1888 top5=[a44=0.046, a38=0.040, a12=0.038, a42=0.035, a37=0.034]
  s=  636 a=  6 r= -2.4210 cum=   -869.54 v=-122.0038 top5=[a44=0.045, a38=0.040, a12=0.038, a37=0.035, a42=0.035]
  s=  637 a= 33 r= -2.4228 cum=   -871.97 v=-121.8182 top5=[a44=0.045, a38=0.040, a12=0.038, a37=0.035, a42=0.034]
  s=  638 a= 22 r= -2.4163 cum=   -874.38 v=-121.6314 top5=[a44=0.045, a38=0.040, a12=0.038, a37=0.036, a42=0.034]
  s=  639 a=  6 r= -2.4283 cum=   -876.81 v=-121.4397 top5=[a44=0.045, a38=0.040, a12=0.037, a37=0.036, a42=0.033]
  s=  640 a=  4 r= -2.4253 cum=   -879.23 v=-121.2372 top5=[a44=0.045, a38=0.040, a12=0.037, a37=0.036, a42=0.033]
  s=  641 a= 18 r= -2.4374 cum=   -881.67 v=-121.0298 top5=[a44=0.045, a38=0.040, a37=0.037, a12=0.037, a4=0.033]
  s=  642 a=  3 r= -2.4350 cum=   -884.11 v=-120.8121 top5=[a44=0.045, a38=0.039, a37=0.037, a12=0.036, a4=0.033]
  s=  643 a= 21 r= -2.4503 cum=   -886.56 v=-120.5928 top5=[a44=0.045, a38=0.039, a37=0.038, a12=0.036, a4=0.033]
  s=  644 a= 23 r= -5.4017 cum=   -891.96 v=-120.3475 top5=[a44=0.045, a38=0.039, a37=0.038, a12=0.036, a4=0.033]
  s=  645 a= 12 r= -1.0078 cum=   -892.97 v=-117.8378 top5=[a42=0.120, a12=0.071, a44=0.048, a38=0.034, a40=0.034]
  s=  646 a= 27 r= -1.8742 cum=   -894.84 v=-117.0488 top5=[a42=0.088, a12=0.072, a44=0.049, a38=0.035, a40=0.033]
  s=  647 a= 38 r= -2.4496 cum=   -897.29 v=-116.6797 top5=[a42=0.086, a12=0.071, a44=0.048, a38=0.035, a40=0.032]
  s=  648 a= 15 r= -2.4649 cum=   -899.76 v=-116.2926 top5=[a42=0.084, a12=0.071, a44=0.048, a38=0.035, a40=0.032]
  s=  649 a=  3 r= -2.4727 cum=   -902.23 v=-115.8776 top5=[a42=0.082, a12=0.070, a44=0.048, a38=0.035, a40=0.032]
  s=  650 a= 31 r= -2.4563 cum=   -904.68 v=-115.4611 top5=[a42=0.080, a12=0.070, a44=0.048, a38=0.035, a40=0.031]
    state: year=2 month=1 season=3 money=4661 credit=270204 people=69 busy=2 free=67 home_places=130 need_workers=2 tax_due=0 main_tax_due=0 tax_amount=6988 main_tax_amount=0 days_alive=677 stage=0 res0=0 res1=400 res2=0 res3=0 res4=0 res5=0 res6=0 res7=0 res8=240 Road=13 House=1 SmallHouse=1 AirStation=2 | nw=1264701.1676
  s=  651 a= 12 r= -1.0355 cum=   -905.72 v=-115.0892 top5=[a42=0.078, a12=0.069, a44=0.048, a38=0.035, a40=0.031]
  s=  652 a=  2 r= -2.4882 cum=   -908.21 v=-114.9291 top5=[a42=0.076, a12=0.068, a44=0.048, a38=0.035, a40=0.031]
  s=  653 a=  7 r= -2.5041 cum=   -910.71 v=-114.5374 top5=[a42=0.074, a12=0.067, a44=0.048, a38=0.035, a40=0.030]
  s=  654 a= 39 r= -2.5001 cum=   -913.21 v=-114.1537 top5=[a42=0.073, a12=0.066, a44=0.048, a38=0.035, a43=0.030]
  s=  655 a= 13 r= -2.5035 cum=   -915.72 v=-113.7701 top5=[a42=0.071, a12=0.065, a44=0.048, a38=0.035, a43=0.030]
  s=  656 a= 31 r= -2.5291 cum=   -918.25 v=-113.3826 top5=[a42=0.070, a12=0.064, a44=0.048, a38=0.035, a43=0.030]
  s=  657 a= 42 r= -2.5148 cum=   -920.76 v=-113.0007 top5=[a42=0.068, a12=0.063, a44=0.047, a38=0.035, a43=0.030]
  s=  658 a= 12 r= +0.7083 cum=   -920.05 v=-114.0371 top5=[a42=0.080, a12=0.063, a44=0.050, a38=0.035, a40=0.031]
  s=  659 a=  0 r= -1.9379 cum=   -921.99 v=-112.3916 top5=[a42=0.064, a12=0.061, a44=0.048, a38=0.035, a43=0.030]
  s=  660 a= 32 r= -2.5413 cum=   -924.53 v=-112.0129 top5=[a42=0.063, a12=0.061, a44=0.047, a38=0.035, a36=0.030]
  s=  661 a= 40 r= -0.9806 cum=   -925.51 v=-111.6386 top5=[a42=0.061, a12=0.060, a44=0.047, a38=0.034, a36=0.031]
  s=  662 a= 33 r= -2.5533 cum=   -928.06 v=-110.9061 top5=[a42=0.065, a12=0.061, a44=0.047, a38=0.035, a36=0.031]
  s=  663 a= 44 r= -1.6727 cum=   -929.74 v=-110.4030 top5=[a42=0.063, a12=0.060, a44=0.047, a38=0.035, a36=0.031]
  s=  664 a= 22 r= -2.5676 cum=   -932.31 v=-109.8841 top5=[a42=0.061, a12=0.059, a44=0.047, a38=0.034, a36=0.031]
  s=  665 a= 44 r= -1.6822 cum=   -933.99 v=-111.4855 top5=[a42=0.071, a12=0.060, a44=0.050, a38=0.035, a43=0.031]
  s=  666 a= 12 r= -1.1129 cum=   -935.10 v=-111.1663 top5=[a42=0.069, a12=0.060, a44=0.050, a38=0.035, a43=0.032]
  s=  667 a=  6 r= -2.5759 cum=   -937.68 v=-108.4600 top5=[a12=0.057, a42=0.054, a44=0.048, a38=0.034, a43=0.032]
  s=  668 a=  0 r= -1.9931 cum=   -939.67 v=-107.9164 top5=[a12=0.056, a42=0.051, a44=0.049, a38=0.034, a43=0.032]
  s=  669 a= 18 r= -2.5843 cum=   -942.25 v=-107.3755 top5=[a12=0.055, a42=0.049, a44=0.049, a38=0.034, a43=0.032]
  s=  670 a= 25 r= -2.5941 cum=   -944.85 v=-106.8367 top5=[a12=0.055, a44=0.049, a42=0.047, a38=0.033, a43=0.033]
  s=  671 a= 38 r= -2.6101 cum=   -947.46 v=-106.2945 top5=[a12=0.054, a44=0.049, a42=0.045, a38=0.033, a43=0.033]
  s=  672 a=  4 r= -2.6076 cum=   -950.07 v=-105.7452 top5=[a12=0.053, a44=0.049, a42=0.044, a43=0.033, a38=0.033]
  s=  673 a= 40 r= -0.5716 cum=   -950.64 v=-108.5173 top5=[a42=0.055, a12=0.054, a44=0.051, a38=0.034, a43=0.032]
  s=  674 a= 12 r= -1.1550 cum=   -951.79 v=-107.9265 top5=[a42=0.055, a12=0.054, a44=0.051, a38=0.034, a43=0.033]
  s=  675 a= 10 r= -2.0302 cum=   -953.82 v=-104.1770 top5=[a12=0.052, a44=0.050, a42=0.040, a43=0.034, a38=0.033]
  s=  676 a= 42 r= -2.6352 cum=   -956.46 v=-114.9124 top5=[a42=0.076, a12=0.060, a44=0.048, a38=0.033, a40=0.032]
  s=  677 a=  9 r= -2.6430 cum=   -959.10 v=-114.5103 top5=[a42=0.075, a12=0.059, a44=0.048, a38=0.033, a40=0.031]
  s=  678 a= 42 r= -2.6463 cum=   -961.75 v=-114.1251 top5=[a42=0.073, a12=0.059, a44=0.048, a38=0.033, a40=0.031]
  s=  679 a= 30 r= -2.6600 cum=   -964.41 v=-113.7197 top5=[a42=0.072, a12=0.058, a44=0.048, a38=0.033, a43=0.031]
  s=  680 a= 31 r= -2.6451 cum=   -967.05 v=-113.3122 top5=[a42=0.070, a12=0.058, a44=0.047, a38=0.033, a43=0.031]
  s=  681 a= 29 r= -2.6728 cum=   -969.72 v=-114.2992 top5=[a42=0.083, a12=0.059, a44=0.049, a38=0.034, a40=0.032]
  s=  682 a= 44 r= -1.7744 cum=   -971.50 v=-113.9643 top5=[a42=0.081, a12=0.059, a44=0.049, a38=0.034, a40=0.032]
  s=  683 a=  8 r= -5.6605 cum=   -977.16 v=-113.6423 top5=[a42=0.079, a12=0.059, a44=0.049, a38=0.034, a43=0.032]
  s=  684 a=  9 r= -2.6707 cum=   -979.83 v=-113.3087 top5=[a42=0.077, a12=0.058, a44=0.049, a38=0.034, a43=0.032]
  s=  685 a= 44 r= -1.7847 cum=   -981.61 v=-112.9752 top5=[a42=0.075, a12=0.058, a44=0.049, a38=0.034, a43=0.032]
  s=  686 a= 22 r= -2.6926 cum=   -984.31 v=-112.6420 top5=[a42=0.073, a12=0.058, a44=0.049, a38=0.034, a43=0.032]
  s=  687 a= 42 r= -2.6959 cum=   -987.00 v=-112.2978 top5=[a42=0.071, a12=0.057, a44=0.049, a38=0.034, a43=0.032]
  s=  688 a= 42 r= -2.7037 cum=   -989.71 v=-111.9523 top5=[a42=0.070, a12=0.056, a44=0.048, a38=0.034, a43=0.032]
  s=  689 a= 13 r= -2.6914 cum=   -992.40 v=-111.5982 top5=[a42=0.068, a12=0.056, a44=0.048, a38=0.034, a43=0.032]
  s=  690 a= 23 r= -2.7194 cum=   -995.12 v=-111.2370 top5=[a42=0.066, a12=0.055, a44=0.048, a38=0.034, a43=0.032]
  s=  691 a= 16 r= -2.7234 cum=   -997.84 v=-110.8757 top5=[a42=0.065, a12=0.055, a44=0.048, a38=0.034, a43=0.032]
  s=  692 a= 10 r= -2.7289 cum=  -1000.57 v=-110.5140 top5=[a42=0.063, a12=0.054, a44=0.048, a38=0.034, a43=0.032]
  s=  693 a=  6 r= -5.7144 cum=  -1006.28 v=-110.1513 top5=[a42=0.061, a12=0.053, a44=0.048, a38=0.033, a43=0.032]
  s=  694 a= 41 r= -2.7365 cum=  -1009.02 v=-109.7892 top5=[a42=0.060, a12=0.053, a44=0.048, a38=0.033, a43=0.032]
  s=  695 a= 41 r= -2.7207 cum=  -1011.74 v=-109.4879 top5=[a42=0.057, a12=0.052, a44=0.048, a38=0.033, a43=0.032]
  s=  696 a= 32 r= -2.7366 cum=  -1014.48 v=-109.0252 top5=[a42=0.056, a12=0.051, a44=0.048, a38=0.033, a43=0.032]
  s=  697 a= 44 r= -1.8507 cum=  -1016.33 v=-108.5013 top5=[a42=0.054, a12=0.051, a44=0.048, a38=0.033, a43=0.032]
  s=  698 a= 40 r= -1.7931 cum=  -1018.12 v=-107.9877 top5=[a42=0.052, a12=0.050, a44=0.048, a43=0.032, a38=0.032]
  s=  699 a= 42 r= -2.7532 cum=  -1020.88 v=-107.2827 top5=[a42=0.055, a12=0.051, a44=0.048, a38=0.033, a43=0.032]
  s=  700 a= 26 r= -2.7506 cum=  -1023.63 v=-106.7910 top5=[a42=0.053, a12=0.050, a44=0.048, a43=0.033, a38=0.032]
    state: year=2 month=2 season=3 money=7751 credit=298565 people=71 busy=2 free=69 home_places=130 need_workers=2 tax_due=0 main_tax_due=0 tax_amount=7094 main_tax_amount=0 days_alive=727 stage=0 res0=0 res1=200 res2=0 res3=0 res4=0 res5=0 res6=0 res7=0 res8=206 Road=17 House=1 SmallHouse=1 AirStation=2 | nw=1238917.5344
  s=  701 a= 36 r= -1.1224 cum=  -1024.75 v=-106.3004 top5=[a42=0.051, a12=0.049, a44=0.048, a43=0.033, a38=0.032]
  s=  702 a= 34 r= -2.7843 cum=  -1027.53 v=-105.6798 top5=[a44=0.049, a12=0.048, a42=0.048, a43=0.033, a36=0.032]
  s=  703 a= 26 r= -5.7632 cum=  -1033.30 v=-105.2014 top5=[a44=0.049, a12=0.047, a42=0.046, a43=0.033, a36=0.032]
  s=  704 a= 30 r= -2.7836 cum=  -1036.08 v=-104.6988 top5=[a44=0.049, a12=0.047, a42=0.045, a43=0.033, a36=0.032]
  s=  705 a=  8 r= -3.5098 cum=  -1039.59 v=-70.7528 top5=[a12=0.043, a6=0.040, a26=0.038, a38=0.037, a29=0.034]
  s=  706 a= 34 r= -3.5086 cum=  -1043.10 v=-70.3082 top5=[a12=0.042, a6=0.039, a26=0.038, a38=0.037, a29=0.034]
  s=  707 a= 18 r= -3.5075 cum=  -1046.61 v=-69.8821 top5=[a12=0.042, a6=0.039, a26=0.038, a38=0.037, a29=0.034]
  s=  708 a=  3 r= -3.5063 cum=  -1050.11 v=-69.4732 top5=[a12=0.042, a6=0.039, a26=0.038, a38=0.036, a29=0.034]
  s=  709 a= 44 r= -2.6140 cum=  -1052.73 v=-69.0803 top5=[a12=0.042, a6=0.039, a26=0.037, a38=0.036, a29=0.034]
  s=  710 a= 13 r= -3.5065 cum=  -1056.23 v=-68.7000 top5=[a12=0.042, a6=0.038, a26=0.037, a38=0.036, a29=0.034]
  s=  711 a= 29 r= -3.5054 cum=  -1059.74 v=-68.3301 top5=[a12=0.042, a6=0.038, a26=0.037, a38=0.036, a29=0.033]
  s=  712 a= 31 r= -3.5043 cum=  -1063.24 v=-67.9692 top5=[a12=0.042, a6=0.038, a26=0.037, a38=0.036, a29=0.033]
  s=  713 a= 12 r= -2.0426 cum=  -1065.28 v=-67.6211 top5=[a12=0.042, a6=0.038, a26=0.036, a38=0.035, a29=0.033]
  s=  714 a= 18 r= -3.5054 cum=  -1068.79 v=-46.1491 top5=[a26=0.038, a38=0.035, a29=0.034, a12=0.034, a43=0.033]
  s=  715 a= 41 r= -3.5044 cum=  -1072.29 v=-45.9009 top5=[a26=0.038, a38=0.035, a29=0.034, a12=0.034, a43=0.033]
  s=  716 a= 12 r= -2.0426 cum=  -1074.34 v=-44.9725 top5=[a26=0.038, a38=0.035, a29=0.034, a12=0.033, a43=0.033]
  s=  717 a= 43 r= -3.5055 cum=  -1077.84 v=-25.8181 top5=[a26=0.039, a24=0.036, a38=0.035, a29=0.035, a43=0.033]
  s=  718 a=  8 r= -3.5045 cum=  -1081.35 v=-25.6640 top5=[a26=0.039, a24=0.036, a38=0.035, a29=0.034, a43=0.033]
  s=  719 a= 24 r= -3.5035 cum=  -1084.85 v=-25.5347 top5=[a26=0.039, a24=0.036, a38=0.035, a29=0.034, a43=0.033]
  s=  720 a= 38 r= -3.5025 cum=  -1088.35 v=-25.4362 top5=[a26=0.039, a24=0.036, a38=0.035, a29=0.034, a43=0.033]
  s=  721 a= 31 r= -3.5015 cum=  -1091.85 v=-25.3477 top5=[a26=0.039, a24=0.036, a38=0.035, a29=0.034, a43=0.033]
  s=  722 a= 26 r= -3.5005 cum=  -1095.35 v=-25.2878 top5=[a26=0.038, a24=0.036, a38=0.035, a29=0.034, a43=0.033]
  s=  723 a= 42 r= -3.4995 cum=  -1098.85 v=-25.2361 top5=[a26=0.038, a24=0.036, a38=0.035, a29=0.034, a43=0.033]
  s=  724 a= 44 r= -2.6091 cum=  -1101.46 v=-25.1867 top5=[a26=0.038, a24=0.036, a38=0.035, a29=0.033, a43=0.033]
  s=  725 a= 18 r= -5.9322 cum=  -1107.40 v=-25.1396 top5=[a26=0.038, a24=0.036, a38=0.035, a29=0.033, a43=0.033]
  s=  726 a= 10 r= -3.4860 cum=  -1110.88 v=-25.0955 top5=[a26=0.038, a24=0.035, a38=0.035, a43=0.033, a29=0.033]
  s=  727 a= 37 r= -3.9577 cum=  -1114.84 v=-25.0616 top5=[a26=0.038, a24=0.035, a38=0.035, a43=0.033, a29=0.033]
  s=  728 a= 10 r= -3.4826 cum=  -1118.32 v=-25.0936 top5=[a26=0.038, a24=0.036, a38=0.035, a43=0.033, a29=0.033]
  s=  729 a= 27 r= -3.4819 cum=  -1121.80 v=-25.1193 top5=[a26=0.038, a24=0.036, a38=0.035, a43=0.033, a29=0.032]
  s=  730 a= 24 r= -3.4811 cum=  -1125.28 v=-25.1450 top5=[a26=0.037, a24=0.036, a38=0.035, a43=0.033, a29=0.032]
  s=  731 a= 40 r= -2.6466 cum=  -1127.93 v=-25.1707 top5=[a26=0.037, a24=0.036, a38=0.035, a43=0.033, a29=0.032]
  s=  732 a= 41 r= -3.4817 cum=  -1131.41 v=-26.2998 top5=[a26=0.037, a24=0.035, a38=0.035, a43=0.033, a29=0.032]
  s=  733 a=  0 r= -3.4809 cum=  -1134.89 v=-25.6921 top5=[a26=0.037, a24=0.035, a38=0.035, a43=0.033, a29=0.032]
  s=  734 a= 13 r= -3.4802 cum=  -1138.37 v=-25.7194 top5=[a26=0.037, a24=0.035, a38=0.035, a43=0.033, a29=0.032]
  s=  735 a= 31 r= -5.8974 cum=  -1144.27 v=-25.7465 top5=[a26=0.037, a24=0.035, a38=0.035, a43=0.033, a29=0.032]
  s=  736 a= 15 r= -3.4664 cum=  -1147.74 v=-25.7820 top5=[a26=0.037, a24=0.035, a38=0.034, a43=0.033, a29=0.032]
  s=  737 a= 17 r= -3.4658 cum=  -1151.20 v=-25.8261 top5=[a26=0.037, a24=0.035, a38=0.034, a43=0.033, a29=0.031]
  s=  738 a= 19 r= -3.4652 cum=  -1154.67 v=-25.8676 top5=[a26=0.037, a24=0.035, a38=0.034, a43=0.033, a29=0.031]
  s=  739 a=  0 r= -3.4646 cum=  -1158.13 v=-25.9082 top5=[a26=0.036, a24=0.035, a38=0.034, a43=0.033, a29=0.031]
  s=  740 a= 26 r= -3.4640 cum=  -1161.60 v=-25.9626 top5=[a26=0.036, a24=0.035, a38=0.034, a43=0.032, a29=0.031]
  s=  741 a= 35 r= -3.4634 cum=  -1165.06 v=-26.0194 top5=[a26=0.036, a24=0.035, a38=0.034, a43=0.032, a29=0.031]
  s=  742 a=  7 r= -3.4628 cum=  -1168.52 v=-26.0753 top5=[a26=0.036, a24=0.035, a38=0.034, a43=0.032, a29=0.031]
  s=  743 a= 44 r= -2.5820 cum=  -1171.11 v=-26.1301 top5=[a26=0.036, a24=0.035, a38=0.034, a43=0.032, a44=0.031]
  s=  744 a= 19 r= -3.4638 cum=  -1174.57 v=-26.1840 top5=[a26=0.036, a24=0.035, a38=0.034, a43=0.032, a44=0.031]
  s=  745 a= 26 r= -5.8699 cum=  -1180.44 v=-26.2370 top5=[a26=0.036, a24=0.035, a38=0.034, a43=0.032, a44=0.031]
  s=  746 a= 40 r= -2.7375 cum=  -1183.18 v=-26.2891 top5=[a26=0.036, a24=0.035, a38=0.034, a43=0.032, a44=0.031]
  s=  747 a= 38 r= -3.4522 cum=  -1186.63 v=-26.6740 top5=[a26=0.036, a24=0.035, a38=0.034, a43=0.032, a44=0.031]
  s=  748 a=  4 r= -3.4517 cum=  -1190.08 v=-26.7250 top5=[a26=0.036, a24=0.035, a38=0.034, a43=0.032, a44=0.031]
  s=  749 a= 30 r= -3.4512 cum=  -1193.53 v=-26.7760 top5=[a26=0.035, a24=0.035, a38=0.034, a43=0.032, a44=0.031]
  s=  750 a= 25 r= -3.4508 cum=  -1196.98 v=-26.8262 top5=[a26=0.035, a24=0.035, a38=0.034, a43=0.032, a44=0.031]
    state: year=2 month=3 season=0 money=6115 credit=300959 people=71 busy=2 free=69 home_places=130 need_workers=0 tax_due=1 main_tax_due=0 tax_amount=7119 main_tax_amount=0 days_alive=731 stage=0 res0=0 res1=200 res2=0 res3=0 res4=0 res5=0 res6=0 res7=0 res8=200 Road=18 House=1 SmallHouse=1 AirStation=2 | nw=1236334.6693
  s=  751 a= 18 r= -3.4504 cum=  -1200.43 v=-26.8756 top5=[a26=0.035, a24=0.035, a38=0.034, a43=0.032, a44=0.031]
  s=  752 a= 40 r= -3.4500 cum=  -1203.88 v=-26.9241 top5=[a26=0.035, a24=0.035, a38=0.034, a43=0.032, a44=0.031]
  s=  753 a=  4 r= -3.4496 cum=  -1207.33 v=-26.9710 top5=[a26=0.035, a24=0.035, a38=0.034, a43=0.032, a44=0.031]
  s=  754 a= 28 r= -3.4492 cum=  -1210.78 v=-27.0150 top5=[a26=0.035, a24=0.035, a38=0.034, a43=0.032, a44=0.031]
  s=  755 a= 23 r= -5.8454 cum=  -1216.63 v=-27.0583 top5=[a26=0.035, a24=0.035, a38=0.034, a43=0.032, a44=0.031]
  s=  756 a= 24 r= -3.4371 cum=  -1220.06 v=-27.1009 top5=[a26=0.035, a24=0.035, a38=0.034, a43=0.032, a44=0.032]
  s=  757 a=  3 r= -3.4368 cum=  -1223.50 v=-27.1463 top5=[a26=0.035, a24=0.035, a38=0.034, a43=0.032, a44=0.032]
  s=  758 a= 21 r= -3.4365 cum=  -1226.94 v=-27.2053 top5=[a26=0.035, a24=0.035, a38=0.034, a43=0.032, a44=0.032]
  s=  759 a= 19 r= -3.4362 cum=  -1230.37 v=-27.2634 top5=[a26=0.035, a24=0.035, a38=0.034, a43=0.032, a44=0.032]
  s=  760 a= 29 r= -3.4359 cum=  -1233.81 v=-27.3233 top5=[a26=0.035, a24=0.035, a38=0.034, a43=0.032, a44=0.032]
  s=  761 a=  9 r= -3.4356 cum=  -1237.25 v=-27.3822 top5=[a26=0.035, a24=0.035, a38=0.034, a43=0.032, a44=0.032]
  s=  762 a= 24 r= -3.4354 cum=  -1240.68 v=-27.4379 top5=[a26=0.035, a24=0.035, a38=0.034, a43=0.032, a44=0.032]
  s=  763 a= 27 r= -5.8222 cum=  -1246.50 v=-27.4913 top5=[a24=0.035, a26=0.034, a38=0.034, a43=0.032, a44=0.032]
    state: year=0 month=3 season=0 money=82000 credit=0 people=28 busy=0 free=28 home_places=50 need_workers=0 tax_due=0 main_tax_due=0 tax_amount=5106 main_tax_amount=0 days_alive=0 stage=0 res0=0 res1=0 res2=0 res3=0 res4=0 res5=0 res6=0 res7=0 res8=0 | nw=1532000.0000
  >>> Ep 1: reward=-1246.50, steps=764
  >>> final: year=0 month=3 season=0 money=82000 credit=0 people=28 busy=0 free=28 home_places=50 need_workers=0 tax_due=0 main_tax_due=0 tax_amount=5106 main_tax_amount=0 days_alive=0 stage=0 res0=0 res1=0 res2=0 res3=0 res4=0 res5=0 res6=0 res7=0 res8=0 | nw=1532000.0000
======================================================================
EPISODE 2
======================================================================
init: year=0 month=3 season=0 money=82000 credit=0 people=28 busy=0 free=28 home_places=50 need_workers=0 tax_due=0 main_tax_due=0 tax_amount=5106 main_tax_amount=0 days_alive=0 stage=0 res0=0 res1=0 res2=0 res3=0 res4=0 res5=0 res6=0 res7=0 res8=0 | nw=1532000.0000
  s=    0 a= 23 r= -0.3482 cum=     -0.35 v=+14.0206 top5=[a14=0.062, a4=0.059, a24=0.050, a1=0.048, a40=0.046]
    state: year=0 month=3 season=0 money=82000 credit=0 people=28 busy=0 free=28 home_places=50 need_workers=0 tax_due=0 main_tax_due=0 tax_amount=5106 main_tax_amount=0 days_alive=1 stage=0 res0=0 res1=0 res2=0 res3=0 res4=0 res5=0 res6=0 res7=0 res8=0 | nw=1532000.0000
  s=    1 a=  1 r= +0.2322 cum=     -0.12 v=+14.7920 top5=[a14=0.062, a4=0.058, a24=0.050, a1=0.049, a40=0.047]
  s=    2 a= 44 r= +0.5224 cum=     +0.41 v=+13.7617 top5=[a14=0.062, a4=0.057, a24=0.050, a1=0.048, a13=0.045]
  s=    3 a= 27 r= -0.3481 cum=     +0.06 v=+14.2011 top5=[a14=0.062, a4=0.056, a24=0.050, a1=0.048, a13=0.045]
  s=    4 a=  4 r= -0.3482 cum=     -0.29 v=+14.5577 top5=[a14=0.062, a4=0.056, a24=0.049, a1=0.048, a13=0.045]
  s=    5 a= 13 r= +0.2881 cum=     -0.00 v=+14.8104 top5=[a14=0.062, a4=0.055, a24=0.049, a1=0.048, a13=0.045]
  s=    6 a= 24 r= +2.1647 cum=     +2.16 v=+17.8956 top5=[a36=0.060, a14=0.053, a13=0.051, a1=0.049, a4=0.047]
  s=    7 a= 15 r= -0.3474 cum=     +1.82 v=+12.6577 top5=[a13=0.055, a36=0.053, a14=0.051, a1=0.051, a4=0.046]
  s=    8 a= 16 r= -0.3476 cum=     +1.47 v=+12.5283 top5=[a13=0.055, a36=0.053, a14=0.051, a1=0.051, a4=0.046]
  s=    9 a= 29 r= +3.5864 cum=     +5.05 v=+12.3996 top5=[a13=0.055, a36=0.052, a14=0.051, a1=0.050, a4=0.046]
  s=   10 a=  3 r= +5.7645 cum=    +10.82 v= +5.1162 top5=[a13=0.055, a14=0.051, a4=0.049, a1=0.048, a44=0.040]
  s=   11 a= 39 r= -0.3421 cum=    +10.48 v= -9.5840 top5=[a14=0.054, a13=0.050, a1=0.041, a4=0.040, a44=0.038]
  s=   12 a= 18 r= -0.3423 cum=    +10.13 v= -9.5764 top5=[a14=0.054, a13=0.050, a1=0.041, a4=0.041, a44=0.038]
  s=   13 a=  1 r= +0.2282 cum=    +10.36 v= -9.5796 top5=[a14=0.054, a13=0.051, a4=0.041, a1=0.040, a44=0.038]
  s=   14 a= 29 r= -0.3423 cum=    +10.02 v=-10.2523 top5=[a14=0.055, a13=0.054, a4=0.042, a1=0.039, a12=0.039]
  s=   15 a= 40 r= -0.3425 cum=     +9.68 v=-10.2127 top5=[a14=0.055, a13=0.055, a4=0.042, a12=0.039, a1=0.039]
  s=   16 a= 38 r= +1.9412 cum=    +11.62 v=-10.1758 top5=[a13=0.055, a14=0.055, a4=0.042, a12=0.039, a1=0.038]
  s=   17 a= 14 r= +0.7465 cum=    +12.37 v= -9.1811 top5=[a14=0.055, a13=0.053, a12=0.042, a44=0.041, a4=0.040]
  s=   18 a= 39 r= +1.9365 cum=    +14.30 v=-17.2515 top5=[a14=0.053, a13=0.050, a38=0.048, a44=0.045, a4=0.040]
  s=   19 a= 38 r= +1.9328 cum=    +16.23 v=-16.5610 top5=[a14=0.050, a13=0.042, a38=0.042, a44=0.042, a4=0.038]
  s=   20 a= 15 r= -0.3405 cum=    +15.89 v=-15.7601 top5=[a14=0.049, a44=0.044, a38=0.042, a13=0.041, a1=0.037]
  s=   21 a= 11 r= -0.3406 cum=    +15.55 v=-15.7387 top5=[a14=0.049, a44=0.044, a38=0.042, a13=0.041, a3=0.037]
  s=   22 a=  4 r= -0.3407 cum=    +15.21 v=-15.7386 top5=[a14=0.050, a44=0.044, a38=0.041, a13=0.041, a3=0.037]
  s=   23 a= 30 r= -0.3408 cum=    +14.87 v=-15.7336 top5=[a14=0.050, a44=0.044, a13=0.042, a38=0.041, a3=0.037]
  s=   24 a= 44 r= +0.5076 cum=    +15.38 v=-14.9876 top5=[a14=0.048, a44=0.044, a13=0.041, a38=0.040, a1=0.038]
  s=   25 a= 24 r= +5.6803 cum=    +21.06 v=-10.3396 top5=[a14=0.047, a1=0.044, a44=0.043, a13=0.041, a0=0.040]
  s=   26 a= 16 r= -3.1593 cum=    +17.90 v= -5.9748 top5=[a1=0.049, a14=0.048, a44=0.041, a13=0.040, a4=0.040]
  s=   27 a=  6 r= -0.3485 cum=    +17.55 v= -5.8335 top5=[a1=0.049, a14=0.048, a44=0.041, a13=0.041, a4=0.040]
  s=   28 a=  3 r= -0.3461 cum=    +17.21 v= -5.6924 top5=[a1=0.049, a14=0.048, a13=0.041, a44=0.041, a4=0.040]
  s=   29 a= 28 r= -0.3217 cum=    +16.88 v= -5.5434 top5=[a1=0.049, a14=0.048, a13=0.042, a44=0.041, a4=0.041]
  s=   30 a= 30 r= -0.3583 cum=    +16.53 v= -5.9284 top5=[a1=0.045, a14=0.043, a44=0.043, a13=0.040, a12=0.040]
  s=   31 a= 28 r= -0.3596 cum=    +16.17 v= -3.2628 top5=[a44=0.047, a1=0.042, a13=0.041, a12=0.039, a14=0.038]
  s=   32 a= 25 r= -0.3585 cum=    +15.81 v= -3.1091 top5=[a44=0.047, a1=0.042, a13=0.042, a12=0.039, a14=0.038]
  s=   33 a=  8 r= -0.3596 cum=    +15.45 v= -2.9978 top5=[a44=0.046, a1=0.042, a13=0.042, a12=0.039, a14=0.037]
  s=   34 a= 12 r= +1.0298 cum=    +16.48 v= -2.9048 top5=[a44=0.046, a13=0.043, a1=0.042, a12=0.039, a14=0.037]
  s=   35 a= 16 r= -0.3585 cum=    +16.12 v= -8.7978 top5=[a44=0.044, a13=0.041, a1=0.037, a38=0.035, a15=0.035]
  s=   36 a= 22 r= -0.3587 cum=    +15.76 v= -8.8759 top5=[a44=0.044, a13=0.041, a1=0.037, a38=0.036, a12=0.035]
  s=   37 a=  6 r= -0.3534 cum=    +15.41 v= -8.9625 top5=[a44=0.044, a13=0.042, a1=0.037, a38=0.036, a12=0.035]
  s=   38 a= 41 r= -0.3568 cum=    +15.05 v= -9.0094 top5=[a44=0.043, a13=0.042, a1=0.037, a38=0.036, a12=0.035]
  s=   39 a= 43 r= -0.3557 cum=    +14.70 v= -9.0325 top5=[a44=0.043, a13=0.042, a1=0.036, a38=0.036, a12=0.035]
  s=   40 a= 19 r= -0.3555 cum=    +14.34 v= -9.0668 top5=[a44=0.043, a13=0.043, a1=0.036, a38=0.036, a12=0.035]
  s=   41 a= 30 r= -0.3659 cum=    +13.97 v= -7.8732 top5=[a44=0.044, a13=0.041, a12=0.039, a1=0.036, a38=0.035]
  s=   42 a= 24 r= -0.3594 cum=    +13.61 v= -7.9607 top5=[a44=0.044, a13=0.042, a12=0.039, a1=0.035, a38=0.035]
  s=   43 a= 40 r= -3.1847 cum=    +10.43 v= -8.0479 top5=[a44=0.044, a13=0.042, a12=0.039, a38=0.035, a1=0.035]
  s=   44 a= 36 r= +0.2751 cum=    +10.70 v= -8.1351 top5=[a44=0.044, a13=0.042, a12=0.039, a38=0.036, a1=0.035]
  s=   45 a=  8 r= -0.3596 cum=    +10.35 v= -8.2224 top5=[a44=0.044, a13=0.043, a12=0.039, a38=0.036, a1=0.035]
  s=   46 a=  0 r= +0.2068 cum=    +10.55 v= -8.2720 top5=[a44=0.043, a13=0.043, a12=0.039, a38=0.036, a1=0.035]
  s=   47 a= 25 r= -0.3588 cum=    +10.19 v= -8.3266 top5=[a44=0.043, a13=0.043, a12=0.039, a38=0.036, a1=0.035]
  s=   48 a= 13 r= -0.3611 cum=     +9.83 v= -8.3955 top5=[a13=0.043, a44=0.043, a12=0.040, a38=0.036, a1=0.035]
  s=   49 a= 13 r= +5.6567 cum=    +15.49 v= -6.6488 top5=[a44=0.053, a12=0.039, a1=0.035, a36=0.035, a15=0.034]
  s=   50 a= 27 r= -0.3780 cum=    +15.11 v= -3.5534 top5=[a44=0.053, a12=0.039, a1=0.037, a15=0.035, a43=0.035]
    state: year=0 month=5 season=0 money=299 credit=0 people=28 busy=3 free=25 home_places=110 need_workers=4 tax_due=0 main_tax_due=0 tax_amount=7206 main_tax_amount=0 days_alive=63 stage=0 res0=0 res1=0 res2=0 res3=0 res4=0 res5=0 res6=0 res7=0 res8=0 Garden=1 Road=1 House=1 SmallHouse=1 Hothouse=1 Puerperal=1 | nw=1531839.8916
  s=   51 a= 23 r= -0.3781 cum=    +14.73 v= -3.3251 top5=[a44=0.053, a12=0.039, a1=0.037, a15=0.035, a43=0.035]
  s=   52 a=  4 r= -0.3836 cum=    +14.35 v= -3.1732 top5=[a44=0.053, a12=0.039, a1=0.037, a15=0.035, a43=0.034]
  s=   53 a= 21 r= -3.1728 cum=    +11.18 v= -3.0395 top5=[a44=0.052, a12=0.039, a1=0.037, a15=0.035, a43=0.034]
  s=   54 a=  6 r= -0.3785 cum=    +10.80 v= -2.9157 top5=[a44=0.052, a12=0.038, a1=0.036, a15=0.035, a43=0.034]
  s=   55 a=  3 r= -0.3893 cum=    +10.41 v= -2.7865 top5=[a44=0.052, a12=0.038, a1=0.036, a15=0.035, a43=0.034]
  s=   56 a= 44 r= +0.4688 cum=    +10.88 v= -2.6623 top5=[a44=0.051, a12=0.038, a1=0.036, a15=0.035, a43=0.033]
  s=   57 a= 44 r= +0.4622 cum=    +11.34 v= -2.5472 top5=[a44=0.051, a12=0.038, a1=0.036, a15=0.035, a43=0.033]
  s=   58 a= 30 r= -0.3801 cum=    +10.96 v= -2.4267 top5=[a44=0.051, a12=0.038, a1=0.036, a15=0.035, a3=0.033]
  s=   59 a= 44 r= +0.4635 cum=    +11.42 v= -2.3489 top5=[a44=0.051, a12=0.038, a1=0.036, a15=0.035, a3=0.033]
  s=   60 a= 21 r= -0.3680 cum=    +11.06 v= -2.2720 top5=[a44=0.050, a12=0.038, a1=0.036, a15=0.035, a3=0.034]
  s=   61 a=  9 r= -0.3908 cum=    +10.66 v= -2.1771 top5=[a44=0.050, a12=0.038, a1=0.035, a15=0.034, a3=0.034]
  s=   62 a=  4 r= -0.3790 cum=    +10.29 v= -2.1150 top5=[a44=0.050, a12=0.038, a1=0.035, a15=0.034, a3=0.034]
  s=   63 a= 44 r= -2.3464 cum=     +7.94 v= -2.1040 top5=[a44=0.049, a12=0.038, a1=0.035, a15=0.034, a13=0.034]
  s=   64 a= 40 r= -0.3686 cum=     +7.57 v= -2.0901 top5=[a44=0.049, a12=0.038, a1=0.035, a13=0.034, a15=0.034]
  s=   65 a= 44 r= +0.4682 cum=     +8.04 v= -2.0910 top5=[a44=0.049, a12=0.038, a1=0.035, a13=0.035, a15=0.034]
  s=   66 a= 33 r= -0.3847 cum=     +7.65 v= -2.0919 top5=[a44=0.049, a12=0.038, a13=0.035, a1=0.035, a3=0.034]
  s=   67 a= 28 r= -0.3817 cum=     +7.27 v= -2.1114 top5=[a44=0.048, a12=0.038, a13=0.035, a1=0.035, a3=0.034]
  s=   68 a= 18 r= -0.3898 cum=     +6.88 v= -2.1731 top5=[a44=0.048, a12=0.038, a13=0.036, a1=0.035, a3=0.034]
  s=   69 a= 40 r= -0.3847 cum=     +6.50 v= -2.2327 top5=[a44=0.048, a12=0.038, a13=0.036, a1=0.034, a3=0.034]
  s=   70 a=  7 r= -0.3821 cum=     +6.12 v= -2.3021 top5=[a44=0.047, a12=0.038, a13=0.036, a1=0.034, a3=0.034]
  s=   71 a= 38 r= +1.8739 cum=     +7.99 v= -2.3852 top5=[a44=0.047, a12=0.038, a13=0.037, a1=0.034, a3=0.034]
  s=   72 a=  9 r= -0.3804 cum=     +7.61 v= +1.5164 top5=[a44=0.046, a12=0.039, a3=0.037, a1=0.037, a13=0.034]
  s=   73 a= 38 r= -0.9447 cum=     +6.66 v= +1.4250 top5=[a44=0.046, a12=0.039, a3=0.037, a1=0.037, a13=0.034]
  s=   74 a= 16 r= -0.3852 cum=     +6.28 v= +3.4398 top5=[a44=0.044, a3=0.038, a1=0.037, a12=0.037, a13=0.037]
  s=   75 a= 40 r= -0.3800 cum=     +5.90 v= +3.3520 top5=[a44=0.044, a3=0.038, a12=0.037, a1=0.037, a13=0.037]
  s=   76 a= 40 r= -0.3802 cum=     +5.52 v= +3.2450 top5=[a44=0.044, a3=0.038, a12=0.037, a13=0.037, a1=0.037]
  s=   77 a= 44 r= +0.4654 cum=     +5.98 v= +3.1293 top5=[a44=0.043, a3=0.038, a12=0.038, a13=0.038, a1=0.037]
  s=   78 a= 41 r= -0.3895 cum=     +5.59 v= +3.0150 top5=[a44=0.043, a3=0.038, a12=0.038, a13=0.038, a1=0.036]
  s=   79 a= 44 r= +0.4547 cum=     +6.05 v= +2.9655 top5=[a44=0.043, a3=0.038, a12=0.038, a13=0.038, a1=0.036]
  s=   80 a= 15 r= -0.3791 cum=     +5.67 v=-14.9066 top5=[a0=0.048, a2=0.047, a36=0.044, a44=0.041, a4=0.041]
  s=   81 a=  3 r= -0.3697 cum=     +5.30 v=-19.5714 top5=[a38=0.089, a4=0.069, a0=0.064, a1=0.050, a44=0.047]
  s=   82 a= 38 r= +1.8777 cum=     +7.18 v=-19.5358 top5=[a38=0.089, a4=0.069, a0=0.063, a1=0.050, a44=0.047]
  s=   83 a= 17 r= -3.1972 cum=     +3.98 v=-14.5308 top5=[a2=0.050, a0=0.045, a44=0.044, a36=0.044, a43=0.042]
  s=   84 a=  3 r= -0.3801 cum=     +3.60 v=-14.4380 top5=[a2=0.050, a0=0.045, a36=0.044, a44=0.043, a43=0.042]
  s=   85 a= 44 r= +0.4674 cum=     +4.07 v=-14.3897 top5=[a2=0.050, a0=0.045, a36=0.043, a44=0.043, a43=0.042]
  s=   86 a=  7 r= -0.3802 cum=     +3.69 v=-14.3719 top5=[a2=0.050, a0=0.045, a36=0.043, a44=0.042, a43=0.042]
  s=   87 a= 26 r= +0.7473 cum=     +4.44 v=-14.3559 top5=[a2=0.049, a0=0.045, a36=0.043, a44=0.042, a43=0.042]
  s=   88 a=  2 r= -0.3694 cum=     +4.07 v=-14.3451 top5=[a2=0.049, a0=0.045, a36=0.043, a44=0.041, a43=0.041]
  s=   89 a=  2 r= -0.3803 cum=     +3.69 v=-14.3349 top5=[a2=0.049, a0=0.045, a36=0.043, a43=0.041, a38=0.041]
  s=   90 a=  2 r= -0.3805 cum=     +3.31 v=-14.3260 top5=[a2=0.049, a0=0.045, a36=0.043, a38=0.041, a4=0.041]
  s=   91 a= 44 r= +0.4658 cum=     +3.77 v=-14.3180 top5=[a2=0.049, a0=0.046, a36=0.043, a38=0.041, a4=0.041]
  s=   92 a= 12 r= -0.3806 cum=     +3.39 v=-14.3109 top5=[a2=0.048, a0=0.046, a36=0.043, a38=0.041, a4=0.041]
  s=   93 a= 43 r= -3.2006 cum=     +0.19 v=-14.3253 top5=[a2=0.048, a0=0.046, a36=0.043, a4=0.042, a38=0.042]
  s=   94 a= 13 r= -0.3807 cum=     -0.19 v=-14.3786 top5=[a2=0.048, a0=0.046, a36=0.043, a4=0.042, a38=0.042]
  s=   95 a= 43 r= -0.3809 cum=     -0.57 v=-14.4238 top5=[a2=0.048, a0=0.046, a36=0.043, a4=0.042, a38=0.042]
  s=   96 a=  2 r= -0.3702 cum=     -0.94 v=-14.4744 top5=[a2=0.047, a0=0.046, a36=0.043, a4=0.042, a38=0.042]
  s=   97 a= 38 r= +1.8790 cum=     +0.94 v=-14.5306 top5=[a2=0.047, a0=0.045, a36=0.043, a4=0.043, a38=0.042]
  s=   98 a=  4 r= -0.3784 cum=     +0.56 v=-13.6920 top5=[a2=0.054, a24=0.047, a4=0.046, a36=0.046, a0=0.045]
  s=   99 a= 25 r= -0.3807 cum=     +0.18 v=-13.6301 top5=[a2=0.054, a24=0.047, a4=0.046, a36=0.046, a0=0.045]
  s=  100 a= 35 r= -0.3809 cum=     -0.20 v=-13.5700 top5=[a2=0.054, a24=0.047, a4=0.047, a36=0.045, a0=0.045]
    state: year=0 month=6 season=1 money=299 credit=0 people=28 busy=0 free=28 home_places=50 need_workers=0 tax_due=0 main_tax_due=0 tax_amount=7206 main_tax_amount=0 days_alive=113 stage=0 res0=0 res1=0 res2=0 res3=0 res4=0 res5=0 res6=0 res7=0 res8=0 Garden=1 Road=1 House=1 SmallHouse=1 Hothouse=1 Puerperal=1 | nw=1531094.0120
  s=  101 a= 33 r= -0.3810 cum=     -0.58 v=-13.5341 top5=[a2=0.054, a4=0.047, a24=0.047, a36=0.045, a38=0.045]
  s=  102 a= 15 r= -0.3812 cum=     -0.96 v=-13.5093 top5=[a2=0.054, a4=0.047, a24=0.047, a36=0.045, a38=0.045]
  s=  103 a= 38 r= -3.2076 cum=     -4.17 v=-13.4403 top5=[a2=0.053, a4=0.048, a24=0.046, a36=0.045, a38=0.045]
  s=  104 a=  8 r= -0.3813 cum=     -4.55 v=-13.3692 top5=[a2=0.053, a4=0.048, a24=0.046, a36=0.045, a38=0.045]
  s=  105 a=  0 r= +0.1840 cum=     -4.37 v=-13.2991 top5=[a2=0.053, a4=0.048, a24=0.046, a38=0.045, a36=0.045]
  s=  106 a= 33 r= -0.3815 cum=     -4.75 v=-13.2300 top5=[a2=0.053, a4=0.049, a24=0.046, a38=0.045, a36=0.045]
  s=  107 a=  3 r= -0.3816 cum=     -5.13 v=-13.1747 top5=[a2=0.053, a4=0.049, a24=0.046, a38=0.045, a36=0.045]
  s=  108 a= 17 r= -0.3805 cum=     -5.51 v=-13.1293 top5=[a2=0.053, a4=0.049, a24=0.045, a38=0.045, a36=0.045]
  s=  109 a=  4 r= -0.3819 cum=     -5.90 v=-13.0845 top5=[a2=0.053, a4=0.050, a24=0.045, a38=0.045, a36=0.045]
  s=  110 a= 24 r= -0.3820 cum=     -6.28 v=-13.8182 top5=[a2=0.050, a44=0.046, a0=0.046, a24=0.043, a36=0.043]
  s=  111 a= 23 r= -0.3800 cum=     -6.66 v=-13.6465 top5=[a2=0.050, a44=0.046, a0=0.046, a24=0.043, a36=0.043]
  s=  112 a= 40 r= -0.3823 cum=     -7.04 v=-13.4864 top5=[a2=0.050, a0=0.046, a44=0.046, a24=0.043, a36=0.043]
  s=  113 a=  3 r= -3.2174 cum=    -10.26 v=-13.3280 top5=[a2=0.050, a0=0.046, a44=0.045, a24=0.043, a36=0.043]
  s=  114 a=  2 r= -0.3825 cum=    -10.64 v=-13.1733 top5=[a2=0.050, a0=0.046, a44=0.045, a24=0.043, a36=0.043]
  s=  115 a= 22 r= -0.3826 cum=    -11.02 v=-13.0260 top5=[a2=0.050, a0=0.046, a44=0.044, a24=0.043, a36=0.043]
  s=  116 a=  3 r= -0.3827 cum=    -11.40 v=-12.8956 top5=[a2=0.050, a0=0.046, a44=0.044, a36=0.043, a24=0.043]
  s=  117 a=  5 r= -0.3829 cum=    -11.79 v=-12.7790 top5=[a2=0.050, a0=0.046, a44=0.044, a24=0.043, a36=0.043]
  s=  118 a=  3 r= -0.3830 cum=    -12.17 v=-12.6627 top5=[a2=0.050, a0=0.046, a24=0.043, a36=0.043, a44=0.043]
  s=  119 a=  4 r= -0.3832 cum=    -12.55 v=-12.5468 top5=[a2=0.050, a0=0.046, a24=0.043, a36=0.043, a4=0.043]
  s=  120 a= 24 r= -0.3833 cum=    -12.94 v=-12.4382 top5=[a2=0.050, a0=0.046, a24=0.043, a4=0.043, a36=0.043]
  s=  121 a=  3 r= -0.3711 cum=    -13.31 v=-12.4047 top5=[a2=0.050, a0=0.046, a4=0.044, a24=0.043, a36=0.043]
  s=  122 a= 39 r= +1.8910 cum=    -11.42 v=-12.4052 top5=[a2=0.050, a0=0.046, a4=0.044, a24=0.043, a36=0.043]
  s=  123 a= 25 r= -3.2222 cum=    -14.64 v=-14.9889 top5=[a2=0.046, a0=0.045, a36=0.040, a4=0.040, a44=0.038]
  s=  124 a=  7 r= -0.3830 cum=    -15.02 v=-14.9842 top5=[a2=0.046, a0=0.044, a36=0.040, a4=0.040, a43=0.038]
  s=  125 a= 15 r= -0.3810 cum=    -15.40 v=-14.9548 top5=[a2=0.046, a0=0.044, a4=0.041, a36=0.040, a43=0.038]
  s=  126 a= 36 r= -0.3811 cum=    -15.78 v=-14.9667 top5=[a2=0.045, a0=0.044, a4=0.041, a36=0.040, a43=0.038]
  s=  127 a= 30 r= -0.3834 cum=    -16.17 v=-14.9665 top5=[a2=0.045, a0=0.044, a4=0.041, a36=0.040, a12=0.038]
  s=  128 a=  3 r= -0.3836 cum=    -16.55 v=-14.9518 top5=[a2=0.045, a0=0.044, a4=0.041, a36=0.040, a12=0.038]
  s=  129 a=  1 r= -0.0563 cum=    -16.61 v=-14.9034 top5=[a2=0.045, a0=0.043, a4=0.042, a36=0.040, a12=0.039]
  s=  130 a= 43 r= -0.3838 cum=    -16.99 v=-14.8387 top5=[a2=0.045, a4=0.044, a0=0.042, a12=0.041, a36=0.040]
  s=  131 a= 40 r= -0.3840 cum=    -17.38 v=-14.8899 top5=[a2=0.045, a4=0.045, a0=0.042, a12=0.041, a36=0.040]
  s=  132 a= 23 r= -0.3732 cum=    -17.75 v=-14.9451 top5=[a4=0.045, a2=0.045, a0=0.042, a12=0.041, a43=0.040]
  s=  133 a= 40 r= -3.2323 cum=    -20.98 v=-15.0095 top5=[a4=0.045, a2=0.045, a12=0.042, a0=0.041, a43=0.040]
  s=  134 a= 14 r= -0.3842 cum=    -21.37 v=-15.0770 top5=[a4=0.045, a2=0.044, a12=0.042, a0=0.041, a43=0.040]
  s=  135 a=  4 r= -0.3735 cum=    -21.74 v=-14.0665 top5=[a2=0.044, a0=0.044, a44=0.043, a36=0.039, a43=0.038]
  s=  136 a=  9 r= -0.3845 cum=    -22.12 v=-13.9846 top5=[a2=0.044, a0=0.044, a44=0.042, a36=0.039, a43=0.038]
  s=  137 a=  8 r= -0.3846 cum=    -22.51 v=-13.9277 top5=[a2=0.044, a0=0.044, a44=0.042, a36=0.039, a43=0.038]
  s=  138 a= 22 r= -0.3848 cum=    -22.89 v=-13.8944 top5=[a2=0.044, a0=0.044, a44=0.041, a36=0.039, a43=0.038]
  s=  139 a= 24 r= -0.3834 cum=    -23.28 v=-13.9124 top5=[a2=0.044, a0=0.044, a44=0.041, a36=0.039, a43=0.038]
  s=  140 a= 19 r= -0.3851 cum=    -23.66 v=-13.9588 top5=[a2=0.044, a0=0.044, a44=0.041, a36=0.039, a43=0.038]
  s=  141 a=  1 r= -0.0546 cum=    -23.72 v=-14.0197 top5=[a2=0.044, a0=0.044, a44=0.040, a36=0.039, a43=0.038]
  s=  142 a= 16 r= -0.3853 cum=    -24.10 v=-14.2978 top5=[a2=0.044, a0=0.044, a4=0.039, a36=0.039, a43=0.038]
  s=  143 a= 29 r= -3.2424 cum=    -27.34 v=-14.2708 top5=[a2=0.044, a0=0.044, a4=0.039, a36=0.039, a43=0.038]
  s=  144 a= 43 r= -0.3854 cum=    -27.73 v=-14.2348 top5=[a2=0.044, a0=0.043, a4=0.040, a36=0.039, a43=0.039]
  s=  145 a= 19 r= -0.3855 cum=    -28.11 v=-14.2101 top5=[a2=0.044, a0=0.043, a4=0.040, a36=0.039, a43=0.039]
  s=  146 a=  8 r= -0.3803 cum=    -28.49 v=-14.1744 top5=[a2=0.044, a0=0.043, a4=0.040, a43=0.039, a36=0.039]
  s=  147 a=  4 r= -0.3858 cum=    -28.88 v=-14.1338 top5=[a2=0.044, a0=0.043, a4=0.041, a43=0.039, a36=0.039]
  s=  148 a=  0 r= +0.1972 cum=    -28.68 v=-14.0966 top5=[a2=0.044, a0=0.043, a4=0.041, a43=0.039, a36=0.039]
  s=  149 a= 24 r= -0.3860 cum=    -29.07 v=-14.0659 top5=[a2=0.044, a0=0.043, a4=0.041, a43=0.039, a36=0.039]
  s=  150 a= 30 r= -0.3861 cum=    -29.46 v=-14.0404 top5=[a2=0.044, a0=0.042, a4=0.042, a43=0.040, a12=0.039]
    state: year=0 month=8 season=1 money=299 credit=0 people=28 busy=0 free=28 home_places=110 need_workers=0 tax_due=0 main_tax_due=0 tax_amount=7206 main_tax_amount=0 days_alive=175 stage=0 res0=0 res1=0 res2=0 res3=0 res4=0 res5=0 res6=0 res7=0 res8=0 Garden=1 Road=1 House=1 SmallHouse=1 Hothouse=1 Puerperal=1 | nw=1530200.4634
  s=  151 a=  4 r= -0.3863 cum=    -29.84 v=-14.0469 top5=[a2=0.044, a0=0.042, a4=0.042, a43=0.040, a12=0.039]
  s=  152 a= 40 r= -0.3864 cum=    -30.23 v=-14.0688 top5=[a2=0.044, a4=0.042, a0=0.042, a43=0.040, a12=0.040]
  s=  153 a=  2 r= -3.2520 cum=    -33.48 v=-14.1030 top5=[a2=0.044, a4=0.042, a0=0.042, a12=0.040, a43=0.040]
  s=  154 a= 33 r= -0.3865 cum=    -33.87 v=-14.1473 top5=[a2=0.043, a4=0.043, a0=0.041, a12=0.040, a43=0.040]
  s=  155 a= 33 r= -0.3867 cum=    -34.25 v=-14.2010 top5=[a2=0.043, a4=0.043, a0=0.041, a12=0.041, a43=0.040]
  s=  156 a=  6 r= -0.3868 cum=    -34.64 v=-14.2666 top5=[a4=0.043, a2=0.043, a12=0.041, a0=0.041, a43=0.040]
  s=  157 a= 40 r= -0.3870 cum=    -35.03 v=-14.3631 top5=[a4=0.043, a2=0.043, a12=0.042, a0=0.041, a43=0.040]
  s=  158 a= 44 r= +0.4737 cum=    -34.55 v=-14.4636 top5=[a4=0.044, a2=0.043, a12=0.042, a0=0.041, a43=0.040]
  s=  159 a= 21 r= -0.3858 cum=    -34.94 v=-14.5637 top5=[a4=0.044, a2=0.043, a12=0.043, a0=0.040, a43=0.040]
  s=  160 a= 24 r= -0.4004 cum=    -35.34 v= -8.5611 top5=[a13=0.038, a44=0.038, a3=0.037, a38=0.036, a12=0.036]
  s=  161 a= 17 r= -0.3871 cum=    -35.73 v= -8.7142 top5=[a13=0.039, a44=0.037, a3=0.037, a38=0.036, a12=0.036]
  s=  162 a=  5 r= -0.3929 cum=    -36.12 v= -8.8625 top5=[a13=0.039, a44=0.038, a3=0.037, a38=0.036, a12=0.036]
  s=  163 a=  4 r= -3.2677 cum=    -39.39 v= -8.9853 top5=[a13=0.039, a44=0.038, a3=0.037, a38=0.037, a12=0.036]
  s=  164 a= 33 r= -0.3876 cum=    -39.77 v= -9.1082 top5=[a13=0.039, a44=0.038, a38=0.037, a3=0.037, a12=0.037]
  s=  165 a= 40 r= -0.3899 cum=    -40.16 v= -9.2335 top5=[a13=0.039, a44=0.038, a38=0.037, a12=0.037, a3=0.037]
  s=  166 a= 18 r= -0.4004 cum=    -40.57 v= -9.3624 top5=[a13=0.039, a44=0.038, a38=0.037, a12=0.037, a3=0.037]
  s=  167 a= 44 r= +0.4748 cum=    -40.09 v= -9.4870 top5=[a13=0.039, a44=0.038, a38=0.038, a12=0.037, a3=0.036]
  s=  168 a= 23 r= -0.3825 cum=    -40.47 v= -9.5983 top5=[a13=0.040, a38=0.038, a44=0.038, a12=0.038, a3=0.036]
  s=  169 a= 22 r= -0.3881 cum=    -40.86 v= -9.7130 top5=[a13=0.040, a38=0.038, a12=0.038, a44=0.038, a3=0.036]
  s=  170 a= 12 r= -0.3883 cum=    -41.25 v= -9.8332 top5=[a13=0.040, a38=0.038, a12=0.038, a44=0.038, a3=0.036]
  s=  171 a= 35 r= -0.3900 cum=    -41.64 v= -9.9349 top5=[a13=0.040, a38=0.039, a12=0.038, a44=0.038, a3=0.036]
  s=  172 a= 26 r= -0.3886 cum=    -42.03 v=-10.0368 top5=[a13=0.040, a38=0.039, a12=0.038, a44=0.038, a3=0.036]
  s=  173 a= 41 r= -3.2824 cum=    -45.31 v=-10.1378 top5=[a13=0.040, a38=0.039, a12=0.039, a44=0.038, a3=0.036]
  s=  174 a=  3 r= -0.3941 cum=    -45.70 v=-10.2558 top5=[a13=0.040, a38=0.039, a12=0.039, a44=0.038, a3=0.036]
  s=  175 a= 40 r= +0.7652 cum=    -44.94 v=-10.4106 top5=[a13=0.040, a38=0.040, a12=0.039, a44=0.038, a3=0.036]
  s=  176 a=  4 r= -0.3887 cum=    -45.33 v=-10.5625 top5=[a13=0.041, a38=0.040, a12=0.040, a44=0.038, a3=0.035]
  s=  177 a= 19 r= -0.3888 cum=    -45.72 v=-10.6414 top5=[a13=0.041, a38=0.040, a12=0.040, a44=0.038, a3=0.035]
  s=  178 a= 23 r= +0.1822 cum=    -45.53 v=-10.6769 top5=[a13=0.041, a38=0.041, a12=0.040, a44=0.039, a3=0.035]
  s=  179 a= 13 r= -0.3890 cum=    -45.92 v=-10.7033 top5=[a13=0.041, a38=0.041, a12=0.040, a44=0.039, a3=0.035]
  s=  180 a= 38 r= -5.7691 cum=    -51.69 v=-10.7502 top5=[a38=0.041, a13=0.041, a12=0.041, a44=0.039, a3=0.035]
  s=  181 a= 17 r= -0.3826 cum=    -52.08 v= -8.1498 top5=[a13=0.042, a44=0.041, a12=0.039, a38=0.039, a3=0.038]
  s=  182 a= 11 r= -0.3921 cum=    -52.47 v= -8.2262 top5=[a13=0.042, a44=0.041, a38=0.039, a12=0.039, a3=0.038]
  s=  183 a= 41 r= -3.2666 cum=    -55.73 v= -8.3327 top5=[a13=0.042, a44=0.041, a38=0.040, a12=0.039, a3=0.037]
  s=  184 a= 12 r= -0.3993 cum=    -56.13 v= -8.4388 top5=[a13=0.042, a44=0.041, a38=0.040, a12=0.040, a3=0.037]
  s=  185 a=  4 r= -0.3829 cum=    -56.52 v= -8.5505 top5=[a13=0.042, a44=0.041, a38=0.041, a12=0.040, a3=0.037]
  s=  186 a= 36 r= -0.3886 cum=    -56.90 v= -8.6728 top5=[a13=0.042, a44=0.042, a38=0.041, a12=0.040, a3=0.037]
  s=  187 a=  0 r= +0.1897 cum=    -56.71 v= -8.7976 top5=[a13=0.042, a44=0.042, a38=0.042, a12=0.040, a3=0.037]
  s=  188 a= 25 r= -0.3942 cum=    -57.11 v= -8.9336 top5=[a13=0.042, a38=0.042, a44=0.042, a12=0.040, a3=0.037]
  s=  189 a=  8 r= -0.3911 cum=    -57.50 v= -9.0832 top5=[a13=0.043, a38=0.043, a44=0.042, a12=0.040, a43=0.037]
  s=  190 a= 43 r= -0.3899 cum=    -57.89 v= -8.5151 top5=[a44=0.042, a13=0.040, a3=0.040, a36=0.038, a14=0.037]
  s=  191 a=  0 r= +0.1822 cum=    -57.71 v= -8.6383 top5=[a44=0.042, a13=0.040, a3=0.039, a36=0.038, a14=0.037]
  s=  192 a= 18 r= -0.3892 cum=    -58.10 v= -8.7391 top5=[a44=0.042, a13=0.040, a3=0.039, a36=0.038, a14=0.037]
  s=  193 a= 13 r= -3.2765 cum=    -61.37 v= -8.8560 top5=[a44=0.042, a13=0.040, a3=0.039, a36=0.038, a14=0.036]
  s=  194 a= 26 r= -0.3893 cum=    -61.76 v= -8.9765 top5=[a44=0.042, a13=0.040, a3=0.039, a36=0.038, a12=0.037]
  s=  195 a=  1 r= -0.0864 cum=    -61.85 v= -9.0935 top5=[a44=0.042, a13=0.041, a3=0.039, a36=0.038, a12=0.037]
  s=  196 a= 39 r= +1.9126 cum=    -59.94 v= -9.8179 top5=[a13=0.041, a44=0.041, a12=0.038, a3=0.038, a36=0.038]
  s=  197 a= 24 r= -0.3890 cum=    -60.33 v=-12.7868 top5=[a13=0.041, a12=0.039, a44=0.039, a38=0.038, a14=0.036]
  s=  198 a= 38 r= +1.9178 cum=    -58.41 v=-12.9145 top5=[a13=0.041, a12=0.040, a44=0.039, a38=0.038, a14=0.036]
  s=  199 a=  8 r= -0.4018 cum=    -58.81 v=-10.3213 top5=[a13=0.042, a44=0.041, a12=0.039, a3=0.038, a36=0.038]
  s=  200 a=  8 r= -0.3903 cum=    -59.20 v=-10.4051 top5=[a13=0.042, a44=0.041, a12=0.039, a3=0.038, a36=0.038]
    state: year=0 month=10 season=2 money=299 credit=0 people=28 busy=0 free=28 home_places=50 need_workers=0 tax_due=0 main_tax_due=0 tax_amount=7206 main_tax_amount=0 days_alive=231 stage=0 res0=0 res1=0 res2=0 res3=0 res4=0 res5=0 res6=0 res7=0 res8=0 Garden=1 Road=1 House=1 SmallHouse=1 Hothouse=1 Puerperal=1 | nw=1529328.1910
  s=  201 a= 26 r= -0.3911 cum=    -59.59 v=-10.4919 top5=[a13=0.042, a44=0.041, a12=0.039, a3=0.038, a36=0.038]
  s=  202 a= 34 r= -0.3923 cum=    -59.98 v=-10.5879 top5=[a13=0.042, a44=0.041, a12=0.039, a3=0.038, a36=0.037]
  s=  203 a= 43 r= -3.2762 cum=    -63.26 v=-10.6910 top5=[a13=0.042, a44=0.041, a12=0.039, a3=0.038, a36=0.037]
  s=  204 a= 19 r= -0.4002 cum=    -63.66 v=-10.8021 top5=[a13=0.042, a44=0.041, a12=0.040, a3=0.038, a38=0.037]
  s=  205 a= 40 r= -0.3893 cum=    -64.05 v=-10.9128 top5=[a13=0.042, a44=0.041, a12=0.040, a38=0.038, a3=0.037]
  s=  206 a= 23 r= -0.3894 cum=    -64.44 v=-11.0236 top5=[a13=0.042, a44=0.041, a12=0.040, a38=0.038, a3=0.037]
  s=  207 a=  6 r= -0.3807 cum=    -64.82 v=-11.1517 top5=[a13=0.042, a44=0.042, a12=0.040, a38=0.038, a3=0.037]
  s=  208 a= 11 r= -0.3910 cum=    -65.21 v=-11.2706 top5=[a13=0.042, a44=0.042, a12=0.040, a38=0.039, a3=0.037]
  s=  209 a= 44 r= +0.4660 cum=    -64.74 v=-11.3856 top5=[a13=0.042, a44=0.042, a12=0.040, a38=0.039, a3=0.037]
  s=  210 a= 22 r= -0.3898 cum=    -65.13 v=-11.5149 top5=[a13=0.043, a44=0.042, a12=0.041, a38=0.040, a3=0.037]
  s=  211 a= 36 r= -0.4010 cum=    -65.53 v=-11.6855 top5=[a13=0.043, a44=0.042, a12=0.041, a38=0.040, a3=0.037]
  s=  212 a= 16 r= -0.3914 cum=    -65.93 v=-11.9021 top5=[a13=0.043, a44=0.042, a12=0.041, a38=0.041, a3=0.037]
  s=  213 a=  3 r= -3.2883 cum=    -69.21 v=-12.1328 top5=[a13=0.043, a44=0.042, a12=0.041, a38=0.041, a3=0.037]
  s=  214 a= 13 r= -0.3902 cum=    -69.60 v=-12.3626 top5=[a13=0.043, a44=0.043, a38=0.042, a12=0.042, a24=0.036]
  s=  215 a= 30 r= -0.4014 cum=    -70.01 v=-11.0387 top5=[a44=0.042, a13=0.040, a3=0.039, a14=0.039, a36=0.038]
  s=  216 a= 13 r= -0.3883 cum=    -70.39 v=-11.1545 top5=[a44=0.042, a13=0.041, a3=0.039, a14=0.038, a36=0.038]
  s=  217 a=  4 r= -0.3921 cum=    -70.79 v=-11.2554 top5=[a44=0.042, a13=0.041, a3=0.039, a14=0.038, a36=0.038]
  s=  218 a= 36 r= -0.3907 cum=    -71.18 v=-11.3687 top5=[a44=0.042, a13=0.041, a3=0.038, a14=0.038, a36=0.038]
  s=  219 a=  3 r= -0.4019 cum=    -71.58 v=-11.4955 top5=[a44=0.042, a13=0.041, a3=0.038, a14=0.038, a12=0.038]
  s=  220 a= 44 r= +0.4597 cum=    -71.12 v=-11.6360 top5=[a44=0.042, a13=0.041, a3=0.038, a12=0.038, a14=0.038]
  s=  221 a= 30 r= -0.3981 cum=    -71.52 v=-11.7830 top5=[a44=0.042, a13=0.041, a12=0.038, a3=0.038, a14=0.038]
  s=  222 a=  0 r= +0.1852 cum=    -71.33 v=-11.9295 top5=[a44=0.042, a13=0.041, a12=0.039, a3=0.038, a14=0.038]
  s=  223 a= 37 r= -5.7992 cum=    -77.13 v=-12.0970 top5=[a13=0.041, a44=0.041, a12=0.039, a3=0.038, a36=0.038]
  s=  224 a= 37 r= -5.7825 cum=    -82.91 v=-11.8512 top5=[a13=0.047, a12=0.041, a14=0.040, a44=0.038, a3=0.037]
  s=  225 a= 36 r= +1.1335 cum=    -81.78 v=-11.7231 top5=[a14=0.047, a13=0.044, a3=0.041, a12=0.040, a44=0.040]
  s=  226 a= 36 r= +0.2076 cum=    -81.57 v=-12.7885 top5=[a14=0.047, a13=0.043, a3=0.041, a12=0.040, a44=0.040]
  s=  227 a= 36 r= +0.2061 cum=    -81.37 v=-13.0908 top5=[a14=0.046, a13=0.043, a12=0.041, a3=0.040, a44=0.040]
  s=  228 a=  1 r= +0.0251 cum=    -81.34 v=-13.4161 top5=[a14=0.046, a13=0.043, a12=0.041, a3=0.040, a44=0.040]
  s=  229 a= 20 r= -0.3736 cum=    -81.72 v=-15.1961 top5=[a14=0.046, a13=0.045, a12=0.043, a44=0.040, a24=0.040]
  s=  230 a= 21 r= -0.3737 cum=    -82.09 v=-15.4852 top5=[a14=0.046, a13=0.045, a12=0.044, a44=0.040, a24=0.040]
  s=  231 a=  2 r= -0.3738 cum=    -82.46 v=-15.7771 top5=[a14=0.045, a13=0.045, a12=0.044, a44=0.041, a24=0.040]
  s=  232 a= 19 r= -0.3752 cum=    -82.84 v=-16.0961 top5=[a14=0.045, a13=0.045, a12=0.044, a44=0.041, a24=0.041]
  s=  233 a=  7 r= -3.2719 cum=    -86.11 v=-16.4226 top5=[a14=0.045, a13=0.045, a12=0.044, a44=0.041, a24=0.041]
  s=  234 a=  8 r= +0.1935 cum=    -85.92 v=-16.7228 top5=[a13=0.045, a14=0.045, a12=0.045, a44=0.041, a24=0.041]
  s=  235 a= 41 r= -0.9502 cum=    -86.87 v=-16.8967 top5=[a13=0.045, a14=0.045, a12=0.045, a44=0.041, a24=0.041]
  s=  236 a=  6 r= -0.3746 cum=    -87.24 v=-16.4877 top5=[a12=0.046, a14=0.044, a24=0.042, a13=0.042, a40=0.040]
  s=  237 a=  3 r= -0.3760 cum=    -87.62 v=-16.7834 top5=[a12=0.047, a14=0.044, a24=0.042, a13=0.042, a40=0.040]
  s=  238 a= 13 r= -0.3745 cum=    -87.99 v=-17.0657 top5=[a12=0.047, a14=0.044, a24=0.042, a13=0.042, a44=0.040]
  s=  239 a= 24 r= -0.3747 cum=    -88.37 v=-30.9012 top5=[a12=0.068, a14=0.063, a36=0.045, a44=0.045, a43=0.043]
  s=  240 a= 39 r= +1.9263 cum=    -86.44 v=-30.9760 top5=[a12=0.068, a14=0.062, a36=0.045, a44=0.045, a43=0.043]
  s=  241 a= 14 r= -0.3854 cum=    -86.83 v=-32.8137 top5=[a12=0.071, a14=0.060, a44=0.045, a43=0.043, a36=0.042]
  s=  242 a= 41 r= -0.3745 cum=    -87.20 v=-32.8266 top5=[a12=0.071, a14=0.060, a44=0.045, a43=0.042, a36=0.042]
  s=  243 a= 18 r= -3.2666 cum=    -90.47 v=-32.8432 top5=[a12=0.071, a14=0.059, a44=0.046, a36=0.042, a43=0.042]
  s=  244 a= 31 r= -0.3758 cum=    -90.84 v=-32.8662 top5=[a12=0.071, a14=0.059, a44=0.046, a36=0.042, a43=0.042]
  s=  245 a= 43 r= -0.3649 cum=    -91.21 v=-32.8890 top5=[a12=0.070, a14=0.059, a44=0.046, a36=0.042, a43=0.041]
  s=  246 a= 36 r= +0.3321 cum=    -90.88 v=-32.9115 top5=[a12=0.070, a14=0.059, a44=0.047, a36=0.042, a43=0.041]
  s=  247 a= 29 r= -0.3859 cum=    -91.26 v=-33.0169 top5=[a12=0.070, a14=0.059, a44=0.047, a36=0.042, a43=0.040]
  s=  248 a= 19 r= -0.3762 cum=    -91.64 v=-33.0405 top5=[a12=0.070, a14=0.059, a44=0.047, a36=0.041, a43=0.040]
  s=  249 a= 38 r= +1.9388 cum=    -89.70 v=-33.0769 top5=[a12=0.070, a14=0.059, a44=0.048, a36=0.041, a43=0.040]
  s=  250 a= 12 r= -0.3869 cum=    -90.09 v=-31.7613 top5=[a12=0.067, a14=0.061, a44=0.047, a36=0.044, a13=0.040]
    state: year=0 month=12 season=3 money=395 credit=0 people=29 busy=0 free=29 home_places=50 need_workers=0 tax_due=0 main_tax_due=0 tax_amount=6374 main_tax_amount=0 days_alive=287 stage=0 res0=0 res1=400 res2=0 res3=0 res4=0 res5=0 res6=0 res7=0 res8=0 Garden=1 Road=1 House=1 Puerperal=1 | nw=1509436.0432
  s=  251 a= 17 r= -0.3747 cum=    -90.46 v=-31.9548 top5=[a12=0.067, a14=0.061, a44=0.047, a36=0.044, a13=0.040]
  s=  252 a= 34 r= -0.3749 cum=    -90.83 v=-32.1473 top5=[a12=0.066, a14=0.061, a44=0.047, a36=0.044, a13=0.040]
  s=  253 a= 18 r= -3.2684 cum=    -94.10 v=-32.3398 top5=[a12=0.066, a14=0.061, a44=0.047, a36=0.044, a13=0.040]
  s=  254 a= 39 r= +1.9286 cum=    -92.17 v=-32.5326 top5=[a12=0.066, a14=0.061, a44=0.048, a36=0.044, a13=0.039]
  s=  255 a= 29 r= -0.3773 cum=    -92.55 v=-33.4051 top5=[a12=0.069, a14=0.059, a44=0.050, a36=0.041, a43=0.038]
  s=  256 a= 13 r= -0.3885 cum=    -92.94 v=-33.5575 top5=[a12=0.069, a14=0.058, a44=0.050, a36=0.041, a13=0.037]
  s=  257 a= 25 r= -0.3760 cum=    -93.32 v=-33.7239 top5=[a12=0.069, a14=0.058, a44=0.050, a36=0.041, a13=0.037]
  s=  258 a=  4 r= -0.3764 cum=    -93.69 v=-33.8895 top5=[a12=0.069, a14=0.058, a44=0.050, a36=0.041, a13=0.037]
  s=  259 a= 36 r= +0.2752 cum=    -93.42 v=-34.0494 top5=[a12=0.069, a14=0.058, a44=0.050, a36=0.041, a13=0.037]
  s=  260 a= 29 r= -0.3861 cum=    -93.80 v=-34.2764 top5=[a12=0.069, a14=0.058, a44=0.051, a36=0.041, a13=0.036]
  s=  261 a= 12 r= -0.3764 cum=    -94.18 v=-34.4328 top5=[a12=0.069, a14=0.058, a44=0.051, a36=0.041, a13=0.036]
  s=  262 a=  2 r= -0.3753 cum=    -94.56 v=-34.6333 top5=[a12=0.069, a14=0.058, a44=0.051, a36=0.042, a13=0.036]
  s=  263 a= 36 r= -1.5128 cum=    -96.07 v=-34.8512 top5=[a12=0.069, a14=0.058, a44=0.051, a36=0.042, a13=0.036]
  s=  264 a= 25 r= -0.3756 cum=    -96.44 v=-35.0929 top5=[a12=0.070, a14=0.058, a44=0.051, a36=0.042, a13=0.036]
  s=  265 a=  3 r= -0.3770 cum=    -96.82 v=-35.3027 top5=[a12=0.070, a14=0.057, a44=0.051, a36=0.042, a38=0.036]
  s=  266 a= 11 r= -0.3774 cum=    -97.20 v=-35.5080 top5=[a12=0.070, a14=0.057, a44=0.052, a36=0.042, a38=0.036]
  s=  267 a= 18 r= -0.3760 cum=    -97.57 v=-35.7217 top5=[a12=0.070, a14=0.057, a44=0.052, a36=0.042, a38=0.036]
  s=  268 a= 26 r= -0.3761 cum=    -97.95 v=-35.9757 top5=[a12=0.070, a14=0.057, a44=0.052, a36=0.042, a38=0.037]
  s=  269 a= 43 r= -0.3778 cum=    -98.33 v=-36.2268 top5=[a12=0.070, a14=0.057, a44=0.052, a36=0.042, a38=0.037]
  s=  270 a= 18 r= -0.3764 cum=    -98.70 v=-35.8878 top5=[a12=0.083, a44=0.059, a16=0.035, a17=0.032, a3=0.032]
  s=  271 a=  4 r= -0.3889 cum=    -99.09 v=-36.0848 top5=[a12=0.083, a44=0.059, a16=0.035, a17=0.032, a3=0.032]
  s=  272 a= 14 r= -0.3877 cum=    -99.48 v=-36.2942 top5=[a12=0.083, a44=0.059, a16=0.035, a17=0.032, a3=0.032]
  s=  273 a= 43 r= -3.2854 cum=   -102.77 v=-36.5328 top5=[a12=0.083, a44=0.059, a16=0.035, a17=0.032, a3=0.032]
  s=  274 a= 12 r= -0.3894 cum=   -103.16 v=-36.7793 top5=[a12=0.083, a44=0.059, a16=0.035, a17=0.032, a3=0.032]
  s=  275 a= 25 r= -0.3880 cum=   -103.54 v=-37.1027 top5=[a12=0.083, a44=0.059, a16=0.034, a17=0.032, a3=0.031]
  s=  276 a=  7 r= -0.3782 cum=   -103.92 v=-37.4007 top5=[a12=0.083, a44=0.058, a16=0.034, a17=0.031, a3=0.031]
  s=  277 a= 23 r= -0.3672 cum=   -104.29 v=-37.6419 top5=[a12=0.082, a44=0.058, a16=0.034, a17=0.031, a3=0.031]
  s=  278 a=  9 r= -0.3884 cum=   -104.68 v=-37.8905 top5=[a12=0.082, a44=0.058, a16=0.034, a17=0.031, a3=0.031]
  s=  279 a= 23 r= -0.3885 cum=   -105.07 v=-38.1534 top5=[a12=0.082, a44=0.058, a16=0.034, a17=0.031, a3=0.031]
  s=  280 a=  9 r= -0.3788 cum=   -105.44 v=-38.4193 top5=[a12=0.082, a44=0.058, a16=0.033, a17=0.031, a3=0.031]
  s=  281 a=  8 r= -0.3888 cum=   -105.83 v=-38.6675 top5=[a12=0.082, a44=0.058, a16=0.033, a3=0.031, a17=0.031]
  s=  282 a= 27 r= -0.3777 cum=   -106.21 v=-38.8972 top5=[a12=0.082, a44=0.058, a16=0.033, a3=0.031, a17=0.031]
  s=  283 a= 40 r= -2.5964 cum=   -108.81 v=-39.1264 top5=[a12=0.082, a44=0.058, a16=0.033, a3=0.031, a17=0.031]
  s=  284 a= 17 r= -0.3808 cum=   -109.19 v=-39.2687 top5=[a12=0.082, a44=0.058, a16=0.033, a3=0.031, a0=0.031]
  s=  285 a= 12 r= +1.0685 cum=   -108.12 v=-39.4986 top5=[a12=0.082, a44=0.058, a16=0.032, a3=0.031, a0=0.031]
  s=  286 a= 26 r= -0.3779 cum=   -108.50 v=-40.9139 top5=[a12=0.080, a44=0.055, a38=0.034, a3=0.032, a16=0.031]
  s=  287 a= 41 r= -0.3796 cum=   -108.88 v=-41.0601 top5=[a12=0.080, a44=0.055, a38=0.035, a3=0.031, a16=0.031]
  s=  288 a=  4 r= -0.3878 cum=   -109.27 v=-41.2106 top5=[a12=0.080, a44=0.055, a38=0.035, a3=0.031, a16=0.030]
  s=  289 a= 24 r= -0.3796 cum=   -109.65 v=-41.3885 top5=[a12=0.080, a44=0.055, a38=0.035, a3=0.031, a16=0.030]
  s=  290 a= 12 r= -0.3896 cum=   -110.03 v=-41.6030 top5=[a12=0.079, a44=0.055, a38=0.036, a3=0.031, a16=0.030]
  s=  291 a=  0 r= +0.1917 cum=   -109.84 v=-41.8171 top5=[a12=0.079, a44=0.055, a38=0.036, a3=0.031, a16=0.030]
  s=  292 a= 11 r= -0.3773 cum=   -110.22 v=-41.4243 top5=[a12=0.082, a44=0.059, a38=0.032, a16=0.031, a3=0.030]
  s=  293 a= 19 r= -0.3787 cum=   -110.60 v=-41.7218 top5=[a12=0.081, a44=0.059, a38=0.032, a16=0.031, a3=0.030]
  s=  294 a= 36 r= -2.6677 cum=   -113.27 v=-42.0126 top5=[a12=0.081, a44=0.059, a38=0.032, a16=0.031, a3=0.030]
  s=  295 a=  8 r= -0.3789 cum=   -113.65 v=-42.3425 top5=[a12=0.081, a44=0.059, a38=0.033, a16=0.031, a3=0.030]
  s=  296 a= 26 r= -0.3915 cum=   -114.04 v=-42.6351 top5=[a12=0.081, a44=0.059, a38=0.033, a16=0.031, a3=0.030]
  s=  297 a= 12 r= -0.3808 cum=   -114.42 v=-42.9577 top5=[a12=0.080, a44=0.059, a38=0.033, a16=0.030, a3=0.030]
  s=  298 a= 43 r= -0.3793 cum=   -114.80 v=-43.3235 top5=[a12=0.080, a44=0.058, a38=0.034, a16=0.030, a3=0.030]
  s=  299 a= 36 r= -0.3795 cum=   -115.18 v=-43.6877 top5=[a12=0.079, a44=0.058, a38=0.034, a16=0.030, a3=0.030]
  s=  300 a= 30 r= +0.2034 cum=   -114.97 v=-44.0507 top5=[a12=0.079, a44=0.058, a38=0.034, a3=0.030, a16=0.030]
    state: year=1 month=2 season=3 money=0 credit=0 people=30 busy=0 free=30 home_places=110 need_workers=0 tax_due=0 main_tax_due=0 tax_amount=6378 main_tax_amount=0 days_alive=337 stage=0 res0=0 res1=200 res2=0 res3=0 res4=0 res5=0 res6=0 res7=0 res8=0 Garden=1 Road=2 House=1 Puerperal=1 | nw=1508943.6534
  s=  301 a= 11 r= -0.3908 cum=   -115.36 v=-46.2421 top5=[a12=0.075, a44=0.048, a3=0.033, a16=0.030, a4=0.030]
  s=  302 a= 32 r= -0.3894 cum=   -115.75 v=-46.4304 top5=[a12=0.074, a44=0.048, a3=0.033, a16=0.030, a4=0.030]
  s=  303 a= 26 r= -0.3815 cum=   -116.14 v=-46.6180 top5=[a12=0.074, a44=0.048, a3=0.033, a4=0.030, a16=0.030]
  s=  304 a= 43 r= -3.3137 cum=   -119.45 v=-46.7951 top5=[a12=0.074, a44=0.048, a3=0.033, a4=0.030, a16=0.029]
  s=  305 a= 28 r= -0.3927 cum=   -119.84 v=-46.9848 top5=[a12=0.074, a44=0.048, a3=0.033, a4=0.029, a16=0.029]
  s=  306 a=  4 r= -0.3913 cum=   -120.23 v=-47.2627 top5=[a12=0.074, a44=0.048, a3=0.033, a4=0.029, a16=0.029]
  s=  307 a= 12 r= -0.3802 cum=   -120.61 v=-47.5648 top5=[a12=0.074, a44=0.048, a3=0.033, a4=0.029, a0=0.029]
  s=  308 a= 21 r= -0.3803 cum=   -120.99 v=-47.8726 top5=[a12=0.074, a44=0.048, a3=0.033, a4=0.029, a0=0.029]
  s=  309 a= 16 r= -0.3820 cum=   -121.38 v=-48.1706 top5=[a12=0.074, a44=0.048, a3=0.033, a4=0.029, a0=0.029]
  s=  310 a= 12 r= -0.3834 cum=   -121.76 v=-48.4692 top5=[a12=0.074, a44=0.048, a3=0.033, a4=0.029, a0=0.029]
  s=  311 a= 16 r= -0.3807 cum=   -122.14 v=-48.7880 top5=[a12=0.074, a44=0.048, a3=0.033, a4=0.029, a0=0.029]
  s=  312 a= 36 r= -0.3808 cum=   -122.52 v=-49.1058 top5=[a12=0.074, a44=0.048, a3=0.033, a4=0.029, a0=0.028]
  s=  313 a=  9 r= -0.3935 cum=   -122.91 v=-49.4236 top5=[a12=0.074, a44=0.048, a3=0.033, a4=0.029, a0=0.028]
  s=  314 a= 19 r= -3.3219 cum=   -126.24 v=-49.7422 top5=[a12=0.074, a44=0.048, a3=0.033, a4=0.029, a0=0.028]
  s=  315 a= 44 r= +0.4898 cum=   -125.75 v=-50.0262 top5=[a12=0.074, a44=0.048, a3=0.033, a4=0.029, a38=0.028]
  s=  316 a= 26 r= -0.3938 cum=   -126.14 v=-50.2073 top5=[a12=0.074, a44=0.048, a3=0.033, a4=0.029, a38=0.028]
  s=  317 a= 42 r= -0.2357 cum=   -126.38 v=-50.3036 top5=[a12=0.074, a44=0.048, a3=0.033, a38=0.029, a4=0.029]
  s=  318 a= 12 r= +0.6243 cum=   -125.75 v=-52.3668 top5=[a12=0.095, a36=0.037, a39=0.036, a9=0.035, a4=0.034]
  s=  319 a= 13 r= +0.3971 cum=   -125.35 v=-52.3107 top5=[a12=0.090, a36=0.037, a39=0.036, a38=0.034, a13=0.033]
  s=  320 a=  3 r= +1.4346 cum=   -123.92 v=-54.5296 top5=[a12=0.103, a38=0.039, a44=0.036, a4=0.034, a14=0.033]
  s=  321 a= 14 r= +2.0508 cum=   -121.87 v=-58.9815 top5=[a12=0.093, a38=0.044, a44=0.039, a14=0.033, a39=0.033]
  s=  322 a= 12 r= +0.6064 cum=   -121.26 v=-62.6170 top5=[a12=0.087, a38=0.050, a44=0.042, a11=0.036, a39=0.034]
  s=  323 a= 36 r= +0.0375 cum=   -121.22 v=-64.2573 top5=[a12=0.083, a38=0.054, a44=0.042, a11=0.037, a39=0.034]
  s=  324 a= 39 r= +1.5211 cum=   -119.70 v=-64.0878 top5=[a12=0.083, a38=0.054, a44=0.042, a11=0.037, a39=0.034]
  s=  325 a=  5 r= -0.8371 cum=   -120.54 v=-61.9771 top5=[a12=0.086, a38=0.052, a44=0.045, a11=0.036, a4=0.035]
  s=  326 a= 38 r= +1.5216 cum=   -119.02 v=-61.8714 top5=[a12=0.086, a38=0.052, a44=0.046, a11=0.036, a39=0.035]
  s=  327 a= 12 r= +0.6027 cum=   -118.42 v=-62.0968 top5=[a12=0.087, a38=0.051, a44=0.045, a11=0.037, a39=0.036]
  s=  328 a= 27 r= +2.1034 cum=   -116.31 v=-63.5507 top5=[a12=0.083, a38=0.055, a44=0.045, a11=0.036, a39=0.036]
  s=  329 a= 22 r= +2.0892 cum=   -114.22 v=-67.7470 top5=[a12=0.081, a44=0.050, a38=0.035, a19=0.034, a36=0.034]
  s=  330 a= 30 r= -0.8323 cum=   -115.06 v=-48.3407 top5=[a12=0.053, a44=0.050, a36=0.042, a38=0.037, a0=0.034]
  s=  331 a= 27 r= -0.8342 cum=   -115.89 v=-48.1859 top5=[a12=0.053, a44=0.050, a36=0.043, a38=0.037, a0=0.034]
  s=  332 a=  4 r= -0.8352 cum=   -116.73 v=-48.0188 top5=[a12=0.053, a44=0.049, a36=0.043, a38=0.037, a0=0.034]
  s=  333 a= 17 r= -0.8387 cum=   -117.56 v=-47.8528 top5=[a12=0.054, a44=0.049, a36=0.043, a38=0.037, a0=0.033]
  s=  334 a= 30 r= -0.8378 cum=   -118.40 v=-47.7902 top5=[a12=0.057, a44=0.051, a36=0.041, a38=0.036, a0=0.034]
  s=  335 a=  1 r= -3.2116 cum=   -121.61 v=-47.6493 top5=[a12=0.058, a44=0.050, a36=0.042, a38=0.036, a0=0.034]
  s=  336 a= 31 r= -0.8502 cum=   -122.46 v=-49.4798 top5=[a12=0.066, a44=0.050, a36=0.042, a38=0.036, a14=0.033]
  s=  337 a=  5 r= -0.8480 cum=   -123.31 v=-49.2595 top5=[a12=0.066, a44=0.049, a36=0.043, a38=0.036, a14=0.033]
  s=  338 a=  2 r= -3.7726 cum=   -127.08 v=-49.0396 top5=[a12=0.067, a44=0.049, a36=0.043, a38=0.037, a14=0.033]
  s=  339 a= 36 r= -0.1575 cum=   -127.24 v=-49.8816 top5=[a12=0.070, a44=0.052, a36=0.043, a38=0.036, a14=0.035]
  s=  340 a= 19 r= -0.8564 cum=   -128.10 v=-52.7535 top5=[a12=0.072, a44=0.054, a36=0.044, a38=0.037, a14=0.035]
  s=  341 a= 13 r= -0.8587 cum=   -128.96 v=-52.4510 top5=[a12=0.072, a44=0.054, a36=0.044, a38=0.038, a14=0.035]
  s=  342 a= 28 r= -0.8693 cum=   -129.83 v=-52.1475 top5=[a12=0.073, a44=0.053, a36=0.044, a38=0.038, a14=0.035]
  s=  343 a= 18 r= -0.8575 cum=   -130.68 v=-51.8732 top5=[a12=0.073, a44=0.053, a36=0.045, a38=0.039, a14=0.035]
  s=  344 a= 44 r= +0.0196 cum=   -130.66 v=-51.5907 top5=[a12=0.073, a44=0.052, a36=0.045, a38=0.039, a14=0.034]
  s=  345 a= 12 r= +0.5822 cum=   -130.08 v=-51.3220 top5=[a12=0.073, a44=0.052, a36=0.045, a38=0.039, a14=0.034]
  s=  346 a= 32 r= -0.8631 cum=   -130.95 v=-47.7867 top5=[a12=0.062, a44=0.044, a36=0.040, a38=0.039, a14=0.030]
  s=  347 a= 18 r= -0.8400 cum=   -131.79 v=-47.6635 top5=[a12=0.062, a44=0.043, a36=0.041, a38=0.039, a14=0.030]
  s=  348 a=  3 r= -0.8774 cum=   -132.66 v=-45.1362 top5=[a12=0.062, a44=0.050, a36=0.043, a38=0.039, a39=0.031]
  s=  349 a= 39 r= +1.4882 cum=   -131.17 v=-51.7860 top5=[a44=0.053, a12=0.050, a36=0.046, a38=0.036, a39=0.031]
  s=  350 a= 21 r= -0.2969 cum=   -131.47 v=-51.9058 top5=[a44=0.051, a36=0.050, a12=0.048, a38=0.040, a14=0.029]
    state: year=1 month=3 season=0 money=3316 credit=54141 people=32 busy=3 free=29 home_places=170 need_workers=8 tax_due=0 main_tax_due=0 tax_amount=8046 main_tax_amount=0 days_alive=393 stage=0 res0=0 res1=200 res2=0 res3=0 res4=0 res5=0 res6=0 res7=0 res8=0 Garden=2 Road=6 House=2 SmallHouse=1 Apiary=1 Puerperal=1 | nw=1496612.6123
  s=  351 a= 44 r= -0.0116 cum=   -131.48 v=-51.6614 top5=[a36=0.050, a44=0.050, a12=0.048, a38=0.039, a14=0.029]
  s=  352 a= 38 r= +1.4738 cum=   -130.01 v=-51.8973 top5=[a44=0.053, a12=0.051, a36=0.050, a38=0.039, a14=0.031]
  s=  353 a= 12 r= +2.3285 cum=   -127.68 v=-46.8888 top5=[a12=0.066, a44=0.057, a36=0.043, a38=0.041, a39=0.030]
  s=  354 a= 14 r= -0.8812 cum=   -128.56 v=-49.5653 top5=[a44=0.062, a12=0.053, a36=0.040, a38=0.034, a39=0.031]
  s=  355 a= 44 r= -0.0040 cum=   -128.57 v=-49.1254 top5=[a44=0.062, a12=0.053, a36=0.040, a38=0.034, a39=0.031]
  s=  356 a= 43 r= -0.8901 cum=   -129.46 v=-48.6872 top5=[a44=0.061, a12=0.053, a36=0.040, a38=0.034, a39=0.031]
  s=  357 a= 11 r= +0.3026 cum=   -129.15 v=-48.2503 top5=[a44=0.061, a12=0.054, a36=0.041, a38=0.034, a39=0.031]
  s=  358 a= 23 r= -0.8801 cum=   -130.03 v=-47.8339 top5=[a44=0.060, a12=0.054, a36=0.041, a38=0.035, a39=0.031]
  s=  359 a= 25 r= -0.8835 cum=   -130.92 v=-47.4377 top5=[a44=0.059, a12=0.054, a36=0.041, a38=0.035, a39=0.031]
  s=  360 a=  4 r= -0.8883 cum=   -131.81 v=-48.5117 top5=[a44=0.064, a12=0.058, a36=0.040, a38=0.035, a43=0.031]
  s=  361 a=  0 r= -0.3107 cum=   -132.12 v=-48.0902 top5=[a44=0.063, a12=0.058, a36=0.040, a38=0.035, a43=0.031]
  s=  362 a= 44 r= -2.9513 cum=   -135.07 v=-47.6799 top5=[a44=0.062, a12=0.058, a36=0.040, a38=0.035, a43=0.031]
  s=  363 a= 17 r= -0.8918 cum=   -135.96 v=-47.2947 top5=[a44=0.062, a12=0.058, a36=0.040, a38=0.035, a43=0.031]
  s=  364 a= 22 r= -0.2966 cum=   -136.26 v=-46.8995 top5=[a44=0.061, a12=0.058, a36=0.040, a38=0.035, a43=0.031]
  s=  365 a= 35 r= -0.2042 cum=   -136.46 v=-46.4557 top5=[a44=0.060, a12=0.058, a36=0.041, a38=0.035, a43=0.030]
  s=  366 a= 33 r= -0.9020 cum=   -137.36 v=-46.0790 top5=[a44=0.060, a12=0.058, a36=0.041, a38=0.035, a43=0.030]
  s=  367 a= 11 r= -0.9015 cum=   -138.26 v=-45.7231 top5=[a44=0.059, a12=0.058, a36=0.041, a38=0.035, a43=0.030]
  s=  368 a= 32 r= -0.9017 cum=   -139.17 v=-45.3685 top5=[a44=0.059, a12=0.058, a36=0.041, a38=0.035, a39=0.030]
  s=  369 a=  1 r= -3.6325 cum=   -142.80 v=-45.0505 top5=[a12=0.058, a44=0.058, a36=0.041, a38=0.036, a39=0.030]
  s=  370 a= 41 r= -0.9156 cum=   -143.71 v=-43.6062 top5=[a12=0.059, a44=0.054, a36=0.042, a38=0.037, a39=0.029]
  s=  371 a= 36 r= -0.0707 cum=   -143.78 v=-43.4741 top5=[a12=0.058, a44=0.053, a36=0.042, a38=0.037, a39=0.029]
  s=  372 a=  5 r= -3.8599 cum=   -147.64 v=-43.2152 top5=[a12=0.058, a44=0.053, a36=0.043, a38=0.037, a39=0.029]
  s=  373 a= 35 r= -0.3098 cum=   -147.95 v=-42.9872 top5=[a12=0.058, a44=0.052, a36=0.043, a38=0.038, a39=0.029]
  s=  374 a= 36 r= -0.2899 cum=   -148.24 v=-42.7691 top5=[a12=0.058, a44=0.052, a36=0.043, a38=0.038, a39=0.029]
  s=  375 a= 16 r= -0.9089 cum=   -149.15 v=-42.5907 top5=[a12=0.058, a44=0.051, a36=0.043, a38=0.038, a39=0.029]
  s=  376 a= 17 r= -0.9139 cum=   -150.07 v=-42.4134 top5=[a12=0.058, a44=0.051, a36=0.043, a38=0.038, a39=0.029]
  s=  377 a= 16 r= -0.9169 cum=   -150.98 v=-42.2581 top5=[a12=0.058, a44=0.051, a36=0.043, a38=0.038, a39=0.028]
  s=  378 a= 27 r= -0.9154 cum=   -151.90 v=-45.7892 top5=[a44=0.060, a12=0.050, a36=0.040, a43=0.033, a38=0.031]
  s=  379 a=  2 r= -0.9161 cum=   -152.81 v=-45.3567 top5=[a44=0.060, a12=0.050, a36=0.040, a43=0.033, a38=0.031]
  s=  380 a= 24 r= -0.9072 cum=   -153.72 v=-44.8978 top5=[a44=0.059, a12=0.050, a36=0.040, a43=0.033, a38=0.031]
  s=  381 a=  2 r= -0.9302 cum=   -154.65 v=-44.4504 top5=[a44=0.059, a12=0.051, a36=0.040, a43=0.032, a38=0.032]
  s=  382 a= 38 r= -1.5169 cum=   -156.17 v=-44.0083 top5=[a44=0.058, a12=0.051, a36=0.040, a43=0.032, a38=0.032]
  s=  383 a= 43 r= -0.9233 cum=   -157.09 v=-43.3248 top5=[a44=0.061, a12=0.050, a36=0.040, a38=0.031, a43=0.030]
  s=  384 a= 22 r= -0.9295 cum=   -158.02 v=-42.8659 top5=[a44=0.061, a12=0.050, a36=0.040, a38=0.031, a3=0.030]
  s=  385 a= 16 r= -0.9148 cum=   -158.94 v=-42.4462 top5=[a44=0.060, a12=0.051, a36=0.040, a38=0.031, a3=0.030]
  s=  386 a= 33 r= -0.9284 cum=   -159.87 v=-42.0329 top5=[a44=0.059, a12=0.051, a36=0.040, a38=0.031, a3=0.030]
  s=  387 a= 30 r= -0.9165 cum=   -160.78 v=-41.6476 top5=[a44=0.059, a12=0.051, a36=0.040, a38=0.031, a3=0.030]
  s=  388 a=  0 r= -0.3410 cum=   -161.12 v=-41.2630 top5=[a44=0.058, a12=0.051, a36=0.040, a38=0.031, a3=0.030]
  s=  389 a=  3 r= -0.9309 cum=   -162.05 v=-40.8833 top5=[a44=0.058, a12=0.051, a36=0.040, a38=0.031, a3=0.030]
  s=  390 a=  3 r= -0.9345 cum=   -162.99 v=-40.5398 top5=[a44=0.057, a12=0.051, a36=0.040, a38=0.031, a3=0.030]
  s=  391 a=  2 r= -0.9340 cum=   -163.92 v=-40.2366 top5=[a44=0.057, a12=0.051, a36=0.040, a38=0.031, a3=0.030]
  s=  392 a= 12 r= +0.5345 cum=   -163.39 v=-39.9615 top5=[a44=0.056, a12=0.051, a36=0.041, a38=0.031, a3=0.030]
  s=  393 a= 36 r= -0.1513 cum=   -163.54 v=-39.8335 top5=[a44=0.050, a12=0.049, a36=0.041, a38=0.033, a3=0.030]
  s=  394 a= 25 r= -0.9406 cum=   -164.48 v=-39.6837 top5=[a44=0.050, a12=0.049, a36=0.041, a38=0.033, a13=0.030]
  s=  395 a= 18 r= -0.9429 cum=   -165.42 v=-39.5375 top5=[a12=0.049, a44=0.049, a36=0.041, a38=0.033, a13=0.030]
  s=  396 a= 43 r= -0.9398 cum=   -166.36 v=-39.4650 top5=[a12=0.049, a44=0.049, a36=0.041, a38=0.033, a13=0.030]
  s=  397 a= 22 r= -0.9449 cum=   -167.31 v=-39.3783 top5=[a12=0.050, a44=0.048, a36=0.041, a38=0.033, a13=0.031]
  s=  398 a=  1 r= -3.8894 cum=   -171.20 v=-39.2934 top5=[a12=0.050, a44=0.048, a36=0.041, a38=0.034, a13=0.031]
  s=  399 a= 39 r= +1.4249 cum=   -169.77 v=-37.8350 top5=[a12=0.053, a44=0.050, a36=0.041, a38=0.032, a13=0.031]
  s=  400 a= 19 r= -0.9418 cum=   -170.71 v=-36.7538 top5=[a12=0.053, a44=0.047, a36=0.041, a38=0.035, a13=0.029]
    state: year=1 month=5 season=0 money=1646 credit=61250 people=33 busy=3 free=30 home_places=170 need_workers=3 tax_due=0 main_tax_due=0 tax_amount=8050 main_tax_amount=0 days_alive=455 stage=0 res0=0 res1=400 res2=0 res3=0 res4=0 res5=0 res6=0 res7=0 res8=0 Garden=2 Road=8 House=2 SmallHouse=1 Apiary=1 Puerperal=1 | nw=1488439.0082
  s=  401 a= 25 r= -3.9328 cum=   -174.65 v=-36.6368 top5=[a12=0.053, a44=0.046, a36=0.041, a38=0.035, a13=0.029]
  s=  402 a=  9 r= -0.9524 cum=   -175.60 v=-36.5551 top5=[a12=0.053, a44=0.046, a36=0.041, a38=0.035, a13=0.029]
  s=  403 a= 30 r= -0.3584 cum=   -175.96 v=-55.1392 top5=[a39=0.050, a44=0.049, a36=0.046, a12=0.042, a2=0.042]
  s=  404 a= 36 r= -0.1860 cum=   -176.14 v=-71.7459 top5=[a38=0.110, a0=0.064, a39=0.055, a12=0.054, a44=0.048]
  s=  405 a=  4 r= -0.9574 cum=   -177.10 v=-71.7793 top5=[a38=0.110, a0=0.064, a12=0.055, a39=0.054, a44=0.048]
  s=  406 a= 15 r= -0.9582 cum=   -178.06 v=-71.7167 top5=[a38=0.111, a0=0.064, a12=0.055, a39=0.054, a44=0.048]
  s=  407 a= 12 r= +0.5061 cum=   -177.55 v=-71.5671 top5=[a38=0.111, a0=0.064, a12=0.055, a39=0.054, a44=0.047]
  s=  408 a= 15 r= -0.9623 cum=   -178.51 v=-68.9460 top5=[a38=0.112, a0=0.066, a12=0.053, a39=0.047, a44=0.046]
  s=  409 a= 36 r= -0.3133 cum=   -178.83 v=-68.7755 top5=[a38=0.113, a0=0.066, a12=0.053, a39=0.047, a44=0.046]
  s=  410 a= 16 r= -0.9637 cum=   -179.79 v=-68.6261 top5=[a38=0.113, a0=0.066, a12=0.053, a39=0.047, a44=0.046]
  s=  411 a= 38 r= +1.4243 cum=   -178.37 v=-68.4836 top5=[a38=0.113, a0=0.066, a12=0.054, a39=0.046, a44=0.046]
  s=  412 a= 15 r= -0.9558 cum=   -179.32 v=-66.9883 top5=[a38=0.109, a0=0.061, a12=0.058, a44=0.048, a39=0.047]
  s=  413 a= 38 r= +1.4291 cum=   -177.89 v=-66.3835 top5=[a38=0.107, a0=0.060, a12=0.058, a44=0.048, a39=0.047]
  s=  414 a=  0 r= -0.3720 cum=   -178.27 v=-65.2353 top5=[a38=0.089, a12=0.066, a39=0.056, a0=0.051, a44=0.050]
  s=  415 a=  4 r= -0.9684 cum=   -179.23 v=-64.3388 top5=[a38=0.085, a12=0.066, a39=0.056, a44=0.050, a0=0.049]
  s=  416 a= 19 r= -3.9530 cum=   -183.19 v=-63.4373 top5=[a38=0.082, a12=0.065, a39=0.055, a44=0.050, a4=0.049]
  s=  417 a= 26 r= -0.9719 cum=   -184.16 v=-62.6291 top5=[a38=0.079, a12=0.065, a39=0.055, a4=0.050, a44=0.050]
  s=  418 a= 12 r= +0.4935 cum=   -183.67 v=-61.9718 top5=[a38=0.076, a12=0.065, a39=0.055, a4=0.050, a44=0.049]
  s=  419 a= 39 r= +1.4109 cum=   -182.26 v=-59.6746 top5=[a38=0.078, a12=0.063, a4=0.049, a44=0.048, a39=0.047]
  s=  420 a= 35 r= -0.3190 cum=   -182.57 v=-60.4863 top5=[a38=0.079, a12=0.058, a0=0.049, a4=0.048, a44=0.046]
  s=  421 a= 18 r= +5.9580 cum=   -176.62 v=-60.1141 top5=[a38=0.078, a12=0.058, a0=0.048, a4=0.048, a44=0.046]
  s=  422 a= 18 r= -0.9699 cum=   -177.59 v=-61.0886 top5=[a38=0.075, a12=0.056, a4=0.053, a44=0.050, a39=0.047]
  s=  423 a= 39 r= +1.3965 cum=   -176.19 v=-60.8203 top5=[a38=0.074, a12=0.056, a4=0.053, a44=0.050, a39=0.047]
  s=  424 a= 36 r= -0.2942 cum=   -176.48 v=-62.3674 top5=[a38=0.086, a12=0.052, a0=0.051, a4=0.050, a44=0.047]
  s=  425 a= 44 r= -0.0754 cum=   -176.56 v=-62.3163 top5=[a38=0.080, a12=0.055, a4=0.054, a39=0.051, a0=0.049]
  s=  426 a= 34 r= -0.9747 cum=   -177.53 v=-62.0703 top5=[a38=0.079, a12=0.055, a4=0.055, a39=0.050, a0=0.049]
  s=  427 a= 13 r= -3.9384 cum=   -181.47 v=-61.8684 top5=[a38=0.078, a12=0.056, a4=0.055, a39=0.050, a0=0.048]
  s=  428 a= 39 r= +5.9159 cum=   -175.56 v=-61.6830 top5=[a38=0.077, a12=0.056, a4=0.055, a39=0.050, a0=0.047]
  s=  429 a= 34 r= -0.3843 cum=   -175.94 v=-61.8067 top5=[a38=0.078, a12=0.055, a4=0.052, a36=0.048, a39=0.047]
  s=  430 a= 36 r= -0.3253 cum=   -176.27 v=-61.6777 top5=[a38=0.078, a12=0.056, a4=0.052, a36=0.048, a39=0.047]
  s=  431 a=  8 r= -0.9748 cum=   -177.24 v=-61.5865 top5=[a38=0.077, a12=0.056, a4=0.052, a36=0.048, a39=0.047]
  s=  432 a= 12 r= +0.4699 cum=   -176.77 v=-61.4701 top5=[a38=0.077, a12=0.056, a4=0.052, a36=0.048, a39=0.046]
  s=  433 a= 16 r= -0.9757 cum=   -177.75 v=-62.2830 top5=[a38=0.065, a44=0.049, a39=0.046, a0=0.046, a36=0.046]
  s=  434 a= 19 r= -0.9781 cum=   -178.72 v=-62.0689 top5=[a38=0.065, a44=0.048, a39=0.046, a36=0.046, a0=0.046]
  s=  435 a=  4 r= -0.9805 cum=   -179.71 v=-61.8797 top5=[a38=0.064, a44=0.048, a39=0.046, a36=0.046, a12=0.046]
  s=  436 a= 38 r= +1.9674 cum=   -177.74 v=-61.7038 top5=[a38=0.064, a44=0.048, a39=0.046, a12=0.046, a36=0.046]
  s=  437 a=  3 r= -0.9775 cum=   -178.72 v=-61.8216 top5=[a38=0.064, a44=0.051, a39=0.048, a4=0.047, a12=0.047]
  s=  438 a= 43 r= -0.9805 cum=   -179.70 v=-61.6925 top5=[a38=0.063, a44=0.051, a39=0.048, a12=0.047, a4=0.047]
  s=  439 a= 29 r= -0.9865 cum=   -180.68 v=-62.3649 top5=[a38=0.061, a39=0.054, a12=0.050, a4=0.050, a44=0.050]
  s=  440 a= 38 r= +1.3687 cum=   -179.31 v=-62.2416 top5=[a38=0.061, a39=0.054, a12=0.050, a4=0.050, a44=0.050]
  s=  441 a=  0 r= -3.3396 cum=   -182.65 v=-60.9230 top5=[a38=0.057, a39=0.054, a12=0.053, a4=0.053, a44=0.052]
  s=  442 a= 39 r= +1.3668 cum=   -181.29 v=-60.7781 top5=[a38=0.057, a39=0.054, a12=0.054, a4=0.053, a44=0.052]
  s=  443 a=  7 r= -0.9901 cum=   -182.28 v=-61.9849 top5=[a38=0.061, a39=0.053, a12=0.052, a4=0.050, a44=0.049]
  s=  444 a= 10 r= -0.9896 cum=   -183.27 v=-61.8939 top5=[a38=0.060, a39=0.053, a12=0.052, a4=0.051, a44=0.049]
  s=  445 a=  4 r= +0.7744 cum=   -182.49 v=-61.8060 top5=[a38=0.060, a12=0.053, a39=0.052, a4=0.051, a44=0.049]
  s=  446 a= 15 r= -0.9907 cum=   -183.48 v=-61.7171 top5=[a38=0.061, a12=0.053, a39=0.052, a4=0.051, a44=0.049]
  s=  447 a= 38 r= +1.3613 cum=   -182.12 v=-61.6727 top5=[a38=0.061, a12=0.053, a39=0.052, a4=0.051, a44=0.049]
  s=  448 a= 27 r= -0.9956 cum=   -183.12 v=-60.4207 top5=[a38=0.057, a12=0.056, a4=0.054, a39=0.053, a44=0.052]
  s=  449 a= 25 r= -0.9964 cum=   -184.11 v=-60.4147 top5=[a38=0.058, a12=0.057, a4=0.054, a39=0.053, a44=0.052]
  s=  450 a=  4 r= -1.0001 cum=   -185.11 v=-60.4103 top5=[a38=0.058, a12=0.057, a4=0.054, a39=0.052, a44=0.051]
    state: year=1 month=7 season=1 money=121 credit=67657 people=68 busy=0 free=68 home_places=170 need_workers=4 tax_due=0 main_tax_due=0 tax_amount=8050 main_tax_amount=0 days_alive=505 stage=0 res0=0 res1=400 res2=0 res3=0 res4=0 res5=0 res6=0 res7=0 res8=0 Garden=2 Road=11 House=2 SmallHouse=1 Apiary=1 Puerperal=1 | nw=1481356.8124
  s=  451 a=  1 r= -5.8928 cum=   -191.01 v=-60.4078 top5=[a12=0.058, a38=0.058, a4=0.054, a39=0.052, a44=0.051]
  s=  452 a=  7 r= -1.0069 cum=   -192.01 v=-61.0711 top5=[a12=0.061, a38=0.060, a4=0.056, a39=0.051, a44=0.051]
  s=  453 a= 17 r= -1.0077 cum=   -193.02 v=-61.0943 top5=[a12=0.062, a38=0.061, a4=0.056, a39=0.051, a44=0.051]
  s=  454 a= 21 r= -1.0072 cum=   -194.03 v=-61.1156 top5=[a12=0.062, a38=0.061, a4=0.056, a39=0.051, a44=0.051]
  s=  455 a=  9 r= -1.0107 cum=   -195.04 v=-61.1204 top5=[a12=0.063, a38=0.061, a4=0.056, a39=0.051, a44=0.051]
  s=  456 a=  3 r= -1.0115 cum=   -196.05 v=-61.1226 top5=[a12=0.063, a38=0.061, a4=0.056, a39=0.051, a44=0.051]
  s=  457 a=  4 r= -1.0139 cum=   -197.06 v=-61.1812 top5=[a12=0.064, a38=0.061, a4=0.056, a39=0.050, a44=0.050]
  s=  458 a= 25 r= -1.0090 cum=   -198.07 v=-63.6368 top5=[a39=0.056, a44=0.055, a12=0.052, a38=0.050, a4=0.049]
  s=  459 a= 18 r= -1.0072 cum=   -199.08 v=-63.5141 top5=[a39=0.056, a44=0.054, a12=0.052, a38=0.050, a4=0.049]
  s=  460 a= 39 r= +1.3406 cum=   -197.74 v=-63.4214 top5=[a39=0.056, a44=0.054, a12=0.053, a38=0.050, a4=0.049]
  s=  461 a=  4 r= -3.9640 cum=   -201.70 v=-64.3381 top5=[a39=0.055, a38=0.053, a44=0.051, a12=0.051, a4=0.046]
  s=  462 a= 44 r= -0.1343 cum=   -201.84 v=-64.2568 top5=[a39=0.055, a38=0.053, a12=0.051, a44=0.051, a4=0.047]
  s=  463 a= 40 r= -0.3025 cum=   -202.14 v=-64.1761 top5=[a39=0.055, a38=0.053, a12=0.051, a44=0.051, a4=0.047]
  s=  464 a=  7 r= -1.0219 cum=   -203.16 v=-63.8776 top5=[a39=0.054, a38=0.053, a12=0.052, a44=0.051, a4=0.047]
  s=  465 a= 44 r= -0.1342 cum=   -203.30 v=-63.8401 top5=[a39=0.054, a38=0.054, a12=0.052, a44=0.050, a4=0.047]
  s=  466 a= 24 r= -1.0277 cum=   -204.32 v=-63.7896 top5=[a39=0.054, a38=0.054, a12=0.053, a44=0.050, a4=0.047]
  s=  467 a=  5 r= -1.0285 cum=   -205.35 v=-63.7419 top5=[a38=0.054, a39=0.053, a12=0.053, a44=0.050, a4=0.047]
  s=  468 a=  0 r= -0.4377 cum=   -205.79 v=-63.6956 top5=[a38=0.054, a12=0.054, a39=0.053, a44=0.050, a4=0.047]
  s=  469 a=  0 r= -0.4398 cum=   -206.23 v=-63.6497 top5=[a12=0.054, a38=0.054, a39=0.053, a44=0.050, a4=0.048]
  s=  470 a=  0 r= +0.1471 cum=   -206.08 v=-63.6105 top5=[a12=0.055, a38=0.054, a39=0.052, a44=0.050, a4=0.048]
  s=  471 a=  6 r= -3.9871 cum=   -210.07 v=-63.6474 top5=[a12=0.055, a38=0.054, a39=0.052, a44=0.050, a4=0.048]
  s=  472 a= 18 r= -1.0341 cum=   -211.10 v=-63.6320 top5=[a12=0.055, a38=0.055, a39=0.052, a44=0.050, a4=0.048]
  s=  473 a= 36 r= -0.1871 cum=   -211.29 v=-63.6205 top5=[a12=0.056, a38=0.055, a39=0.052, a44=0.050, a4=0.048]
  s=  474 a=  4 r= -1.0386 cum=   -212.33 v=-63.6921 top5=[a12=0.057, a38=0.055, a39=0.051, a44=0.050, a4=0.049]
  s=  475 a= 31 r= -1.0394 cum=   -213.37 v=-63.6887 top5=[a12=0.057, a38=0.055, a39=0.051, a44=0.050, a4=0.049]
  s=  476 a= 34 r= -1.0371 cum=   -214.41 v=-63.6850 top5=[a12=0.058, a38=0.055, a39=0.051, a44=0.050, a4=0.049]
  s=  477 a= 16 r= -1.0440 cum=   -215.45 v=-63.6875 top5=[a12=0.058, a38=0.055, a39=0.051, a44=0.049, a4=0.049]
  s=  478 a=  2 r= -1.0449 cum=   -216.50 v=-63.6927 top5=[a12=0.059, a38=0.056, a39=0.051, a44=0.049, a4=0.049]
  s=  479 a= 38 r= +1.3284 cum=   -215.17 v=-63.6985 top5=[a12=0.059, a38=0.056, a39=0.051, a44=0.049, a4=0.049]
  s=  480 a=  4 r= -1.0486 cum=   -216.22 v=-62.5355 top5=[a12=0.063, a38=0.053, a44=0.052, a4=0.052, a39=0.052]
  s=  481 a= 13 r= -4.0077 cum=   -220.22 v=-62.5305 top5=[a12=0.063, a38=0.054, a4=0.052, a44=0.052, a39=0.052]
  s=  482 a= 38 r= +1.9070 cum=   -218.32 v=-62.5269 top5=[a12=0.064, a38=0.054, a4=0.052, a44=0.052, a39=0.051]
  s=  483 a= 21 r= -1.0486 cum=   -219.36 v=-62.0777 top5=[a12=0.066, a4=0.054, a44=0.053, a39=0.053, a38=0.048]
  s=  484 a=  1 r= -3.2561 cum=   -222.62 v=-62.1184 top5=[a12=0.067, a4=0.054, a44=0.053, a39=0.053, a38=0.049]
  s=  485 a= 15 r= -1.0573 cum=   -223.68 v=-64.9038 top5=[a12=0.080, a39=0.055, a38=0.051, a44=0.049, a17=0.034]
  s=  486 a= 40 r= -1.0468 cum=   -224.72 v=-64.9095 top5=[a12=0.081, a39=0.055, a38=0.051, a44=0.049, a17=0.034]
  s=  487 a= 19 r= -1.0745 cum=   -225.80 v=-64.9651 top5=[a12=0.081, a39=0.055, a38=0.052, a44=0.049, a17=0.034]
  s=  488 a= 28 r= -1.0628 cum=   -226.86 v=-65.0015 top5=[a12=0.081, a39=0.055, a38=0.052, a44=0.049, a17=0.034]
  s=  489 a= 39 r= +1.3032 cum=   -225.56 v=-65.0490 top5=[a12=0.082, a39=0.054, a38=0.052, a44=0.049, a17=0.034]
  s=  490 a= 30 r= +0.1163 cum=   -225.44 v=-65.8943 top5=[a12=0.083, a38=0.057, a39=0.053, a44=0.049, a0=0.037]
  s=  491 a= 38 r= -1.6601 cum=   -227.10 v=-65.9169 top5=[a12=0.083, a38=0.057, a39=0.053, a44=0.049, a0=0.037]
  s=  492 a= 31 r= -1.0667 cum=   -228.17 v=-65.0427 top5=[a12=0.082, a39=0.053, a38=0.053, a44=0.050, a17=0.034]
  s=  493 a= 30 r= -0.4856 cum=   -228.66 v=-65.1190 top5=[a12=0.083, a38=0.053, a39=0.053, a44=0.050, a17=0.034]
  s=  494 a= 11 r= -1.0740 cum=   -229.73 v=-65.1711 top5=[a12=0.083, a38=0.054, a39=0.053, a44=0.050, a17=0.035]
  s=  495 a=  2 r= -1.0735 cum=   -230.80 v=-65.2936 top5=[a12=0.084, a38=0.054, a39=0.053, a44=0.050, a17=0.035]
  s=  496 a= 11 r= -1.0766 cum=   -231.88 v=-65.4173 top5=[a12=0.084, a38=0.054, a39=0.052, a44=0.050, a17=0.035]
  s=  497 a= 12 r= -1.0782 cum=   -232.96 v=-65.5420 top5=[a12=0.085, a38=0.055, a39=0.052, a44=0.050, a18=0.035]
  s=  498 a= 13 r= -1.0791 cum=   -234.04 v=-65.6630 top5=[a12=0.085, a38=0.055, a39=0.052, a44=0.050, a18=0.035]
  s=  499 a= 34 r= -1.0686 cum=   -235.11 v=-65.7842 top5=[a12=0.086, a38=0.055, a39=0.052, a44=0.050, a18=0.035]
  s=  500 a= 22 r= -1.0867 cum=   -236.19 v=-65.9055 top5=[a12=0.086, a38=0.056, a39=0.052, a44=0.050, a18=0.035]
    state: year=1 month=9 season=2 money=227 credit=76241 people=74 busy=0 free=74 home_places=170 need_workers=2 tax_due=0 main_tax_due=0 tax_amount=8054 main_tax_amount=0 days_alive=565 stage=0 res0=0 res1=200 res2=0 res3=0 res4=0 res5=0 res6=0 res7=0 res8=0 Garden=2 Road=11 House=2 SmallHouse=1 Apiary=1 Puerperal=1 | nw=1471873.4703
  s=  501 a= 14 r= -3.4601 cum=   -239.65 v=-66.0662 top5=[a12=0.087, a38=0.056, a39=0.052, a44=0.050, a18=0.035]
  s=  502 a= 33 r= -1.0905 cum=   -240.74 v=-66.1567 top5=[a12=0.087, a38=0.056, a39=0.051, a44=0.050, a18=0.035]
  s=  503 a= 11 r= -0.4951 cum=   -241.24 v=-66.3198 top5=[a12=0.088, a38=0.057, a39=0.051, a44=0.050, a18=0.035]
  s=  504 a= 34 r= -1.0895 cum=   -242.33 v=-66.3975 top5=[a12=0.089, a38=0.057, a39=0.051, a44=0.051, a18=0.035]
  s=  505 a=  0 r= -0.4938 cum=   -242.82 v=-66.5467 top5=[a12=0.089, a38=0.058, a39=0.051, a44=0.051, a18=0.035]
  s=  506 a=  0 r= -0.5087 cum=   -243.33 v=-66.6838 top5=[a12=0.090, a38=0.058, a39=0.051, a44=0.050, a18=0.036]
  s=  507 a= 36 r= -0.2892 cum=   -243.62 v=-66.8256 top5=[a12=0.091, a38=0.058, a39=0.051, a44=0.050, a18=0.036]
  s=  508 a= 11 r= -1.0922 cum=   -244.71 v=-67.0337 top5=[a12=0.091, a38=0.059, a39=0.051, a44=0.050, a18=0.036]
  s=  509 a= 22 r= -1.0966 cum=   -245.81 v=-67.2092 top5=[a12=0.092, a38=0.059, a39=0.051, a44=0.050, a18=0.036]
  s=  510 a= 26 r= -1.1005 cum=   -246.91 v=-67.3941 top5=[a12=0.093, a38=0.060, a39=0.051, a44=0.050, a18=0.036]
  s=  511 a= 14 r= -4.0792 cum=   -250.99 v=-67.5656 top5=[a12=0.093, a38=0.060, a39=0.051, a44=0.050, a18=0.036]
  s=  512 a= 23 r= -1.0952 cum=   -252.08 v=-67.7022 top5=[a12=0.094, a38=0.060, a39=0.051, a44=0.050, a18=0.036]
  s=  513 a= 43 r= -1.1097 cum=   -253.19 v=-67.8385 top5=[a12=0.095, a38=0.061, a39=0.051, a44=0.050, a18=0.036]
  s=  514 a= 27 r= -1.1073 cum=   -254.30 v=-67.9844 top5=[a12=0.095, a38=0.061, a39=0.050, a44=0.050, a18=0.036]
  s=  515 a= 24 r= -1.1044 cum=   -255.40 v=-68.0868 top5=[a12=0.076, a39=0.056, a44=0.050, a38=0.048, a40=0.034]
  s=  516 a= 23 r= -1.1189 cum=   -256.52 v=-68.1505 top5=[a12=0.077, a39=0.055, a44=0.050, a38=0.049, a40=0.034]
  s=  517 a= 38 r= +1.2778 cum=   -255.24 v=-68.2253 top5=[a12=0.077, a39=0.055, a44=0.050, a38=0.049, a40=0.034]
  s=  518 a=  7 r= -1.1121 cum=   -256.36 v=-65.5332 top5=[a12=0.066, a39=0.055, a44=0.046, a38=0.035, a18=0.032]
  s=  519 a=  9 r= -1.1153 cum=   -257.47 v=-65.6252 top5=[a12=0.066, a39=0.055, a44=0.046, a38=0.035, a18=0.032]
  s=  520 a= 12 r= -1.1149 cum=   -258.59 v=-65.7195 top5=[a12=0.067, a39=0.056, a44=0.046, a38=0.035, a18=0.032]
  s=  521 a= 12 r= -4.0935 cum=   -262.68 v=-65.8260 top5=[a12=0.067, a39=0.056, a44=0.046, a38=0.035, a18=0.032]
  s=  522 a= 44 r= -0.2281 cum=   -262.91 v=-65.9612 top5=[a12=0.068, a39=0.056, a44=0.046, a38=0.036, a18=0.032]
  s=  523 a=  4 r= -1.1262 cum=   -264.03 v=-66.1152 top5=[a12=0.068, a39=0.056, a44=0.046, a38=0.036, a18=0.032]
  s=  524 a= 44 r= -0.2303 cum=   -264.27 v=-66.2846 top5=[a12=0.069, a39=0.056, a44=0.046, a38=0.036, a18=0.032]
  s=  525 a=  2 r= -1.1221 cum=   -265.39 v=-66.4542 top5=[a12=0.069, a39=0.056, a44=0.046, a38=0.037, a18=0.032]
  s=  526 a= 34 r= -1.1260 cum=   -266.51 v=-66.6230 top5=[a12=0.070, a39=0.057, a44=0.046, a38=0.037, a18=0.033]
  s=  527 a= 21 r= -1.1269 cum=   -267.64 v=-66.7975 top5=[a12=0.070, a39=0.057, a44=0.046, a38=0.037, a18=0.033]
  s=  528 a= 24 r= -1.1392 cum=   -268.78 v=-66.9883 top5=[a12=0.070, a39=0.057, a44=0.046, a38=0.038, a18=0.033]
  s=  529 a= 36 r= -0.4185 cum=   -269.20 v=-67.1861 top5=[a12=0.071, a39=0.057, a44=0.046, a38=0.038, a18=0.033]
  s=  530 a= 42 r= -0.9951 cum=   -270.19 v=-67.4028 top5=[a12=0.071, a39=0.057, a44=0.046, a38=0.038, a18=0.033]
  s=  531 a=  2 r= +5.9811 cum=   -264.21 v=-80.2924 top5=[a12=0.079, a39=0.050, a44=0.047, a22=0.040, a36=0.039]
  s=  532 a= 12 r= -0.1317 cum=   -264.34 v=-77.9237 top5=[a12=0.095, a44=0.050, a39=0.047, a38=0.043, a36=0.039]
  s=  533 a= 23 r= -1.5766 cum=   -265.92 v=-78.3465 top5=[a12=0.094, a44=0.049, a38=0.046, a39=0.045, a36=0.043]
  s=  534 a=  1 r= -5.9452 cum=   -271.87 v=-78.4573 top5=[a12=0.094, a44=0.049, a38=0.046, a39=0.045, a36=0.043]
  s=  535 a= 38 r= +0.7787 cum=   -271.09 v=-79.4733 top5=[a12=0.098, a39=0.050, a44=0.048, a38=0.046, a36=0.040]
  s=  536 a= 40 r= -1.5938 cum=   -272.68 v=-80.0576 top5=[a12=0.101, a39=0.051, a44=0.050, a38=0.046, a36=0.039]
  s=  537 a= 40 r= -1.6065 cum=   -274.29 v=-80.1857 top5=[a12=0.101, a39=0.052, a44=0.050, a38=0.047, a36=0.039]
  s=  538 a= 30 r= -1.5986 cum=   -275.89 v=-80.3171 top5=[a12=0.101, a39=0.052, a44=0.049, a38=0.047, a36=0.040]
  s=  539 a= 43 r= -1.6090 cum=   -277.49 v=-80.4580 top5=[a12=0.101, a39=0.052, a44=0.049, a38=0.047, a36=0.040]
  s=  540 a=  8 r= -1.6095 cum=   -279.10 v=-77.7068 top5=[a12=0.092, a44=0.054, a39=0.047, a38=0.038, a36=0.036]
  s=  541 a= 24 r= +0.9488 cum=   -278.16 v=-77.7647 top5=[a12=0.092, a44=0.053, a39=0.047, a38=0.039, a36=0.036]
  s=  542 a= 30 r= -1.6143 cum=   -279.77 v=-77.4838 top5=[a12=0.089, a39=0.049, a44=0.049, a38=0.044, a36=0.036]
  s=  543 a=  0 r= -1.0217 cum=   -280.79 v=-77.5261 top5=[a12=0.089, a39=0.050, a44=0.049, a38=0.045, a36=0.036]
  s=  544 a=  2 r= -1.6188 cum=   -282.41 v=-77.5675 top5=[a12=0.089, a39=0.050, a44=0.049, a38=0.045, a36=0.037]
  s=  545 a= 16 r= -1.6228 cum=   -284.03 v=-77.6078 top5=[a12=0.089, a39=0.050, a44=0.049, a38=0.045, a36=0.037]
  s=  546 a= 33 r= -1.6255 cum=   -285.66 v=-77.6495 top5=[a12=0.089, a39=0.051, a44=0.049, a38=0.045, a36=0.037]
  s=  547 a= 32 r= -1.6288 cum=   -287.29 v=-77.6911 top5=[a12=0.089, a39=0.051, a44=0.048, a38=0.046, a36=0.037]
  s=  548 a= 20 r= -1.6338 cum=   -288.92 v=-77.7563 top5=[a12=0.089, a39=0.051, a44=0.048, a38=0.046, a36=0.037]
  s=  549 a= 43 r= -1.6329 cum=   -290.55 v=-77.8410 top5=[a12=0.089, a39=0.052, a44=0.048, a38=0.046, a36=0.038]
  s=  550 a= 24 r= -4.6204 cum=   -295.17 v=-77.9253 top5=[a12=0.089, a39=0.052, a44=0.048, a38=0.047, a36=0.038]
    state: year=1 month=11 season=2 money=13304 credit=138009 people=76 busy=0 free=76 home_places=170 need_workers=0 tax_due=0 main_tax_due=0 tax_amount=8894 main_tax_amount=0 days_alive=621 stage=0 res0=0 res1=200 res2=0 res3=0 res4=0 res5=0 res6=0 res7=0 res8=0 Farm=1 Garden=2 Road=12 House=2 SmallHouse=1 Apiary=1 Hothouse=1 Puerperal=1 | nw=1459222.5834
  s=  551 a= 12 r= -0.1774 cum=   -295.35 v=-78.0133 top5=[a12=0.089, a39=0.052, a44=0.048, a38=0.047, a36=0.038]
  s=  552 a=  2 r= -1.6442 cum=   -297.00 v=-79.2590 top5=[a12=0.089, a38=0.050, a44=0.047, a39=0.046, a36=0.042]
  s=  553 a= 26 r= -1.6447 cum=   -298.64 v=-79.3954 top5=[a12=0.089, a38=0.050, a44=0.047, a39=0.047, a36=0.042]
  s=  554 a= 32 r= -1.6461 cum=   -300.29 v=-79.5215 top5=[a12=0.089, a38=0.050, a39=0.047, a44=0.047, a36=0.042]
  s=  555 a= 37 r= -5.9550 cum=   -306.24 v=-79.6457 top5=[a12=0.089, a38=0.051, a39=0.048, a44=0.047, a36=0.042]
  s=  556 a= 36 r= -0.3396 cum=   -306.58 v=-80.2292 top5=[a12=0.083, a38=0.049, a44=0.049, a39=0.046, a36=0.043]
  s=  557 a=  2 r= -1.6517 cum=   -308.23 v=-80.2219 top5=[a12=0.083, a38=0.049, a44=0.049, a39=0.046, a36=0.043]
  s=  558 a= 16 r= -1.6524 cum=   -309.89 v=-79.5690 top5=[a12=0.083, a39=0.052, a44=0.048, a38=0.048, a36=0.039]
  s=  559 a= 44 r= -0.7537 cum=   -310.64 v=-79.7269 top5=[a12=0.083, a39=0.052, a44=0.048, a38=0.048, a36=0.040]
  s=  560 a= 38 r= -2.2468 cum=   -312.89 v=-79.8847 top5=[a12=0.084, a39=0.052, a38=0.048, a44=0.048, a36=0.040]
  s=  561 a= 24 r= -1.6507 cum=   -314.54 v=-80.5798 top5=[a12=0.085, a39=0.054, a44=0.049, a38=0.049, a36=0.040]
  s=  562 a= 43 r= -1.6580 cum=   -316.19 v=-80.7355 top5=[a12=0.085, a39=0.054, a38=0.049, a44=0.049, a36=0.040]
  s=  563 a= 42 r= -1.6670 cum=   -317.86 v=-83.4761 top5=[a12=0.087, a39=0.057, a38=0.051, a44=0.050, a36=0.037]
  s=  564 a= 13 r= -1.6714 cum=   -319.53 v=-82.5017 top5=[a12=0.085, a39=0.059, a38=0.053, a44=0.050, a36=0.036]
  s=  565 a= 17 r= -1.0800 cum=   -320.61 v=-82.5987 top5=[a12=0.086, a39=0.059, a38=0.053, a44=0.050, a36=0.036]
  s=  566 a=  5 r= -1.6772 cum=   -322.29 v=-82.7805 top5=[a12=0.086, a39=0.059, a38=0.053, a44=0.051, a36=0.036]
  s=  567 a= 43 r= -1.6786 cum=   -323.97 v=-82.8719 top5=[a12=0.086, a39=0.059, a38=0.054, a44=0.051, a36=0.036]
  s=  568 a= 26 r= -1.6844 cum=   -325.65 v=-82.9638 top5=[a12=0.086, a39=0.059, a38=0.054, a44=0.051, a36=0.036]
  s=  569 a= 34 r= -1.6941 cum=   -327.35 v=-83.0674 top5=[a12=0.086, a39=0.060, a38=0.054, a44=0.051, a36=0.037]
  s=  570 a= 10 r= -4.6881 cum=   -332.04 v=-94.9038 top5=[a12=0.083, a38=0.052, a39=0.051, a44=0.049, a36=0.044]
  s=  571 a=  8 r= -1.7162 cum=   -333.75 v=-93.8216 top5=[a12=0.074, a39=0.053, a44=0.050, a38=0.048, a36=0.048]
  s=  572 a= 13 r= -1.7135 cum=   -335.47 v=-94.8674 top5=[a12=0.078, a39=0.054, a44=0.052, a38=0.050, a36=0.045]
  s=  573 a= 42 r= -1.7122 cum=   -337.18 v=-94.8962 top5=[a12=0.078, a39=0.054, a44=0.051, a38=0.050, a36=0.045]
  s=  574 a= 14 r= -0.5627 cum=   -337.74 v=-94.9264 top5=[a12=0.078, a39=0.055, a44=0.051, a38=0.050, a36=0.045]
  s=  575 a= 37 r= -5.9673 cum=   -343.71 v=-95.9004 top5=[a12=0.068, a38=0.057, a44=0.054, a39=0.050, a36=0.045]
  s=  576 a= 40 r= -1.7226 cum=   -345.43 v=-95.0740 top5=[a12=0.069, a38=0.052, a39=0.049, a36=0.049, a44=0.048]
  s=  577 a= 13 r= -1.7095 cum=   -347.14 v=-95.1520 top5=[a12=0.069, a38=0.052, a39=0.050, a36=0.049, a44=0.047]
  s=  578 a= 30 r= -1.7256 cum=   -348.87 v=-95.2287 top5=[a12=0.069, a38=0.052, a39=0.050, a36=0.049, a44=0.047]
  s=  579 a=  2 r= -1.7226 cum=   -350.59 v=-95.3032 top5=[a12=0.069, a38=0.053, a39=0.050, a36=0.049, a44=0.047]
  s=  580 a=  8 r= -1.7343 cum=   -352.32 v=-95.3516 top5=[a12=0.069, a38=0.053, a39=0.050, a36=0.049, a44=0.047]
  s=  581 a= 33 r= -1.7274 cum=   -354.05 v=-95.3982 top5=[a12=0.069, a38=0.053, a39=0.050, a36=0.049, a44=0.047]
  s=  582 a= 44 r= -0.8559 cum=   -354.91 v=-95.1365 top5=[a12=0.070, a44=0.051, a39=0.050, a36=0.049, a38=0.049]
  s=  583 a= 19 r= -4.7228 cum=   -359.63 v=-96.5002 top5=[a12=0.073, a44=0.053, a39=0.051, a38=0.051, a36=0.047]
  s=  584 a= 20 r= -1.7359 cum=   -361.36 v=-96.5551 top5=[a12=0.073, a44=0.053, a39=0.051, a38=0.051, a36=0.047]
  s=  585 a= 21 r= -1.7387 cum=   -363.10 v=-96.6459 top5=[a12=0.073, a44=0.053, a39=0.051, a38=0.051, a36=0.047]
  s=  586 a= 18 r= -1.7519 cum=   -364.85 v=-96.7370 top5=[a12=0.073, a44=0.053, a39=0.051, a38=0.051, a36=0.047]
  s=  587 a= 33 r= -1.7462 cum=   -366.60 v=-96.8293 top5=[a12=0.073, a44=0.053, a38=0.051, a39=0.051, a36=0.047]
  s=  588 a= 20 r= -1.7614 cum=   -368.36 v=-96.9200 top5=[a12=0.073, a44=0.053, a38=0.051, a39=0.051, a36=0.047]
  s=  589 a= 31 r= -1.7558 cum=   -370.12 v=-97.0149 top5=[a12=0.073, a44=0.053, a38=0.051, a39=0.051, a36=0.047]
  s=  590 a= 25 r= -1.7594 cum=   -371.88 v=-97.1282 top5=[a12=0.073, a44=0.053, a38=0.052, a39=0.051, a36=0.047]
  s=  591 a= 44 r= -0.8809 cum=   -372.76 v=-97.2415 top5=[a12=0.073, a44=0.053, a38=0.052, a39=0.052, a36=0.047]
  s=  592 a= 12 r= -0.3026 cum=   -373.06 v=-97.3476 top5=[a12=0.073, a44=0.053, a38=0.052, a39=0.052, a36=0.047]
  s=  593 a=  4 r= -1.7732 cum=   -374.83 v=-97.2678 top5=[a12=0.068, a38=0.056, a39=0.051, a44=0.048, a36=0.045]
  s=  594 a=  9 r= -1.7699 cum=   -376.60 v=-97.3773 top5=[a12=0.068, a38=0.056, a39=0.051, a44=0.048, a36=0.045]
  s=  595 a= 36 r= -0.6680 cum=   -377.27 v=-97.4729 top5=[a12=0.068, a38=0.056, a39=0.051, a44=0.048, a36=0.045]
  s=  596 a= 38 r= -1.7755 cum=   -379.05 v=-97.6803 top5=[a12=0.067, a38=0.056, a39=0.050, a44=0.048, a36=0.045]
  s=  597 a= 44 r= -0.8848 cum=   -379.93 v=-97.7754 top5=[a12=0.067, a38=0.056, a39=0.050, a44=0.048, a36=0.045]
  s=  598 a=  4 r= -1.7947 cum=   -381.73 v=-97.8702 top5=[a12=0.067, a38=0.056, a39=0.051, a44=0.048, a36=0.044]
  s=  599 a= 38 r= -1.7877 cum=   -383.51 v=-98.0550 top5=[a12=0.070, a44=0.052, a38=0.052, a39=0.052, a36=0.045]
  s=  600 a= 36 r= -1.1246 cum=   -384.64 v=-98.1301 top5=[a12=0.070, a44=0.052, a38=0.052, a39=0.052, a36=0.045]
    state: year=2 month=1 season=3 money=6826 credit=152482 people=77 busy=0 free=77 home_places=190 need_workers=0 tax_due=0 main_tax_due=0 tax_amount=8474 main_tax_amount=0 days_alive=671 stage=0 res0=0 res1=200 res2=0 res3=0 res4=0 res5=0 res6=0 res7=0 res8=0 Farm=1 Garden=2 Road=14 House=2 SmallHouse=1 Hothouse=1 Puerperal=1 | nw=1430996.1675
  s=  601 a= 35 r= -4.7743 cum=   -389.41 v=-109.6123 top5=[a42=0.153, a12=0.083, a44=0.051, a38=0.039, a39=0.036]
  s=  602 a= 40 r= -1.1956 cum=   -390.61 v=-109.5972 top5=[a42=0.151, a12=0.082, a44=0.051, a38=0.040, a39=0.036]
  s=  603 a=  8 r= -1.8036 cum=   -392.41 v=-109.5045 top5=[a42=0.150, a12=0.081, a44=0.051, a38=0.040, a39=0.036]
  s=  604 a= 16 r= -1.8083 cum=   -394.22 v=-109.4867 top5=[a42=0.149, a12=0.080, a44=0.051, a38=0.040, a39=0.036]
  s=  605 a= 33 r= -1.8213 cum=   -396.04 v=-109.4888 top5=[a42=0.147, a12=0.080, a44=0.051, a38=0.041, a39=0.036]
  s=  606 a= 42 r= -1.8188 cum=   -397.86 v=-109.5271 top5=[a42=0.145, a12=0.079, a44=0.051, a38=0.041, a39=0.036]
  s=  607 a= 34 r= -1.8123 cum=   -399.67 v=-109.5649 top5=[a42=0.143, a12=0.079, a44=0.051, a38=0.042, a39=0.036]
  s=  608 a= 18 r= -1.8197 cum=   -401.49 v=-109.6021 top5=[a42=0.141, a12=0.079, a44=0.052, a38=0.042, a39=0.036]
  s=  609 a= 20 r= -1.8152 cum=   -403.31 v=-109.6501 top5=[a42=0.140, a12=0.079, a44=0.052, a38=0.043, a39=0.036]
  s=  610 a= 42 r= -1.7998 cum=   -405.11 v=-109.6446 top5=[a42=0.138, a12=0.078, a44=0.052, a38=0.043, a39=0.036]
  s=  611 a= 40 r= -4.8437 cum=   -409.95 v=-109.6671 top5=[a42=0.136, a12=0.078, a44=0.052, a38=0.044, a39=0.035]
  s=  612 a= 44 r= -0.9126 cum=   -410.86 v=-109.7129 top5=[a42=0.134, a12=0.078, a44=0.052, a38=0.044, a39=0.035]
  s=  613 a=  4 r= -1.8294 cum=   -412.69 v=-109.7531 top5=[a42=0.132, a12=0.078, a44=0.052, a38=0.044, a39=0.035]
  s=  614 a= 35 r= -1.8414 cum=   -414.54 v=-109.7887 top5=[a42=0.131, a12=0.078, a44=0.052, a38=0.045, a39=0.035]
  s=  615 a= 42 r= -1.8415 cum=   -416.38 v=-109.8177 top5=[a42=0.129, a12=0.078, a44=0.052, a38=0.045, a39=0.035]
  s=  616 a= 44 r= -0.9444 cum=   -417.32 v=-109.8385 top5=[a42=0.127, a12=0.078, a44=0.052, a38=0.045, a39=0.034]
  s=  617 a= 41 r= -1.2433 cum=   -418.56 v=-109.8582 top5=[a42=0.125, a12=0.078, a44=0.052, a38=0.045, a39=0.034]
  s=  618 a=  0 r= -1.2460 cum=   -419.81 v=-110.0006 top5=[a42=0.120, a12=0.078, a44=0.052, a38=0.045, a39=0.034]
  s=  619 a=  4 r= -1.8415 cum=   -421.65 v=-110.0053 top5=[a42=0.118, a12=0.078, a44=0.052, a38=0.046, a39=0.034]
  s=  620 a= 30 r= -1.8701 cum=   -423.52 v=-109.9964 top5=[a42=0.115, a12=0.078, a44=0.053, a38=0.046, a39=0.034]
  s=  621 a=  0 r= -4.2656 cum=   -427.79 v=-109.9740 top5=[a42=0.113, a12=0.078, a44=0.053, a38=0.046, a39=0.034]
  s=  622 a= 38 r= -1.8543 cum=   -429.64 v=-109.9818 top5=[a42=0.111, a12=0.078, a44=0.053, a38=0.046, a39=0.034]
  s=  623 a= 39 r= +0.5415 cum=   -429.10 v=-109.9860 top5=[a42=0.109, a12=0.077, a44=0.053, a38=0.046, a39=0.034]
  s=  624 a= 13 r= -1.8684 cum=   -430.97 v=-108.7325 top5=[a42=0.103, a12=0.079, a44=0.056, a38=0.048, a39=0.033]
  s=  625 a= 19 r= -1.2792 cum=   -432.25 v=-108.7526 top5=[a42=0.101, a12=0.079, a44=0.056, a38=0.048, a39=0.033]
  s=  626 a= 25 r= -1.8716 cum=   -434.12 v=-108.6831 top5=[a42=0.099, a12=0.078, a44=0.056, a38=0.048, a36=0.033]
  s=  627 a= 12 r= -0.4044 cum=   -434.52 v=-108.7303 top5=[a42=0.097, a12=0.078, a44=0.056, a38=0.048, a36=0.034]
  s=  628 a= 10 r= -1.8752 cum=   -436.40 v=-108.5828 top5=[a42=0.081, a12=0.079, a44=0.054, a38=0.052, a36=0.035]
  s=  629 a= 11 r= -0.6730 cum=   -437.07 v=-108.5944 top5=[a42=0.080, a12=0.079, a44=0.054, a38=0.052, a36=0.035]
  s=  630 a= 11 r= -1.8861 cum=   -438.96 v=-108.6022 top5=[a12=0.078, a42=0.078, a44=0.054, a38=0.052, a36=0.035]
  s=  631 a= 42 r= -1.2985 cum=   -440.26 v=-108.5662 top5=[a12=0.078, a42=0.077, a44=0.054, a38=0.052, a36=0.035]
  s=  632 a= 14 r= +1.0672 cum=   -439.19 v=-109.7710 top5=[a42=0.104, a12=0.080, a44=0.050, a38=0.045, a39=0.036]
  s=  633 a= 44 r= -0.4020 cum=   -439.59 v=-109.7516 top5=[a42=0.073, a12=0.065, a44=0.056, a38=0.050, a37=0.032]
  s=  634 a=  9 r= -1.8972 cum=   -441.49 v=-110.6876 top5=[a42=0.074, a12=0.068, a44=0.062, a38=0.047, a37=0.032]
  s=  635 a= 34 r= -1.8974 cum=   -443.39 v=-110.5831 top5=[a42=0.073, a12=0.068, a44=0.062, a38=0.047, a37=0.032]
  s=  636 a= 11 r= -1.9058 cum=   -445.29 v=-110.4770 top5=[a42=0.072, a12=0.067, a44=0.062, a38=0.047, a37=0.032]
  s=  637 a=  2 r= -1.9070 cum=   -447.20 v=-110.3557 top5=[a42=0.071, a12=0.066, a44=0.062, a38=0.047, a37=0.032]
  s=  638 a= 12 r= -1.9218 cum=   -449.12 v=-110.2377 top5=[a42=0.070, a12=0.066, a44=0.062, a38=0.047, a37=0.032]
  s=  639 a= 37 r= -2.4122 cum=   -451.53 v=-110.1209 top5=[a42=0.069, a12=0.065, a44=0.062, a38=0.047, a37=0.032]
  s=  640 a= 42 r= -1.9281 cum=   -453.46 v=-110.1020 top5=[a42=0.069, a44=0.068, a12=0.065, a38=0.045, a39=0.032]
  s=  641 a= 44 r= -4.0381 cum=   -457.50 v=-115.1624 top5=[a42=0.080, a12=0.071, a44=0.070, a38=0.046, a39=0.033]
  s=  642 a= 44 r= -1.0292 cum=   -458.53 v=-115.1372 top5=[a42=0.079, a12=0.070, a44=0.070, a38=0.046, a39=0.033]
  s=  643 a= 32 r= -1.9360 cum=   -460.46 v=-115.1088 top5=[a42=0.077, a12=0.070, a44=0.070, a38=0.046, a39=0.033]
  s=  644 a= 38 r= +0.4595 cum=   -460.00 v=-115.0672 top5=[a42=0.076, a44=0.070, a12=0.070, a38=0.046, a39=0.033]
  s=  645 a= 37 r= -6.0329 cum=   -466.04 v=-116.3756 top5=[a42=0.074, a44=0.071, a12=0.070, a38=0.046, a39=0.034]
  s=  646 a=  9 r= -1.9232 cum=   -467.96 v=-113.7974 top5=[a42=0.075, a12=0.074, a44=0.062, a38=0.044, a39=0.033]
  s=  647 a= 12 r= -1.9427 cum=   -469.90 v=-113.7760 top5=[a42=0.074, a12=0.073, a44=0.062, a38=0.044, a39=0.033]
  s=  648 a= 43 r= -1.9416 cum=   -471.85 v=-113.7529 top5=[a12=0.073, a42=0.073, a44=0.062, a38=0.044, a39=0.033]
  s=  649 a= 22 r= -1.3364 cum=   -473.18 v=-113.7226 top5=[a12=0.072, a42=0.071, a44=0.062, a38=0.044, a39=0.033]
  s=  650 a= 38 r= -1.9450 cum=   -475.13 v=-113.5783 top5=[a12=0.071, a42=0.070, a44=0.062, a38=0.044, a39=0.033]
    state: year=2 month=2 season=3 money=756 credit=168475 people=84 busy=3 free=81 home_places=190 need_workers=3 tax_due=0 main_tax_due=0 tax_amount=8478 main_tax_amount=0 days_alive=721 stage=0 res0=0 res1=400 res2=0 res3=0 res4=0 res5=0 res6=0 res7=0 res8=0 Farm=1 Garden=2 Road=14 House=2 SmallHouse=1 Hothouse=1 Puerperal=1 | nw=1407994.8572
  s=  651 a= 28 r= -4.9739 cum=   -480.10 v=-113.5329 top5=[a12=0.071, a42=0.069, a44=0.062, a38=0.044, a39=0.033]
  s=  652 a= 44 r= -1.0557 cum=   -481.16 v=-113.4854 top5=[a12=0.070, a42=0.067, a44=0.062, a38=0.045, a39=0.033]
  s=  653 a= 10 r= -1.9444 cum=   -483.10 v=-113.4373 top5=[a12=0.070, a42=0.066, a44=0.062, a38=0.045, a36=0.033]
  s=  654 a=  4 r= -1.9560 cum=   -485.06 v=-113.3759 top5=[a12=0.069, a42=0.065, a44=0.062, a38=0.045, a36=0.033]
  s=  655 a= 11 r= -1.9729 cum=   -487.03 v=-113.3044 top5=[a12=0.069, a42=0.063, a44=0.062, a38=0.045, a36=0.034]
  s=  656 a= 43 r= -1.9737 cum=   -489.00 v=-113.2227 top5=[a12=0.068, a44=0.063, a42=0.062, a38=0.045, a36=0.034]
  s=  657 a= 33 r= -1.9729 cum=   -490.98 v=-113.1377 top5=[a12=0.068, a44=0.063, a42=0.061, a38=0.045, a36=0.034]
  s=  658 a= 38 r= -1.9738 cum=   -492.95 v=-113.0467 top5=[a12=0.067, a44=0.063, a42=0.060, a38=0.045, a36=0.034]
  s=  659 a= 44 r= -0.4687 cum=   -493.42 v=-112.9478 top5=[a12=0.067, a44=0.063, a42=0.059, a38=0.045, a36=0.035]
  s=  660 a= 44 r= -1.0687 cum=   -494.49 v=-112.7712 top5=[a12=0.066, a44=0.063, a42=0.058, a38=0.045, a36=0.035]
  s=  661 a= 38 r= -6.0333 cum=   -500.52 v=-108.5742 top5=[a12=0.049, a44=0.046, a42=0.037, a38=0.037, a6=0.034]
  s=  662 a= 18 r= -3.5504 cum=   -504.07 v=-108.3505 top5=[a12=0.049, a44=0.046, a42=0.037, a38=0.036, a6=0.034]
  s=  663 a= 44 r= -2.6469 cum=   -506.72 v=-108.1294 top5=[a12=0.049, a44=0.046, a42=0.037, a38=0.036, a6=0.034]
  s=  664 a= 30 r= -3.5496 cum=   -510.27 v=-107.9109 top5=[a12=0.049, a44=0.047, a42=0.036, a38=0.036, a6=0.033]
  s=  665 a=  0 r= -3.5484 cum=   -513.82 v=-107.6949 top5=[a12=0.049, a44=0.047, a42=0.036, a38=0.036, a6=0.033]
  s=  666 a=  0 r= -3.5472 cum=   -517.36 v=-107.4810 top5=[a12=0.049, a44=0.047, a38=0.036, a42=0.036, a6=0.033]
  s=  667 a= 35 r= -3.5460 cum=   -520.91 v=-107.2685 top5=[a12=0.049, a44=0.047, a38=0.036, a42=0.036, a6=0.033]
  s=  668 a= 30 r= -3.5449 cum=   -524.45 v=-107.0573 top5=[a12=0.049, a44=0.047, a38=0.036, a42=0.036, a6=0.033]
  s=  669 a= 36 r= -1.9461 cum=   -526.40 v=-106.8446 top5=[a12=0.049, a44=0.047, a38=0.036, a42=0.036, a6=0.033]
  s=  670 a= 38 r= -3.5448 cum=   -529.95 v=-58.0712 top5=[a26=0.043, a11=0.038, a44=0.037, a12=0.036, a3=0.035]
  s=  671 a= 29 r= -6.0061 cum=   -535.95 v=-57.9928 top5=[a26=0.043, a11=0.038, a44=0.037, a12=0.036, a3=0.035]
  s=  672 a= 34 r= -3.5348 cum=   -539.49 v=-57.9152 top5=[a26=0.043, a11=0.038, a44=0.037, a12=0.036, a3=0.035]
  s=  673 a= 44 r= -2.6353 cum=   -542.12 v=-57.8385 top5=[a26=0.043, a11=0.038, a44=0.037, a12=0.036, a3=0.035]
  s=  674 a= 11 r= -3.5341 cum=   -545.66 v=-57.7625 top5=[a26=0.043, a11=0.038, a44=0.037, a12=0.036, a3=0.035]
  s=  675 a= 27 r= -3.5330 cum=   -549.19 v=-57.6852 top5=[a26=0.042, a11=0.038, a44=0.037, a12=0.036, a3=0.035]
  s=  676 a=  1 r= -3.5319 cum=   -552.72 v=-57.6082 top5=[a26=0.042, a11=0.038, a44=0.037, a12=0.036, a3=0.035]
  s=  677 a= 44 r= -2.6332 cum=   -555.35 v=-57.5320 top5=[a26=0.042, a11=0.038, a44=0.037, a12=0.036, a3=0.035]
  s=  678 a= 14 r= -3.5312 cum=   -558.88 v=-57.4555 top5=[a26=0.042, a11=0.038, a44=0.037, a12=0.036, a3=0.035]
  s=  679 a=  6 r= -3.5302 cum=   -562.41 v=-57.3795 top5=[a26=0.042, a11=0.038, a44=0.037, a12=0.036, a3=0.035]
  s=  680 a=  4 r= -3.5291 cum=   -565.94 v=-57.3042 top5=[a26=0.042, a11=0.038, a44=0.037, a12=0.036, a3=0.035]
  s=  681 a= 42 r= -5.9798 cum=   -571.92 v=-57.2298 top5=[a26=0.042, a11=0.038, a44=0.037, a12=0.036, a3=0.035]
  s=  682 a= 34 r= -3.5196 cum=   -575.44 v=-57.1561 top5=[a26=0.042, a11=0.038, a44=0.038, a12=0.036, a3=0.035]
  s=  683 a= 12 r= -3.5186 cum=   -578.96 v=-57.0831 top5=[a26=0.042, a11=0.038, a44=0.038, a12=0.036, a3=0.035]
  s=  684 a= 15 r= -3.5176 cum=   -582.48 v=-57.0124 top5=[a26=0.042, a11=0.038, a44=0.038, a12=0.036, a3=0.035]
  s=  685 a= 14 r= -3.5166 cum=   -586.00 v=-56.9426 top5=[a26=0.042, a11=0.038, a44=0.038, a12=0.036, a3=0.035]
  s=  686 a= 37 r= -3.5156 cum=   -589.51 v=-56.8735 top5=[a26=0.042, a11=0.038, a44=0.038, a12=0.036, a3=0.035]
  s=  687 a= 17 r= -3.5147 cum=   -593.03 v=-56.8051 top5=[a26=0.042, a11=0.038, a44=0.038, a12=0.036, a3=0.035]
  s=  688 a= 36 r= -3.5137 cum=   -596.54 v=-56.7372 top5=[a26=0.042, a11=0.038, a44=0.038, a12=0.036, a3=0.035]
  s=  689 a= 12 r= -3.5127 cum=   -600.05 v=-56.6701 top5=[a26=0.042, a11=0.038, a44=0.038, a12=0.036, a3=0.035]
  s=  690 a=  3 r= -3.5118 cum=   -603.56 v=-56.6046 top5=[a26=0.042, a11=0.038, a44=0.038, a12=0.036, a3=0.035]
  s=  691 a=  1 r= -5.9506 cum=   -609.52 v=-56.5440 top5=[a26=0.041, a11=0.038, a44=0.038, a12=0.036, a3=0.035]
  s=  692 a= 25 r= -3.5027 cum=   -613.02 v=-56.4840 top5=[a26=0.041, a44=0.038, a11=0.038, a12=0.036, a3=0.035]
  s=  693 a= 30 r= -3.5018 cum=   -616.52 v=-56.4244 top5=[a26=0.041, a44=0.038, a11=0.038, a12=0.036, a3=0.035]
  s=  694 a= 25 r= -3.5010 cum=   -620.02 v=-56.3653 top5=[a26=0.041, a44=0.038, a11=0.038, a12=0.036, a3=0.035]
  s=  695 a=  9 r= -3.5001 cum=   -623.52 v=-56.3068 top5=[a26=0.041, a44=0.039, a11=0.038, a12=0.036, a3=0.035]
  s=  696 a= 36 r= -3.4992 cum=   -627.02 v=-56.2487 top5=[a26=0.041, a44=0.039, a11=0.038, a12=0.036, a3=0.035]
  s=  697 a= 38 r= -3.4983 cum=   -630.52 v=-56.1910 top5=[a26=0.041, a44=0.039, a11=0.038, a12=0.036, a3=0.035]
  s=  698 a= 41 r= -3.4974 cum=   -634.02 v=-56.1339 top5=[a26=0.041, a44=0.039, a11=0.038, a12=0.036, a3=0.035]
  s=  699 a= 38 r= -3.4966 cum=   -637.51 v=-56.0772 top5=[a26=0.041, a44=0.039, a11=0.038, a12=0.036, a3=0.035]
  s=  700 a= 14 r= -3.4957 cum=   -641.01 v=-56.0209 top5=[a26=0.041, a44=0.039, a11=0.038, a12=0.036, a3=0.035]
    state: year=2 month=3 season=0 money=73 credit=171870 people=85 busy=3 free=82 home_places=190 need_workers=3 tax_due=1 main_tax_due=0 tax_amount=8478 main_tax_amount=0 days_alive=731 stage=0 res0=0 res1=400 res2=0 res3=0 res4=0 res5=0 res6=0 res7=0 res8=0 Farm=1 Garden=2 Road=14 House=2 SmallHouse=1 Hothouse=1 Puerperal=1 | nw=1404702.7805
  s=  701 a= 11 r= -5.9235 cum=   -646.93 v=-55.9651 top5=[a26=0.041, a44=0.039, a11=0.038, a12=0.036, a3=0.035]
  s=  702 a= 12 r= -3.4871 cum=   -650.42 v=-55.9097 top5=[a26=0.041, a44=0.039, a11=0.038, a12=0.036, a3=0.035]
  s=  703 a= 21 r= -3.4863 cum=   -653.90 v=-55.8547 top5=[a26=0.041, a44=0.039, a11=0.038, a12=0.036, a3=0.035]
  s=  704 a=  4 r= -3.4855 cum=   -657.39 v=-55.8001 top5=[a26=0.041, a44=0.039, a11=0.038, a12=0.036, a3=0.035]
  s=  705 a= 37 r= -3.4847 cum=   -660.87 v=-55.7460 top5=[a26=0.041, a44=0.039, a11=0.038, a12=0.036, a3=0.035]
  s=  706 a=  9 r= -3.4839 cum=   -664.36 v=-55.6922 top5=[a26=0.041, a44=0.039, a11=0.038, a12=0.036, a3=0.035]
  s=  707 a= 39 r= -1.1217 cum=   -665.48 v=-55.6389 top5=[a26=0.041, a44=0.039, a11=0.038, a12=0.036, a3=0.035]
  s=  708 a= 31 r= -3.4843 cum=   -668.96 v=-57.9751 top5=[a26=0.040, a44=0.039, a11=0.038, a12=0.036, a3=0.033]
  s=  709 a= 19 r= -3.4835 cum=   -672.45 v=-57.9169 top5=[a26=0.040, a44=0.039, a11=0.038, a12=0.036, a3=0.033]
  s=  710 a=  2 r= -3.4827 cum=   -675.93 v=-57.8619 top5=[a26=0.040, a44=0.039, a11=0.038, a12=0.036, a3=0.033]
  s=  711 a= 33 r= -5.9016 cum=   -681.83 v=-57.8086 top5=[a26=0.040, a44=0.039, a11=0.038, a12=0.036, a3=0.033]
  s=  712 a= 38 r= -3.4744 cum=   -685.31 v=-57.7556 top5=[a26=0.040, a44=0.039, a11=0.038, a12=0.036, a3=0.033]
  s=  713 a= 16 r= -3.4737 cum=   -688.78 v=-57.7030 top5=[a26=0.040, a44=0.039, a11=0.038, a12=0.036, a3=0.033]
  s=  714 a= 17 r= -3.4730 cum=   -692.25 v=-57.6508 top5=[a26=0.040, a44=0.039, a11=0.038, a12=0.036, a3=0.033]
  s=  715 a= 15 r= -3.4722 cum=   -695.73 v=-57.5989 top5=[a26=0.040, a44=0.039, a11=0.038, a12=0.036, a3=0.033]
  s=  716 a= 16 r= -3.4715 cum=   -699.20 v=-57.5474 top5=[a26=0.039, a44=0.039, a11=0.038, a12=0.036, a3=0.033]
  s=  717 a= 34 r= -3.4708 cum=   -702.67 v=-57.4965 top5=[a26=0.039, a44=0.039, a11=0.038, a12=0.036, a3=0.033]
  s=  718 a=  4 r= -3.4701 cum=   -706.14 v=-57.4459 top5=[a26=0.039, a44=0.039, a11=0.038, a12=0.036, a3=0.033]
  s=  719 a= 31 r= -5.8803 cum=   -712.02 v=-57.3956 top5=[a26=0.039, a44=0.039, a11=0.038, a12=0.036, a3=0.033]
    state: year=0 month=3 season=0 money=82000 credit=0 people=28 busy=0 free=28 home_places=50 need_workers=0 tax_due=0 main_tax_due=0 tax_amount=5106 main_tax_amount=0 days_alive=0 stage=0 res0=0 res1=0 res2=0 res3=0 res4=0 res5=0 res6=0 res7=0 res8=0 | nw=1532000.0000
  >>> Ep 2: reward=-712.02, steps=720
  >>> final: year=0 month=3 season=0 money=82000 credit=0 people=28 busy=0 free=28 home_places=50 need_workers=0 tax_due=0 main_tax_due=0 tax_amount=5106 main_tax_amount=0 days_alive=0 stage=0 res0=0 res1=0 res2=0 res3=0 res4=0 res5=0 res6=0 res7=0 res8=0 | nw=1532000.0000
======================================================================
EPISODE 3
======================================================================
init: year=0 month=3 season=0 money=82000 credit=0 people=28 busy=0 free=28 home_places=50 need_workers=0 tax_due=0 main_tax_due=0 tax_amount=5106 main_tax_amount=0 days_alive=0 stage=0 res0=0 res1=0 res2=0 res3=0 res4=0 res5=0 res6=0 res7=0 res8=0 | nw=1532000.0000
  s=    0 a= 27 r= -0.3521 cum=     -0.35 v= -1.3057 top5=[a24=0.062, a14=0.060, a4=0.049, a12=0.045, a36=0.044]
    state: year=0 month=3 season=0 money=82000 credit=0 people=28 busy=0 free=28 home_places=50 need_workers=0 tax_due=0 main_tax_due=0 tax_amount=5106 main_tax_amount=0 days_alive=1 stage=0 res0=0 res1=0 res2=0 res3=0 res4=0 res5=0 res6=0 res7=0 res8=0 | nw=1532000.0000
  s=    1 a=  4 r= -0.3522 cum=     -0.70 v= -0.8059 top5=[a24=0.061, a14=0.061, a4=0.049, a12=0.044, a36=0.044]
  s=    2 a= 19 r= -0.3522 cum=     -1.06 v= -0.4014 top5=[a24=0.061, a14=0.061, a4=0.049, a36=0.044, a12=0.044]
  s=    3 a=  9 r= -0.3523 cum=     -1.41 v= -0.0751 top5=[a24=0.061, a14=0.061, a4=0.049, a36=0.044, a12=0.044]
  s=    4 a= 14 r= +0.7694 cum=     -0.64 v= +0.1882 top5=[a24=0.061, a14=0.061, a4=0.049, a12=0.044, a36=0.044]
  s=    5 a= 14 r= +0.7693 cum=     +0.13 v= +6.3366 top5=[a36=0.074, a24=0.062, a22=0.054, a14=0.052, a13=0.043]
  s=    6 a= 36 r= -0.3523 cum=     -0.22 v= +0.5741 top5=[a36=0.073, a22=0.053, a24=0.049, a4=0.046, a14=0.045]
  s=    7 a= 15 r= -0.3524 cum=     -0.57 v= +0.4233 top5=[a36=0.072, a22=0.053, a24=0.049, a4=0.046, a14=0.045]
  s=    8 a= 40 r= -0.3524 cum=     -0.93 v= +0.2718 top5=[a36=0.071, a22=0.053, a24=0.049, a4=0.046, a14=0.045]
  s=    9 a= 39 r= -0.3525 cum=     -1.28 v= +0.1063 top5=[a36=0.071, a22=0.052, a24=0.048, a4=0.046, a14=0.045]
  s=   10 a=  7 r= -0.3526 cum=     -1.63 v= -0.0782 top5=[a36=0.070, a22=0.052, a24=0.048, a4=0.045, a14=0.045]
  s=   11 a=  4 r= -0.3527 cum=     -1.99 v= -0.2573 top5=[a36=0.069, a22=0.052, a24=0.048, a4=0.045, a14=0.045]
  s=   12 a= 28 r= +5.8795 cum=     +3.89 v= -0.6240 top5=[a36=0.067, a22=0.049, a24=0.048, a14=0.047, a4=0.046]
  s=   13 a=  0 r= +0.2228 cum=     +4.12 v= -0.6114 top5=[a36=0.065, a24=0.051, a14=0.048, a4=0.046, a13=0.045]
  s=   14 a=  1 r= -2.7541 cum=     +1.36 v= -0.5214 top5=[a36=0.064, a24=0.053, a14=0.048, a4=0.045, a12=0.045]
  s=   15 a= 38 r= +1.9793 cum=     +3.34 v= -1.7961 top5=[a36=0.061, a24=0.051, a14=0.048, a12=0.045, a4=0.045]
  s=   16 a= 13 r= +0.2810 cum=     +3.62 v= -3.1167 top5=[a36=0.059, a14=0.049, a24=0.048, a12=0.046, a13=0.044]
  s=   17 a= 22 r= +4.3171 cum=     +7.94 v= -3.1077 top5=[a36=0.056, a14=0.047, a4=0.045, a12=0.044, a13=0.043]
  s=   18 a=  4 r= -0.3583 cum=     +7.58 v= -5.9852 top5=[a36=0.054, a13=0.045, a12=0.045, a14=0.044, a4=0.042]
  s=   19 a= 24 r= +2.1634 cum=     +9.75 v= -6.1934 top5=[a36=0.053, a13=0.046, a12=0.045, a14=0.044, a44=0.042]
  s=   20 a=  6 r= -0.3602 cum=     +9.39 v=-12.8316 top5=[a36=0.054, a12=0.051, a13=0.049, a4=0.041, a44=0.041]
  s=   21 a= 23 r= -0.3559 cum=     +9.03 v=-12.9551 top5=[a36=0.054, a12=0.051, a13=0.049, a4=0.041, a44=0.041]
  s=   22 a= 13 r= +0.2800 cum=     +9.31 v=-13.0777 top5=[a36=0.054, a12=0.052, a13=0.050, a4=0.041, a44=0.041]
  s=   23 a= 15 r= -0.3582 cum=     +8.95 v=-15.5357 top5=[a36=0.056, a12=0.051, a38=0.047, a44=0.045, a13=0.045]
  s=   24 a= 44 r= +0.5175 cum=     +9.47 v=-15.5785 top5=[a36=0.055, a12=0.051, a38=0.047, a13=0.045, a44=0.045]
  s=   25 a= 24 r= -0.3583 cum=     +9.11 v=-15.2335 top5=[a36=0.055, a44=0.046, a4=0.046, a12=0.044, a13=0.043]
  s=   26 a= 35 r= -0.3583 cum=     +8.75 v=-15.2344 top5=[a36=0.055, a44=0.046, a4=0.046, a12=0.044, a13=0.043]
  s=   27 a=  3 r= +1.8779 cum=    +10.63 v=-15.2483 top5=[a36=0.055, a44=0.046, a4=0.046, a12=0.044, a13=0.043]
  s=   28 a= 24 r= -0.3581 cum=    +10.27 v=-18.7410 top5=[a36=0.051, a44=0.045, a4=0.042, a3=0.042, a14=0.042]
  s=   29 a= 22 r= -0.3560 cum=     +9.92 v=-18.6749 top5=[a36=0.051, a44=0.045, a4=0.042, a14=0.042, a3=0.042]
  s=   30 a=  1 r= +0.1821 cum=    +10.10 v=-18.6089 top5=[a36=0.051, a44=0.045, a4=0.042, a14=0.042, a3=0.042]
  s=   31 a= 18 r= -0.3628 cum=     +9.74 v=-18.4807 top5=[a36=0.052, a44=0.044, a14=0.044, a38=0.043, a12=0.043]
  s=   32 a= 33 r= -0.3584 cum=     +9.38 v=-18.4787 top5=[a36=0.052, a44=0.044, a14=0.044, a38=0.043, a12=0.043]
  s=   33 a=  3 r= +1.8783 cum=    +11.26 v=-18.4807 top5=[a36=0.052, a44=0.044, a14=0.044, a38=0.043, a12=0.043]
  s=   34 a= 44 r= +0.5152 cum=    +11.77 v=-23.3251 top5=[a38=0.050, a36=0.046, a3=0.045, a14=0.044, a44=0.043]
  s=   35 a= 12 r= +2.8586 cum=    +14.63 v=-23.3145 top5=[a38=0.050, a36=0.046, a3=0.045, a14=0.044, a44=0.043]
  s=   36 a= 11 r= +5.8136 cum=    +20.44 v=-30.0874 top5=[a38=0.055, a44=0.044, a36=0.043, a12=0.038, a22=0.035]
  s=   37 a= 22 r= -0.3757 cum=    +20.07 v=-35.6694 top5=[a38=0.055, a36=0.052, a44=0.045, a3=0.040, a14=0.037]
  s=   38 a= 22 r= -0.3680 cum=    +19.70 v=-35.6883 top5=[a38=0.055, a36=0.051, a44=0.045, a3=0.040, a14=0.037]
  s=   39 a=  1 r= +0.0097 cum=    +19.71 v=-35.6996 top5=[a38=0.055, a36=0.051, a44=0.045, a3=0.040, a14=0.037]
  s=   40 a=  6 r= -0.3885 cum=    +19.32 v=-29.9737 top5=[a38=0.060, a36=0.055, a44=0.051, a3=0.037, a0=0.035]
  s=   41 a= 44 r= +0.4769 cum=    +19.80 v=-29.9048 top5=[a38=0.060, a36=0.055, a44=0.051, a3=0.037, a0=0.035]
  s=   42 a= 18 r= -0.3886 cum=    +19.41 v=-29.8460 top5=[a38=0.061, a36=0.055, a44=0.051, a3=0.037, a0=0.034]
  s=   43 a= 39 r= +1.9310 cum=    +21.34 v=-30.4179 top5=[a44=0.059, a36=0.056, a38=0.051, a0=0.046, a3=0.037]
  s=   44 a= 26 r= -3.2905 cum=    +18.05 v=-34.1409 top5=[a38=0.063, a44=0.055, a36=0.053, a0=0.045, a3=0.036]
  s=   45 a= 43 r= -0.3868 cum=    +17.66 v=-34.0171 top5=[a38=0.063, a44=0.055, a36=0.053, a0=0.044, a3=0.036]
  s=   46 a= 39 r= -0.3853 cum=    +17.28 v=-33.9297 top5=[a38=0.063, a44=0.055, a36=0.053, a0=0.044, a3=0.036]
  s=   47 a=  6 r= -0.3896 cum=    +16.89 v=-32.7415 top5=[a38=0.062, a44=0.058, a36=0.050, a0=0.043, a19=0.037]
  s=   48 a=  9 r= -0.3902 cum=    +16.50 v=-30.9028 top5=[a38=0.060, a44=0.060, a36=0.051, a0=0.042, a19=0.039]
  s=   49 a= 19 r= -0.4036 cum=    +16.09 v=-30.8409 top5=[a38=0.060, a44=0.059, a36=0.051, a0=0.041, a19=0.039]
  s=   50 a= 36 r= +0.3788 cum=    +16.47 v=-30.7779 top5=[a38=0.060, a44=0.059, a36=0.051, a0=0.041, a19=0.039]
    state: year=0 month=5 season=0 money=397 credit=0 people=28 busy=0 free=28 home_places=210 need_workers=9 tax_due=0 main_tax_due=0 tax_amount=8466 main_tax_amount=0 days_alive=69 stage=0 res0=0 res1=0 res2=0 res3=0 res4=0 res5=0 res6=0 res7=0 res8=0 Garden=2 Road=1 House=2 SmallHouse=2 Apiary=1 Hothouse=1 | nw=1531691.9265
  s=   51 a= 10 r= -0.3897 cum=    +16.08 v=-30.7323 top5=[a38=0.061, a44=0.058, a36=0.051, a0=0.040, a19=0.039]
  s=   52 a= 36 r= +0.2093 cum=    +16.29 v=-30.6736 top5=[a38=0.061, a44=0.058, a36=0.051, a0=0.040, a19=0.039]
  s=   53 a= 22 r= -0.3912 cum=    +15.90 v=-30.6328 top5=[a38=0.061, a44=0.058, a36=0.051, a0=0.040, a19=0.039]
  s=   54 a= 19 r= -3.2875 cum=    +12.61 v=-30.5867 top5=[a38=0.061, a44=0.057, a36=0.051, a0=0.039, a19=0.039]
  s=   55 a= 39 r= -0.3939 cum=    +12.22 v=-30.5399 top5=[a38=0.061, a44=0.057, a36=0.051, a0=0.039, a19=0.039]
  s=   56 a=  3 r= -0.3852 cum=    +11.83 v=-30.4464 top5=[a38=0.062, a44=0.057, a36=0.051, a0=0.039, a19=0.039]
  s=   57 a=  3 r= -0.3867 cum=    +11.45 v=-30.3434 top5=[a38=0.062, a44=0.057, a36=0.051, a19=0.039, a0=0.038]
  s=   58 a= 15 r= -0.3915 cum=    +11.06 v=-30.2447 top5=[a38=0.062, a44=0.056, a36=0.052, a19=0.039, a0=0.038]
  s=   59 a= 25 r= -0.3953 cum=    +10.66 v=-30.1463 top5=[a38=0.062, a44=0.056, a36=0.052, a19=0.039, a0=0.038]
  s=   60 a= 11 r= -0.3849 cum=    +10.28 v=-30.0435 top5=[a38=0.063, a44=0.056, a36=0.052, a19=0.039, a3=0.038]
  s=   61 a= 35 r= +0.2307 cum=    +10.51 v=-29.9808 top5=[a38=0.063, a44=0.055, a36=0.052, a19=0.039, a3=0.038]
  s=   62 a= 44 r= +0.4731 cum=    +10.98 v=-29.9709 top5=[a38=0.063, a44=0.055, a36=0.052, a19=0.039, a3=0.038]
  s=   63 a= 15 r= -0.3960 cum=    +10.58 v=-29.9753 top5=[a38=0.063, a44=0.055, a36=0.052, a19=0.039, a3=0.038]
  s=   64 a= 26 r= -3.2942 cum=     +7.29 v=-29.9265 top5=[a38=0.064, a44=0.054, a36=0.052, a19=0.039, a3=0.038]
  s=   65 a= 14 r= -0.3964 cum=     +6.89 v=-29.8841 top5=[a38=0.064, a44=0.054, a36=0.052, a19=0.039, a3=0.038]
  s=   66 a= 26 r= -0.3916 cum=     +6.50 v=-29.8516 top5=[a38=0.064, a44=0.054, a36=0.052, a19=0.039, a3=0.038]
  s=   67 a=  3 r= -0.3923 cum=     +6.11 v=-29.8321 top5=[a38=0.064, a44=0.054, a36=0.052, a19=0.039, a3=0.038]
  s=   68 a= 18 r= -0.3909 cum=     +5.72 v=-29.8276 top5=[a38=0.064, a44=0.053, a36=0.052, a19=0.039, a3=0.038]
  s=   69 a= 40 r= -0.3907 cum=     +5.33 v=-29.8236 top5=[a38=0.065, a44=0.053, a36=0.052, a19=0.039, a3=0.038]
  s=   70 a= 17 r= -0.3877 cum=     +4.94 v=-29.8199 top5=[a38=0.065, a44=0.053, a36=0.052, a19=0.039, a3=0.038]
  s=   71 a= 43 r= -0.3927 cum=     +4.55 v=-29.7921 top5=[a38=0.065, a44=0.052, a36=0.052, a19=0.039, a3=0.038]
  s=   72 a= 12 r= -0.3912 cum=     +4.16 v=-29.7704 top5=[a38=0.065, a44=0.052, a36=0.052, a19=0.039, a3=0.038]
  s=   73 a= 21 r= -0.3860 cum=     +3.77 v=-29.7494 top5=[a38=0.065, a36=0.052, a44=0.052, a19=0.038, a3=0.038]
  s=   74 a= 39 r= -3.2996 cum=     +0.47 v=-35.8069 top5=[a36=0.068, a38=0.054, a0=0.050, a44=0.045, a3=0.044]
  s=   75 a= 18 r= -0.3898 cum=     +0.08 v=-33.8027 top5=[a38=0.078, a36=0.071, a0=0.061, a44=0.046, a3=0.039]
  s=   76 a= 19 r= -0.3915 cum=     -0.31 v=-33.7368 top5=[a38=0.078, a36=0.071, a0=0.061, a44=0.045, a3=0.039]
  s=   77 a= 13 r= -0.3903 cum=     -0.70 v=-33.6864 top5=[a38=0.078, a36=0.070, a0=0.060, a44=0.045, a3=0.039]
  s=   78 a= 15 r= -0.3917 cum=     -1.09 v=-33.6696 top5=[a38=0.078, a36=0.070, a0=0.060, a44=0.045, a3=0.039]
  s=   79 a= 38 r= +1.9389 cum=     +0.85 v=-33.6399 top5=[a38=0.078, a36=0.070, a0=0.059, a44=0.045, a3=0.039]
  s=   80 a= 40 r= -0.3914 cum=     +0.45 v=-34.6916 top5=[a0=0.060, a38=0.059, a36=0.053, a39=0.039, a44=0.039]
  s=   81 a=  0 r= +1.3551 cum=     +1.81 v=-34.5475 top5=[a0=0.060, a38=0.059, a36=0.053, a4=0.039, a44=0.039]
  s=   82 a=  4 r= -0.3901 cum=     +1.42 v=-34.4315 top5=[a0=0.060, a38=0.059, a36=0.053, a4=0.039, a44=0.038]
  s=   83 a= 34 r= -0.3899 cum=     +1.03 v=-34.3353 top5=[a0=0.060, a38=0.059, a36=0.054, a4=0.040, a44=0.038]
  s=   84 a= 38 r= -0.9721 cum=     +0.06 v=-34.2340 top5=[a0=0.059, a38=0.059, a36=0.054, a4=0.040, a44=0.038]
  s=   85 a=  3 r= -0.3917 cum=     -0.33 v=-31.7664 top5=[a0=0.060, a38=0.057, a36=0.055, a4=0.042, a44=0.039]
  s=   86 a=  3 r= -0.3918 cum=     -0.73 v=-31.6467 top5=[a0=0.060, a38=0.057, a36=0.055, a4=0.042, a44=0.038]
  s=   87 a= 13 r= -0.3897 cum=     -1.12 v=-31.6177 top5=[a0=0.060, a38=0.057, a36=0.055, a4=0.042, a12=0.038]
  s=   88 a= 10 r= -0.3920 cum=     -1.51 v=-31.6136 top5=[a0=0.060, a38=0.058, a36=0.055, a4=0.042, a12=0.038]
  s=   89 a= 10 r= -0.3908 cum=     -1.90 v=-31.6482 top5=[a0=0.060, a38=0.058, a36=0.055, a4=0.043, a12=0.039]
  s=   90 a= 17 r= -0.3922 cum=     -2.29 v=-31.6875 top5=[a0=0.060, a38=0.058, a36=0.055, a4=0.043, a12=0.039]
  s=   91 a= 20 r= -0.3923 cum=     -2.68 v=-31.7122 top5=[a0=0.059, a38=0.058, a36=0.055, a4=0.043, a12=0.039]
  s=   92 a= 44 r= +0.4821 cum=     -2.20 v=-31.7043 top5=[a0=0.059, a38=0.058, a36=0.055, a4=0.043, a12=0.039]
  s=   93 a= 38 r= +1.9396 cum=     -0.26 v=-31.6976 top5=[a38=0.059, a0=0.058, a36=0.055, a4=0.043, a12=0.039]
  s=   94 a= 18 r= -3.3048 cum=     -3.57 v=-29.7970 top5=[a0=0.059, a38=0.058, a36=0.056, a4=0.046, a12=0.040]
  s=   95 a=  4 r= -0.3898 cum=     -3.96 v=-29.8364 top5=[a38=0.058, a0=0.058, a36=0.056, a4=0.046, a12=0.040]
  s=   96 a=  2 r= -0.3921 cum=     -4.35 v=-29.8757 top5=[a38=0.059, a0=0.058, a36=0.056, a4=0.046, a12=0.040]
  s=   97 a= 18 r= -0.3922 cum=     -4.74 v=-29.9196 top5=[a38=0.059, a0=0.058, a36=0.056, a4=0.047, a12=0.041]
  s=   98 a= 29 r= -0.3907 cum=     -5.13 v=-29.9815 top5=[a38=0.059, a0=0.057, a36=0.056, a4=0.047, a12=0.041]
  s=   99 a= 36 r= +0.6522 cum=     -4.48 v=-30.0778 top5=[a38=0.059, a0=0.057, a36=0.056, a4=0.047, a12=0.041]
  s=  100 a= 38 r= +1.9434 cum=     -2.53 v=-30.2805 top5=[a38=0.060, a36=0.056, a0=0.056, a4=0.048, a12=0.041]
    state: year=0 month=6 season=1 money=200 credit=0 people=28 busy=0 free=28 home_places=170 need_workers=4 tax_due=0 main_tax_due=0 tax_amount=8466 main_tax_amount=0 days_alive=119 stage=0 res0=0 res1=0 res2=0 res3=0 res4=0 res5=0 res6=0 res7=0 res8=0 Garden=2 Road=1 House=2 SmallHouse=2 Apiary=1 Hothouse=1 | nw=1531144.6123
  s=  101 a= 40 r= -0.3920 cum=     -2.93 v=-30.1285 top5=[a38=0.058, a36=0.053, a4=0.053, a0=0.051, a12=0.045]
  s=  102 a= 44 r= +0.4875 cum=     -2.44 v=-30.1807 top5=[a38=0.058, a4=0.053, a36=0.053, a0=0.051, a12=0.045]
  s=  103 a=  0 r= +0.1905 cum=     -2.25 v=-30.2314 top5=[a38=0.058, a4=0.053, a36=0.053, a0=0.050, a12=0.045]
  s=  104 a=  8 r= -3.3058 cum=     -5.55 v=-32.1599 top5=[a0=0.053, a36=0.048, a39=0.047, a38=0.047, a4=0.047]
  s=  105 a= 12 r= -0.3921 cum=     -5.95 v=-32.0779 top5=[a0=0.053, a36=0.048, a38=0.047, a4=0.047, a39=0.047]
  s=  106 a= 15 r= -0.3922 cum=     -6.34 v=-31.9940 top5=[a0=0.053, a36=0.048, a38=0.047, a4=0.047, a39=0.047]
  s=  107 a= 35 r= +0.2300 cum=     -6.11 v=-31.9084 top5=[a0=0.053, a36=0.048, a4=0.047, a38=0.047, a39=0.046]
  s=  108 a= 16 r= -0.3923 cum=     -6.50 v=-31.8327 top5=[a0=0.053, a36=0.049, a4=0.048, a38=0.048, a39=0.046]
  s=  109 a=  4 r= -0.3924 cum=     -6.89 v=-31.7461 top5=[a0=0.053, a36=0.049, a4=0.048, a38=0.048, a39=0.046]
  s=  110 a= 22 r= -0.3925 cum=     -7.29 v=-31.6546 top5=[a0=0.053, a36=0.049, a38=0.048, a4=0.048, a39=0.045]
  s=  111 a= 25 r= -0.3926 cum=     -7.68 v=-31.5915 top5=[a0=0.053, a36=0.049, a38=0.048, a4=0.048, a39=0.045]
  s=  112 a= 38 r= +1.9414 cum=     -5.74 v=-31.5286 top5=[a0=0.053, a36=0.049, a38=0.048, a4=0.048, a39=0.044]
  s=  113 a= 10 r= -0.3855 cum=     -6.12 v=-30.7988 top5=[a0=0.051, a4=0.050, a36=0.047, a38=0.046, a39=0.046]
  s=  114 a= 16 r= -3.3030 cum=     -9.43 v=-30.7074 top5=[a0=0.051, a4=0.050, a36=0.047, a38=0.046, a39=0.045]
  s=  115 a=  7 r= -0.3869 cum=     -9.81 v=-30.6204 top5=[a0=0.051, a4=0.050, a36=0.047, a38=0.047, a39=0.045]
  s=  116 a= 10 r= -0.3925 cum=    -10.21 v=-30.5336 top5=[a0=0.051, a4=0.050, a38=0.047, a36=0.047, a39=0.044]
  s=  117 a= 39 r= +1.9423 cum=     -8.26 v=-30.4445 top5=[a0=0.051, a4=0.051, a38=0.047, a36=0.047, a39=0.044]
  s=  118 a= 15 r= -0.3923 cum=     -8.66 v=-31.6566 top5=[a0=0.050, a4=0.048, a38=0.047, a36=0.047, a39=0.042]
  s=  119 a=  8 r= -0.3924 cum=     -9.05 v=-31.5659 top5=[a0=0.050, a4=0.048, a38=0.047, a36=0.047, a12=0.042]
  s=  120 a= 39 r= +1.9405 cum=     -7.11 v=-31.4447 top5=[a0=0.050, a4=0.048, a38=0.047, a36=0.047, a12=0.042]
  s=  121 a=  1 r= -0.0540 cum=     -7.16 v=-32.9872 top5=[a0=0.049, a38=0.048, a4=0.046, a36=0.046, a12=0.041]
  s=  122 a= 38 r= +1.9449 cum=     -5.22 v=-32.6666 top5=[a38=0.049, a4=0.048, a0=0.047, a36=0.046, a12=0.043]
  s=  123 a= 35 r= +0.3047 cum=     -4.91 v=-31.1075 top5=[a4=0.051, a38=0.050, a0=0.047, a36=0.047, a12=0.044]
  s=  124 a= 38 r= -0.9733 cum=     -5.88 v=-31.0904 top5=[a4=0.051, a38=0.050, a36=0.047, a0=0.047, a12=0.044]
  s=  125 a= 35 r= +0.2014 cum=     -5.68 v=-29.5552 top5=[a4=0.054, a38=0.050, a36=0.047, a0=0.047, a12=0.046]
  s=  126 a= 44 r= +0.4889 cum=     -5.19 v=-29.5471 top5=[a4=0.054, a38=0.051, a36=0.047, a0=0.046, a12=0.046]
  s=  127 a=  3 r= -0.3900 cum=     -5.58 v=-29.5393 top5=[a4=0.054, a38=0.051, a36=0.047, a12=0.046, a0=0.046]
  s=  128 a= 34 r= -0.3910 cum=     -5.98 v=-29.5317 top5=[a4=0.055, a38=0.051, a36=0.047, a12=0.046, a0=0.046]
  s=  129 a= 22 r= -0.3845 cum=     -6.36 v=-31.4324 top5=[a0=0.049, a39=0.049, a4=0.047, a36=0.044, a44=0.043]
  s=  130 a= 43 r= -0.3925 cum=     -6.75 v=-31.3168 top5=[a0=0.049, a39=0.048, a4=0.047, a36=0.044, a44=0.043]
  s=  131 a= 36 r= +0.4094 cum=     -6.34 v=-31.1546 top5=[a0=0.049, a39=0.048, a4=0.047, a36=0.044, a44=0.042]
  s=  132 a= 39 r= +1.9407 cum=     -4.40 v=-31.0458 top5=[a0=0.049, a4=0.047, a39=0.047, a36=0.044, a44=0.042]
  s=  133 a= 19 r= -0.3910 cum=     -4.79 v=-32.2719 top5=[a0=0.049, a39=0.046, a4=0.046, a36=0.044, a38=0.042]
  s=  134 a= 36 r= -2.6924 cum=     -7.49 v=-32.1265 top5=[a0=0.049, a4=0.046, a39=0.045, a36=0.044, a38=0.042]
  s=  135 a= 38 r= +1.9412 cum=     -5.54 v=-31.9885 top5=[a0=0.049, a4=0.046, a39=0.045, a36=0.044, a38=0.042]
  s=  136 a=  6 r= -0.3921 cum=     -5.94 v=-30.5099 top5=[a0=0.050, a4=0.048, a39=0.045, a36=0.044, a38=0.042]
  s=  137 a=  3 r= -0.3922 cum=     -6.33 v=-30.4269 top5=[a0=0.050, a4=0.048, a39=0.045, a36=0.044, a38=0.042]
  s=  138 a= 22 r= -0.3923 cum=     -6.72 v=-30.3468 top5=[a0=0.050, a4=0.048, a36=0.044, a39=0.044, a38=0.043]
  s=  139 a= 23 r= -0.3924 cum=     -7.11 v=-30.2784 top5=[a0=0.050, a4=0.049, a36=0.045, a39=0.044, a38=0.043]
  s=  140 a= 15 r= -0.3912 cum=     -7.50 v=-30.2488 top5=[a0=0.049, a4=0.049, a36=0.045, a39=0.044, a38=0.043]
  s=  141 a= 34 r= -0.3926 cum=     -7.90 v=-30.1936 top5=[a0=0.049, a4=0.049, a36=0.045, a38=0.043, a39=0.043]
  s=  142 a=  0 r= +0.1987 cum=     -7.70 v=-30.0924 top5=[a0=0.049, a4=0.049, a36=0.045, a38=0.044, a39=0.043]
  s=  143 a= 30 r= -0.3871 cum=     -8.09 v=-29.9582 top5=[a4=0.049, a0=0.049, a36=0.045, a38=0.044, a39=0.043]
  s=  144 a= 13 r= -3.3112 cum=    -11.40 v=-29.8311 top5=[a4=0.049, a0=0.049, a36=0.045, a38=0.044, a39=0.042]
  s=  145 a= 44 r= +0.4842 cum=    -10.91 v=-29.7811 top5=[a4=0.050, a0=0.048, a36=0.045, a38=0.044, a12=0.042]
  s=  146 a=  4 r= -0.3771 cum=    -11.29 v=-29.7335 top5=[a4=0.050, a0=0.048, a36=0.045, a38=0.045, a12=0.043]
  s=  147 a= 38 r= +1.9421 cum=     -9.35 v=-29.7039 top5=[a4=0.050, a0=0.048, a36=0.045, a38=0.045, a12=0.043]
  s=  148 a= 29 r= -0.3903 cum=     -9.74 v=-30.2275 top5=[a36=0.046, a39=0.043, a4=0.043, a0=0.042, a38=0.042]
  s=  149 a= 37 r= -5.8345 cum=    -15.57 v=-30.0950 top5=[a36=0.046, a4=0.044, a39=0.043, a0=0.042, a38=0.042]
  s=  150 a= 24 r= -0.3791 cum=    -15.95 v=-28.6089 top5=[a36=0.043, a4=0.043, a3=0.043, a44=0.042, a0=0.041]
    state: year=0 month=8 season=1 money=983 credit=0 people=28 busy=0 free=28 home_places=170 need_workers=0 tax_due=0 main_tax_due=0 tax_amount=8046 main_tax_amount=0 days_alive=175 stage=0 res0=0 res1=0 res2=0 res3=0 res4=0 res5=0 res6=0 res7=0 res8=0 Garden=2 Road=1 House=2 SmallHouse=2 Hothouse=1 | nw=1522116.5155
  s=  151 a= 19 r= -0.3785 cum=    -16.33 v=-28.5445 top5=[a4=0.043, a36=0.043, a3=0.043, a44=0.042, a0=0.041]
  s=  152 a=  8 r= -0.3808 cum=    -16.71 v=-28.4783 top5=[a4=0.044, a3=0.043, a36=0.043, a44=0.042, a0=0.041]
  s=  153 a= 10 r= -0.3787 cum=    -17.09 v=-28.4200 top5=[a4=0.044, a3=0.043, a36=0.043, a44=0.042, a0=0.041]
  s=  154 a= 30 r= -3.2954 cum=    -20.39 v=-28.3606 top5=[a4=0.044, a3=0.044, a36=0.043, a44=0.042, a0=0.041]
  s=  155 a= 43 r= -0.3809 cum=    -20.77 v=-28.3160 top5=[a4=0.045, a3=0.044, a36=0.043, a44=0.042, a0=0.040]
  s=  156 a= 12 r= +1.0530 cum=    -19.71 v=-28.2932 top5=[a4=0.045, a3=0.044, a36=0.043, a44=0.042, a0=0.040]
  s=  157 a= 31 r= -0.3794 cum=    -20.09 v=-28.4776 top5=[a3=0.046, a4=0.044, a36=0.043, a44=0.040, a0=0.040]
  s=  158 a=  5 r= -0.3795 cum=    -20.47 v=-28.5900 top5=[a3=0.046, a4=0.045, a36=0.043, a44=0.041, a0=0.040]
  s=  159 a= 15 r= -0.3796 cum=    -20.85 v=-28.7022 top5=[a3=0.046, a4=0.045, a36=0.043, a44=0.041, a38=0.040]
  s=  160 a=  3 r= -0.3769 cum=    -21.23 v=-23.3077 top5=[a3=0.049, a44=0.044, a36=0.042, a38=0.037, a13=0.034]
  s=  161 a= 44 r= +0.4937 cum=    -20.73 v=-23.3694 top5=[a3=0.049, a44=0.044, a36=0.042, a38=0.037, a13=0.034]
  s=  162 a= 41 r= -0.3813 cum=    -21.12 v=-23.4438 top5=[a3=0.049, a44=0.044, a36=0.042, a38=0.037, a13=0.034]
  s=  163 a=  1 r= +0.0284 cum=    -21.09 v=-23.6307 top5=[a3=0.046, a44=0.046, a36=0.041, a38=0.036, a43=0.035]
  s=  164 a= 17 r= -0.3827 cum=    -21.47 v=-23.9996 top5=[a44=0.046, a3=0.045, a36=0.041, a38=0.038, a13=0.035]
  s=  165 a= 13 r= -3.2945 cum=    -24.76 v=-24.1429 top5=[a44=0.046, a3=0.045, a36=0.041, a38=0.038, a13=0.035]
  s=  166 a= 36 r= +0.3845 cum=    -24.38 v=-24.3018 top5=[a44=0.046, a3=0.045, a36=0.041, a38=0.038, a13=0.035]
  s=  167 a=  1 r= +0.6267 cum=    -23.75 v=-24.4780 top5=[a44=0.046, a3=0.044, a36=0.041, a38=0.039, a12=0.035]
  s=  168 a= 12 r= +1.0577 cum=    -22.70 v=-24.9161 top5=[a44=0.048, a3=0.044, a38=0.041, a36=0.040, a12=0.036]
  s=  169 a=  3 r= -5.8349 cum=    -28.53 v=-25.8681 top5=[a44=0.047, a3=0.047, a38=0.045, a36=0.041, a13=0.037]
  s=  170 a= 39 r= +1.9504 cum=    -26.58 v=-25.9064 top5=[a44=0.048, a3=0.047, a38=0.046, a36=0.041, a13=0.037]
  s=  171 a= 12 r= -0.3832 cum=    -26.96 v=-26.6488 top5=[a44=0.048, a3=0.047, a38=0.047, a36=0.040, a13=0.036]
  s=  172 a= 13 r= -0.3818 cum=    -27.35 v=-26.7523 top5=[a44=0.048, a38=0.048, a3=0.047, a36=0.040, a13=0.036]
  s=  173 a= 31 r= -0.3828 cum=    -27.73 v=-26.8696 top5=[a44=0.048, a38=0.048, a3=0.047, a36=0.040, a13=0.036]
  s=  174 a= 39 r= +1.9488 cum=    -25.78 v=-27.0123 top5=[a38=0.049, a44=0.049, a3=0.047, a36=0.039, a13=0.036]
  s=  175 a= 38 r= +1.9462 cum=    -23.83 v=-27.0516 top5=[a44=0.050, a38=0.048, a3=0.044, a36=0.038, a12=0.037]
  s=  176 a= 43 r= -0.3789 cum=    -24.21 v=-26.5188 top5=[a44=0.051, a38=0.046, a3=0.044, a36=0.038, a12=0.038]
  s=  177 a= 39 r= -0.9619 cum=    -25.17 v=-26.5800 top5=[a44=0.051, a38=0.046, a3=0.043, a36=0.038, a12=0.038]
  s=  178 a= 34 r= -0.3803 cum=    -25.55 v=-27.3611 top5=[a44=0.052, a38=0.049, a3=0.044, a12=0.038, a36=0.038]
  s=  179 a= 14 r= -0.3817 cum=    -25.94 v=-26.2618 top5=[a44=0.046, a3=0.046, a36=0.040, a38=0.037, a22=0.034]
  s=  180 a= 26 r= -0.3827 cum=    -26.32 v=-26.2912 top5=[a44=0.046, a3=0.046, a36=0.040, a38=0.037, a22=0.034]
  s=  181 a= 44 r= +0.4944 cum=    -25.82 v=-26.3204 top5=[a44=0.047, a3=0.046, a36=0.039, a38=0.037, a22=0.034]
  s=  182 a= 30 r= -0.3844 cum=    -26.21 v=-26.3555 top5=[a44=0.047, a3=0.046, a36=0.039, a38=0.037, a22=0.034]
  s=  183 a= 41 r= -0.3862 cum=    -26.59 v=-26.4075 top5=[a44=0.047, a3=0.046, a36=0.039, a38=0.038, a40=0.034]
  s=  184 a= 13 r= -0.3808 cum=    -26.98 v=-26.4596 top5=[a44=0.047, a3=0.046, a36=0.039, a38=0.038, a40=0.034]
  s=  185 a= 19 r= -0.3840 cum=    -27.36 v=-26.5083 top5=[a44=0.047, a3=0.045, a36=0.039, a38=0.038, a40=0.035]
  s=  186 a= 38 r= +1.9503 cum=    -25.41 v=-26.5426 top5=[a44=0.047, a3=0.045, a36=0.040, a38=0.038, a40=0.035]
  s=  187 a= 13 r= -3.2927 cum=    -28.70 v=-26.0351 top5=[a44=0.047, a3=0.045, a36=0.040, a38=0.037, a12=0.035]
  s=  188 a=  0 r= +0.1995 cum=    -28.50 v=-26.1334 top5=[a44=0.048, a3=0.045, a36=0.040, a38=0.037, a12=0.036]
  s=  189 a= 36 r= +0.3497 cum=    -28.15 v=-26.2515 top5=[a44=0.048, a3=0.044, a36=0.040, a38=0.037, a12=0.036]
  s=  190 a=  0 r= +0.2027 cum=    -27.95 v=-26.3951 top5=[a44=0.048, a3=0.044, a36=0.040, a38=0.037, a12=0.036]
  s=  191 a=  8 r= -0.3783 cum=    -28.33 v=-26.4260 top5=[a44=0.048, a3=0.044, a36=0.040, a38=0.038, a12=0.036]
  s=  192 a= 35 r= -0.3808 cum=    -28.71 v=-26.4923 top5=[a44=0.049, a3=0.044, a36=0.040, a38=0.038, a12=0.036]
  s=  193 a= 38 r= +1.9501 cum=    -26.76 v=-26.5496 top5=[a44=0.049, a3=0.044, a36=0.040, a38=0.039, a12=0.036]
  s=  194 a= 44 r= +0.4873 cum=    -26.27 v=-25.8388 top5=[a44=0.050, a3=0.044, a36=0.040, a38=0.038, a13=0.037]
  s=  195 a= 30 r= -0.3807 cum=    -26.65 v=-25.9092 top5=[a44=0.050, a3=0.044, a36=0.040, a38=0.038, a13=0.037]
  s=  196 a=  1 r= +0.0086 cum=    -26.64 v=-25.9981 top5=[a44=0.050, a3=0.044, a36=0.040, a38=0.039, a13=0.037]
  s=  197 a= 22 r= -3.2981 cum=    -29.94 v=-26.7574 top5=[a44=0.053, a3=0.043, a38=0.042, a36=0.039, a12=0.038]
  s=  198 a= 43 r= -0.3817 cum=    -30.32 v=-26.8557 top5=[a44=0.053, a3=0.043, a38=0.043, a36=0.039, a12=0.038]
  s=  199 a= 39 r= +1.9580 cum=    -28.37 v=-26.9328 top5=[a44=0.054, a38=0.043, a3=0.043, a36=0.039, a12=0.038]
  s=  200 a= 19 r= -0.3874 cum=    -28.75 v=-27.7339 top5=[a44=0.053, a38=0.044, a3=0.043, a12=0.038, a36=0.038]
    state: year=0 month=10 season=2 money=56 credit=0 people=28 busy=0 free=28 home_places=190 need_workers=0 tax_due=0 main_tax_due=0 tax_amount=8046 main_tax_amount=0 days_alive=242 stage=0 res0=0 res1=0 res2=0 res3=0 res4=0 res5=0 res6=0 res7=0 res8=0 Garden=2 Road=3 House=2 SmallHouse=2 Hothouse=1 | nw=1521510.4371
  s=  201 a=  9 r= -0.3819 cum=    -29.14 v=-27.8501 top5=[a44=0.054, a38=0.045, a3=0.043, a12=0.039, a36=0.038]
  s=  202 a= 41 r= -0.3805 cum=    -29.52 v=-27.9716 top5=[a44=0.054, a38=0.045, a3=0.043, a12=0.039, a36=0.038]
  s=  203 a= 18 r= -0.3864 cum=    -29.90 v=-28.0950 top5=[a44=0.054, a38=0.046, a3=0.043, a12=0.039, a36=0.038]
  s=  204 a=  0 r= +0.2006 cum=    -29.70 v=-26.7366 top5=[a44=0.048, a3=0.045, a36=0.040, a13=0.036, a22=0.035]
  s=  205 a=  1 r= +0.0109 cum=    -29.69 v=-26.8049 top5=[a44=0.048, a3=0.045, a36=0.040, a13=0.036, a12=0.036]
  s=  206 a= 22 r= -0.3829 cum=    -30.07 v=-27.2939 top5=[a44=0.049, a3=0.044, a36=0.040, a12=0.037, a13=0.036]
  s=  207 a= 15 r= -3.2963 cum=    -33.37 v=-27.4057 top5=[a44=0.049, a3=0.044, a36=0.040, a12=0.037, a13=0.036]
  s=  208 a= 40 r= -0.3829 cum=    -33.75 v=-27.4815 top5=[a44=0.050, a3=0.044, a36=0.040, a12=0.037, a13=0.036]
  s=  209 a= 26 r= -0.3827 cum=    -34.14 v=-27.5576 top5=[a44=0.050, a3=0.044, a36=0.040, a12=0.037, a38=0.036]
  s=  210 a= 44 r= +0.4940 cum=    -33.64 v=-27.6335 top5=[a44=0.050, a3=0.043, a36=0.039, a12=0.037, a38=0.037]
  s=  211 a= 36 r= -0.3834 cum=    -34.02 v=-27.7249 top5=[a44=0.050, a3=0.043, a36=0.039, a12=0.037, a38=0.037]
  s=  212 a= 21 r= -0.3798 cum=    -34.40 v=-27.8278 top5=[a44=0.051, a3=0.043, a36=0.039, a12=0.037, a38=0.037]
  s=  213 a=  3 r= -0.3792 cum=    -34.78 v=-27.9252 top5=[a44=0.051, a3=0.043, a36=0.039, a38=0.038, a12=0.038]
  s=  214 a= 13 r= -0.3815 cum=    -35.17 v=-28.0364 top5=[a44=0.051, a3=0.043, a36=0.039, a38=0.038, a12=0.038]
  s=  215 a= 39 r= +1.9535 cum=    -33.21 v=-28.1370 top5=[a44=0.052, a3=0.043, a36=0.039, a38=0.039, a12=0.038]
  s=  216 a= 12 r= -0.3844 cum=    -33.60 v=-28.4520 top5=[a44=0.052, a3=0.043, a38=0.042, a40=0.038, a36=0.038]
  s=  217 a= 17 r= -3.2990 cum=    -36.90 v=-28.5538 top5=[a44=0.052, a3=0.043, a38=0.042, a40=0.039, a12=0.038]
  s=  218 a= 23 r= -0.3801 cum=    -37.28 v=-28.6523 top5=[a44=0.052, a3=0.043, a38=0.042, a40=0.039, a12=0.038]
  s=  219 a= 27 r= -0.3837 cum=    -37.66 v=-28.7653 top5=[a44=0.053, a38=0.043, a3=0.043, a40=0.039, a12=0.038]
  s=  220 a=  3 r= -0.3831 cum=    -38.04 v=-28.8926 top5=[a44=0.053, a38=0.044, a3=0.043, a40=0.039, a12=0.038]
  s=  221 a= 30 r= -0.3829 cum=    -38.43 v=-29.0515 top5=[a44=0.054, a38=0.044, a3=0.043, a40=0.039, a12=0.038]
  s=  222 a= 34 r= -0.3830 cum=    -38.81 v=-29.2125 top5=[a44=0.054, a38=0.045, a3=0.043, a40=0.039, a12=0.039]
  s=  223 a= 36 r= +0.2039 cum=    -38.60 v=-29.3747 top5=[a44=0.054, a38=0.045, a3=0.043, a12=0.039, a40=0.039]
  s=  224 a= 26 r= -0.3863 cum=    -38.99 v=-29.6175 top5=[a44=0.054, a38=0.046, a3=0.042, a12=0.039, a40=0.039]
  s=  225 a= 44 r= +0.4932 cum=    -38.50 v=-29.8014 top5=[a44=0.055, a38=0.046, a3=0.042, a12=0.039, a40=0.039]
  s=  226 a= 36 r= -0.3910 cum=    -38.89 v=-29.9845 top5=[a44=0.055, a38=0.047, a3=0.042, a12=0.040, a40=0.039]
  s=  227 a=  3 r= -3.2994 cum=    -42.19 v=-30.1676 top5=[a44=0.056, a38=0.047, a3=0.042, a12=0.040, a40=0.039]
  s=  228 a= 27 r= -0.3842 cum=    -42.57 v=-34.6407 top5=[a44=0.068, a12=0.064, a14=0.049, a43=0.048, a3=0.046]
  s=  229 a= 44 r= +0.4838 cum=    -42.09 v=-34.7100 top5=[a44=0.069, a12=0.064, a14=0.049, a43=0.048, a3=0.046]
  s=  230 a= 37 r= -5.8449 cum=    -47.93 v=-34.7693 top5=[a44=0.069, a12=0.064, a14=0.049, a43=0.047, a3=0.045]
  s=  231 a= 14 r= -0.3804 cum=    -48.31 v=-32.9794 top5=[a44=0.065, a12=0.064, a14=0.052, a43=0.047, a3=0.044]
  s=  232 a= 36 r= +0.5061 cum=    -47.81 v=-33.0554 top5=[a44=0.065, a12=0.064, a14=0.052, a43=0.047, a3=0.043]
  s=  233 a= 12 r= +1.0585 cum=    -46.75 v=-33.2677 top5=[a44=0.065, a12=0.063, a14=0.051, a43=0.046, a3=0.043]
  s=  234 a= 36 r= +0.2205 cum=    -46.53 v=-34.8969 top5=[a44=0.064, a12=0.060, a14=0.052, a43=0.043, a4=0.043]
  s=  235 a=  3 r= -0.3841 cum=    -46.91 v=-35.0622 top5=[a44=0.064, a12=0.059, a14=0.052, a4=0.043, a43=0.043]
  s=  236 a=  1 r= +0.0114 cum=    -46.90 v=-35.2410 top5=[a44=0.064, a12=0.059, a14=0.052, a4=0.043, a43=0.043]
  s=  237 a= 30 r= -0.3822 cum=    -47.28 v=-35.6072 top5=[a44=0.069, a12=0.061, a14=0.051, a4=0.043, a43=0.042]
  s=  238 a= 16 r= -0.3800 cum=    -47.66 v=-35.8646 top5=[a44=0.070, a12=0.061, a14=0.050, a4=0.043, a38=0.043]
  s=  239 a= 33 r= -0.3760 cum=    -48.04 v=-36.1189 top5=[a44=0.070, a12=0.061, a14=0.050, a4=0.043, a38=0.043]
  s=  240 a= 43 r= -0.3786 cum=    -48.42 v=-36.3703 top5=[a44=0.070, a12=0.061, a14=0.050, a38=0.044, a4=0.043]
  s=  241 a= 21 r= -0.3781 cum=    -48.80 v=-36.6157 top5=[a44=0.070, a12=0.060, a14=0.050, a38=0.045, a4=0.043]
  s=  242 a=  3 r= -3.3062 cum=    -52.10 v=-36.8607 top5=[a44=0.070, a12=0.060, a14=0.050, a38=0.045, a4=0.043]
  s=  243 a= 16 r= -0.3825 cum=    -52.48 v=-37.1278 top5=[a44=0.071, a12=0.060, a14=0.050, a38=0.046, a4=0.043]
  s=  244 a= 14 r= -0.3695 cum=    -52.85 v=-37.4263 top5=[a44=0.071, a12=0.060, a14=0.050, a38=0.047, a4=0.043]
  s=  245 a= 34 r= -0.3776 cum=    -53.23 v=-37.7452 top5=[a44=0.071, a12=0.060, a14=0.050, a38=0.047, a4=0.043]
  s=  246 a= 20 r= +0.7836 cum=    -52.45 v=-38.0650 top5=[a44=0.071, a12=0.060, a14=0.049, a38=0.048, a4=0.043]
  s=  247 a= 13 r= -0.3851 cum=    -52.83 v=-38.3857 top5=[a44=0.071, a12=0.060, a14=0.049, a38=0.049, a4=0.043]
  s=  248 a= 12 r= -0.3762 cum=    -53.21 v=-38.7054 top5=[a44=0.071, a12=0.059, a38=0.049, a14=0.049, a4=0.043]
  s=  249 a= 22 r= -0.3794 cum=    -53.59 v=-39.0237 top5=[a44=0.071, a12=0.059, a38=0.050, a14=0.049, a4=0.043]
  s=  250 a=  9 r= -0.3854 cum=    -53.97 v=-39.3433 top5=[a44=0.072, a12=0.059, a38=0.051, a14=0.049, a4=0.043]
    state: year=0 month=12 season=3 money=129 credit=0 people=29 busy=0 free=29 home_places=190 need_workers=0 tax_due=0 main_tax_due=0 tax_amount=7626 main_tax_amount=0 days_alive=304 stage=0 res0=0 res1=0 res2=0 res3=0 res4=0 res5=0 res6=0 res7=0 res8=0 Garden=2 Road=4 House=2 SmallHouse=1 Hothouse=1 | nw=1516042.6271
  s=  251 a= 43 r= -0.3809 cum=    -54.36 v=-39.6651 top5=[a44=0.072, a12=0.059, a38=0.051, a14=0.049, a4=0.043]
  s=  252 a= 19 r= -3.3055 cum=    -57.66 v=-39.9902 top5=[a44=0.072, a12=0.059, a38=0.052, a14=0.049, a4=0.043]
  s=  253 a= 43 r= -0.3758 cum=    -58.04 v=-40.3303 top5=[a44=0.088, a12=0.087, a3=0.038, a38=0.037, a36=0.031]
  s=  254 a=  3 r= -0.3829 cum=    -58.42 v=-40.6211 top5=[a44=0.088, a12=0.087, a3=0.038, a38=0.037, a36=0.031]
  s=  255 a= 12 r= -0.3854 cum=    -58.80 v=-40.8944 top5=[a44=0.088, a12=0.087, a3=0.038, a38=0.037, a36=0.031]
  s=  256 a= 19 r= -0.3799 cum=    -59.18 v=-41.1868 top5=[a44=0.088, a12=0.087, a38=0.038, a3=0.037, a36=0.031]
  s=  257 a=  8 r= -0.3760 cum=    -59.56 v=-41.5061 top5=[a44=0.088, a12=0.087, a38=0.038, a3=0.037, a36=0.031]
  s=  258 a= 39 r= +1.9586 cum=    -57.60 v=-41.8114 top5=[a44=0.088, a12=0.087, a38=0.039, a3=0.037, a36=0.031]
  s=  259 a= 17 r= -0.3882 cum=    -57.99 v=-44.9695 top5=[a12=0.091, a44=0.085, a38=0.038, a3=0.033, a36=0.032]
  s=  260 a= 38 r= +1.9590 cum=    -56.03 v=-45.2288 top5=[a12=0.091, a44=0.085, a38=0.038, a3=0.033, a36=0.032]
  s=  261 a= 14 r= -0.3865 cum=    -56.42 v=-44.0509 top5=[a12=0.091, a44=0.088, a38=0.038, a36=0.032, a3=0.032]
  s=  262 a= 12 r= -3.3046 cum=    -59.72 v=-44.3211 top5=[a12=0.091, a44=0.088, a38=0.038, a36=0.032, a3=0.032]
  s=  263 a= 30 r= -0.3809 cum=    -60.10 v=-44.5578 top5=[a12=0.091, a44=0.088, a38=0.039, a36=0.032, a3=0.031]
  s=  264 a= 39 r= +1.9631 cum=    -58.14 v=-44.7283 top5=[a12=0.090, a44=0.088, a38=0.039, a36=0.032, a3=0.031]
  s=  265 a= 13 r= -0.3802 cum=    -58.52 v=-46.1677 top5=[a12=0.089, a44=0.086, a38=0.040, a3=0.033, a36=0.032]
  s=  266 a= 23 r= -0.3831 cum=    -58.90 v=-46.3319 top5=[a12=0.088, a44=0.086, a38=0.040, a3=0.033, a36=0.032]
  s=  267 a= 13 r= -0.3837 cum=    -59.29 v=-46.5312 top5=[a12=0.088, a44=0.086, a38=0.041, a3=0.032, a36=0.032]
  s=  268 a= 18 r= -0.3875 cum=    -59.67 v=-46.7302 top5=[a12=0.088, a44=0.086, a38=0.041, a3=0.032, a36=0.032]
  s=  269 a=  9 r= -0.3870 cum=    -60.06 v=-46.9294 top5=[a12=0.087, a44=0.086, a38=0.042, a3=0.032, a36=0.032]
  s=  270 a= 44 r= +0.5017 cum=    -59.56 v=-47.1285 top5=[a12=0.087, a44=0.086, a38=0.042, a3=0.032, a36=0.032]
  s=  271 a=  3 r= -0.3822 cum=    -59.94 v=-47.3269 top5=[a12=0.086, a44=0.086, a38=0.042, a3=0.032, a36=0.032]
  s=  272 a= 29 r= -3.3143 cum=    -63.26 v=-47.5258 top5=[a44=0.086, a12=0.086, a38=0.043, a36=0.032, a3=0.032]
  s=  273 a= 28 r= -0.3812 cum=    -63.64 v=-47.7414 top5=[a44=0.086, a12=0.086, a38=0.043, a36=0.032, a3=0.032]
  s=  274 a= 25 r= -0.3798 cum=    -64.02 v=-47.9551 top5=[a44=0.086, a12=0.085, a38=0.044, a36=0.032, a3=0.031]
  s=  275 a= 25 r= -0.3864 cum=    -64.40 v=-48.1653 top5=[a44=0.086, a12=0.085, a38=0.044, a36=0.032, a3=0.031]
  s=  276 a=  0 r= +0.2009 cum=    -64.20 v=-48.4231 top5=[a44=0.086, a12=0.085, a38=0.044, a36=0.032, a3=0.031]
  s=  277 a=  2 r= -0.3909 cum=    -64.59 v=-48.7225 top5=[a44=0.086, a12=0.084, a38=0.045, a36=0.032, a3=0.031]
  s=  278 a= 41 r= -0.3816 cum=    -64.98 v=-49.0464 top5=[a44=0.086, a12=0.084, a38=0.045, a36=0.032, a3=0.031]
  s=  279 a= 35 r= -0.3733 cum=    -65.35 v=-49.3688 top5=[a44=0.086, a12=0.083, a38=0.045, a36=0.032, a3=0.031]
  s=  280 a= 11 r= -0.3827 cum=    -65.73 v=-49.6904 top5=[a44=0.086, a12=0.083, a38=0.046, a36=0.032, a3=0.031]
  s=  281 a= 36 r= +0.5210 cum=    -65.21 v=-50.0142 top5=[a44=0.086, a12=0.083, a38=0.046, a36=0.032, a3=0.031]
  s=  282 a= 38 r= -0.9710 cum=    -66.18 v=-50.4684 top5=[a44=0.086, a12=0.082, a38=0.046, a36=0.032, a39=0.031]
  s=  283 a=  2 r= +0.2015 cum=    -65.98 v=-49.9045 top5=[a44=0.088, a12=0.083, a38=0.046, a36=0.032, a39=0.031]
  s=  284 a= 14 r= -0.3808 cum=    -66.36 v=-52.4462 top5=[a12=0.089, a44=0.074, a38=0.035, a3=0.032, a36=0.031]
  s=  285 a= 27 r= -0.3828 cum=    -66.74 v=-52.7264 top5=[a12=0.089, a44=0.074, a38=0.035, a3=0.032, a36=0.031]
  s=  286 a= 14 r= -0.3763 cum=    -67.12 v=-53.0056 top5=[a12=0.089, a44=0.074, a38=0.036, a3=0.031, a36=0.031]
  s=  287 a= 23 r= -0.3872 cum=    -67.51 v=-53.2847 top5=[a12=0.089, a44=0.074, a38=0.036, a3=0.031, a36=0.031]
  s=  288 a=  3 r= -0.3795 cum=    -67.89 v=-53.5634 top5=[a12=0.088, a44=0.074, a38=0.036, a3=0.031, a36=0.030]
  s=  289 a= 24 r= -0.3812 cum=    -68.27 v=-53.8470 top5=[a12=0.088, a44=0.074, a38=0.037, a3=0.031, a36=0.030]
  s=  290 a= 14 r= -0.3853 cum=    -68.65 v=-54.1309 top5=[a12=0.088, a44=0.074, a38=0.037, a3=0.031, a36=0.030]
  s=  291 a= 15 r= -0.3885 cum=    -69.04 v=-54.4147 top5=[a12=0.088, a44=0.074, a38=0.037, a3=0.031, a39=0.031]
  s=  292 a= 19 r= -3.3242 cum=    -72.37 v=-54.6922 top5=[a12=0.087, a44=0.074, a38=0.038, a3=0.031, a39=0.031]
  s=  293 a= 10 r= -0.3867 cum=    -72.75 v=-54.9567 top5=[a12=0.087, a44=0.074, a38=0.038, a3=0.031, a39=0.031]
  s=  294 a= 39 r= +1.9656 cum=    -70.79 v=-55.2211 top5=[a12=0.087, a44=0.074, a38=0.039, a39=0.031, a3=0.031]
  s=  295 a=  8 r= -0.3841 cum=    -71.17 v=-56.6880 top5=[a12=0.085, a44=0.073, a38=0.040, a3=0.032, a39=0.031]
  s=  296 a= 12 r= -0.3791 cum=    -71.55 v=-56.9587 top5=[a12=0.085, a44=0.073, a38=0.040, a3=0.032, a39=0.032]
  s=  297 a= 26 r= -0.3811 cum=    -71.93 v=-57.2500 top5=[a12=0.085, a44=0.073, a38=0.041, a3=0.032, a39=0.032]
  s=  298 a= 28 r= -0.3821 cum=    -72.31 v=-57.5582 top5=[a12=0.084, a44=0.073, a38=0.041, a3=0.032, a39=0.032]
  s=  299 a=  5 r= -0.3866 cum=    -72.70 v=-57.8488 top5=[a12=0.084, a44=0.073, a38=0.041, a39=0.032, a3=0.032]
  s=  300 a= 16 r= -0.3807 cum=    -73.08 v=-58.1091 top5=[a12=0.084, a44=0.073, a38=0.042, a39=0.033, a3=0.032]
    state: year=1 month=2 season=3 money=9 credit=0 people=30 busy=0 free=30 home_places=190 need_workers=4 tax_due=0 main_tax_due=0 tax_amount=7626 main_tax_amount=0 days_alive=354 stage=0 res0=0 res1=0 res2=0 res3=0 res4=0 res5=0 res6=0 res7=0 res8=0 Garden=2 Road=4 House=2 SmallHouse=1 Hothouse=1 | nw=1515625.3146
  s=  301 a=  2 r= -0.3827 cum=    -73.46 v=-58.4361 top5=[a12=0.083, a44=0.073, a38=0.042, a39=0.033, a3=0.032]
  s=  302 a= 41 r= -2.7360 cum=    -76.20 v=-58.7596 top5=[a12=0.083, a44=0.073, a38=0.042, a39=0.033, a3=0.032]
  s=  303 a= 12 r= -0.3877 cum=    -76.59 v=-58.9410 top5=[a12=0.082, a44=0.072, a38=0.042, a39=0.033, a3=0.032]
  s=  304 a= 11 r= -0.3819 cum=    -76.97 v=-59.2734 top5=[a12=0.081, a44=0.072, a38=0.043, a39=0.033, a3=0.032]
  s=  305 a= 38 r= +1.9711 cum=    -75.00 v=-59.6577 top5=[a12=0.081, a44=0.072, a38=0.043, a39=0.033, a3=0.032]
  s=  306 a= 39 r= +1.9754 cum=    -73.02 v=-59.4910 top5=[a12=0.082, a44=0.073, a38=0.042, a39=0.034, a3=0.030]
  s=  307 a= 12 r= -0.3850 cum=    -73.41 v=-60.4589 top5=[a12=0.080, a44=0.072, a38=0.043, a39=0.033, a3=0.032]
  s=  308 a=  4 r= -0.3872 cum=    -73.79 v=-60.8920 top5=[a12=0.080, a44=0.071, a38=0.044, a39=0.033, a3=0.032]
  s=  309 a= 16 r= -0.3888 cum=    -74.18 v=-61.3613 top5=[a12=0.079, a44=0.071, a38=0.044, a39=0.033, a3=0.032]
  s=  310 a= 12 r= -0.3837 cum=    -74.57 v=-61.8879 top5=[a12=0.079, a44=0.071, a38=0.044, a39=0.033, a3=0.032]
  s=  311 a= 44 r= +3.4434 cum=    -71.12 v=-62.4174 top5=[a12=0.079, a44=0.070, a38=0.045, a39=0.033, a3=0.031]
  s=  312 a= 34 r= -5.8758 cum=    -77.00 v=-96.0841 top5=[a12=0.084, a44=0.048, a6=0.037, a38=0.037, a39=0.036]
  s=  313 a= 30 r= -3.4602 cum=    -80.46 v=-95.9419 top5=[a12=0.084, a44=0.048, a6=0.037, a38=0.037, a39=0.036]
  s=  314 a= 43 r= -3.4594 cum=    -83.92 v=-95.7982 top5=[a12=0.084, a44=0.048, a6=0.037, a38=0.037, a39=0.036]
  s=  315 a=  6 r= -3.4585 cum=    -87.38 v=-95.6488 top5=[a12=0.084, a44=0.048, a6=0.037, a38=0.037, a39=0.036]
  s=  316 a=  8 r= -3.4577 cum=    -90.84 v=-95.4988 top5=[a12=0.084, a44=0.048, a6=0.037, a38=0.037, a39=0.036]
  s=  317 a=  3 r= -3.4569 cum=    -94.29 v=-95.3500 top5=[a12=0.084, a44=0.048, a6=0.037, a38=0.037, a39=0.036]
  s=  318 a= 12 r= -3.4561 cum=    -97.75 v=-95.2020 top5=[a12=0.083, a44=0.048, a6=0.037, a38=0.037, a39=0.036]
  s=  319 a= 13 r= -3.4553 cum=   -101.20 v=-95.0540 top5=[a12=0.083, a44=0.048, a6=0.037, a38=0.037, a39=0.036]
  s=  320 a= 44 r= -2.5762 cum=   -103.78 v=-94.9072 top5=[a12=0.083, a44=0.048, a6=0.037, a38=0.037, a39=0.036]
  s=  321 a= 40 r= -3.4548 cum=   -107.23 v=-94.7616 top5=[a12=0.083, a44=0.048, a6=0.037, a38=0.037, a39=0.036]
  s=  322 a= 12 r= -5.8542 cum=   -113.09 v=-94.6172 top5=[a12=0.083, a44=0.048, a6=0.037, a38=0.037, a39=0.036]
  s=  323 a=  3 r= -3.4477 cum=   -116.54 v=-94.4740 top5=[a12=0.083, a44=0.048, a38=0.037, a6=0.037, a39=0.036]
  s=  324 a= 11 r= -3.4469 cum=   -119.98 v=-94.3319 top5=[a12=0.083, a44=0.048, a38=0.037, a6=0.037, a39=0.036]
  s=  325 a= 22 r= -3.4461 cum=   -123.43 v=-94.1910 top5=[a12=0.082, a44=0.048, a38=0.036, a6=0.036, a39=0.036]
  s=  326 a= 22 r= -3.4454 cum=   -126.87 v=-94.0512 top5=[a12=0.082, a44=0.048, a38=0.036, a6=0.036, a39=0.036]
  s=  327 a= 39 r= -1.1093 cum=   -127.98 v=-93.9125 top5=[a12=0.082, a44=0.048, a38=0.036, a6=0.036, a39=0.036]
  s=  328 a=  6 r= -3.4456 cum=   -131.43 v=-94.8433 top5=[a12=0.082, a44=0.047, a38=0.037, a6=0.036, a39=0.035]
  s=  329 a=  4 r= -3.4448 cum=   -134.87 v=-94.7082 top5=[a12=0.082, a44=0.047, a38=0.036, a6=0.036, a39=0.035]
  s=  330 a= 25 r= -3.4441 cum=   -138.32 v=-94.5741 top5=[a12=0.082, a44=0.047, a38=0.036, a6=0.036, a39=0.035]
  s=  331 a= 12 r= -3.4433 cum=   -141.76 v=-94.4409 top5=[a12=0.082, a44=0.047, a38=0.036, a6=0.036, a39=0.035]
  s=  332 a=  7 r= -5.8349 cum=   -147.60 v=-94.3088 top5=[a12=0.082, a44=0.047, a38=0.036, a6=0.036, a39=0.035]
  s=  333 a= 25 r= -3.4365 cum=   -151.03 v=-94.1777 top5=[a12=0.081, a44=0.047, a38=0.036, a6=0.036, a39=0.035]
  s=  334 a= 36 r= -3.4358 cum=   -154.47 v=-94.0476 top5=[a12=0.081, a44=0.047, a38=0.036, a6=0.036, a39=0.035]
  s=  335 a= 38 r= -1.1062 cum=   -155.58 v=-93.9185 top5=[a12=0.081, a44=0.047, a38=0.036, a6=0.036, a39=0.035]
  s=  336 a= 43 r= -3.4360 cum=   -159.01 v=-93.6921 top5=[a12=0.084, a44=0.048, a38=0.036, a6=0.036, a39=0.035]
  s=  337 a= 12 r= -3.4353 cum=   -162.45 v=-93.5627 top5=[a12=0.084, a44=0.048, a38=0.036, a6=0.036, a39=0.035]
  s=  338 a= 28 r= -3.4346 cum=   -165.88 v=-93.4343 top5=[a12=0.083, a44=0.048, a38=0.036, a6=0.035, a39=0.035]
  s=  339 a= 27 r= -3.4339 cum=   -169.31 v=-93.3068 top5=[a12=0.083, a44=0.048, a38=0.036, a39=0.035, a6=0.035]
  s=  340 a=  0 r= -3.4332 cum=   -172.75 v=-93.1802 top5=[a12=0.083, a44=0.048, a38=0.036, a39=0.035, a6=0.035]
  s=  341 a= 12 r= -3.4325 cum=   -176.18 v=-93.0546 top5=[a12=0.083, a44=0.048, a38=0.036, a39=0.035, a6=0.035]
  s=  342 a= 39 r= -4.0135 cum=   -180.19 v=-92.9298 top5=[a12=0.083, a44=0.048, a38=0.036, a39=0.035, a6=0.035]
  s=  343 a= 12 r= -3.4302 cum=   -183.62 v=-92.9117 top5=[a12=0.080, a44=0.047, a38=0.036, a6=0.036, a39=0.035]
  s=  344 a= 12 r= -3.4295 cum=   -187.05 v=-92.7904 top5=[a12=0.080, a44=0.047, a38=0.036, a6=0.036, a39=0.035]
  s=  345 a=  5 r= -3.4288 cum=   -190.48 v=-92.6699 top5=[a12=0.080, a44=0.047, a38=0.036, a6=0.036, a39=0.035]
  s=  346 a= 23 r= -3.4281 cum=   -193.91 v=-92.5502 top5=[a12=0.080, a44=0.047, a38=0.036, a6=0.035, a39=0.035]
  s=  347 a=  7 r= -3.4275 cum=   -197.34 v=-92.4314 top5=[a12=0.080, a44=0.047, a38=0.036, a6=0.035, a39=0.035]
  s=  348 a= 14 r= -3.4268 cum=   -200.76 v=-92.3133 top5=[a12=0.080, a44=0.047, a38=0.036, a6=0.035, a39=0.035]
  s=  349 a=  1 r= -3.4261 cum=   -204.19 v=-92.1961 top5=[a12=0.080, a44=0.047, a38=0.036, a6=0.035, a39=0.035]
  s=  350 a= 30 r= -3.4255 cum=   -207.62 v=-92.0797 top5=[a12=0.080, a44=0.047, a38=0.036, a6=0.035, a39=0.035]
    state: year=1 month=3 season=0 money=9 credit=0 people=31 busy=0 free=31 home_places=190 need_workers=4 tax_due=1 main_tax_due=0 tax_amount=7626 main_tax_amount=0 days_alive=365 stage=0 res0=0 res1=0 res2=0 res3=0 res4=0 res5=0 res6=0 res7=0 res8=0 Garden=2 Road=4 House=2 SmallHouse=1 Hothouse=1 | nw=1515509.7636
  s=  351 a= 11 r= -3.4248 cum=   -211.04 v=-91.9641 top5=[a12=0.080, a44=0.047, a38=0.036, a6=0.035, a39=0.035]
  s=  352 a=  6 r= -5.8037 cum=   -216.85 v=-91.8492 top5=[a12=0.079, a44=0.047, a38=0.036, a6=0.035, a39=0.035]
  s=  353 a= 17 r= -3.4184 cum=   -220.26 v=-91.7351 top5=[a12=0.079, a44=0.047, a38=0.036, a6=0.035, a39=0.035]
  s=  354 a= 25 r= -3.4178 cum=   -223.68 v=-91.6218 top5=[a12=0.079, a44=0.047, a38=0.036, a6=0.035, a39=0.035]
  s=  355 a= 28 r= -3.4172 cum=   -227.10 v=-91.5087 top5=[a12=0.079, a44=0.047, a38=0.036, a6=0.035, a39=0.035]
  s=  356 a= 21 r= -3.4165 cum=   -230.51 v=-91.3846 top5=[a12=0.079, a44=0.047, a38=0.036, a6=0.035, a39=0.035]
  s=  357 a= 29 r= -3.4159 cum=   -233.93 v=-91.2614 top5=[a12=0.079, a44=0.047, a38=0.036, a6=0.035, a39=0.035]
  s=  358 a= 27 r= -3.4153 cum=   -237.35 v=-91.1390 top5=[a12=0.079, a44=0.047, a38=0.036, a6=0.035, a39=0.035]
  s=  359 a=  3 r= -3.4147 cum=   -240.76 v=-91.0174 top5=[a12=0.079, a44=0.047, a38=0.036, a6=0.035, a39=0.035]
  s=  360 a=  8 r= -3.4141 cum=   -244.17 v=-90.8967 top5=[a12=0.079, a44=0.047, a38=0.036, a6=0.035, a39=0.035]
  s=  361 a=  2 r= -3.4135 cum=   -247.59 v=-90.7767 top5=[a12=0.079, a44=0.047, a38=0.036, a6=0.035, a39=0.035]
  s=  362 a= 22 r= -5.7846 cum=   -253.37 v=-90.6571 top5=[a12=0.078, a44=0.047, a38=0.036, a6=0.035, a39=0.035]
  s=  363 a=  4 r= -3.4073 cum=   -256.78 v=-90.5382 top5=[a12=0.078, a44=0.047, a38=0.036, a6=0.035, a39=0.034]
  s=  364 a=  9 r= -3.4067 cum=   -260.19 v=-90.4203 top5=[a12=0.078, a44=0.047, a38=0.036, a6=0.035, a39=0.034]
  s=  365 a= 24 r= -3.4062 cum=   -263.59 v=-90.3036 top5=[a12=0.078, a44=0.047, a38=0.036, a6=0.035, a39=0.034]
  s=  366 a= 29 r= -3.4056 cum=   -267.00 v=-90.1877 top5=[a12=0.078, a44=0.047, a38=0.035, a6=0.035, a39=0.034]
  s=  367 a= 38 r= -1.0965 cum=   -268.10 v=-90.0726 top5=[a12=0.078, a44=0.047, a38=0.035, a6=0.035, a39=0.034]
  s=  368 a=  3 r= -3.4059 cum=   -271.50 v=-89.6954 top5=[a12=0.080, a44=0.048, a38=0.035, a39=0.035, a6=0.034]
  s=  369 a= 40 r= -3.4054 cum=   -274.91 v=-89.5819 top5=[a12=0.080, a44=0.048, a38=0.035, a39=0.035, a6=0.034]
  s=  370 a= 39 r= -5.7709 cum=   -280.68 v=-89.4692 top5=[a12=0.080, a44=0.048, a38=0.035, a39=0.035, a6=0.034]
    state: year=0 month=3 season=0 money=82000 credit=0 people=28 busy=0 free=28 home_places=50 need_workers=0 tax_due=0 main_tax_due=0 tax_amount=5106 main_tax_amount=0 days_alive=0 stage=0 res0=0 res1=0 res2=0 res3=0 res4=0 res5=0 res6=0 res7=0 res8=0 | nw=1532000.0000
  >>> Ep 3: reward=-280.68, steps=371
  >>> final: year=0 month=3 season=0 money=82000 credit=0 people=28 busy=0 free=28 home_places=50 need_workers=0 tax_due=0 main_tax_due=0 tax_amount=5106 main_tax_amount=0 days_alive=0 stage=0 res0=0 res1=0 res2=0 res3=0 res4=0 res5=0 res6=0 res7=0 res8=0 | nw=1532000.0000
