======================================================================
EPISODE 1
======================================================================
init: year=0 month=3 season=0 money=82000 credit=0 people=28 busy=0 free=28 home_places=50 need_workers=0 tax_due=0 main_tax_due=0 tax_amount=5106 main_tax_amount=0 days_alive=0 stage=0 res0=0 res1=0 res2=0 res3=0 res4=0 res5=0 res6=0 res7=0 res8=0 | nw=1532000.0000
  s=    0 a= 25(BUILD:SuperHouse) r= -0.8485 cum=     -0.85 v= -0.4306 top5=[a9=0.098, a32=0.060, a21=0.051, a6=0.045, a4=0.042] [BUILD: SuperHouse]
    OBS: year=0 month=3 season=0 money=82000 credit=0 people=28 busy=0 free=28 home_places=50 need_workers=0 tax_due=0 main_tax_due=0 tax_amount=5106 main_tax_amount=0 days_alive=1 stage=0 res0=0 res1=0 res2=0 res3=0 res4=0 res5=0 res6=0 res7=0 res8=0 | nw=1532000.0000
  s=    1 a=  8(BUILD:Coalmine) r= -0.8542 cum=     -1.70 v= -0.1552 top5=[a9=0.036, a32=0.032, a27=0.028, a12=0.028, a21=0.027] [BUILD: Coalmine]
    OBS: year=0 month=3 season=0 money=82000 credit=0 people=28 busy=0 free=28 home_places=50 need_workers=0 tax_due=0 main_tax_due=0 tax_amount=5106 main_tax_amount=0 days_alive=2 stage=0 res0=0 res1=0 res2=0 res3=0 res4=0 res5=0 res6=0 res7=0 res8=0 | nw=1532000.0000
  s=    2 a= 38(MANAGER:4) r= -0.9137 cum=     -2.62 v= -0.1150 top5=[a9=0.032, a32=0.030, a27=0.026, a12=0.026, a21=0.025]
    OBS: year=0 month=3 season=0 money=82000 credit=0 people=28 busy=0 free=28 home_places=50 need_workers=0 tax_due=0 main_tax_due=0 tax_amount=5106 main_tax_amount=0 days_alive=3 stage=0 res0=0 res1=0 res2=0 res3=0 res4=0 res5=0 res6=0 res7=0 res8=0 | nw=1532000.0000
  s=    3 a= 43(MANAGER:9) r= -0.9694 cum=     -3.59 v= -0.0952 top5=[a9=0.030, a32=0.028, a27=0.026, a12=0.026, a21=0.025]
    OBS: year=0 month=3 season=0 money=82000 credit=0 people=28 busy=0 free=28 home_places=50 need_workers=0 tax_due=0 main_tax_due=0 tax_amount=5106 main_tax_amount=0 days_alive=4 stage=0 res0=0 res1=0 res2=0 res3=0 res4=0 res5=0 res6=0 res7=0 res8=0 | nw=1532000.0000
  s=    4 a= 25(BUILD:SuperHouse) r= -1.0187 cum=     -4.60 v= -0.0811 top5=[a9=0.029, a32=0.028, a27=0.025, a12=0.025, a21=0.024] [BUILD FAILED: SuperHouse money=82000 free=28]
    OBS: year=0 month=3 season=0 money=82000 credit=0 people=28 busy=0 free=28 home_places=50 need_workers=0 tax_due=0 main_tax_due=0 tax_amount=5106 main_tax_amount=0 days_alive=5 stage=0 res0=0 res1=0 res2=0 res3=0 res4=0 res5=0 res6=0 res7=0 res8=0 | nw=1532000.0000
  s=    5 a= 35(MANAGER:1) r= -1.0623 cum=     -5.67 v= -0.0697 top5=[a9=0.029, a32=0.027, a27=0.025, a12=0.025, a21=0.024]
    OBS: year=0 month=3 season=0 money=82000 credit=0 people=28 busy=0 free=28 home_places=50 need_workers=0 tax_due=0 main_tax_due=0 tax_amount=5106 main_tax_amount=0 days_alive=6 stage=0 res0=0 res1=0 res2=0 res3=0 res4=0 res5=0 res6=0 res7=0 res8=0 | nw=1532000.0000
  s=    6 a=  7(BUILD:Sawmill) r= -1.1009 cum=     -6.77 v= -0.0608 top5=[a9=0.028, a32=0.027, a27=0.025, a12=0.024, a21=0.024] [BUILD FAILED: Sawmill money=82000 free=28]
    OBS: year=0 month=3 season=0 money=82000 credit=0 people=28 busy=0 free=28 home_places=50 need_workers=0 tax_due=0 main_tax_due=0 tax_amount=5106 main_tax_amount=0 days_alive=7 stage=0 res0=0 res1=0 res2=0 res3=0 res4=0 res5=0 res6=0 res7=0 res8=0 | nw=1532000.0000
  s=    7 a= 27(BUILD:WaterMill) r= -1.1354 cum=     -7.90 v= -0.0531 top5=[a9=0.028, a32=0.026, a27=0.024, a12=0.024, a38=0.024] [BUILD FAILED: WaterMill money=82000 free=28]
    OBS: year=0 month=3 season=0 money=82000 credit=0 people=28 busy=0 free=28 home_places=50 need_workers=0 tax_due=0 main_tax_due=0 tax_amount=5106 main_tax_amount=0 days_alive=8 stage=0 res0=0 res1=0 res2=0 res3=0 res4=0 res5=0 res6=0 res7=0 res8=0 | nw=1532000.0000
  s=    8 a= 26(BUILD:BigSawmill) r= -1.1665 cum=     -9.07 v= -0.0465 top5=[a9=0.028, a32=0.026, a27=0.024, a12=0.024, a38=0.024] [BUILD FAILED: BigSawmill money=82000 free=28]
    OBS: year=0 month=3 season=0 money=82000 credit=0 people=28 busy=0 free=28 home_places=50 need_workers=0 tax_due=0 main_tax_due=0 tax_amount=5106 main_tax_amount=0 days_alive=9 stage=0 res0=0 res1=0 res2=0 res3=0 res4=0 res5=0 res6=0 res7=0 res8=0 | nw=1532000.0000
  s=    9 a=  7(BUILD:Sawmill) r= -1.1947 cum=    -10.26 v= -0.0432 top5=[a9=0.028, a32=0.026, a27=0.024, a38=0.024, a12=0.024] [BUILD FAILED: Sawmill money=82000 free=28]
    OBS: year=0 month=3 season=0 money=82000 credit=0 people=28 busy=0 free=28 home_places=50 need_workers=0 tax_due=0 main_tax_due=0 tax_amount=5106 main_tax_amount=0 days_alive=10 stage=0 res0=0 res1=0 res2=0 res3=0 res4=0 res5=0 res6=0 res7=0 res8=0 | nw=1532000.0000
  s=   10 a= 26(BUILD:BigSawmill) r= -1.2205 cum=    -11.48 v= -0.0407 top5=[a9=0.027, a32=0.025, a27=0.024, a38=0.024, a12=0.024] [BUILD FAILED: BigSawmill money=82000 free=28]
    OBS: year=0 month=3 season=0 money=82000 credit=0 people=28 busy=0 free=28 home_places=50 need_workers=0 tax_due=0 main_tax_due=0 tax_amount=5106 main_tax_amount=0 days_alive=11 stage=0 res0=0 res1=0 res2=0 res3=0 res4=0 res5=0 res6=0 res7=0 res8=0 | nw=1532000.0000
  s=   11 a= 11(BUILD:Goldmine) r= -1.2442 cum=    -12.73 v= -0.0394 top5=[a9=0.027, a32=0.025, a27=0.024, a38=0.024, a12=0.024] [BUILD FAILED: Goldmine money=82000 free=28]
    OBS: year=0 month=3 season=0 money=82000 credit=0 people=28 busy=0 free=28 home_places=50 need_workers=0 tax_due=0 main_tax_due=0 tax_amount=5106 main_tax_amount=0 days_alive=12 stage=0 res0=0 res1=0 res2=0 res3=0 res4=0 res5=0 res6=0 res7=0 res8=0 | nw=1532000.0000
  s=   12 a= 26(BUILD:BigSawmill) r= -1.2661 cum=    -14.00 v= -0.0393 top5=[a9=0.027, a32=0.025, a27=0.024, a38=0.024, a12=0.024] [BUILD FAILED: BigSawmill money=82000 free=28]
    OBS: year=0 month=3 season=0 money=82000 credit=0 people=28 busy=0 free=28 home_places=50 need_workers=0 tax_due=0 main_tax_due=0 tax_amount=5106 main_tax_amount=0 days_alive=13 stage=0 res0=0 res1=0 res2=0 res3=0 res4=0 res5=0 res6=0 res7=0 res8=0 | nw=1532000.0000
  s=   13 a= 11(BUILD:Goldmine) r= -1.2865 cum=    -15.28 v= -0.0395 top5=[a9=0.027, a32=0.025, a27=0.024, a38=0.024, a12=0.024] [BUILD FAILED: Goldmine money=82000 free=28]
    OBS: year=0 month=3 season=0 money=82000 credit=0 people=28 busy=0 free=28 home_places=50 need_workers=0 tax_due=0 main_tax_due=0 tax_amount=5106 main_tax_amount=0 days_alive=14 stage=0 res0=0 res1=0 res2=0 res3=0 res4=0 res5=0 res6=0 res7=0 res8=0 | nw=1532000.0000
  s=   14 a=  4(BUILD:Garden) r= +0.1587 cum=    -15.12 v= -0.0405 top5=[a9=0.027, a32=0.025, a27=0.024, a38=0.024, a26=0.024] [BUILD: Garden]
    OBS: year=0 month=3 season=0 money=82000 credit=0 people=28 busy=0 free=28 home_places=50 need_workers=0 tax_due=0 main_tax_due=0 tax_amount=5106 main_tax_amount=0 days_alive=15 stage=0 res0=0 res1=0 res2=0 res3=0 res4=0 res5=0 res6=0 res7=0 res8=0 | nw=1532000.0000
  s=   15 a= 26(BUILD:BigSawmill) r= -1.1601 cum=    -16.28 v= -0.0420 top5=[a9=0.027, a32=0.025, a26=0.024, a27=0.024, a38=0.024] [BUILD FAILED: BigSawmill money=82000 free=28]
    OBS: year=0 month=3 season=0 money=82000 credit=0 people=28 busy=0 free=28 home_places=50 need_workers=0 tax_due=0 main_tax_due=0 tax_amount=5106 main_tax_amount=0 days_alive=16 stage=0 res0=0 res1=0 res2=0 res3=0 res4=0 res5=0 res6=0 res7=0 res8=0 | nw=1532000.0000
  s=   16 a=  9(BUILD:Ironmine) r= -1.1847 cum=    -17.47 v= -0.0433 top5=[a9=0.027, a32=0.025, a26=0.024, a38=0.024, a27=0.024] [BUILD FAILED: Ironmine money=82000 free=28]
    OBS: year=0 month=3 season=0 money=82000 credit=0 people=28 busy=0 free=28 home_places=50 need_workers=0 tax_due=0 main_tax_due=0 tax_amount=5106 main_tax_amount=0 days_alive=17 stage=0 res0=0 res1=0 res2=0 res3=0 res4=0 res5=0 res6=0 res7=0 res8=0 | nw=1532000.0000
  s=   17 a= 17(BUILD:HuntingLand) r= -1.2075 cum=    -18.68 v= -0.0450 top5=[a9=0.027, a32=0.025, a26=0.024, a38=0.024, a27=0.024] [BUILD FAILED: HuntingLand money=82000 free=28]
    OBS: year=0 month=3 season=0 money=82000 credit=0 people=28 busy=0 free=28 home_places=50 need_workers=0 tax_due=0 main_tax_due=0 tax_amount=5106 main_tax_amount=0 days_alive=18 stage=0 res0=0 res1=0 res2=0 res3=0 res4=0 res5=0 res6=0 res7=0 res8=0 | nw=1532000.0000
  s=   18 a= 17(BUILD:HuntingLand) r= -1.2286 cum=    -19.90 v= -0.0465 top5=[a9=0.027, a32=0.025, a26=0.024, a38=0.024, a6=0.024] [BUILD FAILED: HuntingLand money=82000 free=28]
    OBS: year=0 month=3 season=0 money=82000 credit=0 people=28 busy=0 free=28 home_places=50 need_workers=0 tax_due=0 main_tax_due=0 tax_amount=5106 main_tax_amount=0 days_alive=19 stage=0 res0=0 res1=0 res2=0 res3=0 res4=0 res5=0 res6=0 res7=0 res8=0 | nw=1532000.0000
  s=   19 a= 39(MANAGER:5) r= -1.2482 cum=    -21.15 v= -0.0470 top5=[a9=0.027, a32=0.025, a26=0.024, a38=0.024, a6=0.024]
    OBS: year=0 month=3 season=0 money=82000 credit=0 people=28 busy=0 free=28 home_places=50 need_workers=0 tax_due=0 main_tax_due=0 tax_amount=5106 main_tax_amount=0 days_alive=20 stage=0 res0=0 res1=0 res2=0 res3=0 res4=0 res5=0 res6=0 res7=0 res8=0 | nw=1532000.0000
  s=   20 a=  9(BUILD:Ironmine) r= -1.2664 cum=    -22.42 v= -0.0472 top5=[a9=0.027, a32=0.025, a26=0.024, a38=0.024, a6=0.024] [BUILD FAILED: Ironmine money=82000 free=28]
    OBS: year=0 month=3 season=0 money=82000 credit=0 people=28 busy=0 free=28 home_places=50 need_workers=0 tax_due=0 main_tax_due=0 tax_amount=5106 main_tax_amount=0 days_alive=21 stage=0 res0=0 res1=0 res2=0 res3=0 res4=0 res5=0 res6=0 res7=0 res8=0 | nw=1532000.0000
  s=   21 a= 25(BUILD:SuperHouse) r= -1.2833 cum=    -23.70 v= -0.0473 top5=[a9=0.027, a32=0.025, a26=0.024, a15=0.024, a6=0.024] [BUILD FAILED: SuperHouse money=82000 free=28]
    OBS: year=0 month=3 season=0 money=82000 credit=0 people=28 busy=0 free=28 home_places=50 need_workers=0 tax_due=0 main_tax_due=0 tax_amount=5106 main_tax_amount=0 days_alive=22 stage=0 res0=0 res1=0 res2=0 res3=0 res4=0 res5=0 res6=0 res7=0 res8=0 | nw=1532000.0000
  s=   22 a=  4(BUILD:Garden) r= -0.5096 cum=    -24.21 v= -0.0474 top5=[a9=0.027, a32=0.025, a26=0.025, a15=0.024, a6=0.024] [BUILD: Garden]
    OBS: year=0 month=3 season=0 money=82000 credit=0 people=28 busy=0 free=28 home_places=50 need_workers=0 tax_due=0 main_tax_due=0 tax_amount=5106 main_tax_amount=0 days_alive=23 stage=0 res0=0 res1=0 res2=0 res3=0 res4=0 res5=0 res6=0 res7=0 res8=0 | nw=1532000.0000
  s=   23 a= 11(BUILD:Goldmine) r= -1.2984 cum=    -25.51 v= -0.0475 top5=[a9=0.027, a26=0.025, a32=0.025, a15=0.024, a6=0.024] [BUILD FAILED: Goldmine money=82000 free=28]
    OBS: year=0 month=3 season=0 money=82000 credit=0 people=28 busy=0 free=28 home_places=50 need_workers=0 tax_due=0 main_tax_due=0 tax_amount=5106 main_tax_amount=0 days_alive=24 stage=0 res0=0 res1=0 res2=0 res3=0 res4=0 res5=0 res6=0 res7=0 res8=0 | nw=1532000.0000
  s=   24 a=  1(WEEK) r= +0.8742 cum=    -24.64 v= -0.0472 top5=[a9=0.026, a26=0.025, a32=0.025, a15=0.024, a6=0.024]
    OBS: year=0 month=4 season=0 money=82000 credit=0 people=28 busy=0 free=28 home_places=50 need_workers=0 tax_due=0 main_tax_due=0 tax_amount=5106 main_tax_amount=0 days_alive=31 stage=0 res0=0 res1=0 res2=0 res3=0 res4=0 res5=0 res6=0 res7=0 res8=0 | nw=1532000.0000
  s=   25 a=  1(WEEK) r= +0.7023 cum=    -23.93 v= -0.0668 top5=[a32=0.025, a34=0.025, a12=0.025, a21=0.024, a6=0.024]
    OBS: year=0 month=4 season=0 money=82000 credit=0 people=28 busy=0 free=28 home_places=50 need_workers=0 tax_due=0 main_tax_due=0 tax_amount=5106 main_tax_amount=0 days_alive=38 stage=0 res0=0 res1=0 res2=0 res3=0 res4=0 res5=0 res6=0 res7=0 res8=0 | nw=1532000.0000
  s=   26 a= 35(MANAGER:1) r= -0.9456 cum=    -24.88 v= -0.0456 top5=[a32=0.025, a9=0.024, a27=0.024, a12=0.024, a34=0.024]
    OBS: year=0 month=4 season=0 money=82000 credit=0 people=28 busy=0 free=28 home_places=50 need_workers=0 tax_due=0 main_tax_due=0 tax_amount=5106 main_tax_amount=0 days_alive=39 stage=0 res0=0 res1=0 res2=0 res3=0 res4=0 res5=0 res6=0 res7=0 res8=0 | nw=1532000.0000
  s=   27 a= 22(BUILD:Apiary) r=+10.0000 cum=    -14.88 v= -0.0402 top5=[a32=0.025, a9=0.024, a27=0.024, a12=0.024, a34=0.023] [BUILD: Apiary]
    OBS: year=0 month=4 season=0 money=72615 credit=0 people=28 busy=0 free=28 home_places=50 need_workers=0 tax_due=0 main_tax_due=0 tax_amount=5526 main_tax_amount=0 days_alive=40 stage=0 res0=0 res1=0 res2=0 res3=0 res4=0 res5=0 res6=0 res7=0 res8=0 Apiary=1 | nw=1532000.0000
  s=   28 a= 35(MANAGER:1) r= -0.2937 cum=    -15.17 v= -0.5042 top5=[a32=0.031, a4=0.030, a23=0.029, a35=0.027, a12=0.026]
    OBS: year=0 month=4 season=0 money=72615 credit=0 people=28 busy=0 free=28 home_places=50 need_workers=0 tax_due=0 main_tax_due=0 tax_amount=5526 main_tax_amount=0 days_alive=41 stage=0 res0=0 res1=0 res2=0 res3=0 res4=0 res5=0 res6=0 res7=0 res8=0 Apiary=1 | nw=1532000.0000
  s=   29 a=  0(DAY) r= -4.7753 cum=    -19.95 v= -0.3477 top5=[a32=0.029, a4=0.028, a23=0.028, a12=0.026, a35=0.026]
    OBS: year=0 month=4 season=0 money=72615 credit=0 people=28 busy=0 free=28 home_places=50 need_workers=0 tax_due=0 main_tax_due=0 tax_amount=5526 main_tax_amount=0 days_alive=42 stage=0 res0=0 res1=0 res2=0 res3=0 res4=0 res5=0 res6=0 res7=0 res8=0 Apiary=1 | nw=1532000.0000
  s=   30 a= 27(BUILD:WaterMill) r= -0.2838 cum=    -20.23 v= -0.2784 top5=[a32=0.028, a4=0.027, a23=0.027, a12=0.025, a40=0.025] [BUILD: WaterMill]
    OBS: year=0 month=4 season=0 money=72615 credit=0 people=28 busy=0 free=28 home_places=50 need_workers=0 tax_due=0 main_tax_due=0 tax_amount=5526 main_tax_amount=0 days_alive=43 stage=0 res0=0 res1=0 res2=0 res3=0 res4=0 res5=0 res6=0 res7=0 res8=0 Apiary=1 | nw=1532000.0000
  s=   31 a= 11(BUILD:Goldmine) r= -0.2880 cum=    -20.52 v= -0.2352 top5=[a32=0.027, a4=0.026, a23=0.026, a12=0.025, a40=0.025] [BUILD: Goldmine]
    OBS: year=0 month=4 season=0 money=72615 credit=0 people=28 busy=0 free=28 home_places=50 need_workers=0 tax_due=0 main_tax_due=0 tax_amount=5526 main_tax_amount=0 days_alive=44 stage=0 res0=0 res1=0 res2=0 res3=0 res4=0 res5=0 res6=0 res7=0 res8=0 Apiary=1 | nw=1532000.0000
  s=   32 a= 18(BUILD:CowFarm) r= +4.8711 cum=    -15.65 v= -0.2064 top5=[a32=0.027, a4=0.026, a23=0.025, a40=0.025, a12=0.025] [BUILD: CowFarm]
    OBS: year=0 month=4 season=0 money=40613 credit=0 people=28 busy=0 free=28 home_places=50 need_workers=0 tax_due=0 main_tax_due=0 tax_amount=5946 main_tax_amount=0 days_alive=45 stage=0 res0=0 res1=0 res2=0 res3=0 res4=0 res5=0 res6=0 res7=0 res8=0 CowFarm=1 Apiary=1 | nw=1532000.0000
  s=   33 a=  8(BUILD:Coalmine) r= -0.2703 cum=    -15.92 v= -0.2400 top5=[a40=0.031, a23=0.031, a35=0.028, a4=0.028, a12=0.028] [BUILD: Coalmine]
    OBS: year=0 month=4 season=0 money=40613 credit=0 people=28 busy=0 free=28 home_places=50 need_workers=0 tax_due=0 main_tax_due=0 tax_amount=5946 main_tax_amount=0 days_alive=46 stage=0 res0=0 res1=0 res2=0 res3=0 res4=0 res5=0 res6=0 res7=0 res8=0 CowFarm=1 Apiary=1 | nw=1532000.0000
  s=   34 a= 18(BUILD:CowFarm) r= +1.4265 cum=    -14.49 v= -0.1971 top5=[a40=0.028, a23=0.028, a4=0.027, a35=0.026, a12=0.026] [BUILD: CowFarm]
    OBS: year=0 month=4 season=0 money=8611 credit=0 people=28 busy=0 free=28 home_places=50 need_workers=0 tax_due=0 main_tax_due=0 tax_amount=6366 main_tax_amount=0 days_alive=47 stage=0 res0=0 res1=0 res2=0 res3=0 res4=0 res5=0 res6=0 res7=0 res8=0 CowFarm=2 Apiary=1 | nw=1532000.0000
  s=   35 a= 23(BUILD:Torchlight) r= -0.2752 cum=    -14.77 v= -0.2309 top5=[a40=0.032, a23=0.029, a8=0.029, a12=0.028, a4=0.028] [BUILD: Torchlight]
    OBS: year=0 month=4 season=0 money=8611 credit=0 people=28 busy=0 free=28 home_places=50 need_workers=0 tax_due=0 main_tax_due=0 tax_amount=6366 main_tax_amount=0 days_alive=48 stage=0 res0=0 res1=0 res2=0 res3=0 res4=0 res5=0 res6=0 res7=0 res8=0 CowFarm=2 Apiary=1 | nw=1532000.0000
  s=   36 a= 15(BUILD:Fish) r= -0.2789 cum=    -15.05 v= -0.1863 top5=[a40=0.030, a8=0.028, a23=0.027, a32=0.027, a4=0.026] [BUILD: Fish]
    OBS: year=0 month=4 season=0 money=8611 credit=0 people=28 busy=0 free=28 home_places=50 need_workers=0 tax_due=0 main_tax_due=0 tax_amount=6366 main_tax_amount=0 days_alive=49 stage=0 res0=0 res1=0 res2=0 res3=0 res4=0 res5=0 res6=0 res7=0 res8=0 CowFarm=2 Apiary=1 | nw=1532000.0000
  s=   37 a=  1(WEEK) r= +0.1884 cum=    -14.86 v= -0.1640 top5=[a40=0.028, a32=0.027, a8=0.027, a23=0.026, a4=0.026]
    OBS: year=0 month=4 season=0 money=8611 credit=0 people=28 busy=0 free=28 home_places=50 need_workers=0 tax_due=0 main_tax_due=0 tax_amount=6366 main_tax_amount=0 days_alive=56 stage=0 res0=0 res1=0 res2=0 res3=0 res4=0 res5=0 res6=0 res7=0 res8=0 CowFarm=2 Apiary=1 | nw=1532000.0000
  s=   38 a= 30(BUILD:BigIronmine) r= -0.2859 cum=    -15.14 v= -0.1448 top5=[a32=0.028, a40=0.027, a8=0.026, a35=0.026, a0=0.026] [BUILD: BigIronmine]
    OBS: year=0 month=4 season=0 money=8611 credit=0 people=28 busy=0 free=28 home_places=50 need_workers=0 tax_due=0 main_tax_due=0 tax_amount=6366 main_tax_amount=0 days_alive=57 stage=0 res0=0 res1=0 res2=0 res3=0 res4=0 res5=0 res6=0 res7=0 res8=0 CowFarm=2 Apiary=1 | nw=1532000.0000
  s=   39 a= 31(BUILD:AirStation) r= -0.2894 cum=    -15.43 v= -0.1373 top5=[a32=0.028, a40=0.027, a8=0.026, a0=0.026, a35=0.026] [BUILD: AirStation]
    OBS: year=0 month=4 season=0 money=8611 credit=0 people=28 busy=0 free=28 home_places=50 need_workers=0 tax_due=0 main_tax_due=0 tax_amount=6366 main_tax_amount=0 days_alive=58 stage=0 res0=0 res1=0 res2=0 res3=0 res4=0 res5=0 res6=0 res7=0 res8=0 CowFarm=2 Apiary=1 | nw=1532000.0000
  s=   40 a= 22(BUILD:Apiary) r= -0.2929 cum=    -15.73 v= -0.1331 top5=[a32=0.028, a40=0.026, a0=0.026, a35=0.025, a8=0.025] [BUILD: Apiary]
    OBS: year=0 month=4 season=0 money=8611 credit=0 people=28 busy=0 free=28 home_places=50 need_workers=0 tax_due=0 main_tax_due=0 tax_amount=6366 main_tax_amount=0 days_alive=59 stage=0 res0=0 res1=0 res2=0 res3=0 res4=0 res5=0 res6=0 res7=0 res8=0 CowFarm=2 Apiary=1 | nw=1532000.0000
  s=   41 a= 26(BUILD:BigSawmill) r= -0.2964 cum=    -16.02 v= -0.1304 top5=[a32=0.028, a40=0.026, a0=0.026, a35=0.025, a8=0.025] [BUILD: BigSawmill]
    OBS: year=0 month=4 season=0 money=8611 credit=0 people=28 busy=0 free=28 home_places=50 need_workers=0 tax_due=0 main_tax_due=0 tax_amount=6366 main_tax_amount=0 days_alive=60 stage=0 res0=0 res1=0 res2=0 res3=0 res4=0 res5=0 res6=0 res7=0 res8=0 CowFarm=2 Apiary=1 | nw=1532000.0000
  s=   42 a= 33(BUILD:AtomStation) r= -0.2998 cum=    -16.32 v= -0.1283 top5=[a32=0.028, a40=0.025, a0=0.025, a35=0.025, a26=0.025] [BUILD: AtomStation]
    OBS: year=0 month=5 season=0 money=8611 credit=0 people=28 busy=0 free=28 home_places=50 need_workers=0 tax_due=0 main_tax_due=0 tax_amount=6366 main_tax_amount=0 days_alive=61 stage=0 res0=0 res1=0 res2=0 res3=0 res4=0 res5=0 res6=0 res7=0 res8=0 CowFarm=2 Apiary=1 | nw=1532000.0000
  s=   43 a= 25(BUILD:SuperHouse) r= -0.3032 cum=    -16.63 v= -0.1872 top5=[a32=0.028, a12=0.026, a27=0.026, a8=0.026, a40=0.025] [BUILD: SuperHouse]
    OBS: year=0 month=5 season=0 money=8611 credit=0 people=28 busy=0 free=28 home_places=50 need_workers=0 tax_due=0 main_tax_due=0 tax_amount=6366 main_tax_amount=0 days_alive=62 stage=0 res0=0 res1=0 res2=0 res3=0 res4=0 res5=0 res6=0 res7=0 res8=0 CowFarm=2 Apiary=1 | nw=1532000.0000
  s=   44 a= 22(BUILD:Apiary) r= -0.3066 cum=    -16.93 v= -0.1786 top5=[a32=0.028, a12=0.026, a27=0.026, a8=0.025, a40=0.025] [BUILD: Apiary]
    OBS: year=0 month=5 season=0 money=8611 credit=0 people=28 busy=0 free=28 home_places=50 need_workers=0 tax_due=0 main_tax_due=0 tax_amount=6366 main_tax_amount=0 days_alive=63 stage=0 res0=0 res1=0 res2=0 res3=0 res4=0 res5=0 res6=0 res7=0 res8=0 CowFarm=2 Apiary=1 | nw=1532000.0000
  s=   45 a= 12(BUILD:PowerStation) r= +2.5433 cum=    -14.39 v= -0.1706 top5=[a32=0.028, a12=0.026, a27=0.025, a8=0.025, a40=0.025] [BUILD: PowerStation]
    OBS: year=0 month=5 season=0 money=8211 credit=0 people=28 busy=0 free=28 home_places=50 need_workers=5 tax_due=0 main_tax_due=0 tax_amount=6366 main_tax_amount=0 days_alive=64 stage=0 res0=0 res1=0 res2=0 res3=0 res4=0 res5=0 res6=0 res7=0 res8=0 Road=1 CowFarm=2 Apiary=1 | nw=1532000.0000
  s=   46 a= 27(BUILD:WaterMill) r= -0.3090 cum=    -14.70 v= -0.1593 top5=[a32=0.035, a5=0.028, a7=0.027, a12=0.027, a27=0.027] [BUILD: WaterMill]
    OBS: year=0 month=5 season=0 money=8211 credit=0 people=28 busy=0 free=28 home_places=50 need_workers=5 tax_due=0 main_tax_due=0 tax_amount=6366 main_tax_amount=0 days_alive=65 stage=0 res0=0 res1=0 res2=0 res3=0 res4=0 res5=0 res6=0 res7=0 res8=0 Road=1 CowFarm=2 Apiary=1 | nw=1531994.1988
  s=   47 a= 21(BUILD:BigFarm) r= +0.0356 cum=    -14.66 v= -0.5142 top5=[a6=0.048, a32=0.042, a26=0.036, a5=0.034, a27=0.028] [BUILD: BigFarm]
    OBS: year=0 month=5 season=0 money=8211 credit=0 people=28 busy=0 free=28 home_places=50 need_workers=5 tax_due=0 main_tax_due=0 tax_amount=6366 main_tax_amount=0 days_alive=66 stage=0 res0=0 res1=0 res2=0 res3=0 res4=0 res5=0 res6=0 res7=0 res8=0 Road=1 CowFarm=2 Apiary=1 | nw=1531990.3314
  s=   48 a= 37(MANAGER:3) r= -4.1831 cum=    -18.85 v= -0.4125 top5=[a6=0.039, a32=0.039, a26=0.033, a5=0.030, a27=0.028]
    OBS: year=0 month=5 season=0 money=9149 credit=0 people=28 busy=0 free=28 home_places=50 need_workers=0 tax_due=0 main_tax_due=0 tax_amount=5946 main_tax_amount=0 days_alive=67 stage=0 res0=0 res1=0 res2=0 res3=0 res4=0 res5=0 res6=0 res7=0 res8=0 Road=1 CowFarm=2 | nw=1523553.0000
  s=   49 a=  4(BUILD:Garden) r= -0.1190 cum=    -18.96 v= -0.1761 top5=[a32=0.027, a4=0.026, a26=0.025, a8=0.024, a12=0.024] [BUILD: Garden]
    OBS: year=0 month=5 season=0 money=9149 credit=0 people=28 busy=0 free=28 home_places=50 need_workers=0 tax_due=0 main_tax_due=0 tax_amount=5946 main_tax_amount=0 days_alive=68 stage=0 res0=0 res1=0 res2=0 res3=0 res4=0 res5=0 res6=0 res7=0 res8=0 Road=1 CowFarm=2 | nw=1523553.0000
  s=   50 a=  7(BUILD:Sawmill) r= -0.3063 cum=    -19.27 v= -0.1660 top5=[a32=0.027, a4=0.026, a26=0.025, a8=0.024, a12=0.024] [BUILD: Sawmill]
    OBS: year=0 month=5 season=0 money=9149 credit=0 people=28 busy=0 free=28 home_places=50 need_workers=0 tax_due=0 main_tax_due=0 tax_amount=5946 main_tax_amount=0 days_alive=69 stage=0 res0=0 res1=0 res2=0 res3=0 res4=0 res5=0 res6=0 res7=0 res8=0 Road=1 CowFarm=2 | nw=1523553.0000
  s=   51 a= 23(BUILD:Torchlight) r= -0.3093 cum=    -19.58 v= -0.1566 top5=[a32=0.027, a4=0.025, a26=0.025, a8=0.024, a12=0.024] [BUILD: Torchlight]
    OBS: year=0 month=5 season=0 money=9149 credit=0 people=28 busy=0 free=28 home_places=50 need_workers=0 tax_due=0 main_tax_due=0 tax_amount=5946 main_tax_amount=0 days_alive=70 stage=0 res0=0 res1=0 res2=0 res3=0 res4=0 res5=0 res6=0 res7=0 res8=0 Road=1 CowFarm=2 | nw=1523553.0000
  s=   52 a=  3(BUILD:Farm) r= +5.2029 cum=    -14.38 v= -0.1224 top5=[a32=0.027, a4=0.025, a26=0.025, a22=0.024, a40=0.024] [BUILD: Farm]
    OBS: year=0 month=5 season=0 money=1509 credit=0 people=28 busy=0 free=28 home_places=50 need_workers=0 tax_due=0 main_tax_due=0 tax_amount=6366 main_tax_amount=0 days_alive=71 stage=0 res0=0 res1=0 res2=0 res3=0 res4=0 res5=0 res6=0 res7=0 res8=0 Garden=1 Road=1 CowFarm=2 | nw=1523553.0000
  s=   53 a=  6(BUILD:SmallHouse) r= -0.2935 cum=    -14.67 v= -0.1293 top5=[a40=0.027, a12=0.026, a32=0.026, a27=0.026, a23=0.025] [BUILD: SmallHouse]
    OBS: year=0 month=5 season=0 money=1509 credit=0 people=28 busy=0 free=28 home_places=50 need_workers=0 tax_due=0 main_tax_due=0 tax_amount=6366 main_tax_amount=0 days_alive=72 stage=0 res0=0 res1=0 res2=0 res3=0 res4=0 res5=0 res6=0 res7=0 res8=0 Garden=1 Road=1 CowFarm=2 | nw=1523553.0000
  s=   54 a= 32(BUILD:SmallAtomStation) r= -0.2961 cum=    -14.97 v= -0.1225 top5=[a40=0.026, a12=0.026, a32=0.026, a27=0.025, a4=0.025] [BUILD: SmallAtomStation]
    OBS: year=0 month=5 season=0 money=1509 credit=0 people=28 busy=0 free=28 home_places=50 need_workers=0 tax_due=0 main_tax_due=0 tax_amount=6366 main_tax_amount=0 days_alive=73 stage=0 res0=0 res1=0 res2=0 res3=0 res4=0 res5=0 res6=0 res7=0 res8=0 Garden=1 Road=1 CowFarm=2 | nw=1523553.0000
  s=   55 a= 27(BUILD:WaterMill) r= -0.2988 cum=    -15.27 v= -0.1170 top5=[a32=0.026, a40=0.026, a12=0.026, a27=0.025, a4=0.025] [BUILD: WaterMill]
    OBS: year=0 month=5 season=0 money=1509 credit=0 people=28 busy=0 free=28 home_places=50 need_workers=0 tax_due=0 main_tax_due=0 tax_amount=6366 main_tax_amount=0 days_alive=74 stage=0 res0=0 res1=0 res2=0 res3=0 res4=0 res5=0 res6=0 res7=0 res8=0 Garden=1 Road=1 CowFarm=2 | nw=1523553.0000
  s=   56 a= 36(MANAGER:2) r= -0.3014 cum=    -15.57 v= -0.1123 top5=[a32=0.026, a40=0.026, a12=0.025, a27=0.025, a4=0.025]
    OBS: year=0 month=5 season=0 money=1509 credit=0 people=28 busy=0 free=28 home_places=50 need_workers=0 tax_due=0 main_tax_due=0 tax_amount=6366 main_tax_amount=0 days_alive=75 stage=0 res0=0 res1=0 res2=0 res3=0 res4=0 res5=0 res6=0 res7=0 res8=0 Garden=1 Road=1 CowFarm=2 | nw=1523553.0000
  s=   57 a= 39(MANAGER:5) r= -0.3040 cum=    -15.87 v= -0.1084 top5=[a32=0.026, a40=0.025, a12=0.025, a4=0.025, a8=0.025]
    OBS: year=0 month=5 season=0 money=1509 credit=0 people=28 busy=0 free=28 home_places=50 need_workers=0 tax_due=0 main_tax_due=0 tax_amount=6366 main_tax_amount=0 days_alive=76 stage=0 res0=0 res1=0 res2=0 res3=0 res4=0 res5=0 res6=0 res7=0 res8=0 Garden=1 Road=1 CowFarm=2 | nw=1523553.0000
  s=   58 a= 35(MANAGER:1) r= -0.3065 cum=    -16.18 v= -0.1053 top5=[a32=0.026, a40=0.025, a12=0.025, a4=0.025, a8=0.025]
    OBS: year=0 month=5 season=0 money=1509 credit=0 people=28 busy=0 free=28 home_places=50 need_workers=0 tax_due=0 main_tax_due=0 tax_amount=6366 main_tax_amount=0 days_alive=77 stage=0 res0=0 res1=0 res2=0 res3=0 res4=0 res5=0 res6=0 res7=0 res8=0 Garden=1 Road=1 CowFarm=2 | nw=1523553.0000
  s=   59 a=  6(BUILD:SmallHouse) r= -0.3091 cum=    -16.49 v= -0.1051 top5=[a32=0.026, a40=0.025, a12=0.025, a26=0.025, a4=0.025] [BUILD: SmallHouse]
    OBS: year=0 month=5 season=0 money=1509 credit=0 people=28 busy=0 free=28 home_places=50 need_workers=0 tax_due=0 main_tax_due=0 tax_amount=6366 main_tax_amount=0 days_alive=78 stage=0 res0=0 res1=0 res2=0 res3=0 res4=0 res5=0 res6=0 res7=0 res8=0 Garden=1 Road=1 CowFarm=2 | nw=1523553.0000
  s=   60 a= 20(BUILD:BigHouse) r= -0.3116 cum=    -16.80 v= -0.1057 top5=[a32=0.026, a40=0.025, a26=0.025, a12=0.024, a6=0.024] [BUILD: BigHouse]
    OBS: year=0 month=5 season=0 money=1509 credit=0 people=28 busy=0 free=28 home_places=50 need_workers=0 tax_due=0 main_tax_due=0 tax_amount=6366 main_tax_amount=0 days_alive=79 stage=0 res0=0 res1=0 res2=0 res3=0 res4=0 res5=0 res6=0 res7=0 res8=0 Garden=1 Road=1 CowFarm=2 | nw=1523553.0000
  s=   61 a= 32(BUILD:SmallAtomStation) r= -0.3141 cum=    -17.11 v= -0.1042 top5=[a32=0.026, a40=0.025, a26=0.025, a6=0.024, a4=0.024] [BUILD: SmallAtomStation]
    OBS: year=0 month=5 season=0 money=1509 credit=0 people=28 busy=0 free=28 home_places=50 need_workers=0 tax_due=0 main_tax_due=0 tax_amount=6366 main_tax_amount=0 days_alive=80 stage=0 res0=0 res1=0 res2=0 res3=0 res4=0 res5=0 res6=0 res7=0 res8=0 Garden=1 Road=1 CowFarm=2 | nw=1523553.0000
  s=   62 a= 37(MANAGER:3) r= -0.3166 cum=    -17.43 v= -0.1027 top5=[a32=0.026, a26=0.025, a40=0.025, a6=0.024, a4=0.024]
    OBS: year=0 month=5 season=0 money=1509 credit=0 people=28 busy=0 free=28 home_places=50 need_workers=0 tax_due=0 main_tax_due=0 tax_amount=6366 main_tax_amount=0 days_alive=81 stage=0 res0=0 res1=0 res2=0 res3=0 res4=0 res5=0 res6=0 res7=0 res8=0 Garden=1 Road=1 CowFarm=2 | nw=1523553.0000
  s=   63 a=  2(BUILD:WaterChannel) r= +0.0388 cum=    -17.39 v= -0.1015 top5=[a32=0.026, a26=0.025, a6=0.024, a40=0.024, a35=0.024] [BUILD: WaterChannel]
    OBS: year=0 month=5 season=0 money=1509 credit=0 people=28 busy=0 free=28 home_places=50 need_workers=0 tax_due=0 main_tax_due=0 tax_amount=6366 main_tax_amount=0 days_alive=82 stage=0 res0=0 res1=0 res2=0 res3=0 res4=0 res5=0 res6=0 res7=0 res8=0 Garden=1 Road=1 CowFarm=2 | nw=1523553.0000
  s=   64 a=  4(BUILD:Garden) r= -0.3214 cum=    -17.71 v= -0.1006 top5=[a32=0.026, a26=0.025, a6=0.025, a0=0.024, a40=0.024] [BUILD: Garden]
    OBS: year=0 month=5 season=0 money=1509 credit=0 people=28 busy=0 free=28 home_places=50 need_workers=0 tax_due=0 main_tax_due=0 tax_amount=6366 main_tax_amount=0 days_alive=83 stage=0 res0=0 res1=0 res2=0 res3=0 res4=0 res5=0 res6=0 res7=0 res8=0 Garden=1 Road=1 CowFarm=2 | nw=1523553.0000
  s=   65 a= 13(BUILD:HydroStation) r= -0.3238 cum=    -18.04 v= -0.0999 top5=[a32=0.026, a26=0.025, a6=0.025, a0=0.024, a15=0.024] [BUILD: HydroStation]
    OBS: year=0 month=5 season=0 money=1509 credit=0 people=28 busy=0 free=28 home_places=50 need_workers=0 tax_due=0 main_tax_due=0 tax_amount=6366 main_tax_amount=0 days_alive=84 stage=0 res0=0 res1=0 res2=0 res3=0 res4=0 res5=0 res6=0 res7=0 res8=0 Garden=1 Road=1 CowFarm=2 | nw=1523553.0000
  s=   66 a= 15(BUILD:Fish) r= -0.3262 cum=    -18.36 v= -0.1005 top5=[a32=0.026, a26=0.025, a0=0.025, a6=0.025, a15=0.024] [BUILD: Fish]
    OBS: year=0 month=5 season=0 money=1509 credit=0 people=28 busy=0 free=28 home_places=50 need_workers=0 tax_due=0 main_tax_due=0 tax_amount=6366 main_tax_amount=0 days_alive=85 stage=0 res0=0 res1=0 res2=0 res3=0 res4=0 res5=0 res6=0 res7=0 res8=0 Garden=1 Road=1 CowFarm=2 | nw=1523553.0000
  s=   67 a= 35(MANAGER:1) r= -0.3286 cum=    -18.69 v= -0.1008 top5=[a32=0.026, a0=0.025, a26=0.025, a6=0.025, a15=0.024]
    OBS: year=0 month=5 season=0 money=1509 credit=0 people=28 busy=0 free=28 home_places=50 need_workers=0 tax_due=0 main_tax_due=0 tax_amount=6366 main_tax_amount=0 days_alive=86 stage=0 res0=0 res1=0 res2=0 res3=0 res4=0 res5=0 res6=0 res7=0 res8=0 Garden=1 Road=1 CowFarm=2 | nw=1523553.0000
  s=   68 a=  4(BUILD:Garden) r= -0.1298 cum=    -18.82 v= -0.1004 top5=[a32=0.026, a0=0.025, a26=0.025, a6=0.025, a15=0.025] [BUILD: Garden]
    OBS: year=0 month=5 season=0 money=1509 credit=0 people=28 busy=0 free=28 home_places=50 need_workers=0 tax_due=0 main_tax_due=0 tax_amount=6366 main_tax_amount=0 days_alive=87 stage=0 res0=0 res1=0 res2=0 res3=0 res4=0 res5=0 res6=0 res7=0 res8=0 Garden=1 Road=1 CowFarm=2 | nw=1523553.0000
  s=   69 a= 26(BUILD:BigSawmill) r= -0.3333 cum=    -19.15 v= -0.0989 top5=[a32=0.026, a0=0.025, a26=0.025, a6=0.025, a15=0.025] [BUILD: BigSawmill]
    OBS: year=0 month=5 season=0 money=1509 credit=0 people=28 busy=0 free=28 home_places=50 need_workers=0 tax_due=0 main_tax_due=0 tax_amount=6366 main_tax_amount=0 days_alive=88 stage=0 res0=0 res1=0 res2=0 res3=0 res4=0 res5=0 res6=0 res7=0 res8=0 Garden=1 Road=1 CowFarm=2 | nw=1523553.0000
  s=   70 a= 41(MANAGER:7) r= +0.0504 cum=    -19.10 v= -0.0977 top5=[a32=0.026, a0=0.025, a26=0.025, a6=0.025, a15=0.025]
    OBS: year=0 month=5 season=0 money=709 credit=0 people=28 busy=0 free=28 home_places=50 need_workers=0 tax_due=0 main_tax_due=0 tax_amount=6374 main_tax_amount=0 days_alive=89 stage=0 res0=0 res1=400 res2=0 res3=0 res4=0 res5=0 res6=0 res7=0 res8=0 Garden=1 Road=1 CowFarm=2 | nw=1523153.0000
  s=   71 a=  9(BUILD:Ironmine) r= -0.3449 cum=    -19.45 v= -0.3299 top5=[a32=0.044, a22=0.040, a26=0.032, a21=0.032, a9=0.031] [BUILD: Ironmine]
    OBS: year=0 month=5 season=0 money=709 credit=0 people=28 busy=0 free=28 home_places=50 need_workers=0 tax_due=0 main_tax_due=0 tax_amount=6374 main_tax_amount=0 days_alive=90 stage=0 res0=0 res1=400 res2=0 res3=0 res4=0 res5=0 res6=0 res7=0 res8=0 Garden=1 Road=1 CowFarm=2 | nw=1523140.6366
  s=   72 a= 37(MANAGER:3) r= -5.6704 cum=    -25.12 v= -0.6276 top5=[a32=0.051, a21=0.048, a4=0.040, a35=0.034, a22=0.030]
    OBS: year=0 month=5 season=0 money=3909 credit=0 people=28 busy=0 free=28 home_places=50 need_workers=10 tax_due=0 main_tax_due=0 tax_amount=5954 main_tax_amount=0 days_alive=91 stage=0 res0=0 res1=400 res2=0 res3=0 res4=0 res5=0 res6=0 res7=0 res8=0 Garden=1 Road=1 CowFarm=1 | nw=1494350.1255
  s=   73 a= 35(MANAGER:1) r= -0.3278 cum=    -25.45 v= -0.2259 top5=[a32=0.036, a22=0.034, a26=0.029, a9=0.029, a21=0.028]
    OBS: year=0 month=6 season=1 money=3909 credit=0 people=28 busy=0 free=28 home_places=50 need_workers=12 tax_due=0 main_tax_due=0 tax_amount=5954 main_tax_amount=0 days_alive=92 stage=0 res0=0 res1=400 res2=0 res3=0 res4=0 res5=0 res6=0 res7=0 res8=0 Garden=1 Road=1 CowFarm=1 | nw=1494341.0086
  s=   74 a= 23(BUILD:Torchlight) r= -0.3275 cum=    -25.77 v= -1.3666 top5=[a21=0.146, a32=0.092, a26=0.074, a4=0.054, a6=0.044] [BUILD: Torchlight]
    OBS: year=0 month=6 season=1 money=3909 credit=0 people=28 busy=0 free=28 home_places=50 need_workers=12 tax_due=0 main_tax_due=0 tax_amount=5954 main_tax_amount=0 days_alive=93 stage=0 res0=0 res1=400 res2=0 res3=0 res4=0 res5=0 res6=0 res7=0 res8=0 Garden=1 Road=1 CowFarm=1 | nw=1494336.4502
  s=   75 a= 26(BUILD:BigSawmill) r= -0.3321 cum=    -26.11 v= -1.1030 top5=[a21=0.120, a26=0.070, a6=0.056, a5=0.048, a32=0.044] [BUILD: BigSawmill]
    OBS: year=0 month=6 season=1 money=3909 credit=0 people=28 busy=0 free=28 home_places=50 need_workers=12 tax_due=0 main_tax_due=0 tax_amount=5954 main_tax_amount=0 days_alive=94 stage=0 res0=0 res1=400 res2=0 res3=0 res4=0 res5=0 res6=0 res7=0 res8=0 Garden=1 Road=1 CowFarm=1 | nw=1494327.3334
  s=   76 a= 21(BUILD:BigFarm) r= -0.3320 cum=    -26.44 v= -0.9228 top5=[a21=0.092, a26=0.059, a6=0.048, a32=0.045, a5=0.044] [BUILD: BigFarm]
    OBS: year=0 month=6 season=1 money=3909 credit=0 people=28 busy=0 free=28 home_places=50 need_workers=12 tax_due=0 main_tax_due=0 tax_amount=5954 main_tax_amount=0 days_alive=95 stage=0 res0=0 res1=400 res2=0 res3=0 res4=0 res5=0 res6=0 res7=0 res8=0 Garden=1 Road=1 CowFarm=1 | nw=1494322.3377
  s=   77 a= 25(BUILD:SuperHouse) r= -0.3364 cum=    -26.77 v= -0.8186 top5=[a21=0.077, a26=0.053, a6=0.044, a32=0.044, a5=0.042] [BUILD: SuperHouse]
    OBS: year=0 month=6 season=1 money=3909 credit=0 people=28 busy=0 free=28 home_places=50 need_workers=12 tax_due=0 main_tax_due=0 tax_amount=5954 main_tax_amount=0 days_alive=96 stage=0 res0=0 res1=400 res2=0 res3=0 res4=0 res5=0 res6=0 res7=0 res8=0 Garden=1 Road=1 CowFarm=1 | nw=1494313.2209
  s=   78 a= 10(BUILD:Refinery) r= -0.3385 cum=    -27.11 v= -0.7504 top5=[a21=0.069, a26=0.049, a32=0.042, a6=0.041, a5=0.040] [BUILD: Refinery]
    OBS: year=0 month=6 season=1 money=3909 credit=0 people=28 busy=0 free=28 home_places=50 need_workers=12 tax_due=0 main_tax_due=0 tax_amount=5954 main_tax_amount=0 days_alive=97 stage=0 res0=0 res1=400 res2=0 res3=0 res4=0 res5=0 res6=0 res7=0 res8=0 Garden=1 Road=1 CowFarm=1 | nw=1494304.1041
  s=   79 a= 15(BUILD:Fish) r= -0.3404 cum=    -27.45 v= -0.7008 top5=[a21=0.063, a26=0.046, a32=0.041, a5=0.039, a6=0.039] [BUILD: Fish]
    OBS: year=0 month=6 season=1 money=3909 credit=0 people=28 busy=0 free=28 home_places=50 need_workers=12 tax_due=0 main_tax_due=0 tax_amount=5954 main_tax_amount=0 days_alive=98 stage=0 res0=0 res1=400 res2=0 res3=0 res4=0 res5=0 res6=0 res7=0 res8=0 Garden=1 Road=1 CowFarm=1 | nw=1494295.4246
  s=   80 a= 30(BUILD:BigIronmine) r= -0.3427 cum=    -27.80 v= -0.6615 top5=[a21=0.059, a26=0.044, a32=0.040, a5=0.039, a6=0.038] [BUILD: BigIronmine]
    OBS: year=0 month=6 season=1 money=3909 credit=0 people=28 busy=0 free=28 home_places=50 need_workers=12 tax_due=0 main_tax_due=0 tax_amount=5954 main_tax_amount=0 days_alive=99 stage=0 res0=0 res1=400 res2=0 res3=0 res4=0 res5=0 res6=0 res7=0 res8=0 Garden=1 Road=1 CowFarm=1 | nw=1494286.3077
  s=   81 a= 21(BUILD:BigFarm) r= +0.7874 cum=    -27.01 v= -0.6290 top5=[a21=0.056, a26=0.043, a32=0.040, a5=0.038, a6=0.037] [BUILD: BigFarm]
    OBS: year=0 month=6 season=1 money=3909 credit=0 people=28 busy=0 free=28 home_places=50 need_workers=12 tax_due=0 main_tax_due=0 tax_amount=5954 main_tax_amount=0 days_alive=100 stage=0 res0=0 res1=400 res2=0 res3=0 res4=0 res5=0 res6=0 res7=0 res8=0 Garden=1 Road=1 CowFarm=1 | nw=1494277.1909
  s=   82 a=  4(BUILD:Garden) r= -0.3461 cum=    -27.35 v= -0.6013 top5=[a21=0.053, a26=0.041, a32=0.039, a5=0.037, a6=0.036] [BUILD: Garden]
    OBS: year=0 month=6 season=1 money=3909 credit=0 people=28 busy=0 free=28 home_places=50 need_workers=12 tax_due=0 main_tax_due=0 tax_amount=5954 main_tax_amount=0 days_alive=101 stage=0 res0=0 res1=400 res2=0 res3=0 res4=0 res5=0 res6=0 res7=0 res8=0 Garden=1 Road=1 CowFarm=1 | nw=1494268.0741
  s=   83 a= 29(BUILD:Puerperal) r= -0.3481 cum=    -27.70 v= -0.5775 top5=[a21=0.051, a26=0.040, a32=0.038, a5=0.037, a6=0.035] [BUILD: Puerperal]
    OBS: year=0 month=6 season=1 money=3909 credit=0 people=28 busy=0 free=28 home_places=50 need_workers=12 tax_due=0 main_tax_due=0 tax_amount=5954 main_tax_amount=0 days_alive=102 stage=0 res0=0 res1=400 res2=0 res3=0 res4=0 res5=0 res6=0 res7=0 res8=0 Garden=1 Road=1 CowFarm=1 | nw=1494258.9573
  s=   84 a= 11(BUILD:Goldmine) r= -0.3502 cum=    -28.05 v= -0.5565 top5=[a21=0.049, a26=0.039, a32=0.038, a5=0.036, a6=0.034] [BUILD: Goldmine]
    OBS: year=0 month=6 season=1 money=3909 credit=0 people=28 busy=0 free=28 home_places=50 need_workers=12 tax_due=0 main_tax_due=0 tax_amount=5954 main_tax_amount=0 days_alive=103 stage=0 res0=0 res1=400 res2=0 res3=0 res4=0 res5=0 res6=0 res7=0 res8=0 Garden=1 Road=1 CowFarm=1 | nw=1494249.8405
  s=   85 a= 26(BUILD:BigSawmill) r= -0.3522 cum=    -28.41 v= -0.5376 top5=[a21=0.048, a26=0.038, a32=0.037, a5=0.036, a6=0.034] [BUILD: BigSawmill]
    OBS: year=0 month=6 season=1 money=3909 credit=0 people=28 busy=0 free=28 home_places=50 need_workers=12 tax_due=0 main_tax_due=0 tax_amount=5954 main_tax_amount=0 days_alive=104 stage=0 res0=0 res1=400 res2=0 res3=0 res4=0 res5=0 res6=0 res7=0 res8=0 Garden=1 Road=1 CowFarm=1 | nw=1494240.7237
  s=   86 a= 30(BUILD:BigIronmine) r= -0.3542 cum=    -28.76 v= -0.5203 top5=[a21=0.047, a26=0.038, a32=0.037, a5=0.036, a6=0.033] [BUILD: BigIronmine]
    OBS: year=0 month=6 season=1 money=3909 credit=0 people=28 busy=0 free=28 home_places=50 need_workers=12 tax_due=0 main_tax_due=0 tax_amount=5954 main_tax_amount=0 days_alive=105 stage=0 res0=0 res1=400 res2=0 res3=0 res4=0 res5=0 res6=0 res7=0 res8=0 Garden=1 Road=1 CowFarm=1 | nw=1494231.6069
  s=   87 a= 13(BUILD:HydroStation) r= -0.3562 cum=    -29.12 v= -0.5047 top5=[a21=0.045, a26=0.037, a32=0.037, a5=0.035, a6=0.033] [BUILD: HydroStation]
    OBS: year=0 month=6 season=1 money=3909 credit=0 people=28 busy=0 free=28 home_places=50 need_workers=12 tax_due=0 main_tax_due=0 tax_amount=5954 main_tax_amount=0 days_alive=106 stage=0 res0=0 res1=400 res2=0 res3=0 res4=0 res5=0 res6=0 res7=0 res8=0 Garden=1 Road=1 CowFarm=1 | nw=1494222.4900
  s=   88 a=  6(BUILD:SmallHouse) r= -0.3582 cum=    -29.47 v= -0.4904 top5=[a21=0.044, a32=0.036, a26=0.036, a5=0.035, a4=0.032] [BUILD: SmallHouse]
    OBS: year=0 month=6 season=1 money=3909 credit=0 people=28 busy=0 free=28 home_places=50 need_workers=12 tax_due=0 main_tax_due=0 tax_amount=5954 main_tax_amount=0 days_alive=107 stage=0 res0=0 res1=400 res2=0 res3=0 res4=0 res5=0 res6=0 res7=0 res8=0 Garden=1 Road=1 CowFarm=1 | nw=1494213.3732
  s=   89 a= 12(BUILD:PowerStation) r= +1.0945 cum=    -28.38 v= -0.4773 top5=[a21=0.043, a32=0.036, a26=0.036, a5=0.035, a4=0.032] [BUILD: PowerStation]
    OBS: year=0 month=6 season=1 money=3509 credit=0 people=28 busy=0 free=28 home_places=50 need_workers=12 tax_due=0 main_tax_due=0 tax_amount=5954 main_tax_amount=0 days_alive=108 stage=0 res0=0 res1=400 res2=0 res3=0 res4=0 res5=0 res6=0 res7=0 res8=0 Garden=1 Road=2 CowFarm=1 | nw=1494204.2564
  s=   90 a= 37(MANAGER:3) r= -5.9230 cum=    -34.30 v= -0.4414 top5=[a21=0.043, a26=0.036, a32=0.036, a5=0.035, a4=0.034]
    OBS: year=0 month=6 season=1 money=6709 credit=0 people=28 busy=0 free=28 home_places=50 need_workers=2 tax_due=0 main_tax_due=0 tax_amount=5534 main_tax_amount=0 days_alive=109 stage=0 res0=0 res1=400 res2=0 res3=0 res4=0 res5=0 res6=0 res7=0 res8=0 Garden=1 Road=2 | nw=1465533.2582
  s=   91 a= 29(BUILD:Puerperal) r= -0.3383 cum=    -34.64 v= -0.3580 top5=[a26=0.037, a21=0.037, a32=0.033, a6=0.031, a5=0.030] [BUILD: Puerperal]
    OBS: year=0 month=6 season=1 money=6709 credit=0 people=28 busy=0 free=28 home_places=50 need_workers=2 tax_due=0 main_tax_due=0 tax_amount=5534 main_tax_amount=0 days_alive=110 stage=0 res0=0 res1=400 res2=0 res3=0 res4=0 res5=0 res6=0 res7=0 res8=0 Garden=1 Road=2 | nw=1465532.3837
  s=   92 a= 21(BUILD:BigFarm) r= -0.3401 cum=    -34.98 v= -0.3509 top5=[a26=0.037, a21=0.036, a32=0.033, a6=0.030, a5=0.030] [BUILD: BigFarm]
    OBS: year=0 month=6 season=1 money=6709 credit=0 people=28 busy=0 free=28 home_places=50 need_workers=2 tax_due=0 main_tax_due=0 tax_amount=5534 main_tax_amount=0 days_alive=111 stage=0 res0=0 res1=400 res2=0 res3=0 res4=0 res5=0 res6=0 res7=0 res8=0 Garden=1 Road=2 | nw=1465531.5092
  s=   93 a= 24(BUILD:Hothouse) r= -0.3419 cum=    -35.32 v= -0.3436 top5=[a26=0.036, a21=0.036, a32=0.033, a6=0.030, a5=0.030] [BUILD: Hothouse]
    OBS: year=0 month=6 season=1 money=6709 credit=0 people=28 busy=0 free=28 home_places=50 need_workers=2 tax_due=0 main_tax_due=0 tax_amount=5534 main_tax_amount=0 days_alive=112 stage=0 res0=0 res1=400 res2=0 res3=0 res4=0 res5=0 res6=0 res7=0 res8=0 Garden=1 Road=2 | nw=1465530.6346
  s=   94 a= 22(BUILD:Apiary) r= -0.3437 cum=    -35.67 v= -0.3365 top5=[a26=0.036, a21=0.036, a32=0.032, a6=0.030, a5=0.029] [BUILD: Apiary]
    OBS: year=0 month=6 season=1 money=6709 credit=0 people=28 busy=0 free=28 home_places=50 need_workers=2 tax_due=0 main_tax_due=0 tax_amount=5534 main_tax_amount=0 days_alive=113 stage=0 res0=0 res1=400 res2=0 res3=0 res4=0 res5=0 res6=0 res7=0 res8=0 Garden=1 Road=2 | nw=1465529.7601
  s=   95 a= 19(BUILD:Mushroom) r= -0.3455 cum=    -36.01 v= -0.3309 top5=[a26=0.036, a21=0.035, a32=0.032, a6=0.030, a5=0.029] [BUILD: Mushroom]
    OBS: year=0 month=6 season=1 money=6709 credit=0 people=28 busy=0 free=28 home_places=50 need_workers=2 tax_due=0 main_tax_due=0 tax_amount=5534 main_tax_amount=0 days_alive=114 stage=0 res0=0 res1=400 res2=0 res3=0 res4=0 res5=0 res6=0 res7=0 res8=0 Garden=1 Road=2 | nw=1465528.8855
  s=   96 a= 33(BUILD:AtomStation) r= -0.3473 cum=    -36.36 v= -0.3201 top5=[a26=0.036, a21=0.036, a32=0.033, a6=0.030, a5=0.029] [BUILD: AtomStation]
    OBS: year=0 month=6 season=1 money=6709 credit=0 people=28 busy=0 free=28 home_places=50 need_workers=2 tax_due=0 main_tax_due=0 tax_amount=5534 main_tax_amount=0 days_alive=115 stage=0 res0=0 res1=400 res2=0 res3=0 res4=0 res5=0 res6=0 res7=0 res8=0 Garden=1 Road=2 | nw=1465528.0110
  s=   97 a= 32(BUILD:SmallAtomStation) r= -0.3490 cum=    -36.71 v= -0.3145 top5=[a26=0.036, a21=0.035, a32=0.033, a6=0.029, a5=0.029] [BUILD: SmallAtomStation]
    OBS: year=0 month=6 season=1 money=6709 credit=0 people=28 busy=0 free=28 home_places=50 need_workers=2 tax_due=0 main_tax_due=0 tax_amount=5534 main_tax_amount=0 days_alive=116 stage=0 res0=0 res1=400 res2=0 res3=0 res4=0 res5=0 res6=0 res7=0 res8=0 Garden=1 Road=2 | nw=1465527.1364
  s=   98 a= 28(BUILD:BigRefinary) r= -0.3508 cum=    -37.06 v= -0.3100 top5=[a26=0.036, a21=0.035, a32=0.033, a6=0.029, a5=0.029] [BUILD: BigRefinary]
    OBS: year=0 month=6 season=1 money=6709 credit=0 people=28 busy=0 free=28 home_places=50 need_workers=2 tax_due=0 main_tax_due=0 tax_amount=5534 main_tax_amount=0 days_alive=117 stage=0 res0=0 res1=400 res2=0 res3=0 res4=0 res5=0 res6=0 res7=0 res8=0 Garden=1 Road=2 | nw=1465526.2619
  s=   99 a= 10(BUILD:Refinery) r= -0.3525 cum=    -37.41 v= -0.3069 top5=[a26=0.035, a21=0.035, a32=0.033, a6=0.029, a5=0.029] [BUILD: Refinery]
    OBS: year=0 month=6 season=1 money=6709 credit=0 people=28 busy=0 free=28 home_places=50 need_workers=2 tax_due=0 main_tax_due=0 tax_amount=5534 main_tax_amount=0 days_alive=118 stage=0 res0=0 res1=400 res2=0 res3=0 res4=0 res5=0 res6=0 res7=0 res8=0 Garden=1 Road=2 | nw=1465525.3874
  s=  100 a= 27(BUILD:WaterMill) r= -0.3543 cum=    -37.77 v= -0.3044 top5=[a26=0.035, a21=0.034, a32=0.033, a5=0.029, a6=0.029] [BUILD: WaterMill]
    OBS: year=0 month=6 season=1 money=6709 credit=0 people=28 busy=0 free=28 home_places=50 need_workers=2 tax_due=0 main_tax_due=0 tax_amount=5534 main_tax_amount=0 days_alive=119 stage=0 res0=0 res1=400 res2=0 res3=0 res4=0 res5=0 res6=0 res7=0 res8=0 Garden=1 Road=2 | nw=1465524.5128
  s=  101 a= 42(MANAGER:8) r= +0.0288 cum=    -37.74 v= -0.3023 top5=[a26=0.035, a21=0.034, a32=0.033, a4=0.029, a5=0.029]
    OBS: year=0 month=6 season=1 money=56709 credit=50100 people=28 busy=0 free=28 home_places=50 need_workers=2 tax_due=0 main_tax_due=0 tax_amount=5534 main_tax_amount=0 days_alive=120 stage=0 res0=0 res1=400 res2=0 res3=0 res4=0 res5=0 res6=0 res7=0 res8=0 Garden=1 Road=2 | nw=1465423.6383
  s=  102 a= 24(BUILD:Hothouse) r= +5.9518 cum=    -31.78 v= -0.3760 top5=[a26=0.037, a21=0.031, a32=0.030, a4=0.030, a5=0.029] [BUILD: Hothouse]
    OBS: year=0 month=6 season=1 money=40119 credit=50200 people=28 busy=0 free=28 home_places=50 need_workers=2 tax_due=0 main_tax_due=0 tax_amount=5954 main_tax_amount=0 days_alive=121 stage=0 res0=0 res1=400 res2=0 res3=0 res4=0 res5=0 res6=0 res7=0 res8=0 Garden=1 Road=2 Hothouse=1 | nw=1465322.7637
  s=  103 a=  6(BUILD:SmallHouse) r= -0.5347 cum=    -32.32 v= -0.3558 top5=[a26=0.035, a32=0.033, a21=0.031, a5=0.030, a4=0.030] [BUILD: SmallHouse]
    OBS: year=0 month=7 season=1 money=40119 credit=50300 people=28 busy=0 free=28 home_places=50 need_workers=2 tax_due=0 main_tax_due=0 tax_amount=5954 main_tax_amount=0 days_alive=122 stage=0 res0=0 res1=400 res2=0 res3=0 res4=0 res5=0 res6=0 res7=0 res8=0 Garden=1 Road=2 Hothouse=1 | nw=1465221.8892
  s=  104 a=  6(BUILD:SmallHouse) r= -0.5375 cum=    -32.86 v= -0.3591 top5=[a26=0.033, a6=0.032, a32=0.031, a16=0.030, a5=0.029] [BUILD: SmallHouse]
    OBS: year=0 month=7 season=1 money=40119 credit=50400 people=28 busy=0 free=28 home_places=50 need_workers=2 tax_due=0 main_tax_due=0 tax_amount=5954 main_tax_amount=0 days_alive=123 stage=0 res0=0 res1=400 res2=0 res3=0 res4=0 res5=0 res6=0 res7=0 res8=0 Garden=1 Road=2 Hothouse=1 | nw=1465121.0147
  s=  105 a=  8(BUILD:Coalmine) r= -0.5400 cum=    -33.40 v= -0.3539 top5=[a26=0.033, a6=0.032, a32=0.031, a16=0.029, a0=0.029] [BUILD: Coalmine]
    OBS: year=0 month=7 season=1 money=40119 credit=50500 people=28 busy=0 free=28 home_places=50 need_workers=2 tax_due=0 main_tax_due=0 tax_amount=5954 main_tax_amount=0 days_alive=124 stage=0 res0=0 res1=400 res2=0 res3=0 res4=0 res5=0 res6=0 res7=0 res8=0 Garden=1 Road=2 Hothouse=1 | nw=1465020.5774
  s=  106 a= 14(BUILD:Road) r= +5.0981 cum=    -28.30 v= -0.3492 top5=[a26=0.033, a6=0.032, a32=0.030, a16=0.029, a0=0.029] [BUILD: Road]
    OBS: year=0 month=7 season=1 money=34219 credit=50601 people=28 busy=0 free=28 home_places=50 need_workers=2 tax_due=0 main_tax_due=0 tax_amount=6374 main_tax_amount=0 days_alive=125 stage=0 res0=0 res1=400 res2=0 res3=0 res4=0 res5=0 res6=0 res7=0 res8=0 Garden=1 Road=2 SmallHouse=1 Hothouse=1 | nw=1464918.7028
  s=  107 a=  4(BUILD:Garden) r= -0.3241 cum=    -28.62 v= -0.3659 top5=[a6=0.032, a26=0.031, a32=0.031, a16=0.031, a4=0.029] [BUILD: Garden]
    OBS: year=0 month=7 season=1 money=34219 credit=50702 people=28 busy=0 free=28 home_places=50 need_workers=2 tax_due=0 main_tax_due=0 tax_amount=6374 main_tax_amount=0 days_alive=126 stage=0 res0=0 res1=400 res2=0 res3=0 res4=0 res5=0 res6=0 res7=0 res8=0 Garden=1 Road=2 SmallHouse=1 Hothouse=1 | nw=1464816.8283
  s=  108 a= 23(BUILD:Torchlight) r= -0.5268 cum=    -29.15 v= -0.3613 top5=[a6=0.032, a32=0.031, a26=0.031, a16=0.030, a4=0.029] [BUILD: Torchlight]
    OBS: year=0 month=7 season=1 money=34219 credit=50803 people=28 busy=0 free=28 home_places=50 need_workers=2 tax_due=0 main_tax_due=0 tax_amount=6374 main_tax_amount=0 days_alive=127 stage=0 res0=0 res1=400 res2=0 res3=0 res4=0 res5=0 res6=0 res7=0 res8=0 Garden=1 Road=2 SmallHouse=1 Hothouse=1 | nw=1464714.9538
  s=  109 a= 39(MANAGER:5) r= -0.5294 cum=    -29.68 v= -0.3581 top5=[a6=0.032, a32=0.031, a26=0.030, a16=0.030, a4=0.029]
    OBS: year=0 month=7 season=1 money=34219 credit=50904 people=28 busy=0 free=28 home_places=50 need_workers=2 tax_due=0 main_tax_due=0 tax_amount=6374 main_tax_amount=0 days_alive=128 stage=0 res0=0 res1=400 res2=0 res3=0 res4=0 res5=0 res6=0 res7=0 res8=0 Garden=1 Road=2 SmallHouse=1 Hothouse=1 | nw=1464613.0792
  s=  110 a= 11(BUILD:Goldmine) r= -0.5320 cum=    -30.21 v= -0.3539 top5=[a6=0.032, a32=0.030, a26=0.030, a16=0.029, a4=0.029] [BUILD: Goldmine]
    OBS: year=0 month=7 season=1 money=34219 credit=51005 people=28 busy=0 free=28 home_places=50 need_workers=2 tax_due=0 main_tax_due=0 tax_amount=6374 main_tax_amount=0 days_alive=129 stage=0 res0=0 res1=400 res2=0 res3=0 res4=0 res5=0 res6=0 res7=0 res8=0 Garden=1 Road=2 SmallHouse=1 Hothouse=1 | nw=1464511.2047
  s=  111 a= 27(BUILD:WaterMill) r= -0.5352 cum=    -30.75 v= -0.3502 top5=[a6=0.031, a32=0.030, a26=0.030, a16=0.029, a4=0.029] [BUILD: WaterMill]
    OBS: year=0 month=7 season=1 money=34219 credit=51107 people=28 busy=0 free=28 home_places=50 need_workers=2 tax_due=0 main_tax_due=0 tax_amount=6374 main_tax_amount=0 days_alive=130 stage=0 res0=0 res1=400 res2=0 res3=0 res4=0 res5=0 res6=0 res7=0 res8=0 Garden=1 Road=2 SmallHouse=1 Hothouse=1 | nw=1464408.3301
  s=  112 a= 40(MANAGER:6) r= +0.1463 cum=    -30.60 v= -0.3469 top5=[a6=0.031, a32=0.030, a26=0.030, a4=0.029, a16=0.029]
    OBS: year=0 month=7 season=1 money=34419 credit=51209 people=28 busy=0 free=28 home_places=50 need_workers=2 tax_due=0 main_tax_due=0 tax_amount=6378 main_tax_amount=0 days_alive=131 stage=0 res0=0 res1=200 res2=0 res3=0 res4=0 res5=0 res6=0 res7=0 res8=0 Garden=1 Road=2 SmallHouse=1 Hothouse=1 | nw=1464305.4556
  s=  113 a= 12(BUILD:PowerStation) r= +0.8450 cum=    -29.76 v= -0.3431 top5=[a6=0.031, a32=0.030, a26=0.030, a4=0.029, a21=0.028] [BUILD: PowerStation]
    OBS: year=0 month=7 season=1 money=34019 credit=51311 people=28 busy=0 free=28 home_places=70 need_workers=2 tax_due=0 main_tax_due=0 tax_amount=6378 main_tax_amount=0 days_alive=132 stage=0 res0=0 res1=200 res2=0 res3=0 res4=0 res5=0 res6=0 res7=0 res8=0 Garden=1 Road=3 SmallHouse=1 Hothouse=1 | nw=1464202.5810
  s=  114 a= 21(BUILD:BigFarm) r= +5.6460 cum=    -24.11 v= -0.5781 top5=[a26=0.033, a32=0.032, a4=0.031, a5=0.030, a6=0.030] [BUILD: BigFarm]
    OBS: year=0 month=7 season=1 money=34019 credit=51413 people=28 busy=0 free=28 home_places=70 need_workers=2 tax_due=0 main_tax_due=0 tax_amount=6378 main_tax_amount=0 days_alive=133 stage=0 res0=0 res1=200 res2=0 res3=0 res4=0 res5=0 res6=0 res7=0 res8=0 Garden=1 Road=3 SmallHouse=1 Hothouse=1 | nw=1464098.1869
  s=  115 a= 23(BUILD:Torchlight) r= -0.5210 cum=    -24.63 v= -0.6001 top5=[a26=0.033, a32=0.033, a4=0.032, a5=0.031, a6=0.029] [BUILD: Torchlight]
    OBS: year=0 month=7 season=1 money=34019 credit=51515 people=28 busy=0 free=28 home_places=70 need_workers=2 tax_due=0 main_tax_due=0 tax_amount=6378 main_tax_amount=0 days_alive=134 stage=0 res0=0 res1=200 res2=0 res3=0 res4=0 res5=0 res6=0 res7=0 res8=0 Garden=1 Road=3 SmallHouse=1 Hothouse=1 | nw=1463994.2301
  s=  116 a=  0(DAY) r= +0.0199 cum=    -24.61 v= -0.5921 top5=[a26=0.033, a32=0.033, a4=0.032, a5=0.031, a6=0.029]
    OBS: year=0 month=7 season=1 money=34019 credit=51618 people=28 busy=0 free=28 home_places=70 need_workers=2 tax_due=0 main_tax_due=0 tax_amount=6378 main_tax_amount=0 days_alive=135 stage=0 res0=0 res1=200 res2=0 res3=0 res4=0 res5=0 res6=0 res7=0 res8=0 Garden=1 Road=3 SmallHouse=1 Hothouse=1 | nw=1463888.8360
  s=  117 a= 13(BUILD:HydroStation) r= +4.4435 cum=    -20.17 v= -0.5850 top5=[a26=0.033, a32=0.033, a4=0.032, a5=0.031, a6=0.029] [BUILD: HydroStation]
    OBS: year=0 month=7 season=1 money=19981 credit=51721 people=28 busy=0 free=28 home_places=70 need_workers=2 tax_due=0 main_tax_due=0 tax_amount=6798 main_tax_amount=0 days_alive=136 stage=0 res0=0 res1=200 res2=0 res3=0 res4=0 res5=0 res6=0 res7=0 res8=0 Garden=1 Road=3 House=1 SmallHouse=1 Hothouse=1 | nw=1463783.4418
  s=  118 a= 16(BUILD:CoalCut) r= -0.5155 cum=    -20.68 v= -0.6224 top5=[a4=0.033, a32=0.033, a26=0.032, a6=0.031, a40=0.030] [BUILD: CoalCut]
    OBS: year=0 month=7 season=1 money=19981 credit=51824 people=28 busy=0 free=28 home_places=70 need_workers=2 tax_due=0 main_tax_due=0 tax_amount=6798 main_tax_amount=0 days_alive=137 stage=0 res0=0 res1=200 res2=0 res3=0 res4=0 res5=0 res6=0 res7=0 res8=0 Garden=1 Road=3 House=1 SmallHouse=1 Hothouse=1 | nw=1463678.0477
  s=  119 a= 24(BUILD:Hothouse) r= +1.8053 cum=    -18.88 v= -0.6085 top5=[a4=0.033, a32=0.032, a26=0.032, a6=0.031, a9=0.030] [BUILD: Hothouse]
    OBS: year=0 month=7 season=1 money=3391 credit=51927 people=28 busy=0 free=28 home_places=70 need_workers=2 tax_due=0 main_tax_due=0 tax_amount=7218 main_tax_amount=0 days_alive=138 stage=0 res0=0 res1=200 res2=0 res3=0 res4=0 res5=0 res6=0 res7=0 res8=0 Garden=1 Road=3 House=1 SmallHouse=1 Hothouse=2 | nw=1463572.6536
  s=  120 a= 26(BUILD:BigSawmill) r= -0.5179 cum=    -19.40 v= -0.6496 top5=[a32=0.036, a4=0.033, a26=0.032, a40=0.031, a6=0.031] [BUILD: BigSawmill]
    OBS: year=0 month=7 season=1 money=3391 credit=52030 people=28 busy=0 free=28 home_places=70 need_workers=2 tax_due=0 main_tax_due=0 tax_amount=7218 main_tax_amount=0 days_alive=139 stage=0 res0=0 res1=200 res2=0 res3=0 res4=0 res5=0 res6=0 res7=0 res8=0 Garden=1 Road=3 House=1 SmallHouse=1 Hothouse=2 | nw=1463467.2595
  s=  121 a= 27(BUILD:WaterMill) r= -0.5208 cum=    -19.92 v= -0.6354 top5=[a32=0.036, a4=0.032, a26=0.032, a6=0.031, a40=0.030] [BUILD: WaterMill]
    OBS: year=0 month=7 season=1 money=3391 credit=52134 people=28 busy=0 free=28 home_places=70 need_workers=2 tax_due=0 main_tax_due=0 tax_amount=7218 main_tax_amount=0 days_alive=140 stage=0 res0=0 res1=200 res2=0 res3=0 res4=0 res5=0 res6=0 res7=0 res8=0 Garden=1 Road=3 House=1 SmallHouse=1 Hothouse=2 | nw=1463360.8654
  s=  122 a= 26(BUILD:BigSawmill) r= -0.5231 cum=    -20.44 v= -0.6217 top5=[a32=0.036, a4=0.032, a26=0.032, a6=0.030, a40=0.029] [BUILD: BigSawmill]
    OBS: year=0 month=7 season=1 money=3391 credit=52238 people=28 busy=0 free=28 home_places=70 need_workers=2 tax_due=0 main_tax_due=0 tax_amount=7218 main_tax_amount=0 days_alive=141 stage=0 res0=0 res1=200 res2=0 res3=0 res4=0 res5=0 res6=0 res7=0 res8=0 Garden=1 Road=3 House=1 SmallHouse=1 Hothouse=2 | nw=1463254.4713
  s=  123 a= 22(BUILD:Apiary) r= -0.5254 cum=    -20.96 v= -0.6079 top5=[a32=0.036, a4=0.032, a26=0.032, a6=0.030, a9=0.029] [BUILD: Apiary]
    OBS: year=0 month=7 season=1 money=3391 credit=52342 people=28 busy=0 free=28 home_places=70 need_workers=2 tax_due=0 main_tax_due=0 tax_amount=7218 main_tax_amount=0 days_alive=142 stage=0 res0=0 res1=200 res2=0 res3=0 res4=0 res5=0 res6=0 res7=0 res8=0 Garden=1 Road=3 House=1 SmallHouse=1 Hothouse=2 | nw=1463148.0772
  s=  124 a=  4(BUILD:Garden) r= -0.1611 cum=    -21.13 v= -0.5941 top5=[a32=0.036, a4=0.032, a26=0.032, a6=0.030, a9=0.029] [BUILD: Garden]
    OBS: year=0 month=7 season=1 money=3391 credit=52446 people=28 busy=0 free=28 home_places=70 need_workers=2 tax_due=0 main_tax_due=0 tax_amount=7218 main_tax_amount=0 days_alive=143 stage=0 res0=0 res1=200 res2=0 res3=0 res4=0 res5=0 res6=0 res7=0 res8=0 Garden=1 Road=3 House=1 SmallHouse=1 Hothouse=2 | nw=1463041.6830
  s=  125 a= 37(MANAGER:3) r= -2.8774 cum=    -24.00 v= -0.5809 top5=[a32=0.035, a4=0.032, a26=0.032, a6=0.030, a9=0.029]
    OBS: year=0 month=7 season=1 money=3981 credit=52550 people=28 busy=0 free=28 home_places=50 need_workers=2 tax_due=0 main_tax_due=0 tax_amount=6798 main_tax_amount=0 days_alive=144 stage=0 res0=0 res1=200 res2=0 res3=0 res4=0 res5=0 res6=0 res7=0 res8=0 Garden=1 Road=3 House=1 Hothouse=2 | nw=1457643.5238
  s=  126 a= 14(BUILD:Road) r= -0.5276 cum=    -24.53 v= -0.3586 top5=[a32=0.032, a26=0.031, a6=0.030, a21=0.029, a4=0.028] [BUILD: Road]
    OBS: year=0 month=7 season=1 money=3981 credit=52655 people=28 busy=0 free=28 home_places=50 need_workers=2 tax_due=0 main_tax_due=0 tax_amount=6798 main_tax_amount=0 days_alive=145 stage=0 res0=0 res1=200 res2=0 res3=0 res4=0 res5=0 res6=0 res7=0 res8=0 Garden=1 Road=3 House=1 Hothouse=2 | nw=1457537.6493
  s=  127 a= 41(MANAGER:7) r= -0.0927 cum=    -24.62 v= -0.3491 top5=[a32=0.032, a26=0.031, a6=0.030, a21=0.029, a4=0.028]
    OBS: year=0 month=7 season=1 money=3581 credit=52760 people=28 busy=0 free=28 home_places=50 need_workers=2 tax_due=0 main_tax_due=0 tax_amount=6802 main_tax_amount=0 days_alive=146 stage=0 res0=0 res1=400 res2=0 res3=0 res4=0 res5=0 res6=0 res7=0 res8=0 Garden=1 Road=3 House=1 Hothouse=2 | nw=1457231.7747
  s=  128 a= 39(MANAGER:5) r= -0.5320 cum=    -25.16 v= -0.3402 top5=[a32=0.032, a26=0.031, a6=0.030, a21=0.030, a4=0.028]
    OBS: year=0 month=7 season=1 money=3581 credit=52865 people=28 busy=0 free=28 home_places=50 need_workers=2 tax_due=0 main_tax_due=0 tax_amount=6802 main_tax_amount=0 days_alive=147 stage=0 res0=0 res1=400 res2=0 res3=0 res4=0 res5=0 res6=0 res7=0 res8=0 Garden=1 Road=3 House=1 Hothouse=2 | nw=1457126.3375
  s=  129 a=  2(BUILD:WaterChannel) r= -0.5345 cum=    -25.69 v= -0.3305 top5=[a32=0.032, a26=0.031, a6=0.030, a21=0.030, a4=0.028] [BUILD: WaterChannel]
    OBS: year=0 month=7 season=1 money=3581 credit=52970 people=28 busy=0 free=28 home_places=50 need_workers=2 tax_due=0 main_tax_due=0 tax_amount=6802 main_tax_amount=0 days_alive=148 stage=0 res0=0 res1=400 res2=0 res3=0 res4=0 res5=0 res6=0 res7=0 res8=0 Garden=1 Road=3 House=1 Hothouse=2 | nw=1457020.4629
  s=  130 a= 34(MANAGER:0) r= -0.5368 cum=    -26.23 v= -0.3213 top5=[a32=0.032, a26=0.031, a6=0.030, a21=0.030, a4=0.028]
    OBS: year=0 month=7 season=1 money=3581 credit=53075 people=28 busy=0 free=28 home_places=50 need_workers=2 tax_due=0 main_tax_due=0 tax_amount=6802 main_tax_amount=0 days_alive=149 stage=0 res0=0 res1=400 res2=0 res3=0 res4=0 res5=0 res6=0 res7=0 res8=0 Garden=1 Road=3 House=1 Hothouse=2 | nw=1456914.5884
  s=  131 a=  1(WEEK) r= -1.2485 cum=    -27.47 v= -0.3130 top5=[a32=0.032, a26=0.031, a21=0.030, a6=0.030, a5=0.028]
    OBS: year=0 month=8 season=1 money=3581 credit=53819 people=28 busy=0 free=28 home_places=50 need_workers=2 tax_due=0 main_tax_due=0 tax_amount=6802 main_tax_amount=0 days_alive=156 stage=0 res0=0 res1=400 res2=0 res3=0 res4=0 res5=0 res6=0 res7=0 res8=0 Garden=1 Road=3 House=1 Hothouse=2 | nw=1456147.3752
  s=  132 a= 40(MANAGER:6) r= +0.1326 cum=    -27.34 v= -0.4846 top5=[a26=0.064, a32=0.043, a9=0.041, a21=0.038, a12=0.032]
    OBS: year=0 month=8 season=1 money=3781 credit=53926 people=28 busy=0 free=28 home_places=50 need_workers=2 tax_due=0 main_tax_due=0 tax_amount=6806 main_tax_amount=0 days_alive=157 stage=0 res0=0 res1=200 res2=0 res3=0 res4=0 res5=0 res6=0 res7=0 res8=0 Garden=1 Road=3 House=1 Hothouse=2 | nw=1456035.7026
  s=  133 a=  7(BUILD:Sawmill) r= -0.5479 cum=    -27.89 v= -0.3959 top5=[a26=0.056, a9=0.039, a32=0.039, a21=0.035, a12=0.030] [BUILD: Sawmill]
    OBS: year=0 month=8 season=1 money=3781 credit=54033 people=28 busy=0 free=28 home_places=50 need_workers=2 tax_due=0 main_tax_due=0 tax_amount=6806 main_tax_amount=0 days_alive=158 stage=0 res0=0 res1=200 res2=0 res3=0 res4=0 res5=0 res6=0 res7=0 res8=0 Garden=1 Road=3 House=1 Hothouse=2 | nw=1455924.0300
  s=  134 a= 17(BUILD:HuntingLand) r= -0.5496 cum=    -28.44 v= -0.3300 top5=[a26=0.051, a9=0.037, a32=0.037, a21=0.033, a31=0.029] [BUILD: HuntingLand]
    OBS: year=0 month=8 season=1 money=3781 credit=54141 people=28 busy=0 free=28 home_places=50 need_workers=2 tax_due=0 main_tax_due=0 tax_amount=6806 main_tax_amount=0 days_alive=159 stage=0 res0=0 res1=200 res2=0 res3=0 res4=0 res5=0 res6=0 res7=0 res8=0 Garden=1 Road=3 House=1 Hothouse=2 | nw=1455813.2564
  s=  135 a=  6(BUILD:SmallHouse) r= -0.5530 cum=    -28.99 v= -0.2989 top5=[a26=0.047, a9=0.036, a32=0.035, a21=0.033, a31=0.028] [BUILD: SmallHouse]
    OBS: year=0 month=8 season=1 money=3781 credit=54249 people=28 busy=0 free=28 home_places=50 need_workers=2 tax_due=0 main_tax_due=0 tax_amount=6806 main_tax_amount=0 days_alive=160 stage=0 res0=0 res1=200 res2=0 res3=0 res4=0 res5=0 res6=0 res7=0 res8=0 Garden=1 Road=3 House=1 Hothouse=2 | nw=1455700.5838
  s=  136 a= 18(BUILD:CowFarm) r= -0.5552 cum=    -29.55 v= -0.2791 top5=[a26=0.045, a9=0.035, a32=0.034, a21=0.032, a34=0.028] [BUILD: CowFarm]
    OBS: year=0 month=8 season=1 money=3781 credit=54357 people=28 busy=0 free=28 home_places=50 need_workers=2 tax_due=0 main_tax_due=0 tax_amount=6806 main_tax_amount=0 days_alive=161 stage=0 res0=0 res1=200 res2=0 res3=0 res4=0 res5=0 res6=0 res7=0 res8=0 Garden=1 Road=3 House=1 Hothouse=2 | nw=1455587.9112
  s=  137 a= 18(BUILD:CowFarm) r= +5.6593 cum=    -23.89 v= -0.2476 top5=[a26=0.044, a32=0.035, a9=0.034, a21=0.032, a40=0.028] [BUILD: CowFarm]
    OBS: year=0 month=8 season=1 money=3781 credit=54465 people=28 busy=0 free=28 home_places=50 need_workers=2 tax_due=0 main_tax_due=0 tax_amount=6806 main_tax_amount=0 days_alive=162 stage=0 res0=0 res1=200 res2=0 res3=0 res4=0 res5=0 res6=0 res7=0 res8=0 Garden=1 Road=3 House=1 Hothouse=2 | nw=1455474.7029
  s=  138 a= 35(MANAGER:1) r= +0.0174 cum=    -23.87 v= -0.2315 top5=[a26=0.043, a32=0.035, a9=0.035, a21=0.029, a5=0.029]
    OBS: year=0 month=8 season=1 money=3761 credit=54573 people=28 busy=0 free=28 home_places=50 need_workers=2 tax_due=0 main_tax_due=0 tax_amount=6806 main_tax_amount=0 days_alive=163 stage=0 res0=0 res1=200 res2=0 res3=0 res4=0 res5=0 res6=0 res7=0 res8=0 Garden=1 Road=3 House=1 Hothouse=2 | nw=1455379.3771
  s=  139 a=  1(WEEK) r= -5.4874 cum=    -29.36 v= -0.2216 top5=[a26=0.042, a32=0.035, a9=0.034, a21=0.029, a5=0.028]
    OBS: year=0 month=8 season=1 money=3761 credit=55339 people=28 busy=0 free=28 home_places=50 need_workers=2 tax_due=0 main_tax_due=0 tax_amount=6806 main_tax_amount=0 days_alive=170 stage=0 res0=0 res1=200 res2=0 res3=0 res4=0 res5=0 res6=0 res7=0 res8=0 Garden=1 Road=3 House=1 Hothouse=2 | nw=1454561.7756
  s=  140 a= 44(MANAGER:10) r= +0.2702 cum=    -29.09 v= -0.1659 top5=[a26=0.043, a9=0.037, a32=0.036, a34=0.029, a5=0.029]
    OBS: year=0 month=8 season=1 money=3761 credit=55449 people=28 busy=0 free=28 home_places=50 need_workers=2 tax_due=0 main_tax_due=0 tax_amount=6806 main_tax_amount=0 days_alive=171 stage=0 res0=0 res1=200 res2=0 res3=0 res4=0 res5=0 res6=0 res7=0 res8=0 Garden=1 Road=3 House=1 Hothouse=2 | nw=1454444.1326
  s=  141 a=  5(BUILD:House) r= -0.5352 cum=    -29.62 v= -0.1612 top5=[a26=0.042, a9=0.037, a32=0.036, a34=0.029, a5=0.029] [BUILD: House]
    OBS: year=0 month=8 season=1 money=3761 credit=55559 people=28 busy=0 free=28 home_places=50 need_workers=2 tax_due=0 main_tax_due=0 tax_amount=6806 main_tax_amount=0 days_alive=172 stage=0 res0=0 res1=200 res2=0 res3=0 res4=0 res5=0 res6=0 res7=0 res8=0 Garden=1 Road=3 House=1 Hothouse=2 | nw=1454324.5907
  s=  142 a= 34(MANAGER:0) r= -0.5379 cum=    -30.16 v= -0.1600 top5=[a26=0.042, a9=0.036, a32=0.035, a34=0.029, a5=0.028]
    OBS: year=0 month=8 season=1 money=3761 credit=55670 people=28 busy=0 free=28 home_places=50 need_workers=2 tax_due=0 main_tax_due=0 tax_amount=6806 main_tax_amount=0 days_alive=173 stage=0 res0=0 res1=200 res2=0 res3=0 res4=0 res5=0 res6=0 res7=0 res8=0 Garden=1 Road=3 House=1 Hothouse=2 | nw=1454204.0487
  s=  143 a=  9(BUILD:Ironmine) r= -0.5389 cum=    -30.70 v= -0.1599 top5=[a26=0.041, a9=0.036, a32=0.035, a34=0.029, a5=0.028] [BUILD: Ironmine]
    OBS: year=0 month=8 season=1 money=3761 credit=55781 people=28 busy=0 free=28 home_places=50 need_workers=2 tax_due=0 main_tax_due=0 tax_amount=6806 main_tax_amount=0 days_alive=174 stage=0 res0=0 res1=200 res2=0 res3=0 res4=0 res5=0 res6=0 res7=0 res8=0 Garden=1 Road=3 House=1 Hothouse=2 | nw=1454085.4058
  s=  144 a=  2(BUILD:WaterChannel) r= -0.5421 cum=    -31.24 v= -0.1618 top5=[a26=0.041, a9=0.035, a32=0.034, a34=0.028, a5=0.028] [BUILD: WaterChannel]
    OBS: year=0 month=8 season=1 money=3761 credit=55892 people=28 busy=0 free=28 home_places=50 need_workers=2 tax_due=0 main_tax_due=0 tax_amount=6806 main_tax_amount=0 days_alive=175 stage=0 res0=0 res1=200 res2=0 res3=0 res4=0 res5=0 res6=0 res7=0 res8=0 Garden=1 Road=3 House=1 Hothouse=2 | nw=1453964.8638
  s=  145 a=  3(BUILD:Farm) r= -0.5439 cum=    -31.79 v= -0.1650 top5=[a26=0.040, a9=0.035, a32=0.034, a34=0.028, a5=0.028] [BUILD: Farm]
    OBS: year=0 month=8 season=1 money=3761 credit=56003 people=28 busy=0 free=28 home_places=50 need_workers=2 tax_due=0 main_tax_due=0 tax_amount=6806 main_tax_amount=0 days_alive=176 stage=0 res0=0 res1=200 res2=0 res3=0 res4=0 res5=0 res6=0 res7=0 res8=0 Garden=1 Road=3 House=1 Hothouse=2 | nw=1453844.8574
  s=  146 a= 44(MANAGER:10) r= +0.2717 cum=    -31.51 v= -0.1681 top5=[a26=0.040, a9=0.035, a32=0.034, a34=0.028, a5=0.028]
    OBS: year=0 month=8 season=1 money=3761 credit=56115 people=28 busy=0 free=28 home_places=50 need_workers=2 tax_due=0 main_tax_due=0 tax_amount=6806 main_tax_amount=0 days_alive=177 stage=0 res0=0 res1=200 res2=0 res3=0 res4=0 res5=0 res6=0 res7=0 res8=0 Garden=1 Road=3 House=1 Hothouse=2 | nw=1453723.3155
  s=  147 a= 10(BUILD:Refinery) r= -0.5478 cum=    -32.06 v= -0.1713 top5=[a26=0.040, a9=0.035, a32=0.034, a34=0.028, a5=0.028] [BUILD: Refinery]
    OBS: year=0 month=8 season=1 money=3761 credit=56227 people=28 busy=0 free=28 home_places=50 need_workers=2 tax_due=0 main_tax_due=0 tax_amount=6806 main_tax_amount=0 days_alive=178 stage=0 res0=0 res1=200 res2=0 res3=0 res4=0 res5=0 res6=0 res7=0 res8=0 Garden=1 Road=3 House=1 Hothouse=2 | nw=1453603.6725
  s=  148 a=  6(BUILD:SmallHouse) r= -0.5509 cum=    -32.61 v= -0.1734 top5=[a26=0.040, a9=0.034, a32=0.033, a34=0.028, a5=0.028] [BUILD: SmallHouse]
    OBS: year=0 month=8 season=1 money=3761 credit=56339 people=28 busy=0 free=28 home_places=50 need_workers=2 tax_due=0 main_tax_due=0 tax_amount=6806 main_tax_amount=0 days_alive=179 stage=0 res0=0 res1=200 res2=0 res3=0 res4=0 res5=0 res6=0 res7=0 res8=0 Garden=1 Road=3 House=1 Hothouse=2 | nw=1453482.1306
  s=  149 a= 35(MANAGER:1) r= +0.0143 cum=    -32.60 v= -0.1746 top5=[a26=0.040, a9=0.034, a32=0.033, a34=0.028, a21=0.028]
    OBS: year=0 month=8 season=1 money=3728 credit=56451 people=28 busy=0 free=28 home_places=50 need_workers=2 tax_due=0 main_tax_due=0 tax_amount=6806 main_tax_amount=0 days_alive=180 stage=0 res0=0 res1=200 res2=0 res3=0 res4=0 res5=0 res6=0 res7=0 res8=0 Garden=1 Road=3 House=1 Hothouse=2 | nw=1453390.2569
  s=  150 a= 30(BUILD:BigIronmine) r= -0.5551 cum=    -33.15 v= -0.1773 top5=[a26=0.040, a9=0.034, a32=0.033, a34=0.028, a21=0.028] [BUILD: BigIronmine]
    OBS: year=0 month=8 season=1 money=3728 credit=56563 people=28 busy=0 free=28 home_places=50 need_workers=2 tax_due=0 main_tax_due=0 tax_amount=6806 main_tax_amount=0 days_alive=181 stage=0 res0=0 res1=200 res2=0 res3=0 res4=0 res5=0 res6=0 res7=0 res8=0 Garden=1 Road=3 House=1 Hothouse=2 | nw=1453268.7149
  s=  151 a=  5(BUILD:House) r= -0.5577 cum=    -33.71 v= -0.1805 top5=[a26=0.039, a9=0.034, a32=0.033, a21=0.028, a5=0.028] [BUILD: House]
    OBS: year=0 month=8 season=1 money=3728 credit=56676 people=28 busy=0 free=28 home_places=50 need_workers=2 tax_due=0 main_tax_due=0 tax_amount=6806 main_tax_amount=0 days_alive=182 stage=0 res0=0 res1=200 res2=0 res3=0 res4=0 res5=0 res6=0 res7=0 res8=0 Garden=1 Road=3 House=1 Hothouse=2 | nw=1453146.1729
  s=  152 a= 13(BUILD:HydroStation) r= -0.5598 cum=    -34.27 v= -0.1839 top5=[a26=0.039, a9=0.034, a32=0.033, a21=0.028, a5=0.028] [BUILD: HydroStation]
    OBS: year=0 month=8 season=1 money=3728 credit=56789 people=28 busy=0 free=28 home_places=50 need_workers=2 tax_due=0 main_tax_due=0 tax_amount=6806 main_tax_amount=0 days_alive=183 stage=0 res0=0 res1=200 res2=0 res3=0 res4=0 res5=0 res6=0 res7=0 res8=0 Garden=1 Road=3 House=1 Hothouse=2 | nw=1453023.6310
  s=  153 a= 15(BUILD:Fish) r= -0.5618 cum=    -34.83 v= -0.1870 top5=[a26=0.039, a9=0.034, a32=0.032, a21=0.028, a5=0.028] [BUILD: Fish]
    OBS: year=0 month=9 season=2 money=3728 credit=56902 people=28 busy=0 free=28 home_places=110 need_workers=10 tax_due=0 main_tax_due=0 tax_amount=6806 main_tax_amount=0 days_alive=184 stage=0 res0=0 res1=200 res2=0 res3=0 res4=0 res5=0 res6=0 res7=0 res8=0 Garden=1 Road=3 House=1 Hothouse=2 | nw=1452901.0890
  s=  154 a= 39(MANAGER:5) r= -0.5639 cum=    -35.40 v= -0.8390 top5=[a5=0.074, a26=0.053, a9=0.052, a8=0.036, a31=0.036]
    OBS: year=0 month=9 season=2 money=3728 credit=57015 people=28 busy=0 free=28 home_places=110 need_workers=10 tax_due=0 main_tax_due=0 tax_amount=6806 main_tax_amount=0 days_alive=185 stage=0 res0=0 res1=200 res2=0 res3=0 res4=0 res5=0 res6=0 res7=0 res8=0 Garden=1 Road=3 House=1 Hothouse=2 | nw=1452778.5470
  s=  155 a= 40(MANAGER:6) r= -0.5663 cum=    -35.96 v= -0.7700 top5=[a5=0.066, a26=0.050, a9=0.049, a31=0.035, a8=0.034]
    OBS: year=0 month=9 season=2 money=3728 credit=57129 people=28 busy=0 free=28 home_places=110 need_workers=10 tax_due=0 main_tax_due=0 tax_amount=6806 main_tax_amount=0 days_alive=186 stage=0 res0=0 res1=200 res2=0 res3=0 res4=0 res5=0 res6=0 res7=0 res8=0 Garden=1 Road=3 House=1 Hothouse=2 | nw=1452655.4423
  s=  156 a= 22(BUILD:Apiary) r= -0.5686 cum=    -36.53 v= -0.7185 top5=[a5=0.058, a26=0.047, a9=0.046, a31=0.034, a22=0.033] [BUILD: Apiary]
    OBS: year=0 month=9 season=2 money=3728 credit=57243 people=28 busy=0 free=28 home_places=110 need_workers=10 tax_due=0 main_tax_due=0 tax_amount=6806 main_tax_amount=0 days_alive=187 stage=0 res0=0 res1=200 res2=0 res3=0 res4=0 res5=0 res6=0 res7=0 res8=0 Garden=1 Road=3 House=1 Hothouse=2 | nw=1452531.9003
  s=  157 a= 37(MANAGER:3) r= -0.5720 cum=    -37.10 v= -0.6801 top5=[a5=0.054, a26=0.045, a9=0.044, a31=0.034, a6=0.033]
    OBS: year=0 month=9 season=2 money=3728 credit=57357 people=28 busy=0 free=28 home_places=110 need_workers=10 tax_due=0 main_tax_due=0 tax_amount=6806 main_tax_amount=0 days_alive=188 stage=0 res0=0 res1=200 res2=0 res3=0 res4=0 res5=0 res6=0 res7=0 res8=0 Garden=1 Road=3 House=1 Hothouse=2 | nw=1452405.9237
  s=  158 a= 41(MANAGER:7) r= -0.1198 cum=    -37.22 v= -0.6509 top5=[a5=0.051, a26=0.043, a9=0.042, a31=0.033, a6=0.033]
    OBS: year=0 month=9 season=2 money=3328 credit=57471 people=28 busy=0 free=28 home_places=110 need_workers=10 tax_due=0 main_tax_due=0 tax_amount=6810 main_tax_amount=0 days_alive=189 stage=0 res0=0 res1=400 res2=0 res3=0 res4=0 res5=0 res6=0 res7=0 res8=0 Garden=1 Road=3 House=1 Hothouse=2 | nw=1452081.8461
  s=  159 a=  5(BUILD:House) r= -0.5737 cum=    -37.80 v= -0.6226 top5=[a5=0.049, a26=0.042, a9=0.041, a31=0.033, a6=0.033] [BUILD: House]
    OBS: year=0 month=9 season=2 money=3328 credit=57585 people=28 busy=0 free=28 home_places=110 need_workers=10 tax_due=0 main_tax_due=0 tax_amount=6810 main_tax_amount=0 days_alive=190 stage=0 res0=0 res1=400 res2=0 res3=0 res4=0 res5=0 res6=0 res7=0 res8=0 Garden=1 Road=3 House=1 Hothouse=2 | nw=1451960.2031
  s=  160 a=  2(BUILD:WaterChannel) r= -0.5774 cum=    -38.38 v= -0.5929 top5=[a5=0.048, a26=0.041, a9=0.040, a31=0.033, a6=0.033] [BUILD: WaterChannel]
    OBS: year=0 month=9 season=2 money=3328 credit=57700 people=28 busy=0 free=28 home_places=110 need_workers=10 tax_due=0 main_tax_due=0 tax_amount=6810 main_tax_amount=0 days_alive=191 stage=0 res0=0 res1=400 res2=0 res3=0 res4=0 res5=0 res6=0 res7=0 res8=0 Garden=1 Road=3 House=1 Hothouse=2 | nw=1451835.6612
  s=  161 a= 26(BUILD:BigSawmill) r= -0.5797 cum=    -38.96 v= -0.5669 top5=[a5=0.047, a26=0.040, a9=0.040, a6=0.033, a31=0.033] [BUILD: BigSawmill]
    OBS: year=0 month=9 season=2 money=3328 credit=57815 people=28 busy=0 free=28 home_places=110 need_workers=10 tax_due=0 main_tax_due=0 tax_amount=6810 main_tax_amount=0 days_alive=192 stage=0 res0=0 res1=400 res2=0 res3=0 res4=0 res5=0 res6=0 res7=0 res8=0 Garden=1 Road=3 House=1 Hothouse=2 | nw=1451710.5836
  s=  162 a=  6(BUILD:SmallHouse) r= -0.5817 cum=    -39.54 v= -0.5446 top5=[a5=0.046, a26=0.039, a9=0.039, a6=0.033, a31=0.032] [BUILD: SmallHouse]
    OBS: year=0 month=9 season=2 money=3328 credit=57930 people=28 busy=0 free=28 home_places=110 need_workers=10 tax_due=0 main_tax_due=0 tax_amount=6810 main_tax_amount=0 days_alive=193 stage=0 res0=0 res1=400 res2=0 res3=0 res4=0 res5=0 res6=0 res7=0 res8=0 Garden=1 Road=3 House=1 Hothouse=2 | nw=1451585.6043
  s=  163 a= 33(BUILD:AtomStation) r= -0.5835 cum=    -40.12 v= -0.5245 top5=[a5=0.045, a9=0.039, a26=0.039, a6=0.033, a31=0.032] [BUILD: AtomStation]
    OBS: year=0 month=9 season=2 money=3328 credit=58045 people=28 busy=0 free=28 home_places=110 need_workers=10 tax_due=0 main_tax_due=0 tax_amount=6810 main_tax_amount=0 days_alive=194 stage=0 res0=0 res1=400 res2=0 res3=0 res4=0 res5=0 res6=0 res7=0 res8=0 Garden=1 Road=3 House=1 Hothouse=2 | nw=1451461.0623
  s=  164 a=  3(BUILD:Farm) r= -0.5861 cum=    -40.71 v= -0.5087 top5=[a5=0.044, a9=0.038, a26=0.038, a6=0.033, a31=0.032] [BUILD: Farm]
    OBS: year=0 month=9 season=2 money=3328 credit=58161 people=28 busy=0 free=28 home_places=110 need_workers=10 tax_due=0 main_tax_due=0 tax_amount=6810 main_tax_amount=0 days_alive=195 stage=0 res0=0 res1=400 res2=0 res3=0 res4=0 res5=0 res6=0 res7=0 res8=0 Garden=1 Road=3 House=1 Hothouse=2 | nw=1451335.5204
  s=  165 a= 10(BUILD:Refinery) r= -0.5895 cum=    -41.30 v= -0.4956 top5=[a5=0.043, a9=0.038, a26=0.038, a6=0.032, a22=0.032] [BUILD: Refinery]
    OBS: year=0 month=9 season=2 money=3328 credit=58277 people=28 busy=0 free=28 home_places=110 need_workers=10 tax_due=0 main_tax_due=0 tax_amount=6810 main_tax_amount=0 days_alive=196 stage=0 res0=0 res1=400 res2=0 res3=0 res4=0 res5=0 res6=0 res7=0 res8=0 Garden=1 Road=3 House=1 Hothouse=2 | nw=1451207.6421
  s=  166 a=  5(BUILD:House) r= -0.5902 cum=    -41.89 v= -0.4836 top5=[a5=0.042, a9=0.038, a26=0.038, a6=0.032, a22=0.032] [BUILD: House]
    OBS: year=0 month=9 season=2 money=3328 credit=58393 people=28 busy=0 free=28 home_places=110 need_workers=10 tax_due=0 main_tax_due=0 tax_amount=6810 main_tax_amount=0 days_alive=197 stage=0 res0=0 res1=400 res2=0 res3=0 res4=0 res5=0 res6=0 res7=0 res8=0 Garden=1 Road=3 House=1 Hothouse=2 | nw=1451082.1001
  s=  167 a= 38(MANAGER:4) r= -0.5933 cum=    -42.48 v= -0.4729 top5=[a5=0.042, a26=0.037, a9=0.037, a6=0.032, a22=0.032]
    OBS: year=0 month=9 season=2 money=3328 credit=58509 people=28 busy=0 free=28 home_places=110 need_workers=10 tax_due=0 main_tax_due=0 tax_amount=6810 main_tax_amount=0 days_alive=198 stage=0 res0=0 res1=400 res2=0 res3=0 res4=0 res5=0 res6=0 res7=0 res8=0 Garden=1 Road=3 House=1 Hothouse=2 | nw=1450954.6591
  s=  168 a=  5(BUILD:House) r= -0.5948 cum=    -43.07 v= -0.4630 top5=[a5=0.041, a26=0.037, a9=0.037, a6=0.032, a22=0.032] [BUILD: House]
    OBS: year=0 month=9 season=2 money=3328 credit=58626 people=28 busy=0 free=28 home_places=110 need_workers=10 tax_due=0 main_tax_due=0 tax_amount=6810 main_tax_amount=0 days_alive=199 stage=0 res0=0 res1=400 res2=0 res3=0 res4=0 res5=0 res6=0 res7=0 res8=0 Garden=1 Road=3 House=1 Hothouse=2 | nw=1450828.1171
  s=  169 a= 23(BUILD:Torchlight) r= +0.5731 cum=    -42.50 v= -0.4542 top5=[a5=0.041, a26=0.037, a9=0.037, a6=0.032, a22=0.032] [BUILD: Torchlight]
    OBS: year=0 month=9 season=2 money=3328 credit=58743 people=28 busy=0 free=28 home_places=110 need_workers=10 tax_due=0 main_tax_due=0 tax_amount=6810 main_tax_amount=0 days_alive=200 stage=0 res0=0 res1=400 res2=0 res3=0 res4=0 res5=0 res6=0 res7=0 res8=0 Garden=1 Road=3 House=1 Hothouse=2 | nw=1450701.5752
  s=  170 a= 16(BUILD:CoalCut) r= -0.5987 cum=    -43.10 v= -0.4458 top5=[a5=0.040, a26=0.037, a9=0.036, a6=0.032, a22=0.031] [BUILD: CoalCut]
    OBS: year=0 month=9 season=2 money=3328 credit=58860 people=28 busy=0 free=28 home_places=110 need_workers=10 tax_due=0 main_tax_due=0 tax_amount=6810 main_tax_amount=0 days_alive=201 stage=0 res0=0 res1=400 res2=0 res3=0 res4=0 res5=0 res6=0 res7=0 res8=0 Garden=1 Road=3 House=1 Hothouse=2 | nw=1450574.5959
  s=  171 a= 40(MANAGER:6) r= +0.1166 cum=    -42.98 v= -0.4370 top5=[a5=0.039, a26=0.036, a9=0.036, a6=0.032, a22=0.031]
    OBS: year=0 month=9 season=2 money=3528 credit=58977 people=28 busy=0 free=28 home_places=110 need_workers=10 tax_due=0 main_tax_due=0 tax_amount=6814 main_tax_amount=0 days_alive=202 stage=0 res0=0 res1=200 res2=0 res3=0 res4=0 res5=0 res6=0 res7=0 res8=0 Garden=1 Road=3 House=1 Hothouse=2 | nw=1450448.0540
  s=  172 a= 36(MANAGER:2) r= +0.6369 cum=    -42.35 v= -0.4283 top5=[a5=0.039, a26=0.036, a9=0.036, a6=0.032, a22=0.031]
    OBS: year=0 month=9 season=2 money=3412 credit=59094 people=29 busy=0 free=29 home_places=110 need_workers=10 tax_due=0 main_tax_due=0 tax_amount=6814 main_tax_amount=0 days_alive=203 stage=0 res0=0 res1=200 res2=0 res3=0 res4=0 res5=0 res6=0 res7=0 res8=0 Garden=1 Road=3 House=1 Hothouse=2 | nw=1450423.9014
  s=  173 a= 31(BUILD:AirStation) r= -0.6044 cum=    -42.95 v= -0.4127 top5=[a5=0.038, a9=0.036, a26=0.036, a6=0.032, a22=0.031] [BUILD: AirStation]
    OBS: year=0 month=9 season=2 money=3412 credit=59212 people=29 busy=0 free=29 home_places=110 need_workers=10 tax_due=0 main_tax_due=0 tax_amount=6814 main_tax_amount=0 days_alive=204 stage=0 res0=0 res1=200 res2=0 res3=0 res4=0 res5=0 res6=0 res7=0 res8=0 Garden=1 Road=3 House=1 Hothouse=2 | nw=1450296.7967
  s=  174 a= 33(BUILD:AtomStation) r= -5.9236 cum=    -48.87 v= -0.4067 top5=[a5=0.038, a9=0.036, a26=0.035, a6=0.032, a22=0.031] [BUILD FAILED: AtomStation money=3412 free=28]
    OBS: year=0 month=9 season=2 money=3412 credit=59330 people=28 busy=0 free=28 home_places=110 need_workers=10 tax_due=0 main_tax_due=0 tax_amount=6814 main_tax_amount=0 days_alive=205 stage=0 res0=0 res1=200 res2=0 res3=0 res4=0 res5=0 res6=0 res7=0 res8=0 Garden=1 Road=3 House=1 Hothouse=2 | nw=1450169.2547
  s=  175 a=  4(BUILD:Garden) r= -0.2040 cum=    -49.08 v= -0.4093 top5=[a5=0.037, a26=0.036, a9=0.036, a6=0.032, a22=0.031] [BUILD: Garden]
    OBS: year=0 month=9 season=2 money=3412 credit=59448 people=28 busy=0 free=28 home_places=110 need_workers=10 tax_due=0 main_tax_due=0 tax_amount=6814 main_tax_amount=0 days_alive=206 stage=0 res0=0 res1=200 res2=0 res3=0 res4=0 res5=0 res6=0 res7=0 res8=0 Garden=1 Road=3 House=1 Hothouse=2 | nw=1450039.3764
  s=  176 a= 41(MANAGER:7) r= -0.1282 cum=    -49.21 v= -0.4045 top5=[a5=0.037, a26=0.036, a9=0.036, a6=0.032, a22=0.031]
    OBS: year=0 month=9 season=2 money=3012 credit=59566 people=28 busy=0 free=28 home_places=110 need_workers=10 tax_due=0 main_tax_due=0 tax_amount=6818 main_tax_amount=0 days_alive=207 stage=0 res0=0 res1=400 res2=0 res3=0 res4=0 res5=0 res6=0 res7=0 res8=0 Garden=1 Road=3 House=1 Hothouse=2 | nw=1449715.1953
  s=  177 a= 25(BUILD:SuperHouse) r= -0.5948 cum=    -49.80 v= -0.4004 top5=[a5=0.036, a26=0.036, a9=0.036, a6=0.032, a22=0.031] [BUILD: SuperHouse]
    OBS: year=0 month=9 season=2 money=3012 credit=59685 people=28 busy=0 free=28 home_places=110 need_workers=10 tax_due=0 main_tax_due=0 tax_amount=6818 main_tax_amount=0 days_alive=208 stage=0 res0=0 res1=400 res2=0 res3=0 res4=0 res5=0 res6=0 res7=0 res8=0 Garden=1 Road=3 House=1 Hothouse=2 | nw=1449586.6533
  s=  178 a= 44(MANAGER:10) r= +0.2732 cum=    -49.53 v= -0.3955 top5=[a5=0.036, a26=0.036, a9=0.035, a6=0.032, a22=0.031]
    OBS: year=0 month=9 season=2 money=3012 credit=59804 people=28 busy=0 free=28 home_places=110 need_workers=10 tax_due=0 main_tax_due=0 tax_amount=6818 main_tax_amount=0 days_alive=209 stage=0 res0=0 res1=400 res2=0 res3=0 res4=0 res5=0 res6=0 res7=0 res8=0 Garden=1 Road=3 House=1 Hothouse=2 | nw=1449456.2123
  s=  179 a= 33(BUILD:AtomStation) r= -0.5985 cum=    -50.13 v= -0.3907 top5=[a26=0.036, a9=0.035, a5=0.035, a6=0.032, a22=0.031] [BUILD: AtomStation]
    OBS: year=0 month=9 season=2 money=3012 credit=59923 people=28 busy=0 free=28 home_places=110 need_workers=10 tax_due=0 main_tax_due=0 tax_amount=6818 main_tax_amount=0 days_alive=210 stage=0 res0=0 res1=400 res2=0 res3=0 res4=0 res5=0 res6=0 res7=0 res8=0 Garden=1 Road=3 House=1 Hothouse=2 | nw=1449327.6703
  s=  180 a=  9(BUILD:Ironmine) r= -0.6013 cum=    -50.73 v= -0.3860 top5=[a26=0.036, a9=0.035, a5=0.035, a6=0.032, a22=0.031] [BUILD: Ironmine]
    OBS: year=0 month=9 season=2 money=3012 credit=60042 people=28 busy=0 free=28 home_places=110 need_workers=10 tax_due=0 main_tax_due=0 tax_amount=6818 main_tax_amount=0 days_alive=211 stage=0 res0=0 res1=400 res2=0 res3=0 res4=0 res5=0 res6=0 res7=0 res8=0 Garden=1 Road=3 House=1 Hothouse=2 | nw=1449197.7650
  s=  181 a=  5(BUILD:House) r= -0.6030 cum=    -51.33 v= -0.3833 top5=[a9=0.035, a26=0.035, a5=0.035, a6=0.032, a22=0.031] [BUILD: House]
    OBS: year=0 month=9 season=2 money=3012 credit=60162 people=28 busy=0 free=28 home_places=110 need_workers=10 tax_due=0 main_tax_due=0 tax_amount=6818 main_tax_amount=0 days_alive=212 stage=0 res0=0 res1=400 res2=0 res3=0 res4=0 res5=0 res6=0 res7=0 res8=0 Garden=1 Road=3 House=1 Hothouse=2 | nw=1449068.2230
  s=  182 a= 19(BUILD:Mushroom) r= -0.6049 cum=    -51.94 v= -0.3806 top5=[a9=0.035, a26=0.035, a5=0.034, a6=0.033, a22=0.031] [BUILD: Mushroom]
    OBS: year=0 month=9 season=2 money=3012 credit=60282 people=28 busy=0 free=28 home_places=110 need_workers=10 tax_due=0 main_tax_due=0 tax_amount=6818 main_tax_amount=0 days_alive=213 stage=0 res0=0 res1=400 res2=0 res3=0 res4=0 res5=0 res6=0 res7=0 res8=0 Garden=1 Road=3 House=1 Hothouse=2 | nw=1448938.6810
  s=  183 a= 39(MANAGER:5) r= -0.6069 cum=    -52.54 v= -0.3785 top5=[a9=0.035, a26=0.035, a5=0.034, a6=0.033, a22=0.031]
    OBS: year=0 month=10 season=2 money=3012 credit=60402 people=28 busy=0 free=28 home_places=110 need_workers=10 tax_due=0 main_tax_due=0 tax_amount=6818 main_tax_amount=0 days_alive=214 stage=0 res0=0 res1=400 res2=0 res3=0 res4=0 res5=0 res6=0 res7=0 res8=0 Garden=1 Road=3 House=1 Hothouse=2 | nw=1448809.1390
  s=  184 a= 33(BUILD:AtomStation) r= -0.6088 cum=    -53.15 v= -0.3815 top5=[a5=0.038, a9=0.034, a26=0.033, a32=0.032, a6=0.031] [BUILD: AtomStation]
    OBS: year=0 month=10 season=2 money=3012 credit=60522 people=28 busy=0 free=28 home_places=110 need_workers=10 tax_due=0 main_tax_due=0 tax_amount=6818 main_tax_amount=0 days_alive=215 stage=0 res0=0 res1=400 res2=0 res3=0 res4=0 res5=0 res6=0 res7=0 res8=0 Garden=1 Road=3 House=1 Hothouse=2 | nw=1448679.5971
  s=  185 a= 41(MANAGER:7) r= -0.6125 cum=    -53.76 v= -0.3750 top5=[a5=0.038, a9=0.034, a26=0.033, a32=0.031, a6=0.031]
    OBS: year=0 month=10 season=2 money=3012 credit=60643 people=28 busy=0 free=28 home_places=110 need_workers=10 tax_due=0 main_tax_due=0 tax_amount=6818 main_tax_amount=0 days_alive=216 stage=0 res0=0 res1=400 res2=0 res3=0 res4=0 res5=0 res6=0 res7=0 res8=0 Garden=1 Road=3 House=1 Hothouse=2 | nw=1448547.1561
  s=  186 a= 43(MANAGER:9) r= -0.6136 cum=    -54.38 v= -0.3688 top5=[a5=0.038, a9=0.034, a26=0.033, a32=0.031, a6=0.031]
    OBS: year=0 month=10 season=2 money=3012 credit=60764 people=28 busy=0 free=28 home_places=110 need_workers=10 tax_due=0 main_tax_due=0 tax_amount=6818 main_tax_amount=0 days_alive=217 stage=0 res0=0 res1=400 res2=0 res3=0 res4=0 res5=0 res6=0 res7=0 res8=0 Garden=1 Road=3 House=1 Hothouse=2 | nw=1448416.0784
  s=  187 a= 28(BUILD:BigRefinary) r= -0.6152 cum=    -54.99 v= -0.3626 top5=[a5=0.037, a9=0.034, a26=0.033, a32=0.031, a6=0.031] [BUILD: BigRefinary]
    OBS: year=0 month=10 season=2 money=3012 credit=60885 people=28 busy=0 free=28 home_places=110 need_workers=10 tax_due=0 main_tax_due=0 tax_amount=6818 main_tax_amount=0 days_alive=218 stage=0 res0=0 res1=400 res2=0 res3=0 res4=0 res5=0 res6=0 res7=0 res8=0 Garden=1 Road=3 House=1 Hothouse=2 | nw=1448285.5365
  s=  188 a= 37(MANAGER:3) r= -0.6174 cum=    -55.61 v= -0.3568 top5=[a5=0.037, a9=0.034, a26=0.032, a32=0.031, a6=0.031]
    OBS: year=0 month=10 season=2 money=3012 credit=61006 people=28 busy=0 free=28 home_places=110 need_workers=10 tax_due=0 main_tax_due=0 tax_amount=6818 main_tax_amount=0 days_alive=219 stage=0 res0=0 res1=400 res2=0 res3=0 res4=0 res5=0 res6=0 res7=0 res8=0 Garden=1 Road=3 House=1 Hothouse=2 | nw=1448154.5572
  s=  189 a= 43(MANAGER:9) r= -0.6185 cum=    -56.23 v= -0.3512 top5=[a5=0.037, a9=0.034, a26=0.032, a32=0.031, a6=0.031]
    OBS: year=0 month=10 season=2 money=3012 credit=61128 people=28 busy=0 free=28 home_places=110 need_workers=10 tax_due=0 main_tax_due=0 tax_amount=6818 main_tax_amount=0 days_alive=220 stage=0 res0=0 res1=400 res2=0 res3=0 res4=0 res5=0 res6=0 res7=0 res8=0 Garden=1 Road=3 House=1 Hothouse=2 | nw=1448024.9143
  s=  190 a=  0(DAY) r= -5.9892 cum=    -62.22 v= -0.3458 top5=[a5=0.036, a9=0.033, a26=0.032, a32=0.031, a6=0.030]
    OBS: year=0 month=10 season=2 money=3012 credit=61250 people=28 busy=0 free=28 home_places=110 need_workers=10 tax_due=0 main_tax_due=0 tax_amount=6818 main_tax_amount=0 days_alive=221 stage=0 res0=0 res1=400 res2=0 res3=0 res4=0 res5=0 res6=0 res7=0 res8=0 Garden=1 Road=3 House=1 Hothouse=2 | nw=1447891.4733
  s=  191 a= 32(BUILD:SmallAtomStation) r= -0.6070 cum=    -62.82 v= -0.3406 top5=[a5=0.036, a9=0.033, a26=0.032, a32=0.031, a6=0.030] [BUILD: SmallAtomStation]
    OBS: year=0 month=10 season=2 money=3012 credit=61372 people=28 busy=0 free=28 home_places=110 need_workers=10 tax_due=0 main_tax_due=0 tax_amount=6818 main_tax_amount=0 days_alive=222 stage=0 res0=0 res1=400 res2=0 res3=0 res4=0 res5=0 res6=0 res7=0 res8=0 Garden=1 Road=3 House=1 Hothouse=2 | nw=1447757.4966
  s=  192 a= 37(MANAGER:3) r= -0.6074 cum=    -63.43 v= -0.3357 top5=[a5=0.036, a9=0.033, a26=0.032, a32=0.031, a6=0.030]
    OBS: year=0 month=10 season=2 money=3012 credit=61494 people=28 busy=0 free=28 home_places=110 need_workers=10 tax_due=0 main_tax_due=0 tax_amount=6818 main_tax_amount=0 days_alive=223 stage=0 res0=0 res1=400 res2=0 res3=0 res4=0 res5=0 res6=0 res7=0 res8=0 Garden=1 Road=3 House=1 Hothouse=2 | nw=1447625.9547
  s=  193 a=  5(BUILD:House) r= -0.6104 cum=    -64.04 v= -0.3312 top5=[a5=0.035, a9=0.033, a26=0.032, a32=0.031, a6=0.030] [BUILD: House]
    OBS: year=0 month=10 season=2 money=3012 credit=61616 people=28 busy=0 free=28 home_places=110 need_workers=10 tax_due=0 main_tax_due=0 tax_amount=6818 main_tax_amount=0 days_alive=224 stage=0 res0=0 res1=400 res2=0 res3=0 res4=0 res5=0 res6=0 res7=0 res8=0 Garden=1 Road=3 House=1 Hothouse=2 | nw=1447492.5137
  s=  194 a=  3(BUILD:Farm) r= -0.6118 cum=    -64.65 v= -0.3269 top5=[a5=0.035, a9=0.033, a26=0.032, a32=0.031, a6=0.030] [BUILD: Farm]
    OBS: year=0 month=10 season=2 money=3012 credit=61739 people=28 busy=0 free=28 home_places=110 need_workers=10 tax_due=0 main_tax_due=0 tax_amount=6818 main_tax_amount=0 days_alive=225 stage=0 res0=0 res1=400 res2=0 res3=0 res4=0 res5=0 res6=0 res7=0 res8=0 Garden=1 Road=3 House=1 Hothouse=2 | nw=1447359.9717
  s=  195 a= 29(BUILD:Puerperal) r= -0.6125 cum=    -65.27 v= -0.3232 top5=[a5=0.035, a9=0.033, a26=0.032, a32=0.030, a6=0.030] [BUILD: Puerperal]
    OBS: year=0 month=10 season=2 money=3012 credit=61862 people=28 busy=0 free=28 home_places=110 need_workers=10 tax_due=0 main_tax_due=0 tax_amount=6818 main_tax_amount=0 days_alive=226 stage=0 res0=0 res1=400 res2=0 res3=0 res4=0 res5=0 res6=0 res7=0 res8=0 Garden=1 Road=3 House=1 Hothouse=2 | nw=1447229.3288
  s=  196 a=  3(BUILD:Farm) r= -0.6155 cum=    -65.88 v= -0.3224 top5=[a5=0.035, a9=0.033, a26=0.032, a32=0.030, a6=0.030] [BUILD: Farm]
    OBS: year=0 month=10 season=2 money=3012 credit=61985 people=28 busy=0 free=28 home_places=110 need_workers=10 tax_due=0 main_tax_due=0 tax_amount=6818 main_tax_amount=0 days_alive=227 stage=0 res0=0 res1=400 res2=0 res3=0 res4=0 res5=0 res6=0 res7=0 res8=0 Garden=1 Road=3 House=1 Hothouse=2 | nw=1447096.7868
  s=  197 a= 34(MANAGER:0) r= -0.6174 cum=    -66.50 v= -0.3230 top5=[a5=0.034, a9=0.033, a26=0.032, a32=0.030, a6=0.030]
    OBS: year=0 month=10 season=2 money=3012 credit=62108 people=28 busy=0 free=28 home_places=110 need_workers=10 tax_due=0 main_tax_due=0 tax_amount=6818 main_tax_amount=0 days_alive=228 stage=0 res0=0 res1=400 res2=0 res3=0 res4=0 res5=0 res6=0 res7=0 res8=0 Garden=1 Road=3 House=1 Hothouse=2 | nw=1446964.2448
  s=  198 a= 16(BUILD:CoalCut) r= -0.6213 cum=    -67.12 v= -0.3235 top5=[a5=0.034, a9=0.033, a26=0.032, a32=0.030, a6=0.030] [BUILD: CoalCut]
    OBS: year=0 month=10 season=2 money=3012 credit=62232 people=28 busy=0 free=28 home_places=110 need_workers=10 tax_due=0 main_tax_due=0 tax_amount=6818 main_tax_amount=0 days_alive=229 stage=0 res0=0 res1=400 res2=0 res3=0 res4=0 res5=0 res6=0 res7=0 res8=0 Garden=1 Road=3 House=1 Hothouse=2 | nw=1446828.2682
  s=  199 a= 40(MANAGER:6) r= +0.1034 cum=    -67.02 v= -0.3239 top5=[a5=0.033, a9=0.033, a26=0.032, a6=0.030, a32=0.030]
    OBS: year=0 month=10 season=2 money=3212 credit=62356 people=28 busy=0 free=28 home_places=110 need_workers=10 tax_due=0 main_tax_due=0 tax_amount=6822 main_tax_amount=0 days_alive=230 stage=0 res0=0 res1=200 res2=0 res3=0 res4=0 res5=0 res6=0 res7=0 res8=0 Garden=1 Road=3 House=1 Hothouse=2 | nw=1446694.1906
  s=  200 a=  6(BUILD:SmallHouse) r= -0.6235 cum=    -67.64 v= -0.3219 top5=[a5=0.033, a9=0.033, a26=0.032, a6=0.030, a32=0.030] [BUILD: SmallHouse]
    OBS: year=0 month=10 season=2 money=3212 credit=62480 people=28 busy=0 free=28 home_places=110 need_workers=10 tax_due=0 main_tax_due=0 tax_amount=6822 main_tax_amount=0 days_alive=231 stage=0 res0=0 res1=200 res2=0 res3=0 res4=0 res5=0 res6=0 res7=0 res8=0 Garden=1 Road=3 House=1 Hothouse=2 | nw=1446560.6486
  s=  201 a= 41(MANAGER:7) r= -0.1462 cum=    -67.79 v= -0.3200 top5=[a5=0.033, a9=0.033, a26=0.032, a6=0.030, a32=0.030]
    OBS: year=0 month=10 season=2 money=2812 credit=62604 people=28 busy=0 free=28 home_places=110 need_workers=10 tax_due=0 main_tax_due=0 tax_amount=6826 main_tax_amount=0 days_alive=232 stage=0 res0=0 res1=400 res2=0 res3=0 res4=0 res5=0 res6=0 res7=0 res8=0 Garden=1 Road=3 House=1 Hothouse=2 | nw=1446229.0056
  s=  202 a=  6(BUILD:SmallHouse) r= -0.6279 cum=    -68.42 v= -0.3176 top5=[a9=0.033, a5=0.033, a26=0.033, a6=0.030, a32=0.030] [BUILD: SmallHouse]
    OBS: year=0 month=10 season=2 money=2812 credit=62729 people=28 busy=0 free=28 home_places=110 need_workers=10 tax_due=0 main_tax_due=0 tax_amount=6826 main_tax_amount=0 days_alive=233 stage=0 res0=0 res1=400 res2=0 res3=0 res4=0 res5=0 res6=0 res7=0 res8=0 Garden=1 Road=3 House=1 Hothouse=2 | nw=1446094.4637
  s=  203 a= 29(BUILD:Puerperal) r= -0.6298 cum=    -69.04 v= -0.3146 top5=[a9=0.033, a26=0.033, a5=0.032, a6=0.030, a22=0.030] [BUILD: Puerperal]
    OBS: year=0 month=10 season=2 money=2812 credit=62854 people=28 busy=0 free=28 home_places=110 need_workers=10 tax_due=0 main_tax_due=0 tax_amount=6826 main_tax_amount=0 days_alive=234 stage=0 res0=0 res1=400 res2=0 res3=0 res4=0 res5=0 res6=0 res7=0 res8=0 Garden=1 Road=3 House=1 Hothouse=2 | nw=1445959.9217
  s=  204 a= 24(BUILD:Hothouse) r= -0.6316 cum=    -69.68 v= -0.3113 top5=[a9=0.033, a26=0.033, a5=0.032, a6=0.030, a22=0.030] [BUILD: Hothouse]
    OBS: year=0 month=10 season=2 money=2812 credit=62979 people=28 busy=0 free=28 home_places=110 need_workers=10 tax_due=0 main_tax_due=0 tax_amount=6826 main_tax_amount=0 days_alive=235 stage=0 res0=0 res1=400 res2=0 res3=0 res4=0 res5=0 res6=0 res7=0 res8=0 Garden=1 Road=3 House=1 Hothouse=2 | nw=1445825.3797
  s=  205 a=  0(DAY) r= -6.0328 cum=    -75.71 v= -0.3083 top5=[a9=0.033, a26=0.033, a5=0.032, a6=0.031, a22=0.030]
    OBS: year=0 month=10 season=2 money=2812 credit=63104 people=28 busy=0 free=28 home_places=110 need_workers=10 tax_due=0 main_tax_due=0 tax_amount=6826 main_tax_amount=0 days_alive=236 stage=0 res0=0 res1=400 res2=0 res3=0 res4=0 res5=0 res6=0 res7=0 res8=0 Garden=1 Road=3 House=1 Hothouse=2 | nw=1445690.8378
  s=  206 a= 15(BUILD:Fish) r= -0.6187 cum=    -76.33 v= -0.3061 top5=[a26=0.033, a9=0.033, a5=0.031, a6=0.031, a22=0.030] [BUILD: Fish]
    OBS: year=0 month=10 season=2 money=2812 credit=63230 people=28 busy=0 free=28 home_places=110 need_workers=10 tax_due=0 main_tax_due=0 tax_amount=6826 main_tax_amount=0 days_alive=237 stage=0 res0=0 res1=400 res2=0 res3=0 res4=0 res5=0 res6=0 res7=0 res8=0 Garden=1 Road=3 House=1 Hothouse=2 | nw=1445555.2958
  s=  207 a= 38(MANAGER:4) r= -0.6219 cum=    -76.95 v= -0.3048 top5=[a26=0.033, a9=0.033, a5=0.031, a6=0.031, a22=0.030]
    OBS: year=0 month=10 season=2 money=2812 credit=63356 people=28 busy=0 free=28 home_places=110 need_workers=10 tax_due=0 main_tax_due=0 tax_amount=6826 main_tax_amount=0 days_alive=238 stage=0 res0=0 res1=400 res2=0 res3=0 res4=0 res5=0 res6=0 res7=0 res8=0 Garden=1 Road=3 House=1 Hothouse=2 | nw=1445417.4175
  s=  208 a=  9(BUILD:Ironmine) r= -0.6223 cum=    -77.57 v= -0.3037 top5=[a26=0.033, a9=0.033, a5=0.031, a6=0.031, a22=0.030] [BUILD: Ironmine]
    OBS: year=0 month=10 season=2 money=2812 credit=63482 people=28 busy=0 free=28 home_places=110 need_workers=10 tax_due=0 main_tax_due=0 tax_amount=6826 main_tax_amount=0 days_alive=239 stage=0 res0=0 res1=400 res2=0 res3=0 res4=0 res5=0 res6=0 res7=0 res8=0 Garden=1 Road=3 House=1 Hothouse=2 | nw=1445281.8755
  s=  209 a=  6(BUILD:SmallHouse) r= -0.6253 cum=    -78.20 v= -0.3034 top5=[a26=0.033, a9=0.033, a5=0.031, a6=0.031, a22=0.030] [BUILD: SmallHouse]
    OBS: year=0 month=10 season=2 money=2812 credit=63608 people=28 busy=0 free=28 home_places=110 need_workers=10 tax_due=0 main_tax_due=0 tax_amount=6826 main_tax_amount=0 days_alive=240 stage=0 res0=0 res1=400 res2=0 res3=0 res4=0 res5=0 res6=0 res7=0 res8=0 Garden=1 Road=3 House=1 Hothouse=2 | nw=1445144.4345
  s=  210 a= 27(BUILD:WaterMill) r= -0.6266 cum=    -78.82 v= -0.3031 top5=[a26=0.033, a9=0.033, a6=0.031, a5=0.031, a32=0.030] [BUILD: WaterMill]
    OBS: year=0 month=10 season=2 money=2812 credit=63735 people=28 busy=0 free=28 home_places=110 need_workers=10 tax_due=0 main_tax_due=0 tax_amount=6826 main_tax_amount=0 days_alive=241 stage=0 res0=0 res1=400 res2=0 res3=0 res4=0 res5=0 res6=0 res7=0 res8=0 Garden=1 Road=3 House=1 Hothouse=2 | nw=1445007.8926
  s=  211 a=  8(BUILD:Coalmine) r= -0.6284 cum=    -79.45 v= -0.3030 top5=[a9=0.033, a26=0.033, a6=0.031, a5=0.030, a32=0.030] [BUILD: Coalmine]
    OBS: year=0 month=10 season=2 money=2812 credit=63862 people=28 busy=0 free=28 home_places=110 need_workers=10 tax_due=0 main_tax_due=0 tax_amount=6826 main_tax_amount=0 days_alive=242 stage=0 res0=0 res1=400 res2=0 res3=0 res4=0 res5=0 res6=0 res7=0 res8=0 Garden=1 Road=3 House=1 Hothouse=2 | nw=1444871.3506
  s=  212 a= 41(MANAGER:7) r= -0.6302 cum=    -80.08 v= -0.3028 top5=[a9=0.033, a26=0.033, a6=0.031, a5=0.030, a32=0.030]
    OBS: year=0 month=10 season=2 money=2812 credit=63989 people=28 busy=0 free=28 home_places=110 need_workers=10 tax_due=0 main_tax_due=0 tax_amount=6826 main_tax_amount=0 days_alive=243 stage=0 res0=0 res1=400 res2=0 res3=0 res4=0 res5=0 res6=0 res7=0 res8=0 Garden=1 Road=3 House=1 Hothouse=2 | nw=1444734.8086
  s=  213 a= 30(BUILD:BigIronmine) r= -0.6323 cum=    -80.72 v= -0.3038 top5=[a9=0.033, a26=0.033, a6=0.031, a5=0.030, a32=0.030] [BUILD: BigIronmine]
    OBS: year=0 month=10 season=2 money=2812 credit=64116 people=28 busy=0 free=28 home_places=110 need_workers=10 tax_due=0 main_tax_due=0 tax_amount=6826 main_tax_amount=0 days_alive=244 stage=0 res0=0 res1=400 res2=0 res3=0 res4=0 res5=0 res6=0 res7=0 res8=0 Garden=1 Road=3 House=1 Hothouse=2 | nw=1444597.7310
  s=  214 a= 17(BUILD:HuntingLand) r= -0.6358 cum=    -81.35 v= -0.3064 top5=[a9=0.033, a26=0.033, a6=0.031, a5=0.030, a32=0.030] [BUILD: HuntingLand]
    OBS: year=0 month=11 season=2 money=2812 credit=64244 people=28 busy=0 free=28 home_places=110 need_workers=10 tax_due=0 main_tax_due=0 tax_amount=6826 main_tax_amount=0 days_alive=245 stage=0 res0=0 res1=400 res2=0 res3=0 res4=0 res5=0 res6=0 res7=0 res8=0 Garden=1 Road=3 House=1 Hothouse=2 | nw=1444457.8527
  s=  215 a= 21(BUILD:BigFarm) r= -0.6362 cum=    -81.99 v= -0.3170 top5=[a5=0.035, a9=0.032, a32=0.031, a26=0.030, a6=0.030] [BUILD: BigFarm]
    OBS: year=0 month=11 season=2 money=2812 credit=64372 people=28 busy=0 free=28 home_places=110 need_workers=10 tax_due=0 main_tax_due=0 tax_amount=6826 main_tax_amount=0 days_alive=246 stage=0 res0=0 res1=400 res2=0 res3=0 res4=0 res5=0 res6=0 res7=0 res8=0 Garden=1 Road=3 House=1 Hothouse=2 | nw=1444320.3107
  s=  216 a= 44(MANAGER:10) r= +0.2622 cum=    -81.72 v= -0.3123 top5=[a5=0.035, a9=0.032, a32=0.031, a26=0.030, a6=0.030]
    OBS: year=0 month=11 season=2 money=2812 credit=64500 people=28 busy=0 free=28 home_places=110 need_workers=10 tax_due=0 main_tax_due=0 tax_amount=6826 main_tax_amount=0 days_alive=247 stage=0 res0=0 res1=400 res2=0 res3=0 res4=0 res5=0 res6=0 res7=0 res8=0 Garden=1 Road=3 House=1 Hothouse=2 | nw=1444178.4351
  s=  217 a= 22(BUILD:Apiary) r= -0.6403 cum=    -82.37 v= -0.3077 top5=[a5=0.035, a9=0.032, a32=0.031, a26=0.030, a6=0.030] [BUILD: Apiary]
    OBS: year=0 month=11 season=2 money=2812 credit=64629 people=28 busy=0 free=28 home_places=110 need_workers=10 tax_due=0 main_tax_due=0 tax_amount=6826 main_tax_amount=0 days_alive=248 stage=0 res0=0 res1=400 res2=0 res3=0 res4=0 res5=0 res6=0 res7=0 res8=0 Garden=1 Road=3 House=1 Hothouse=2 | nw=1444039.8931
  s=  218 a= 26(BUILD:BigSawmill) r= -0.6430 cum=    -83.01 v= -0.3034 top5=[a5=0.034, a9=0.032, a32=0.031, a26=0.030, a6=0.030] [BUILD: BigSawmill]
    OBS: year=0 month=11 season=2 money=2812 credit=64758 people=28 busy=0 free=28 home_places=110 need_workers=10 tax_due=0 main_tax_due=0 tax_amount=6826 main_tax_amount=0 days_alive=249 stage=0 res0=0 res1=400 res2=0 res3=0 res4=0 res5=0 res6=0 res7=0 res8=0 Garden=1 Road=3 House=1 Hothouse=2 | nw=1443899.8893
  s=  219 a= 21(BUILD:BigFarm) r= -0.6442 cum=    -83.65 v= -0.2993 top5=[a5=0.034, a9=0.031, a32=0.030, a26=0.030, a6=0.030] [BUILD: BigFarm]
    OBS: year=0 month=11 season=2 money=2812 credit=64887 people=28 busy=0 free=28 home_places=110 need_workers=10 tax_due=0 main_tax_due=0 tax_amount=6826 main_tax_amount=0 days_alive=250 stage=0 res0=0 res1=400 res2=0 res3=0 res4=0 res5=0 res6=0 res7=0 res8=0 Garden=1 Road=3 House=1 Hothouse=2 | nw=1443760.8117
  s=  220 a= 31(BUILD:AirStation) r= -0.6457 cum=    -84.30 v= -0.2957 top5=[a5=0.034, a9=0.031, a32=0.030, a26=0.030, a6=0.030] [BUILD: AirStation]
    OBS: year=0 month=11 season=2 money=2812 credit=65016 people=28 busy=0 free=28 home_places=110 need_workers=10 tax_due=0 main_tax_due=0 tax_amount=6826 main_tax_amount=0 days_alive=251 stage=0 res0=0 res1=400 res2=0 res3=0 res4=0 res5=0 res6=0 res7=0 res8=0 Garden=1 Road=3 House=1 Hothouse=2 | nw=1443622.2698
  s=  221 a=  0(DAY) r= -0.0397 cum=    -84.34 v= -0.2923 top5=[a5=0.034, a9=0.031, a32=0.030, a26=0.030, a6=0.030]
    OBS: year=0 month=11 season=2 money=2812 credit=65146 people=28 busy=0 free=28 home_places=110 need_workers=10 tax_due=0 main_tax_due=0 tax_amount=6826 main_tax_amount=0 days_alive=252 stage=0 res0=0 res1=400 res2=0 res3=0 res4=0 res5=0 res6=0 res7=0 res8=0 Garden=1 Road=3 House=1 Hothouse=2 | nw=1443482.7278
  s=  222 a= 27(BUILD:WaterMill) r= -0.6499 cum=    -84.99 v= -0.2887 top5=[a5=0.033, a9=0.031, a32=0.030, a26=0.030, a6=0.029] [BUILD: WaterMill]
    OBS: year=0 month=11 season=2 money=2812 credit=65276 people=28 busy=0 free=28 home_places=110 need_workers=10 tax_due=0 main_tax_due=0 tax_amount=6826 main_tax_amount=0 days_alive=253 stage=0 res0=0 res1=400 res2=0 res3=0 res4=0 res5=0 res6=0 res7=0 res8=0 Garden=1 Road=3 House=1 Hothouse=2 | nw=1443343.1858
  s=  223 a=  5(BUILD:House) r= -0.6529 cum=    -85.64 v= -0.2850 top5=[a5=0.033, a9=0.031, a26=0.030, a32=0.030, a6=0.029] [BUILD: House]
    OBS: year=0 month=11 season=2 money=2812 credit=65406 people=28 busy=0 free=28 home_places=110 need_workers=10 tax_due=0 main_tax_due=0 tax_amount=6826 main_tax_amount=0 days_alive=254 stage=0 res0=0 res1=400 res2=0 res3=0 res4=0 res5=0 res6=0 res7=0 res8=0 Garden=1 Road=3 House=1 Hothouse=2 | nw=1443201.7448
  s=  224 a= 14(BUILD:Road) r= -0.6547 cum=    -86.30 v= -0.2820 top5=[a5=0.033, a9=0.031, a26=0.030, a32=0.030, a6=0.029] [BUILD: Road]
    OBS: year=0 month=11 season=2 money=2812 credit=65536 people=28 busy=0 free=28 home_places=110 need_workers=10 tax_due=0 main_tax_due=0 tax_amount=6826 main_tax_amount=0 days_alive=255 stage=0 res0=0 res1=400 res2=0 res3=0 res4=0 res5=0 res6=0 res7=0 res8=0 Garden=1 Road=3 House=1 Hothouse=2 | nw=1443060.3038
  s=  225 a= 10(BUILD:Refinery) r= -0.6560 cum=    -86.95 v= -0.2791 top5=[a5=0.033, a9=0.031, a26=0.030, a32=0.030, a6=0.029] [BUILD: Refinery]
    OBS: year=0 month=11 season=2 money=2812 credit=65667 people=28 busy=0 free=28 home_places=110 need_workers=10 tax_due=0 main_tax_due=0 tax_amount=6826 main_tax_amount=0 days_alive=256 stage=0 res0=0 res1=400 res2=0 res3=0 res4=0 res5=0 res6=0 res7=0 res8=0 Garden=1 Road=3 House=1 Hothouse=2 | nw=1442919.7618
  s=  226 a= 39(MANAGER:5) r= -0.6566 cum=    -87.61 v= -0.2767 top5=[a5=0.032, a9=0.031, a26=0.030, a32=0.030, a6=0.029]
    OBS: year=0 month=11 season=2 money=2812 credit=65798 people=28 busy=0 free=28 home_places=110 need_workers=10 tax_due=0 main_tax_due=0 tax_amount=6826 main_tax_amount=0 days_alive=257 stage=0 res0=0 res1=400 res2=0 res3=0 res4=0 res5=0 res6=0 res7=0 res8=0 Garden=1 Road=3 House=1 Hothouse=2 | nw=1442781.1189
  s=  227 a= 29(BUILD:Puerperal) r= -0.6599 cum=    -88.27 v= -0.2755 top5=[a5=0.032, a9=0.031, a26=0.030, a32=0.030, a6=0.029] [BUILD: Puerperal]
    OBS: year=0 month=11 season=2 money=2812 credit=65929 people=28 busy=0 free=28 home_places=110 need_workers=10 tax_due=0 main_tax_due=0 tax_amount=6826 main_tax_amount=0 days_alive=258 stage=0 res0=0 res1=400 res2=0 res3=0 res4=0 res5=0 res6=0 res7=0 res8=0 Garden=1 Road=3 House=1 Hothouse=2 | nw=1442640.0413
  s=  228 a=  7(BUILD:Sawmill) r= -0.6625 cum=    -88.93 v= -0.2756 top5=[a5=0.032, a9=0.031, a26=0.031, a32=0.030, a6=0.029] [BUILD: Sawmill]
    OBS: year=0 month=11 season=2 money=2812 credit=66060 people=28 busy=0 free=28 home_places=110 need_workers=10 tax_due=0 main_tax_due=0 tax_amount=6826 main_tax_amount=0 days_alive=259 stage=0 res0=0 res1=400 res2=0 res3=0 res4=0 res5=0 res6=0 res7=0 res8=0 Garden=1 Road=3 House=1 Hothouse=2 | nw=1442497.6003
  s=  229 a= 21(BUILD:BigFarm) r= -0.6638 cum=    -89.59 v= -0.2753 top5=[a5=0.032, a9=0.031, a26=0.031, a32=0.030, a6=0.029] [BUILD: BigFarm]
    OBS: year=0 month=11 season=2 money=2812 credit=66192 people=28 busy=0 free=28 home_places=110 need_workers=10 tax_due=0 main_tax_due=0 tax_amount=6826 main_tax_amount=0 days_alive=260 stage=0 res0=0 res1=400 res2=0 res3=0 res4=0 res5=0 res6=0 res7=0 res8=0 Garden=1 Road=3 House=1 Hothouse=2 | nw=1442356.0583
  s=  230 a= 17(BUILD:HuntingLand) r= -0.6668 cum=    -90.26 v= -0.2748 top5=[a5=0.031, a9=0.031, a26=0.031, a32=0.030, a6=0.029] [BUILD: HuntingLand]
    OBS: year=0 month=11 season=2 money=2812 credit=66324 people=28 busy=0 free=28 home_places=110 need_workers=10 tax_due=0 main_tax_due=0 tax_amount=6826 main_tax_amount=0 days_alive=261 stage=0 res0=0 res1=400 res2=0 res3=0 res4=0 res5=0 res6=0 res7=0 res8=0 Garden=1 Road=3 House=1 Hothouse=2 | nw=1442212.6173
  s=  231 a= 35(MANAGER:1) r= -0.6686 cum=    -90.93 v= -0.2741 top5=[a5=0.031, a9=0.031, a26=0.031, a32=0.030, a6=0.029]
    OBS: year=0 month=11 season=2 money=2812 credit=66456 people=28 busy=0 free=28 home_places=110 need_workers=10 tax_due=0 main_tax_due=0 tax_amount=6826 main_tax_amount=0 days_alive=262 stage=0 res0=0 res1=400 res2=0 res3=0 res4=0 res5=0 res6=0 res7=0 res8=0 Garden=1 Road=3 House=1 Hothouse=2 | nw=1442069.1763
  s=  232 a=  3(BUILD:Farm) r= -0.6707 cum=    -91.60 v= -0.2717 top5=[a9=0.031, a26=0.031, a5=0.031, a32=0.030, a6=0.029] [BUILD: Farm]
    OBS: year=0 month=11 season=2 money=2812 credit=66588 people=28 busy=0 free=28 home_places=110 need_workers=10 tax_due=0 main_tax_due=0 tax_amount=6826 main_tax_amount=0 days_alive=263 stage=0 res0=0 res1=400 res2=0 res3=0 res4=0 res5=0 res6=0 res7=0 res8=0 Garden=1 Road=3 House=1 Hothouse=2 | nw=1441925.1996
  s=  233 a= 36(MANAGER:2) r= +0.0990 cum=    -91.50 v= -0.2699 top5=[a26=0.031, a9=0.031, a5=0.031, a32=0.030, a6=0.029]
    OBS: year=0 month=11 season=2 money=2553 credit=66721 people=28 busy=0 free=28 home_places=110 need_workers=10 tax_due=0 main_tax_due=0 tax_amount=6826 main_tax_amount=0 days_alive=264 stage=0 res0=0 res1=400 res2=0 res3=0 res4=0 res5=0 res6=0 res7=0 res8=0 Garden=1 Road=3 House=1 Hothouse=2 | nw=1442017.4077
  s=  234 a= 38(MANAGER:4) r= +1.8290 cum=    -89.67 v= -0.2691 top5=[a26=0.031, a9=0.031, a5=0.030, a6=0.030, a32=0.029]
    OBS: year=0 month=11 season=2 money=2553 credit=66854 people=28 busy=0 free=28 home_places=110 need_workers=6 tax_due=0 main_tax_due=0 tax_amount=6826 main_tax_amount=0 days_alive=265 stage=0 res0=0 res1=400 res2=0 res3=0 res4=0 res5=0 res6=0 res7=0 res8=0 Garden=1 Road=3 House=1 Hothouse=2 | nw=1441876.7647
  s=  235 a= 29(BUILD:Puerperal) r= -0.6713 cum=    -90.34 v= -0.2230 top5=[a5=0.031, a9=0.031, a26=0.031, a32=0.030, a6=0.029] [BUILD: Puerperal]
    OBS: year=0 month=11 season=2 money=2553 credit=66987 people=28 busy=0 free=28 home_places=110 need_workers=6 tax_due=0 main_tax_due=0 tax_amount=6826 main_tax_amount=0 days_alive=266 stage=0 res0=0 res1=400 res2=0 res3=0 res4=0 res5=0 res6=0 res7=0 res8=0 Garden=1 Road=3 House=1 Hothouse=2 | nw=1441736.1218
  s=  236 a= 35(MANAGER:1) r= -0.0461 cum=    -90.39 v= -0.2209 top5=[a9=0.031, a5=0.031, a26=0.031, a32=0.030, a6=0.029]
    OBS: year=0 month=11 season=2 money=2548 credit=67120 people=28 busy=0 free=28 home_places=110 need_workers=6 tax_due=0 main_tax_due=0 tax_amount=6826 main_tax_amount=0 days_alive=267 stage=0 res0=0 res1=400 res2=0 res3=0 res4=0 res5=0 res6=0 res7=0 res8=0 Garden=1 Road=3 House=1 Hothouse=2 | nw=1441598.0750
  s=  237 a= 43(MANAGER:9) r= -0.6766 cum=    -91.07 v= -0.2189 top5=[a9=0.031, a5=0.031, a26=0.031, a32=0.030, a6=0.030]
    OBS: year=0 month=11 season=2 money=2548 credit=67254 people=28 busy=0 free=28 home_places=110 need_workers=6 tax_due=0 main_tax_due=0 tax_amount=6826 main_tax_amount=0 days_alive=268 stage=0 res0=0 res1=400 res2=0 res3=0 res4=0 res5=0 res6=0 res7=0 res8=0 Garden=1 Road=3 House=1 Hothouse=2 | nw=1441454.5330
  s=  238 a=  9(BUILD:Ironmine) r= -0.6784 cum=    -91.74 v= -0.2179 top5=[a9=0.031, a5=0.031, a26=0.031, a32=0.030, a6=0.030] [BUILD: Ironmine]
    OBS: year=0 month=11 season=2 money=2548 credit=67388 people=28 busy=0 free=28 home_places=110 need_workers=6 tax_due=0 main_tax_due=0 tax_amount=6826 main_tax_amount=0 days_alive=269 stage=0 res0=0 res1=400 res2=0 res3=0 res4=0 res5=0 res6=0 res7=0 res8=0 Garden=1 Road=3 House=1 Hothouse=2 | nw=1441310.9911
  s=  239 a= 23(BUILD:Torchlight) r= -0.6814 cum=    -92.43 v= -0.2182 top5=[a9=0.031, a5=0.031, a26=0.031, a32=0.030, a6=0.030] [BUILD: Torchlight]
    OBS: year=0 month=11 season=2 money=2548 credit=67522 people=28 busy=0 free=28 home_places=110 need_workers=6 tax_due=0 main_tax_due=0 tax_amount=6826 main_tax_amount=0 days_alive=270 stage=0 res0=0 res1=400 res2=0 res3=0 res4=0 res5=0 res6=0 res7=0 res8=0 Garden=1 Road=3 House=1 Hothouse=2 | nw=1441165.5501
  s=  240 a= 25(BUILD:SuperHouse) r= -0.0510 cum=    -92.48 v= -0.2186 top5=[a9=0.032, a5=0.031, a26=0.031, a32=0.030, a6=0.030] [BUILD: SuperHouse]
    OBS: year=0 month=11 season=2 money=2548 credit=67657 people=29 busy=0 free=29 home_places=110 need_workers=6 tax_due=0 main_tax_due=0 tax_amount=6826 main_tax_amount=0 days_alive=271 stage=0 res0=0 res1=400 res2=0 res3=0 res4=0 res5=0 res6=0 res7=0 res8=0 Garden=1 Road=3 House=1 Hothouse=2 | nw=1441022.9071
  s=  241 a=  6(BUILD:SmallHouse) r= -0.6844 cum=    -93.16 v= -0.2167 top5=[a9=0.032, a5=0.031, a26=0.030, a32=0.030, a6=0.030] [BUILD: SmallHouse]
    OBS: year=0 month=11 season=2 money=2548 credit=67792 people=29 busy=0 free=29 home_places=110 need_workers=6 tax_due=0 main_tax_due=0 tax_amount=6826 main_tax_amount=0 days_alive=272 stage=0 res0=0 res1=400 res2=0 res3=0 res4=0 res5=0 res6=0 res7=0 res8=0 Garden=1 Road=3 House=1 Hothouse=2 | nw=1440878.3652
  s=  242 a=  5(BUILD:House) r= -0.6862 cum=    -93.85 v= -0.2183 top5=[a9=0.032, a5=0.031, a26=0.030, a32=0.030, a6=0.030] [BUILD: House]
    OBS: year=0 month=11 season=2 money=2548 credit=67927 people=29 busy=0 free=29 home_places=110 need_workers=6 tax_due=0 main_tax_due=0 tax_amount=6826 main_tax_amount=0 days_alive=273 stage=0 res0=0 res1=400 res2=0 res3=0 res4=0 res5=0 res6=0 res7=0 res8=0 Garden=1 Road=3 House=1 Hothouse=2 | nw=1440733.8232
  s=  243 a= 33(BUILD:AtomStation) r= -0.6879 cum=    -94.54 v= -0.2212 top5=[a9=0.032, a5=0.031, a26=0.031, a32=0.030, a6=0.030] [BUILD: AtomStation]
    OBS: year=0 month=11 season=2 money=2548 credit=68062 people=29 busy=0 free=29 home_places=110 need_workers=6 tax_due=0 main_tax_due=0 tax_amount=6826 main_tax_amount=0 days_alive=274 stage=0 res0=0 res1=400 res2=0 res3=0 res4=0 res5=0 res6=0 res7=0 res8=0 Garden=1 Road=3 House=1 Hothouse=2 | nw=1440589.2812
  s=  244 a= 15(BUILD:Fish) r= -0.6904 cum=    -95.23 v= -0.2245 top5=[a9=0.032, a5=0.031, a26=0.031, a32=0.031, a6=0.030] [BUILD: Fish]
    OBS: year=0 month=12 season=3 money=2548 credit=68198 people=29 busy=0 free=29 home_places=110 need_workers=4 tax_due=0 main_tax_due=0 tax_amount=6826 main_tax_amount=0 days_alive=275 stage=0 res0=0 res1=400 res2=0 res3=0 res4=0 res5=0 res6=0 res7=0 res8=0 Garden=1 Road=3 House=1 Hothouse=2 | nw=1440443.7392
  s=  245 a= 32(BUILD:SmallAtomStation) r= -0.6940 cum=    -95.92 v= -1.6742 top5=[a6=0.074, a21=0.072, a9=0.061, a5=0.058, a26=0.043] [BUILD: SmallAtomStation]
    OBS: year=0 month=12 season=3 money=2548 credit=68334 people=29 busy=0 free=29 home_places=110 need_workers=4 tax_due=0 main_tax_due=0 tax_amount=6826 main_tax_amount=0 days_alive=276 stage=0 res0=0 res1=400 res2=0 res3=0 res4=0 res5=0 res6=0 res7=0 res8=0 Garden=1 Road=3 House=1 Hothouse=2 | nw=1440295.3253
  s=  246 a=  5(BUILD:House) r= -0.6963 cum=    -96.62 v= -1.6584 top5=[a6=0.062, a21=0.060, a9=0.060, a5=0.050, a26=0.043] [BUILD: House]
    OBS: year=0 month=12 season=3 money=2548 credit=68470 people=29 busy=0 free=29 home_places=110 need_workers=4 tax_due=0 main_tax_due=0 tax_amount=6826 main_tax_amount=0 days_alive=277 stage=0 res0=0 res1=400 res2=0 res3=0 res4=0 res5=0 res6=0 res7=0 res8=0 Garden=1 Road=3 House=1 Hothouse=2 | nw=1440145.9853
  s=  247 a=  8(BUILD:Coalmine) r= -0.6966 cum=    -97.31 v= -1.4704 top5=[a9=0.055, a6=0.055, a21=0.051, a5=0.045, a26=0.041] [BUILD: Coalmine]
    OBS: year=0 month=12 season=3 money=2548 credit=68606 people=29 busy=0 free=29 home_places=110 need_workers=4 tax_due=0 main_tax_due=0 tax_amount=6826 main_tax_amount=0 days_alive=278 stage=0 res0=0 res1=400 res2=0 res3=0 res4=0 res5=0 res6=0 res7=0 res8=0 Garden=1 Road=3 House=1 Hothouse=2 | nw=1439999.0799
  s=  248 a=  9(BUILD:Ironmine) r= -0.6993 cum=    -98.01 v= -1.3430 top5=[a9=0.052, a6=0.051, a21=0.046, a5=0.043, a26=0.039] [BUILD: Ironmine]
    OBS: year=0 month=12 season=3 money=2548 credit=68743 people=29 busy=0 free=29 home_places=110 need_workers=4 tax_due=0 main_tax_due=0 tax_amount=6826 main_tax_amount=0 days_alive=279 stage=0 res0=0 res1=400 res2=0 res3=0 res4=0 res5=0 res6=0 res7=0 res8=0 Garden=1 Road=3 House=1 Hothouse=2 | nw=1439850.6389
  s=  249 a=  0(DAY) r= -0.0587 cum=    -98.07 v= -1.2456 top5=[a9=0.050, a6=0.048, a21=0.042, a5=0.041, a26=0.038]
    OBS: year=0 month=12 season=3 money=2548 credit=68880 people=29 busy=0 free=29 home_places=110 need_workers=4 tax_due=0 main_tax_due=0 tax_amount=6826 main_tax_amount=0 days_alive=280 stage=0 res0=0 res1=400 res2=0 res3=0 res4=0 res5=0 res6=0 res7=0 res8=0 Garden=1 Road=3 House=1 Hothouse=2 | nw=1439703.5613
  s=  250 a= 23(BUILD:Torchlight) r= -0.7026 cum=    -98.77 v= -1.1721 top5=[a9=0.048, a6=0.045, a5=0.040, a21=0.040, a26=0.037] [BUILD: Torchlight]
    OBS: year=0 month=12 season=3 money=2548 credit=69017 people=29 busy=0 free=29 home_places=110 need_workers=4 tax_due=0 main_tax_due=0 tax_amount=6826 main_tax_amount=0 days_alive=281 stage=0 res0=0 res1=400 res2=0 res3=0 res4=0 res5=0 res6=0 res7=0 res8=0 Garden=1 Road=3 House=1 Hothouse=2 | nw=1439555.5575
  s=  251 a=  7(BUILD:Sawmill) r= -0.7044 cum=    -99.48 v= -1.1119 top5=[a9=0.047, a6=0.043, a5=0.039, a21=0.038, a26=0.036] [BUILD: Sawmill]
    OBS: year=0 month=12 season=3 money=2548 credit=69155 people=29 busy=0 free=29 home_places=110 need_workers=4 tax_due=0 main_tax_due=0 tax_amount=6826 main_tax_amount=0 days_alive=282 stage=0 res0=0 res1=400 res2=0 res3=0 res4=0 res5=0 res6=0 res7=0 res8=0 Garden=1 Road=3 House=1 Hothouse=2 | nw=1439407.5783
  s=  252 a=  7(BUILD:Sawmill) r= -0.7062 cum=   -100.18 v= -1.0621 top5=[a9=0.046, a6=0.042, a5=0.038, a21=0.036, a26=0.035] [BUILD: Sawmill]
    OBS: year=0 month=12 season=3 money=2548 credit=69293 people=29 busy=0 free=29 home_places=110 need_workers=4 tax_due=0 main_tax_due=0 tax_amount=6826 main_tax_amount=0 days_alive=283 stage=0 res0=0 res1=400 res2=0 res3=0 res4=0 res5=0 res6=0 res7=0 res8=0 Garden=1 Road=3 House=1 Hothouse=2 | nw=1439259.5991
  s=  253 a= 29(BUILD:Puerperal) r= -0.7086 cum=   -100.89 v= -1.0199 top5=[a9=0.045, a6=0.040, a5=0.037, a21=0.035, a26=0.035] [BUILD: Puerperal]
    OBS: year=0 month=12 season=3 money=2548 credit=69431 people=29 busy=0 free=29 home_places=110 need_workers=4 tax_due=0 main_tax_due=0 tax_amount=6826 main_tax_amount=0 days_alive=284 stage=0 res0=0 res1=400 res2=0 res3=0 res4=0 res5=0 res6=0 res7=0 res8=0 Garden=1 Road=3 House=1 Hothouse=2 | nw=1439110.5953
  s=  254 a=  4(BUILD:Garden) r= -0.7094 cum=   -101.60 v= -0.9805 top5=[a9=0.044, a6=0.039, a5=0.037, a26=0.034, a21=0.034] [BUILD: Garden]
    OBS: year=0 month=12 season=3 money=2548 credit=69569 people=29 busy=0 free=29 home_places=110 need_workers=4 tax_due=0 main_tax_due=0 tax_amount=6826 main_tax_amount=0 days_alive=285 stage=0 res0=0 res1=400 res2=0 res3=0 res4=0 res5=0 res6=0 res7=0 res8=0 Garden=1 Road=3 House=1 Hothouse=2 | nw=1438963.0533
  s=  255 a= 21(BUILD:BigFarm) r= -0.7134 cum=   -102.32 v= -0.9454 top5=[a9=0.043, a6=0.038, a5=0.036, a26=0.034, a21=0.033] [BUILD: BigFarm]
    OBS: year=0 month=12 season=3 money=2548 credit=69708 people=29 busy=0 free=29 home_places=110 need_workers=4 tax_due=0 main_tax_due=0 tax_amount=6826 main_tax_amount=0 days_alive=286 stage=0 res0=0 res1=400 res2=0 res3=0 res4=0 res5=0 res6=0 res7=0 res8=0 Garden=1 Road=3 House=1 Hothouse=2 | nw=1438812.0767
  s=  256 a= 38(MANAGER:4) r= -0.7139 cum=   -103.03 v= -0.9130 top5=[a9=0.043, a6=0.037, a5=0.036, a26=0.033, a21=0.032]
    OBS: year=0 month=12 season=3 money=2548 credit=69847 people=29 busy=0 free=29 home_places=110 need_workers=4 tax_due=0 main_tax_due=0 tax_amount=6826 main_tax_amount=0 days_alive=287 stage=0 res0=0 res1=400 res2=0 res3=0 res4=0 res5=0 res6=0 res7=0 res8=0 Garden=1 Road=3 House=1 Hothouse=2 | nw=1438663.0975
  s=  257 a= 32(BUILD:SmallAtomStation) r= -0.7173 cum=   -103.75 v= -0.8824 top5=[a9=0.042, a6=0.036, a5=0.035, a26=0.033, a21=0.032] [BUILD: SmallAtomStation]
    OBS: year=0 month=12 season=3 money=2548 credit=69986 people=29 busy=0 free=29 home_places=110 need_workers=4 tax_due=0 main_tax_due=0 tax_amount=6826 main_tax_amount=0 days_alive=288 stage=0 res0=0 res1=400 res2=0 res3=0 res4=0 res5=0 res6=0 res7=0 res8=0 Garden=1 Road=3 House=1 Hothouse=2 | nw=1438511.6835
  s=  258 a= 24(BUILD:Hothouse) r= -0.7184 cum=   -104.46 v= -0.8532 top5=[a9=0.042, a6=0.035, a5=0.035, a26=0.033, a21=0.031] [BUILD: Hothouse]
    OBS: year=0 month=12 season=3 money=2548 credit=70125 people=29 busy=0 free=29 home_places=110 need_workers=4 tax_due=0 main_tax_due=0 tax_amount=6826 main_tax_amount=0 days_alive=289 stage=0 res0=0 res1=400 res2=0 res3=0 res4=0 res5=0 res6=0 res7=0 res8=0 Garden=1 Road=3 House=1 Hothouse=2 | nw=1438361.2425
  s=  259 a= 24(BUILD:Hothouse) r= -0.7196 cum=   -105.18 v= -0.8258 top5=[a9=0.042, a5=0.035, a6=0.035, a26=0.033, a21=0.031] [BUILD: Hothouse]
    OBS: year=0 month=12 season=3 money=2548 credit=70265 people=29 busy=0 free=29 home_places=110 need_workers=4 tax_due=0 main_tax_due=0 tax_amount=6826 main_tax_amount=0 days_alive=290 stage=0 res0=0 res1=400 res2=0 res3=0 res4=0 res5=0 res6=0 res7=0 res8=0 Garden=1 Road=3 House=1 Hothouse=2 | nw=1438211.7005
  s=  260 a= 36(MANAGER:2) r= -0.0018 cum=   -105.19 v= -0.8027 top5=[a9=0.041, a5=0.035, a6=0.034, a26=0.032, a21=0.030]
    OBS: year=0 month=12 season=3 money=2438 credit=70405 people=29 busy=0 free=29 home_places=110 need_workers=4 tax_due=0 main_tax_due=0 tax_amount=6826 main_tax_amount=0 days_alive=291 stage=0 res0=0 res1=400 res2=0 res3=0 res4=0 res5=0 res6=0 res7=0 res8=0 Garden=1 Road=3 House=1 Hothouse=2 | nw=1438161.0528
  s=  261 a= 35(MANAGER:1) r= -0.0675 cum=   -105.25 v= -0.7816 top5=[a9=0.041, a5=0.034, a6=0.033, a26=0.032, a40=0.030]
    OBS: year=0 month=12 season=3 money=2436 credit=70545 people=29 busy=0 free=29 home_places=110 need_workers=4 tax_due=0 main_tax_due=0 tax_amount=6826 main_tax_amount=0 days_alive=292 stage=0 res0=0 res1=400 res2=0 res3=0 res4=0 res5=0 res6=0 res7=0 res8=0 Garden=1 Road=3 House=1 Hothouse=2 | nw=1438010.8742
  s=  262 a= 40(MANAGER:6) r= +0.0732 cum=   -105.18 v= -0.7623 top5=[a9=0.041, a5=0.034, a6=0.033, a26=0.032, a40=0.030]
    OBS: year=0 month=12 season=3 money=2636 credit=70686 people=29 busy=0 free=29 home_places=110 need_workers=4 tax_due=0 main_tax_due=0 tax_amount=6830 main_tax_amount=0 days_alive=293 stage=0 res0=0 res1=200 res2=0 res3=0 res4=0 res5=0 res6=0 res7=0 res8=0 Garden=1 Road=3 House=1 Hothouse=2 | nw=1437855.9986
  s=  263 a= 28(BUILD:BigRefinary) r= -0.7298 cum=   -105.91 v= -0.7445 top5=[a9=0.041, a5=0.034, a6=0.032, a26=0.032, a40=0.030] [BUILD: BigRefinary]
    OBS: year=0 month=12 season=3 money=2636 credit=70827 people=29 busy=0 free=29 home_places=110 need_workers=4 tax_due=0 main_tax_due=0 tax_amount=6830 main_tax_amount=0 days_alive=294 stage=0 res0=0 res1=200 res2=0 res3=0 res4=0 res5=0 res6=0 res7=0 res8=0 Garden=1 Road=3 House=1 Hothouse=2 | nw=1437701.6585
  s=  264 a= 44(MANAGER:10) r= +0.2602 cum=   -105.65 v= -0.7272 top5=[a9=0.040, a5=0.034, a26=0.032, a6=0.032, a40=0.030]
    OBS: year=0 month=12 season=3 money=2636 credit=70968 people=29 busy=0 free=29 home_places=110 need_workers=4 tax_due=0 main_tax_due=0 tax_amount=6830 main_tax_amount=0 days_alive=295 stage=0 res0=0 res1=200 res2=0 res3=0 res4=0 res5=0 res6=0 res7=0 res8=0 Garden=1 Road=3 House=1 Hothouse=2 | nw=1437551.0182
  s=  265 a= 11(BUILD:Goldmine) r= -0.7319 cum=   -106.38 v= -0.7111 top5=[a9=0.040, a5=0.033, a26=0.032, a6=0.031, a40=0.030] [BUILD: Goldmine]
    OBS: year=0 month=12 season=3 money=2636 credit=71109 people=29 busy=0 free=29 home_places=110 need_workers=4 tax_due=0 main_tax_due=0 tax_amount=6830 main_tax_amount=0 days_alive=296 stage=0 res0=0 res1=200 res2=0 res3=0 res4=0 res5=0 res6=0 res7=0 res8=0 Garden=1 Road=3 House=1 Hothouse=2 | nw=1437398.4788
  s=  266 a=  9(BUILD:Ironmine) r= -0.7343 cum=   -107.12 v= -0.6962 top5=[a9=0.040, a5=0.033, a26=0.032, a6=0.031, a40=0.030] [BUILD: Ironmine]
    OBS: year=0 month=12 season=3 money=2636 credit=71251 people=29 busy=0 free=29 home_places=110 need_workers=4 tax_due=0 main_tax_due=0 tax_amount=6830 main_tax_amount=0 days_alive=297 stage=0 res0=0 res1=200 res2=0 res3=0 res4=0 res5=0 res6=0 res7=0 res8=0 Garden=1 Road=3 House=1 Hothouse=2 | nw=1437245.0378
  s=  267 a= 36(MANAGER:2) r= -0.0538 cum=   -107.17 v= -0.6821 top5=[a9=0.040, a5=0.033, a26=0.032, a6=0.031, a40=0.030]
    OBS: year=0 month=12 season=3 money=2603 credit=71393 people=29 busy=0 free=29 home_places=110 need_workers=4 tax_due=0 main_tax_due=0 tax_amount=6830 main_tax_amount=0 days_alive=298 stage=0 res0=0 res1=200 res2=0 res3=0 res4=0 res5=0 res6=0 res7=0 res8=0 Garden=1 Road=3 House=1 Hothouse=2 | nw=1437120.8278
  s=  268 a= 36(MANAGER:2) r= -0.0698 cum=   -107.24 v= -0.6682 top5=[a9=0.040, a5=0.033, a26=0.032, a40=0.030, a6=0.030]
    OBS: year=0 month=12 season=3 money=2598 credit=71535 people=29 busy=0 free=29 home_places=110 need_workers=4 tax_due=0 main_tax_due=0 tax_amount=6830 main_tax_amount=0 days_alive=299 stage=0 res0=0 res1=200 res2=0 res3=0 res4=0 res5=0 res6=0 res7=0 res8=0 Garden=1 Road=3 House=1 Hothouse=2 | nw=1436973.3437
  s=  269 a= 40(MANAGER:6) r= +0.5911 cum=   -106.65 v= -0.6547 top5=[a9=0.040, a5=0.032, a26=0.032, a40=0.030, a6=0.030]
    OBS: year=0 month=12 season=3 money=2598 credit=71678 people=29 busy=0 free=29 home_places=110 need_workers=4 tax_due=0 main_tax_due=0 tax_amount=6830 main_tax_amount=0 days_alive=300 stage=0 res0=0 res1=200 res2=0 res3=0 res4=0 res5=0 res6=0 res7=0 res8=0 Garden=1 Road=3 House=1 Hothouse=2 | nw=1436820.3645
  s=  270 a=  5(BUILD:House) r= -0.7415 cum=   -107.39 v= -0.6424 top5=[a9=0.040, a5=0.032, a26=0.032, a40=0.031, a6=0.030] [BUILD: House]
    OBS: year=0 month=12 season=3 money=2598 credit=71821 people=29 busy=0 free=29 home_places=110 need_workers=4 tax_due=0 main_tax_due=0 tax_amount=6830 main_tax_amount=0 days_alive=301 stage=0 res0=0 res1=200 res2=0 res3=0 res4=0 res5=0 res6=0 res7=0 res8=0 Garden=1 Road=3 House=1 Hothouse=2 | nw=1436665.9235
  s=  271 a= 32(BUILD:SmallAtomStation) r= -0.7436 cum=   -108.13 v= -0.6307 top5=[a9=0.040, a5=0.032, a26=0.032, a40=0.031, a6=0.029] [BUILD: SmallAtomStation]
    OBS: year=0 month=12 season=3 money=2598 credit=71964 people=29 busy=0 free=29 home_places=110 need_workers=4 tax_due=0 main_tax_due=0 tax_amount=6830 main_tax_amount=0 days_alive=302 stage=0 res0=0 res1=200 res2=0 res3=0 res4=0 res5=0 res6=0 res7=0 res8=0 Garden=1 Road=3 House=1 Hothouse=2 | nw=1436511.0452
  s=  272 a= 42(MANAGER:8) r= -0.3127 cum=   -108.45 v= -0.6213 top5=[a9=0.040, a5=0.032, a26=0.031, a40=0.031, a6=0.029]
    OBS: year=0 month=12 season=3 money=52598 credit=122207 people=29 busy=0 free=29 home_places=110 need_workers=4 tax_due=0 main_tax_due=0 tax_amount=6830 main_tax_amount=0 days_alive=303 stage=0 res0=0 res1=200 res2=0 res3=0 res4=0 res5=0 res6=0 res7=0 res8=0 Garden=1 Road=3 House=1 Hothouse=2 | nw=1436254.1695
  s=  273 a= 34(MANAGER:0) r= -6.6944 cum=   -115.14 v= -0.7118 top5=[a9=0.042, a5=0.032, a40=0.032, a31=0.031, a26=0.031]
    OBS: year=0 month=12 season=3 money=19601 credit=122451 people=29 busy=0 free=29 home_places=110 need_workers=4 tax_due=0 main_tax_due=0 tax_amount=6830 main_tax_amount=0 days_alive=304 stage=0 res0=0 res1=200 res2=0 res3=0 res4=0 res5=0 res6=0 res7=0 res8=0 Garden=1 Road=3 House=1 Hothouse=2 | nw=1403003.6275
  s=  274 a= 25(BUILD:SuperHouse) r= -0.9552 cum=   -116.10 v= -0.6876 top5=[a9=0.041, a5=0.032, a31=0.031, a40=0.031, a26=0.031] [BUILD: SuperHouse]
    OBS: year=0 month=12 season=3 money=19601 credit=122695 people=29 busy=0 free=29 home_places=110 need_workers=4 tax_due=0 main_tax_due=0 tax_amount=6830 main_tax_amount=0 days_alive=305 stage=0 res0=0 res1=200 res2=0 res3=0 res4=0 res5=0 res6=0 res7=0 res8=0 Garden=1 Road=3 House=1 Hothouse=2 | nw=1402747.6509
  s=  275 a= 11(BUILD:Goldmine) r= -0.9566 cum=   -117.05 v= -0.6799 top5=[a9=0.041, a5=0.032, a31=0.031, a40=0.031, a26=0.031] [BUILD: Goldmine]
    OBS: year=1 month=1 season=3 money=19601 credit=122940 people=29 busy=0 free=29 home_places=110 need_workers=4 tax_due=0 main_tax_due=0 tax_amount=6830 main_tax_amount=0 days_alive=306 stage=0 res0=0 res1=200 res2=0 res3=0 res4=0 res5=0 res6=0 res7=0 res8=0 Garden=1 Road=3 House=1 Hothouse=2 | nw=1402493.1089
  s=  276 a=  7(BUILD:Sawmill) r= -0.9601 cum=   -118.01 v= -0.7606 top5=[a26=0.033, a40=0.033, a32=0.032, a31=0.032, a9=0.031] [BUILD: Sawmill]
    OBS: year=1 month=1 season=3 money=19601 credit=123185 people=29 busy=0 free=29 home_places=110 need_workers=4 tax_due=0 main_tax_due=0 tax_amount=6830 main_tax_amount=0 days_alive=307 stage=0 res0=0 res1=200 res2=0 res3=0 res4=0 res5=0 res6=0 res7=0 res8=0 Garden=1 Road=3 House=1 Hothouse=2 | nw=1402236.6679
  s=  277 a= 15(BUILD:Fish) r= -0.9647 cum=   -118.98 v= -0.7526 top5=[a26=0.033, a40=0.033, a32=0.032, a9=0.031, a31=0.031] [BUILD: Fish]
    OBS: year=1 month=1 season=3 money=19601 credit=123431 people=29 busy=0 free=29 home_places=110 need_workers=4 tax_due=0 main_tax_due=0 tax_amount=6830 main_tax_amount=0 days_alive=308 stage=0 res0=0 res1=200 res2=0 res3=0 res4=0 res5=0 res6=0 res7=0 res8=0 Garden=1 Road=3 House=1 Hothouse=2 | nw=1401976.7922
  s=  278 a= 36(MANAGER:2) r= -0.2830 cum=   -119.26 v= -0.7449 top5=[a26=0.033, a40=0.033, a32=0.032, a9=0.031, a31=0.031]
    OBS: year=1 month=1 season=3 money=19553 credit=123677 people=29 busy=0 free=29 home_places=110 need_workers=4 tax_due=0 main_tax_due=0 tax_amount=6830 main_tax_amount=0 days_alive=309 stage=0 res0=0 res1=200 res2=0 res3=0 res4=0 res5=0 res6=0 res7=0 res8=0 Garden=1 Road=3 House=1 Hothouse=2 | nw=1401762.5050
  s=  279 a=  2(BUILD:WaterChannel) r= -0.9689 cum=   -120.23 v= -0.7374 top5=[a26=0.033, a40=0.033, a32=0.031, a9=0.031, a31=0.031] [BUILD: WaterChannel]
    OBS: year=1 month=1 season=3 money=19553 credit=123924 people=29 busy=0 free=29 home_places=110 need_workers=4 tax_due=0 main_tax_due=0 tax_amount=6830 main_tax_amount=0 days_alive=310 stage=0 res0=0 res1=200 res2=0 res3=0 res4=0 res5=0 res6=0 res7=0 res8=0 Garden=1 Road=3 House=1 Hothouse=2 | nw=1401503.6268
  s=  280 a= 19(BUILD:Mushroom) r= -0.9713 cum=   -121.20 v= -0.7297 top5=[a26=0.033, a40=0.033, a9=0.031, a32=0.031, a31=0.031] [BUILD: Mushroom]
    OBS: year=1 month=1 season=3 money=19553 credit=124171 people=29 busy=0 free=29 home_places=110 need_workers=4 tax_due=0 main_tax_due=0 tax_amount=6830 main_tax_amount=0 days_alive=311 stage=0 res0=0 res1=200 res2=0 res3=0 res4=0 res5=0 res6=0 res7=0 res8=0 Garden=1 Road=3 House=1 Hothouse=2 | nw=1401244.6501
  s=  281 a= 33(BUILD:AtomStation) r= -0.9742 cum=   -122.17 v= -0.7217 top5=[a40=0.033, a26=0.033, a9=0.032, a32=0.031, a31=0.030] [BUILD: AtomStation]
    OBS: year=1 month=1 season=3 money=19553 credit=124419 people=29 busy=0 free=29 home_places=110 need_workers=4 tax_due=0 main_tax_due=0 tax_amount=6830 main_tax_amount=0 days_alive=312 stage=0 res0=0 res1=200 res2=0 res3=0 res4=0 res5=0 res6=0 res7=0 res8=0 Garden=1 Road=3 House=1 Hothouse=2 | nw=1400984.7718
  s=  282 a= 21(BUILD:BigFarm) r= -0.9765 cum=   -123.15 v= -0.7138 top5=[a40=0.033, a26=0.033, a9=0.032, a32=0.031, a31=0.030] [BUILD: BigFarm]
    OBS: year=1 month=1 season=3 money=19553 credit=124667 people=29 busy=0 free=29 home_places=110 need_workers=4 tax_due=0 main_tax_due=0 tax_amount=6830 main_tax_amount=0 days_alive=313 stage=0 res0=0 res1=200 res2=0 res3=0 res4=0 res5=0 res6=0 res7=0 res8=0 Garden=1 Road=3 House=1 Hothouse=2 | nw=1400724.8935
  s=  283 a= 10(BUILD:Refinery) r= -0.9767 cum=   -124.13 v= -0.7052 top5=[a40=0.033, a26=0.033, a9=0.032, a32=0.031, a31=0.030] [BUILD: Refinery]
    OBS: year=1 month=1 season=3 money=19553 credit=124916 people=29 busy=0 free=29 home_places=110 need_workers=4 tax_due=0 main_tax_due=0 tax_amount=6830 main_tax_amount=0 days_alive=314 stage=0 res0=0 res1=200 res2=0 res3=0 res4=0 res5=0 res6=0 res7=0 res8=0 Garden=1 Road=3 House=1 Hothouse=2 | nw=1400468.2506
  s=  284 a= 13(BUILD:HydroStation) r= -0.2570 cum=   -124.39 v= -0.6979 top5=[a40=0.033, a26=0.033, a9=0.032, a32=0.031, a31=0.030] [BUILD: HydroStation]
    OBS: year=1 month=1 season=3 money=5515 credit=125165 people=29 busy=0 free=29 home_places=110 need_workers=4 tax_due=0 main_tax_due=0 tax_amount=7250 main_tax_amount=0 days_alive=315 stage=0 res0=0 res1=200 res2=0 res3=0 res4=0 res5=0 res6=0 res7=0 res8=0 Garden=1 Road=3 House=2 Hothouse=2 | nw=1400208.7357
  s=  285 a= 34(MANAGER:0) r= -0.9858 cum=   -125.37 v= -0.7023 top5=[a26=0.035, a40=0.034, a9=0.033, a32=0.033, a6=0.031]
    OBS: year=1 month=1 season=3 money=5515 credit=125415 people=29 busy=0 free=29 home_places=110 need_workers=4 tax_due=0 main_tax_due=0 tax_amount=7250 main_tax_amount=0 days_alive=316 stage=0 res0=0 res1=200 res2=0 res3=0 res4=0 res5=0 res6=0 res7=0 res8=0 Garden=1 Road=3 House=2 Hothouse=2 | nw=1399945.4940
  s=  286 a=  2(BUILD:WaterChannel) r= -0.9854 cum=   -126.36 v= -0.6964 top5=[a26=0.035, a40=0.034, a9=0.033, a32=0.033, a6=0.031] [BUILD: WaterChannel]
    OBS: year=1 month=1 season=3 money=5515 credit=125665 people=29 busy=0 free=29 home_places=110 need_workers=4 tax_due=0 main_tax_due=0 tax_amount=7250 main_tax_amount=0 days_alive=317 stage=0 res0=0 res1=200 res2=0 res3=0 res4=0 res5=0 res6=0 res7=0 res8=0 Garden=1 Road=3 House=2 Hothouse=2 | nw=1399686.3893
  s=  287 a= 20(BUILD:BigHouse) r= -0.9887 cum=   -127.35 v= -0.6919 top5=[a26=0.035, a40=0.034, a9=0.033, a32=0.033, a6=0.031] [BUILD: BigHouse]
    OBS: year=1 month=1 season=3 money=5515 credit=125916 people=29 busy=0 free=29 home_places=110 need_workers=4 tax_due=0 main_tax_due=0 tax_amount=7250 main_tax_amount=0 days_alive=318 stage=0 res0=0 res1=200 res2=0 res3=0 res4=0 res5=0 res6=0 res7=0 res8=0 Garden=1 Road=3 House=2 Hothouse=2 | nw=1399425.8474
  s=  288 a= 11(BUILD:Goldmine) r= -0.9926 cum=   -128.34 v= -0.6878 top5=[a26=0.035, a40=0.034, a9=0.033, a32=0.032, a6=0.031] [BUILD: Goldmine]
    OBS: year=1 month=1 season=3 money=5515 credit=126167 people=29 busy=0 free=29 home_places=110 need_workers=4 tax_due=0 main_tax_due=0 tax_amount=7250 main_tax_amount=0 days_alive=319 stage=0 res0=0 res1=200 res2=0 res3=0 res4=0 res5=0 res6=0 res7=0 res8=0 Garden=1 Road=3 House=2 Hothouse=2 | nw=1399162.9691
  s=  289 a= 32(BUILD:SmallAtomStation) r= -0.9940 cum=   -129.33 v= -0.6836 top5=[a26=0.035, a40=0.034, a9=0.033, a32=0.032, a6=0.031] [BUILD: SmallAtomStation]
    OBS: year=1 month=1 season=3 money=5515 credit=126419 people=29 busy=0 free=29 home_places=110 need_workers=4 tax_due=0 main_tax_due=0 tax_amount=7250 main_tax_amount=0 days_alive=320 stage=0 res0=0 res1=200 res2=0 res3=0 res4=0 res5=0 res6=0 res7=0 res8=0 Garden=1 Road=3 House=2 Hothouse=2 | nw=1398901.4271
  s=  290 a= 12(BUILD:PowerStation) r= +2.6423 cum=   -126.69 v= -0.6785 top5=[a26=0.035, a40=0.034, a9=0.033, a32=0.032, a38=0.031] [BUILD: PowerStation]
    OBS: year=1 month=1 season=3 money=5115 credit=126671 people=29 busy=0 free=29 home_places=110 need_workers=4 tax_due=0 main_tax_due=0 tax_amount=7250 main_tax_amount=0 days_alive=321 stage=0 res0=0 res1=200 res2=0 res3=0 res4=0 res5=0 res6=0 res7=0 res8=0 Garden=1 Road=4 House=2 Hothouse=2 | nw=1398639.4479
  s=  291 a= 11(BUILD:Goldmine) r= -0.9943 cum=   -127.68 v= -0.6561 top5=[a26=0.036, a9=0.033, a40=0.033, a32=0.031, a38=0.031] [BUILD: Goldmine]
    OBS: year=1 month=1 season=3 money=5115 credit=126924 people=29 busy=0 free=29 home_places=110 need_workers=4 tax_due=0 main_tax_due=0 tax_amount=7250 main_tax_amount=0 days_alive=322 stage=0 res0=0 res1=200 res2=0 res3=0 res4=0 res5=0 res6=0 res7=0 res8=0 Garden=1 Road=4 House=2 Hothouse=2 | nw=1398374.0340
  s=  292 a= 10(BUILD:Refinery) r= -0.9966 cum=   -128.68 v= -0.6515 top5=[a26=0.036, a9=0.033, a40=0.033, a32=0.031, a38=0.031] [BUILD: Refinery]
    OBS: year=1 month=1 season=3 money=5115 credit=127177 people=29 busy=0 free=29 home_places=110 need_workers=4 tax_due=0 main_tax_due=0 tax_amount=7250 main_tax_amount=0 days_alive=323 stage=0 res0=0 res1=200 res2=0 res3=0 res4=0 res5=0 res6=0 res7=0 res8=0 Garden=1 Road=4 House=2 Hothouse=2 | nw=1398108.6200
  s=  293 a= 29(BUILD:Puerperal) r= -0.9980 cum=   -129.68 v= -0.6475 top5=[a26=0.036, a9=0.033, a40=0.033, a32=0.031, a38=0.031] [BUILD: Puerperal]
    OBS: year=1 month=1 season=3 money=5115 credit=127431 people=29 busy=0 free=29 home_places=110 need_workers=4 tax_due=0 main_tax_due=0 tax_amount=7250 main_tax_amount=0 days_alive=324 stage=0 res0=0 res1=200 res2=0 res3=0 res4=0 res5=0 res6=0 res7=0 res8=0 Garden=1 Road=4 House=2 Hothouse=2 | nw=1397844.5424
  s=  294 a= 17(BUILD:HuntingLand) r= -1.0015 cum=   -130.68 v= -0.6436 top5=[a26=0.036, a9=0.034, a40=0.033, a32=0.031, a38=0.031] [BUILD FAILED: HuntingLand money=5115 free=29]
    OBS: year=1 month=1 season=3 money=5115 credit=127685 people=29 busy=0 free=29 home_places=110 need_workers=4 tax_due=0 main_tax_due=0 tax_amount=7250 main_tax_amount=0 days_alive=325 stage=0 res0=0 res1=200 res2=0 res3=0 res4=0 res5=0 res6=0 res7=0 res8=0 Garden=1 Road=4 House=2 Hothouse=2 | nw=1397578.6641
  s=  295 a=  1(WEEK) r= -6.6672 cum=   -137.35 v= -0.6405 top5=[a26=0.036, a9=0.034, a40=0.033, a38=0.031, a32=0.031]
    OBS: year=1 month=1 season=3 money=5115 credit=129479 people=29 busy=0 free=29 home_places=110 need_workers=4 tax_due=0 main_tax_due=0 tax_amount=7250 main_tax_amount=0 days_alive=332 stage=0 res0=0 res1=200 res2=0 res3=0 res4=0 res5=0 res6=0 res7=0 res8=0 Garden=1 Road=4 House=2 Hothouse=2 | nw=1395703.6528
  s=  296 a= 33(BUILD:AtomStation) r= -0.9852 cum=   -138.33 v= -0.6740 top5=[a40=0.037, a26=0.036, a9=0.035, a32=0.031, a38=0.030] [BUILD: AtomStation]
    OBS: year=1 month=1 season=3 money=5115 credit=129737 people=29 busy=0 free=29 home_places=110 need_workers=4 tax_due=0 main_tax_due=0 tax_amount=7250 main_tax_amount=0 days_alive=333 stage=0 res0=0 res1=200 res2=0 res3=0 res4=0 res5=0 res6=0 res7=0 res8=0 Garden=1 Road=4 House=2 Hothouse=2 | nw=1395435.0395
  s=  297 a=  4(BUILD:Garden) r= -0.7511 cum=   -139.08 v= -0.6718 top5=[a40=0.037, a26=0.036, a9=0.035, a32=0.031, a38=0.030] [BUILD: Garden]
    OBS: year=1 month=1 season=3 money=5115 credit=129996 people=29 busy=0 free=29 home_places=110 need_workers=4 tax_due=0 main_tax_due=0 tax_amount=7250 main_tax_amount=0 days_alive=334 stage=0 res0=0 res1=200 res2=0 res3=0 res4=0 res5=0 res6=0 res7=0 res8=0 Garden=1 Road=4 House=2 Hothouse=2 | nw=1395165.4263
  s=  298 a= 12(BUILD:PowerStation) r= +0.6117 cum=   -138.47 v= -0.6696 top5=[a40=0.036, a26=0.036, a9=0.035, a32=0.031, a38=0.030] [BUILD: PowerStation]
    OBS: year=1 month=1 season=3 money=4715 credit=130255 people=29 busy=0 free=29 home_places=170 need_workers=4 tax_due=0 main_tax_due=0 tax_amount=7250 main_tax_amount=0 days_alive=335 stage=0 res0=0 res1=200 res2=0 res3=0 res4=0 res5=0 res6=0 res7=0 res8=0 Garden=1 Road=5 House=2 Hothouse=2 | nw=1394895.8130
  s=  299 a= 25(BUILD:SuperHouse) r= -0.9933 cum=   -139.46 v= -0.8263 top5=[a9=0.040, a40=0.038, a26=0.038, a38=0.031, a32=0.029] [BUILD: SuperHouse]
    OBS: year=1 month=1 season=3 money=4715 credit=130515 people=29 busy=0 free=29 home_places=170 need_workers=4 tax_due=0 main_tax_due=0 tax_amount=7250 main_tax_amount=0 days_alive=336 stage=0 res0=0 res1=200 res2=0 res3=0 res4=0 res5=0 res6=0 res7=0 res8=0 Garden=1 Road=5 House=2 Hothouse=2 | nw=1394624.6641
  s=  300 a= 15(BUILD:Fish) r= -0.3443 cum=   -139.81 v= -0.8180 top5=[a9=0.040, a26=0.038, a40=0.038, a38=0.031, a32=0.029] [BUILD: Fish]
    OBS: year=1 month=2 season=3 money=4715 credit=130776 people=30 busy=0 free=30 home_places=170 need_workers=4 tax_due=0 main_tax_due=0 tax_amount=7250 main_tax_amount=0 days_alive=337 stage=0 res0=0 res1=200 res2=0 res3=0 res4=0 res5=0 res6=0 res7=0 res8=0 Garden=1 Road=5 House=2 Hothouse=2 | nw=1394351.1519
  s=  301 a=  4(BUILD:Garden) r= -0.9987 cum=   -140.81 v= -0.7955 top5=[a9=0.041, a26=0.037, a40=0.035, a32=0.031, a5=0.030] [BUILD: Garden]
    OBS: year=1 month=2 season=3 money=4715 credit=131037 people=30 busy=0 free=30 home_places=170 need_workers=4 tax_due=0 main_tax_due=0 tax_amount=7250 main_tax_amount=0 days_alive=338 stage=0 res0=0 res1=200 res2=0 res3=0 res4=0 res5=0 res6=0 res7=0 res8=0 Garden=1 Road=5 House=2 Hothouse=2 | nw=1394079.1013
  s=  302 a= 37(MANAGER:3) r= -6.5486 cum=   -147.36 v= -0.7867 top5=[a9=0.041, a26=0.036, a40=0.035, a32=0.031, a5=0.030]
    OBS: year=1 month=2 season=3 money=6374 credit=131299 people=30 busy=0 free=30 home_places=170 need_workers=4 tax_due=0 main_tax_due=0 tax_amount=6830 main_tax_amount=0 days_alive=339 stage=0 res0=0 res1=200 res2=0 res3=0 res4=0 res5=0 res6=0 res7=0 res8=0 Garden=1 Road=5 House=2 Hothouse=1 | nw=1379009.7842
  s=  303 a=  0(DAY) r= -6.3950 cum=   -153.75 v= -0.8988 top5=[a26=0.034, a9=0.033, a40=0.032, a32=0.030, a6=0.030]
    OBS: year=1 month=2 season=3 money=6374 credit=131561 people=30 busy=0 free=30 home_places=170 need_workers=4 tax_due=0 main_tax_due=0 tax_amount=6830 main_tax_amount=0 days_alive=340 stage=0 res0=0 res1=200 res2=0 res3=0 res4=0 res5=0 res6=0 res7=0 res8=0 Garden=1 Road=5 House=2 Hothouse=1 | nw=1378740.9690
  s=  304 a= 33(BUILD:AtomStation) r= -0.9573 cum=   -154.71 v= -0.8901 top5=[a26=0.034, a9=0.033, a40=0.032, a6=0.030, a32=0.030] [BUILD: AtomStation]
    OBS: year=1 month=2 season=3 money=6374 credit=131824 people=30 busy=0 free=30 home_places=170 need_workers=4 tax_due=0 main_tax_due=0 tax_amount=6830 main_tax_amount=0 days_alive=341 stage=0 res0=0 res1=200 res2=0 res3=0 res4=0 res5=0 res6=0 res7=0 res8=0 Garden=1 Road=5 House=2 Hothouse=1 | nw=1378471.1538
  s=  305 a= 11(BUILD:Goldmine) r= -0.9595 cum=   -155.67 v= -0.8852 top5=[a26=0.034, a9=0.034, a40=0.033, a32=0.031, a6=0.029] [BUILD: Goldmine]
    OBS: year=1 month=2 season=3 money=6374 credit=132087 people=30 busy=0 free=30 home_places=170 need_workers=4 tax_due=0 main_tax_due=0 tax_amount=6830 main_tax_amount=0 days_alive=342 stage=0 res0=0 res1=200 res2=0 res3=0 res4=0 res5=0 res6=0 res7=0 res8=0 Garden=1 Road=5 House=2 Hothouse=1 | nw=1378201.3387
  s=  306 a= 16(BUILD:CoalCut) r= -0.9639 cum=   -156.63 v= -0.8771 top5=[a26=0.034, a9=0.034, a40=0.033, a32=0.031, a6=0.029] [BUILD: CoalCut]
    OBS: year=1 month=2 season=3 money=6374 credit=132351 people=30 busy=0 free=30 home_places=170 need_workers=4 tax_due=0 main_tax_due=0 tax_amount=6830 main_tax_amount=0 days_alive=343 stage=0 res0=0 res1=200 res2=0 res3=0 res4=0 res5=0 res6=0 res7=0 res8=0 Garden=1 Road=5 House=2 Hothouse=1 | nw=1377928.0888
  s=  307 a= 31(BUILD:AirStation) r= -0.9662 cum=   -157.60 v= -0.8691 top5=[a26=0.034, a9=0.033, a40=0.033, a32=0.031, a6=0.029] [BUILD: AirStation]
    OBS: year=1 month=2 season=3 money=6374 credit=132615 people=30 busy=0 free=30 home_places=170 need_workers=4 tax_due=0 main_tax_due=0 tax_amount=6830 main_tax_amount=0 days_alive=344 stage=0 res0=0 res1=200 res2=0 res3=0 res4=0 res5=0 res6=0 res7=0 res8=0 Garden=1 Road=5 House=2 Hothouse=1 | nw=1377654.8390
  s=  308 a=  9(BUILD:Ironmine) r= -0.9688 cum=   -158.57 v= -0.8606 top5=[a26=0.034, a9=0.033, a40=0.033, a32=0.031, a6=0.029] [BUILD: Ironmine]
    OBS: year=1 month=2 season=3 money=6374 credit=132880 people=30 busy=0 free=30 home_places=170 need_workers=4 tax_due=0 main_tax_due=0 tax_amount=6830 main_tax_amount=0 days_alive=345 stage=0 res0=0 res1=200 res2=0 res3=0 res4=0 res5=0 res6=0 res7=0 res8=0 Garden=1 Road=5 House=2 Hothouse=1 | nw=1377381.1248
  s=  309 a=  7(BUILD:Sawmill) r= -0.9708 cum=   -159.54 v= -0.8521 top5=[a26=0.034, a9=0.033, a40=0.033, a32=0.030, a6=0.029] [BUILD: Sawmill]
    OBS: year=1 month=2 season=3 money=6374 credit=133145 people=30 busy=0 free=30 home_places=170 need_workers=4 tax_due=0 main_tax_due=0 tax_amount=6830 main_tax_amount=0 days_alive=346 stage=0 res0=0 res1=200 res2=0 res3=0 res4=0 res5=0 res6=0 res7=0 res8=0 Garden=1 Road=5 House=2 Hothouse=1 | nw=1377107.8011
  s=  310 a=  9(BUILD:Ironmine) r= -0.9731 cum=   -160.51 v= -0.8432 top5=[a26=0.034, a9=0.033, a40=0.033, a32=0.030, a6=0.029] [BUILD: Ironmine]
    OBS: year=1 month=2 season=3 money=6374 credit=133411 people=30 busy=0 free=30 home_places=170 need_workers=4 tax_due=0 main_tax_due=0 tax_amount=6830 main_tax_amount=0 days_alive=347 stage=0 res0=0 res1=200 res2=0 res3=0 res4=0 res5=0 res6=0 res7=0 res8=0 Garden=1 Road=5 House=2 Hothouse=1 | nw=1376834.4502
  s=  311 a= 13(BUILD:HydroStation) r= -0.9762 cum=   -161.49 v= -0.8347 top5=[a26=0.034, a9=0.033, a40=0.033, a32=0.030, a6=0.029] [BUILD: HydroStation]
    OBS: year=1 month=2 season=3 money=6374 credit=133677 people=30 busy=0 free=30 home_places=170 need_workers=4 tax_due=0 main_tax_due=0 tax_amount=6830 main_tax_amount=0 days_alive=348 stage=0 res0=0 res1=200 res2=0 res3=0 res4=0 res5=0 res6=0 res7=0 res8=0 Garden=1 Road=5 House=2 Hothouse=1 | nw=1376559.7360
  s=  312 a=  5(BUILD:House) r= -0.9779 cum=   -162.47 v= -0.8268 top5=[a26=0.034, a9=0.033, a40=0.033, a32=0.030, a6=0.029] [BUILD: House]
    OBS: year=1 month=2 season=3 money=6374 credit=133944 people=30 busy=0 free=30 home_places=170 need_workers=4 tax_due=0 main_tax_due=0 tax_amount=6830 main_tax_amount=0 days_alive=349 stage=0 res0=0 res1=200 res2=0 res3=0 res4=0 res5=0 res6=0 res7=0 res8=0 Garden=1 Road=5 House=2 Hothouse=1 | nw=1376285.9209
  s=  313 a= 40(MANAGER:6) r= -0.9802 cum=   -163.45 v= -0.8198 top5=[a26=0.033, a9=0.033, a40=0.033, a32=0.030, a6=0.029]
    OBS: year=1 month=2 season=3 money=6374 credit=134211 people=30 busy=0 free=30 home_places=170 need_workers=4 tax_due=0 main_tax_due=0 tax_amount=6830 main_tax_amount=0 days_alive=350 stage=0 res0=0 res1=200 res2=0 res3=0 res4=0 res5=0 res6=0 res7=0 res8=0 Garden=1 Road=5 House=2 Hothouse=1 | nw=1376012.1057
  s=  314 a=  0(DAY) r= -0.3480 cum=   -163.79 v= -0.8129 top5=[a26=0.033, a9=0.033, a40=0.033, a32=0.030, a6=0.029]
    OBS: year=1 month=2 season=3 money=6374 credit=134479 people=30 busy=0 free=30 home_places=170 need_workers=4 tax_due=0 main_tax_due=0 tax_amount=6830 main_tax_amount=0 days_alive=351 stage=0 res0=0 res1=200 res2=0 res3=0 res4=0 res5=0 res6=0 res7=0 res8=0 Garden=1 Road=5 House=2 Hothouse=1 | nw=1375736.7549
  s=  315 a= 40(MANAGER:6) r= -0.9855 cum=   -164.78 v= -0.8062 top5=[a26=0.033, a9=0.033, a40=0.033, a32=0.029, a6=0.029]
    OBS: year=1 month=2 season=3 money=6374 credit=134747 people=30 busy=0 free=30 home_places=170 need_workers=4 tax_due=0 main_tax_due=0 tax_amount=6830 main_tax_amount=0 days_alive=352 stage=0 res0=0 res1=200 res2=0 res3=0 res4=0 res5=0 res6=0 res7=0 res8=0 Garden=1 Road=5 House=2 Hothouse=1 | nw=1375461.9397
  s=  316 a= 25(BUILD:SuperHouse) r= -0.9896 cum=   -165.77 v= -0.7997 top5=[a26=0.033, a9=0.033, a40=0.033, a32=0.029, a6=0.029] [BUILD: SuperHouse]
    OBS: year=1 month=2 season=3 money=6374 credit=135016 people=30 busy=0 free=30 home_places=170 need_workers=4 tax_due=0 main_tax_due=0 tax_amount=6830 main_tax_amount=0 days_alive=353 stage=0 res0=0 res1=200 res2=0 res3=0 res4=0 res5=0 res6=0 res7=0 res8=0 Garden=1 Road=5 House=2 Hothouse=1 | nw=1375184.2255
  s=  317 a= 23(BUILD:Torchlight) r= -0.9919 cum=   -166.76 v= -0.7935 top5=[a26=0.033, a9=0.033, a40=0.033, a32=0.029, a6=0.028] [BUILD: Torchlight]
    OBS: year=1 month=2 season=3 money=6374 credit=135286 people=30 busy=0 free=30 home_places=170 need_workers=4 tax_due=0 main_tax_due=0 tax_amount=6830 main_tax_amount=0 days_alive=354 stage=0 res0=0 res1=200 res2=0 res3=0 res4=0 res5=0 res6=0 res7=0 res8=0 Garden=1 Road=5 House=2 Hothouse=1 | nw=1374906.4374
  s=  318 a= 34(MANAGER:0) r= -0.9926 cum=   -167.75 v= -0.7867 top5=[a26=0.033, a40=0.033, a9=0.033, a32=0.029, a6=0.028]
    OBS: year=1 month=2 season=3 money=6374 credit=135556 people=30 busy=0 free=30 home_places=170 need_workers=4 tax_due=0 main_tax_due=0 tax_amount=6830 main_tax_amount=0 days_alive=355 stage=0 res0=0 res1=200 res2=0 res3=0 res4=0 res5=0 res6=0 res7=0 res8=0 Garden=1 Road=5 House=2 Hothouse=1 | nw=1374631.0840
  s=  319 a= 13(BUILD:HydroStation) r= -0.3577 cum=   -168.11 v= -0.7787 top5=[a26=0.033, a40=0.033, a9=0.033, a32=0.028, a38=0.028] [BUILD: HydroStation]
    OBS: year=1 month=2 season=3 money=6374 credit=135827 people=31 busy=0 free=31 home_places=170 need_workers=4 tax_due=0 main_tax_due=0 tax_amount=6830 main_tax_amount=0 days_alive=356 stage=0 res0=0 res1=200 res2=0 res3=0 res4=0 res5=0 res6=0 res7=0 res8=0 Garden=1 Road=5 House=2 Hothouse=1 | nw=1374351.3698
  s=  320 a= 37(MANAGER:3) r= -0.9992 cum=   -169.11 v= -0.7654 top5=[a9=0.033, a40=0.033, a26=0.032, a6=0.029, a38=0.028]
    OBS: year=1 month=2 season=3 money=6374 credit=136098 people=31 busy=0 free=31 home_places=170 need_workers=4 tax_due=0 main_tax_due=0 tax_amount=6830 main_tax_amount=0 days_alive=357 stage=0 res0=0 res1=200 res2=0 res3=0 res4=0 res5=0 res6=0 res7=0 res8=0 Garden=1 Road=5 House=2 Hothouse=1 | nw=1374073.1174
  s=  321 a= 35(MANAGER:1) r= -1.0021 cum=   -170.11 v= -0.7576 top5=[a9=0.033, a40=0.033, a26=0.032, a38=0.029, a6=0.029]
    OBS: year=1 month=2 season=3 money=6374 credit=136370 people=31 busy=0 free=31 home_places=170 need_workers=4 tax_due=0 main_tax_due=0 tax_amount=6830 main_tax_amount=0 days_alive=358 stage=0 res0=0 res1=200 res2=0 res3=0 res4=0 res5=0 res6=0 res7=0 res8=0 Garden=1 Road=5 House=2 Hothouse=1 | nw=1373793.7666
  s=  322 a=  4(BUILD:Garden) r= -1.0050 cum=   -171.12 v= -0.7494 top5=[a9=0.033, a40=0.033, a26=0.032, a38=0.029, a6=0.028] [BUILD FAILED: Garden money=6374 free=31]
    OBS: year=1 month=2 season=3 money=6374 credit=136642 people=31 busy=0 free=31 home_places=170 need_workers=4 tax_due=0 main_tax_due=0 tax_amount=6830 main_tax_amount=0 days_alive=359 stage=0 res0=0 res1=200 res2=0 res3=0 res4=0 res5=0 res6=0 res7=0 res8=0 Garden=1 Road=5 House=2 Hothouse=1 | nw=1373513.5880
  s=  323 a= 23(BUILD:Torchlight) r= -1.0073 cum=   -172.12 v= -0.7409 top5=[a9=0.033, a40=0.033, a26=0.032, a38=0.029, a6=0.028] [BUILD FAILED: Torchlight money=6374 free=31]
    OBS: year=1 month=2 season=3 money=6374 credit=136915 people=31 busy=0 free=31 home_places=170 need_workers=4 tax_due=0 main_tax_due=0 tax_amount=6830 main_tax_amount=0 days_alive=360 stage=0 res0=0 res1=200 res2=0 res3=0 res4=0 res5=0 res6=0 res7=0 res8=0 Garden=1 Road=5 House=2 Hothouse=1 | nw=1373233.3355
  s=  324 a=  1(WEEK) r= -6.1005 cum=   -178.22 v= -0.7317 top5=[a9=0.033, a40=0.033, a26=0.032, a38=0.029, a6=0.028]
    OBS: year=1 month=3 season=0 money=6374 credit=138287 people=31 busy=0 free=31 home_places=170 need_workers=4 tax_due=1 main_tax_due=0 tax_amount=6830 main_tax_amount=0 days_alive=365 stage=0 res0=0 res1=200 res2=0 res3=0 res4=0 res5=0 res6=0 res7=0 res8=0 Garden=1 Road=5 House=2 Hothouse=1 | nw=1371826.3851
  s=  325 a= 25(BUILD:SuperHouse) r= -3.7359 cum=   -181.96 v= -0.8312 top5=[a32=0.048, a5=0.040, a6=0.036, a16=0.035, a37=0.032] [BUILD FAILED: SuperHouse money=6374 free=31]
    OBS: year=1 month=3 season=0 money=6374 credit=138287 people=31 busy=0 free=31 home_places=170 need_workers=4 tax_due=1 main_tax_due=0 tax_amount=6830 main_tax_amount=0 days_alive=365 stage=0 res0=0 res1=200 res2=0 res3=0 res4=0 res5=0 res6=0 res7=0 res8=0 Garden=1 Road=5 House=2 Hothouse=1 | nw=1371826.3851
  s=  326 a= 16(BUILD:CoalCut) r= -3.7186 cum=   -185.68 v= -0.8291 top5=[a32=0.048, a5=0.040, a6=0.036, a16=0.035, a37=0.032] [BUILD FAILED: CoalCut money=6374 free=31]
    OBS: year=1 month=3 season=0 money=6374 credit=138287 people=31 busy=0 free=31 home_places=170 need_workers=4 tax_due=1 main_tax_due=0 tax_amount=6830 main_tax_amount=0 days_alive=365 stage=0 res0=0 res1=200 res2=0 res3=0 res4=0 res5=0 res6=0 res7=0 res8=0 Garden=1 Road=5 House=2 Hothouse=1 | nw=1371826.3851
  s=  327 a= 18(BUILD:CowFarm) r= -3.7019 cum=   -189.38 v= -0.8270 top5=[a32=0.048, a5=0.039, a6=0.036, a16=0.035, a37=0.032] [BUILD FAILED: CowFarm money=6374 free=31]
    OBS: year=1 month=3 season=0 money=6374 credit=138287 people=31 busy=0 free=31 home_places=170 need_workers=4 tax_due=1 main_tax_due=0 tax_amount=6830 main_tax_amount=0 days_alive=365 stage=0 res0=0 res1=200 res2=0 res3=0 res4=0 res5=0 res6=0 res7=0 res8=0 Garden=1 Road=5 House=2 Hothouse=1 | nw=1371826.3851
  s=  328 a= 17(BUILD:HuntingLand) r= -3.6860 cum=   -193.07 v= -0.7763 top5=[a32=0.046, a5=0.038, a6=0.034, a16=0.034, a37=0.032] [BUILD FAILED: HuntingLand money=6374 free=31]
    OBS: year=1 month=3 season=0 money=6374 credit=138287 people=31 busy=0 free=31 home_places=170 need_workers=4 tax_due=1 main_tax_due=0 tax_amount=6830 main_tax_amount=0 days_alive=365 stage=0 res0=0 res1=200 res2=0 res3=0 res4=0 res5=0 res6=0 res7=0 res8=0 Garden=1 Road=5 House=2 Hothouse=1 | nw=1371826.3851
  s=  329 a=  7(BUILD:Sawmill) r= -3.6707 cum=   -196.74 v= -0.7303 top5=[a32=0.044, a5=0.036, a6=0.033, a16=0.032, a37=0.031] [BUILD FAILED: Sawmill money=6374 free=31]
    OBS: year=1 month=3 season=0 money=6374 credit=138287 people=31 busy=0 free=31 home_places=170 need_workers=4 tax_due=1 main_tax_due=0 tax_amount=6830 main_tax_amount=0 days_alive=365 stage=0 res0=0 res1=200 res2=0 res3=0 res4=0 res5=0 res6=0 res7=0 res8=0 Garden=1 Road=5 House=2 Hothouse=1 | nw=1371826.3851
  s=  330 a=  9(BUILD:Ironmine) r= -3.6559 cum=   -200.39 v= -0.6968 top5=[a32=0.043, a5=0.035, a6=0.032, a16=0.031, a37=0.031] [BUILD FAILED: Ironmine money=6374 free=31]
    OBS: year=1 month=3 season=0 money=6374 credit=138287 people=31 busy=0 free=31 home_places=170 need_workers=4 tax_due=1 main_tax_due=0 tax_amount=6830 main_tax_amount=0 days_alive=365 stage=0 res0=0 res1=200 res2=0 res3=0 res4=0 res5=0 res6=0 res7=0 res8=0 Garden=1 Road=5 House=2 Hothouse=1 | nw=1371826.3851
  s=  331 a=  1(WEEK) r= -3.6418 cum=   -204.04 v= -0.6676 top5=[a32=0.042, a5=0.034, a6=0.031, a16=0.031, a37=0.030]
    OBS: year=1 month=3 season=0 money=6374 credit=138287 people=31 busy=0 free=31 home_places=170 need_workers=4 tax_due=1 main_tax_due=0 tax_amount=6830 main_tax_amount=0 days_alive=365 stage=0 res0=0 res1=200 res2=0 res3=0 res4=0 res5=0 res6=0 res7=0 res8=0 Garden=1 Road=5 House=2 Hothouse=1 | nw=1371826.3851
  s=  332 a= 14(BUILD:Road) r= -2.4536 cum=   -206.49 v= -0.6453 top5=[a32=0.042, a5=0.033, a6=0.031, a16=0.030, a26=0.030] [BUILD FAILED: Road money=474 free=31]
    OBS: year=1 month=3 season=0 money=474 credit=138287 people=31 busy=0 free=31 home_places=170 need_workers=4 tax_due=1 main_tax_due=0 tax_amount=7250 main_tax_amount=0 days_alive=365 stage=0 res0=0 res1=200 res2=0 res3=0 res4=0 res5=0 res6=0 res7=0 res8=0 Garden=1 Road=5 House=2 SmallHouse=1 Hothouse=1 | nw=1371826.3851
  s=  333 a= 16(BUILD:CoalCut) r= -3.6267 cum=   -210.12 v= -0.6994 top5=[a32=0.042, a5=0.031, a37=0.031, a16=0.031, a26=0.030] [BUILD FAILED: CoalCut money=474 free=31]
    OBS: year=1 month=3 season=0 money=474 credit=138287 people=31 busy=0 free=31 home_places=170 need_workers=4 tax_due=1 main_tax_due=0 tax_amount=7250 main_tax_amount=0 days_alive=365 stage=0 res0=0 res1=200 res2=0 res3=0 res4=0 res5=0 res6=0 res7=0 res8=0 Garden=1 Road=5 House=2 SmallHouse=1 Hothouse=1 | nw=1371826.3851
  s=  334 a= 21(BUILD:BigFarm) r= -3.6137 cum=   -213.73 v= -0.6832 top5=[a32=0.041, a37=0.030, a26=0.030, a16=0.030, a5=0.030] [BUILD FAILED: BigFarm money=474 free=31]
    OBS: year=1 month=3 season=0 money=474 credit=138287 people=31 busy=0 free=31 home_places=170 need_workers=4 tax_due=1 main_tax_due=0 tax_amount=7250 main_tax_amount=0 days_alive=365 stage=0 res0=0 res1=200 res2=0 res3=0 res4=0 res5=0 res6=0 res7=0 res8=0 Garden=1 Road=5 House=2 SmallHouse=1 Hothouse=1 | nw=1371826.3851
  s=  335 a=  7(BUILD:Sawmill) r= -3.6012 cum=   -217.33 v= -0.6698 top5=[a32=0.040, a26=0.030, a37=0.030, a16=0.030, a5=0.030] [BUILD FAILED: Sawmill money=474 free=31]
    OBS: year=1 month=3 season=0 money=474 credit=138287 people=31 busy=0 free=31 home_places=170 need_workers=4 tax_due=1 main_tax_due=0 tax_amount=7250 main_tax_amount=0 days_alive=365 stage=0 res0=0 res1=200 res2=0 res3=0 res4=0 res5=0 res6=0 res7=0 res8=0 Garden=1 Road=5 House=2 SmallHouse=1 Hothouse=1 | nw=1371826.3851
  s=  336 a= 41(MANAGER:7) r= -3.1025 cum=   -220.43 v= -0.6583 top5=[a32=0.040, a26=0.030, a37=0.030, a16=0.030, a5=0.029]
    OBS: year=1 month=3 season=0 money=74 credit=138287 people=31 busy=0 free=31 home_places=170 need_workers=4 tax_due=1 main_tax_due=0 tax_amount=7254 main_tax_amount=0 days_alive=365 stage=0 res0=0 res1=400 res2=0 res3=0 res4=0 res5=0 res6=0 res7=0 res8=0 Garden=1 Road=5 House=2 SmallHouse=1 Hothouse=1 | nw=1371626.3851
  s=  337 a= 26(BUILD:BigSawmill) r= -3.5827 cum=   -224.02 v= -0.6488 top5=[a32=0.039, a26=0.030, a37=0.030, a16=0.029, a5=0.029] [BUILD FAILED: BigSawmill money=74 free=31]
    OBS: year=1 month=3 season=0 money=74 credit=138287 people=31 busy=0 free=31 home_places=170 need_workers=4 tax_due=1 main_tax_due=0 tax_amount=7254 main_tax_amount=0 days_alive=365 stage=0 res0=0 res1=400 res2=0 res3=0 res4=0 res5=0 res6=0 res7=0 res8=0 Garden=1 Road=5 House=2 SmallHouse=1 Hothouse=1 | nw=1371626.3851
  s=  338 a= 31(BUILD:AirStation) r= -3.5714 cum=   -227.59 v= -0.6407 top5=[a32=0.039, a26=0.030, a37=0.029, a16=0.029, a5=0.028] [BUILD FAILED: AirStation money=74 free=31]
    OBS: year=1 month=3 season=0 money=74 credit=138287 people=31 busy=0 free=31 home_places=170 need_workers=4 tax_due=1 main_tax_due=0 tax_amount=7254 main_tax_amount=0 days_alive=365 stage=0 res0=0 res1=400 res2=0 res3=0 res4=0 res5=0 res6=0 res7=0 res8=0 Garden=1 Road=5 House=2 SmallHouse=1 Hothouse=1 | nw=1371626.3851
  s=  339 a=  3(BUILD:Farm) r= -3.5604 cum=   -231.15 v= -0.6319 top5=[a32=0.038, a26=0.030, a37=0.029, a16=0.029, a35=0.028] [BUILD FAILED: Farm money=74 free=31]
    OBS: year=1 month=3 season=0 money=74 credit=138287 people=31 busy=0 free=31 home_places=170 need_workers=4 tax_due=1 main_tax_due=0 tax_amount=7254 main_tax_amount=0 days_alive=365 stage=0 res0=0 res1=400 res2=0 res3=0 res4=0 res5=0 res6=0 res7=0 res8=0 Garden=1 Road=5 House=2 SmallHouse=1 Hothouse=1 | nw=1371626.3851
  s=  340 a= 30(BUILD:BigIronmine) r= -3.5499 cum=   -234.70 v= -0.6237 top5=[a32=0.038, a26=0.030, a37=0.029, a16=0.029, a35=0.028] [BUILD FAILED: BigIronmine money=74 free=31]
    OBS: year=1 month=3 season=0 money=74 credit=138287 people=31 busy=0 free=31 home_places=170 need_workers=4 tax_due=1 main_tax_due=0 tax_amount=7254 main_tax_amount=0 days_alive=365 stage=0 res0=0 res1=400 res2=0 res3=0 res4=0 res5=0 res6=0 res7=0 res8=0 Garden=1 Road=5 House=2 SmallHouse=1 Hothouse=1 | nw=1371626.3851
  s=  341 a= 44(MANAGER:10) r= -2.6397 cum=   -237.34 v= -0.6154 top5=[a32=0.038, a26=0.030, a37=0.029, a16=0.029, a35=0.028]
    OBS: year=1 month=3 season=0 money=74 credit=138287 people=31 busy=0 free=31 home_places=170 need_workers=4 tax_due=1 main_tax_due=0 tax_amount=7254 main_tax_amount=0 days_alive=365 stage=0 res0=0 res1=400 res2=0 res3=0 res4=0 res5=0 res6=0 res7=0 res8=0 Garden=1 Road=5 House=2 SmallHouse=1 Hothouse=1 | nw=1371626.3851
  s=  342 a= 29(BUILD:Puerperal) r= -3.5377 cum=   -240.87 v= -0.6076 top5=[a32=0.037, a26=0.030, a37=0.029, a16=0.029, a35=0.028] [BUILD FAILED: Puerperal money=74 free=31]
    OBS: year=1 month=3 season=0 money=74 credit=138287 people=31 busy=0 free=31 home_places=170 need_workers=4 tax_due=1 main_tax_due=0 tax_amount=7254 main_tax_amount=0 days_alive=365 stage=0 res0=0 res1=400 res2=0 res3=0 res4=0 res5=0 res6=0 res7=0 res8=0 Garden=1 Road=5 House=2 SmallHouse=1 Hothouse=1 | nw=1371626.3851
  s=  343 a= 37(MANAGER:3) r= -3.5280 cum=   -244.40 v= -0.6004 top5=[a32=0.037, a26=0.030, a37=0.029, a16=0.029, a35=0.028]
    OBS: year=1 month=3 season=0 money=74 credit=138287 people=31 busy=0 free=31 home_places=170 need_workers=4 tax_due=1 main_tax_due=0 tax_amount=7254 main_tax_amount=0 days_alive=365 stage=0 res0=0 res1=400 res2=0 res3=0 res4=0 res5=0 res6=0 res7=0 res8=0 Garden=1 Road=5 House=2 SmallHouse=1 Hothouse=1 | nw=1371626.3851
  s=  344 a= 20(BUILD:BigHouse) r= -3.5186 cum=   -247.92 v= -0.5937 top5=[a32=0.037, a26=0.030, a37=0.029, a16=0.028, a35=0.028] [BUILD FAILED: BigHouse money=74 free=31]
    OBS: year=1 month=3 season=0 money=74 credit=138287 people=31 busy=0 free=31 home_places=170 need_workers=4 tax_due=1 main_tax_due=0 tax_amount=7254 main_tax_amount=0 days_alive=365 stage=0 res0=0 res1=400 res2=0 res3=0 res4=0 res5=0 res6=0 res7=0 res8=0 Garden=1 Road=5 House=2 SmallHouse=1 Hothouse=1 | nw=1371626.3851
  s=  345 a= 12(BUILD:PowerStation) r= -3.5095 cum=   -251.43 v= -0.5875 top5=[a32=0.037, a26=0.030, a37=0.029, a16=0.028, a35=0.028] [BUILD FAILED: PowerStation money=74 free=31]
    OBS: year=1 month=3 season=0 money=74 credit=138287 people=31 busy=0 free=31 home_places=170 need_workers=4 tax_due=1 main_tax_due=0 tax_amount=7254 main_tax_amount=0 days_alive=365 stage=0 res0=0 res1=400 res2=0 res3=0 res4=0 res5=0 res6=0 res7=0 res8=0 Garden=1 Road=5 House=2 SmallHouse=1 Hothouse=1 | nw=1371626.3851
  s=  346 a= 13(BUILD:HydroStation) r= -3.5006 cum=   -254.93 v= -0.5818 top5=[a32=0.037, a26=0.030, a37=0.029, a16=0.028, a35=0.028] [BUILD FAILED: HydroStation money=74 free=31]
    OBS: year=1 month=3 season=0 money=74 credit=138287 people=31 busy=0 free=31 home_places=170 need_workers=4 tax_due=1 main_tax_due=0 tax_amount=7254 main_tax_amount=0 days_alive=365 stage=0 res0=0 res1=400 res2=0 res3=0 res4=0 res5=0 res6=0 res7=0 res8=0 Garden=1 Road=5 House=2 SmallHouse=1 Hothouse=1 | nw=1371626.3851
  s=  347 a= 37(MANAGER:3) r= -3.4921 cum=   -258.42 v= -0.5763 top5=[a32=0.036, a26=0.030, a37=0.028, a16=0.028, a35=0.028]
    OBS: year=1 month=3 season=0 money=74 credit=138287 people=31 busy=0 free=31 home_places=170 need_workers=4 tax_due=1 main_tax_due=0 tax_amount=7254 main_tax_amount=0 days_alive=365 stage=0 res0=0 res1=400 res2=0 res3=0 res4=0 res5=0 res6=0 res7=0 res8=0 Garden=1 Road=5 House=2 SmallHouse=1 Hothouse=1 | nw=1371626.3851
  s=  348 a= 30(BUILD:BigIronmine) r= -3.4838 cum=   -261.91 v= -0.5712 top5=[a32=0.036, a26=0.030, a37=0.028, a16=0.028, a35=0.028] [BUILD FAILED: BigIronmine money=74 free=31]
    OBS: year=1 month=3 season=0 money=74 credit=138287 people=31 busy=0 free=31 home_places=170 need_workers=4 tax_due=1 main_tax_due=0 tax_amount=7254 main_tax_amount=0 days_alive=365 stage=0 res0=0 res1=400 res2=0 res3=0 res4=0 res5=0 res6=0 res7=0 res8=0 Garden=1 Road=5 House=2 SmallHouse=1 Hothouse=1 | nw=1371626.3851
  s=  349 a= 36(MANAGER:2) r= -2.8475 cum=   -264.76 v= -0.5662 top5=[a32=0.036, a26=0.030, a37=0.028, a35=0.028, a16=0.028]
    OBS: year=1 month=3 season=0 money=0 credit=138287 people=31 busy=0 free=31 home_places=170 need_workers=4 tax_due=1 main_tax_due=0 tax_amount=7254 main_tax_amount=0 days_alive=365 stage=0 res0=0 res1=400 res2=0 res3=0 res4=0 res5=0 res6=0 res7=0 res8=0 Garden=1 Road=5 House=2 SmallHouse=1 Hothouse=1 | nw=1371692.9140
  s=  350 a= 38(MANAGER:4) r= -1.1185 cum=   -265.87 v= -0.5613 top5=[a32=0.036, a26=0.030, a37=0.028, a35=0.028, a16=0.028]
    OBS: year=1 month=3 season=0 money=0 credit=138287 people=31 busy=0 free=31 home_places=170 need_workers=4 tax_due=1 main_tax_due=0 tax_amount=7254 main_tax_amount=0 days_alive=365 stage=0 res0=0 res1=400 res2=0 res3=0 res4=0 res5=0 res6=0 res7=0 res8=0 Garden=1 Road=5 House=2 SmallHouse=1 Hothouse=1 | nw=1371692.9140
  s=  351 a= 22(BUILD:Apiary) r= -3.4779 cum=   -269.35 v= -0.5100 top5=[a32=0.034, a26=0.032, a9=0.029, a37=0.029, a35=0.028] [BUILD FAILED: Apiary money=0 free=31]
    OBS: year=1 month=3 season=0 money=0 credit=138287 people=31 busy=0 free=31 home_places=170 need_workers=4 tax_due=1 main_tax_due=0 tax_amount=7254 main_tax_amount=0 days_alive=365 stage=0 res0=0 res1=400 res2=0 res3=0 res4=0 res5=0 res6=0 res7=0 res8=0 Garden=1 Road=5 House=2 SmallHouse=1 Hothouse=1 | nw=1371692.9140
  s=  352 a=  2(BUILD:WaterChannel) r= -3.4702 cum=   -272.82 v= -0.5062 top5=[a32=0.034, a26=0.032, a9=0.029, a37=0.028, a35=0.028] [BUILD FAILED: WaterChannel money=0 free=31]
    OBS: year=1 month=3 season=0 money=0 credit=138287 people=31 busy=0 free=31 home_places=170 need_workers=4 tax_due=1 main_tax_due=0 tax_amount=7254 main_tax_amount=0 days_alive=365 stage=0 res0=0 res1=400 res2=0 res3=0 res4=0 res5=0 res6=0 res7=0 res8=0 Garden=1 Road=5 House=2 SmallHouse=1 Hothouse=1 | nw=1371692.9140
  s=  353 a=  7(BUILD:Sawmill) r= -3.4627 cum=   -276.28 v= -0.5024 top5=[a32=0.034, a26=0.032, a9=0.029, a37=0.028, a35=0.028] [BUILD FAILED: Sawmill money=0 free=31]
    OBS: year=1 month=3 season=0 money=0 credit=138287 people=31 busy=0 free=31 home_places=170 need_workers=4 tax_due=1 main_tax_due=0 tax_amount=7254 main_tax_amount=0 days_alive=365 stage=0 res0=0 res1=400 res2=0 res3=0 res4=0 res5=0 res6=0 res7=0 res8=0 Garden=1 Road=5 House=2 SmallHouse=1 Hothouse=1 | nw=1371692.9140
  s=  354 a= 18(BUILD:CowFarm) r= -3.4555 cum=   -279.74 v= -0.4988 top5=[a32=0.034, a26=0.032, a9=0.029, a37=0.028, a35=0.028] [BUILD FAILED: CowFarm money=0 free=31]
    OBS: year=1 month=3 season=0 money=0 credit=138287 people=31 busy=0 free=31 home_places=170 need_workers=4 tax_due=1 main_tax_due=0 tax_amount=7254 main_tax_amount=0 days_alive=365 stage=0 res0=0 res1=400 res2=0 res3=0 res4=0 res5=0 res6=0 res7=0 res8=0 Garden=1 Road=5 House=2 SmallHouse=1 Hothouse=1 | nw=1371692.9140
  s=  355 a= 20(BUILD:BigHouse) r= -3.4485 cum=   -283.19 v= -0.4952 top5=[a32=0.034, a26=0.032, a9=0.030, a37=0.028, a35=0.028] [BUILD FAILED: BigHouse money=0 free=31]
    OBS: year=1 month=3 season=0 money=0 credit=138287 people=31 busy=0 free=31 home_places=170 need_workers=4 tax_due=1 main_tax_due=0 tax_amount=7254 main_tax_amount=0 days_alive=365 stage=0 res0=0 res1=400 res2=0 res3=0 res4=0 res5=0 res6=0 res7=0 res8=0 Garden=1 Road=5 House=2 SmallHouse=1 Hothouse=1 | nw=1371692.9140
  s=  356 a= 24(BUILD:Hothouse) r= -3.4417 cum=   -286.63 v= -0.4916 top5=[a32=0.033, a26=0.032, a9=0.030, a37=0.028, a35=0.028] [BUILD FAILED: Hothouse money=0 free=31]
    OBS: year=1 month=3 season=0 money=0 credit=138287 people=31 busy=0 free=31 home_places=170 need_workers=4 tax_due=1 main_tax_due=0 tax_amount=7254 main_tax_amount=0 days_alive=365 stage=0 res0=0 res1=400 res2=0 res3=0 res4=0 res5=0 res6=0 res7=0 res8=0 Garden=1 Road=5 House=2 SmallHouse=1 Hothouse=1 | nw=1371692.9140
  s=  357 a= 37(MANAGER:3) r= -3.4350 cum=   -290.07 v= -0.4882 top5=[a32=0.033, a26=0.032, a9=0.030, a37=0.028, a35=0.028]
    OBS: year=1 month=3 season=0 money=0 credit=138287 people=31 busy=0 free=31 home_places=170 need_workers=4 tax_due=1 main_tax_due=0 tax_amount=7254 main_tax_amount=0 days_alive=365 stage=0 res0=0 res1=400 res2=0 res3=0 res4=0 res5=0 res6=0 res7=0 res8=0 Garden=1 Road=5 House=2 SmallHouse=1 Hothouse=1 | nw=1371692.9140
  s=  358 a= 35(MANAGER:1) r= -3.4286 cum=   -293.49 v= -0.4850 top5=[a32=0.033, a26=0.032, a9=0.030, a37=0.028, a35=0.028]
    OBS: year=1 month=3 season=0 money=0 credit=138287 people=31 busy=0 free=31 home_places=170 need_workers=4 tax_due=1 main_tax_due=0 tax_amount=7254 main_tax_amount=0 days_alive=365 stage=0 res0=0 res1=400 res2=0 res3=0 res4=0 res5=0 res6=0 res7=0 res8=0 Garden=1 Road=5 House=2 SmallHouse=1 Hothouse=1 | nw=1371692.9140
  s=  359 a= 19(BUILD:Mushroom) r= -3.4224 cum=   -296.92 v= -0.4817 top5=[a32=0.033, a26=0.032, a9=0.030, a37=0.028, a35=0.028] [BUILD FAILED: Mushroom money=0 free=31]
    OBS: year=1 month=3 season=0 money=0 credit=138287 people=31 busy=0 free=31 home_places=170 need_workers=4 tax_due=1 main_tax_due=0 tax_amount=7254 main_tax_amount=0 days_alive=365 stage=0 res0=0 res1=400 res2=0 res3=0 res4=0 res5=0 res6=0 res7=0 res8=0 Garden=1 Road=5 House=2 SmallHouse=1 Hothouse=1 | nw=1371692.9140
  s=  360 a= 41(MANAGER:7) r= -3.4163 cum=   -300.33 v= -0.4785 top5=[a32=0.033, a26=0.032, a9=0.030, a37=0.028, a35=0.028]
    OBS: year=1 month=3 season=0 money=0 credit=138287 people=31 busy=0 free=31 home_places=170 need_workers=4 tax_due=1 main_tax_due=0 tax_amount=7254 main_tax_amount=0 days_alive=365 stage=0 res0=0 res1=400 res2=0 res3=0 res4=0 res5=0 res6=0 res7=0 res8=0 Garden=1 Road=5 House=2 SmallHouse=1 Hothouse=1 | nw=1371692.9140
  s=  361 a=  1(WEEK) r= -5.7804 cum=   -306.11 v= -0.4754 top5=[a32=0.033, a26=0.032, a9=0.030, a37=0.028, a35=0.028]
    OBS: year=1 month=3 season=0 money=0 credit=138287 people=31 busy=0 free=31 home_places=170 need_workers=4 tax_due=1 main_tax_due=0 tax_amount=7254 main_tax_amount=0 days_alive=365 stage=0 res0=0 res1=400 res2=0 res3=0 res4=0 res5=0 res6=0 res7=0 res8=0 Garden=1 Road=5 House=2 SmallHouse=1 Hothouse=1 | nw=1371692.9140
  s=  362 a= 41(MANAGER:7) r= -3.3773 cum=   -309.49 v= -0.4725 top5=[a32=0.033, a26=0.032, a9=0.030, a37=0.028, a35=0.028]
    OBS: year=1 month=3 season=0 money=0 credit=138287 people=31 busy=0 free=31 home_places=170 need_workers=4 tax_due=1 main_tax_due=0 tax_amount=7254 main_tax_amount=0 days_alive=365 stage=0 res0=0 res1=400 res2=0 res3=0 res4=0 res5=0 res6=0 res7=0 res8=0 Garden=1 Road=5 House=2 SmallHouse=1 Hothouse=1 | nw=1371692.9140
  s=  363 a= 36(MANAGER:2) r= -3.3722 cum=   -312.86 v= -0.4699 top5=[a32=0.033, a26=0.032, a9=0.030, a37=0.028, a35=0.028]
    OBS: year=1 month=3 season=0 money=0 credit=138287 people=31 busy=0 free=31 home_places=170 need_workers=4 tax_due=1 main_tax_due=0 tax_amount=7254 main_tax_amount=0 days_alive=365 stage=0 res0=0 res1=400 res2=0 res3=0 res4=0 res5=0 res6=0 res7=0 res8=0 Garden=1 Road=5 House=2 SmallHouse=1 Hothouse=1 | nw=1371692.9140
  s=  364 a= 22(BUILD:Apiary) r= -3.3673 cum=   -316.23 v= -0.4673 top5=[a32=0.033, a26=0.032, a9=0.030, a37=0.028, a35=0.028] [BUILD FAILED: Apiary money=0 free=31]
    OBS: year=1 month=3 season=0 money=0 credit=138287 people=31 busy=0 free=31 home_places=170 need_workers=4 tax_due=1 main_tax_due=0 tax_amount=7254 main_tax_amount=0 days_alive=365 stage=0 res0=0 res1=400 res2=0 res3=0 res4=0 res5=0 res6=0 res7=0 res8=0 Garden=1 Road=5 House=2 SmallHouse=1 Hothouse=1 | nw=1371692.9140
  s=  365 a=  0(DAY) r= -3.3625 cum=   -319.59 v= -0.4648 top5=[a32=0.033, a26=0.032, a9=0.030, a37=0.028, a35=0.027]
    OBS: year=1 month=3 season=0 money=0 credit=138287 people=31 busy=0 free=31 home_places=170 need_workers=4 tax_due=1 main_tax_due=0 tax_amount=7254 main_tax_amount=0 days_alive=365 stage=0 res0=0 res1=400 res2=0 res3=0 res4=0 res5=0 res6=0 res7=0 res8=0 Garden=1 Road=5 House=2 SmallHouse=1 Hothouse=1 | nw=1371692.9140
  s=  366 a=  0(DAY) r= -3.3578 cum=   -322.95 v= -0.4623 top5=[a32=0.033, a26=0.032, a9=0.030, a37=0.028, a35=0.027]
    OBS: year=1 month=3 season=0 money=0 credit=138287 people=31 busy=0 free=31 home_places=170 need_workers=4 tax_due=1 main_tax_due=0 tax_amount=7254 main_tax_amount=0 days_alive=365 stage=0 res0=0 res1=400 res2=0 res3=0 res4=0 res5=0 res6=0 res7=0 res8=0 Garden=1 Road=5 House=2 SmallHouse=1 Hothouse=1 | nw=1371692.9140
  s=  367 a= 31(BUILD:AirStation) r= -3.3533 cum=   -326.30 v= -0.4600 top5=[a32=0.033, a26=0.032, a9=0.030, a37=0.028, a35=0.027] [BUILD FAILED: AirStation money=0 free=31]
    OBS: year=1 month=3 season=0 money=0 credit=138287 people=31 busy=0 free=31 home_places=170 need_workers=4 tax_due=1 main_tax_due=0 tax_amount=7254 main_tax_amount=0 days_alive=365 stage=0 res0=0 res1=400 res2=0 res3=0 res4=0 res5=0 res6=0 res7=0 res8=0 Garden=1 Road=5 House=2 SmallHouse=1 Hothouse=1 | nw=1371692.9140
  s=  368 a= 44(MANAGER:10) r= -2.4974 cum=   -328.80 v= -0.4576 top5=[a32=0.033, a26=0.032, a9=0.030, a37=0.028, a35=0.027]
    OBS: year=1 month=3 season=0 money=0 credit=138287 people=31 busy=0 free=31 home_places=170 need_workers=4 tax_due=1 main_tax_due=0 tax_amount=7254 main_tax_amount=0 days_alive=365 stage=0 res0=0 res1=400 res2=0 res3=0 res4=0 res5=0 res6=0 res7=0 res8=0 Garden=1 Road=5 House=2 SmallHouse=1 Hothouse=1 | nw=1371692.9140
  s=  369 a= 16(BUILD:CoalCut) r= -3.3496 cum=   -332.15 v= -0.4553 top5=[a32=0.032, a26=0.032, a9=0.030, a37=0.028, a35=0.027] [BUILD FAILED: CoalCut money=0 free=31]
    OBS: year=1 month=3 season=0 money=0 credit=138287 people=31 busy=0 free=31 home_places=170 need_workers=4 tax_due=1 main_tax_due=0 tax_amount=7254 main_tax_amount=0 days_alive=365 stage=0 res0=0 res1=400 res2=0 res3=0 res4=0 res5=0 res6=0 res7=0 res8=0 Garden=1 Road=5 House=2 SmallHouse=1 Hothouse=1 | nw=1371692.9140
  s=  370 a=  2(BUILD:WaterChannel) r= -3.3453 cum=   -335.50 v= -0.4531 top5=[a32=0.032, a26=0.032, a9=0.030, a37=0.028, a35=0.027] [BUILD FAILED: WaterChannel money=0 free=31]
    OBS: year=1 month=3 season=0 money=0 credit=138287 people=31 busy=0 free=31 home_places=170 need_workers=4 tax_due=1 main_tax_due=0 tax_amount=7254 main_tax_amount=0 days_alive=365 stage=0 res0=0 res1=400 res2=0 res3=0 res4=0 res5=0 res6=0 res7=0 res8=0 Garden=1 Road=5 House=2 SmallHouse=1 Hothouse=1 | nw=1371692.9140
  s=  371 a= 22(BUILD:Apiary) r= -3.3411 cum=   -338.84 v= -0.4509 top5=[a32=0.032, a26=0.032, a9=0.030, a37=0.028, a35=0.027] [BUILD FAILED: Apiary money=0 free=31]
    OBS: year=1 month=3 season=0 money=0 credit=138287 people=31 busy=0 free=31 home_places=170 need_workers=4 tax_due=1 main_tax_due=0 tax_amount=7254 main_tax_amount=0 days_alive=365 stage=0 res0=0 res1=400 res2=0 res3=0 res4=0 res5=0 res6=0 res7=0 res8=0 Garden=1 Road=5 House=2 SmallHouse=1 Hothouse=1 | nw=1371692.9140
  s=  372 a= 18(BUILD:CowFarm) r= -3.3371 cum=   -342.17 v= -0.4488 top5=[a32=0.032, a26=0.032, a9=0.030, a37=0.028, a35=0.027] [BUILD FAILED: CowFarm money=0 free=31]
    OBS: year=1 month=3 season=0 money=0 credit=138287 people=31 busy=0 free=31 home_places=170 need_workers=4 tax_due=1 main_tax_due=0 tax_amount=7254 main_tax_amount=0 days_alive=365 stage=0 res0=0 res1=400 res2=0 res3=0 res4=0 res5=0 res6=0 res7=0 res8=0 Garden=1 Road=5 House=2 SmallHouse=1 Hothouse=1 | nw=1371692.9140
  s=  373 a= 16(BUILD:CoalCut) r= -3.3332 cum=   -345.51 v= -0.4467 top5=[a32=0.032, a26=0.032, a9=0.030, a37=0.028, a35=0.027] [BUILD FAILED: CoalCut money=0 free=31]
    OBS: year=1 month=3 season=0 money=0 credit=138287 people=31 busy=0 free=31 home_places=170 need_workers=4 tax_due=1 main_tax_due=0 tax_amount=7254 main_tax_amount=0 days_alive=365 stage=0 res0=0 res1=400 res2=0 res3=0 res4=0 res5=0 res6=0 res7=0 res8=0 Garden=1 Road=5 House=2 SmallHouse=1 Hothouse=1 | nw=1371692.9140
  s=  374 a= 24(BUILD:Hothouse) r= -3.3293 cum=   -348.84 v= -0.4445 top5=[a32=0.032, a26=0.032, a9=0.030, a37=0.028, a35=0.027] [BUILD FAILED: Hothouse money=0 free=31]
    OBS: year=1 month=3 season=0 money=0 credit=138287 people=31 busy=0 free=31 home_places=170 need_workers=4 tax_due=1 main_tax_due=0 tax_amount=7254 main_tax_amount=0 days_alive=365 stage=0 res0=0 res1=400 res2=0 res3=0 res4=0 res5=0 res6=0 res7=0 res8=0 Garden=1 Road=5 House=2 SmallHouse=1 Hothouse=1 | nw=1371692.9140
  s=  375 a= 41(MANAGER:7) r= -3.3256 cum=   -352.16 v= -0.4424 top5=[a32=0.032, a26=0.032, a9=0.030, a37=0.028, a35=0.027]
    OBS: year=1 month=3 season=0 money=0 credit=138287 people=31 busy=0 free=31 home_places=170 need_workers=4 tax_due=1 main_tax_due=0 tax_amount=7254 main_tax_amount=0 days_alive=365 stage=0 res0=0 res1=400 res2=0 res3=0 res4=0 res5=0 res6=0 res7=0 res8=0 Garden=1 Road=5 House=2 SmallHouse=1 Hothouse=1 | nw=1371692.9140
  s=  376 a= 30(BUILD:BigIronmine) r= -3.3220 cum=   -355.48 v= -0.4403 top5=[a32=0.032, a26=0.032, a9=0.030, a37=0.028, a35=0.027] [BUILD FAILED: BigIronmine money=0 free=31]
    OBS: year=1 month=3 season=0 money=0 credit=138287 people=31 busy=0 free=31 home_places=170 need_workers=4 tax_due=1 main_tax_due=0 tax_amount=7254 main_tax_amount=0 days_alive=365 stage=0 res0=0 res1=400 res2=0 res3=0 res4=0 res5=0 res6=0 res7=0 res8=0 Garden=1 Road=5 House=2 SmallHouse=1 Hothouse=1 | nw=1371692.9140
  s=  377 a=  0(DAY) r= -3.3184 cum=   -358.80 v= -0.4384 top5=[a32=0.032, a26=0.032, a9=0.030, a37=0.028, a35=0.027]
    OBS: year=1 month=3 season=0 money=0 credit=138287 people=31 busy=0 free=31 home_places=170 need_workers=4 tax_due=1 main_tax_due=0 tax_amount=7254 main_tax_amount=0 days_alive=365 stage=0 res0=0 res1=400 res2=0 res3=0 res4=0 res5=0 res6=0 res7=0 res8=0 Garden=1 Road=5 House=2 SmallHouse=1 Hothouse=1 | nw=1371692.9140
  s=  378 a= 24(BUILD:Hothouse) r= -3.3150 cum=   -362.12 v= -0.4364 top5=[a32=0.032, a26=0.032, a9=0.030, a37=0.028, a35=0.027] [BUILD FAILED: Hothouse money=0 free=31]
    OBS: year=1 month=3 season=0 money=0 credit=138287 people=31 busy=0 free=31 home_places=170 need_workers=4 tax_due=1 main_tax_due=0 tax_amount=7254 main_tax_amount=0 days_alive=365 stage=0 res0=0 res1=400 res2=0 res3=0 res4=0 res5=0 res6=0 res7=0 res8=0 Garden=1 Road=5 House=2 SmallHouse=1 Hothouse=1 | nw=1371692.9140
  s=  379 a=  8(BUILD:Coalmine) r= -3.3117 cum=   -365.43 v= -0.4346 top5=[a32=0.032, a26=0.032, a9=0.030, a37=0.028, a35=0.027] [BUILD FAILED: Coalmine money=0 free=31]
    OBS: year=1 month=3 season=0 money=0 credit=138287 people=31 busy=0 free=31 home_places=170 need_workers=4 tax_due=1 main_tax_due=0 tax_amount=7254 main_tax_amount=0 days_alive=365 stage=0 res0=0 res1=400 res2=0 res3=0 res4=0 res5=0 res6=0 res7=0 res8=0 Garden=1 Road=5 House=2 SmallHouse=1 Hothouse=1 | nw=1371692.9140
  s=  380 a= 44(MANAGER:10) r= -2.4673 cum=   -367.90 v= -0.4327 top5=[a32=0.032, a26=0.031, a9=0.030, a37=0.028, a35=0.027]
    OBS: year=1 month=3 season=0 money=0 credit=138287 people=31 busy=0 free=31 home_places=170 need_workers=4 tax_due=1 main_tax_due=0 tax_amount=7254 main_tax_amount=0 days_alive=365 stage=0 res0=0 res1=400 res2=0 res3=0 res4=0 res5=0 res6=0 res7=0 res8=0 Garden=1 Road=5 House=2 SmallHouse=1 Hothouse=1 | nw=1371692.9140
  s=  381 a= 36(MANAGER:2) r= -3.3096 cum=   -371.21 v= -0.4309 top5=[a32=0.032, a26=0.031, a9=0.030, a37=0.028, a35=0.027]
    OBS: year=1 month=3 season=0 money=0 credit=138287 people=31 busy=0 free=31 home_places=170 need_workers=4 tax_due=1 main_tax_due=0 tax_amount=7254 main_tax_amount=0 days_alive=365 stage=0 res0=0 res1=400 res2=0 res3=0 res4=0 res5=0 res6=0 res7=0 res8=0 Garden=1 Road=5 House=2 SmallHouse=1 Hothouse=1 | nw=1371692.9140
  s=  382 a=  7(BUILD:Sawmill) r= -3.3065 cum=   -374.51 v= -0.4290 top5=[a32=0.032, a26=0.031, a9=0.030, a37=0.028, a35=0.027] [BUILD FAILED: Sawmill money=0 free=31]
    OBS: year=1 month=3 season=0 money=0 credit=138287 people=31 busy=0 free=31 home_places=170 need_workers=4 tax_due=1 main_tax_due=0 tax_amount=7254 main_tax_amount=0 days_alive=365 stage=0 res0=0 res1=400 res2=0 res3=0 res4=0 res5=0 res6=0 res7=0 res8=0 Garden=1 Road=5 House=2 SmallHouse=1 Hothouse=1 | nw=1371692.9140
  s=  383 a= 18(BUILD:CowFarm) r= -5.5990 cum=   -380.11 v= -0.4272 top5=[a32=0.032, a26=0.031, a9=0.030, a37=0.028, a35=0.027] [BUILD FAILED: CowFarm money=82000 free=28]
    OBS: year=0 month=3 season=0 money=82000 credit=0 people=28 busy=0 free=28 home_places=50 need_workers=0 tax_due=0 main_tax_due=0 tax_amount=5106 main_tax_amount=0 days_alive=0 stage=0 res0=0 res1=0 res2=0 res3=0 res4=0 res5=0 res6=0 res7=0 res8=0 | nw=1532000.0000
  >>> Ep 1: reward=-380.11, steps=384
  >>> final: year=0 month=3 season=0 money=82000 credit=0 people=28 busy=0 free=28 home_places=50 need_workers=0 tax_due=0 main_tax_due=0 tax_amount=5106 main_tax_amount=0 days_alive=0 stage=0 res0=0 res1=0 res2=0 res3=0 res4=0 res5=0 res6=0 res7=0 res8=0 | nw=1532000.0000
======================================================================
EPISODE 2
======================================================================
init: year=0 month=3 season=0 money=82000 credit=0 people=28 busy=0 free=28 home_places=50 need_workers=0 tax_due=0 main_tax_due=0 tax_amount=5106 main_tax_amount=0 days_alive=0 stage=0 res0=0 res1=0 res2=0 res3=0 res4=0 res5=0 res6=0 res7=0 res8=0 | nw=1532000.0000
  s=    0 a= 27(BUILD:WaterMill) r= -0.3335 cum=     -0.33 v= -0.4645 top5=[a26=0.036, a9=0.036, a27=0.035, a6=0.030, a34=0.029] [BUILD: WaterMill]
    OBS: year=0 month=3 season=0 money=82000 credit=0 people=28 busy=0 free=28 home_places=50 need_workers=0 tax_due=0 main_tax_due=0 tax_amount=5106 main_tax_amount=0 days_alive=1 stage=0 res0=0 res1=0 res2=0 res3=0 res4=0 res5=0 res6=0 res7=0 res8=0 | nw=1532000.0000
  s=    1 a= 38(MANAGER:4) r= -0.3339 cum=     -0.67 v= -0.4617 top5=[a26=0.036, a9=0.036, a27=0.034, a6=0.030, a34=0.029]
    OBS: year=0 month=3 season=0 money=82000 credit=0 people=28 busy=0 free=28 home_places=50 need_workers=0 tax_due=0 main_tax_due=0 tax_amount=5106 main_tax_amount=0 days_alive=2 stage=0 res0=0 res1=0 res2=0 res3=0 res4=0 res5=0 res6=0 res7=0 res8=0 | nw=1532000.0000
  s=    2 a= 42(MANAGER:8) r= +0.0276 cum=     -0.64 v= -0.4589 top5=[a26=0.036, a9=0.036, a27=0.034, a6=0.030, a34=0.029]
    OBS: year=0 month=3 season=0 money=132000 credit=50100 people=28 busy=0 free=28 home_places=50 need_workers=0 tax_due=0 main_tax_due=0 tax_amount=5106 main_tax_amount=0 days_alive=3 stage=0 res0=0 res1=0 res2=0 res3=0 res4=0 res5=0 res6=0 res7=0 res8=0 | nw=1531900.0000
  s=    3 a= 26(BUILD:BigSawmill) r= -0.5302 cum=     -1.17 v= -0.4240 top5=[a26=0.039, a9=0.038, a27=0.037, a43=0.029, a6=0.029] [BUILD: BigSawmill]
    OBS: year=0 month=3 season=0 money=132000 credit=50200 people=28 busy=0 free=28 home_places=50 need_workers=0 tax_due=0 main_tax_due=0 tax_amount=5106 main_tax_amount=0 days_alive=4 stage=0 res0=0 res1=0 res2=0 res3=0 res4=0 res5=0 res6=0 res7=0 res8=0 | nw=1531800.0000
  s=    4 a= 36(MANAGER:2) r= -0.5312 cum=     -1.70 v= -0.4198 top5=[a26=0.038, a9=0.037, a27=0.036, a43=0.029, a19=0.029]
    OBS: year=0 month=3 season=0 money=132000 credit=50300 people=28 busy=0 free=28 home_places=50 need_workers=0 tax_due=0 main_tax_due=0 tax_amount=5106 main_tax_amount=0 days_alive=5 stage=0 res0=0 res1=0 res2=0 res3=0 res4=0 res5=0 res6=0 res7=0 res8=0 | nw=1531700.0000
  s=    5 a= 40(MANAGER:6) r= -0.5321 cum=     -2.23 v= -0.4158 top5=[a26=0.038, a9=0.037, a27=0.036, a43=0.029, a19=0.029]
    OBS: year=0 month=3 season=0 money=132000 credit=50400 people=28 busy=0 free=28 home_places=50 need_workers=0 tax_due=0 main_tax_due=0 tax_amount=5106 main_tax_amount=0 days_alive=6 stage=0 res0=0 res1=0 res2=0 res3=0 res4=0 res5=0 res6=0 res7=0 res8=0 | nw=1531600.0000
  s=    6 a= 10(BUILD:Refinery) r= +4.7634 cum=     +2.53 v= -0.4117 top5=[a26=0.038, a9=0.037, a27=0.036, a43=0.029, a12=0.029] [BUILD: Refinery]
    OBS: year=0 month=3 season=0 money=39567 credit=50500 people=28 busy=0 free=28 home_places=50 need_workers=0 tax_due=0 main_tax_due=0 tax_amount=5526 main_tax_amount=0 days_alive=7 stage=0 res0=0 res1=0 res2=0 res3=0 res4=0 res5=0 res6=0 res7=0 res8=0 PowerStation=1 | nw=1531500.0000
  s=    7 a= 12(BUILD:PowerStation) r= +0.8329 cum=     +3.36 v= -0.4687 top5=[a26=0.032, a27=0.028, a34=0.028, a9=0.028, a43=0.027] [BUILD: PowerStation]
    OBS: year=0 month=3 season=0 money=39167 credit=50601 people=28 busy=0 free=28 home_places=50 need_workers=0 tax_due=0 main_tax_due=0 tax_amount=5526 main_tax_amount=0 days_alive=8 stage=0 res0=0 res1=0 res2=0 res3=0 res4=0 res5=0 res6=0 res7=0 res8=0 PowerStation=1 Road=1 | nw=1531399.0000
  s=    8 a= 24(BUILD:Hothouse) r= +1.8664 cum=     +5.23 v= -0.4696 top5=[a26=0.031, a27=0.029, a43=0.027, a9=0.027, a12=0.027] [BUILD: Hothouse]
    OBS: year=0 month=3 season=0 money=22577 credit=50702 people=28 busy=0 free=28 home_places=50 need_workers=0 tax_due=0 main_tax_due=0 tax_amount=5946 main_tax_amount=0 days_alive=9 stage=0 res0=0 res1=0 res2=0 res3=0 res4=0 res5=0 res6=0 res7=0 res8=0 PowerStation=1 Road=1 Hothouse=1 | nw=1531298.0000
  s=    9 a=  8(BUILD:Coalmine) r= -0.5273 cum=     +4.70 v= -0.4595 top5=[a26=0.031, a8=0.030, a27=0.028, a9=0.028, a36=0.027] [BUILD: Coalmine]
    OBS: year=0 month=3 season=0 money=22577 credit=50803 people=28 busy=0 free=28 home_places=50 need_workers=0 tax_due=0 main_tax_due=0 tax_amount=5946 main_tax_amount=0 days_alive=10 stage=0 res0=0 res1=0 res2=0 res3=0 res4=0 res5=0 res6=0 res7=0 res8=0 PowerStation=1 Road=1 Hothouse=1 | nw=1531197.0000
  s=   10 a= 22(BUILD:Apiary) r= +3.8981 cum=     +8.60 v= -0.4542 top5=[a26=0.030, a8=0.030, a9=0.028, a27=0.028, a36=0.027] [BUILD: Apiary]
    OBS: year=0 month=3 season=0 money=13192 credit=50904 people=28 busy=0 free=28 home_places=50 need_workers=0 tax_due=0 main_tax_due=0 tax_amount=6366 main_tax_amount=0 days_alive=11 stage=0 res0=0 res1=0 res2=0 res3=0 res4=0 res5=0 res6=0 res7=0 res8=0 PowerStation=1 Road=1 Apiary=1 Hothouse=1 | nw=1531096.0000
  s=   11 a= 33(BUILD:AtomStation) r= -0.5244 cum=     +8.08 v= -0.3292 top5=[a26=0.029, a8=0.029, a28=0.028, a31=0.028, a6=0.028] [BUILD: AtomStation]
    OBS: year=0 month=3 season=0 money=13192 credit=51005 people=28 busy=0 free=28 home_places=50 need_workers=0 tax_due=0 main_tax_due=0 tax_amount=6366 main_tax_amount=0 days_alive=12 stage=0 res0=0 res1=0 res2=0 res3=0 res4=0 res5=0 res6=0 res7=0 res8=0 PowerStation=1 Road=1 Apiary=1 Hothouse=1 | nw=1530995.0000
  s=   12 a= 10(BUILD:Refinery) r= -0.5258 cum=     +7.55 v= -0.3242 top5=[a26=0.029, a8=0.029, a28=0.028, a31=0.028, a6=0.027] [BUILD: Refinery]
    OBS: year=0 month=3 season=0 money=13192 credit=51107 people=28 busy=0 free=28 home_places=50 need_workers=0 tax_due=0 main_tax_due=0 tax_amount=6366 main_tax_amount=0 days_alive=13 stage=0 res0=0 res1=0 res2=0 res3=0 res4=0 res5=0 res6=0 res7=0 res8=0 PowerStation=1 Road=1 Apiary=1 Hothouse=1 | nw=1530893.0000
  s=   13 a=  2(BUILD:WaterChannel) r= -0.5268 cum=     +7.02 v= -0.3184 top5=[a26=0.029, a8=0.029, a28=0.028, a31=0.028, a6=0.027] [BUILD: WaterChannel]
    OBS: year=0 month=3 season=0 money=13192 credit=51209 people=28 busy=0 free=28 home_places=50 need_workers=0 tax_due=0 main_tax_due=0 tax_amount=6366 main_tax_amount=0 days_alive=14 stage=0 res0=0 res1=0 res2=0 res3=0 res4=0 res5=0 res6=0 res7=0 res8=0 PowerStation=1 Road=1 Apiary=1 Hothouse=1 | nw=1530791.0000
  s=   14 a= 11(BUILD:Goldmine) r= -0.5277 cum=     +6.50 v= -0.2753 top5=[a26=0.030, a8=0.028, a9=0.027, a36=0.027, a6=0.027] [BUILD: Goldmine]
    OBS: year=0 month=3 season=0 money=13192 credit=51311 people=28 busy=0 free=28 home_places=50 need_workers=0 tax_due=0 main_tax_due=0 tax_amount=6366 main_tax_amount=0 days_alive=15 stage=0 res0=0 res1=0 res2=0 res3=0 res4=0 res5=0 res6=0 res7=0 res8=0 PowerStation=1 Road=1 Apiary=1 Hothouse=1 | nw=1530689.0000
  s=   15 a= 40(MANAGER:6) r= -0.5286 cum=     +5.97 v= -0.2700 top5=[a26=0.030, a8=0.028, a9=0.027, a36=0.027, a31=0.026]
    OBS: year=0 month=3 season=0 money=13192 credit=51413 people=28 busy=0 free=28 home_places=50 need_workers=0 tax_due=0 main_tax_due=0 tax_amount=6366 main_tax_amount=0 days_alive=16 stage=0 res0=0 res1=0 res2=0 res3=0 res4=0 res5=0 res6=0 res7=0 res8=0 PowerStation=1 Road=1 Apiary=1 Hothouse=1 | nw=1530587.0000
  s=   16 a= 19(BUILD:Mushroom) r= -0.5295 cum=     +5.44 v= -0.2654 top5=[a26=0.030, a8=0.028, a9=0.027, a36=0.027, a31=0.026] [BUILD: Mushroom]
    OBS: year=0 month=3 season=0 money=13192 credit=51515 people=28 busy=0 free=28 home_places=50 need_workers=0 tax_due=0 main_tax_due=0 tax_amount=6366 main_tax_amount=0 days_alive=17 stage=0 res0=0 res1=0 res2=0 res3=0 res4=0 res5=0 res6=0 res7=0 res8=0 PowerStation=1 Road=1 Apiary=1 Hothouse=1 | nw=1530485.0000
  s=   17 a= 37(MANAGER:3) r= -0.5309 cum=     +4.91 v= -0.2616 top5=[a26=0.030, a8=0.028, a9=0.027, a36=0.027, a31=0.026]
    OBS: year=0 month=3 season=0 money=13192 credit=51618 people=28 busy=0 free=28 home_places=50 need_workers=0 tax_due=0 main_tax_due=0 tax_amount=6366 main_tax_amount=0 days_alive=18 stage=0 res0=0 res1=0 res2=0 res3=0 res4=0 res5=0 res6=0 res7=0 res8=0 PowerStation=1 Road=1 Apiary=1 Hothouse=1 | nw=1530382.0000
  s=   18 a=  1(WEEK) r= -5.5309 cum=     -0.62 v= -0.2584 top5=[a26=0.030, a8=0.028, a9=0.027, a36=0.027, a31=0.026]
    OBS: year=0 month=3 season=0 money=13192 credit=52342 people=28 busy=0 free=28 home_places=50 need_workers=0 tax_due=0 main_tax_due=0 tax_amount=6366 main_tax_amount=0 days_alive=25 stage=0 res0=0 res1=0 res2=0 res3=0 res4=0 res5=0 res6=0 res7=0 res8=0 PowerStation=1 Road=1 Apiary=1 Hothouse=1 | nw=1529658.0000
  s=   19 a= 28(BUILD:BigRefinary) r= -0.5308 cum=     -1.15 v= -0.2603 top5=[a26=0.029, a8=0.029, a9=0.027, a12=0.027, a31=0.027] [BUILD: BigRefinary]
    OBS: year=0 month=3 season=0 money=13192 credit=52446 people=28 busy=0 free=28 home_places=50 need_workers=0 tax_due=0 main_tax_due=0 tax_amount=6366 main_tax_amount=0 days_alive=26 stage=0 res0=0 res1=0 res2=0 res3=0 res4=0 res5=0 res6=0 res7=0 res8=0 PowerStation=1 Road=1 Apiary=1 Hothouse=1 | nw=1529554.0000
  s=   20 a= 13(BUILD:HydroStation) r= -0.5318 cum=     -1.69 v= -0.2596 top5=[a26=0.029, a8=0.029, a9=0.027, a12=0.027, a31=0.027] [BUILD: HydroStation]
    OBS: year=0 month=3 season=0 money=13192 credit=52550 people=28 busy=0 free=28 home_places=50 need_workers=0 tax_due=0 main_tax_due=0 tax_amount=6366 main_tax_amount=0 days_alive=27 stage=0 res0=0 res1=0 res2=0 res3=0 res4=0 res5=0 res6=0 res7=0 res8=0 PowerStation=1 Road=1 Apiary=1 Hothouse=1 | nw=1529450.0000
  s=   21 a= 30(BUILD:BigIronmine) r= -0.5332 cum=     -2.22 v= -0.2591 top5=[a26=0.029, a8=0.029, a9=0.027, a12=0.027, a31=0.027] [BUILD: BigIronmine]
    OBS: year=0 month=3 season=0 money=13192 credit=52655 people=28 busy=0 free=28 home_places=50 need_workers=0 tax_due=0 main_tax_due=0 tax_amount=6366 main_tax_amount=0 days_alive=28 stage=0 res0=0 res1=0 res2=0 res3=0 res4=0 res5=0 res6=0 res7=0 res8=0 PowerStation=1 Road=1 Apiary=1 Hothouse=1 | nw=1529345.0000
  s=   22 a= 30(BUILD:BigIronmine) r= -0.5341 cum=     -2.75 v= -0.2583 top5=[a8=0.029, a26=0.029, a9=0.027, a12=0.027, a31=0.027] [BUILD: BigIronmine]
    OBS: year=0 month=3 season=0 money=13192 credit=52760 people=28 busy=0 free=28 home_places=50 need_workers=0 tax_due=0 main_tax_due=0 tax_amount=6366 main_tax_amount=0 days_alive=29 stage=0 res0=0 res1=0 res2=0 res3=0 res4=0 res5=0 res6=0 res7=0 res8=0 PowerStation=1 Road=1 Apiary=1 Hothouse=1 | nw=1529240.0000
  s=   23 a=  6(BUILD:SmallHouse) r= -0.5350 cum=     -3.29 v= -0.2575 top5=[a8=0.029, a26=0.029, a9=0.027, a12=0.027, a31=0.027] [BUILD: SmallHouse]
    OBS: year=0 month=3 season=0 money=13192 credit=52865 people=28 busy=0 free=28 home_places=50 need_workers=0 tax_due=0 main_tax_due=0 tax_amount=6366 main_tax_amount=0 days_alive=30 stage=0 res0=0 res1=0 res2=0 res3=0 res4=0 res5=0 res6=0 res7=0 res8=0 PowerStation=1 Road=1 Apiary=1 Hothouse=1 | nw=1529135.0000
  s=   24 a= 37(MANAGER:3) r= -0.5359 cum=     -3.83 v= -0.2574 top5=[a8=0.029, a26=0.028, a9=0.027, a12=0.027, a31=0.027]
    OBS: year=0 month=4 season=0 money=13192 credit=52970 people=28 busy=0 free=28 home_places=50 need_workers=0 tax_due=0 main_tax_due=0 tax_amount=6366 main_tax_amount=0 days_alive=31 stage=0 res0=0 res1=0 res2=0 res3=0 res4=0 res5=0 res6=0 res7=0 res8=0 PowerStation=1 Road=1 Apiary=1 Hothouse=1 | nw=1529030.0000
  s=   25 a= 30(BUILD:BigIronmine) r= -0.5369 cum=     -4.36 v= -0.3033 top5=[a26=0.029, a6=0.029, a9=0.027, a32=0.027, a16=0.026] [BUILD: BigIronmine]
    OBS: year=0 month=4 season=0 money=13192 credit=53075 people=28 busy=0 free=28 home_places=50 need_workers=0 tax_due=0 main_tax_due=0 tax_amount=6366 main_tax_amount=0 days_alive=32 stage=0 res0=0 res1=0 res2=0 res3=0 res4=0 res5=0 res6=0 res7=0 res8=0 PowerStation=1 Road=1 Apiary=1 Hothouse=1 | nw=1528925.0000
  s=   26 a=  6(BUILD:SmallHouse) r= -0.5383 cum=     -4.90 v= -0.2999 top5=[a26=0.029, a6=0.029, a9=0.027, a32=0.027, a16=0.026] [BUILD: SmallHouse]
    OBS: year=0 month=4 season=0 money=13192 credit=53181 people=28 busy=0 free=28 home_places=50 need_workers=0 tax_due=0 main_tax_due=0 tax_amount=6366 main_tax_amount=0 days_alive=33 stage=0 res0=0 res1=0 res2=0 res3=0 res4=0 res5=0 res6=0 res7=0 res8=0 PowerStation=1 Road=1 Apiary=1 Hothouse=1 | nw=1528819.0000
  s=   27 a= 12(BUILD:PowerStation) r= +0.8249 cum=     -4.08 v= -0.2962 top5=[a26=0.029, a6=0.028, a9=0.027, a32=0.026, a8=0.026] [BUILD: PowerStation]
    OBS: year=0 month=4 season=0 money=12792 credit=53287 people=28 busy=0 free=28 home_places=50 need_workers=0 tax_due=0 main_tax_due=0 tax_amount=6366 main_tax_amount=0 days_alive=34 stage=0 res0=0 res1=0 res2=0 res3=0 res4=0 res5=0 res6=0 res7=0 res8=0 PowerStation=1 Road=2 Apiary=1 Hothouse=1 | nw=1528713.0000
  s=   28 a= 16(BUILD:CoalCut) r= -0.5038 cum=     -4.58 v= -0.3051 top5=[a6=0.028, a26=0.028, a28=0.028, a31=0.028, a32=0.027] [BUILD: CoalCut]
    OBS: year=0 month=4 season=0 money=12792 credit=53393 people=28 busy=0 free=28 home_places=50 need_workers=0 tax_due=0 main_tax_due=0 tax_amount=6366 main_tax_amount=0 days_alive=35 stage=0 res0=0 res1=0 res2=0 res3=0 res4=0 res5=0 res6=0 res7=0 res8=0 PowerStation=1 Road=2 Apiary=1 Hothouse=1 | nw=1528607.0000
  s=   29 a= 18(BUILD:CowFarm) r= -0.5437 cum=     -5.12 v= -0.2077 top5=[a26=0.029, a6=0.028, a23=0.027, a31=0.026, a9=0.026] [BUILD: CowFarm]
    OBS: year=0 month=4 season=0 money=12792 credit=53499 people=28 busy=0 free=28 home_places=50 need_workers=0 tax_due=0 main_tax_due=0 tax_amount=6366 main_tax_amount=0 days_alive=36 stage=0 res0=0 res1=0 res2=0 res3=0 res4=0 res5=0 res6=0 res7=0 res8=0 PowerStation=1 Road=2 Apiary=1 Hothouse=1 | nw=1528495.1988
  s=   30 a= 21(BUILD:BigFarm) r= -0.5435 cum=     -5.67 v= -0.6357 top5=[a6=0.054, a26=0.038, a31=0.036, a27=0.035, a32=0.032] [BUILD: BigFarm]
    OBS: year=0 month=4 season=0 money=12792 credit=53605 people=28 busy=0 free=28 home_places=50 need_workers=0 tax_due=0 main_tax_due=0 tax_amount=6366 main_tax_amount=0 days_alive=37 stage=0 res0=0 res1=0 res2=0 res3=0 res4=0 res5=0 res6=0 res7=0 res8=0 PowerStation=1 Road=2 Apiary=1 Hothouse=1 | nw=1528385.3314
  s=   31 a= 27(BUILD:WaterMill) r= -0.5185 cum=     -6.18 v= -0.6393 top5=[a6=0.054, a26=0.038, a31=0.036, a27=0.035, a32=0.032] [BUILD: WaterMill]
    OBS: year=0 month=4 season=0 money=12792 credit=53712 people=28 busy=0 free=28 home_places=50 need_workers=0 tax_due=0 main_tax_due=0 tax_amount=6366 main_tax_amount=0 days_alive=38 stage=0 res0=0 res1=0 res2=0 res3=0 res4=0 res5=0 res6=0 res7=0 res8=0 PowerStation=1 Road=2 Apiary=1 Hothouse=1 | nw=1528272.5302
  s=   32 a= 25(BUILD:SuperHouse) r= -0.5481 cum=     -6.73 v= -0.5141 top5=[a6=0.049, a26=0.038, a27=0.035, a31=0.033, a5=0.031] [BUILD: SuperHouse]
    OBS: year=0 month=4 season=0 money=12792 credit=53819 people=28 busy=0 free=28 home_places=50 need_workers=0 tax_due=0 main_tax_due=0 tax_amount=6366 main_tax_amount=0 days_alive=39 stage=0 res0=0 res1=0 res2=0 res3=0 res4=0 res5=0 res6=0 res7=0 res8=0 PowerStation=1 Road=2 Apiary=1 Hothouse=1 | nw=1528157.8647
  s=   33 a=  8(BUILD:Coalmine) r= -0.5490 cum=     -7.28 v= -0.4140 top5=[a6=0.045, a26=0.039, a27=0.033, a31=0.032, a5=0.030] [BUILD: Coalmine]
    OBS: year=0 month=4 season=0 money=12792 credit=53926 people=28 busy=0 free=28 home_places=50 need_workers=0 tax_due=0 main_tax_due=0 tax_amount=6366 main_tax_amount=0 days_alive=40 stage=0 res0=0 res1=0 res2=0 res3=0 res4=0 res5=0 res6=0 res7=0 res8=0 PowerStation=1 Road=2 Apiary=1 Hothouse=1 | nw=1528043.1992
  s=   34 a= 37(MANAGER:3) r= -4.6930 cum=    -11.97 v= -0.3636 top5=[a6=0.041, a26=0.039, a27=0.032, a31=0.030, a5=0.030]
    OBS: year=0 month=4 season=0 money=13730 credit=54033 people=28 busy=0 free=28 home_places=50 need_workers=4 tax_due=0 main_tax_due=0 tax_amount=5946 main_tax_amount=0 days_alive=41 stage=0 res0=0 res1=0 res2=0 res3=0 res4=0 res5=0 res6=0 res7=0 res8=0 PowerStation=1 Road=2 Hothouse=1 | nw=1519508.6058
  s=   35 a= 30(BUILD:BigIronmine) r= -0.5474 cum=    -12.52 v= -0.2644 top5=[a26=0.030, a9=0.027, a6=0.026, a14=0.025, a8=0.025] [BUILD: BigIronmine]
    OBS: year=0 month=4 season=0 money=13730 credit=54141 people=28 busy=0 free=28 home_places=50 need_workers=4 tax_due=0 main_tax_due=0 tax_amount=5946 main_tax_amount=0 days_alive=42 stage=0 res0=0 res1=0 res2=0 res3=0 res4=0 res5=0 res6=0 res7=0 res8=0 PowerStation=1 Road=2 Hothouse=1 | nw=1519394.9087
  s=   36 a= 34(MANAGER:0) r= -0.5473 cum=    -13.07 v= -0.2612 top5=[a26=0.030, a9=0.027, a6=0.026, a14=0.025, a8=0.025]
    OBS: year=0 month=4 season=0 money=13730 credit=54249 people=28 busy=0 free=28 home_places=50 need_workers=4 tax_due=0 main_tax_due=0 tax_amount=5946 main_tax_amount=0 days_alive=43 stage=0 res0=0 res1=0 res2=0 res3=0 res4=0 res5=0 res6=0 res7=0 res8=0 PowerStation=1 Road=2 Hothouse=1 | nw=1519283.1106
  s=   37 a= 13(BUILD:HydroStation) r= -0.5482 cum=    -13.62 v= -0.2583 top5=[a26=0.030, a9=0.027, a6=0.026, a14=0.025, a8=0.025] [BUILD: HydroStation]
    OBS: year=0 month=4 season=0 money=13730 credit=54357 people=28 busy=0 free=28 home_places=50 need_workers=4 tax_due=0 main_tax_due=0 tax_amount=5946 main_tax_amount=0 days_alive=44 stage=0 res0=0 res1=0 res2=0 res3=0 res4=0 res5=0 res6=0 res7=0 res8=0 PowerStation=1 Road=2 Hothouse=1 | nw=1519171.3125
  s=   38 a=  9(BUILD:Ironmine) r= -0.5481 cum=    -14.17 v= -0.2561 top5=[a26=0.030, a9=0.027, a6=0.026, a14=0.025, a8=0.025] [BUILD: Ironmine]
    OBS: year=0 month=4 season=0 money=13730 credit=54465 people=28 busy=0 free=28 home_places=50 need_workers=4 tax_due=0 main_tax_due=0 tax_amount=5946 main_tax_amount=0 days_alive=45 stage=0 res0=0 res1=0 res2=0 res3=0 res4=0 res5=0 res6=0 res7=0 res8=0 PowerStation=1 Road=2 Hothouse=1 | nw=1519061.4135
  s=   39 a= 23(BUILD:Torchlight) r= -0.5501 cum=    -14.72 v= -0.2549 top5=[a26=0.030, a9=0.027, a6=0.026, a8=0.025, a14=0.025] [BUILD: Torchlight]
    OBS: year=0 month=4 season=0 money=13730 credit=54573 people=28 busy=0 free=28 home_places=50 need_workers=4 tax_due=0 main_tax_due=0 tax_amount=5946 main_tax_amount=0 days_alive=46 stage=0 res0=0 res1=0 res2=0 res3=0 res4=0 res5=0 res6=0 res7=0 res8=0 PowerStation=1 Road=2 Hothouse=1 | nw=1518949.6154
  s=   40 a=  3(BUILD:Farm) r= +1.5940 cum=    -13.12 v= -0.2540 top5=[a26=0.029, a9=0.027, a6=0.026, a8=0.026, a14=0.025] [BUILD: Farm]
    OBS: year=0 month=4 season=0 money=6090 credit=54682 people=28 busy=0 free=28 home_places=50 need_workers=4 tax_due=0 main_tax_due=0 tax_amount=6366 main_tax_amount=0 days_alive=47 stage=0 res0=0 res1=0 res2=0 res3=0 res4=0 res5=0 res6=0 res7=0 res8=0 Garden=1 PowerStation=1 Road=2 Hothouse=1 | nw=1518834.9183
  s=   41 a= 29(BUILD:Puerperal) r= -0.5512 cum=    -13.67 v= -0.1927 top5=[a26=0.027, a9=0.026, a38=0.026, a6=0.026, a8=0.026] [BUILD: Puerperal]
    OBS: year=0 month=4 season=0 money=6090 credit=54791 people=28 busy=0 free=28 home_places=50 need_workers=4 tax_due=0 main_tax_due=0 tax_amount=6366 main_tax_amount=0 days_alive=48 stage=0 res0=0 res1=0 res2=0 res3=0 res4=0 res5=0 res6=0 res7=0 res8=0 Garden=1 PowerStation=1 Road=2 Hothouse=1 | nw=1518722.1202
  s=   42 a= 32(BUILD:SmallAtomStation) r= -0.5521 cum=    -14.23 v= -0.1891 top5=[a26=0.027, a9=0.026, a38=0.026, a8=0.026, a6=0.026] [BUILD: SmallAtomStation]
    OBS: year=0 month=4 season=0 money=6090 credit=54900 people=28 busy=0 free=28 home_places=50 need_workers=4 tax_due=0 main_tax_due=0 tax_amount=6366 main_tax_amount=0 days_alive=49 stage=0 res0=0 res1=0 res2=0 res3=0 res4=0 res5=0 res6=0 res7=0 res8=0 Garden=1 PowerStation=1 Road=2 Hothouse=1 | nw=1518609.3221
  s=   43 a= 13(BUILD:HydroStation) r= -0.5531 cum=    -14.78 v= -0.1855 top5=[a26=0.027, a9=0.026, a38=0.026, a8=0.026, a6=0.026] [BUILD: HydroStation]
    OBS: year=0 month=4 season=0 money=6090 credit=55009 people=28 busy=0 free=28 home_places=50 need_workers=4 tax_due=0 main_tax_due=0 tax_amount=6366 main_tax_amount=0 days_alive=50 stage=0 res0=0 res1=0 res2=0 res3=0 res4=0 res5=0 res6=0 res7=0 res8=0 Garden=1 PowerStation=1 Road=2 Hothouse=1 | nw=1518496.5240
  s=   44 a= 28(BUILD:BigRefinary) r= -0.5546 cum=    -15.33 v= -0.1819 top5=[a26=0.027, a38=0.026, a9=0.026, a8=0.026, a6=0.026] [BUILD: BigRefinary]
    OBS: year=0 month=4 season=0 money=6090 credit=55119 people=28 busy=0 free=28 home_places=50 need_workers=4 tax_due=0 main_tax_due=0 tax_amount=6366 main_tax_amount=0 days_alive=51 stage=0 res0=0 res1=0 res2=0 res3=0 res4=0 res5=0 res6=0 res7=0 res8=0 Garden=1 PowerStation=1 Road=2 Hothouse=1 | nw=1518382.7260
  s=   45 a= 42(MANAGER:8) r= -0.1910 cum=    -15.52 v= -0.1780 top5=[a26=0.027, a38=0.026, a9=0.026, a8=0.026, a6=0.026]
    OBS: year=0 month=4 season=0 money=56090 credit=105329 people=28 busy=0 free=28 home_places=50 need_workers=4 tax_due=0 main_tax_due=0 tax_amount=6366 main_tax_amount=0 days_alive=52 stage=0 res0=0 res1=0 res2=0 res3=0 res4=0 res5=0 res6=0 res7=0 res8=0 Garden=1 PowerStation=1 Road=2 Hothouse=1 | nw=1518168.9279
  s=   46 a= 16(BUILD:CoalCut) r= -0.7535 cum=    -16.28 v= -0.2022 top5=[a26=0.029, a9=0.028, a31=0.026, a5=0.026, a12=0.026] [BUILD: CoalCut]
    OBS: year=0 month=4 season=0 money=56090 credit=105539 people=28 busy=0 free=28 home_places=50 need_workers=4 tax_due=0 main_tax_due=0 tax_amount=6366 main_tax_amount=0 days_alive=53 stage=0 res0=0 res1=0 res2=0 res3=0 res4=0 res5=0 res6=0 res7=0 res8=0 Garden=1 PowerStation=1 Road=2 Hothouse=1 | nw=1517955.1298
  s=   47 a=  8(BUILD:Coalmine) r= -0.7555 cum=    -17.03 v= -0.1978 top5=[a26=0.029, a9=0.028, a31=0.026, a5=0.026, a27=0.026] [BUILD: Coalmine]
    OBS: year=0 month=4 season=0 money=56090 credit=105750 people=28 busy=0 free=28 home_places=50 need_workers=4 tax_due=0 main_tax_due=0 tax_amount=6366 main_tax_amount=0 days_alive=54 stage=0 res0=0 res1=0 res2=0 res3=0 res4=0 res5=0 res6=0 res7=0 res8=0 Garden=1 PowerStation=1 Road=2 Hothouse=1 | nw=1517740.3317
  s=   48 a= 26(BUILD:BigSawmill) r= -0.7580 cum=    -17.79 v= -0.1937 top5=[a26=0.029, a9=0.028, a31=0.026, a5=0.026, a27=0.026] [BUILD: BigSawmill]
    OBS: year=0 month=4 season=0 money=56090 credit=105961 people=28 busy=0 free=28 home_places=50 need_workers=4 tax_due=0 main_tax_due=0 tax_amount=6366 main_tax_amount=0 days_alive=55 stage=0 res0=0 res1=0 res2=0 res3=0 res4=0 res5=0 res6=0 res7=0 res8=0 Garden=1 PowerStation=1 Road=2 Hothouse=1 | nw=1517523.6346
  s=   49 a=  8(BUILD:Coalmine) r= -0.7584 cum=    -18.55 v= -0.1898 top5=[a26=0.029, a9=0.029, a31=0.026, a27=0.026, a12=0.026] [BUILD: Coalmine]
    OBS: year=0 month=4 season=0 money=56090 credit=106172 people=28 busy=0 free=28 home_places=50 need_workers=4 tax_due=0 main_tax_due=0 tax_amount=6366 main_tax_amount=0 days_alive=56 stage=0 res0=0 res1=0 res2=0 res3=0 res4=0 res5=0 res6=0 res7=0 res8=0 Garden=1 PowerStation=1 Road=2 Hothouse=1 | nw=1517308.8365
  s=   50 a= 40(MANAGER:6) r= -0.7604 cum=    -19.31 v= -0.1861 top5=[a26=0.029, a9=0.029, a31=0.026, a27=0.026, a12=0.026]
    OBS: year=0 month=4 season=0 money=56090 credit=106384 people=28 busy=0 free=28 home_places=50 need_workers=4 tax_due=0 main_tax_due=0 tax_amount=6366 main_tax_amount=0 days_alive=57 stage=0 res0=0 res1=0 res2=0 res3=0 res4=0 res5=0 res6=0 res7=0 res8=0 Garden=1 PowerStation=1 Road=2 Hothouse=1 | nw=1517093.0385
  s=   51 a= 25(BUILD:SuperHouse) r= -0.7619 cum=    -20.07 v= -0.1825 top5=[a26=0.029, a9=0.029, a31=0.026, a27=0.026, a12=0.026] [BUILD: SuperHouse]
    OBS: year=0 month=4 season=0 money=56090 credit=106596 people=28 busy=0 free=28 home_places=50 need_workers=4 tax_due=0 main_tax_due=0 tax_amount=6366 main_tax_amount=0 days_alive=58 stage=0 res0=0 res1=0 res2=0 res3=0 res4=0 res5=0 res6=0 res7=0 res8=0 Garden=1 PowerStation=1 Road=2 Hothouse=1 | nw=1516877.2404
  s=   52 a= 21(BUILD:BigFarm) r= -0.7639 cum=    -20.84 v= -0.1793 top5=[a26=0.029, a9=0.029, a31=0.026, a12=0.026, a27=0.026] [BUILD: BigFarm]
    OBS: year=0 month=4 season=0 money=56090 credit=106809 people=28 busy=0 free=28 home_places=50 need_workers=4 tax_due=0 main_tax_due=0 tax_amount=6366 main_tax_amount=0 days_alive=59 stage=0 res0=0 res1=0 res2=0 res3=0 res4=0 res5=0 res6=0 res7=0 res8=0 Garden=1 PowerStation=1 Road=2 Hothouse=1 | nw=1516660.4423
  s=   53 a= 41(MANAGER:7) r= -0.4257 cum=    -21.26 v= -0.1764 top5=[a26=0.029, a9=0.029, a31=0.026, a12=0.026, a27=0.026]
    OBS: year=0 month=4 season=0 money=55290 credit=107022 people=28 busy=0 free=28 home_places=50 need_workers=4 tax_due=0 main_tax_due=0 tax_amount=6374 main_tax_amount=0 days_alive=60 stage=0 res0=0 res1=400 res2=0 res3=0 res4=0 res5=0 res6=0 res7=0 res8=0 Garden=1 PowerStation=1 Road=2 Hothouse=1 | nw=1516043.6442
  s=   54 a= 44(MANAGER:10) r= +0.0828 cum=    -21.18 v= -0.1507 top5=[a9=0.031, a26=0.028, a32=0.026, a39=0.025, a5=0.025]
    OBS: year=0 month=5 season=0 money=55290 credit=107236 people=28 busy=0 free=28 home_places=50 need_workers=4 tax_due=0 main_tax_due=0 tax_amount=6374 main_tax_amount=0 days_alive=61 stage=0 res0=0 res1=400 res2=0 res3=0 res4=0 res5=0 res6=0 res7=0 res8=0 Garden=1 PowerStation=1 Road=2 Hothouse=1 | nw=1515825.8462
  s=   55 a= 10(BUILD:Refinery) r= -0.7697 cum=    -21.95 v= -0.3470 top5=[a26=0.027, a32=0.027, a9=0.027, a5=0.026, a6=0.026] [BUILD: Refinery]
    OBS: year=0 month=5 season=0 money=55290 credit=107450 people=28 busy=0 free=28 home_places=50 need_workers=4 tax_due=0 main_tax_due=0 tax_amount=6374 main_tax_amount=0 days_alive=62 stage=0 res0=0 res1=400 res2=0 res3=0 res4=0 res5=0 res6=0 res7=0 res8=0 Garden=1 PowerStation=1 Road=2 Hothouse=1 | nw=1515606.1490
  s=   56 a= 26(BUILD:BigSawmill) r= -0.7690 cum=    -22.72 v= -0.3394 top5=[a26=0.027, a9=0.027, a32=0.027, a5=0.026, a34=0.025] [BUILD: BigSawmill]
    OBS: year=0 month=5 season=0 money=55290 credit=107664 people=28 busy=0 free=28 home_places=50 need_workers=4 tax_due=0 main_tax_due=0 tax_amount=6374 main_tax_amount=0 days_alive=63 stage=0 res0=0 res1=400 res2=0 res3=0 res4=0 res5=0 res6=0 res7=0 res8=0 Garden=1 PowerStation=1 Road=2 Hothouse=1 | nw=1515390.2500
  s=   57 a= 38(MANAGER:4) r= +1.5018 cum=    -21.22 v= -0.3318 top5=[a26=0.027, a9=0.027, a32=0.027, a5=0.026, a34=0.025]
    OBS: year=0 month=5 season=0 money=55290 credit=107879 people=28 busy=0 free=28 home_places=50 need_workers=0 tax_due=0 main_tax_due=0 tax_amount=6374 main_tax_amount=0 days_alive=64 stage=0 res0=0 res1=400 res2=0 res3=0 res4=0 res5=0 res6=0 res7=0 res8=0 Garden=1 PowerStation=1 Road=2 Hothouse=1 | nw=1515171.4519
  s=   58 a= 44(MANAGER:10) r= +0.0799 cum=    -21.14 v= -0.2223 top5=[a36=0.029, a26=0.028, a32=0.027, a9=0.026, a19=0.026]
    OBS: year=0 month=5 season=0 money=55290 credit=108094 people=28 busy=0 free=28 home_places=50 need_workers=0 tax_due=0 main_tax_due=0 tax_amount=6374 main_tax_amount=0 days_alive=65 stage=0 res0=0 res1=400 res2=0 res3=0 res4=0 res5=0 res6=0 res7=0 res8=0 Garden=1 PowerStation=1 Road=2 Hothouse=1 | nw=1514952.6538
  s=   59 a= 19(BUILD:Mushroom) r= -0.7737 cum=    -21.91 v= -0.2180 top5=[a36=0.029, a26=0.028, a32=0.027, a9=0.026, a19=0.026] [BUILD: Mushroom]
    OBS: year=0 month=5 season=0 money=55290 credit=108310 people=28 busy=0 free=28 home_places=50 need_workers=0 tax_due=0 main_tax_due=0 tax_amount=6374 main_tax_amount=0 days_alive=66 stage=0 res0=0 res1=400 res2=0 res3=0 res4=0 res5=0 res6=0 res7=0 res8=0 Garden=1 PowerStation=1 Road=2 Hothouse=1 | nw=1514732.8558
  s=   60 a= 30(BUILD:BigIronmine) r= -0.7757 cum=    -22.69 v= -0.1953 top5=[a36=0.029, a26=0.028, a32=0.026, a9=0.026, a19=0.026] [BUILD: BigIronmine]
    OBS: year=0 month=5 season=0 money=55290 credit=108526 people=28 busy=0 free=28 home_places=50 need_workers=0 tax_due=0 main_tax_due=0 tax_amount=6374 main_tax_amount=0 days_alive=67 stage=0 res0=0 res1=400 res2=0 res3=0 res4=0 res5=0 res6=0 res7=0 res8=0 Garden=1 PowerStation=1 Road=2 Hothouse=1 | nw=1514512.1832
  s=   61 a=  3(BUILD:Farm) r= +1.4089 cum=    -21.28 v= -0.1810 top5=[a36=0.028, a26=0.027, a32=0.026, a9=0.026, a19=0.026] [BUILD: Farm]
    OBS: year=0 month=5 season=0 money=47650 credit=108743 people=28 busy=0 free=28 home_places=50 need_workers=0 tax_due=0 main_tax_due=0 tax_amount=6794 main_tax_amount=0 days_alive=68 stage=0 res0=0 res1=400 res2=0 res3=0 res4=0 res5=0 res6=0 res7=0 res8=0 Garden=2 PowerStation=1 Road=2 Hothouse=1 | nw=1514290.9478
  s=   62 a= 20(BUILD:BigHouse) r= -0.7777 cum=    -22.05 v= -0.1587 top5=[a32=0.027, a39=0.027, a26=0.027, a9=0.026, a36=0.026] [BUILD: BigHouse]
    OBS: year=0 month=5 season=0 money=47650 credit=108960 people=28 busy=0 free=28 home_places=50 need_workers=0 tax_due=0 main_tax_due=0 tax_amount=6794 main_tax_amount=0 days_alive=69 stage=0 res0=0 res1=400 res2=0 res3=0 res4=0 res5=0 res6=0 res7=0 res8=0 Garden=2 PowerStation=1 Road=2 Hothouse=1 | nw=1514069.2752
  s=   63 a= 13(BUILD:HydroStation) r= -0.1546 cum=    -22.21 v= -0.1530 top5=[a32=0.027, a39=0.027, a26=0.027, a9=0.026, a36=0.026] [BUILD: HydroStation]
    OBS: year=0 month=5 season=0 money=33612 credit=109177 people=28 busy=0 free=28 home_places=50 need_workers=0 tax_due=0 main_tax_due=0 tax_amount=7214 main_tax_amount=0 days_alive=70 stage=0 res0=0 res1=400 res2=0 res3=0 res4=0 res5=0 res6=0 res7=0 res8=0 Garden=2 PowerStation=1 Road=2 House=1 Hothouse=1 | nw=1513847.6026
  s=   64 a= 40(MANAGER:6) r= -0.0161 cum=    -22.22 v= -0.1840 top5=[a26=0.028, a31=0.027, a39=0.026, a10=0.026, a9=0.026]
    OBS: year=0 month=5 season=0 money=33812 credit=109395 people=28 busy=0 free=28 home_places=50 need_workers=0 tax_due=0 main_tax_due=0 tax_amount=7218 main_tax_amount=0 days_alive=71 stage=0 res0=0 res1=200 res2=0 res3=0 res4=0 res5=0 res6=0 res7=0 res8=0 Garden=2 PowerStation=1 Road=2 House=1 Hothouse=1 | nw=1513624.9299
  s=   65 a= 28(BUILD:BigRefinary) r= -0.7869 cum=    -23.01 v= -0.2777 top5=[a26=0.035, a36=0.031, a6=0.030, a5=0.030, a31=0.028] [BUILD: BigRefinary]
    OBS: year=0 month=5 season=0 money=33812 credit=109613 people=28 busy=0 free=28 home_places=50 need_workers=0 tax_due=0 main_tax_due=0 tax_amount=7218 main_tax_amount=0 days_alive=72 stage=0 res0=0 res1=200 res2=0 res3=0 res4=0 res5=0 res6=0 res7=0 res8=0 Garden=2 PowerStation=1 Road=2 House=1 Hothouse=1 | nw=1513394.3218
  s=   66 a= 36(MANAGER:2) r= -0.1780 cum=    -23.19 v= -0.6582 top5=[a9=0.050, a12=0.038, a21=0.037, a31=0.036, a32=0.036]
    OBS: year=0 month=5 season=0 money=33736 credit=109832 people=28 busy=0 free=28 home_places=50 need_workers=0 tax_due=0 main_tax_due=0 tax_amount=7218 main_tax_amount=0 days_alive=73 stage=0 res0=0 res1=200 res2=0 res3=0 res4=0 res5=0 res6=0 res7=0 res8=0 Garden=2 PowerStation=1 Road=2 House=1 Hothouse=1 | nw=1513231.9869
  s=   67 a= 24(BUILD:Hothouse) r= +1.6856 cum=    -21.50 v= -0.6592 top5=[a9=0.050, a12=0.038, a21=0.037, a32=0.036, a31=0.036] [BUILD: Hothouse]
    OBS: year=0 month=5 season=0 money=17146 credit=110051 people=28 busy=0 free=28 home_places=50 need_workers=5 tax_due=0 main_tax_due=0 tax_amount=7638 main_tax_amount=0 days_alive=74 stage=0 res0=0 res1=200 res2=0 res3=0 res4=0 res5=0 res6=0 res7=0 res8=0 Garden=2 PowerStation=1 Road=2 House=1 Hothouse=2 | nw=1513000.3788
  s=   68 a= 39(MANAGER:5) r= +1.4957 cum=    -20.01 v= -0.6884 top5=[a9=0.052, a32=0.038, a12=0.036, a31=0.035, a21=0.035]
    OBS: year=0 month=5 season=0 money=17146 credit=110271 people=28 busy=0 free=28 home_places=50 need_workers=9 tax_due=0 main_tax_due=0 tax_amount=7638 main_tax_amount=0 days_alive=75 stage=0 res0=0 res1=200 res2=0 res3=0 res4=0 res5=0 res6=0 res7=0 res8=0 Garden=2 PowerStation=1 Road=2 House=1 Hothouse=2 | nw=1512770.1069
  s=   69 a= 12(BUILD:PowerStation) r= +2.3266 cum=    -17.68 v= -0.6464 top5=[a9=0.060, a32=0.041, a12=0.038, a21=0.037, a31=0.034] [BUILD: PowerStation]
    OBS: year=0 month=5 season=0 money=16746 credit=110491 people=28 busy=0 free=28 home_places=50 need_workers=9 tax_due=0 main_tax_due=0 tax_amount=7638 main_tax_amount=0 days_alive=76 stage=0 res0=0 res1=200 res2=0 res3=0 res4=0 res5=0 res6=0 res7=0 res8=0 Garden=2 PowerStation=1 Road=3 House=1 Hothouse=2 | nw=1512539.3978
  s=   70 a= 21(BUILD:BigFarm) r= -0.7880 cum=    -18.47 v= -0.6131 top5=[a9=0.055, a12=0.040, a32=0.039, a21=0.037, a31=0.033] [BUILD: BigFarm]
    OBS: year=0 month=5 season=0 money=16746 credit=110711 people=28 busy=0 free=28 home_places=50 need_workers=9 tax_due=0 main_tax_due=0 tax_amount=7638 main_tax_amount=0 days_alive=77 stage=0 res0=0 res1=200 res2=0 res3=0 res4=0 res5=0 res6=0 res7=0 res8=0 Garden=2 PowerStation=1 Road=3 House=1 Hothouse=2 | nw=1512308.6887
  s=   71 a= 29(BUILD:Puerperal) r= -0.7924 cum=    -19.26 v= -0.5651 top5=[a9=0.052, a12=0.038, a32=0.038, a21=0.036, a31=0.032] [BUILD: Puerperal]
    OBS: year=0 month=5 season=0 money=16746 credit=110932 people=28 busy=0 free=28 home_places=50 need_workers=9 tax_due=0 main_tax_due=0 tax_amount=7638 main_tax_amount=0 days_alive=78 stage=0 res0=0 res1=200 res2=0 res3=0 res4=0 res5=0 res6=0 res7=0 res8=0 Garden=2 PowerStation=1 Road=3 House=1 Hothouse=2 | nw=1512072.7443
  s=   72 a=  9(BUILD:Ironmine) r= -0.7926 cum=    -20.05 v= -0.5301 top5=[a9=0.049, a32=0.037, a12=0.037, a21=0.036, a6=0.031] [BUILD: Ironmine]
    OBS: year=0 month=5 season=0 money=16746 credit=111153 people=28 busy=0 free=28 home_places=50 need_workers=9 tax_due=0 main_tax_due=0 tax_amount=7638 main_tax_amount=0 days_alive=79 stage=0 res0=0 res1=200 res2=0 res3=0 res4=0 res5=0 res6=0 res7=0 res8=0 Garden=2 PowerStation=1 Road=3 House=1 Hothouse=2 | nw=1511839.1361
  s=   73 a= 32(BUILD:SmallAtomStation) r= -0.7947 cum=    -20.85 v= -0.5000 top5=[a9=0.047, a32=0.037, a12=0.036, a21=0.035, a6=0.031] [BUILD: SmallAtomStation]
    OBS: year=0 month=5 season=0 money=16746 credit=111375 people=28 busy=0 free=28 home_places=50 need_workers=9 tax_due=0 main_tax_due=0 tax_amount=7638 main_tax_amount=0 days_alive=80 stage=0 res0=0 res1=200 res2=0 res3=0 res4=0 res5=0 res6=0 res7=0 res8=0 Garden=2 PowerStation=1 Road=3 House=1 Hothouse=2 | nw=1511604.5280
  s=   74 a= 41(MANAGER:7) r= -0.3388 cum=    -21.19 v= -0.4764 top5=[a9=0.045, a32=0.036, a12=0.035, a21=0.034, a6=0.031]
    OBS: year=0 month=5 season=0 money=16346 credit=111597 people=28 busy=0 free=28 home_places=50 need_workers=9 tax_due=0 main_tax_due=0 tax_amount=7642 main_tax_amount=0 days_alive=81 stage=0 res0=0 res1=400 res2=0 res3=0 res4=0 res5=0 res6=0 res7=0 res8=0 Garden=2 PowerStation=1 Road=3 House=1 Hothouse=2 | nw=1511169.9198
  s=   75 a= 36(MANAGER:2) r= -0.2105 cum=    -21.40 v= -0.4579 top5=[a9=0.044, a32=0.036, a12=0.035, a21=0.033, a6=0.031]
    OBS: year=0 month=5 season=0 money=16279 credit=111820 people=28 busy=0 free=28 home_places=50 need_workers=9 tax_due=0 main_tax_due=0 tax_amount=7642 main_tax_amount=0 days_alive=82 stage=0 res0=0 res1=400 res2=0 res3=0 res4=0 res5=0 res6=0 res7=0 res8=0 Garden=2 PowerStation=1 Road=3 House=1 Hothouse=2 | nw=1510961.1805
  s=   76 a= 18(BUILD:CowFarm) r= -0.7995 cum=    -22.20 v= -0.4423 top5=[a9=0.043, a32=0.036, a21=0.034, a12=0.033, a6=0.031] [BUILD: CowFarm]
    OBS: year=0 month=5 season=0 money=16279 credit=112043 people=28 busy=0 free=28 home_places=50 need_workers=9 tax_due=0 main_tax_due=0 tax_amount=7642 main_tax_amount=0 days_alive=83 stage=0 res0=0 res1=400 res2=0 res3=0 res4=0 res5=0 res6=0 res7=0 res8=0 Garden=2 PowerStation=1 Road=3 House=1 Hothouse=2 | nw=1510725.5724
  s=   77 a= 38(MANAGER:4) r= +1.4944 cum=    -20.70 v= -0.4287 top5=[a9=0.042, a32=0.036, a21=0.034, a12=0.032, a6=0.031]
    OBS: year=0 month=5 season=0 money=16279 credit=112267 people=28 busy=0 free=28 home_places=50 need_workers=5 tax_due=0 main_tax_due=0 tax_amount=7642 main_tax_amount=0 days_alive=84 stage=0 res0=0 res1=400 res2=0 res3=0 res4=0 res5=0 res6=0 res7=0 res8=0 Garden=2 PowerStation=1 Road=3 House=1 Hothouse=2 | nw=1510492.9320
  s=   78 a= 28(BUILD:BigRefinary) r= -0.7993 cum=    -21.50 v= -0.4221 top5=[a9=0.038, a32=0.032, a21=0.032, a39=0.031, a12=0.030] [BUILD: BigRefinary]
    OBS: year=0 month=5 season=0 money=16279 credit=112491 people=28 busy=0 free=28 home_places=50 need_workers=5 tax_due=0 main_tax_due=0 tax_amount=7642 main_tax_amount=0 days_alive=85 stage=0 res0=0 res1=400 res2=0 res3=0 res4=0 res5=0 res6=0 res7=0 res8=0 Garden=2 PowerStation=1 Road=3 House=1 Hothouse=2 | nw=1510260.2916
  s=   79 a= 28(BUILD:BigRefinary) r= -0.8033 cum=    -22.31 v= -0.4112 top5=[a9=0.037, a32=0.032, a21=0.032, a39=0.031, a12=0.030] [BUILD: BigRefinary]
    OBS: year=0 month=5 season=0 money=16279 credit=112715 people=28 busy=0 free=28 home_places=50 need_workers=5 tax_due=0 main_tax_due=0 tax_amount=7642 main_tax_amount=0 days_alive=86 stage=0 res0=0 res1=400 res2=0 res3=0 res4=0 res5=0 res6=0 res7=0 res8=0 Garden=2 PowerStation=1 Road=3 House=1 Hothouse=2 | nw=1510023.2462
  s=   80 a= 11(BUILD:Goldmine) r= -0.8062 cum=    -23.11 v= -0.4005 top5=[a9=0.037, a32=0.032, a21=0.031, a39=0.030, a26=0.030] [BUILD: Goldmine]
    OBS: year=0 month=5 season=0 money=16279 credit=112940 people=28 busy=0 free=28 home_places=50 need_workers=5 tax_due=0 main_tax_due=0 tax_amount=7642 main_tax_amount=0 days_alive=87 stage=0 res0=0 res1=400 res2=0 res3=0 res4=0 res5=0 res6=0 res7=0 res8=0 Garden=2 PowerStation=1 Road=3 House=1 Hothouse=2 | nw=1509783.7390
  s=   81 a= 37(MANAGER:3) r= -5.7476 cum=    -28.86 v= -0.3813 top5=[a9=0.036, a32=0.032, a21=0.031, a35=0.030, a39=0.029]
    OBS: year=0 month=5 season=0 money=17938 credit=113165 people=28 busy=0 free=28 home_places=50 need_workers=5 tax_due=0 main_tax_due=0 tax_amount=7222 main_tax_amount=0 days_alive=88 stage=0 res0=0 res1=400 res2=0 res3=0 res4=0 res5=0 res6=0 res7=0 res8=0 Garden=2 PowerStation=1 Road=3 House=1 Hothouse=1 | nw=1494642.7419
  s=   82 a= 31(BUILD:AirStation) r= -0.8003 cum=    -29.66 v= -0.4680 top5=[a21=0.035, a9=0.033, a39=0.032, a12=0.031, a32=0.030] [BUILD: AirStation]
    OBS: year=0 month=5 season=0 money=17938 credit=113391 people=28 busy=0 free=28 home_places=50 need_workers=5 tax_due=0 main_tax_due=0 tax_amount=7222 main_tax_amount=0 days_alive=89 stage=0 res0=0 res1=400 res2=0 res3=0 res4=0 res5=0 res6=0 res7=0 res8=0 Garden=2 PowerStation=1 Road=3 House=1 Hothouse=1 | nw=1494407.0573
  s=   83 a=  6(BUILD:SmallHouse) r= -0.8018 cum=    -30.46 v= -0.4610 top5=[a21=0.035, a9=0.032, a39=0.032, a12=0.030, a32=0.030] [BUILD: SmallHouse]
    OBS: year=0 month=5 season=0 money=17938 credit=113617 people=28 busy=0 free=28 home_places=50 need_workers=5 tax_due=0 main_tax_due=0 tax_amount=7222 main_tax_amount=0 days_alive=90 stage=0 res0=0 res1=400 res2=0 res3=0 res4=0 res5=0 res6=0 res7=0 res8=0 Garden=2 PowerStation=1 Road=3 House=1 Hothouse=1 | nw=1494171.3727
  s=   84 a= 18(BUILD:CowFarm) r= -0.8039 cum=    -31.27 v= -0.4541 top5=[a21=0.035, a9=0.032, a39=0.032, a32=0.030, a12=0.030] [BUILD: CowFarm]
    OBS: year=0 month=5 season=0 money=17938 credit=113844 people=28 busy=0 free=28 home_places=50 need_workers=5 tax_due=0 main_tax_due=0 tax_amount=7222 main_tax_amount=0 days_alive=91 stage=0 res0=0 res1=400 res2=0 res3=0 res4=0 res5=0 res6=0 res7=0 res8=0 Garden=2 PowerStation=1 Road=3 House=1 Hothouse=1 | nw=1493934.6881
  s=   85 a= 18(BUILD:CowFarm) r= -0.8054 cum=    -32.07 v= -0.4461 top5=[a21=0.035, a9=0.032, a39=0.032, a32=0.030, a12=0.030] [BUILD: CowFarm]
    OBS: year=0 month=6 season=1 money=17938 credit=114071 people=28 busy=0 free=28 home_places=50 need_workers=9 tax_due=0 main_tax_due=0 tax_amount=7222 main_tax_amount=0 days_alive=92 stage=0 res0=0 res1=400 res2=0 res3=0 res4=0 res5=0 res6=0 res7=0 res8=0 Garden=2 PowerStation=1 Road=3 House=1 Hothouse=1 | nw=1493698.0034
  s=   86 a= 44(MANAGER:10) r= +0.0520 cum=    -32.02 v= -0.4986 top5=[a9=0.037, a21=0.034, a12=0.033, a40=0.031, a32=0.030]
    OBS: year=0 month=6 season=1 money=17938 credit=114299 people=28 busy=0 free=28 home_places=50 need_workers=9 tax_due=0 main_tax_due=0 tax_amount=7222 main_tax_amount=0 days_alive=93 stage=0 res0=0 res1=400 res2=0 res3=0 res4=0 res5=0 res6=0 res7=0 res8=0 Garden=2 PowerStation=1 Road=3 House=1 Hothouse=1 | nw=1493460.3188
  s=   87 a= 32(BUILD:SmallAtomStation) r= -0.8088 cum=    -32.83 v= -0.4452 top5=[a21=0.039, a9=0.037, a6=0.035, a26=0.034, a12=0.034] [BUILD: SmallAtomStation]
    OBS: year=0 month=6 season=1 money=17938 credit=114527 people=28 busy=0 free=28 home_places=50 need_workers=9 tax_due=0 main_tax_due=0 tax_amount=7222 main_tax_amount=0 days_alive=94 stage=0 res0=0 res1=400 res2=0 res3=0 res4=0 res5=0 res6=0 res7=0 res8=0 Garden=2 PowerStation=1 Road=3 House=1 Hothouse=1 | nw=1493222.6342
  s=   88 a=  4(BUILD:Garden) r= -0.5992 cum=    -33.43 v= -0.4406 top5=[a21=0.039, a9=0.037, a6=0.035, a26=0.034, a12=0.034] [BUILD: Garden]
    OBS: year=0 month=6 season=1 money=17938 credit=114756 people=28 busy=0 free=28 home_places=50 need_workers=9 tax_due=0 main_tax_due=0 tax_amount=7222 main_tax_amount=0 days_alive=95 stage=0 res0=0 res1=400 res2=0 res3=0 res4=0 res5=0 res6=0 res7=0 res8=0 Garden=2 PowerStation=1 Road=3 House=1 Hothouse=1 | nw=1492987.9174
  s=   89 a=  8(BUILD:Coalmine) r= +5.7465 cum=    -27.68 v= -0.4344 top5=[a21=0.041, a9=0.037, a6=0.035, a26=0.033, a12=0.032] [BUILD: Coalmine]
    OBS: year=0 month=6 season=1 money=17938 credit=114985 people=28 busy=0 free=28 home_places=50 need_workers=9 tax_due=0 main_tax_due=0 tax_amount=7222 main_tax_amount=0 days_alive=96 stage=0 res0=0 res1=400 res2=0 res3=0 res4=0 res5=0 res6=0 res7=0 res8=0 Garden=2 PowerStation=1 Road=3 House=1 Hothouse=1 | nw=1492748.1615
  s=   90 a= 28(BUILD:BigRefinary) r= -0.8024 cum=    -28.48 v= -0.4495 top5=[a21=0.041, a9=0.037, a6=0.035, a26=0.033, a16=0.032] [BUILD: BigRefinary]
    OBS: year=0 month=6 season=1 money=17938 credit=115214 people=28 busy=0 free=28 home_places=50 need_workers=9 tax_due=0 main_tax_due=0 tax_amount=7222 main_tax_amount=0 days_alive=97 stage=0 res0=0 res1=400 res2=0 res3=0 res4=0 res5=0 res6=0 res7=0 res8=0 Garden=2 PowerStation=1 Road=3 House=1 Hothouse=1 | nw=1492508.4056
  s=   91 a= 25(BUILD:SuperHouse) r= -0.8041 cum=    -29.29 v= -0.4442 top5=[a21=0.040, a9=0.037, a6=0.035, a26=0.033, a16=0.031] [BUILD: SuperHouse]
    OBS: year=0 month=6 season=1 money=17938 credit=115444 people=28 busy=0 free=28 home_places=50 need_workers=9 tax_due=0 main_tax_due=0 tax_amount=7222 main_tax_amount=0 days_alive=98 stage=0 res0=0 res1=400 res2=0 res3=0 res4=0 res5=0 res6=0 res7=0 res8=0 Garden=2 PowerStation=1 Road=3 House=1 Hothouse=1 | nw=1492268.1854
  s=   92 a= 26(BUILD:BigSawmill) r= -0.8059 cum=    -30.09 v= -0.4389 top5=[a21=0.040, a9=0.037, a6=0.035, a26=0.033, a16=0.031] [BUILD: BigSawmill]
    OBS: year=0 month=6 season=1 money=17938 credit=115674 people=28 busy=0 free=28 home_places=50 need_workers=9 tax_due=0 main_tax_due=0 tax_amount=7222 main_tax_amount=0 days_alive=99 stage=0 res0=0 res1=400 res2=0 res3=0 res4=0 res5=0 res6=0 res7=0 res8=0 Garden=2 PowerStation=1 Road=3 House=1 Hothouse=1 | nw=1492027.4295
  s=   93 a= 30(BUILD:BigIronmine) r= +0.3293 cum=    -29.76 v= -0.4331 top5=[a21=0.040, a9=0.037, a6=0.035, a26=0.033, a0=0.031] [BUILD: BigIronmine]
    OBS: year=0 month=6 season=1 money=17938 credit=115905 people=28 busy=0 free=28 home_places=50 need_workers=9 tax_due=0 main_tax_due=0 tax_amount=7222 main_tax_amount=0 days_alive=100 stage=0 res0=0 res1=400 res2=0 res3=0 res4=0 res5=0 res6=0 res7=0 res8=0 Garden=2 PowerStation=1 Road=3 House=1 Hothouse=1 | nw=1491786.2092
  s=   94 a= 44(MANAGER:10) r= +0.0441 cum=    -29.72 v= -0.4275 top5=[a21=0.040, a9=0.036, a6=0.035, a26=0.033, a0=0.031]
    OBS: year=0 month=6 season=1 money=17938 credit=116136 people=28 busy=0 free=28 home_places=50 need_workers=9 tax_due=0 main_tax_due=0 tax_amount=7222 main_tax_amount=0 days_alive=101 stage=0 res0=0 res1=400 res2=0 res3=0 res4=0 res5=0 res6=0 res7=0 res8=0 Garden=2 PowerStation=1 Road=3 House=1 Hothouse=1 | nw=1491544.4533
  s=   95 a= 39(MANAGER:5) r= -0.8087 cum=    -30.53 v= -0.4230 top5=[a21=0.040, a9=0.036, a6=0.034, a26=0.033, a0=0.031]
    OBS: year=0 month=6 season=1 money=17938 credit=116368 people=28 busy=0 free=28 home_places=50 need_workers=9 tax_due=0 main_tax_due=0 tax_amount=7222 main_tax_amount=0 days_alive=102 stage=0 res0=0 res1=400 res2=0 res3=0 res4=0 res5=0 res6=0 res7=0 res8=0 Garden=2 PowerStation=1 Road=3 House=1 Hothouse=1 | nw=1491305.6652
  s=   96 a=  5(BUILD:House) r= -0.7842 cum=    -31.31 v= -0.4187 top5=[a21=0.040, a9=0.036, a6=0.034, a26=0.033, a0=0.032] [BUILD: House]
    OBS: year=0 month=6 season=1 money=17938 credit=116600 people=28 busy=0 free=28 home_places=50 need_workers=9 tax_due=0 main_tax_due=0 tax_amount=7222 main_tax_amount=0 days_alive=103 stage=0 res0=0 res1=400 res2=0 res3=0 res4=0 res5=0 res6=0 res7=0 res8=0 Garden=2 PowerStation=1 Road=3 House=1 Hothouse=1 | nw=1491062.9093
  s=   97 a= 38(MANAGER:4) r= +1.4650 cum=    -29.85 v= -0.4257 top5=[a21=0.042, a9=0.036, a6=0.034, a26=0.034, a0=0.032]
    OBS: year=0 month=6 season=1 money=17938 credit=116833 people=28 busy=0 free=28 home_places=110 need_workers=9 tax_due=0 main_tax_due=0 tax_amount=7222 main_tax_amount=0 days_alive=104 stage=0 res0=0 res1=400 res2=0 res3=0 res4=0 res5=0 res6=0 res7=0 res8=0 Garden=2 PowerStation=1 Road=3 House=1 Hothouse=1 | nw=1490815.3554
  s=   98 a=  0(DAY) r= -5.7000 cum=    -35.55 v= -0.4927 top5=[a26=0.041, a21=0.039, a9=0.036, a6=0.035, a0=0.031]
    OBS: year=0 month=6 season=1 money=17938 credit=117066 people=28 busy=0 free=28 home_places=110 need_workers=9 tax_due=0 main_tax_due=0 tax_amount=7222 main_tax_amount=0 days_alive=105 stage=0 res0=0 res1=400 res2=0 res3=0 res4=0 res5=0 res6=0 res7=0 res8=0 Garden=2 PowerStation=1 Road=3 House=1 Hothouse=1 | nw=1490568.2387
  s=   99 a= 16(BUILD:CoalCut) r= -0.8124 cum=    -36.36 v= -0.4893 top5=[a26=0.041, a21=0.038, a9=0.036, a6=0.035, a0=0.031] [BUILD: CoalCut]
    OBS: year=0 month=6 season=1 money=17938 credit=117300 people=28 busy=0 free=28 home_places=110 need_workers=9 tax_due=0 main_tax_due=0 tax_amount=7222 main_tax_amount=0 days_alive=106 stage=0 res0=0 res1=400 res2=0 res3=0 res4=0 res5=0 res6=0 res7=0 res8=0 Garden=2 PowerStation=1 Road=3 House=1 Hothouse=1 | nw=1490319.6847
  s=  100 a= 40(MANAGER:6) r= -0.1227 cum=    -36.48 v= -0.4856 top5=[a26=0.040, a21=0.038, a9=0.036, a6=0.035, a0=0.032]
    OBS: year=0 month=6 season=1 money=18138 credit=117534 people=28 busy=0 free=28 home_places=110 need_workers=9 tax_due=0 main_tax_due=0 tax_amount=7226 main_tax_amount=0 days_alive=107 stage=0 res0=0 res1=200 res2=0 res3=0 res4=0 res5=0 res6=0 res7=0 res8=0 Garden=2 PowerStation=1 Road=3 House=1 Hothouse=1 | nw=1490071.1308
  s=  101 a= 14(BUILD:Road) r= +0.2675 cum=    -36.22 v= -0.4813 top5=[a26=0.040, a21=0.038, a9=0.036, a6=0.035, a0=0.032] [BUILD: Road]
    OBS: year=0 month=6 season=1 money=12238 credit=117769 people=28 busy=0 free=28 home_places=110 need_workers=9 tax_due=0 main_tax_due=0 tax_amount=7646 main_tax_amount=0 days_alive=108 stage=0 res0=0 res1=200 res2=0 res3=0 res4=0 res5=0 res6=0 res7=0 res8=0 Garden=2 PowerStation=1 Road=3 House=1 SmallHouse=1 Hothouse=1 | nw=1489821.5768
  s=  102 a=  3(BUILD:Farm) r= +1.3614 cum=    -34.85 v= -0.4803 top5=[a26=0.039, a21=0.036, a9=0.034, a6=0.032, a40=0.031] [BUILD: Farm]
    OBS: year=0 month=6 season=1 money=4598 credit=118004 people=28 busy=0 free=28 home_places=110 need_workers=9 tax_due=0 main_tax_due=0 tax_amount=8066 main_tax_amount=0 days_alive=109 stage=0 res0=0 res1=200 res2=0 res3=0 res4=0 res5=0 res6=0 res7=0 res8=0 Garden=3 PowerStation=1 Road=3 House=1 SmallHouse=1 Hothouse=1 | nw=1489572.0228
  s=  103 a= 41(MANAGER:7) r= -0.3640 cum=    -35.22 v= -0.5769 top5=[a26=0.044, a9=0.036, a21=0.035, a40=0.033, a6=0.032]
    OBS: year=0 month=6 season=1 money=4198 credit=118240 people=28 busy=0 free=28 home_places=110 need_workers=9 tax_due=0 main_tax_due=0 tax_amount=8070 main_tax_amount=0 days_alive=110 stage=0 res0=0 res1=400 res2=0 res3=0 res4=0 res5=0 res6=0 res7=0 res8=0 Garden=3 PowerStation=1 Road=3 House=1 SmallHouse=1 Hothouse=1 | nw=1489121.4689
  s=  104 a=  3(BUILD:Farm) r= -0.8192 cum=    -36.04 v= -0.5723 top5=[a26=0.044, a9=0.035, a21=0.035, a40=0.033, a6=0.032] [BUILD: Farm]
    OBS: year=0 month=6 season=1 money=4198 credit=118476 people=28 busy=0 free=28 home_places=110 need_workers=9 tax_due=0 main_tax_due=0 tax_amount=8070 main_tax_amount=0 days_alive=111 stage=0 res0=0 res1=400 res2=0 res3=0 res4=0 res5=0 res6=0 res7=0 res8=0 Garden=3 PowerStation=1 Road=3 House=1 SmallHouse=1 Hothouse=1 | nw=1488870.9149
  s=  105 a= 19(BUILD:Mushroom) r= -0.8207 cum=    -36.86 v= -0.5668 top5=[a26=0.044, a9=0.035, a21=0.035, a40=0.032, a6=0.032] [BUILD: Mushroom]
    OBS: year=0 month=6 season=1 money=4198 credit=118712 people=28 busy=0 free=28 home_places=110 need_workers=9 tax_due=0 main_tax_due=0 tax_amount=8070 main_tax_amount=0 days_alive=112 stage=0 res0=0 res1=400 res2=0 res3=0 res4=0 res5=0 res6=0 res7=0 res8=0 Garden=3 PowerStation=1 Road=3 House=1 SmallHouse=1 Hothouse=1 | nw=1488620.3609
  s=  106 a= 14(BUILD:Road) r= -0.8225 cum=    -37.68 v= -0.5598 top5=[a26=0.044, a21=0.035, a9=0.035, a40=0.032, a6=0.032] [BUILD: Road]
    OBS: year=0 month=6 season=1 money=4198 credit=118949 people=28 busy=0 free=28 home_places=110 need_workers=9 tax_due=0 main_tax_due=0 tax_amount=8070 main_tax_amount=0 days_alive=113 stage=0 res0=0 res1=400 res2=0 res3=0 res4=0 res5=0 res6=0 res7=0 res8=0 Garden=3 PowerStation=1 Road=3 House=1 SmallHouse=1 Hothouse=1 | nw=1488369.3426
  s=  107 a= 25(BUILD:SuperHouse) r= -0.8243 cum=    -38.50 v= -0.5532 top5=[a26=0.043, a21=0.035, a9=0.035, a6=0.032, a40=0.032] [BUILD: SuperHouse]
    OBS: year=0 month=6 season=1 money=4198 credit=119186 people=28 busy=0 free=28 home_places=110 need_workers=9 tax_due=0 main_tax_due=0 tax_amount=8070 main_tax_amount=0 days_alive=114 stage=0 res0=0 res1=400 res2=0 res3=0 res4=0 res5=0 res6=0 res7=0 res8=0 Garden=3 PowerStation=1 Road=3 House=1 SmallHouse=1 Hothouse=1 | nw=1488117.7887
  s=  108 a= 15(BUILD:Fish) r= -0.8264 cum=    -39.33 v= -0.5472 top5=[a26=0.043, a21=0.035, a9=0.035, a6=0.032, a40=0.032] [BUILD: Fish]
    OBS: year=0 month=6 season=1 money=4198 credit=119424 people=28 busy=0 free=28 home_places=110 need_workers=9 tax_due=0 main_tax_due=0 tax_amount=8070 main_tax_amount=0 days_alive=115 stage=0 res0=0 res1=400 res2=0 res3=0 res4=0 res5=0 res6=0 res7=0 res8=0 Garden=3 PowerStation=1 Road=3 House=1 SmallHouse=1 Hothouse=1 | nw=1487865.2347
  s=  109 a=  9(BUILD:Ironmine) r= +5.7064 cum=    -33.62 v= -0.5326 top5=[a26=0.042, a21=0.037, a9=0.034, a0=0.032, a6=0.032] [BUILD: Ironmine]
    OBS: year=0 month=6 season=1 money=4198 credit=119662 people=28 busy=0 free=28 home_places=110 need_workers=9 tax_due=0 main_tax_due=0 tax_amount=8070 main_tax_amount=0 days_alive=116 stage=0 res0=0 res1=400 res2=0 res3=0 res4=0 res5=0 res6=0 res7=0 res8=0 Garden=3 PowerStation=1 Road=3 House=1 SmallHouse=1 Hothouse=1 | nw=1487611.1612
  s=  110 a=  4(BUILD:Garden) r= -0.4403 cum=    -34.07 v= -0.5443 top5=[a26=0.042, a21=0.037, a9=0.035, a32=0.032, a6=0.032] [BUILD: Garden]
    OBS: year=0 month=6 season=1 money=4198 credit=119901 people=28 busy=0 free=28 home_places=110 need_workers=9 tax_due=0 main_tax_due=0 tax_amount=8070 main_tax_amount=0 days_alive=117 stage=0 res0=0 res1=400 res2=0 res3=0 res4=0 res5=0 res6=0 res7=0 res8=0 Garden=3 PowerStation=1 Road=3 House=1 SmallHouse=1 Hothouse=1 | nw=1487356.0876
  s=  111 a= 43(MANAGER:9) r= -0.8209 cum=    -34.89 v= -0.5394 top5=[a26=0.042, a21=0.037, a9=0.035, a32=0.032, a6=0.032]
    OBS: year=0 month=6 season=1 money=4198 credit=120140 people=28 busy=0 free=28 home_places=110 need_workers=9 tax_due=0 main_tax_due=0 tax_amount=8070 main_tax_amount=0 days_alive=118 stage=0 res0=0 res1=400 res2=0 res3=0 res4=0 res5=0 res6=0 res7=0 res8=0 Garden=3 PowerStation=1 Road=3 House=1 SmallHouse=1 Hothouse=1 | nw=1487101.0141
  s=  112 a= 40(MANAGER:6) r= -0.1345 cum=    -35.02 v= -0.5347 top5=[a26=0.042, a21=0.037, a9=0.035, a32=0.032, a0=0.032]
    OBS: year=0 month=6 season=1 money=4398 credit=120380 people=28 busy=0 free=28 home_places=110 need_workers=9 tax_due=0 main_tax_due=0 tax_amount=8074 main_tax_amount=0 days_alive=119 stage=0 res0=0 res1=200 res2=0 res3=0 res4=0 res5=0 res6=0 res7=0 res8=0 Garden=3 PowerStation=1 Road=3 House=1 SmallHouse=1 Hothouse=1 | nw=1486844.9405
  s=  113 a=  5(BUILD:House) r= -0.8240 cum=    -35.84 v= -0.5300 top5=[a26=0.042, a21=0.037, a9=0.035, a0=0.033, a32=0.032] [BUILD: House]
    OBS: year=0 month=6 season=1 money=4398 credit=120620 people=28 busy=0 free=28 home_places=110 need_workers=9 tax_due=0 main_tax_due=0 tax_amount=8074 main_tax_amount=0 days_alive=120 stage=0 res0=0 res1=200 res2=0 res3=0 res4=0 res5=0 res6=0 res7=0 res8=0 Garden=3 PowerStation=1 Road=3 House=1 SmallHouse=1 Hothouse=1 | nw=1486589.4026
  s=  114 a=  8(BUILD:Coalmine) r= -0.8264 cum=    -36.67 v= -0.5253 top5=[a26=0.042, a21=0.037, a9=0.035, a0=0.033, a32=0.032] [BUILD: Coalmine]
    OBS: year=0 month=6 season=1 money=4398 credit=120861 people=28 busy=0 free=28 home_places=110 need_workers=9 tax_due=0 main_tax_due=0 tax_amount=8074 main_tax_amount=0 days_alive=121 stage=0 res0=0 res1=200 res2=0 res3=0 res4=0 res5=0 res6=0 res7=0 res8=0 Garden=3 PowerStation=1 Road=3 House=1 SmallHouse=1 Hothouse=1 | nw=1486332.3291
  s=  115 a=  3(BUILD:Farm) r= -0.8276 cum=    -37.50 v= -0.5196 top5=[a26=0.041, a21=0.037, a9=0.034, a0=0.033, a32=0.032] [BUILD: Farm]
    OBS: year=0 month=7 season=1 money=4398 credit=121102 people=28 busy=0 free=28 home_places=110 need_workers=9 tax_due=0 main_tax_due=0 tax_amount=8074 main_tax_amount=0 days_alive=122 stage=0 res0=0 res1=200 res2=0 res3=0 res4=0 res5=0 res6=0 res7=0 res8=0 Garden=3 PowerStation=1 Road=3 House=1 SmallHouse=1 Hothouse=1 | nw=1486075.7912
  s=  116 a= 29(BUILD:Puerperal) r= -0.8300 cum=    -38.33 v= -0.5817 top5=[a26=0.039, a16=0.034, a9=0.034, a21=0.033, a6=0.033] [BUILD: Puerperal]
    OBS: year=0 month=7 season=1 money=4398 credit=121344 people=28 busy=0 free=28 home_places=110 need_workers=9 tax_due=0 main_tax_due=0 tax_amount=8074 main_tax_amount=0 days_alive=123 stage=0 res0=0 res1=200 res2=0 res3=0 res4=0 res5=0 res6=0 res7=0 res8=0 Garden=3 PowerStation=1 Road=3 House=1 SmallHouse=1 Hothouse=1 | nw=1485817.7177
  s=  117 a= 41(MANAGER:7) r= -0.3775 cum=    -38.71 v= -0.5767 top5=[a26=0.039, a16=0.034, a9=0.034, a21=0.033, a6=0.033]
    OBS: year=0 month=7 season=1 money=3998 credit=121586 people=28 busy=0 free=28 home_places=110 need_workers=9 tax_due=0 main_tax_due=0 tax_amount=8078 main_tax_amount=0 days_alive=124 stage=0 res0=0 res1=400 res2=0 res3=0 res4=0 res5=0 res6=0 res7=0 res8=0 Garden=3 PowerStation=1 Road=3 House=1 SmallHouse=1 Hothouse=1 | nw=1485360.0814
  s=  118 a= 12(BUILD:PowerStation) r= +0.5630 cum=    -38.14 v= -0.5731 top5=[a26=0.039, a9=0.033, a21=0.033, a16=0.033, a6=0.033] [BUILD: PowerStation]
    OBS: year=0 month=7 season=1 money=3598 credit=121829 people=28 busy=0 free=28 home_places=130 need_workers=9 tax_due=0 main_tax_due=0 tax_amount=8078 main_tax_amount=0 days_alive=125 stage=0 res0=0 res1=400 res2=0 res3=0 res4=0 res5=0 res6=0 res7=0 res8=0 Garden=3 PowerStation=1 Road=4 House=1 SmallHouse=1 Hothouse=1 | nw=1485101.0079
  s=  119 a= 38(MANAGER:4) r= +1.4374 cum=    -36.71 v= -0.6388 top5=[a26=0.042, a9=0.034, a40=0.033, a6=0.033, a16=0.032]
    OBS: year=0 month=7 season=1 money=3598 credit=122072 people=28 busy=0 free=28 home_places=110 need_workers=9 tax_due=0 main_tax_due=0 tax_amount=8078 main_tax_amount=0 days_alive=126 stage=0 res0=0 res1=400 res2=0 res3=0 res4=0 res5=0 res6=0 res7=0 res8=0 Garden=3 PowerStation=1 Road=4 House=1 SmallHouse=1 Hothouse=1 | nw=1484842.4700
  s=  120 a= 23(BUILD:Torchlight) r= -0.8330 cum=    -37.54 v= -0.5577 top5=[a26=0.044, a6=0.034, a16=0.033, a9=0.033, a21=0.032] [BUILD: Torchlight]
    OBS: year=0 month=7 season=1 money=3598 credit=122316 people=28 busy=0 free=28 home_places=110 need_workers=9 tax_due=0 main_tax_due=0 tax_amount=8078 main_tax_amount=0 days_alive=127 stage=0 res0=0 res1=400 res2=0 res3=0 res4=0 res5=0 res6=0 res7=0 res8=0 Garden=3 PowerStation=1 Road=4 House=1 SmallHouse=1 Hothouse=1 | nw=1484586.3642
  s=  121 a= 12(BUILD:PowerStation) r= +0.5827 cum=    -36.96 v= -0.5542 top5=[a26=0.044, a6=0.033, a16=0.033, a9=0.032, a21=0.032] [BUILD: PowerStation]
    OBS: year=0 month=7 season=1 money=3198 credit=122560 people=28 busy=0 free=28 home_places=110 need_workers=11 tax_due=0 main_tax_due=0 tax_amount=8078 main_tax_amount=0 days_alive=128 stage=0 res0=0 res1=400 res2=0 res3=0 res4=0 res5=0 res6=0 res7=0 res8=0 Garden=3 PowerStation=1 Road=5 House=1 SmallHouse=1 Hothouse=1 | nw=1484328.1897
  s=  122 a= 11(BUILD:Goldmine) r= -0.8385 cum=    -37.79 v= -0.5411 top5=[a26=0.045, a21=0.033, a16=0.033, a6=0.033, a9=0.033] [BUILD: Goldmine]
    OBS: year=0 month=7 season=1 money=3198 credit=122805 people=28 busy=0 free=28 home_places=110 need_workers=11 tax_due=0 main_tax_due=0 tax_amount=8078 main_tax_amount=0 days_alive=129 stage=0 res0=0 res1=400 res2=0 res3=0 res4=0 res5=0 res6=0 res7=0 res8=0 Garden=3 PowerStation=1 Road=5 House=1 SmallHouse=1 Hothouse=1 | nw=1484066.7773
  s=  123 a=  6(BUILD:SmallHouse) r= -0.8403 cum=    -38.63 v= -0.5569 top5=[a26=0.047, a9=0.035, a21=0.034, a16=0.033, a6=0.033] [BUILD: SmallHouse]
    OBS: year=0 month=7 season=1 money=3198 credit=123050 people=28 busy=0 free=28 home_places=110 need_workers=11 tax_due=0 main_tax_due=0 tax_amount=8078 main_tax_amount=0 days_alive=130 stage=0 res0=0 res1=400 res2=0 res3=0 res4=0 res5=0 res6=0 res7=0 res8=0 Garden=3 PowerStation=1 Road=5 House=1 SmallHouse=1 Hothouse=1 | nw=1483804.8292
  s=  124 a= 44(MANAGER:10) r= +0.0117 cum=    -38.62 v= -0.5519 top5=[a26=0.047, a9=0.035, a21=0.034, a16=0.033, a6=0.033]
    OBS: year=0 month=7 season=1 money=3198 credit=123296 people=28 busy=0 free=28 home_places=110 need_workers=11 tax_due=0 main_tax_due=0 tax_amount=8078 main_tax_amount=0 days_alive=131 stage=0 res0=0 res1=400 res2=0 res3=0 res4=0 res5=0 res6=0 res7=0 res8=0 Garden=3 PowerStation=1 Road=5 House=1 SmallHouse=1 Hothouse=1 | nw=1483541.8811
  s=  125 a= 29(BUILD:Puerperal) r= -0.8424 cum=    -39.47 v= -0.5333 top5=[a26=0.046, a9=0.035, a21=0.034, a5=0.034, a6=0.033] [BUILD: Puerperal]
    OBS: year=0 month=7 season=1 money=3198 credit=123542 people=28 busy=0 free=28 home_places=110 need_workers=11 tax_due=0 main_tax_due=0 tax_amount=8078 main_tax_amount=0 days_alive=132 stage=0 res0=0 res1=400 res2=0 res3=0 res4=0 res5=0 res6=0 res7=0 res8=0 Garden=3 PowerStation=1 Road=5 House=1 SmallHouse=1 Hothouse=1 | nw=1483281.2693
  s=  126 a=  9(BUILD:Ironmine) r= -0.8459 cum=    -40.31 v= -0.5285 top5=[a26=0.045, a9=0.035, a21=0.034, a5=0.034, a6=0.033] [BUILD: Ironmine]
    OBS: year=0 month=7 season=1 money=3198 credit=123789 people=28 busy=0 free=28 home_places=110 need_workers=11 tax_due=0 main_tax_due=0 tax_amount=8078 main_tax_amount=0 days_alive=133 stage=0 res0=0 res1=400 res2=0 res3=0 res4=0 res5=0 res6=0 res7=0 res8=0 Garden=3 PowerStation=1 Road=5 House=1 SmallHouse=1 Hothouse=1 | nw=1483017.3213
  s=  127 a= 37(MANAGER:3) r= -3.2918 cum=    -43.60 v= -0.5236 top5=[a26=0.045, a9=0.035, a21=0.034, a5=0.034, a6=0.033]
    OBS: year=0 month=7 season=1 money=3788 credit=124036 people=28 busy=0 free=28 home_places=110 need_workers=11 tax_due=0 main_tax_due=0 tax_amount=7658 main_tax_amount=0 days_alive=134 stage=0 res0=0 res1=400 res2=0 res3=0 res4=0 res5=0 res6=0 res7=0 res8=0 Garden=3 PowerStation=1 Road=5 House=1 Hothouse=1 | nw=1477472.2451
  s=  128 a= 13(BUILD:HydroStation) r= -0.8470 cum=    -44.45 v= -0.5574 top5=[a26=0.044, a21=0.038, a9=0.037, a6=0.034, a5=0.033] [BUILD: HydroStation]
    OBS: year=0 month=7 season=1 money=3788 credit=124284 people=28 busy=0 free=28 home_places=110 need_workers=11 tax_due=0 main_tax_due=0 tax_amount=7658 main_tax_amount=0 days_alive=135 stage=0 res0=0 res1=400 res2=0 res3=0 res4=0 res5=0 res6=0 res7=0 res8=0 Garden=3 PowerStation=1 Road=5 House=1 Hothouse=1 | nw=1477208.8166
  s=  129 a=  3(BUILD:Farm) r= -0.8482 cum=    -45.30 v= -0.5560 top5=[a26=0.044, a21=0.038, a9=0.037, a6=0.034, a5=0.034] [BUILD: Farm]
    OBS: year=0 month=7 season=1 money=3788 credit=124532 people=28 busy=0 free=28 home_places=110 need_workers=11 tax_due=0 main_tax_due=0 tax_amount=7658 main_tax_amount=0 days_alive=136 stage=0 res0=0 res1=400 res2=0 res3=0 res4=0 res5=0 res6=0 res7=0 res8=0 Garden=3 PowerStation=1 Road=5 House=1 Hothouse=1 | nw=1476945.9237
  s=  130 a= 40(MANAGER:6) r= -0.1535 cum=    -45.45 v= -0.5547 top5=[a26=0.044, a21=0.038, a9=0.037, a6=0.034, a5=0.034]
    OBS: year=0 month=7 season=1 money=3988 credit=124781 people=28 busy=0 free=28 home_places=110 need_workers=11 tax_due=0 main_tax_due=0 tax_amount=7662 main_tax_amount=0 days_alive=137 stage=0 res0=0 res1=200 res2=0 res3=0 res4=0 res5=0 res6=0 res7=0 res8=0 Garden=3 PowerStation=1 Road=5 House=1 Hothouse=1 | nw=1476681.4952
  s=  131 a=  7(BUILD:Sawmill) r= -0.8520 cum=    -46.30 v= -0.5532 top5=[a26=0.044, a21=0.038, a9=0.037, a5=0.034, a6=0.034] [BUILD: Sawmill]
    OBS: year=0 month=7 season=1 money=3988 credit=125030 people=28 busy=0 free=28 home_places=110 need_workers=11 tax_due=0 main_tax_due=0 tax_amount=7662 main_tax_amount=0 days_alive=138 stage=0 res0=0 res1=200 res2=0 res3=0 res4=0 res5=0 res6=0 res7=0 res8=0 Garden=3 PowerStation=1 Road=5 House=1 Hothouse=1 | nw=1476417.0667
  s=  132 a= 19(BUILD:Mushroom) r= -0.8542 cum=    -47.16 v= -0.5521 top5=[a26=0.044, a21=0.038, a9=0.037, a5=0.034, a6=0.033] [BUILD: Mushroom]
    OBS: year=0 month=7 season=1 money=3988 credit=125280 people=28 busy=0 free=28 home_places=110 need_workers=11 tax_due=0 main_tax_due=0 tax_amount=7662 main_tax_amount=0 days_alive=139 stage=0 res0=0 res1=200 res2=0 res3=0 res4=0 res5=0 res6=0 res7=0 res8=0 Garden=3 PowerStation=1 Road=5 House=1 Hothouse=1 | nw=1476151.6382
  s=  133 a= 44(MANAGER:10) r= +0.0040 cum=    -47.15 v= -0.5505 top5=[a26=0.044, a21=0.038, a9=0.037, a5=0.034, a6=0.033]
    OBS: year=0 month=7 season=1 money=3988 credit=125530 people=28 busy=0 free=28 home_places=110 need_workers=11 tax_due=0 main_tax_due=0 tax_amount=7662 main_tax_amount=0 days_alive=140 stage=0 res0=0 res1=200 res2=0 res3=0 res4=0 res5=0 res6=0 res7=0 res8=0 Garden=3 PowerStation=1 Road=5 House=1 Hothouse=1 | nw=1475886.2097
  s=  134 a=  5(BUILD:House) r= -0.8576 cum=    -48.01 v= -0.5485 top5=[a26=0.044, a21=0.038, a9=0.036, a5=0.034, a6=0.033] [BUILD: House]
    OBS: year=0 month=7 season=1 money=3988 credit=125781 people=28 busy=0 free=28 home_places=110 need_workers=11 tax_due=0 main_tax_due=0 tax_amount=7662 main_tax_amount=0 days_alive=141 stage=0 res0=0 res1=200 res2=0 res3=0 res4=0 res5=0 res6=0 res7=0 res8=0 Garden=3 PowerStation=1 Road=5 House=1 Hothouse=1 | nw=1475619.7812
  s=  135 a= 21(BUILD:BigFarm) r= -0.8592 cum=    -48.87 v= -0.5467 top5=[a26=0.044, a21=0.038, a9=0.036, a5=0.034, a6=0.033] [BUILD: BigFarm]
    OBS: year=0 month=7 season=1 money=3988 credit=126032 people=28 busy=0 free=28 home_places=110 need_workers=11 tax_due=0 main_tax_due=0 tax_amount=7662 main_tax_amount=0 days_alive=142 stage=0 res0=0 res1=200 res2=0 res3=0 res4=0 res5=0 res6=0 res7=0 res8=0 Garden=3 PowerStation=1 Road=5 House=1 Hothouse=1 | nw=1475353.3527
  s=  136 a=  2(BUILD:WaterChannel) r= -0.8610 cum=    -49.73 v= -0.5448 top5=[a26=0.044, a21=0.038, a9=0.036, a5=0.034, a6=0.033] [BUILD: WaterChannel]
    OBS: year=0 month=7 season=1 money=3988 credit=126284 people=28 busy=0 free=28 home_places=110 need_workers=11 tax_due=0 main_tax_due=0 tax_amount=7662 main_tax_amount=0 days_alive=143 stage=0 res0=0 res1=200 res2=0 res3=0 res4=0 res5=0 res6=0 res7=0 res8=0 Garden=3 PowerStation=1 Road=5 House=1 Hothouse=1 | nw=1475086.3615
  s=  137 a= 21(BUILD:BigFarm) r= -0.8625 cum=    -50.59 v= -0.5426 top5=[a26=0.044, a21=0.038, a9=0.036, a5=0.034, a0=0.033] [BUILD: BigFarm]
    OBS: year=0 month=7 season=1 money=3988 credit=126536 people=28 busy=0 free=28 home_places=110 need_workers=11 tax_due=0 main_tax_due=0 tax_amount=7662 main_tax_amount=0 days_alive=144 stage=0 res0=0 res1=200 res2=0 res3=0 res4=0 res5=0 res6=0 res7=0 res8=0 Garden=3 PowerStation=1 Road=5 House=1 Hothouse=1 | nw=1474819.4686
  s=  138 a= 30(BUILD:BigIronmine) r= -0.8647 cum=    -51.46 v= -0.5399 top5=[a26=0.043, a21=0.038, a9=0.036, a5=0.034, a0=0.033] [BUILD: BigIronmine]
    OBS: year=0 month=7 season=1 money=3988 credit=126789 people=28 busy=0 free=28 home_places=110 need_workers=11 tax_due=0 main_tax_due=0 tax_amount=7662 main_tax_amount=0 days_alive=145 stage=0 res0=0 res1=200 res2=0 res3=0 res4=0 res5=0 res6=0 res7=0 res8=0 Garden=3 PowerStation=1 Road=5 House=1 Hothouse=1 | nw=1474551.4774
  s=  139 a= 29(BUILD:Puerperal) r= -0.8663 cum=    -52.33 v= -0.5370 top5=[a26=0.043, a21=0.038, a9=0.036, a5=0.034, a0=0.034] [BUILD: Puerperal]
    OBS: year=0 month=7 season=1 money=3988 credit=127042 people=28 busy=0 free=28 home_places=110 need_workers=11 tax_due=0 main_tax_due=0 tax_amount=7662 main_tax_amount=0 days_alive=146 stage=0 res0=0 res1=200 res2=0 res3=0 res4=0 res5=0 res6=0 res7=0 res8=0 Garden=3 PowerStation=1 Road=5 House=1 Hothouse=1 | nw=1474283.4861
  s=  140 a= 17(BUILD:HuntingLand) r= -0.8676 cum=    -53.19 v= -0.5340 top5=[a26=0.043, a21=0.039, a9=0.036, a5=0.034, a0=0.034] [BUILD: HuntingLand]
    OBS: year=0 month=7 season=1 money=3988 credit=127296 people=28 busy=0 free=28 home_places=110 need_workers=11 tax_due=0 main_tax_due=0 tax_amount=7662 main_tax_amount=0 days_alive=147 stage=0 res0=0 res1=200 res2=0 res3=0 res4=0 res5=0 res6=0 res7=0 res8=0 Garden=3 PowerStation=1 Road=5 House=1 Hothouse=1 | nw=1474015.9567
  s=  141 a= 21(BUILD:BigFarm) r= -0.8702 cum=    -54.06 v= -0.5316 top5=[a26=0.043, a21=0.039, a9=0.036, a0=0.034, a5=0.034] [BUILD: BigFarm]
    OBS: year=0 month=7 season=1 money=3988 credit=127550 people=28 busy=0 free=28 home_places=110 need_workers=11 tax_due=0 main_tax_due=0 tax_amount=7662 main_tax_amount=0 days_alive=148 stage=0 res0=0 res1=200 res2=0 res3=0 res4=0 res5=0 res6=0 res7=0 res8=0 Garden=3 PowerStation=1 Road=5 House=1 Hothouse=1 | nw=1473746.5281
  s=  142 a= 13(BUILD:HydroStation) r= -0.8721 cum=    -54.94 v= -0.5293 top5=[a26=0.043, a21=0.039, a9=0.036, a0=0.034, a5=0.034] [BUILD: HydroStation]
    OBS: year=0 month=7 season=1 money=3988 credit=127805 people=28 busy=0 free=28 home_places=110 need_workers=11 tax_due=0 main_tax_due=0 tax_amount=7662 main_tax_amount=0 days_alive=149 stage=0 res0=0 res1=200 res2=0 res3=0 res4=0 res5=0 res6=0 res7=0 res8=0 Garden=3 PowerStation=1 Road=5 House=1 Hothouse=1 | nw=1473476.5369
  s=  143 a= 26(BUILD:BigSawmill) r= -0.8739 cum=    -55.81 v= -0.5283 top5=[a26=0.043, a21=0.039, a9=0.035, a0=0.035, a5=0.034] [BUILD: BigSawmill]
    OBS: year=0 month=7 season=1 money=3988 credit=128060 people=28 busy=0 free=28 home_places=110 need_workers=11 tax_due=0 main_tax_due=0 tax_amount=7662 main_tax_amount=0 days_alive=150 stage=0 res0=0 res1=200 res2=0 res3=0 res4=0 res5=0 res6=0 res7=0 res8=0 Garden=3 PowerStation=1 Road=5 House=1 Hothouse=1 | nw=1473206.1084
  s=  144 a= 40(MANAGER:6) r= -0.8761 cum=    -56.69 v= -0.5266 top5=[a26=0.043, a21=0.039, a9=0.035, a0=0.035, a5=0.034]
    OBS: year=0 month=7 season=1 money=3988 credit=128316 people=28 busy=0 free=28 home_places=110 need_workers=11 tax_due=0 main_tax_due=0 tax_amount=7662 main_tax_amount=0 days_alive=151 stage=0 res0=0 res1=200 res2=0 res3=0 res4=0 res5=0 res6=0 res7=0 res8=0 Garden=3 PowerStation=1 Road=5 House=1 Hothouse=1 | nw=1472934.6799
  s=  145 a= 40(MANAGER:6) r= -0.8773 cum=    -57.56 v= -0.5242 top5=[a26=0.043, a21=0.039, a9=0.035, a0=0.035, a5=0.035]
    OBS: year=0 month=7 season=1 money=3988 credit=128572 people=28 busy=0 free=28 home_places=110 need_workers=11 tax_due=0 main_tax_due=0 tax_amount=7662 main_tax_amount=0 days_alive=152 stage=0 res0=0 res1=200 res2=0 res3=0 res4=0 res5=0 res6=0 res7=0 res8=0 Garden=3 PowerStation=1 Road=5 House=1 Hothouse=1 | nw=1472663.7870
  s=  146 a=  5(BUILD:House) r= -0.8798 cum=    -58.44 v= -0.5209 top5=[a26=0.043, a21=0.039, a9=0.035, a0=0.035, a5=0.035] [BUILD: House]
    OBS: year=0 month=8 season=1 money=3988 credit=128829 people=28 busy=0 free=28 home_places=110 need_workers=11 tax_due=0 main_tax_due=0 tax_amount=7662 main_tax_amount=0 days_alive=153 stage=0 res0=0 res1=200 res2=0 res3=0 res4=0 res5=0 res6=0 res7=0 res8=0 Garden=3 PowerStation=1 Road=5 House=1 Hothouse=1 | nw=1472391.3585
  s=  147 a=  0(DAY) r= -5.8066 cum=    -64.25 v= -0.5332 top5=[a26=0.041, a9=0.035, a6=0.034, a21=0.034, a16=0.034]
    OBS: year=0 month=8 season=1 money=3988 credit=129086 people=28 busy=0 free=28 home_places=110 need_workers=11 tax_due=0 main_tax_due=0 tax_amount=7662 main_tax_amount=0 days_alive=154 stage=0 res0=0 res1=200 res2=0 res3=0 res4=0 res5=0 res6=0 res7=0 res8=0 Garden=3 PowerStation=1 Road=5 House=1 Hothouse=1 | nw=1472118.9300
  s=  148 a= 26(BUILD:BigSawmill) r= -0.8767 cum=    -65.13 v= -0.5309 top5=[a26=0.041, a9=0.035, a6=0.034, a21=0.034, a16=0.033] [BUILD: BigSawmill]
    OBS: year=0 month=8 season=1 money=3988 credit=129344 people=28 busy=0 free=28 home_places=110 need_workers=11 tax_due=0 main_tax_due=0 tax_amount=7662 main_tax_amount=0 days_alive=155 stage=0 res0=0 res1=200 res2=0 res3=0 res4=0 res5=0 res6=0 res7=0 res8=0 Garden=3 PowerStation=1 Road=5 House=1 Hothouse=1 | nw=1471845.5015
  s=  149 a= 26(BUILD:BigSawmill) r= -0.8771 cum=    -66.00 v= -0.5288 top5=[a26=0.041, a9=0.035, a21=0.034, a6=0.034, a16=0.033] [BUILD: BigSawmill]
    OBS: year=0 month=8 season=1 money=3988 credit=129602 people=28 busy=0 free=28 home_places=110 need_workers=11 tax_due=0 main_tax_due=0 tax_amount=7662 main_tax_amount=0 days_alive=156 stage=0 res0=0 res1=200 res2=0 res3=0 res4=0 res5=0 res6=0 res7=0 res8=0 Garden=3 PowerStation=1 Road=5 House=1 Hothouse=1 | nw=1471573.9721
  s=  150 a= 21(BUILD:BigFarm) r= -0.8804 cum=    -66.88 v= -0.5269 top5=[a26=0.041, a9=0.035, a21=0.034, a6=0.034, a5=0.033] [BUILD: BigFarm]
    OBS: year=0 month=8 season=1 money=3988 credit=129861 people=28 busy=0 free=28 home_places=110 need_workers=11 tax_due=0 main_tax_due=0 tax_amount=7662 main_tax_amount=0 days_alive=157 stage=0 res0=0 res1=200 res2=0 res3=0 res4=0 res5=0 res6=0 res7=0 res8=0 Garden=3 PowerStation=1 Road=5 House=1 Hothouse=1 | nw=1471299.5436
  s=  151 a=  3(BUILD:Farm) r= -0.8819 cum=    -67.77 v= -0.5251 top5=[a26=0.041, a9=0.035, a21=0.034, a6=0.034, a5=0.033] [BUILD: Farm]
    OBS: year=0 month=8 season=1 money=3988 credit=130120 people=28 busy=0 free=28 home_places=110 need_workers=11 tax_due=0 main_tax_due=0 tax_amount=7662 main_tax_amount=0 days_alive=158 stage=0 res0=0 res1=200 res2=0 res3=0 res4=0 res5=0 res6=0 res7=0 res8=0 Garden=3 PowerStation=1 Road=5 House=1 Hothouse=1 | nw=1471025.1151
  s=  152 a= 38(MANAGER:4) r= +1.4316 cum=    -66.33 v= -0.5235 top5=[a26=0.041, a9=0.035, a21=0.034, a6=0.034, a5=0.033]
    OBS: year=0 month=8 season=1 money=3988 credit=130380 people=28 busy=0 free=28 home_places=110 need_workers=9 tax_due=0 main_tax_due=0 tax_amount=7662 main_tax_amount=0 days_alive=159 stage=0 res0=0 res1=200 res2=0 res3=0 res4=0 res5=0 res6=0 res7=0 res8=0 Garden=3 PowerStation=1 Road=5 House=1 Hothouse=1 | nw=1470750.1238
  s=  153 a= 32(BUILD:SmallAtomStation) r= -0.8840 cum=    -67.22 v= -0.4707 top5=[a26=0.042, a5=0.034, a6=0.034, a9=0.033, a21=0.033] [BUILD: SmallAtomStation]
    OBS: year=0 month=8 season=1 money=3988 credit=130640 people=28 busy=0 free=28 home_places=110 need_workers=9 tax_due=0 main_tax_due=0 tax_amount=7662 main_tax_amount=0 days_alive=160 stage=0 res0=0 res1=200 res2=0 res3=0 res4=0 res5=0 res6=0 res7=0 res8=0 Garden=3 PowerStation=1 Road=5 House=1 Hothouse=1 | nw=1470475.2310
  s=  154 a=  9(BUILD:Ironmine) r= -0.8864 cum=    -68.10 v= -0.4704 top5=[a26=0.042, a5=0.034, a6=0.034, a21=0.033, a9=0.033] [BUILD: Ironmine]
    OBS: year=0 month=8 season=1 money=3988 credit=130901 people=28 busy=0 free=28 home_places=110 need_workers=9 tax_due=0 main_tax_due=0 tax_amount=7662 main_tax_amount=0 days_alive=161 stage=0 res0=0 res1=200 res2=0 res3=0 res4=0 res5=0 res6=0 res7=0 res8=0 Garden=3 PowerStation=1 Road=5 House=1 Hothouse=1 | nw=1470198.8024
  s=  155 a= 39(MANAGER:5) r= +1.4302 cum=    -66.67 v= -0.4696 top5=[a26=0.042, a5=0.034, a6=0.034, a21=0.033, a9=0.033]
    OBS: year=0 month=8 season=1 money=3988 credit=131162 people=28 busy=0 free=28 home_places=110 need_workers=11 tax_due=0 main_tax_due=0 tax_amount=7662 main_tax_amount=0 days_alive=162 stage=0 res0=0 res1=200 res2=0 res3=0 res4=0 res5=0 res6=0 res7=0 res8=0 Garden=3 PowerStation=1 Road=5 House=1 Hothouse=1 | nw=1469922.3739
  s=  156 a=  1(WEEK) r= -5.7916 cum=    -72.47 v= -0.5166 top5=[a26=0.040, a9=0.035, a21=0.035, a6=0.033, a5=0.033]
    OBS: year=0 month=8 season=1 money=3988 credit=133005 people=28 busy=0 free=28 home_places=110 need_workers=11 tax_due=0 main_tax_due=0 tax_amount=7662 main_tax_amount=0 days_alive=169 stage=0 res0=0 res1=200 res2=0 res3=0 res4=0 res5=0 res6=0 res7=0 res8=0 Garden=3 PowerStation=1 Road=5 House=1 Hothouse=1 | nw=1467975.3422
  s=  157 a= 25(BUILD:SuperHouse) r= -0.8905 cum=    -73.36 v= -0.5179 top5=[a26=0.041, a21=0.036, a9=0.035, a5=0.033, a6=0.033] [BUILD: SuperHouse]
    OBS: year=0 month=8 season=1 money=3988 credit=133271 people=28 busy=0 free=28 home_places=110 need_workers=11 tax_due=0 main_tax_due=0 tax_amount=7662 main_tax_amount=0 days_alive=170 stage=0 res0=0 res1=200 res2=0 res3=0 res4=0 res5=0 res6=0 res7=0 res8=0 Garden=3 PowerStation=1 Road=5 House=1 Hothouse=1 | nw=1467693.9137
  s=  158 a= 40(MANAGER:6) r= -0.8910 cum=    -74.25 v= -0.5167 top5=[a26=0.041, a21=0.036, a9=0.035, a5=0.033, a6=0.033]
    OBS: year=0 month=8 season=1 money=3988 credit=133537 people=28 busy=0 free=28 home_places=110 need_workers=11 tax_due=0 main_tax_due=0 tax_amount=7662 main_tax_amount=0 days_alive=171 stage=0 res0=0 res1=200 res2=0 res3=0 res4=0 res5=0 res6=0 res7=0 res8=0 Garden=3 PowerStation=1 Road=5 House=1 Hothouse=1 | nw=1467414.3842
  s=  159 a= 28(BUILD:BigRefinary) r= -0.8942 cum=    -75.14 v= -0.5157 top5=[a26=0.041, a21=0.036, a9=0.035, a5=0.033, a6=0.033] [BUILD: BigRefinary]
    OBS: year=0 month=8 season=1 money=3988 credit=133804 people=28 busy=0 free=28 home_places=110 need_workers=11 tax_due=0 main_tax_due=0 tax_amount=7662 main_tax_amount=0 days_alive=172 stage=0 res0=0 res1=200 res2=0 res3=0 res4=0 res5=0 res6=0 res7=0 res8=0 Garden=3 PowerStation=1 Road=5 House=1 Hothouse=1 | nw=1467131.9557
  s=  160 a=  6(BUILD:SmallHouse) r= -0.8958 cum=    -76.04 v= -0.5148 top5=[a26=0.041, a21=0.036, a9=0.035, a5=0.033, a0=0.033] [BUILD: SmallHouse]
    OBS: year=0 month=8 season=1 money=3988 credit=134071 people=28 busy=0 free=28 home_places=110 need_workers=11 tax_due=0 main_tax_due=0 tax_amount=7662 main_tax_amount=0 days_alive=173 stage=0 res0=0 res1=200 res2=0 res3=0 res4=0 res5=0 res6=0 res7=0 res8=0 Garden=3 PowerStation=1 Road=5 House=1 Hothouse=1 | nw=1466849.5272
  s=  161 a= 31(BUILD:AirStation) r= -0.8980 cum=    -76.93 v= -0.5137 top5=[a26=0.041, a21=0.037, a9=0.034, a5=0.033, a0=0.033] [BUILD: AirStation]
    OBS: year=0 month=8 season=1 money=3988 credit=134339 people=28 busy=0 free=28 home_places=110 need_workers=11 tax_due=0 main_tax_due=0 tax_amount=7662 main_tax_amount=0 days_alive=174 stage=0 res0=0 res1=200 res2=0 res3=0 res4=0 res5=0 res6=0 res7=0 res8=0 Garden=3 PowerStation=1 Road=5 House=1 Hothouse=1 | nw=1466566.0987
  s=  162 a= 13(BUILD:HydroStation) r= -0.8996 cum=    -77.83 v= -0.5120 top5=[a26=0.041, a21=0.037, a9=0.034, a0=0.033, a5=0.033] [BUILD: HydroStation]
    OBS: year=0 month=8 season=1 money=3988 credit=134607 people=28 busy=0 free=28 home_places=110 need_workers=11 tax_due=0 main_tax_due=0 tax_amount=7662 main_tax_amount=0 days_alive=175 stage=0 res0=0 res1=200 res2=0 res3=0 res4=0 res5=0 res6=0 res7=0 res8=0 Garden=3 PowerStation=1 Road=5 House=1 Hothouse=1 | nw=1466282.6702
  s=  163 a= 24(BUILD:Hothouse) r= -0.9018 cum=    -78.74 v= -0.5094 top5=[a26=0.041, a21=0.037, a9=0.034, a0=0.033, a5=0.033] [BUILD: Hothouse]
    OBS: year=0 month=8 season=1 money=3988 credit=134876 people=28 busy=0 free=28 home_places=110 need_workers=11 tax_due=0 main_tax_due=0 tax_amount=7662 main_tax_amount=0 days_alive=176 stage=0 res0=0 res1=200 res2=0 res3=0 res4=0 res5=0 res6=0 res7=0 res8=0 Garden=3 PowerStation=1 Road=5 House=1 Hothouse=1 | nw=1465998.2417
  s=  164 a= 44(MANAGER:10) r= -0.0348 cum=    -78.77 v= -0.5067 top5=[a26=0.041, a21=0.037, a9=0.034, a0=0.034, a5=0.033]
    OBS: year=0 month=8 season=1 money=3988 credit=135145 people=28 busy=0 free=28 home_places=110 need_workers=11 tax_due=0 main_tax_due=0 tax_amount=7662 main_tax_amount=0 days_alive=177 stage=0 res0=0 res1=200 res2=0 res3=0 res4=0 res5=0 res6=0 res7=0 res8=0 Garden=3 PowerStation=1 Road=5 House=1 Hothouse=1 | nw=1465713.8132
  s=  165 a= 43(MANAGER:9) r= -0.9054 cum=    -79.68 v= -0.5039 top5=[a26=0.041, a21=0.037, a9=0.034, a0=0.034, a5=0.033]
    OBS: year=0 month=8 season=1 money=3988 credit=135415 people=28 busy=0 free=28 home_places=110 need_workers=11 tax_due=0 main_tax_due=0 tax_amount=7662 main_tax_amount=0 days_alive=178 stage=0 res0=0 res1=200 res2=0 res3=0 res4=0 res5=0 res6=0 res7=0 res8=0 Garden=3 PowerStation=1 Road=5 House=1 Hothouse=1 | nw=1465428.3847
  s=  166 a= 40(MANAGER:6) r= -0.9047 cum=    -80.58 v= -0.5014 top5=[a26=0.041, a21=0.037, a9=0.034, a0=0.034, a5=0.033]
    OBS: year=0 month=8 season=1 money=3988 credit=135685 people=28 busy=0 free=28 home_places=110 need_workers=11 tax_due=0 main_tax_due=0 tax_amount=7662 main_tax_amount=0 days_alive=179 stage=0 res0=0 res1=200 res2=0 res3=0 res4=0 res5=0 res6=0 res7=0 res8=0 Garden=3 PowerStation=1 Road=5 House=1 Hothouse=1 | nw=1465146.9239
  s=  167 a= 20(BUILD:BigHouse) r= -0.9081 cum=    -81.49 v= -0.4989 top5=[a26=0.041, a21=0.037, a0=0.034, a9=0.034, a5=0.034] [BUILD: BigHouse]
    OBS: year=0 month=8 season=1 money=3988 credit=135956 people=28 busy=0 free=28 home_places=110 need_workers=11 tax_due=0 main_tax_due=0 tax_amount=7662 main_tax_amount=0 days_alive=180 stage=0 res0=0 res1=200 res2=0 res3=0 res4=0 res5=0 res6=0 res7=0 res8=0 Garden=3 PowerStation=1 Road=5 House=1 Hothouse=1 | nw=1464862.3945
  s=  168 a= 36(MANAGER:2) r= -0.1445 cum=    -81.63 v= -0.4965 top5=[a26=0.041, a21=0.037, a0=0.035, a9=0.034, a5=0.034]
    OBS: year=0 month=8 season=1 money=3264 credit=136227 people=28 busy=0 free=28 home_places=110 need_workers=11 tax_due=0 main_tax_due=0 tax_amount=7662 main_tax_amount=0 days_alive=181 stage=0 res0=0 res1=200 res2=0 res3=0 res4=0 res5=0 res6=0 res7=0 res8=0 Garden=3 PowerStation=1 Road=5 House=1 Hothouse=1 | nw=1464894.8341
  s=  169 a= 44(MANAGER:10) r= -0.0383 cum=    -81.67 v= -0.4947 top5=[a26=0.041, a21=0.037, a0=0.035, a9=0.034, a5=0.034]
    OBS: year=0 month=8 season=1 money=3264 credit=136499 people=28 busy=0 free=28 home_places=110 need_workers=11 tax_due=0 main_tax_due=0 tax_amount=7662 main_tax_amount=0 days_alive=182 stage=0 res0=0 res1=200 res2=0 res3=0 res4=0 res5=0 res6=0 res7=0 res8=0 Garden=3 PowerStation=1 Road=5 House=1 Hothouse=1 | nw=1464611.3733
  s=  170 a=  9(BUILD:Ironmine) r= -0.9140 cum=    -82.59 v= -0.4919 top5=[a26=0.041, a21=0.037, a0=0.035, a9=0.034, a5=0.034] [BUILD: Ironmine]
    OBS: year=0 month=8 season=1 money=3264 credit=136771 people=28 busy=0 free=28 home_places=110 need_workers=11 tax_due=0 main_tax_due=0 tax_amount=7662 main_tax_amount=0 days_alive=183 stage=0 res0=0 res1=200 res2=0 res3=0 res4=0 res5=0 res6=0 res7=0 res8=0 Garden=3 PowerStation=1 Road=5 House=1 Hothouse=1 | nw=1464324.3821
  s=  171 a= 35(MANAGER:1) r= -0.3309 cum=    -82.92 v= -0.4887 top5=[a26=0.041, a21=0.037, a0=0.035, a9=0.034, a5=0.034]
    OBS: year=0 month=9 season=2 money=3258 credit=137044 people=28 busy=0 free=28 home_places=110 need_workers=11 tax_due=0 main_tax_due=0 tax_amount=7662 main_tax_amount=0 days_alive=184 stage=0 res0=0 res1=200 res2=0 res3=0 res4=0 res5=0 res6=0 res7=0 res8=0 Garden=3 PowerStation=1 Road=5 House=1 Hothouse=1 | nw=1464041.3478
  s=  172 a=  9(BUILD:Ironmine) r= -0.9188 cum=    -83.84 v= -0.4217 top5=[a5=0.042, a32=0.033, a6=0.033, a40=0.033, a21=0.032] [BUILD: Ironmine]
    OBS: year=0 month=9 season=2 money=3258 credit=137318 people=28 busy=0 free=28 home_places=110 need_workers=11 tax_due=0 main_tax_due=0 tax_amount=7662 main_tax_amount=0 days_alive=185 stage=0 res0=0 res1=200 res2=0 res3=0 res4=0 res5=0 res6=0 res7=0 res8=0 Garden=3 PowerStation=1 Road=5 House=1 Hothouse=1 | nw=1463751.4821
  s=  173 a=  5(BUILD:House) r= -0.9202 cum=    -84.76 v= -0.4173 top5=[a5=0.042, a32=0.033, a6=0.032, a40=0.032, a21=0.032] [BUILD: House]
    OBS: year=0 month=9 season=2 money=3258 credit=137592 people=28 busy=0 free=28 home_places=110 need_workers=11 tax_due=0 main_tax_due=0 tax_amount=7662 main_tax_amount=0 days_alive=186 stage=0 res0=0 res1=200 res2=0 res3=0 res4=0 res5=0 res6=0 res7=0 res8=0 Garden=3 PowerStation=1 Road=5 House=1 Hothouse=1 | nw=1463462.0536
  s=  174 a= 14(BUILD:Road) r= -0.9221 cum=    -85.68 v= -0.4127 top5=[a5=0.042, a32=0.033, a6=0.032, a40=0.032, a21=0.032] [BUILD: Road]
    OBS: year=0 month=9 season=2 money=3258 credit=137867 people=28 busy=0 free=28 home_places=110 need_workers=11 tax_due=0 main_tax_due=0 tax_amount=7662 main_tax_amount=0 days_alive=187 stage=0 res0=0 res1=200 res2=0 res3=0 res4=0 res5=0 res6=0 res7=0 res8=0 Garden=3 PowerStation=1 Road=5 House=1 Hothouse=1 | nw=1463172.1607
  s=  175 a=  5(BUILD:House) r= -0.9249 cum=    -86.60 v= -0.4081 top5=[a5=0.042, a32=0.033, a21=0.032, a6=0.032, a40=0.032] [BUILD: House]
    OBS: year=0 month=9 season=2 money=3258 credit=138142 people=28 busy=0 free=28 home_places=110 need_workers=11 tax_due=0 main_tax_due=0 tax_amount=7662 main_tax_amount=0 days_alive=188 stage=0 res0=0 res1=200 res2=0 res3=0 res4=0 res5=0 res6=0 res7=0 res8=0 Garden=3 PowerStation=1 Road=5 House=1 Hothouse=1 | nw=1462880.2704
  s=  176 a= 33(BUILD:AtomStation) r= -0.9265 cum=    -87.53 v= -0.4029 top5=[a5=0.042, a32=0.033, a21=0.032, a6=0.032, a40=0.032] [BUILD: AtomStation]
    OBS: year=0 month=9 season=2 money=3258 credit=138418 people=28 busy=0 free=28 home_places=110 need_workers=11 tax_due=0 main_tax_due=0 tax_amount=7662 main_tax_amount=0 days_alive=189 stage=0 res0=0 res1=200 res2=0 res3=0 res4=0 res5=0 res6=0 res7=0 res8=0 Garden=3 PowerStation=1 Road=5 House=1 Hothouse=1 | nw=1462588.4046
  s=  177 a= 27(BUILD:WaterMill) r= -0.9276 cum=    -88.46 v= -0.3979 top5=[a5=0.042, a32=0.033, a21=0.032, a6=0.032, a40=0.032] [BUILD: WaterMill]
    OBS: year=0 month=9 season=2 money=3258 credit=138694 people=28 busy=0 free=28 home_places=110 need_workers=11 tax_due=0 main_tax_due=0 tax_amount=7662 main_tax_amount=0 days_alive=190 stage=0 res0=0 res1=200 res2=0 res3=0 res4=0 res5=0 res6=0 res7=0 res8=0 Garden=3 PowerStation=1 Road=5 House=1 Hothouse=1 | nw=1462297.4134
  s=  178 a= 36(MANAGER:2) r= -0.3255 cum=    -88.78 v= -0.3927 top5=[a5=0.042, a32=0.033, a21=0.032, a6=0.032, a40=0.032]
    OBS: year=0 month=9 season=2 money=3186 credit=138971 people=28 busy=0 free=28 home_places=110 need_workers=11 tax_due=0 main_tax_due=0 tax_amount=7662 main_tax_amount=0 days_alive=191 stage=0 res0=0 res1=200 res2=0 res3=0 res4=0 res5=0 res6=0 res7=0 res8=0 Garden=3 PowerStation=1 Road=5 House=1 Hothouse=1 | nw=1462036.8580
  s=  179 a=  7(BUILD:Sawmill) r= -0.9314 cum=    -89.71 v= -0.3869 top5=[a5=0.042, a32=0.033, a21=0.032, a6=0.032, a40=0.031] [BUILD: Sawmill]
    OBS: year=0 month=9 season=2 money=3186 credit=139248 people=28 busy=0 free=28 home_places=110 need_workers=11 tax_due=0 main_tax_due=0 tax_amount=7662 main_tax_amount=0 days_alive=192 stage=0 res0=0 res1=200 res2=0 res3=0 res4=0 res5=0 res6=0 res7=0 res8=0 Garden=3 PowerStation=1 Road=5 House=1 Hothouse=1 | nw=1461744.8667
  s=  180 a= 14(BUILD:Road) r= -0.9336 cum=    -90.65 v= -0.3815 top5=[a5=0.042, a32=0.033, a21=0.033, a6=0.031, a40=0.031] [BUILD: Road]
    OBS: year=0 month=9 season=2 money=3186 credit=139526 people=28 busy=0 free=28 home_places=110 need_workers=11 tax_due=0 main_tax_due=0 tax_amount=7662 main_tax_amount=0 days_alive=193 stage=0 res0=0 res1=200 res2=0 res3=0 res4=0 res5=0 res6=0 res7=0 res8=0 Garden=3 PowerStation=1 Road=5 House=1 Hothouse=1 | nw=1461451.9739
  s=  181 a= 32(BUILD:SmallAtomStation) r= -0.9390 cum=    -91.59 v= -0.3764 top5=[a5=0.042, a32=0.033, a21=0.033, a6=0.031, a40=0.031] [BUILD: SmallAtomStation]
    OBS: year=0 month=9 season=2 money=3186 credit=139805 people=28 busy=0 free=28 home_places=110 need_workers=11 tax_due=0 main_tax_due=0 tax_amount=7662 main_tax_amount=0 days_alive=194 stage=0 res0=0 res1=200 res2=0 res3=0 res4=0 res5=0 res6=0 res7=0 res8=0 Garden=3 PowerStation=1 Road=5 House=1 Hothouse=1 | nw=1461152.6047
  s=  182 a= 12(BUILD:PowerStation) r= +0.5084 cum=    -91.08 v= -0.3712 top5=[a5=0.041, a32=0.033, a21=0.033, a6=0.031, a40=0.031] [BUILD: PowerStation]
    OBS: year=0 month=9 season=2 money=2786 credit=140084 people=28 busy=0 free=28 home_places=110 need_workers=11 tax_due=0 main_tax_due=0 tax_amount=7662 main_tax_amount=0 days_alive=195 stage=0 res0=0 res1=200 res2=0 res3=0 res4=0 res5=0 res6=0 res7=0 res8=0 Garden=3 PowerStation=1 Road=6 House=1 Hothouse=1 | nw=1460857.6406
  s=  183 a= 40(MANAGER:6) r= -0.9398 cum=    -92.02 v= -0.3608 top5=[a5=0.042, a32=0.033, a40=0.031, a6=0.031, a21=0.031]
    OBS: year=0 month=9 season=2 money=2786 credit=140364 people=28 busy=0 free=28 home_places=110 need_workers=11 tax_due=0 main_tax_due=0 tax_amount=7662 main_tax_amount=0 days_alive=196 stage=0 res0=0 res1=200 res2=0 res3=0 res4=0 res5=0 res6=0 res7=0 res8=0 Garden=3 PowerStation=1 Road=6 House=1 Hothouse=1 | nw=1460561.6764
  s=  184 a= 17(BUILD:HuntingLand) r= -0.9388 cum=    -92.96 v= -0.3563 top5=[a5=0.042, a32=0.033, a40=0.031, a6=0.031, a21=0.031] [BUILD: HuntingLand]
    OBS: year=0 month=9 season=2 money=2786 credit=140644 people=28 busy=0 free=28 home_places=110 need_workers=11 tax_due=0 main_tax_due=0 tax_amount=7662 main_tax_amount=0 days_alive=197 stage=0 res0=0 res1=200 res2=0 res3=0 res4=0 res5=0 res6=0 res7=0 res8=0 Garden=3 PowerStation=1 Road=6 House=1 Hothouse=1 | nw=1460270.2157
  s=  185 a= 20(BUILD:BigHouse) r= -0.9436 cum=    -93.90 v= -0.3529 top5=[a5=0.041, a32=0.033, a21=0.031, a6=0.031, a40=0.031] [BUILD: BigHouse]
    OBS: year=0 month=9 season=2 money=2786 credit=140925 people=28 busy=0 free=28 home_places=110 need_workers=11 tax_due=0 main_tax_due=0 tax_amount=7662 main_tax_amount=0 days_alive=198 stage=0 res0=0 res1=200 res2=0 res3=0 res4=0 res5=0 res6=0 res7=0 res8=0 Garden=3 PowerStation=1 Road=6 House=1 Hothouse=1 | nw=1459973.3499
  s=  186 a= 16(BUILD:CoalCut) r= -0.9461 cum=    -94.85 v= -0.3509 top5=[a5=0.041, a32=0.033, a21=0.031, a6=0.031, a40=0.031] [BUILD: CoalCut]
    OBS: year=0 month=9 season=2 money=2786 credit=141206 people=28 busy=0 free=28 home_places=110 need_workers=11 tax_due=0 main_tax_due=0 tax_amount=7662 main_tax_amount=0 days_alive=199 stage=0 res0=0 res1=200 res2=0 res3=0 res4=0 res5=0 res6=0 res7=0 res8=0 Garden=3 PowerStation=1 Road=6 House=1 Hothouse=1 | nw=1459675.0224
  s=  187 a=  8(BUILD:Coalmine) r= +0.2332 cum=    -94.61 v= -0.3491 top5=[a5=0.041, a32=0.033, a21=0.031, a6=0.031, a26=0.031] [BUILD: Coalmine]
    OBS: year=0 month=9 season=2 money=2786 credit=141488 people=28 busy=0 free=28 home_places=110 need_workers=11 tax_due=0 main_tax_due=0 tax_amount=7662 main_tax_amount=0 days_alive=200 stage=0 res0=0 res1=200 res2=0 res3=0 res4=0 res5=0 res6=0 res7=0 res8=0 Garden=3 PowerStation=1 Road=6 House=1 Hothouse=1 | nw=1459377.5938
  s=  188 a= 14(BUILD:Road) r= -0.9486 cum=    -95.56 v= -0.3475 top5=[a5=0.041, a32=0.033, a21=0.031, a6=0.031, a26=0.031] [BUILD: Road]
    OBS: year=0 month=9 season=2 money=2786 credit=141770 people=28 busy=0 free=28 home_places=110 need_workers=11 tax_due=0 main_tax_due=0 tax_amount=7662 main_tax_amount=0 days_alive=201 stage=0 res0=0 res1=200 res2=0 res3=0 res4=0 res5=0 res6=0 res7=0 res8=0 Garden=3 PowerStation=1 Road=6 House=1 Hothouse=1 | nw=1459080.1653
  s=  189 a=  6(BUILD:SmallHouse) r= -0.9509 cum=    -96.51 v= -0.3566 top5=[a5=0.042, a32=0.034, a21=0.033, a40=0.031, a6=0.031] [BUILD: SmallHouse]
    OBS: year=0 month=9 season=2 money=2786 credit=142053 people=28 busy=0 free=28 home_places=110 need_workers=11 tax_due=0 main_tax_due=0 tax_amount=7662 main_tax_amount=0 days_alive=202 stage=0 res0=0 res1=200 res2=0 res3=0 res4=0 res5=0 res6=0 res7=0 res8=0 Garden=3 PowerStation=1 Road=6 House=1 Hothouse=1 | nw=1458781.7368
  s=  190 a= 28(BUILD:BigRefinary) r= -0.3653 cum=    -96.88 v= -0.3524 top5=[a5=0.042, a32=0.034, a21=0.033, a6=0.031, a26=0.031] [BUILD: BigRefinary]
    OBS: year=0 month=9 season=2 money=2786 credit=142337 people=29 busy=0 free=29 home_places=110 need_workers=11 tax_due=0 main_tax_due=0 tax_amount=7662 main_tax_amount=0 days_alive=203 stage=0 res0=0 res1=200 res2=0 res3=0 res4=0 res5=0 res6=0 res7=0 res8=0 Garden=3 PowerStation=1 Road=6 House=1 Hothouse=1 | nw=1458476.0043
  s=  191 a= 31(BUILD:AirStation) r= -0.9550 cum=    -97.83 v= -0.3548 top5=[a5=0.042, a32=0.033, a21=0.033, a6=0.031, a26=0.031] [BUILD: AirStation]
    OBS: year=0 month=9 season=2 money=2786 credit=142621 people=29 busy=0 free=29 home_places=110 need_workers=11 tax_due=0 main_tax_due=0 tax_amount=7662 main_tax_amount=0 days_alive=204 stage=0 res0=0 res1=200 res2=0 res3=0 res4=0 res5=0 res6=0 res7=0 res8=0 Garden=3 PowerStation=1 Road=6 House=1 Hothouse=1 | nw=1458176.1385
  s=  192 a= 31(BUILD:AirStation) r= -5.9257 cum=   -103.76 v= -0.3520 top5=[a5=0.042, a32=0.033, a21=0.033, a6=0.031, a26=0.031] [BUILD FAILED: AirStation money=2786 free=28]
    OBS: year=0 month=9 season=2 money=2786 credit=142906 people=28 busy=0 free=28 home_places=110 need_workers=11 tax_due=0 main_tax_due=0 tax_amount=7662 main_tax_amount=0 days_alive=205 stage=0 res0=0 res1=200 res2=0 res3=0 res4=0 res5=0 res6=0 res7=0 res8=0 Garden=3 PowerStation=1 Road=6 House=1 Hothouse=1 | nw=1457875.7100
  s=  193 a=  5(BUILD:House) r= -0.9526 cum=   -104.71 v= -0.3446 top5=[a5=0.042, a32=0.034, a21=0.033, a26=0.031, a6=0.031] [BUILD: House]
    OBS: year=0 month=9 season=2 money=2786 credit=143191 people=28 busy=0 free=28 home_places=110 need_workers=11 tax_due=0 main_tax_due=0 tax_amount=7662 main_tax_amount=0 days_alive=206 stage=0 res0=0 res1=200 res2=0 res3=0 res4=0 res5=0 res6=0 res7=0 res8=0 Garden=3 PowerStation=1 Road=6 House=1 Hothouse=1 | nw=1457572.9452
  s=  194 a= 22(BUILD:Apiary) r= -0.9537 cum=   -105.67 v= -0.3429 top5=[a5=0.042, a32=0.034, a21=0.033, a26=0.031, a6=0.031] [BUILD: Apiary]
    OBS: year=0 month=9 season=2 money=2786 credit=143477 people=28 busy=0 free=28 home_places=110 need_workers=11 tax_due=0 main_tax_due=0 tax_amount=7662 main_tax_amount=0 days_alive=207 stage=0 res0=0 res1=200 res2=0 res3=0 res4=0 res5=0 res6=0 res7=0 res8=0 Garden=3 PowerStation=1 Road=6 House=1 Hothouse=1 | nw=1457271.0794
  s=  195 a= 24(BUILD:Hothouse) r= -0.9574 cum=   -106.62 v= -0.3412 top5=[a5=0.042, a32=0.034, a21=0.033, a26=0.031, a6=0.031] [BUILD: Hothouse]
    OBS: year=0 month=9 season=2 money=2786 credit=143763 people=28 busy=0 free=28 home_places=110 need_workers=11 tax_due=0 main_tax_due=0 tax_amount=7662 main_tax_amount=0 days_alive=208 stage=0 res0=0 res1=200 res2=0 res3=0 res4=0 res5=0 res6=0 res7=0 res8=0 Garden=3 PowerStation=1 Road=6 House=1 Hothouse=1 | nw=1456965.6831
  s=  196 a= 13(BUILD:HydroStation) r= -0.9585 cum=   -107.58 v= -0.3394 top5=[a5=0.042, a32=0.034, a21=0.033, a26=0.031, a6=0.031] [BUILD: HydroStation]
    OBS: year=0 month=9 season=2 money=2786 credit=144050 people=28 busy=0 free=28 home_places=110 need_workers=11 tax_due=0 main_tax_due=0 tax_amount=7662 main_tax_amount=0 days_alive=209 stage=0 res0=0 res1=200 res2=0 res3=0 res4=0 res5=0 res6=0 res7=0 res8=0 Garden=3 PowerStation=1 Road=6 House=1 Hothouse=1 | nw=1456661.3556
  s=  197 a= 22(BUILD:Apiary) r= -0.9593 cum=   -108.54 v= -0.3382 top5=[a5=0.041, a32=0.034, a21=0.033, a26=0.031, a9=0.031] [BUILD: Apiary]
    OBS: year=0 month=9 season=2 money=2786 credit=144338 people=28 busy=0 free=28 home_places=110 need_workers=11 tax_due=0 main_tax_due=0 tax_amount=7662 main_tax_amount=0 days_alive=210 stage=0 res0=0 res1=200 res2=0 res3=0 res4=0 res5=0 res6=0 res7=0 res8=0 Garden=3 PowerStation=1 Road=6 House=1 Hothouse=1 | nw=1456358.3643
  s=  198 a= 25(BUILD:SuperHouse) r= -0.9613 cum=   -109.50 v= -0.3377 top5=[a5=0.041, a32=0.034, a21=0.033, a26=0.031, a9=0.031] [BUILD: SuperHouse]
    OBS: year=0 month=9 season=2 money=2786 credit=144626 people=28 busy=0 free=28 home_places=110 need_workers=11 tax_due=0 main_tax_due=0 tax_amount=7662 main_tax_amount=0 days_alive=211 stage=0 res0=0 res1=200 res2=0 res3=0 res4=0 res5=0 res6=0 res7=0 res8=0 Garden=3 PowerStation=1 Road=6 House=1 Hothouse=1 | nw=1456054.9358
  s=  199 a= 28(BUILD:BigRefinary) r= -0.9635 cum=   -110.47 v= -0.3383 top5=[a5=0.041, a32=0.034, a21=0.033, a26=0.032, a9=0.031] [BUILD: BigRefinary]
    OBS: year=0 month=9 season=2 money=2786 credit=144915 people=28 busy=0 free=28 home_places=110 need_workers=11 tax_due=0 main_tax_due=0 tax_amount=7662 main_tax_amount=0 days_alive=212 stage=0 res0=0 res1=200 res2=0 res3=0 res4=0 res5=0 res6=0 res7=0 res8=0 Garden=3 PowerStation=1 Road=6 House=1 Hothouse=1 | nw=1455750.5073
  s=  200 a= 40(MANAGER:6) r= -0.9655 cum=   -111.43 v= -0.3389 top5=[a5=0.041, a32=0.034, a21=0.033, a26=0.032, a9=0.031]
    OBS: year=0 month=9 season=2 money=2786 credit=145204 people=28 busy=0 free=28 home_places=110 need_workers=11 tax_due=0 main_tax_due=0 tax_amount=7662 main_tax_amount=0 days_alive=213 stage=0 res0=0 res1=200 res2=0 res3=0 res4=0 res5=0 res6=0 res7=0 res8=0 Garden=3 PowerStation=1 Road=6 House=1 Hothouse=1 | nw=1455445.5432
  s=  201 a= 22(BUILD:Apiary) r= -0.9677 cum=   -112.40 v= -0.3388 top5=[a5=0.041, a32=0.035, a21=0.033, a26=0.032, a9=0.031] [BUILD: Apiary]
    OBS: year=0 month=10 season=2 money=2786 credit=145494 people=28 busy=0 free=28 home_places=110 need_workers=11 tax_due=0 main_tax_due=0 tax_amount=7662 main_tax_amount=0 days_alive=214 stage=0 res0=0 res1=200 res2=0 res3=0 res4=0 res5=0 res6=0 res7=0 res8=0 Garden=3 PowerStation=1 Road=6 House=1 Hothouse=1 | nw=1455139.6774
  s=  202 a= 33(BUILD:AtomStation) r= -0.9697 cum=   -113.37 v= -0.4131 top5=[a5=0.042, a32=0.034, a40=0.033, a6=0.032, a21=0.031] [BUILD: AtomStation]
    OBS: year=0 month=10 season=2 money=2786 credit=145784 people=28 busy=0 free=28 home_places=110 need_workers=11 tax_due=0 main_tax_due=0 tax_amount=7662 main_tax_amount=0 days_alive=215 stage=0 res0=0 res1=200 res2=0 res3=0 res4=0 res5=0 res6=0 res7=0 res8=0 Garden=3 PowerStation=1 Road=6 House=1 Hothouse=1 | nw=1454833.3744
  s=  203 a= 21(BUILD:BigFarm) r= -0.9703 cum=   -114.34 v= -0.4077 top5=[a5=0.042, a32=0.034, a40=0.033, a6=0.032, a21=0.031] [BUILD: BigFarm]
    OBS: year=0 month=10 season=2 money=2786 credit=146075 people=28 busy=0 free=28 home_places=110 need_workers=11 tax_due=0 main_tax_due=0 tax_amount=7662 main_tax_amount=0 days_alive=216 stage=0 res0=0 res1=200 res2=0 res3=0 res4=0 res5=0 res6=0 res7=0 res8=0 Garden=3 PowerStation=1 Road=6 House=1 Hothouse=1 | nw=1454528.8449
  s=  204 a=  5(BUILD:House) r= -0.9737 cum=   -115.31 v= -0.4027 top5=[a5=0.042, a32=0.034, a40=0.033, a6=0.032, a21=0.031] [BUILD: House]
    OBS: year=0 month=10 season=2 money=2786 credit=146367 people=28 busy=0 free=28 home_places=110 need_workers=11 tax_due=0 main_tax_due=0 tax_amount=7662 main_tax_amount=0 days_alive=217 stage=0 res0=0 res1=200 res2=0 res3=0 res4=0 res5=0 res6=0 res7=0 res8=0 Garden=3 PowerStation=1 Road=6 House=1 Hothouse=1 | nw=1454221.4164
  s=  205 a= 44(MANAGER:10) r= -0.0837 cum=   -115.40 v= -0.3984 top5=[a5=0.041, a32=0.034, a40=0.032, a6=0.032, a21=0.031]
    OBS: year=0 month=10 season=2 money=2786 credit=146659 people=28 busy=0 free=28 home_places=110 need_workers=11 tax_due=0 main_tax_due=0 tax_amount=7662 main_tax_amount=0 days_alive=218 stage=0 res0=0 res1=200 res2=0 res3=0 res4=0 res5=0 res6=0 res7=0 res8=0 Garden=3 PowerStation=1 Road=6 House=1 Hothouse=1 | nw=1453913.9879
  s=  206 a= 29(BUILD:Puerperal) r= -0.9778 cum=   -116.37 v= -0.3941 top5=[a5=0.041, a32=0.034, a40=0.032, a6=0.032, a21=0.031] [BUILD: Puerperal]
    OBS: year=0 month=10 season=2 money=2786 credit=146952 people=28 busy=0 free=28 home_places=110 need_workers=11 tax_due=0 main_tax_due=0 tax_amount=7662 main_tax_amount=0 days_alive=219 stage=0 res0=0 res1=200 res2=0 res3=0 res4=0 res5=0 res6=0 res7=0 res8=0 Garden=3 PowerStation=1 Road=6 House=1 Hothouse=1 | nw=1453605.1221
  s=  207 a=  7(BUILD:Sawmill) r= -0.9790 cum=   -117.35 v= -0.3902 top5=[a5=0.041, a32=0.034, a40=0.032, a6=0.032, a21=0.031] [BUILD: Sawmill]
    OBS: year=0 month=10 season=2 money=2786 credit=147245 people=28 busy=0 free=28 home_places=110 need_workers=11 tax_due=0 main_tax_due=0 tax_amount=7662 main_tax_amount=0 days_alive=220 stage=0 res0=0 res1=200 res2=0 res3=0 res4=0 res5=0 res6=0 res7=0 res8=0 Garden=3 PowerStation=1 Road=6 House=1 Hothouse=1 | nw=1453297.1309
  s=  208 a=  4(BUILD:Garden) r= -0.5802 cum=   -117.93 v= -0.3871 top5=[a5=0.041, a32=0.034, a40=0.032, a6=0.031, a21=0.031] [BUILD: Garden]
    OBS: year=0 month=10 season=2 money=2786 credit=147539 people=28 busy=0 free=28 home_places=110 need_workers=11 tax_due=0 main_tax_due=0 tax_amount=7662 main_tax_amount=0 days_alive=221 stage=0 res0=0 res1=200 res2=0 res3=0 res4=0 res5=0 res6=0 res7=0 res8=0 Garden=3 PowerStation=1 Road=6 House=1 Hothouse=1 | nw=1452988.1397
  s=  209 a= 33(BUILD:AtomStation) r= -0.9838 cum=   -118.92 v= -0.3833 top5=[a5=0.041, a32=0.033, a40=0.032, a21=0.031, a6=0.031] [BUILD: AtomStation]
    OBS: year=0 month=10 season=2 money=2786 credit=147834 people=28 busy=0 free=28 home_places=110 need_workers=11 tax_due=0 main_tax_due=0 tax_amount=7662 main_tax_amount=0 days_alive=222 stage=0 res0=0 res1=200 res2=0 res3=0 res4=0 res5=0 res6=0 res7=0 res8=0 Garden=3 PowerStation=1 Road=6 House=1 Hothouse=1 | nw=1452677.6128
  s=  210 a= 40(MANAGER:6) r= -0.9879 cum=   -119.90 v= -0.3794 top5=[a5=0.041, a32=0.033, a40=0.032, a21=0.032, a6=0.031]
    OBS: year=0 month=10 season=2 money=2786 credit=148129 people=28 busy=0 free=28 home_places=110 need_workers=11 tax_due=0 main_tax_due=0 tax_amount=7662 main_tax_amount=0 days_alive=223 stage=0 res0=0 res1=200 res2=0 res3=0 res4=0 res5=0 res6=0 res7=0 res8=0 Garden=3 PowerStation=1 Road=6 House=1 Hothouse=1 | nw=1452363.2165
  s=  211 a= 40(MANAGER:6) r= -0.9854 cum=   -120.89 v= -0.3754 top5=[a5=0.041, a32=0.033, a40=0.032, a21=0.032, a6=0.031]
    OBS: year=0 month=10 season=2 money=2786 credit=148425 people=28 busy=0 free=28 home_places=110 need_workers=11 tax_due=0 main_tax_due=0 tax_amount=7662 main_tax_amount=0 days_alive=224 stage=0 res0=0 res1=200 res2=0 res3=0 res4=0 res5=0 res6=0 res7=0 res8=0 Garden=3 PowerStation=1 Road=6 House=1 Hothouse=1 | nw=1452055.7558
  s=  212 a=  8(BUILD:Coalmine) r= -0.9895 cum=   -121.88 v= -0.3707 top5=[a5=0.041, a32=0.033, a21=0.032, a40=0.032, a6=0.031] [BUILD: Coalmine]
    OBS: year=0 month=10 season=2 money=2786 credit=148721 people=28 busy=0 free=28 home_places=110 need_workers=11 tax_due=0 main_tax_due=0 tax_amount=7662 main_tax_amount=0 days_alive=225 stage=0 res0=0 res1=200 res2=0 res3=0 res4=0 res5=0 res6=0 res7=0 res8=0 Garden=3 PowerStation=1 Road=6 House=1 Hothouse=1 | nw=1451744.3273
  s=  213 a= 16(BUILD:CoalCut) r= -0.9915 cum=   -122.87 v= -0.3653 top5=[a5=0.040, a32=0.033, a21=0.032, a40=0.031, a6=0.031] [BUILD: CoalCut]
    OBS: year=0 month=10 season=2 money=2786 credit=149018 people=28 busy=0 free=28 home_places=110 need_workers=11 tax_due=0 main_tax_due=0 tax_amount=7662 main_tax_amount=0 days_alive=226 stage=0 res0=0 res1=200 res2=0 res3=0 res4=0 res5=0 res6=0 res7=0 res8=0 Garden=3 PowerStation=1 Road=6 House=1 Hothouse=1 | nw=1451432.3360
  s=  214 a=  6(BUILD:SmallHouse) r= -0.9947 cum=   -123.87 v= -0.3586 top5=[a5=0.040, a32=0.033, a21=0.032, a40=0.031, a6=0.031] [BUILD: SmallHouse]
    OBS: year=0 month=10 season=2 money=2786 credit=149316 people=28 busy=0 free=28 home_places=110 need_workers=11 tax_due=0 main_tax_due=0 tax_amount=7662 main_tax_amount=0 days_alive=227 stage=0 res0=0 res1=200 res2=0 res3=0 res4=0 res5=0 res6=0 res7=0 res8=0 Garden=3 PowerStation=1 Road=6 House=1 Hothouse=1 | nw=1451117.9346
  s=  215 a=  8(BUILD:Coalmine) r= -0.9958 cum=   -124.86 v= -0.3524 top5=[a5=0.040, a32=0.033, a21=0.032, a40=0.031, a6=0.031] [BUILD: Coalmine]
    OBS: year=0 month=10 season=2 money=2786 credit=149614 people=28 busy=0 free=28 home_places=110 need_workers=11 tax_due=0 main_tax_due=0 tax_amount=7662 main_tax_amount=0 days_alive=228 stage=0 res0=0 res1=200 res2=0 res3=0 res4=0 res5=0 res6=0 res7=0 res8=0 Garden=3 PowerStation=1 Road=6 House=1 Hothouse=1 | nw=1450804.5061
  s=  216 a=  3(BUILD:Farm) r= -0.9960 cum=   -125.86 v= -0.3464 top5=[a5=0.040, a32=0.033, a21=0.032, a40=0.031, a6=0.031] [BUILD: Farm]
    OBS: year=0 month=10 season=2 money=2786 credit=149913 people=28 busy=0 free=28 home_places=110 need_workers=11 tax_due=0 main_tax_due=0 tax_amount=7662 main_tax_amount=0 days_alive=229 stage=0 res0=0 res1=200 res2=0 res3=0 res4=0 res5=0 res6=0 res7=0 res8=0 Garden=3 PowerStation=1 Road=6 House=1 Hothouse=1 | nw=1450493.6081
  s=  217 a=  6(BUILD:SmallHouse) r= -0.9999 cum=   -126.86 v= -0.3412 top5=[a5=0.040, a32=0.033, a21=0.032, a40=0.031, a6=0.031] [BUILD: SmallHouse]
    OBS: year=0 month=10 season=2 money=2786 credit=150212 people=28 busy=0 free=28 home_places=110 need_workers=11 tax_due=0 main_tax_due=0 tax_amount=7662 main_tax_amount=0 days_alive=230 stage=0 res0=0 res1=200 res2=0 res3=0 res4=0 res5=0 res6=0 res7=0 res8=0 Garden=3 PowerStation=1 Road=6 House=1 Hothouse=1 | nw=1450179.1796
  s=  218 a=  5(BUILD:House) r= -1.0033 cum=   -127.86 v= -0.3357 top5=[a5=0.040, a32=0.033, a21=0.032, a40=0.031, a6=0.031] [BUILD FAILED: House money=2786 free=28]
    OBS: year=0 month=10 season=2 money=2786 credit=150512 people=28 busy=0 free=28 home_places=110 need_workers=11 tax_due=0 main_tax_due=0 tax_amount=7662 main_tax_amount=0 days_alive=231 stage=0 res0=0 res1=200 res2=0 res3=0 res4=0 res5=0 res6=0 res7=0 res8=0 Garden=3 PowerStation=1 Road=6 House=1 Hothouse=1 | nw=1449861.8521
  s=  219 a= 40(MANAGER:6) r= -1.0045 cum=   -128.87 v= -0.3303 top5=[a5=0.040, a32=0.033, a21=0.032, a6=0.031, a40=0.031]
    OBS: year=0 month=10 season=2 money=2786 credit=150813 people=28 busy=0 free=28 home_places=110 need_workers=11 tax_due=0 main_tax_due=0 tax_amount=7662 main_tax_amount=0 days_alive=232 stage=0 res0=0 res1=200 res2=0 res3=0 res4=0 res5=0 res6=0 res7=0 res8=0 Garden=3 PowerStation=1 Road=6 House=1 Hothouse=1 | nw=1449545.4235
  s=  220 a=  5(BUILD:House) r= -1.0059 cum=   -129.87 v= -0.3255 top5=[a5=0.040, a32=0.033, a21=0.032, a6=0.031, a40=0.030] [BUILD FAILED: House money=2786 free=28]
    OBS: year=0 month=10 season=2 money=2786 credit=151114 people=28 busy=0 free=28 home_places=110 need_workers=11 tax_due=0 main_tax_due=0 tax_amount=7662 main_tax_amount=0 days_alive=233 stage=0 res0=0 res1=200 res2=0 res3=0 res4=0 res5=0 res6=0 res7=0 res8=0 Garden=3 PowerStation=1 Road=6 House=1 Hothouse=1 | nw=1449229.5307
  s=  221 a= 14(BUILD:Road) r= -1.0089 cum=   -130.88 v= -0.3216 top5=[a5=0.040, a32=0.033, a21=0.032, a6=0.031, a26=0.030] [BUILD FAILED: Road money=2786 free=28]
    OBS: year=0 month=10 season=2 money=2786 credit=151416 people=28 busy=0 free=28 home_places=110 need_workers=11 tax_due=0 main_tax_due=0 tax_amount=7662 main_tax_amount=0 days_alive=234 stage=0 res0=0 res1=200 res2=0 res3=0 res4=0 res5=0 res6=0 res7=0 res8=0 Garden=3 PowerStation=1 Road=6 House=1 Hothouse=1 | nw=1448911.5665
  s=  222 a=  1(WEEK) r= -4.3500 cum=   -135.23 v= -0.3193 top5=[a5=0.040, a32=0.033, a21=0.032, a26=0.031, a6=0.031]
    OBS: year=0 month=10 season=2 money=2786 credit=153545 people=28 busy=0 free=28 home_places=110 need_workers=11 tax_due=0 main_tax_due=0 tax_amount=7662 main_tax_amount=0 days_alive=241 stage=0 res0=0 res1=200 res2=0 res3=0 res4=0 res5=0 res6=0 res7=0 res8=0 Garden=3 PowerStation=1 Road=6 House=1 Hothouse=1 | nw=1446669.4103
  s=  223 a= 18(BUILD:CowFarm) r= -1.0174 cum=   -136.25 v= -0.3247 top5=[a5=0.040, a32=0.034, a21=0.032, a26=0.031, a6=0.031] [BUILD FAILED: CowFarm money=2786 free=28]
    OBS: year=0 month=10 season=2 money=2786 credit=153852 people=28 busy=0 free=28 home_places=110 need_workers=11 tax_due=0 main_tax_due=0 tax_amount=7662 main_tax_amount=0 days_alive=242 stage=0 res0=0 res1=200 res2=0 res3=0 res4=0 res5=0 res6=0 res7=0 res8=0 Garden=3 PowerStation=1 Road=6 House=1 Hothouse=1 | nw=1446346.1073
  s=  224 a= 20(BUILD:BigHouse) r= -1.0183 cum=   -137.27 v= -0.3243 top5=[a5=0.040, a32=0.034, a21=0.032, a26=0.031, a9=0.031] [BUILD FAILED: BigHouse money=2786 free=28]
    OBS: year=0 month=10 season=2 money=2786 credit=154159 people=28 busy=0 free=28 home_places=110 need_workers=11 tax_due=0 main_tax_due=0 tax_amount=7662 main_tax_amount=0 days_alive=243 stage=0 res0=0 res1=200 res2=0 res3=0 res4=0 res5=0 res6=0 res7=0 res8=0 Garden=3 PowerStation=1 Road=6 House=1 Hothouse=1 | nw=1446024.1161
  s=  225 a= 32(BUILD:SmallAtomStation) r= -1.0216 cum=   -138.29 v= -0.3238 top5=[a5=0.040, a32=0.034, a21=0.032, a26=0.031, a9=0.031] [BUILD FAILED: SmallAtomStation money=2786 free=28]
    OBS: year=0 month=10 season=2 money=2786 credit=154467 people=28 busy=0 free=28 home_places=110 need_workers=11 tax_due=0 main_tax_due=0 tax_amount=7662 main_tax_amount=0 days_alive=244 stage=0 res0=0 res1=200 res2=0 res3=0 res4=0 res5=0 res6=0 res7=0 res8=0 Garden=3 PowerStation=1 Road=6 House=1 Hothouse=1 | nw=1445699.7146
  s=  226 a=  6(BUILD:SmallHouse) r= -1.0230 cum=   -139.31 v= -0.3235 top5=[a5=0.040, a32=0.034, a21=0.032, a26=0.031, a9=0.031] [BUILD FAILED: SmallHouse money=2786 free=28]
    OBS: year=0 month=11 season=2 money=2786 credit=154775 people=28 busy=0 free=28 home_places=110 need_workers=11 tax_due=0 main_tax_due=0 tax_amount=7662 main_tax_amount=0 days_alive=245 stage=0 res0=0 res1=200 res2=0 res3=0 res4=0 res5=0 res6=0 res7=0 res8=0 Garden=3 PowerStation=1 Road=6 House=1 Hothouse=1 | nw=1445375.8489
  s=  227 a= 42(MANAGER:8) r= -1.0251 cum=   -140.34 v= -0.4119 top5=[a5=0.041, a32=0.033, a40=0.032, a6=0.032, a21=0.031]
    OBS: year=0 month=11 season=2 money=2786 credit=155084 people=28 busy=0 free=28 home_places=110 need_workers=11 tax_due=0 main_tax_due=0 tax_amount=7662 main_tax_amount=0 days_alive=246 stage=0 res0=0 res1=200 res2=0 res3=0 res4=0 res5=0 res6=0 res7=0 res8=0 Garden=3 PowerStation=1 Road=6 House=1 Hothouse=1 | nw=1445051.4204
  s=  228 a= 24(BUILD:Hothouse) r= -1.0277 cum=   -141.36 v= -0.4070 top5=[a5=0.041, a32=0.033, a40=0.032, a6=0.032, a21=0.031] [BUILD FAILED: Hothouse money=2786 free=28]
    OBS: year=0 month=11 season=2 money=2786 credit=155394 people=28 busy=0 free=28 home_places=110 need_workers=11 tax_due=0 main_tax_due=0 tax_amount=7662 main_tax_amount=0 days_alive=247 stage=0 res0=0 res1=200 res2=0 res3=0 res4=0 res5=0 res6=0 res7=0 res8=0 Garden=3 PowerStation=1 Road=6 House=1 Hothouse=1 | nw=1444725.5546
  s=  229 a= 20(BUILD:BigHouse) r= -1.0292 cum=   -142.39 v= -0.4028 top5=[a5=0.041, a32=0.033, a6=0.032, a40=0.032, a21=0.031] [BUILD FAILED: BigHouse money=2786 free=28]
    OBS: year=0 month=11 season=2 money=2786 credit=155704 people=28 busy=0 free=28 home_places=110 need_workers=11 tax_due=0 main_tax_due=0 tax_amount=7662 main_tax_amount=0 days_alive=248 stage=0 res0=0 res1=200 res2=0 res3=0 res4=0 res5=0 res6=0 res7=0 res8=0 Garden=3 PowerStation=1 Road=6 House=1 Hothouse=1 | nw=1444400.1261
  s=  230 a=  6(BUILD:SmallHouse) r= -1.0318 cum=   -143.42 v= -0.3985 top5=[a5=0.040, a32=0.033, a6=0.032, a40=0.032, a21=0.031] [BUILD FAILED: SmallHouse money=2786 free=28]
    OBS: year=0 month=11 season=2 money=2786 credit=156015 people=28 busy=0 free=28 home_places=110 need_workers=11 tax_due=0 main_tax_due=0 tax_amount=7662 main_tax_amount=0 days_alive=249 stage=0 res0=0 res1=200 res2=0 res3=0 res4=0 res5=0 res6=0 res7=0 res8=0 Garden=3 PowerStation=1 Road=6 House=1 Hothouse=1 | nw=1444073.2603
  s=  231 a=  9(BUILD:Ironmine) r= -1.0340 cum=   -144.46 v= -0.3940 top5=[a5=0.040, a32=0.033, a6=0.032, a40=0.032, a21=0.031] [BUILD FAILED: Ironmine money=2786 free=28]
    OBS: year=0 month=11 season=2 money=2786 credit=156327 people=28 busy=0 free=28 home_places=110 need_workers=11 tax_due=0 main_tax_due=0 tax_amount=7662 main_tax_amount=0 days_alive=250 stage=0 res0=0 res1=200 res2=0 res3=0 res4=0 res5=0 res6=0 res7=0 res8=0 Garden=3 PowerStation=1 Road=6 House=1 Hothouse=1 | nw=1443745.8318
  s=  232 a= 21(BUILD:BigFarm) r= -1.0361 cum=   -145.49 v= -0.3895 top5=[a5=0.040, a32=0.033, a40=0.032, a6=0.032, a21=0.031] [BUILD FAILED: BigFarm money=2786 free=28]
    OBS: year=0 month=11 season=2 money=2786 credit=156639 people=28 busy=0 free=28 home_places=110 need_workers=11 tax_due=0 main_tax_due=0 tax_amount=7662 main_tax_amount=0 days_alive=251 stage=0 res0=0 res1=200 res2=0 res3=0 res4=0 res5=0 res6=0 res7=0 res8=0 Garden=3 PowerStation=1 Road=6 House=1 Hothouse=1 | nw=1443417.8677
  s=  233 a= 23(BUILD:Torchlight) r= -1.0384 cum=   -146.53 v= -0.3856 top5=[a5=0.040, a32=0.033, a6=0.032, a40=0.032, a21=0.031] [BUILD FAILED: Torchlight money=2786 free=28]
    OBS: year=0 month=11 season=2 money=2786 credit=156952 people=28 busy=0 free=28 home_places=110 need_workers=11 tax_due=0 main_tax_due=0 tax_amount=7662 main_tax_amount=0 days_alive=252 stage=0 res0=0 res1=200 res2=0 res3=0 res4=0 res5=0 res6=0 res7=0 res8=0 Garden=3 PowerStation=1 Road=6 House=1 Hothouse=1 | nw=1443089.0019
  s=  234 a=  1(WEEK) r= -4.5456 cum=   -151.08 v= -0.3813 top5=[a5=0.040, a32=0.033, a6=0.032, a40=0.032, a21=0.031]
    OBS: year=0 month=11 season=2 money=2786 credit=159159 people=28 busy=0 free=28 home_places=110 need_workers=11 tax_due=0 main_tax_due=0 tax_amount=7662 main_tax_amount=0 days_alive=259 stage=0 res0=0 res1=200 res2=0 res3=0 res4=0 res5=0 res6=0 res7=0 res8=0 Garden=3 PowerStation=1 Road=6 House=1 Hothouse=1 | nw=1440763.8805
  s=  235 a= 37(MANAGER:3) r= -6.0448 cum=   -157.12 v= -0.3466 top5=[a5=0.039, a32=0.033, a21=0.032, a40=0.031, a6=0.031]
    OBS: year=0 month=11 season=2 money=4445 credit=159477 people=28 busy=0 free=28 home_places=110 need_workers=11 tax_due=0 main_tax_due=0 tax_amount=7242 main_tax_amount=0 days_alive=260 stage=0 res0=0 res1=200 res2=0 res3=0 res4=0 res5=0 res6=0 res7=0 res8=0 Garden=3 PowerStation=1 Road=6 House=1 | nw=1425773.4024
  s=  236 a= 19(BUILD:Mushroom) r= -1.0379 cum=   -158.16 v= -0.4237 top5=[a5=0.037, a31=0.031, a6=0.031, a21=0.031, a27=0.030] [BUILD FAILED: Mushroom money=4445 free=28]
    OBS: year=0 month=11 season=2 money=4445 credit=159795 people=28 busy=0 free=28 home_places=110 need_workers=11 tax_due=0 main_tax_due=0 tax_amount=7242 main_tax_amount=0 days_alive=261 stage=0 res0=0 res1=200 res2=0 res3=0 res4=0 res5=0 res6=0 res7=0 res8=0 Garden=3 PowerStation=1 Road=6 House=1 | nw=1425443.2363
  s=  237 a= 42(MANAGER:8) r= -1.0400 cum=   -159.20 v= -0.4202 top5=[a5=0.037, a31=0.031, a21=0.031, a6=0.031, a27=0.030]
    OBS: year=0 month=11 season=2 money=4445 credit=160114 people=28 busy=0 free=28 home_places=110 need_workers=11 tax_due=0 main_tax_due=0 tax_amount=7242 main_tax_amount=0 days_alive=262 stage=0 res0=0 res1=200 res2=0 res3=0 res4=0 res5=0 res6=0 res7=0 res8=0 Garden=3 PowerStation=1 Road=6 House=1 | nw=1425112.6059
  s=  238 a= 21(BUILD:BigFarm) r= -1.0426 cum=   -160.24 v= -0.4161 top5=[a5=0.037, a21=0.031, a31=0.031, a6=0.031, a27=0.030] [BUILD FAILED: BigFarm money=4445 free=28]
    OBS: year=0 month=11 season=2 money=4445 credit=160434 people=28 busy=0 free=28 home_places=110 need_workers=11 tax_due=0 main_tax_due=0 tax_amount=7242 main_tax_amount=0 days_alive=263 stage=0 res0=0 res1=200 res2=0 res3=0 res4=0 res5=0 res6=0 res7=0 res8=0 Garden=3 PowerStation=1 Road=6 House=1 | nw=1424780.5382
  s=  239 a=  4(BUILD:Garden) r= -1.0447 cum=   -161.29 v= -0.4115 top5=[a5=0.036, a21=0.031, a31=0.031, a6=0.031, a27=0.030] [BUILD FAILED: Garden money=4445 free=28]
    OBS: year=0 month=11 season=2 money=4445 credit=160754 people=28 busy=0 free=28 home_places=110 need_workers=11 tax_due=0 main_tax_due=0 tax_amount=7242 main_tax_amount=0 days_alive=264 stage=0 res0=0 res1=200 res2=0 res3=0 res4=0 res5=0 res6=0 res7=0 res8=0 Garden=3 PowerStation=1 Road=6 House=1 | nw=1424447.9348
  s=  240 a=  6(BUILD:SmallHouse) r= -1.0468 cum=   -162.33 v= -0.4081 top5=[a5=0.036, a21=0.031, a31=0.031, a6=0.031, a27=0.030] [BUILD FAILED: SmallHouse money=4445 free=28]
    OBS: year=0 month=11 season=2 money=4445 credit=161075 people=28 busy=0 free=28 home_places=110 need_workers=11 tax_due=0 main_tax_due=0 tax_amount=7242 main_tax_amount=0 days_alive=265 stage=0 res0=0 res1=200 res2=0 res3=0 res4=0 res5=0 res6=0 res7=0 res8=0 Garden=3 PowerStation=1 Road=6 House=1 | nw=1424114.8671
  s=  241 a=  0(DAY) r= -6.0262 cum=   -168.36 v= -0.4060 top5=[a5=0.036, a21=0.031, a31=0.031, a6=0.031, a27=0.030]
    OBS: year=0 month=11 season=2 money=4445 credit=161397 people=28 busy=0 free=28 home_places=110 need_workers=11 tax_due=0 main_tax_due=0 tax_amount=7242 main_tax_amount=0 days_alive=266 stage=0 res0=0 res1=200 res2=0 res3=0 res4=0 res5=0 res6=0 res7=0 res8=0 Garden=3 PowerStation=1 Road=6 House=1 | nw=1423781.6740
  s=  242 a= 37(MANAGER:3) r= -4.4531 cum=   -172.81 v= -0.4048 top5=[a5=0.036, a21=0.032, a31=0.031, a6=0.031, a27=0.030]
    OBS: year=0 month=11 season=2 money=5209 credit=161719 people=28 busy=0 free=28 home_places=110 need_workers=9 tax_due=0 main_tax_due=0 tax_amount=6822 main_tax_amount=0 days_alive=267 stage=0 res0=0 res1=200 res2=0 res3=0 res4=0 res5=0 res6=0 res7=0 res8=0 Garden=2 PowerStation=1 Road=6 House=1 | nw=1416750.0129
  s=  243 a= 21(BUILD:BigFarm) r= -1.0411 cum=   -173.86 v= -0.3600 top5=[a5=0.034, a31=0.031, a6=0.031, a21=0.029, a27=0.029] [BUILD FAILED: BigFarm money=5209 free=28]
    OBS: year=0 month=11 season=2 money=5209 credit=162042 people=28 busy=0 free=28 home_places=110 need_workers=9 tax_due=0 main_tax_due=0 tax_amount=6822 main_tax_amount=0 days_alive=268 stage=0 res0=0 res1=200 res2=0 res3=0 res4=0 res5=0 res6=0 res7=0 res8=0 Garden=2 PowerStation=1 Road=6 House=1 | nw=1416415.8197
  s=  244 a=  5(BUILD:House) r= -1.0432 cum=   -174.90 v= -0.3580 top5=[a5=0.034, a31=0.031, a6=0.030, a21=0.029, a27=0.029] [BUILD FAILED: House money=5209 free=28]
    OBS: year=0 month=11 season=2 money=5209 credit=162366 people=28 busy=0 free=28 home_places=110 need_workers=9 tax_due=0 main_tax_due=0 tax_amount=6822 main_tax_amount=0 days_alive=269 stage=0 res0=0 res1=200 res2=0 res3=0 res4=0 res5=0 res6=0 res7=0 res8=0 Garden=2 PowerStation=1 Road=6 House=1 | nw=1416081.0638
  s=  245 a=  3(BUILD:Farm) r= -1.0450 cum=   -175.94 v= -0.3561 top5=[a5=0.034, a31=0.031, a6=0.030, a21=0.029, a27=0.029] [BUILD FAILED: Farm money=5209 free=28]
    OBS: year=0 month=11 season=2 money=5209 credit=162690 people=28 busy=0 free=28 home_places=110 need_workers=9 tax_due=0 main_tax_due=0 tax_amount=6822 main_tax_amount=0 days_alive=270 stage=0 res0=0 res1=200 res2=0 res3=0 res4=0 res5=0 res6=0 res7=0 res8=0 Garden=2 PowerStation=1 Road=6 House=1 | nw=1415746.3079
  s=  246 a=  6(BUILD:SmallHouse) r= -0.4495 cum=   -176.39 v= -0.3542 top5=[a5=0.034, a31=0.031, a6=0.030, a21=0.029, a27=0.029] [BUILD: SmallHouse]
    OBS: year=0 month=11 season=2 money=5209 credit=163015 people=29 busy=0 free=29 home_places=110 need_workers=9 tax_due=0 main_tax_due=0 tax_amount=6822 main_tax_amount=0 days_alive=271 stage=0 res0=0 res1=200 res2=0 res3=0 res4=0 res5=0 res6=0 res7=0 res8=0 Garden=2 PowerStation=1 Road=6 House=1 | nw=1415410.0164
  s=  247 a= 19(BUILD:Mushroom) r= -1.0477 cum=   -177.44 v= -0.3690 top5=[a5=0.035, a6=0.031, a31=0.031, a21=0.029, a27=0.029] [BUILD FAILED: Mushroom money=5209 free=29]
    OBS: year=0 month=11 season=2 money=5209 credit=163341 people=29 busy=0 free=29 home_places=110 need_workers=9 tax_due=0 main_tax_due=0 tax_amount=6822 main_tax_amount=0 days_alive=272 stage=0 res0=0 res1=200 res2=0 res3=0 res4=0 res5=0 res6=0 res7=0 res8=0 Garden=2 PowerStation=1 Road=6 House=1 | nw=1415076.6927
  s=  248 a= 20(BUILD:BigHouse) r= -1.0515 cum=   -178.49 v= -0.3678 top5=[a5=0.034, a6=0.031, a31=0.031, a21=0.029, a27=0.029] [BUILD FAILED: BigHouse money=5209 free=29]
    OBS: year=0 month=11 season=2 money=5209 credit=163667 people=29 busy=0 free=29 home_places=110 need_workers=9 tax_due=0 main_tax_due=0 tax_amount=6822 main_tax_amount=0 days_alive=273 stage=0 res0=0 res1=200 res2=0 res3=0 res4=0 res5=0 res6=0 res7=0 res8=0 Garden=2 PowerStation=1 Road=6 House=1 | nw=1414739.9368
  s=  249 a= 27(BUILD:WaterMill) r= -1.0560 cum=   -179.55 v= -0.3670 top5=[a5=0.034, a6=0.031, a31=0.030, a21=0.030, a27=0.028] [BUILD FAILED: WaterMill money=5209 free=29]
    OBS: year=0 month=11 season=2 money=5209 credit=163994 people=29 busy=0 free=29 home_places=110 need_workers=9 tax_due=0 main_tax_due=0 tax_amount=6822 main_tax_amount=0 days_alive=274 stage=0 res0=0 res1=200 res2=0 res3=0 res4=0 res5=0 res6=0 res7=0 res8=0 Garden=2 PowerStation=1 Road=6 House=1 | nw=1414398.7488
  s=  250 a=  8(BUILD:Coalmine) r= -1.0560 cum=   -180.60 v= -0.3673 top5=[a5=0.034, a6=0.031, a31=0.030, a21=0.030, a27=0.028] [BUILD FAILED: Coalmine money=5209 free=29]
    OBS: year=0 month=12 season=3 money=5209 credit=164321 people=29 busy=0 free=29 home_places=110 need_workers=5 tax_due=0 main_tax_due=0 tax_amount=6822 main_tax_amount=0 days_alive=275 stage=0 res0=0 res1=200 res2=0 res3=0 res4=0 res5=0 res6=0 res7=0 res8=0 Garden=2 PowerStation=1 Road=6 House=1 | nw=1414060.5556
  s=  251 a=  9(BUILD:Ironmine) r= -1.0581 cum=   -181.66 v= -0.7967 top5=[a6=0.038, a16=0.036, a21=0.032, a5=0.031, a31=0.030] [BUILD FAILED: Ironmine money=5209 free=29]
    OBS: year=0 month=12 season=3 money=5209 credit=164649 people=29 busy=0 free=29 home_places=110 need_workers=5 tax_due=0 main_tax_due=0 tax_amount=6822 main_tax_amount=0 days_alive=276 stage=0 res0=0 res1=200 res2=0 res3=0 res4=0 res5=0 res6=0 res7=0 res8=0 Garden=2 PowerStation=1 Road=6 House=1 | nw=1413721.7997
  s=  252 a=  7(BUILD:Sawmill) r= -1.0632 cum=   -182.73 v= -0.7838 top5=[a16=0.036, a6=0.034, a31=0.033, a5=0.031, a21=0.030] [BUILD FAILED: Sawmill money=5209 free=29]
    OBS: year=0 month=12 season=3 money=5209 credit=164978 people=29 busy=0 free=29 home_places=110 need_workers=5 tax_due=0 main_tax_due=0 tax_amount=6822 main_tax_amount=0 days_alive=277 stage=0 res0=0 res1=200 res2=0 res3=0 res4=0 res5=0 res6=0 res7=0 res8=0 Garden=2 PowerStation=1 Road=6 House=1 | nw=1413377.6388
  s=  253 a= 25(BUILD:SuperHouse) r= -1.0627 cum=   -183.79 v= -0.7758 top5=[a16=0.036, a6=0.033, a31=0.033, a5=0.031, a4=0.030] [BUILD FAILED: SuperHouse money=5209 free=29]
    OBS: year=0 month=12 season=3 money=5209 credit=165307 people=29 busy=0 free=29 home_places=110 need_workers=5 tax_due=0 main_tax_due=0 tax_amount=6822 main_tax_amount=0 days_alive=278 stage=0 res0=0 res1=200 res2=0 res3=0 res4=0 res5=0 res6=0 res7=0 res8=0 Garden=2 PowerStation=1 Road=6 House=1 | nw=1413037.3473
  s=  254 a= 34(MANAGER:0) r= -1.0648 cum=   -184.85 v= -0.7686 top5=[a16=0.035, a6=0.033, a31=0.033, a5=0.031, a4=0.030]
    OBS: year=0 month=12 season=3 money=5209 credit=165637 people=29 busy=0 free=29 home_places=110 need_workers=5 tax_due=0 main_tax_due=0 tax_amount=6822 main_tax_amount=0 days_alive=279 stage=0 res0=0 res1=200 res2=0 res3=0 res4=0 res5=0 res6=0 res7=0 res8=0 Garden=2 PowerStation=1 Road=6 House=1 | nw=1412696.5914
  s=  255 a=  8(BUILD:Coalmine) r= -1.0678 cum=   -185.92 v= -0.7627 top5=[a16=0.035, a6=0.033, a31=0.033, a5=0.031, a4=0.030] [BUILD FAILED: Coalmine money=5209 free=29]
    OBS: year=0 month=12 season=3 money=5209 credit=165968 people=29 busy=0 free=29 home_places=110 need_workers=5 tax_due=0 main_tax_due=0 tax_amount=6822 main_tax_amount=0 days_alive=280 stage=0 res0=0 res1=200 res2=0 res3=0 res4=0 res5=0 res6=0 res7=0 res8=0 Garden=2 PowerStation=1 Road=6 House=1 | nw=1412353.8626
  s=  256 a=  4(BUILD:Garden) r= -0.6633 cum=   -186.58 v= -0.7575 top5=[a16=0.035, a6=0.033, a31=0.032, a5=0.031, a4=0.030] [BUILD: Garden]
    OBS: year=0 month=12 season=3 money=5209 credit=166299 people=29 busy=0 free=29 home_places=110 need_workers=5 tax_due=0 main_tax_due=0 tax_amount=6822 main_tax_amount=0 days_alive=281 stage=0 res0=0 res1=200 res2=0 res3=0 res4=0 res5=0 res6=0 res7=0 res8=0 Garden=2 PowerStation=1 Road=6 House=1 | nw=1412012.2051
  s=  257 a= 11(BUILD:Goldmine) r= -1.0738 cum=   -187.66 v= -0.7516 top5=[a16=0.034, a6=0.033, a31=0.032, a5=0.031, a4=0.030] [BUILD FAILED: Goldmine money=5209 free=29]
    OBS: year=0 month=12 season=3 money=5209 credit=166631 people=29 busy=0 free=29 home_places=110 need_workers=5 tax_due=0 main_tax_due=0 tax_amount=6822 main_tax_amount=0 days_alive=282 stage=0 res0=0 res1=200 res2=0 res3=0 res4=0 res5=0 res6=0 res7=0 res8=0 Garden=2 PowerStation=1 Road=6 House=1 | nw=1411665.4814
  s=  258 a=  7(BUILD:Sawmill) r= -1.0742 cum=   -188.73 v= -0.7460 top5=[a16=0.034, a6=0.032, a31=0.032, a5=0.031, a4=0.030] [BUILD FAILED: Sawmill money=5209 free=29]
    OBS: year=0 month=12 season=3 money=5209 credit=166964 people=29 busy=0 free=29 home_places=110 need_workers=5 tax_due=0 main_tax_due=0 tax_amount=6822 main_tax_amount=0 days_alive=283 stage=0 res0=0 res1=200 res2=0 res3=0 res4=0 res5=0 res6=0 res7=0 res8=0 Garden=2 PowerStation=1 Road=6 House=1 | nw=1411321.1899
  s=  259 a= 15(BUILD:Fish) r= -1.0784 cum=   -189.81 v= -0.7394 top5=[a16=0.034, a6=0.032, a31=0.032, a5=0.031, a21=0.030] [BUILD FAILED: Fish money=5209 free=29]
    OBS: year=0 month=12 season=3 money=5209 credit=167297 people=29 busy=0 free=29 home_places=110 need_workers=5 tax_due=0 main_tax_due=0 tax_amount=6822 main_tax_amount=0 days_alive=284 stage=0 res0=0 res1=200 res2=0 res3=0 res4=0 res5=0 res6=0 res7=0 res8=0 Garden=2 PowerStation=1 Road=6 House=1 | nw=1410973.0290
  s=  260 a=  9(BUILD:Ironmine) r= -1.0784 cum=   -190.89 v= -0.7327 top5=[a16=0.034, a6=0.032, a31=0.032, a5=0.031, a21=0.030] [BUILD FAILED: Ironmine money=5209 free=29]
    OBS: year=0 month=12 season=3 money=5209 credit=167631 people=29 busy=0 free=29 home_places=110 need_workers=5 tax_due=0 main_tax_due=0 tax_amount=6822 main_tax_amount=0 days_alive=285 stage=0 res0=0 res1=200 res2=0 res3=0 res4=0 res5=0 res6=0 res7=0 res8=0 Garden=2 PowerStation=1 Road=6 House=1 | nw=1410627.8358
  s=  261 a= 17(BUILD:HuntingLand) r= -1.0806 cum=   -191.97 v= -0.7266 top5=[a16=0.033, a6=0.032, a31=0.032, a5=0.031, a21=0.030] [BUILD FAILED: HuntingLand money=5209 free=29]
    OBS: year=0 month=12 season=3 money=5209 credit=167966 people=29 busy=0 free=29 home_places=110 need_workers=5 tax_due=0 main_tax_due=0 tax_amount=6822 main_tax_amount=0 days_alive=286 stage=0 res0=0 res1=200 res2=0 res3=0 res4=0 res5=0 res6=0 res7=0 res8=0 Garden=2 PowerStation=1 Road=6 House=1 | nw=1410282.0799
  s=  262 a= 29(BUILD:Puerperal) r= -1.0824 cum=   -193.05 v= -0.7207 top5=[a16=0.033, a6=0.032, a31=0.031, a5=0.031, a21=0.030] [BUILD FAILED: Puerperal money=5209 free=29]
    OBS: year=0 month=12 season=3 money=5209 credit=168301 people=29 busy=0 free=29 home_places=110 need_workers=5 tax_due=0 main_tax_due=0 tax_amount=6822 main_tax_amount=0 days_alive=287 stage=0 res0=0 res1=200 res2=0 res3=0 res4=0 res5=0 res6=0 res7=0 res8=0 Garden=2 PowerStation=1 Road=6 House=1 | nw=1409936.3241
  s=  263 a=  0(DAY) r= -0.4793 cum=   -193.53 v= -0.7150 top5=[a16=0.033, a6=0.032, a5=0.031, a31=0.031, a21=0.030]
    OBS: year=0 month=12 season=3 money=5209 credit=168637 people=29 busy=0 free=29 home_places=110 need_workers=5 tax_due=0 main_tax_due=0 tax_amount=6822 main_tax_amount=0 days_alive=288 stage=0 res0=0 res1=200 res2=0 res3=0 res4=0 res5=0 res6=0 res7=0 res8=0 Garden=2 PowerStation=1 Road=6 House=1 | nw=1409588.6936
  s=  264 a= 32(BUILD:SmallAtomStation) r= -1.0905 cum=   -194.62 v= -0.7099 top5=[a16=0.033, a6=0.032, a5=0.031, a31=0.031, a21=0.030] [BUILD FAILED: SmallAtomStation money=5209 free=29]
    OBS: year=0 month=12 season=3 money=5209 credit=168974 people=29 busy=0 free=29 home_places=110 need_workers=5 tax_due=0 main_tax_due=0 tax_amount=6822 main_tax_amount=0 days_alive=289 stage=0 res0=0 res1=200 res2=0 res3=0 res4=0 res5=0 res6=0 res7=0 res8=0 Garden=2 PowerStation=1 Road=6 House=1 | nw=1409235.5598
  s=  265 a=  2(BUILD:WaterChannel) r= -1.0894 cum=   -195.71 v= -0.7053 top5=[a16=0.032, a5=0.031, a6=0.031, a31=0.031, a21=0.030] [BUILD FAILED: WaterChannel money=5209 free=29]
    OBS: year=0 month=12 season=3 money=5209 credit=169311 people=29 busy=0 free=29 home_places=110 need_workers=5 tax_due=0 main_tax_due=0 tax_amount=6822 main_tax_amount=0 days_alive=290 stage=0 res0=0 res1=200 res2=0 res3=0 res4=0 res5=0 res6=0 res7=0 res8=0 Garden=2 PowerStation=1 Road=6 House=1 | nw=1408887.3666
  s=  266 a= 18(BUILD:CowFarm) r= -1.0919 cum=   -196.80 v= -0.7010 top5=[a16=0.032, a5=0.032, a6=0.031, a31=0.031, a21=0.030] [BUILD FAILED: CowFarm money=5209 free=29]
    OBS: year=0 month=12 season=3 money=5209 credit=169649 people=29 busy=0 free=29 home_places=110 need_workers=5 tax_due=0 main_tax_due=0 tax_amount=6822 main_tax_amount=0 days_alive=291 stage=0 res0=0 res1=200 res2=0 res3=0 res4=0 res5=0 res6=0 res7=0 res8=0 Garden=2 PowerStation=1 Road=6 House=1 | nw=1408538.0751
  s=  267 a= 33(BUILD:AtomStation) r= -1.0943 cum=   -197.90 v= -0.6961 top5=[a16=0.032, a5=0.032, a6=0.031, a31=0.031, a21=0.030] [BUILD FAILED: AtomStation money=5209 free=29]
    OBS: year=0 month=12 season=3 money=5209 credit=169988 people=29 busy=0 free=29 home_places=110 need_workers=5 tax_due=0 main_tax_due=0 tax_amount=6822 main_tax_amount=0 days_alive=292 stage=0 res0=0 res1=200 res2=0 res3=0 res4=0 res5=0 res6=0 res7=0 res8=0 Garden=2 PowerStation=1 Road=6 House=1 | nw=1408187.8820
  s=  268 a=  4(BUILD:Garden) r= -0.6868 cum=   -198.58 v= -0.6909 top5=[a5=0.032, a16=0.031, a6=0.031, a31=0.031, a21=0.031] [BUILD: Garden]
    OBS: year=0 month=12 season=3 money=5209 credit=170327 people=29 busy=0 free=29 home_places=110 need_workers=5 tax_due=0 main_tax_due=0 tax_amount=6822 main_tax_amount=0 days_alive=293 stage=0 res0=0 res1=200 res2=0 res3=0 res4=0 res5=0 res6=0 res7=0 res8=0 Garden=2 PowerStation=1 Road=6 House=1 | nw=1407837.6888
  s=  269 a= 38(MANAGER:4) r= +1.3369 cum=   -197.25 v= -0.6853 top5=[a5=0.032, a16=0.031, a21=0.031, a6=0.031, a31=0.031]
    OBS: year=0 month=12 season=3 money=5209 credit=170667 people=29 busy=0 free=29 home_places=110 need_workers=5 tax_due=0 main_tax_due=0 tax_amount=6822 main_tax_amount=0 days_alive=294 stage=0 res0=0 res1=200 res2=0 res3=0 res4=0 res5=0 res6=0 res7=0 res8=0 Garden=2 PowerStation=1 Road=6 House=1 | nw=1407486.9329
  s=  270 a= 20(BUILD:BigHouse) r= -1.0993 cum=   -198.35 v= -0.6009 top5=[a5=0.033, a9=0.032, a16=0.031, a21=0.030, a31=0.030] [BUILD FAILED: BigHouse money=5209 free=29]
    OBS: year=0 month=12 season=3 money=5209 credit=171008 people=29 busy=0 free=29 home_places=110 need_workers=5 tax_due=0 main_tax_due=0 tax_amount=6822 main_tax_amount=0 days_alive=295 stage=0 res0=0 res1=200 res2=0 res3=0 res4=0 res5=0 res6=0 res7=0 res8=0 Garden=2 PowerStation=1 Road=6 House=1 | nw=1407135.1770
  s=  271 a= 33(BUILD:AtomStation) r= -1.1020 cum=   -199.45 v= -0.5957 top5=[a5=0.033, a9=0.032, a16=0.030, a21=0.030, a31=0.029] [BUILD FAILED: AtomStation money=5209 free=29]
    OBS: year=0 month=12 season=3 money=5209 credit=171350 people=29 busy=0 free=29 home_places=110 need_workers=5 tax_due=0 main_tax_due=0 tax_amount=6822 main_tax_amount=0 days_alive=296 stage=0 res0=0 res1=200 res2=0 res3=0 res4=0 res5=0 res6=0 res7=0 res8=0 Garden=2 PowerStation=1 Road=6 House=1 | nw=1406781.9839
  s=  272 a= 28(BUILD:BigRefinary) r= -1.1040 cum=   -200.55 v= -0.5912 top5=[a5=0.033, a9=0.032, a21=0.030, a16=0.030, a31=0.029] [BUILD FAILED: BigRefinary money=5209 free=29]
    OBS: year=0 month=12 season=3 money=5209 credit=171692 people=29 busy=0 free=29 home_places=110 need_workers=5 tax_due=0 main_tax_due=0 tax_amount=6822 main_tax_amount=0 days_alive=297 stage=0 res0=0 res1=200 res2=0 res3=0 res4=0 res5=0 res6=0 res7=0 res8=0 Garden=2 PowerStation=1 Road=6 House=1 | nw=1406428.6924
  s=  273 a= 11(BUILD:Goldmine) r= -1.1061 cum=   -201.66 v= -0.5870 top5=[a5=0.034, a9=0.032, a21=0.030, a16=0.030, a31=0.029] [BUILD FAILED: Goldmine money=5209 free=29]
    OBS: year=0 month=12 season=3 money=5209 credit=172035 people=29 busy=0 free=29 home_places=110 need_workers=5 tax_due=0 main_tax_due=0 tax_amount=6822 main_tax_amount=0 days_alive=298 stage=0 res0=0 res1=200 res2=0 res3=0 res4=0 res5=0 res6=0 res7=0 res8=0 Garden=2 PowerStation=1 Road=6 House=1 | nw=1406074.9365
  s=  274 a= 25(BUILD:SuperHouse) r= -1.1089 cum=   -202.77 v= -0.5827 top5=[a5=0.034, a9=0.032, a21=0.030, a16=0.030, a31=0.029] [BUILD FAILED: SuperHouse money=5209 free=29]
    OBS: year=0 month=12 season=3 money=5209 credit=172379 people=29 busy=0 free=29 home_places=110 need_workers=5 tax_due=0 main_tax_due=0 tax_amount=6822 main_tax_amount=0 days_alive=299 stage=0 res0=0 res1=200 res2=0 res3=0 res4=0 res5=0 res6=0 res7=0 res8=0 Garden=2 PowerStation=1 Road=6 House=1 | nw=1405719.7433
  s=  275 a= 18(BUILD:CowFarm) r= +0.1082 cum=   -202.66 v= -0.5784 top5=[a5=0.034, a9=0.032, a21=0.030, a16=0.029, a31=0.029] [BUILD: CowFarm]
    OBS: year=0 month=12 season=3 money=5209 credit=172723 people=29 busy=0 free=29 home_places=110 need_workers=5 tax_due=0 main_tax_due=0 tax_amount=6822 main_tax_amount=0 days_alive=300 stage=0 res0=0 res1=200 res2=0 res3=0 res4=0 res5=0 res6=0 res7=0 res8=0 Garden=2 PowerStation=1 Road=6 House=1 | nw=1405360.5824
  s=  276 a= 16(BUILD:CoalCut) r= -1.1129 cum=   -203.77 v= -0.5740 top5=[a5=0.034, a9=0.032, a21=0.030, a16=0.029, a31=0.029] [BUILD FAILED: CoalCut money=5209 free=29]
    OBS: year=0 month=12 season=3 money=5209 credit=173068 people=29 busy=0 free=29 home_places=110 need_workers=5 tax_due=0 main_tax_due=0 tax_amount=6822 main_tax_amount=0 days_alive=301 stage=0 res0=0 res1=200 res2=0 res3=0 res4=0 res5=0 res6=0 res7=0 res8=0 Garden=2 PowerStation=1 Road=6 House=1 | nw=1405004.3892
  s=  277 a= 43(MANAGER:9) r= -1.1154 cum=   -204.89 v= -0.5691 top5=[a5=0.034, a9=0.032, a21=0.030, a31=0.029, a16=0.029]
    OBS: year=0 month=12 season=3 money=5209 credit=173414 people=29 busy=0 free=29 home_places=110 need_workers=5 tax_due=0 main_tax_due=0 tax_amount=6822 main_tax_amount=0 days_alive=302 stage=0 res0=0 res1=200 res2=0 res3=0 res4=0 res5=0 res6=0 res7=0 res8=0 Garden=2 PowerStation=1 Road=6 House=1 | nw=1404647.1961
  s=  278 a= 40(MANAGER:6) r= -1.1201 cum=   -206.01 v= -0.5644 top5=[a5=0.034, a9=0.032, a21=0.031, a31=0.029, a16=0.028]
    OBS: year=0 month=12 season=3 money=5209 credit=173760 people=29 busy=0 free=29 home_places=110 need_workers=5 tax_due=0 main_tax_due=0 tax_amount=6822 main_tax_amount=0 days_alive=303 stage=0 res0=0 res1=200 res2=0 res3=0 res4=0 res5=0 res6=0 res7=0 res8=0 Garden=2 PowerStation=1 Road=6 House=1 | nw=1404285.4995
  s=  279 a= 30(BUILD:BigIronmine) r= -1.1199 cum=   -207.13 v= -0.5608 top5=[a5=0.034, a9=0.032, a21=0.031, a31=0.029, a6=0.028] [BUILD FAILED: BigIronmine money=5209 free=29]
    OBS: year=0 month=12 season=3 money=5209 credit=174107 people=29 busy=0 free=29 home_places=110 need_workers=5 tax_due=0 main_tax_due=0 tax_amount=6822 main_tax_amount=0 days_alive=304 stage=0 res0=0 res1=200 res2=0 res3=0 res4=0 res5=0 res6=0 res7=0 res8=0 Garden=2 PowerStation=1 Road=6 House=1 | nw=1403927.2080
  s=  280 a=  9(BUILD:Ironmine) r= -1.1220 cum=   -208.25 v= -0.5574 top5=[a5=0.034, a9=0.032, a21=0.031, a31=0.029, a6=0.028] [BUILD FAILED: Ironmine money=5209 free=29]
    OBS: year=0 month=12 season=3 money=5209 credit=174455 people=29 busy=0 free=29 home_places=110 need_workers=5 tax_due=0 main_tax_due=0 tax_amount=6822 main_tax_amount=0 days_alive=305 stage=0 res0=0 res1=200 res2=0 res3=0 res4=0 res5=0 res6=0 res7=0 res8=0 Garden=2 PowerStation=1 Road=6 House=1 | nw=1403568.5505
  s=  281 a= 42(MANAGER:8) r= -1.1266 cum=   -209.38 v= -0.5532 top5=[a5=0.034, a9=0.032, a21=0.031, a31=0.029, a6=0.028]
    OBS: year=1 month=1 season=3 money=5209 credit=174803 people=29 busy=0 free=29 home_places=110 need_workers=5 tax_due=0 main_tax_due=0 tax_amount=6822 main_tax_amount=0 days_alive=306 stage=0 res0=0 res1=200 res2=0 res3=0 res4=0 res5=0 res6=0 res7=0 res8=0 Garden=2 PowerStation=1 Road=6 House=1 | nw=1403205.3896
  s=  282 a= 33(BUILD:AtomStation) r= -1.1268 cum=   -210.50 v= -0.6419 top5=[a16=0.031, a31=0.030, a21=0.029, a5=0.029, a29=0.028] [BUILD FAILED: AtomStation money=5209 free=29]
    OBS: year=1 month=1 season=3 money=5209 credit=175152 people=29 busy=0 free=29 home_places=110 need_workers=5 tax_due=0 main_tax_due=0 tax_amount=6822 main_tax_amount=0 days_alive=307 stage=0 res0=0 res1=200 res2=0 res3=0 res4=0 res5=0 res6=0 res7=0 res8=0 Garden=2 PowerStation=1 Road=6 House=1 | nw=1402845.0980
  s=  283 a= 34(MANAGER:0) r= -1.1293 cum=   -211.63 v= -0.6413 top5=[a16=0.031, a31=0.030, a21=0.029, a5=0.029, a29=0.028]
    OBS: year=1 month=1 season=3 money=5209 credit=175502 people=29 busy=0 free=29 home_places=110 need_workers=5 tax_due=0 main_tax_due=0 tax_amount=6822 main_tax_amount=0 days_alive=308 stage=0 res0=0 res1=200 res2=0 res3=0 res4=0 res5=0 res6=0 res7=0 res8=0 Garden=2 PowerStation=1 Road=6 House=1 | nw=1402483.8065
  s=  284 a=  3(BUILD:Farm) r= -1.1342 cum=   -212.77 v= -0.6393 top5=[a16=0.030, a31=0.030, a21=0.029, a5=0.029, a29=0.028] [BUILD FAILED: Farm money=5209 free=29]
    OBS: year=1 month=1 season=3 money=5209 credit=175853 people=29 busy=0 free=29 home_places=110 need_workers=5 tax_due=0 main_tax_due=0 tax_amount=6822 main_tax_amount=0 days_alive=309 stage=0 res0=0 res1=200 res2=0 res3=0 res4=0 res5=0 res6=0 res7=0 res8=0 Garden=2 PowerStation=1 Road=6 House=1 | nw=1402117.6456
  s=  285 a=  0(DAY) r= -0.5214 cum=   -213.29 v= -0.6368 top5=[a31=0.030, a16=0.030, a21=0.029, a5=0.029, a29=0.028]
    OBS: year=1 month=1 season=3 money=5209 credit=176204 people=29 busy=0 free=29 home_places=110 need_workers=5 tax_due=0 main_tax_due=0 tax_amount=6822 main_tax_amount=0 days_alive=310 stage=0 res0=0 res1=200 res2=0 res3=0 res4=0 res5=0 res6=0 res7=0 res8=0 Garden=2 PowerStation=1 Road=6 House=1 | nw=1401750.9490
  s=  286 a= 21(BUILD:BigFarm) r= -1.1356 cum=   -214.42 v= -0.6347 top5=[a31=0.030, a16=0.030, a21=0.029, a5=0.029, a29=0.028] [BUILD FAILED: BigFarm money=5209 free=29]
    OBS: year=1 month=1 season=3 money=5209 credit=176556 people=29 busy=0 free=29 home_places=110 need_workers=5 tax_due=0 main_tax_due=0 tax_amount=6822 main_tax_amount=0 days_alive=311 stage=0 res0=0 res1=200 res2=0 res3=0 res4=0 res5=0 res6=0 res7=0 res8=0 Garden=2 PowerStation=1 Road=6 House=1 | nw=1401388.7288
  s=  287 a= 23(BUILD:Torchlight) r= -1.1384 cum=   -215.56 v= -0.6347 top5=[a31=0.030, a16=0.030, a21=0.029, a5=0.029, a29=0.027] [BUILD FAILED: Torchlight money=5209 free=29]
    OBS: year=1 month=1 season=3 money=5209 credit=176909 people=29 busy=0 free=29 home_places=110 need_workers=5 tax_due=0 main_tax_due=0 tax_amount=6822 main_tax_amount=0 days_alive=312 stage=0 res0=0 res1=200 res2=0 res3=0 res4=0 res5=0 res6=0 res7=0 res8=0 Garden=2 PowerStation=1 Road=6 House=1 | nw=1401024.9729
  s=  288 a=  6(BUILD:SmallHouse) r= -1.1384 cum=   -216.70 v= -0.6352 top5=[a31=0.030, a21=0.029, a16=0.029, a5=0.029, a9=0.027] [BUILD FAILED: SmallHouse money=5209 free=29]
    OBS: year=1 month=1 season=3 money=5209 credit=177262 people=29 busy=0 free=29 home_places=110 need_workers=5 tax_due=0 main_tax_due=0 tax_amount=6822 main_tax_amount=0 days_alive=313 stage=0 res0=0 res1=200 res2=0 res3=0 res4=0 res5=0 res6=0 res7=0 res8=0 Garden=2 PowerStation=1 Road=6 House=1 | nw=1400664.3102
  s=  289 a=  9(BUILD:Ironmine) r= -1.1431 cum=   -217.84 v= -0.6361 top5=[a31=0.030, a21=0.029, a16=0.029, a5=0.029, a9=0.027] [BUILD FAILED: Ironmine money=5209 free=29]
    OBS: year=1 month=1 season=3 money=5209 credit=177616 people=29 busy=0 free=29 home_places=110 need_workers=5 tax_due=0 main_tax_due=0 tax_amount=6822 main_tax_amount=0 days_alive=314 stage=0 res0=0 res1=200 res2=0 res3=0 res4=0 res5=0 res6=0 res7=0 res8=0 Garden=2 PowerStation=1 Road=6 House=1 | nw=1400299.1171
  s=  290 a= 27(BUILD:WaterMill) r= -1.1484 cum=   -218.99 v= -0.6370 top5=[a31=0.030, a21=0.030, a5=0.029, a16=0.029, a9=0.027] [BUILD FAILED: WaterMill money=5209 free=29]
    OBS: year=1 month=1 season=3 money=5209 credit=177971 people=29 busy=0 free=29 home_places=110 need_workers=5 tax_due=0 main_tax_due=0 tax_amount=6822 main_tax_amount=0 days_alive=315 stage=0 res0=0 res1=200 res2=0 res3=0 res4=0 res5=0 res6=0 res7=0 res8=0 Garden=2 PowerStation=1 Road=6 House=1 | nw=1399928.5189
  s=  291 a= 42(MANAGER:8) r= -1.1473 cum=   -220.14 v= -0.6380 top5=[a21=0.030, a31=0.030, a5=0.029, a16=0.028, a40=0.028]
    OBS: year=1 month=1 season=3 money=5209 credit=178326 people=29 busy=0 free=29 home_places=110 need_workers=5 tax_due=0 main_tax_due=0 tax_amount=6822 main_tax_amount=0 days_alive=316 stage=0 res0=0 res1=200 res2=0 res3=0 res4=0 res5=0 res6=0 res7=0 res8=0 Garden=2 PowerStation=1 Road=6 House=1 | nw=1399562.8614
  s=  292 a= 12(BUILD:PowerStation) r= +0.3683 cum=   -219.77 v= -0.6390 top5=[a21=0.030, a31=0.029, a5=0.029, a16=0.028, a40=0.028] [BUILD: PowerStation]
    OBS: year=1 month=1 season=3 money=4809 credit=178682 people=29 busy=0 free=29 home_places=110 need_workers=5 tax_due=0 main_tax_due=0 tax_amount=6822 main_tax_amount=0 days_alive=317 stage=0 res0=0 res1=200 res2=0 res3=0 res4=0 res5=0 res6=0 res7=0 res8=0 Garden=2 PowerStation=1 Road=7 House=1 | nw=1399192.1377
  s=  293 a=  1(WEEK) r= -5.2787 cum=   -225.05 v= -0.6342 top5=[a31=0.029, a21=0.029, a5=0.029, a26=0.028, a9=0.028]
    OBS: year=1 month=1 season=3 money=4809 credit=181195 people=29 busy=0 free=29 home_places=110 need_workers=5 tax_due=0 main_tax_due=0 tax_amount=6822 main_tax_amount=0 days_alive=324 stage=0 res0=0 res1=200 res2=0 res3=0 res4=0 res5=0 res6=0 res7=0 res8=0 Garden=2 PowerStation=1 Road=7 House=1 | nw=1396597.0584
  s=  294 a= 14(BUILD:Road) r= -1.1580 cum=   -226.21 v= -0.6596 top5=[a21=0.031, a5=0.029, a40=0.029, a31=0.028, a26=0.028] [BUILD FAILED: Road money=4809 free=29]
    OBS: year=1 month=1 season=3 money=4809 credit=181557 people=29 busy=0 free=29 home_places=110 need_workers=5 tax_due=0 main_tax_due=0 tax_amount=6822 main_tax_amount=0 days_alive=325 stage=0 res0=0 res1=200 res2=0 res3=0 res4=0 res5=0 res6=0 res7=0 res8=0 Garden=2 PowerStation=1 Road=7 House=1 | nw=1396223.3296
  s=  295 a= 27(BUILD:WaterMill) r= -1.1605 cum=   -227.37 v= -0.6586 top5=[a21=0.032, a5=0.029, a40=0.029, a9=0.028, a26=0.028] [BUILD FAILED: WaterMill money=4809 free=29]
    OBS: year=1 month=1 season=3 money=4809 credit=181920 people=29 busy=0 free=29 home_places=110 need_workers=5 tax_due=0 main_tax_due=0 tax_amount=6822 main_tax_amount=0 days_alive=326 stage=0 res0=0 res1=200 res2=0 res3=0 res4=0 res5=0 res6=0 res7=0 res8=0 Garden=2 PowerStation=1 Road=7 House=1 | nw=1395848.6008
  s=  296 a= 13(BUILD:HydroStation) r= -1.1622 cum=   -228.53 v= -0.6578 top5=[a21=0.032, a5=0.029, a40=0.029, a9=0.028, a26=0.028] [BUILD FAILED: HydroStation money=4809 free=29]
    OBS: year=1 month=1 season=3 money=4809 credit=182283 people=29 busy=0 free=29 home_places=110 need_workers=5 tax_due=0 main_tax_due=0 tax_amount=6822 main_tax_amount=0 days_alive=327 stage=0 res0=0 res1=200 res2=0 res3=0 res4=0 res5=0 res6=0 res7=0 res8=0 Garden=2 PowerStation=1 Road=7 House=1 | nw=1395474.4077
  s=  297 a= 15(BUILD:Fish) r= -1.1645 cum=   -229.69 v= -0.6560 top5=[a21=0.032, a5=0.029, a40=0.029, a9=0.029, a26=0.028] [BUILD FAILED: Fish money=4809 free=29]
    OBS: year=1 month=1 season=3 money=4809 credit=182647 people=29 busy=0 free=29 home_places=110 need_workers=5 tax_due=0 main_tax_due=0 tax_amount=6822 main_tax_amount=0 days_alive=328 stage=0 res0=0 res1=200 res2=0 res3=0 res4=0 res5=0 res6=0 res7=0 res8=0 Garden=2 PowerStation=1 Road=7 House=1 | nw=1395099.6518
  s=  298 a= 32(BUILD:SmallAtomStation) r= -1.1698 cum=   -230.86 v= -0.6545 top5=[a21=0.032, a5=0.029, a40=0.029, a9=0.029, a26=0.029] [BUILD FAILED: SmallAtomStation money=4809 free=29]
    OBS: year=1 month=1 season=3 money=4809 credit=183012 people=29 busy=0 free=29 home_places=110 need_workers=5 tax_due=0 main_tax_due=0 tax_amount=6822 main_tax_amount=0 days_alive=329 stage=0 res0=0 res1=200 res2=0 res3=0 res4=0 res5=0 res6=0 res7=0 res8=0 Garden=2 PowerStation=1 Road=7 House=1 | nw=1394719.4909
  s=  299 a=  3(BUILD:Farm) r= -1.1699 cum=   -232.03 v= -0.6530 top5=[a21=0.032, a5=0.029, a40=0.029, a9=0.029, a26=0.029] [BUILD FAILED: Farm money=4809 free=29]
    OBS: year=1 month=1 season=3 money=4809 credit=183378 people=29 busy=0 free=29 home_places=110 need_workers=5 tax_due=0 main_tax_due=0 tax_amount=6822 main_tax_amount=0 days_alive=330 stage=0 res0=0 res1=200 res2=0 res3=0 res4=0 res5=0 res6=0 res7=0 res8=0 Garden=2 PowerStation=1 Road=7 House=1 | nw=1394342.1993
  s=  300 a= 20(BUILD:BigHouse) r= -1.1716 cum=   -233.21 v= -0.6517 top5=[a21=0.032, a5=0.029, a40=0.029, a9=0.029, a26=0.029] [BUILD FAILED: BigHouse money=4809 free=29]
    OBS: year=1 month=1 season=3 money=4809 credit=183744 people=29 busy=0 free=29 home_places=110 need_workers=5 tax_due=0 main_tax_due=0 tax_amount=6822 main_tax_amount=0 days_alive=331 stage=0 res0=0 res1=200 res2=0 res3=0 res4=0 res5=0 res6=0 res7=0 res8=0 Garden=2 PowerStation=1 Road=7 House=1 | nw=1393965.4434
  s=  301 a= 17(BUILD:HuntingLand) r= -1.1748 cum=   -234.38 v= -0.6511 top5=[a21=0.033, a5=0.029, a40=0.029, a9=0.029, a26=0.029] [BUILD FAILED: HuntingLand money=4809 free=29]
    OBS: year=1 month=1 season=3 money=4809 credit=184111 people=29 busy=0 free=29 home_places=110 need_workers=5 tax_due=0 main_tax_due=0 tax_amount=6822 main_tax_amount=0 days_alive=332 stage=0 res0=0 res1=200 res2=0 res3=0 res4=0 res5=0 res6=0 res7=0 res8=0 Garden=2 PowerStation=1 Road=7 House=1 | nw=1393586.7147
  s=  302 a= 34(MANAGER:0) r= -1.1792 cum=   -235.56 v= -0.6506 top5=[a21=0.033, a5=0.029, a40=0.029, a9=0.029, a26=0.029]
    OBS: year=1 month=1 season=3 money=4809 credit=184479 people=29 busy=0 free=29 home_places=110 need_workers=5 tax_due=0 main_tax_due=0 tax_amount=6822 main_tax_amount=0 days_alive=333 stage=0 res0=0 res1=200 res2=0 res3=0 res4=0 res5=0 res6=0 res7=0 res8=0 Garden=2 PowerStation=1 Road=7 House=1 | nw=1393203.9910
  s=  303 a= 14(BUILD:Road) r= -1.1814 cum=   -236.74 v= -0.6497 top5=[a21=0.033, a40=0.029, a5=0.029, a9=0.029, a26=0.029] [BUILD FAILED: Road money=4809 free=29]
    OBS: year=1 month=1 season=3 money=4809 credit=184847 people=29 busy=0 free=29 home_places=110 need_workers=5 tax_due=0 main_tax_due=0 tax_amount=6822 main_tax_amount=0 days_alive=334 stage=0 res0=0 res1=200 res2=0 res3=0 res4=0 res5=0 res6=0 res7=0 res8=0 Garden=2 PowerStation=1 Road=7 House=1 | nw=1392820.8301
  s=  304 a= 35(MANAGER:1) r= -1.1816 cum=   -237.92 v= -0.6485 top5=[a21=0.033, a40=0.029, a5=0.029, a9=0.029, a26=0.029]
    OBS: year=1 month=1 season=3 money=4809 credit=185216 people=29 busy=0 free=29 home_places=110 need_workers=5 tax_due=0 main_tax_due=0 tax_amount=6822 main_tax_amount=0 days_alive=335 stage=0 res0=0 res1=200 res2=0 res3=0 res4=0 res5=0 res6=0 res7=0 res8=0 Garden=2 PowerStation=1 Road=7 House=1 | nw=1392440.6369
  s=  305 a= 23(BUILD:Torchlight) r= -1.1864 cum=   -239.11 v= -0.6466 top5=[a21=0.033, a40=0.029, a5=0.029, a9=0.029, a26=0.029] [BUILD FAILED: Torchlight money=4809 free=29]
    OBS: year=1 month=1 season=3 money=4809 credit=185586 people=29 busy=0 free=29 home_places=110 need_workers=5 tax_due=0 main_tax_due=0 tax_amount=6822 main_tax_amount=0 days_alive=336 stage=0 res0=0 res1=200 res2=0 res3=0 res4=0 res5=0 res6=0 res7=0 res8=0 Garden=2 PowerStation=1 Road=7 House=1 | nw=1392055.9133
  s=  306 a= 41(MANAGER:7) r= -0.0695 cum=   -239.18 v= -0.6436 top5=[a21=0.033, a40=0.029, a5=0.029, a9=0.029, a26=0.029]
    OBS: year=1 month=2 season=3 money=4409 credit=185957 people=30 busy=0 free=30 home_places=110 need_workers=5 tax_due=0 main_tax_due=0 tax_amount=6826 main_tax_amount=0 days_alive=337 stage=0 res0=0 res1=400 res2=0 res3=0 res4=0 res5=0 res6=0 res7=0 res8=0 Garden=2 PowerStation=1 Road=7 House=1 | nw=1391473.7201
  s=  307 a= 17(BUILD:HuntingLand) r= -1.1913 cum=   -240.37 v= -0.5967 top5=[a16=0.031, a5=0.030, a31=0.030, a9=0.029, a6=0.028] [BUILD FAILED: HuntingLand money=4409 free=30]
    OBS: year=1 month=2 season=3 money=4409 credit=186328 people=30 busy=0 free=30 home_places=110 need_workers=5 tax_due=0 main_tax_due=0 tax_amount=6826 main_tax_amount=0 days_alive=338 stage=0 res0=0 res1=400 res2=0 res3=0 res4=0 res5=0 res6=0 res7=0 res8=0 Garden=2 PowerStation=1 Road=7 House=1 | nw=1391087.0236
  s=  308 a=  7(BUILD:Sawmill) r= -1.1912 cum=   -241.56 v= -0.5964 top5=[a16=0.031, a5=0.030, a31=0.029, a9=0.029, a21=0.028] [BUILD FAILED: Sawmill money=4409 free=30]
    OBS: year=1 month=2 season=3 money=4409 credit=186700 people=30 busy=0 free=30 home_places=110 need_workers=5 tax_due=0 main_tax_due=0 tax_amount=6826 main_tax_amount=0 days_alive=339 stage=0 res0=0 res1=400 res2=0 res3=0 res4=0 res5=0 res6=0 res7=0 res8=0 Garden=2 PowerStation=1 Road=7 House=1 | nw=1390703.8304
  s=  309 a= 16(BUILD:CoalCut) r= -1.1962 cum=   -242.76 v= -0.5954 top5=[a16=0.030, a5=0.030, a31=0.029, a9=0.029, a21=0.028] [BUILD FAILED: CoalCut money=4409 free=30]
    OBS: year=1 month=2 season=3 money=4409 credit=187073 people=30 busy=0 free=30 home_places=110 need_workers=5 tax_due=0 main_tax_due=0 tax_amount=6826 main_tax_amount=0 days_alive=340 stage=0 res0=0 res1=400 res2=0 res3=0 res4=0 res5=0 res6=0 res7=0 res8=0 Garden=2 PowerStation=1 Road=7 House=1 | nw=1390315.6695
  s=  310 a=  5(BUILD:House) r= -1.1964 cum=   -243.95 v= -0.5959 top5=[a16=0.030, a5=0.030, a31=0.029, a9=0.029, a21=0.028] [BUILD FAILED: House money=4409 free=30]
    OBS: year=1 month=2 season=3 money=4409 credit=187447 people=30 busy=0 free=30 home_places=110 need_workers=5 tax_due=0 main_tax_due=0 tax_amount=6826 main_tax_amount=0 days_alive=341 stage=0 res0=0 res1=400 res2=0 res3=0 res4=0 res5=0 res6=0 res7=0 res8=0 Garden=2 PowerStation=1 Road=7 House=1 | nw=1389930.3780
  s=  311 a= 30(BUILD:BigIronmine) r= -1.2006 cum=   -245.15 v= -0.5972 top5=[a16=0.030, a5=0.030, a31=0.029, a9=0.029, a21=0.028] [BUILD FAILED: BigIronmine money=4409 free=30]
    OBS: year=1 month=2 season=3 money=4409 credit=187821 people=30 busy=0 free=30 home_places=110 need_workers=5 tax_due=0 main_tax_due=0 tax_amount=6826 main_tax_amount=0 days_alive=342 stage=0 res0=0 res1=400 res2=0 res3=0 res4=0 res5=0 res6=0 res7=0 res8=0 Garden=2 PowerStation=1 Road=7 House=1 | nw=1389541.6543
  s=  312 a=  8(BUILD:Coalmine) r= -1.2007 cum=   -246.35 v= -0.5983 top5=[a5=0.030, a16=0.029, a31=0.029, a9=0.029, a21=0.028] [BUILD FAILED: Coalmine money=4409 free=30]
    OBS: year=1 month=2 season=3 money=4409 credit=188196 people=30 busy=0 free=30 home_places=110 need_workers=5 tax_due=0 main_tax_due=0 tax_amount=6826 main_tax_amount=0 days_alive=343 stage=0 res0=0 res1=400 res2=0 res3=0 res4=0 res5=0 res6=0 res7=0 res8=0 Garden=2 PowerStation=1 Road=7 House=1 | nw=1389155.8984
  s=  313 a= 32(BUILD:SmallAtomStation) r= -1.2036 cum=   -247.56 v= -0.5995 top5=[a5=0.030, a16=0.029, a31=0.029, a21=0.029, a9=0.029] [BUILD FAILED: SmallAtomStation money=4409 free=30]
    OBS: year=1 month=2 season=3 money=4409 credit=188572 people=30 busy=0 free=30 home_places=110 need_workers=5 tax_due=0 main_tax_due=0 tax_amount=6826 main_tax_amount=0 days_alive=344 stage=0 res0=0 res1=400 res2=0 res3=0 res4=0 res5=0 res6=0 res7=0 res8=0 Garden=2 PowerStation=1 Road=7 House=1 | nw=1388768.7053
  s=  314 a= 13(BUILD:HydroStation) r= -1.2063 cum=   -248.76 v= -0.5999 top5=[a5=0.030, a16=0.029, a31=0.029, a21=0.029, a9=0.029] [BUILD FAILED: HydroStation money=4409 free=30]
    OBS: year=1 month=2 season=3 money=4409 credit=188949 people=30 busy=0 free=30 home_places=110 need_workers=5 tax_due=0 main_tax_due=0 tax_amount=6826 main_tax_amount=0 days_alive=345 stage=0 res0=0 res1=400 res2=0 res3=0 res4=0 res5=0 res6=0 res7=0 res8=0 Garden=2 PowerStation=1 Road=7 House=1 | nw=1388380.4138
  s=  315 a= 22(BUILD:Apiary) r= -1.2080 cum=   -249.97 v= -0.6001 top5=[a5=0.030, a21=0.029, a16=0.029, a31=0.029, a9=0.029] [BUILD FAILED: Apiary money=4409 free=30]
    OBS: year=1 month=2 season=3 money=4409 credit=189326 people=30 busy=0 free=30 home_places=110 need_workers=5 tax_due=0 main_tax_due=0 tax_amount=6826 main_tax_amount=0 days_alive=346 stage=0 res0=0 res1=400 res2=0 res3=0 res4=0 res5=0 res6=0 res7=0 res8=0 Garden=2 PowerStation=1 Road=7 House=1 | nw=1387992.6579
  s=  316 a= 37(MANAGER:3) r= -4.7325 cum=   -254.71 v= -0.6008 top5=[a5=0.030, a21=0.029, a31=0.029, a9=0.029, a16=0.029]
    OBS: year=1 month=2 season=3 money=5173 credit=189704 people=30 busy=0 free=30 home_places=110 need_workers=5 tax_due=0 main_tax_due=0 tax_amount=6406 main_tax_amount=0 days_alive=347 stage=0 res0=0 res1=400 res2=0 res3=0 res4=0 res5=0 res6=0 res7=0 res8=0 Garden=1 PowerStation=1 Road=7 House=1 | nw=1380967.9961
  s=  317 a= 34(MANAGER:0) r= -1.2053 cum=   -255.91 v= -0.6340 top5=[a31=0.031, a21=0.030, a16=0.029, a6=0.028, a0=0.028]
    OBS: year=1 month=2 season=3 money=5173 credit=190083 people=30 busy=0 free=30 home_places=110 need_workers=5 tax_due=0 main_tax_due=0 tax_amount=6406 main_tax_amount=0 days_alive=348 stage=0 res0=0 res1=400 res2=0 res3=0 res4=0 res5=0 res6=0 res7=0 res8=0 Garden=1 PowerStation=1 Road=7 House=1 | nw=1380583.0825
  s=  318 a= 33(BUILD:AtomStation) r= -1.2129 cum=   -257.12 v= -0.6322 top5=[a31=0.031, a21=0.030, a16=0.029, a6=0.028, a0=0.028] [BUILD FAILED: AtomStation money=5173 free=30]
    OBS: year=1 month=2 season=3 money=5173 credit=190463 people=30 busy=0 free=30 home_places=110 need_workers=5 tax_due=0 main_tax_due=0 tax_amount=6406 main_tax_amount=0 days_alive=349 stage=0 res0=0 res1=400 res2=0 res3=0 res4=0 res5=0 res6=0 res7=0 res8=0 Garden=1 PowerStation=1 Road=7 House=1 | nw=1380189.3318
  s=  319 a= 17(BUILD:HuntingLand) r= -1.2153 cum=   -258.34 v= -0.6300 top5=[a31=0.031, a21=0.030, a16=0.028, a0=0.028, a6=0.028] [BUILD FAILED: HuntingLand money=5173 free=30]
    OBS: year=1 month=2 season=3 money=5173 credit=190843 people=30 busy=0 free=30 home_places=110 need_workers=5 tax_due=0 main_tax_due=0 tax_amount=6406 main_tax_amount=0 days_alive=350 stage=0 res0=0 res1=400 res2=0 res3=0 res4=0 res5=0 res6=0 res7=0 res8=0 Garden=1 PowerStation=1 Road=7 House=1 | nw=1379794.9471
  s=  320 a=  8(BUILD:Coalmine) r= -1.2154 cum=   -259.55 v= -0.6268 top5=[a31=0.031, a21=0.030, a16=0.028, a0=0.028, a6=0.028] [BUILD FAILED: Coalmine money=5173 free=30]
    OBS: year=1 month=2 season=3 money=5173 credit=191224 people=30 busy=0 free=30 home_places=110 need_workers=5 tax_due=0 main_tax_due=0 tax_amount=6406 main_tax_amount=0 days_alive=351 stage=0 res0=0 res1=400 res2=0 res3=0 res4=0 res5=0 res6=0 res7=0 res8=0 Garden=1 PowerStation=1 Road=7 House=1 | nw=1379403.5301
  s=  321 a= 36(MANAGER:2) r= -0.3857 cum=   -259.94 v= -0.6250 top5=[a31=0.031, a21=0.030, a0=0.028, a4=0.028, a16=0.028]
    OBS: year=1 month=2 season=3 money=4144 credit=191606 people=30 busy=0 free=30 home_places=110 need_workers=5 tax_due=0 main_tax_due=0 tax_amount=6406 main_tax_amount=0 days_alive=352 stage=0 res0=0 res1=400 res2=0 res3=0 res4=0 res5=0 res6=0 res7=0 res8=0 Garden=1 PowerStation=1 Road=7 House=1 | nw=1379344.0286
  s=  322 a= 11(BUILD:Goldmine) r= -1.2206 cum=   -261.16 v= -0.6226 top5=[a31=0.031, a21=0.030, a0=0.028, a4=0.028, a6=0.028] [BUILD FAILED: Goldmine money=4144 free=30]
    OBS: year=1 month=2 season=3 money=4144 credit=191989 people=30 busy=0 free=30 home_places=110 need_workers=5 tax_due=0 main_tax_due=0 tax_amount=6406 main_tax_amount=0 days_alive=353 stage=0 res0=0 res1=400 res2=0 res3=0 res4=0 res5=0 res6=0 res7=0 res8=0 Garden=1 PowerStation=1 Road=7 House=1 | nw=1378950.7100
  s=  323 a=  9(BUILD:Ironmine) r= -1.2227 cum=   -262.38 v= -0.6199 top5=[a31=0.031, a21=0.030, a0=0.028, a4=0.028, a6=0.028] [BUILD FAILED: Ironmine money=4144 free=30]
    OBS: year=1 month=2 season=3 money=4144 credit=192372 people=30 busy=0 free=30 home_places=110 need_workers=5 tax_due=0 main_tax_due=0 tax_amount=6406 main_tax_amount=0 days_alive=354 stage=0 res0=0 res1=400 res2=0 res3=0 res4=0 res5=0 res6=0 res7=0 res8=0 Garden=1 PowerStation=1 Road=7 House=1 | nw=1378557.2930
  s=  324 a= 35(MANAGER:1) r= -1.2272 cum=   -263.61 v= -0.6172 top5=[a31=0.031, a21=0.030, a0=0.028, a4=0.028, a6=0.028]
    OBS: year=1 month=2 season=3 money=4144 credit=192756 people=30 busy=0 free=30 home_places=110 need_workers=5 tax_due=0 main_tax_due=0 tax_amount=6406 main_tax_amount=0 days_alive=355 stage=0 res0=0 res1=400 res2=0 res3=0 res4=0 res5=0 res6=0 res7=0 res8=0 Garden=1 PowerStation=1 Road=7 House=1 | nw=1378159.8812
  s=  325 a= 28(BUILD:BigRefinary) r= -0.6015 cum=   -264.21 v= -0.6146 top5=[a31=0.031, a21=0.030, a0=0.028, a4=0.028, a6=0.027] [BUILD: BigRefinary]
    OBS: year=1 month=2 season=3 money=4144 credit=193141 people=31 busy=0 free=31 home_places=110 need_workers=5 tax_due=0 main_tax_due=0 tax_amount=6406 main_tax_amount=0 days_alive=356 stage=0 res0=0 res1=400 res2=0 res3=0 res4=0 res5=0 res6=0 res7=0 res8=0 Garden=1 PowerStation=1 Road=7 House=1 | nw=1377764.9998
  s=  326 a= 12(BUILD:PowerStation) r= +0.3083 cum=   -263.90 v= -0.6141 top5=[a31=0.030, a21=0.030, a0=0.028, a4=0.028, a6=0.028] [BUILD: PowerStation]
    OBS: year=1 month=2 season=3 money=3744 credit=193527 people=31 busy=0 free=31 home_places=110 need_workers=5 tax_due=0 main_tax_due=0 tax_amount=6406 main_tax_amount=0 days_alive=357 stage=0 res0=0 res1=400 res2=0 res3=0 res4=0 res5=0 res6=0 res7=0 res8=0 Garden=1 PowerStation=1 Road=8 House=1 | nw=1377364.6151
  s=  327 a= 40(MANAGER:6) r= -0.4680 cum=   -264.37 v= -0.6028 top5=[a31=0.030, a6=0.029, a21=0.029, a4=0.028, a35=0.028]
    OBS: year=1 month=2 season=3 money=3944 credit=193914 people=31 busy=0 free=31 home_places=110 need_workers=5 tax_due=0 main_tax_due=0 tax_amount=6410 main_tax_amount=0 days_alive=358 stage=0 res0=0 res1=200 res2=0 res3=0 res4=0 res5=0 res6=0 res7=0 res8=0 Garden=1 PowerStation=1 Road=8 House=1 | nw=1376967.7337
  s=  328 a=  8(BUILD:Coalmine) r= -1.2324 cum=   -265.60 v= -0.6005 top5=[a31=0.030, a21=0.029, a6=0.029, a4=0.029, a35=0.028] [BUILD FAILED: Coalmine money=3944 free=31]
    OBS: year=1 month=2 season=3 money=3944 credit=194301 people=31 busy=0 free=31 home_places=110 need_workers=5 tax_due=0 main_tax_due=0 tax_amount=6410 main_tax_amount=0 days_alive=359 stage=0 res0=0 res1=200 res2=0 res3=0 res4=0 res5=0 res6=0 res7=0 res8=0 Garden=1 PowerStation=1 Road=8 House=1 | nw=1376574.3829
  s=  329 a=  0(DAY) r= -0.6121 cum=   -266.22 v= -0.5983 top5=[a31=0.030, a21=0.029, a6=0.029, a4=0.029, a35=0.028]
    OBS: year=1 month=2 season=3 money=3944 credit=194689 people=31 busy=0 free=31 home_places=110 need_workers=5 tax_due=0 main_tax_due=0 tax_amount=6410 main_tax_amount=0 days_alive=360 stage=0 res0=0 res1=200 res2=0 res3=0 res4=0 res5=0 res6=0 res7=0 res8=0 Garden=1 PowerStation=1 Road=8 House=1 | nw=1376172.5338
  s=  330 a=  5(BUILD:House) r= -1.2424 cum=   -267.46 v= -0.5962 top5=[a31=0.030, a21=0.029, a6=0.029, a4=0.029, a35=0.028] [BUILD FAILED: House money=3944 free=31]
    OBS: year=1 month=2 season=3 money=3944 credit=195078 people=31 busy=0 free=31 home_places=110 need_workers=5 tax_due=0 main_tax_due=0 tax_amount=6410 main_tax_amount=0 days_alive=361 stage=0 res0=0 res1=200 res2=0 res3=0 res4=0 res5=0 res6=0 res7=0 res8=0 Garden=1 PowerStation=1 Road=8 House=1 | nw=1375769.6847
  s=  331 a= 23(BUILD:Torchlight) r= -1.2429 cum=   -268.70 v= -0.5940 top5=[a31=0.030, a21=0.029, a4=0.029, a6=0.029, a35=0.028] [BUILD FAILED: Torchlight money=3944 free=31]
    OBS: year=1 month=2 season=3 money=3944 credit=195468 people=31 busy=0 free=31 home_places=110 need_workers=5 tax_due=0 main_tax_due=0 tax_amount=6410 main_tax_amount=0 days_alive=362 stage=0 res0=0 res1=200 res2=0 res3=0 res4=0 res5=0 res6=0 res7=0 res8=0 Garden=1 PowerStation=1 Road=8 House=1 | nw=1375369.3661
  s=  332 a= 14(BUILD:Road) r= -1.2447 cum=   -269.95 v= -0.5922 top5=[a31=0.030, a21=0.029, a4=0.029, a6=0.028, a35=0.028] [BUILD FAILED: Road money=3944 free=31]
    OBS: year=1 month=2 season=3 money=3944 credit=195858 people=31 busy=0 free=31 home_places=110 need_workers=5 tax_due=0 main_tax_due=0 tax_amount=6410 main_tax_amount=0 days_alive=363 stage=0 res0=0 res1=200 res2=0 res3=0 res4=0 res5=0 res6=0 res7=0 res8=0 Garden=1 PowerStation=1 Road=8 House=1 | nw=1374969.4847
  s=  333 a= 42(MANAGER:8) r= -1.2498 cum=   -271.20 v= -0.5938 top5=[a21=0.031, a31=0.030, a4=0.029, a9=0.028, a0=0.028]
    OBS: year=1 month=2 season=3 money=3944 credit=196249 people=31 busy=0 free=31 home_places=110 need_workers=5 tax_due=0 main_tax_due=0 tax_amount=6410 main_tax_amount=0 days_alive=364 stage=0 res0=0 res1=200 res2=0 res3=0 res4=0 res5=0 res6=0 res7=0 res8=0 Garden=1 PowerStation=1 Road=8 House=1 | nw=1374564.6356
  s=  334 a= 23(BUILD:Torchlight) r= +1.8960 cum=   -269.30 v= -0.5905 top5=[a21=0.031, a31=0.029, a4=0.029, a9=0.028, a35=0.028] [BUILD: Torchlight]
    OBS: year=1 month=3 season=0 money=3944 credit=196641 people=31 busy=0 free=31 home_places=110 need_workers=5 tax_due=1 main_tax_due=0 tax_amount=6410 main_tax_amount=0 days_alive=365 stage=0 res0=0 res1=200 res2=0 res3=0 res4=0 res5=0 res6=0 res7=0 res8=0 Garden=1 PowerStation=1 Road=8 House=1 | nw=1374158.7865
  s=  335 a= 39(MANAGER:5) r= -3.7099 cum=   -273.01 v= -0.4074 top5=[a32=0.035, a21=0.032, a35=0.030, a39=0.029, a12=0.028]
    OBS: year=1 month=3 season=0 money=3944 credit=196641 people=31 busy=0 free=31 home_places=110 need_workers=5 tax_due=1 main_tax_due=0 tax_amount=6410 main_tax_amount=0 days_alive=365 stage=0 res0=0 res1=200 res2=0 res3=0 res4=0 res5=0 res6=0 res7=0 res8=0 Garden=1 PowerStation=1 Road=8 House=1 | nw=1374158.7865
  s=  336 a= 26(BUILD:BigSawmill) r= -3.7045 cum=   -276.71 v= -0.4058 top5=[a32=0.035, a21=0.032, a35=0.030, a39=0.029, a12=0.028] [BUILD FAILED: BigSawmill money=3944 free=31]
    OBS: year=1 month=3 season=0 money=3944 credit=196641 people=31 busy=0 free=31 home_places=110 need_workers=5 tax_due=1 main_tax_due=0 tax_amount=6410 main_tax_amount=0 days_alive=365 stage=0 res0=0 res1=200 res2=0 res3=0 res4=0 res5=0 res6=0 res7=0 res8=0 Garden=1 PowerStation=1 Road=8 House=1 | nw=1374158.7865
  s=  337 a= 28(BUILD:BigRefinary) r= -3.6991 cum=   -280.41 v= -0.4042 top5=[a32=0.035, a21=0.032, a35=0.030, a39=0.029, a12=0.028] [BUILD FAILED: BigRefinary money=3944 free=31]
    OBS: year=1 month=3 season=0 money=3944 credit=196641 people=31 busy=0 free=31 home_places=110 need_workers=5 tax_due=1 main_tax_due=0 tax_amount=6410 main_tax_amount=0 days_alive=365 stage=0 res0=0 res1=200 res2=0 res3=0 res4=0 res5=0 res6=0 res7=0 res8=0 Garden=1 PowerStation=1 Road=8 House=1 | nw=1374158.7865
  s=  338 a= 32(BUILD:SmallAtomStation) r= -3.6939 cum=   -284.11 v= -0.4026 top5=[a32=0.035, a21=0.032, a35=0.030, a39=0.029, a12=0.028] [BUILD FAILED: SmallAtomStation money=3944 free=31]
    OBS: year=1 month=3 season=0 money=3944 credit=196641 people=31 busy=0 free=31 home_places=110 need_workers=5 tax_due=1 main_tax_due=0 tax_amount=6410 main_tax_amount=0 days_alive=365 stage=0 res0=0 res1=200 res2=0 res3=0 res4=0 res5=0 res6=0 res7=0 res8=0 Garden=1 PowerStation=1 Road=8 House=1 | nw=1374158.7865
  s=  339 a= 32(BUILD:SmallAtomStation) r= -3.6887 cum=   -287.80 v= -0.4010 top5=[a32=0.035, a21=0.032, a35=0.030, a39=0.029, a12=0.028] [BUILD FAILED: SmallAtomStation money=3944 free=31]
    OBS: year=1 month=3 season=0 money=3944 credit=196641 people=31 busy=0 free=31 home_places=110 need_workers=5 tax_due=1 main_tax_due=0 tax_amount=6410 main_tax_amount=0 days_alive=365 stage=0 res0=0 res1=200 res2=0 res3=0 res4=0 res5=0 res6=0 res7=0 res8=0 Garden=1 PowerStation=1 Road=8 House=1 | nw=1374158.7865
  s=  340 a=  0(DAY) r= -6.2435 cum=   -294.04 v= -0.3995 top5=[a32=0.035, a21=0.032, a35=0.030, a39=0.029, a12=0.028]
    OBS: year=1 month=3 season=0 money=3944 credit=196641 people=31 busy=0 free=31 home_places=110 need_workers=5 tax_due=1 main_tax_due=0 tax_amount=6410 main_tax_amount=0 days_alive=365 stage=0 res0=0 res1=200 res2=0 res3=0 res4=0 res5=0 res6=0 res7=0 res8=0 Garden=1 PowerStation=1 Road=8 House=1 | nw=1374158.7865
  s=  341 a= 38(MANAGER:4) r= -1.1782 cum=   -295.22 v= -0.3980 top5=[a32=0.035, a21=0.032, a35=0.030, a39=0.029, a12=0.028]
    OBS: year=1 month=3 season=0 money=3944 credit=196641 people=31 busy=0 free=31 home_places=110 need_workers=5 tax_due=1 main_tax_due=0 tax_amount=6410 main_tax_amount=0 days_alive=365 stage=0 res0=0 res1=200 res2=0 res3=0 res4=0 res5=0 res6=0 res7=0 res8=0 Garden=1 PowerStation=1 Road=8 House=1 | nw=1374158.7865
  s=  342 a=  0(DAY) r= -3.6610 cum=   -298.88 v= -0.3606 top5=[a32=0.034, a35=0.030, a21=0.030, a26=0.029, a9=0.029]
    OBS: year=1 month=3 season=0 money=3944 credit=196641 people=31 busy=0 free=31 home_places=110 need_workers=5 tax_due=1 main_tax_due=0 tax_amount=6410 main_tax_amount=0 days_alive=365 stage=0 res0=0 res1=200 res2=0 res3=0 res4=0 res5=0 res6=0 res7=0 res8=0 Garden=1 PowerStation=1 Road=8 House=1 | nw=1374158.7865
  s=  343 a= 26(BUILD:BigSawmill) r= -3.6563 cum=   -302.53 v= -0.3595 top5=[a32=0.034, a35=0.030, a21=0.030, a26=0.029, a9=0.029] [BUILD FAILED: BigSawmill money=3944 free=31]
    OBS: year=1 month=3 season=0 money=3944 credit=196641 people=31 busy=0 free=31 home_places=110 need_workers=5 tax_due=1 main_tax_due=0 tax_amount=6410 main_tax_amount=0 days_alive=365 stage=0 res0=0 res1=200 res2=0 res3=0 res4=0 res5=0 res6=0 res7=0 res8=0 Garden=1 PowerStation=1 Road=8 House=1 | nw=1374158.7865
  s=  344 a= 34(MANAGER:0) r= -3.6517 cum=   -306.19 v= -0.3584 top5=[a32=0.034, a35=0.030, a21=0.029, a26=0.029, a9=0.029]
    OBS: year=1 month=3 season=0 money=3944 credit=196641 people=31 busy=0 free=31 home_places=110 need_workers=5 tax_due=1 main_tax_due=0 tax_amount=6410 main_tax_amount=0 days_alive=365 stage=0 res0=0 res1=200 res2=0 res3=0 res4=0 res5=0 res6=0 res7=0 res8=0 Garden=1 PowerStation=1 Road=8 House=1 | nw=1374158.7865
  s=  345 a= 14(BUILD:Road) r= -3.6471 cum=   -309.83 v= -0.3573 top5=[a32=0.034, a35=0.030, a21=0.029, a26=0.029, a9=0.029] [BUILD FAILED: Road money=3944 free=31]
    OBS: year=1 month=3 season=0 money=3944 credit=196641 people=31 busy=0 free=31 home_places=110 need_workers=5 tax_due=1 main_tax_due=0 tax_amount=6410 main_tax_amount=0 days_alive=365 stage=0 res0=0 res1=200 res2=0 res3=0 res4=0 res5=0 res6=0 res7=0 res8=0 Garden=1 PowerStation=1 Road=8 House=1 | nw=1374158.7865
  s=  346 a= 16(BUILD:CoalCut) r= -3.6426 cum=   -313.48 v= -0.3562 top5=[a32=0.034, a35=0.030, a21=0.029, a26=0.029, a9=0.029] [BUILD FAILED: CoalCut money=3944 free=31]
    OBS: year=1 month=3 season=0 money=3944 credit=196641 people=31 busy=0 free=31 home_places=110 need_workers=5 tax_due=1 main_tax_due=0 tax_amount=6410 main_tax_amount=0 days_alive=365 stage=0 res0=0 res1=200 res2=0 res3=0 res4=0 res5=0 res6=0 res7=0 res8=0 Garden=1 PowerStation=1 Road=8 House=1 | nw=1374158.7865
  s=  347 a=  4(BUILD:Garden) r= -3.6382 cum=   -317.11 v= -0.3551 top5=[a32=0.034, a35=0.030, a21=0.029, a26=0.029, a9=0.029] [BUILD FAILED: Garden money=3944 free=31]
    OBS: year=1 month=3 season=0 money=3944 credit=196641 people=31 busy=0 free=31 home_places=110 need_workers=5 tax_due=1 main_tax_due=0 tax_amount=6410 main_tax_amount=0 days_alive=365 stage=0 res0=0 res1=200 res2=0 res3=0 res4=0 res5=0 res6=0 res7=0 res8=0 Garden=1 PowerStation=1 Road=8 House=1 | nw=1374158.7865
  s=  348 a= 23(BUILD:Torchlight) r= -3.6339 cum=   -320.75 v= -0.3541 top5=[a32=0.034, a35=0.030, a21=0.029, a26=0.029, a9=0.029] [BUILD FAILED: Torchlight money=3944 free=31]
    OBS: year=1 month=3 season=0 money=3944 credit=196641 people=31 busy=0 free=31 home_places=110 need_workers=5 tax_due=1 main_tax_due=0 tax_amount=6410 main_tax_amount=0 days_alive=365 stage=0 res0=0 res1=200 res2=0 res3=0 res4=0 res5=0 res6=0 res7=0 res8=0 Garden=1 PowerStation=1 Road=8 House=1 | nw=1374158.7865
  s=  349 a= 37(MANAGER:3) r= -6.1519 cum=   -326.90 v= -0.3530 top5=[a32=0.034, a35=0.030, a21=0.029, a26=0.029, a9=0.029]
    OBS: year=1 month=3 season=0 money=4708 credit=196641 people=31 busy=0 free=31 home_places=110 need_workers=5 tax_due=1 main_tax_due=0 tax_amount=5990 main_tax_amount=0 days_alive=365 stage=0 res0=0 res1=200 res2=0 res3=0 res4=0 res5=0 res6=0 res7=0 res8=0 PowerStation=1 Road=8 House=1 | nw=1367507.1066
  s=  350 a= 38(MANAGER:4) r= -1.1616 cum=   -328.06 v= -0.4005 top5=[a32=0.034, a21=0.031, a35=0.031, a17=0.029, a12=0.028]
    OBS: year=1 month=3 season=0 money=4708 credit=196641 people=31 busy=0 free=31 home_places=110 need_workers=0 tax_due=1 main_tax_due=0 tax_amount=5990 main_tax_amount=0 days_alive=365 stage=0 res0=0 res1=200 res2=0 res3=0 res4=0 res5=0 res6=0 res7=0 res8=0 PowerStation=1 Road=8 House=1 | nw=1367507.1066
  s=  351 a= 32(BUILD:SmallAtomStation) r= -3.6095 cum=   -331.67 v= -0.3706 top5=[a32=0.034, a35=0.032, a26=0.030, a12=0.029, a39=0.029] [BUILD FAILED: SmallAtomStation money=4708 free=31]
    OBS: year=1 month=3 season=0 money=4708 credit=196641 people=31 busy=0 free=31 home_places=110 need_workers=0 tax_due=1 main_tax_due=0 tax_amount=5990 main_tax_amount=0 days_alive=365 stage=0 res0=0 res1=200 res2=0 res3=0 res4=0 res5=0 res6=0 res7=0 res8=0 PowerStation=1 Road=8 House=1 | nw=1367507.1066
  s=  352 a=  5(BUILD:House) r= -3.6056 cum=   -335.28 v= -0.3694 top5=[a32=0.034, a35=0.032, a26=0.030, a12=0.029, a39=0.029] [BUILD FAILED: House money=4708 free=31]
    OBS: year=1 month=3 season=0 money=4708 credit=196641 people=31 busy=0 free=31 home_places=110 need_workers=0 tax_due=1 main_tax_due=0 tax_amount=5990 main_tax_amount=0 days_alive=365 stage=0 res0=0 res1=200 res2=0 res3=0 res4=0 res5=0 res6=0 res7=0 res8=0 PowerStation=1 Road=8 House=1 | nw=1367507.1066
  s=  353 a= 14(BUILD:Road) r= -3.6017 cum=   -338.88 v= -0.3684 top5=[a32=0.034, a35=0.032, a26=0.030, a12=0.029, a39=0.029] [BUILD FAILED: Road money=4708 free=31]
    OBS: year=1 month=3 season=0 money=4708 credit=196641 people=31 busy=0 free=31 home_places=110 need_workers=0 tax_due=1 main_tax_due=0 tax_amount=5990 main_tax_amount=0 days_alive=365 stage=0 res0=0 res1=200 res2=0 res3=0 res4=0 res5=0 res6=0 res7=0 res8=0 PowerStation=1 Road=8 House=1 | nw=1367507.1066
  s=  354 a= 24(BUILD:Hothouse) r= -3.5978 cum=   -342.48 v= -0.3673 top5=[a32=0.034, a35=0.032, a26=0.030, a12=0.029, a39=0.029] [BUILD FAILED: Hothouse money=4708 free=31]
    OBS: year=1 month=3 season=0 money=4708 credit=196641 people=31 busy=0 free=31 home_places=110 need_workers=0 tax_due=1 main_tax_due=0 tax_amount=5990 main_tax_amount=0 days_alive=365 stage=0 res0=0 res1=200 res2=0 res3=0 res4=0 res5=0 res6=0 res7=0 res8=0 PowerStation=1 Road=8 House=1 | nw=1367507.1066
  s=  355 a=  2(BUILD:WaterChannel) r= -3.5941 cum=   -346.07 v= -0.3662 top5=[a32=0.034, a35=0.032, a26=0.030, a12=0.029, a39=0.029] [BUILD FAILED: WaterChannel money=4708 free=31]
    OBS: year=1 month=3 season=0 money=4708 credit=196641 people=31 busy=0 free=31 home_places=110 need_workers=0 tax_due=1 main_tax_due=0 tax_amount=5990 main_tax_amount=0 days_alive=365 stage=0 res0=0 res1=200 res2=0 res3=0 res4=0 res5=0 res6=0 res7=0 res8=0 PowerStation=1 Road=8 House=1 | nw=1367507.1066
  s=  356 a= 44(MANAGER:10) r= -2.6775 cum=   -348.75 v= -0.3652 top5=[a32=0.034, a35=0.032, a26=0.030, a12=0.029, a39=0.029]
    OBS: year=1 month=3 season=0 money=4708 credit=196641 people=31 busy=0 free=31 home_places=110 need_workers=0 tax_due=1 main_tax_due=0 tax_amount=5990 main_tax_amount=0 days_alive=365 stage=0 res0=0 res1=200 res2=0 res3=0 res4=0 res5=0 res6=0 res7=0 res8=0 PowerStation=1 Road=8 House=1 | nw=1367507.1066
  s=  357 a= 36(MANAGER:2) r= -2.9622 cum=   -351.71 v= -0.3641 top5=[a32=0.034, a35=0.032, a26=0.029, a12=0.029, a39=0.029]
    OBS: year=1 month=3 season=0 money=4609 credit=196641 people=31 busy=0 free=31 home_places=110 need_workers=0 tax_due=1 main_tax_due=0 tax_amount=5990 main_tax_amount=0 days_alive=365 stage=0 res0=0 res1=200 res2=0 res3=0 res4=0 res5=0 res6=0 res7=0 res8=0 PowerStation=1 Road=8 House=1 | nw=1367539.0427
  s=  358 a= 32(BUILD:SmallAtomStation) r= -3.5891 cum=   -355.30 v= -0.3776 top5=[a32=0.034, a35=0.032, a26=0.030, a12=0.029, a39=0.028] [BUILD FAILED: SmallAtomStation money=4609 free=31]
    OBS: year=1 month=3 season=0 money=4609 credit=196641 people=31 busy=0 free=31 home_places=110 need_workers=0 tax_due=1 main_tax_due=0 tax_amount=5990 main_tax_amount=0 days_alive=365 stage=0 res0=0 res1=200 res2=0 res3=0 res4=0 res5=0 res6=0 res7=0 res8=0 PowerStation=1 Road=8 House=1 | nw=1367539.0427
  s=  359 a= 34(MANAGER:0) r= -3.5854 cum=   -358.88 v= -0.3764 top5=[a32=0.034, a35=0.032, a26=0.030, a12=0.029, a39=0.028]
    OBS: year=1 month=3 season=0 money=4609 credit=196641 people=31 busy=0 free=31 home_places=110 need_workers=0 tax_due=1 main_tax_due=0 tax_amount=5990 main_tax_amount=0 days_alive=365 stage=0 res0=0 res1=200 res2=0 res3=0 res4=0 res5=0 res6=0 res7=0 res8=0 PowerStation=1 Road=8 House=1 | nw=1367539.0427
  s=  360 a= 27(BUILD:WaterMill) r= -3.5819 cum=   -362.47 v= -0.3752 top5=[a32=0.034, a35=0.032, a26=0.030, a12=0.029, a39=0.028] [BUILD FAILED: WaterMill money=4609 free=31]
    OBS: year=1 month=3 season=0 money=4609 credit=196641 people=31 busy=0 free=31 home_places=110 need_workers=0 tax_due=1 main_tax_due=0 tax_amount=5990 main_tax_amount=0 days_alive=365 stage=0 res0=0 res1=200 res2=0 res3=0 res4=0 res5=0 res6=0 res7=0 res8=0 PowerStation=1 Road=8 House=1 | nw=1367539.0427
  s=  361 a= 12(BUILD:PowerStation) r= -2.0864 cum=   -364.55 v= -0.3741 top5=[a32=0.034, a35=0.032, a26=0.030, a12=0.029, a39=0.028] [BUILD FAILED: PowerStation money=4209 free=31]
    OBS: year=1 month=3 season=0 money=4209 credit=196641 people=31 busy=0 free=31 home_places=110 need_workers=0 tax_due=1 main_tax_due=0 tax_amount=5990 main_tax_amount=0 days_alive=365 stage=0 res0=0 res1=200 res2=0 res3=0 res4=0 res5=0 res6=0 res7=0 res8=0 PowerStation=1 Road=9 House=1 | nw=1367539.0427
  s=  362 a= 35(MANAGER:1) r= -3.5797 cum=   -368.13 v= -0.3581 top5=[a32=0.034, a35=0.031, a12=0.030, a26=0.029, a9=0.028]
    OBS: year=1 month=3 season=0 money=4209 credit=196641 people=31 busy=0 free=31 home_places=110 need_workers=0 tax_due=1 main_tax_due=0 tax_amount=5990 main_tax_amount=0 days_alive=365 stage=0 res0=0 res1=200 res2=0 res3=0 res4=0 res5=0 res6=0 res7=0 res8=0 PowerStation=1 Road=9 House=1 | nw=1367539.0427
  s=  363 a= 10(BUILD:Refinery) r= -3.5762 cum=   -371.71 v= -0.3570 top5=[a32=0.034, a35=0.031, a12=0.030, a26=0.029, a9=0.028] [BUILD FAILED: Refinery money=4209 free=31]
    OBS: year=1 month=3 season=0 money=4209 credit=196641 people=31 busy=0 free=31 home_places=110 need_workers=0 tax_due=1 main_tax_due=0 tax_amount=5990 main_tax_amount=0 days_alive=365 stage=0 res0=0 res1=200 res2=0 res3=0 res4=0 res5=0 res6=0 res7=0 res8=0 PowerStation=1 Road=9 House=1 | nw=1367539.0427
  s=  364 a= 31(BUILD:AirStation) r= -3.5728 cum=   -375.28 v= -0.3559 top5=[a32=0.033, a35=0.031, a12=0.030, a26=0.029, a9=0.028] [BUILD FAILED: AirStation money=4209 free=31]
    OBS: year=1 month=3 season=0 money=4209 credit=196641 people=31 busy=0 free=31 home_places=110 need_workers=0 tax_due=1 main_tax_due=0 tax_amount=5990 main_tax_amount=0 days_alive=365 stage=0 res0=0 res1=200 res2=0 res3=0 res4=0 res5=0 res6=0 res7=0 res8=0 PowerStation=1 Road=9 House=1 | nw=1367539.0427
  s=  365 a= 15(BUILD:Fish) r= -3.5694 cum=   -378.85 v= -0.3548 top5=[a32=0.033, a35=0.031, a12=0.030, a26=0.029, a9=0.028] [BUILD FAILED: Fish money=4209 free=31]
    OBS: year=1 month=3 season=0 money=4209 credit=196641 people=31 busy=0 free=31 home_places=110 need_workers=0 tax_due=1 main_tax_due=0 tax_amount=5990 main_tax_amount=0 days_alive=365 stage=0 res0=0 res1=200 res2=0 res3=0 res4=0 res5=0 res6=0 res7=0 res8=0 PowerStation=1 Road=9 House=1 | nw=1367539.0427
  s=  366 a= 44(MANAGER:10) r= -2.6595 cum=   -381.51 v= -0.3537 top5=[a32=0.033, a35=0.031, a12=0.030, a26=0.029, a9=0.028]
    OBS: year=1 month=3 season=0 money=4209 credit=196641 people=31 busy=0 free=31 home_places=110 need_workers=0 tax_due=1 main_tax_due=0 tax_amount=5990 main_tax_amount=0 days_alive=365 stage=0 res0=0 res1=200 res2=0 res3=0 res4=0 res5=0 res6=0 res7=0 res8=0 PowerStation=1 Road=9 House=1 | nw=1367539.0427
  s=  367 a= 15(BUILD:Fish) r= -3.5661 cum=   -385.08 v= -0.3527 top5=[a32=0.033, a35=0.031, a12=0.030, a26=0.029, a9=0.028] [BUILD FAILED: Fish money=4209 free=31]
    OBS: year=1 month=3 season=0 money=4209 credit=196641 people=31 busy=0 free=31 home_places=110 need_workers=0 tax_due=1 main_tax_due=0 tax_amount=5990 main_tax_amount=0 days_alive=365 stage=0 res0=0 res1=200 res2=0 res3=0 res4=0 res5=0 res6=0 res7=0 res8=0 PowerStation=1 Road=9 House=1 | nw=1367539.0427
  s=  368 a= 40(MANAGER:6) r= -3.5629 cum=   -388.64 v= -0.3516 top5=[a32=0.033, a35=0.031, a12=0.030, a26=0.029, a9=0.028]
    OBS: year=1 month=3 season=0 money=4209 credit=196641 people=31 busy=0 free=31 home_places=110 need_workers=0 tax_due=1 main_tax_due=0 tax_amount=5990 main_tax_amount=0 days_alive=365 stage=0 res0=0 res1=200 res2=0 res3=0 res4=0 res5=0 res6=0 res7=0 res8=0 PowerStation=1 Road=9 House=1 | nw=1367539.0427
  s=  369 a= 28(BUILD:BigRefinary) r= -3.5596 cum=   -392.20 v= -0.3506 top5=[a32=0.033, a35=0.031, a12=0.030, a26=0.029, a9=0.028] [BUILD FAILED: BigRefinary money=4209 free=31]
    OBS: year=1 month=3 season=0 money=4209 credit=196641 people=31 busy=0 free=31 home_places=110 need_workers=0 tax_due=1 main_tax_due=0 tax_amount=5990 main_tax_amount=0 days_alive=365 stage=0 res0=0 res1=200 res2=0 res3=0 res4=0 res5=0 res6=0 res7=0 res8=0 PowerStation=1 Road=9 House=1 | nw=1367539.0427
  s=  370 a= 43(MANAGER:9) r= -3.5565 cum=   -395.76 v= -0.3496 top5=[a32=0.033, a35=0.031, a12=0.030, a26=0.029, a9=0.028]
    OBS: year=1 month=3 season=0 money=4209 credit=196641 people=31 busy=0 free=31 home_places=110 need_workers=0 tax_due=1 main_tax_due=0 tax_amount=5990 main_tax_amount=0 days_alive=365 stage=0 res0=0 res1=200 res2=0 res3=0 res4=0 res5=0 res6=0 res7=0 res8=0 PowerStation=1 Road=9 House=1 | nw=1367539.0427
  s=  371 a= 44(MANAGER:10) r= -2.6500 cum=   -398.41 v= -0.3486 top5=[a32=0.033, a35=0.031, a12=0.030, a26=0.029, a9=0.028]
    OBS: year=1 month=3 season=0 money=4209 credit=196641 people=31 busy=0 free=31 home_places=110 need_workers=0 tax_due=1 main_tax_due=0 tax_amount=5990 main_tax_amount=0 days_alive=365 stage=0 res0=0 res1=200 res2=0 res3=0 res4=0 res5=0 res6=0 res7=0 res8=0 PowerStation=1 Road=9 House=1 | nw=1367539.0427
  s=  372 a= 21(BUILD:BigFarm) r= -3.5534 cum=   -401.96 v= -0.3476 top5=[a32=0.033, a35=0.031, a12=0.030, a26=0.029, a9=0.028] [BUILD FAILED: BigFarm money=4209 free=31]
    OBS: year=1 month=3 season=0 money=4209 credit=196641 people=31 busy=0 free=31 home_places=110 need_workers=0 tax_due=1 main_tax_due=0 tax_amount=5990 main_tax_amount=0 days_alive=365 stage=0 res0=0 res1=200 res2=0 res3=0 res4=0 res5=0 res6=0 res7=0 res8=0 PowerStation=1 Road=9 House=1 | nw=1367539.0427
  s=  373 a= 43(MANAGER:9) r= -3.5504 cum=   -405.51 v= -0.3467 top5=[a32=0.033, a35=0.031, a12=0.030, a26=0.029, a9=0.028]
    OBS: year=1 month=3 season=0 money=4209 credit=196641 people=31 busy=0 free=31 home_places=110 need_workers=0 tax_due=1 main_tax_due=0 tax_amount=5990 main_tax_amount=0 days_alive=365 stage=0 res0=0 res1=200 res2=0 res3=0 res4=0 res5=0 res6=0 res7=0 res8=0 PowerStation=1 Road=9 House=1 | nw=1367539.0427
  s=  374 a=  0(DAY) r= -3.5474 cum=   -409.06 v= -0.3457 top5=[a32=0.033, a35=0.031, a12=0.030, a26=0.029, a9=0.028]
    OBS: year=1 month=3 season=0 money=4209 credit=196641 people=31 busy=0 free=31 home_places=110 need_workers=0 tax_due=1 main_tax_due=0 tax_amount=5990 main_tax_amount=0 days_alive=365 stage=0 res0=0 res1=200 res2=0 res3=0 res4=0 res5=0 res6=0 res7=0 res8=0 PowerStation=1 Road=9 House=1 | nw=1367539.0427
  s=  375 a= 18(BUILD:CowFarm) r= -3.5444 cum=   -412.60 v= -0.3447 top5=[a32=0.033, a35=0.031, a12=0.030, a26=0.029, a9=0.028] [BUILD FAILED: CowFarm money=4209 free=31]
    OBS: year=1 month=3 season=0 money=4209 credit=196641 people=31 busy=0 free=31 home_places=110 need_workers=0 tax_due=1 main_tax_due=0 tax_amount=5990 main_tax_amount=0 days_alive=365 stage=0 res0=0 res1=200 res2=0 res3=0 res4=0 res5=0 res6=0 res7=0 res8=0 PowerStation=1 Road=9 House=1 | nw=1367539.0427
  s=  376 a= 24(BUILD:Hothouse) r= -3.5414 cum=   -416.14 v= -0.3438 top5=[a32=0.033, a35=0.031, a12=0.030, a26=0.029, a9=0.028] [BUILD FAILED: Hothouse money=4209 free=31]
    OBS: year=1 month=3 season=0 money=4209 credit=196641 people=31 busy=0 free=31 home_places=110 need_workers=0 tax_due=1 main_tax_due=0 tax_amount=5990 main_tax_amount=0 days_alive=365 stage=0 res0=0 res1=200 res2=0 res3=0 res4=0 res5=0 res6=0 res7=0 res8=0 PowerStation=1 Road=9 House=1 | nw=1367539.0427
  s=  377 a= 40(MANAGER:6) r= -3.5385 cum=   -419.68 v= -0.3429 top5=[a32=0.033, a35=0.031, a12=0.030, a26=0.029, a9=0.028]
    OBS: year=1 month=3 season=0 money=4209 credit=196641 people=31 busy=0 free=31 home_places=110 need_workers=0 tax_due=1 main_tax_due=0 tax_amount=5990 main_tax_amount=0 days_alive=365 stage=0 res0=0 res1=200 res2=0 res3=0 res4=0 res5=0 res6=0 res7=0 res8=0 PowerStation=1 Road=9 House=1 | nw=1367539.0427
  s=  378 a= 35(MANAGER:1) r= -3.5357 cum=   -423.22 v= -0.3420 top5=[a32=0.033, a35=0.031, a12=0.030, a26=0.029, a9=0.028]
    OBS: year=1 month=3 season=0 money=4209 credit=196641 people=31 busy=0 free=31 home_places=110 need_workers=0 tax_due=1 main_tax_due=0 tax_amount=5990 main_tax_amount=0 days_alive=365 stage=0 res0=0 res1=200 res2=0 res3=0 res4=0 res5=0 res6=0 res7=0 res8=0 PowerStation=1 Road=9 House=1 | nw=1367539.0427
  s=  379 a= 36(MANAGER:2) r= -3.5329 cum=   -426.75 v= -0.3411 top5=[a32=0.033, a35=0.031, a12=0.030, a26=0.029, a9=0.028]
    OBS: year=1 month=3 season=0 money=4209 credit=196641 people=31 busy=0 free=31 home_places=110 need_workers=0 tax_due=1 main_tax_due=0 tax_amount=5990 main_tax_amount=0 days_alive=365 stage=0 res0=0 res1=200 res2=0 res3=0 res4=0 res5=0 res6=0 res7=0 res8=0 PowerStation=1 Road=9 House=1 | nw=1367539.0427
  s=  380 a= 15(BUILD:Fish) r= -3.5301 cum=   -430.28 v= -0.3402 top5=[a32=0.033, a35=0.031, a12=0.030, a26=0.029, a9=0.028] [BUILD FAILED: Fish money=4209 free=31]
    OBS: year=1 month=3 season=0 money=4209 credit=196641 people=31 busy=0 free=31 home_places=110 need_workers=0 tax_due=1 main_tax_due=0 tax_amount=5990 main_tax_amount=0 days_alive=365 stage=0 res0=0 res1=200 res2=0 res3=0 res4=0 res5=0 res6=0 res7=0 res8=0 PowerStation=1 Road=9 House=1 | nw=1367539.0427
  s=  381 a=  1(WEEK) r= -5.9785 cum=   -436.26 v= -0.3394 top5=[a32=0.033, a35=0.031, a12=0.030, a26=0.029, a9=0.028]
    OBS: year=1 month=3 season=0 money=4209 credit=196641 people=31 busy=0 free=31 home_places=110 need_workers=0 tax_due=1 main_tax_due=0 tax_amount=5990 main_tax_amount=0 days_alive=365 stage=0 res0=0 res1=200 res2=0 res3=0 res4=0 res5=0 res6=0 res7=0 res8=0 PowerStation=1 Road=9 House=1 | nw=1367539.0427
  s=  382 a=  5(BUILD:House) r= -3.5099 cum=   -439.77 v= -0.3385 top5=[a32=0.033, a35=0.031, a12=0.030, a26=0.029, a9=0.028] [BUILD FAILED: House money=4209 free=31]
    OBS: year=1 month=3 season=0 money=4209 credit=196641 people=31 busy=0 free=31 home_places=110 need_workers=0 tax_due=1 main_tax_due=0 tax_amount=5990 main_tax_amount=0 days_alive=365 stage=0 res0=0 res1=200 res2=0 res3=0 res4=0 res5=0 res6=0 res7=0 res8=0 PowerStation=1 Road=9 House=1 | nw=1367539.0427
  s=  383 a= 30(BUILD:BigIronmine) r= -3.5074 cum=   -443.28 v= -0.3377 top5=[a32=0.033, a35=0.031, a12=0.030, a26=0.029, a9=0.028] [BUILD FAILED: BigIronmine money=4209 free=31]
    OBS: year=1 month=3 season=0 money=4209 credit=196641 people=31 busy=0 free=31 home_places=110 need_workers=0 tax_due=1 main_tax_due=0 tax_amount=5990 main_tax_amount=0 days_alive=365 stage=0 res0=0 res1=200 res2=0 res3=0 res4=0 res5=0 res6=0 res7=0 res8=0 PowerStation=1 Road=9 House=1 | nw=1367539.0427
  s=  384 a= 17(BUILD:HuntingLand) r= -3.5048 cum=   -446.78 v= -0.3369 top5=[a32=0.033, a35=0.031, a12=0.030, a26=0.029, a9=0.028] [BUILD FAILED: HuntingLand money=4209 free=31]
    OBS: year=1 month=3 season=0 money=4209 credit=196641 people=31 busy=0 free=31 home_places=110 need_workers=0 tax_due=1 main_tax_due=0 tax_amount=5990 main_tax_amount=0 days_alive=365 stage=0 res0=0 res1=200 res2=0 res3=0 res4=0 res5=0 res6=0 res7=0 res8=0 PowerStation=1 Road=9 House=1 | nw=1367539.0427
  s=  385 a=  1(WEEK) r= -3.5024 cum=   -450.28 v= -0.3361 top5=[a32=0.033, a35=0.031, a12=0.030, a26=0.029, a9=0.028]
    OBS: year=1 month=3 season=0 money=4209 credit=196641 people=31 busy=0 free=31 home_places=110 need_workers=0 tax_due=1 main_tax_due=0 tax_amount=5990 main_tax_amount=0 days_alive=365 stage=0 res0=0 res1=200 res2=0 res3=0 res4=0 res5=0 res6=0 res7=0 res8=0 PowerStation=1 Road=9 House=1 | nw=1367539.0427
  s=  386 a=  8(BUILD:Coalmine) r= -3.4999 cum=   -453.78 v= -0.3353 top5=[a32=0.033, a35=0.031, a12=0.030, a26=0.029, a9=0.028] [BUILD FAILED: Coalmine money=4209 free=31]
    OBS: year=1 month=3 season=0 money=4209 credit=196641 people=31 busy=0 free=31 home_places=110 need_workers=0 tax_due=1 main_tax_due=0 tax_amount=5990 main_tax_amount=0 days_alive=365 stage=0 res0=0 res1=200 res2=0 res3=0 res4=0 res5=0 res6=0 res7=0 res8=0 PowerStation=1 Road=9 House=1 | nw=1367539.0427
  s=  387 a= 23(BUILD:Torchlight) r= -3.4975 cum=   -457.28 v= -0.3345 top5=[a32=0.033, a35=0.031, a12=0.030, a26=0.029, a9=0.028] [BUILD FAILED: Torchlight money=4209 free=31]
    OBS: year=1 month=3 season=0 money=4209 credit=196641 people=31 busy=0 free=31 home_places=110 need_workers=0 tax_due=1 main_tax_due=0 tax_amount=5990 main_tax_amount=0 days_alive=365 stage=0 res0=0 res1=200 res2=0 res3=0 res4=0 res5=0 res6=0 res7=0 res8=0 PowerStation=1 Road=9 House=1 | nw=1367539.0427
  s=  388 a= 36(MANAGER:2) r= -3.4951 cum=   -460.78 v= -0.3337 top5=[a32=0.033, a35=0.031, a12=0.030, a26=0.029, a9=0.028]
    OBS: year=1 month=3 season=0 money=4209 credit=196641 people=31 busy=0 free=31 home_places=110 need_workers=0 tax_due=1 main_tax_due=0 tax_amount=5990 main_tax_amount=0 days_alive=365 stage=0 res0=0 res1=200 res2=0 res3=0 res4=0 res5=0 res6=0 res7=0 res8=0 PowerStation=1 Road=9 House=1 | nw=1367539.0427
  s=  389 a= 19(BUILD:Mushroom) r= -3.4928 cum=   -464.27 v= -0.3329 top5=[a32=0.033, a35=0.031, a12=0.030, a26=0.029, a9=0.028] [BUILD FAILED: Mushroom money=4209 free=31]
    OBS: year=1 month=3 season=0 money=4209 credit=196641 people=31 busy=0 free=31 home_places=110 need_workers=0 tax_due=1 main_tax_due=0 tax_amount=5990 main_tax_amount=0 days_alive=365 stage=0 res0=0 res1=200 res2=0 res3=0 res4=0 res5=0 res6=0 res7=0 res8=0 PowerStation=1 Road=9 House=1 | nw=1367539.0427
  s=  390 a= 24(BUILD:Hothouse) r= -3.4905 cum=   -467.76 v= -0.3321 top5=[a32=0.033, a35=0.031, a12=0.030, a26=0.029, a9=0.028] [BUILD FAILED: Hothouse money=4209 free=31]
    OBS: year=1 month=3 season=0 money=4209 credit=196641 people=31 busy=0 free=31 home_places=110 need_workers=0 tax_due=1 main_tax_due=0 tax_amount=5990 main_tax_amount=0 days_alive=365 stage=0 res0=0 res1=200 res2=0 res3=0 res4=0 res5=0 res6=0 res7=0 res8=0 PowerStation=1 Road=9 House=1 | nw=1367539.0427
  s=  391 a= 42(MANAGER:8) r= -3.4882 cum=   -471.25 v= -0.3313 top5=[a32=0.033, a35=0.031, a12=0.030, a26=0.029, a9=0.028]
    OBS: year=1 month=3 season=0 money=4209 credit=196641 people=31 busy=0 free=31 home_places=110 need_workers=0 tax_due=1 main_tax_due=0 tax_amount=5990 main_tax_amount=0 days_alive=365 stage=0 res0=0 res1=200 res2=0 res3=0 res4=0 res5=0 res6=0 res7=0 res8=0 PowerStation=1 Road=9 House=1 | nw=1367539.0427
  s=  392 a= 21(BUILD:BigFarm) r= -3.4859 cum=   -474.73 v= -0.3306 top5=[a32=0.033, a35=0.030, a12=0.030, a26=0.029, a9=0.028] [BUILD FAILED: BigFarm money=4209 free=31]
    OBS: year=1 month=3 season=0 money=4209 credit=196641 people=31 busy=0 free=31 home_places=110 need_workers=0 tax_due=1 main_tax_due=0 tax_amount=5990 main_tax_amount=0 days_alive=365 stage=0 res0=0 res1=200 res2=0 res3=0 res4=0 res5=0 res6=0 res7=0 res8=0 PowerStation=1 Road=9 House=1 | nw=1367539.0427
  s=  393 a= 23(BUILD:Torchlight) r= -5.9046 cum=   -480.64 v= -0.3298 top5=[a32=0.032, a35=0.030, a12=0.030, a26=0.029, a9=0.028] [BUILD FAILED: Torchlight money=82000 free=28]
    OBS: year=0 month=3 season=0 money=82000 credit=0 people=28 busy=0 free=28 home_places=50 need_workers=0 tax_due=0 main_tax_due=0 tax_amount=5106 main_tax_amount=0 days_alive=0 stage=0 res0=0 res1=0 res2=0 res3=0 res4=0 res5=0 res6=0 res7=0 res8=0 | nw=1532000.0000
  >>> Ep 2: reward=-480.64, steps=394
  >>> final: year=0 month=3 season=0 money=82000 credit=0 people=28 busy=0 free=28 home_places=50 need_workers=0 tax_due=0 main_tax_due=0 tax_amount=5106 main_tax_amount=0 days_alive=0 stage=0 res0=0 res1=0 res2=0 res3=0 res4=0 res5=0 res6=0 res7=0 res8=0 | nw=1532000.0000
======================================================================
EPISODE 3
======================================================================
init: year=0 month=3 season=0 money=82000 credit=0 people=28 busy=0 free=28 home_places=50 need_workers=0 tax_due=0 main_tax_due=0 tax_amount=5106 main_tax_amount=0 days_alive=0 stage=0 res0=0 res1=0 res2=0 res3=0 res4=0 res5=0 res6=0 res7=0 res8=0 | nw=1532000.0000
  s=    0 a= 22(BUILD:Apiary) r= +2.5909 cum=     +2.59 v= -0.4806 top5=[a9=0.039, a27=0.039, a26=0.037, a6=0.032, a34=0.029] [BUILD: Apiary]
    OBS: year=0 month=3 season=0 money=72615 credit=0 people=28 busy=0 free=28 home_places=50 need_workers=0 tax_due=0 main_tax_due=0 tax_amount=5526 main_tax_amount=0 days_alive=1 stage=0 res0=0 res1=0 res2=0 res3=0 res4=0 res5=0 res6=0 res7=0 res8=0 Apiary=1 | nw=1532000.0000
  s=    1 a= 16(BUILD:CoalCut) r= -0.3519 cum=     +2.24 v= -0.5677 top5=[a9=0.033, a26=0.031, a43=0.031, a34=0.030, a6=0.029] [BUILD: CoalCut]
    OBS: year=0 month=3 season=0 money=72615 credit=0 people=28 busy=0 free=28 home_places=50 need_workers=0 tax_due=0 main_tax_due=0 tax_amount=5526 main_tax_amount=0 days_alive=2 stage=0 res0=0 res1=0 res2=0 res3=0 res4=0 res5=0 res6=0 res7=0 res8=0 Apiary=1 | nw=1532000.0000
  s=    2 a= 21(BUILD:BigFarm) r= +0.0428 cum=     +2.28 v= -0.5645 top5=[a9=0.033, a26=0.032, a43=0.031, a34=0.029, a6=0.029] [BUILD: BigFarm]
    OBS: year=0 month=3 season=0 money=72615 credit=0 people=28 busy=0 free=28 home_places=50 need_workers=0 tax_due=0 main_tax_due=0 tax_amount=5526 main_tax_amount=0 days_alive=3 stage=0 res0=0 res1=0 res2=0 res3=0 res4=0 res5=0 res6=0 res7=0 res8=0 Apiary=1 | nw=1532000.0000
  s=    3 a=  9(BUILD:Ironmine) r= -0.3522 cum=     +1.93 v= -0.5617 top5=[a9=0.033, a26=0.032, a43=0.031, a34=0.029, a27=0.029] [BUILD: Ironmine]
    OBS: year=0 month=3 season=0 money=72615 credit=0 people=28 busy=0 free=28 home_places=50 need_workers=0 tax_due=0 main_tax_due=0 tax_amount=5526 main_tax_amount=0 days_alive=4 stage=0 res0=0 res1=0 res2=0 res3=0 res4=0 res5=0 res6=0 res7=0 res8=0 Apiary=1 | nw=1532000.0000
  s=    4 a=  5(BUILD:House) r= -0.3523 cum=     +1.58 v= -0.5592 top5=[a9=0.033, a26=0.032, a43=0.031, a27=0.029, a34=0.029] [BUILD: House]
    OBS: year=0 month=3 season=0 money=72615 credit=0 people=28 busy=0 free=28 home_places=50 need_workers=0 tax_due=0 main_tax_due=0 tax_amount=5526 main_tax_amount=0 days_alive=5 stage=0 res0=0 res1=0 res2=0 res3=0 res4=0 res5=0 res6=0 res7=0 res8=0 Apiary=1 | nw=1532000.0000
  s=    5 a= 20(BUILD:BigHouse) r= +1.9154 cum=     +3.49 v= -0.5573 top5=[a9=0.033, a26=0.032, a43=0.030, a27=0.029, a34=0.029] [BUILD: BigHouse]
    OBS: year=0 month=3 season=0 money=6215 credit=0 people=28 busy=0 free=28 home_places=50 need_workers=0 tax_due=0 main_tax_due=0 tax_amount=5946 main_tax_amount=0 days_alive=6 stage=0 res0=0 res1=0 res2=0 res3=0 res4=0 res5=0 res6=0 res7=0 res8=0 BigHouse=1 Apiary=1 | nw=1532000.0000
  s=    6 a= 14(BUILD:Road) r= +0.7686 cum=     +4.26 v= -0.5227 top5=[a26=0.035, a9=0.030, a6=0.029, a8=0.029, a16=0.029] [BUILD: Road]
    OBS: year=0 month=3 season=0 money=315 credit=0 people=28 busy=0 free=28 home_places=50 need_workers=0 tax_due=0 main_tax_due=0 tax_amount=6366 main_tax_amount=0 days_alive=7 stage=0 res0=0 res1=0 res2=0 res3=0 res4=0 res5=0 res6=0 res7=0 res8=0 SmallHouse=1 BigHouse=1 Apiary=1 | nw=1532000.0000
  s=    7 a=  4(BUILD:Garden) r= -0.1381 cum=     +4.12 v= -0.4396 top5=[a8=0.035, a26=0.033, a16=0.030, a27=0.029, a21=0.028] [BUILD: Garden]
    OBS: year=0 month=3 season=0 money=315 credit=0 people=28 busy=0 free=28 home_places=50 need_workers=0 tax_due=0 main_tax_due=0 tax_amount=6366 main_tax_amount=0 days_alive=8 stage=0 res0=0 res1=0 res2=0 res3=0 res4=0 res5=0 res6=0 res7=0 res8=0 SmallHouse=1 BigHouse=1 Apiary=1 | nw=1532000.0000
  s=    8 a= 41(MANAGER:7) r= -0.3522 cum=     +3.77 v= -0.4347 top5=[a8=0.035, a26=0.033, a16=0.030, a27=0.029, a9=0.028]
    OBS: year=0 month=3 season=0 money=315 credit=0 people=28 busy=0 free=28 home_places=50 need_workers=0 tax_due=0 main_tax_due=0 tax_amount=6366 main_tax_amount=0 days_alive=9 stage=0 res0=0 res1=0 res2=0 res3=0 res4=0 res5=0 res6=0 res7=0 res8=0 SmallHouse=1 BigHouse=1 Apiary=1 | nw=1532000.0000
  s=    9 a= 21(BUILD:BigFarm) r= -0.3523 cum=     +3.42 v= -0.4301 top5=[a8=0.036, a26=0.033, a16=0.030, a27=0.029, a9=0.028] [BUILD: BigFarm]
    OBS: year=0 month=3 season=0 money=315 credit=0 people=28 busy=0 free=28 home_places=50 need_workers=0 tax_due=0 main_tax_due=0 tax_amount=6366 main_tax_amount=0 days_alive=10 stage=0 res0=0 res1=0 res2=0 res3=0 res4=0 res5=0 res6=0 res7=0 res8=0 SmallHouse=1 BigHouse=1 Apiary=1 | nw=1532000.0000
  s=   10 a= 33(BUILD:AtomStation) r= -0.3525 cum=     +3.07 v= -0.4252 top5=[a8=0.036, a26=0.033, a16=0.030, a27=0.029, a9=0.028] [BUILD: AtomStation]
    OBS: year=0 month=3 season=0 money=315 credit=0 people=28 busy=0 free=28 home_places=50 need_workers=0 tax_due=0 main_tax_due=0 tax_amount=6366 main_tax_amount=0 days_alive=11 stage=0 res0=0 res1=0 res2=0 res3=0 res4=0 res5=0 res6=0 res7=0 res8=0 SmallHouse=1 BigHouse=1 Apiary=1 | nw=1532000.0000
  s=   11 a= 17(BUILD:HuntingLand) r= -0.3527 cum=     +2.71 v= -0.4212 top5=[a8=0.036, a26=0.033, a16=0.030, a27=0.029, a9=0.028] [BUILD: HuntingLand]
    OBS: year=0 month=3 season=0 money=315 credit=0 people=28 busy=0 free=28 home_places=50 need_workers=0 tax_due=0 main_tax_due=0 tax_amount=6366 main_tax_amount=0 days_alive=12 stage=0 res0=0 res1=0 res2=0 res3=0 res4=0 res5=0 res6=0 res7=0 res8=0 SmallHouse=1 BigHouse=1 Apiary=1 | nw=1532000.0000
  s=   12 a= 15(BUILD:Fish) r= -0.3529 cum=     +2.36 v= -0.4171 top5=[a8=0.036, a26=0.033, a16=0.030, a27=0.029, a9=0.028] [BUILD: Fish]
    OBS: year=0 month=3 season=0 money=315 credit=0 people=28 busy=0 free=28 home_places=50 need_workers=0 tax_due=0 main_tax_due=0 tax_amount=6366 main_tax_amount=0 days_alive=13 stage=0 res0=0 res1=0 res2=0 res3=0 res4=0 res5=0 res6=0 res7=0 res8=0 SmallHouse=1 BigHouse=1 Apiary=1 | nw=1532000.0000
  s=   13 a=  1(WEEK) r= +0.2291 cum=     +2.59 v= -0.4130 top5=[a8=0.036, a26=0.033, a16=0.030, a27=0.029, a9=0.028]
    OBS: year=0 month=3 season=0 money=315 credit=0 people=28 busy=0 free=28 home_places=50 need_workers=0 tax_due=0 main_tax_due=0 tax_amount=6366 main_tax_amount=0 days_alive=20 stage=0 res0=0 res1=0 res2=0 res3=0 res4=0 res5=0 res6=0 res7=0 res8=0 SmallHouse=1 BigHouse=1 Apiary=1 | nw=1531989.3630
  s=   14 a= 16(BUILD:CoalCut) r= +5.8860 cum=     +8.48 v= -0.3835 top5=[a8=0.035, a26=0.034, a16=0.029, a9=0.028, a27=0.028] [BUILD: CoalCut]
    OBS: year=0 month=3 season=0 money=315 credit=0 people=28 busy=0 free=28 home_places=50 need_workers=0 tax_due=0 main_tax_due=0 tax_amount=6366 main_tax_amount=0 days_alive=21 stage=0 res0=0 res1=0 res2=0 res3=0 res4=0 res5=0 res6=0 res7=0 res8=0 SmallHouse=1 BigHouse=1 Apiary=1 | nw=1531987.8434
  s=   15 a= 12(BUILD:PowerStation) r= -0.3506 cum=     +8.13 v= -0.3792 top5=[a8=0.035, a26=0.034, a16=0.029, a9=0.028, a27=0.028] [BUILD: PowerStation]
    OBS: year=0 month=3 season=0 money=315 credit=0 people=28 busy=0 free=28 home_places=50 need_workers=0 tax_due=0 main_tax_due=0 tax_amount=6366 main_tax_amount=0 days_alive=22 stage=0 res0=0 res1=0 res2=0 res3=0 res4=0 res5=0 res6=0 res7=0 res8=0 SmallHouse=1 BigHouse=1 Apiary=1 | nw=1531986.3238
  s=   16 a= 21(BUILD:BigFarm) r= -0.1386 cum=     +7.99 v= -0.3755 top5=[a8=0.035, a26=0.034, a16=0.029, a9=0.028, a27=0.028] [BUILD: BigFarm]
    OBS: year=0 month=3 season=0 money=315 credit=0 people=28 busy=0 free=28 home_places=50 need_workers=0 tax_due=0 main_tax_due=0 tax_amount=6366 main_tax_amount=0 days_alive=23 stage=0 res0=0 res1=0 res2=0 res3=0 res4=0 res5=0 res6=0 res7=0 res8=0 SmallHouse=1 BigHouse=1 Apiary=1 | nw=1531984.0445
  s=   17 a=  1(WEEK) r= -5.6181 cum=     +2.37 v= -0.3719 top5=[a8=0.035, a26=0.034, a16=0.029, a9=0.028, a27=0.028]
    OBS: year=0 month=3 season=0 money=315 credit=0 people=28 busy=0 free=28 home_places=50 need_workers=0 tax_due=0 main_tax_due=0 tax_amount=6366 main_tax_amount=0 days_alive=30 stage=0 res0=0 res1=0 res2=0 res3=0 res4=0 res5=0 res6=0 res7=0 res8=0 SmallHouse=1 BigHouse=1 Apiary=1 | nw=1531954.0702
  s=   18 a=  9(BUILD:Ironmine) r= -0.3523 cum=     +2.02 v= -0.9870 top5=[a26=0.050, a6=0.046, a32=0.039, a27=0.034, a8=0.032] [BUILD: Ironmine]
    OBS: year=0 month=4 season=0 money=315 credit=0 people=28 busy=0 free=28 home_places=50 need_workers=0 tax_due=0 main_tax_due=0 tax_amount=6366 main_tax_amount=0 days_alive=31 stage=0 res0=0 res1=0 res2=0 res3=0 res4=0 res5=0 res6=0 res7=0 res8=0 SmallHouse=1 BigHouse=1 Apiary=1 | nw=1531947.9234
  s=   19 a=  0(DAY) r= +0.2295 cum=     +2.25 v= -0.8296 top5=[a6=0.050, a32=0.045, a26=0.042, a27=0.036, a43=0.031]
    OBS: year=0 month=4 season=0 money=315 credit=0 people=28 busy=0 free=28 home_places=50 need_workers=0 tax_due=0 main_tax_due=0 tax_amount=6366 main_tax_amount=0 days_alive=32 stage=0 res0=0 res1=0 res2=0 res3=0 res4=0 res5=0 res6=0 res7=0 res8=0 SmallHouse=1 BigHouse=1 Apiary=1 | nw=1531942.5364
  s=   20 a= 21(BUILD:BigFarm) r= +0.0393 cum=     +2.29 v= -0.8003 top5=[a6=0.047, a32=0.043, a26=0.042, a27=0.035, a43=0.030] [BUILD: BigFarm]
    OBS: year=0 month=4 season=0 money=315 credit=0 people=28 busy=0 free=28 home_places=50 need_workers=0 tax_due=0 main_tax_due=0 tax_amount=6366 main_tax_amount=0 days_alive=33 stage=0 res0=0 res1=0 res2=0 res3=0 res4=0 res5=0 res6=0 res7=0 res8=0 SmallHouse=1 BigHouse=1 Apiary=1 | nw=1531937.1494
  s=   21 a= 19(BUILD:Mushroom) r= -0.3534 cum=     +1.93 v= -0.7746 top5=[a6=0.045, a32=0.042, a26=0.041, a27=0.035, a16=0.030] [BUILD: Mushroom]
    OBS: year=0 month=4 season=0 money=315 credit=0 people=28 busy=0 free=28 home_places=50 need_workers=0 tax_due=0 main_tax_due=0 tax_amount=6366 main_tax_amount=0 days_alive=34 stage=0 res0=0 res1=0 res2=0 res3=0 res4=0 res5=0 res6=0 res7=0 res8=0 SmallHouse=1 BigHouse=1 Apiary=1 | nw=1531929.8286
  s=   22 a= 37(MANAGER:3) r= -4.6638 cum=     -2.73 v= -0.7526 top5=[a6=0.044, a26=0.041, a32=0.041, a27=0.034, a16=0.030]
    OBS: year=0 month=4 season=0 money=1253 credit=0 people=28 busy=0 free=28 home_places=70 need_workers=0 tax_due=0 main_tax_due=0 tax_amount=5946 main_tax_amount=0 days_alive=35 stage=0 res0=0 res1=0 res2=0 res3=0 res4=0 res5=0 res6=0 res7=0 res8=0 SmallHouse=1 BigHouse=1 | nw=1523518.8096
  s=   23 a= 41(MANAGER:7) r= -0.0009 cum=     -2.73 v= -0.6429 top5=[a21=0.031, a8=0.030, a26=0.030, a27=0.029, a13=0.029]
    OBS: year=0 month=4 season=0 money=453 credit=0 people=28 busy=0 free=28 home_places=70 need_workers=0 tax_due=0 main_tax_due=0 tax_amount=5954 main_tax_amount=0 days_alive=36 stage=0 res0=0 res1=400 res2=0 res3=0 res4=0 res5=0 res6=0 res7=0 res8=0 SmallHouse=1 BigHouse=1 | nw=1523117.2900
  s=   24 a=  4(BUILD:Garden) r= -0.3496 cum=     -3.08 v= -0.5436 top5=[a21=0.034, a32=0.032, a8=0.031, a13=0.030, a20=0.029] [BUILD: Garden]
    OBS: year=0 month=4 season=0 money=453 credit=0 people=28 busy=0 free=28 home_places=70 need_workers=0 tax_due=0 main_tax_due=0 tax_amount=5954 main_tax_amount=0 days_alive=37 stage=0 res0=0 res1=400 res2=0 res3=0 res4=0 res5=0 res6=0 res7=0 res8=0 SmallHouse=1 BigHouse=1 | nw=1523115.7704
  s=   25 a= 18(BUILD:CowFarm) r= -0.3498 cum=     -3.43 v= -0.5368 top5=[a21=0.034, a32=0.031, a8=0.031, a13=0.031, a26=0.029] [BUILD: CowFarm]
    OBS: year=0 month=4 season=0 money=453 credit=0 people=28 busy=0 free=28 home_places=70 need_workers=0 tax_due=0 main_tax_due=0 tax_amount=5954 main_tax_amount=0 days_alive=38 stage=0 res0=0 res1=400 res2=0 res3=0 res4=0 res5=0 res6=0 res7=0 res8=0 SmallHouse=1 BigHouse=1 | nw=1523114.2509
  s=   26 a= 44(MANAGER:10) r= +0.5227 cum=     -2.91 v= -0.5299 top5=[a21=0.033, a32=0.031, a8=0.031, a13=0.031, a26=0.029]
    OBS: year=0 month=4 season=0 money=453 credit=0 people=28 busy=0 free=28 home_places=70 need_workers=0 tax_due=0 main_tax_due=0 tax_amount=5954 main_tax_amount=0 days_alive=39 stage=0 res0=0 res1=400 res2=0 res3=0 res4=0 res5=0 res6=0 res7=0 res8=0 SmallHouse=1 BigHouse=1 | nw=1523112.7313
  s=   27 a= 29(BUILD:Puerperal) r= -0.3500 cum=     -3.26 v= -0.5229 top5=[a21=0.033, a32=0.031, a8=0.031, a13=0.031, a26=0.030] [BUILD: Puerperal]
    OBS: year=0 month=4 season=0 money=453 credit=0 people=28 busy=0 free=28 home_places=70 need_workers=0 tax_due=0 main_tax_due=0 tax_amount=5954 main_tax_amount=0 days_alive=40 stage=0 res0=0 res1=400 res2=0 res3=0 res4=0 res5=0 res6=0 res7=0 res8=0 SmallHouse=1 BigHouse=1 | nw=1523111.2117
  s=   28 a=  8(BUILD:Coalmine) r= -0.3497 cum=     -3.61 v= -0.5155 top5=[a21=0.033, a8=0.031, a32=0.031, a13=0.031, a26=0.030] [BUILD: Coalmine]
    OBS: year=0 month=4 season=0 money=453 credit=0 people=28 busy=0 free=28 home_places=70 need_workers=0 tax_due=0 main_tax_due=0 tax_amount=5954 main_tax_amount=0 days_alive=41 stage=0 res0=0 res1=400 res2=0 res3=0 res4=0 res5=0 res6=0 res7=0 res8=0 SmallHouse=1 BigHouse=1 | nw=1523110.4519
  s=   29 a= 10(BUILD:Refinery) r= -0.3503 cum=     -3.96 v= -0.5084 top5=[a21=0.033, a8=0.031, a13=0.031, a32=0.031, a26=0.030] [BUILD: Refinery]
    OBS: year=0 month=4 season=0 money=453 credit=0 people=28 busy=0 free=28 home_places=70 need_workers=0 tax_due=0 main_tax_due=0 tax_amount=5954 main_tax_amount=0 days_alive=42 stage=0 res0=0 res1=400 res2=0 res3=0 res4=0 res5=0 res6=0 res7=0 res8=0 SmallHouse=1 BigHouse=1 | nw=1523108.9323
  s=   30 a= 33(BUILD:AtomStation) r= -0.3505 cum=     -4.31 v= -0.5014 top5=[a21=0.032, a8=0.031, a13=0.031, a32=0.030, a26=0.030] [BUILD: AtomStation]
    OBS: year=0 month=4 season=0 money=453 credit=0 people=28 busy=0 free=28 home_places=70 need_workers=0 tax_due=0 main_tax_due=0 tax_amount=5954 main_tax_amount=0 days_alive=43 stage=0 res0=0 res1=400 res2=0 res3=0 res4=0 res5=0 res6=0 res7=0 res8=0 SmallHouse=1 BigHouse=1 | nw=1523107.4128
  s=   31 a=  7(BUILD:Sawmill) r= -0.3507 cum=     -4.66 v= -0.4946 top5=[a21=0.032, a8=0.031, a13=0.031, a32=0.030, a26=0.030] [BUILD: Sawmill]
    OBS: year=0 month=4 season=0 money=453 credit=0 people=28 busy=0 free=28 home_places=70 need_workers=0 tax_due=0 main_tax_due=0 tax_amount=5954 main_tax_amount=0 days_alive=44 stage=0 res0=0 res1=400 res2=0 res3=0 res4=0 res5=0 res6=0 res7=0 res8=0 SmallHouse=1 BigHouse=1 | nw=1523105.8932
  s=   32 a= 35(MANAGER:1) r= -0.3509 cum=     -5.01 v= -0.4879 top5=[a21=0.032, a8=0.031, a13=0.031, a32=0.030, a26=0.030]
    OBS: year=0 month=4 season=0 money=453 credit=0 people=28 busy=0 free=28 home_places=70 need_workers=0 tax_due=0 main_tax_due=0 tax_amount=5954 main_tax_amount=0 days_alive=45 stage=0 res0=0 res1=400 res2=0 res3=0 res4=0 res5=0 res6=0 res7=0 res8=0 SmallHouse=1 BigHouse=1 | nw=1523104.3736
  s=   33 a= 37(MANAGER:3) r= -0.3510 cum=     -5.36 v= -0.4814 top5=[a21=0.032, a8=0.031, a13=0.031, a26=0.030, a32=0.030]
    OBS: year=0 month=4 season=0 money=453 credit=0 people=28 busy=0 free=28 home_places=70 need_workers=0 tax_due=0 main_tax_due=0 tax_amount=5954 main_tax_amount=0 days_alive=46 stage=0 res0=0 res1=400 res2=0 res3=0 res4=0 res5=0 res6=0 res7=0 res8=0 SmallHouse=1 BigHouse=1 | nw=1523102.8541
  s=   34 a= 31(BUILD:AirStation) r= -0.3512 cum=     -5.71 v= -0.4751 top5=[a8=0.032, a21=0.031, a13=0.031, a26=0.030, a32=0.030] [BUILD: AirStation]
    OBS: year=0 month=4 season=0 money=453 credit=0 people=28 busy=0 free=28 home_places=70 need_workers=0 tax_due=0 main_tax_due=0 tax_amount=5954 main_tax_amount=0 days_alive=47 stage=0 res0=0 res1=400 res2=0 res3=0 res4=0 res5=0 res6=0 res7=0 res8=0 SmallHouse=1 BigHouse=1 | nw=1523101.3345
  s=   35 a=  2(BUILD:WaterChannel) r= -0.3514 cum=     -6.07 v= -0.4675 top5=[a8=0.032, a13=0.031, a21=0.031, a26=0.030, a32=0.030] [BUILD: WaterChannel]
    OBS: year=0 month=4 season=0 money=453 credit=0 people=28 busy=0 free=28 home_places=70 need_workers=0 tax_due=0 main_tax_due=0 tax_amount=5954 main_tax_amount=0 days_alive=48 stage=0 res0=0 res1=400 res2=0 res3=0 res4=0 res5=0 res6=0 res7=0 res8=0 SmallHouse=1 BigHouse=1 | nw=1523099.8149
  s=   36 a= 34(MANAGER:0) r= -0.3516 cum=     -6.42 v= -0.4600 top5=[a8=0.032, a13=0.031, a21=0.031, a26=0.030, a32=0.029]
    OBS: year=0 month=4 season=0 money=453 credit=0 people=28 busy=0 free=28 home_places=70 need_workers=0 tax_due=0 main_tax_due=0 tax_amount=5954 main_tax_amount=0 days_alive=49 stage=0 res0=0 res1=400 res2=0 res3=0 res4=0 res5=0 res6=0 res7=0 res8=0 SmallHouse=1 BigHouse=1 | nw=1523098.2953
  s=   37 a= 35(MANAGER:1) r= -0.3518 cum=     -6.77 v= -0.4525 top5=[a8=0.032, a13=0.031, a21=0.031, a26=0.030, a32=0.029]
    OBS: year=0 month=4 season=0 money=453 credit=0 people=28 busy=0 free=28 home_places=70 need_workers=0 tax_due=0 main_tax_due=0 tax_amount=5954 main_tax_amount=0 days_alive=50 stage=0 res0=0 res1=400 res2=0 res3=0 res4=0 res5=0 res6=0 res7=0 res8=0 SmallHouse=1 BigHouse=1 | nw=1523096.7758
  s=   38 a= 24(BUILD:Hothouse) r= -0.3519 cum=     -7.12 v= -0.4455 top5=[a8=0.032, a13=0.031, a26=0.030, a21=0.030, a32=0.029] [BUILD: Hothouse]
    OBS: year=0 month=4 season=0 money=453 credit=0 people=28 busy=0 free=28 home_places=70 need_workers=0 tax_due=0 main_tax_due=0 tax_amount=5954 main_tax_amount=0 days_alive=51 stage=0 res0=0 res1=400 res2=0 res3=0 res4=0 res5=0 res6=0 res7=0 res8=0 SmallHouse=1 BigHouse=1 | nw=1523095.2562
  s=   39 a= 15(BUILD:Fish) r= -0.3517 cum=     -7.47 v= -0.4382 top5=[a8=0.032, a13=0.031, a26=0.031, a21=0.030, a9=0.029] [BUILD: Fish]
    OBS: year=0 month=4 season=0 money=453 credit=0 people=28 busy=0 free=28 home_places=70 need_workers=0 tax_due=0 main_tax_due=0 tax_amount=5954 main_tax_amount=0 days_alive=52 stage=0 res0=0 res1=400 res2=0 res3=0 res4=0 res5=0 res6=0 res7=0 res8=0 SmallHouse=1 BigHouse=1 | nw=1523094.4964
  s=   40 a=  8(BUILD:Coalmine) r= -0.3523 cum=     -7.82 v= -0.4311 top5=[a8=0.032, a13=0.031, a26=0.031, a21=0.030, a9=0.029] [BUILD: Coalmine]
    OBS: year=0 month=4 season=0 money=453 credit=0 people=28 busy=0 free=28 home_places=70 need_workers=0 tax_due=0 main_tax_due=0 tax_amount=5954 main_tax_amount=0 days_alive=53 stage=0 res0=0 res1=400 res2=0 res3=0 res4=0 res5=0 res6=0 res7=0 res8=0 SmallHouse=1 BigHouse=1 | nw=1523092.9768
  s=   41 a= 37(MANAGER:3) r= -0.3520 cum=     -8.18 v= -0.4240 top5=[a8=0.032, a13=0.031, a26=0.031, a21=0.030, a9=0.029]
    OBS: year=0 month=4 season=0 money=453 credit=0 people=28 busy=0 free=28 home_places=70 need_workers=0 tax_due=0 main_tax_due=0 tax_amount=5954 main_tax_amount=0 days_alive=54 stage=0 res0=0 res1=400 res2=0 res3=0 res4=0 res5=0 res6=0 res7=0 res8=0 SmallHouse=1 BigHouse=1 | nw=1523092.2170
  s=   42 a= 31(BUILD:AirStation) r= -0.3526 cum=     -8.53 v= -0.4171 top5=[a8=0.032, a13=0.031, a26=0.031, a21=0.029, a9=0.029] [BUILD: AirStation]
    OBS: year=0 month=4 season=0 money=453 credit=0 people=28 busy=0 free=28 home_places=70 need_workers=0 tax_due=0 main_tax_due=0 tax_amount=5954 main_tax_amount=0 days_alive=55 stage=0 res0=0 res1=400 res2=0 res3=0 res4=0 res5=0 res6=0 res7=0 res8=0 SmallHouse=1 BigHouse=1 | nw=1523090.6975
  s=   43 a= 23(BUILD:Torchlight) r= -0.3528 cum=     -8.88 v= -0.4102 top5=[a8=0.032, a26=0.031, a13=0.031, a9=0.029, a21=0.029] [BUILD: Torchlight]
    OBS: year=0 month=4 season=0 money=453 credit=0 people=28 busy=0 free=28 home_places=70 need_workers=0 tax_due=0 main_tax_due=0 tax_amount=5954 main_tax_amount=0 days_alive=56 stage=0 res0=0 res1=400 res2=0 res3=0 res4=0 res5=0 res6=0 res7=0 res8=0 SmallHouse=1 BigHouse=1 | nw=1523089.1779
  s=   44 a=  7(BUILD:Sawmill) r= -0.3530 cum=     -9.24 v= -0.4025 top5=[a8=0.032, a26=0.031, a13=0.031, a9=0.029, a21=0.029] [BUILD: Sawmill]
    OBS: year=0 month=4 season=0 money=453 credit=0 people=28 busy=0 free=28 home_places=70 need_workers=0 tax_due=0 main_tax_due=0 tax_amount=5954 main_tax_amount=0 days_alive=57 stage=0 res0=0 res1=400 res2=0 res3=0 res4=0 res5=0 res6=0 res7=0 res8=0 SmallHouse=1 BigHouse=1 | nw=1523087.6583
  s=   45 a= 38(MANAGER:4) r= -0.3527 cum=     -9.59 v= -0.3949 top5=[a8=0.033, a26=0.031, a13=0.031, a9=0.030, a21=0.029]
    OBS: year=0 month=4 season=0 money=453 credit=0 people=28 busy=0 free=28 home_places=70 need_workers=0 tax_due=0 main_tax_due=0 tax_amount=5954 main_tax_amount=0 days_alive=58 stage=0 res0=0 res1=400 res2=0 res3=0 res4=0 res5=0 res6=0 res7=0 res8=0 SmallHouse=1 BigHouse=1 | nw=1523086.8985
  s=   46 a= 11(BUILD:Goldmine) r= -0.3529 cum=     -9.94 v= -0.3884 top5=[a8=0.033, a26=0.031, a13=0.031, a9=0.030, a21=0.029] [BUILD: Goldmine]
    OBS: year=0 month=4 season=0 money=453 credit=0 people=28 busy=0 free=28 home_places=70 need_workers=0 tax_due=0 main_tax_due=0 tax_amount=5954 main_tax_amount=0 days_alive=59 stage=0 res0=0 res1=400 res2=0 res3=0 res4=0 res5=0 res6=0 res7=0 res8=0 SmallHouse=1 BigHouse=1 | nw=1523086.1387
  s=   47 a= 14(BUILD:Road) r= -0.3535 cum=    -10.29 v= -0.3819 top5=[a8=0.033, a26=0.031, a13=0.031, a9=0.030, a21=0.028] [BUILD: Road]
    OBS: year=0 month=4 season=0 money=453 credit=0 people=28 busy=0 free=28 home_places=70 need_workers=0 tax_due=0 main_tax_due=0 tax_amount=5954 main_tax_amount=0 days_alive=60 stage=0 res0=0 res1=400 res2=0 res3=0 res4=0 res5=0 res6=0 res7=0 res8=0 SmallHouse=1 BigHouse=1 | nw=1523084.6192
  s=   48 a= 38(MANAGER:4) r= -0.3537 cum=    -10.65 v= -0.3754 top5=[a8=0.033, a26=0.031, a13=0.030, a9=0.030, a21=0.028]
    OBS: year=0 month=5 season=0 money=453 credit=0 people=28 busy=0 free=28 home_places=70 need_workers=0 tax_due=0 main_tax_due=0 tax_amount=5954 main_tax_amount=0 days_alive=61 stage=0 res0=0 res1=400 res2=0 res3=0 res4=0 res5=0 res6=0 res7=0 res8=0 SmallHouse=1 BigHouse=1 | nw=1523083.0996
  s=   49 a= 21(BUILD:BigFarm) r= -0.3534 cum=    -11.00 v= -0.5344 top5=[a21=0.034, a32=0.032, a8=0.029, a9=0.029, a13=0.029] [BUILD: BigFarm]
    OBS: year=0 month=5 season=0 money=453 credit=0 people=28 busy=0 free=28 home_places=70 need_workers=0 tax_due=0 main_tax_due=0 tax_amount=5954 main_tax_amount=0 days_alive=62 stage=0 res0=0 res1=400 res2=0 res3=0 res4=0 res5=0 res6=0 res7=0 res8=0 SmallHouse=1 BigHouse=1 | nw=1523082.3398
  s=   50 a= 26(BUILD:BigSawmill) r= -0.3541 cum=    -11.36 v= -0.5307 top5=[a21=0.034, a32=0.032, a8=0.030, a9=0.029, a13=0.029] [BUILD: BigSawmill]
    OBS: year=0 month=5 season=0 money=453 credit=0 people=28 busy=0 free=28 home_places=70 need_workers=0 tax_due=0 main_tax_due=0 tax_amount=5954 main_tax_amount=0 days_alive=63 stage=0 res0=0 res1=400 res2=0 res3=0 res4=0 res5=0 res6=0 res7=0 res8=0 SmallHouse=1 BigHouse=1 | nw=1523080.8202
  s=   51 a= 21(BUILD:BigFarm) r= -0.3542 cum=    -11.71 v= -0.5266 top5=[a21=0.034, a32=0.032, a8=0.030, a13=0.029, a9=0.029] [BUILD: BigFarm]
    OBS: year=0 month=5 season=0 money=453 credit=0 people=28 busy=0 free=28 home_places=70 need_workers=0 tax_due=0 main_tax_due=0 tax_amount=5954 main_tax_amount=0 days_alive=64 stage=0 res0=0 res1=400 res2=0 res3=0 res4=0 res5=0 res6=0 res7=0 res8=0 SmallHouse=1 BigHouse=1 | nw=1523079.3007
  s=   52 a= 16(BUILD:CoalCut) r= -0.3540 cum=    -12.06 v= -0.5215 top5=[a21=0.034, a32=0.031, a8=0.030, a13=0.029, a9=0.029] [BUILD: CoalCut]
    OBS: year=0 month=5 season=0 money=453 credit=0 people=28 busy=0 free=28 home_places=70 need_workers=0 tax_due=0 main_tax_due=0 tax_amount=5954 main_tax_amount=0 days_alive=65 stage=0 res0=0 res1=400 res2=0 res3=0 res4=0 res5=0 res6=0 res7=0 res8=0 SmallHouse=1 BigHouse=1 | nw=1523078.5409
  s=   53 a= 26(BUILD:BigSawmill) r= -0.3546 cum=    -12.42 v= -0.5162 top5=[a21=0.033, a32=0.031, a8=0.030, a13=0.029, a9=0.029] [BUILD: BigSawmill]
    OBS: year=0 month=5 season=0 money=453 credit=0 people=28 busy=0 free=28 home_places=70 need_workers=0 tax_due=0 main_tax_due=0 tax_amount=5954 main_tax_amount=0 days_alive=66 stage=0 res0=0 res1=400 res2=0 res3=0 res4=0 res5=0 res6=0 res7=0 res8=0 SmallHouse=1 BigHouse=1 | nw=1523077.0213
  s=   54 a=  2(BUILD:WaterChannel) r= -0.3552 cum=    -12.77 v= -0.5106 top5=[a21=0.033, a32=0.031, a8=0.030, a13=0.029, a9=0.029] [BUILD: WaterChannel]
    OBS: year=0 month=5 season=0 money=453 credit=0 people=28 busy=0 free=28 home_places=70 need_workers=0 tax_due=0 main_tax_due=0 tax_amount=5954 main_tax_amount=0 days_alive=67 stage=0 res0=0 res1=400 res2=0 res3=0 res4=0 res5=0 res6=0 res7=0 res8=0 SmallHouse=1 BigHouse=1 | nw=1523074.7419
  s=   55 a= 21(BUILD:BigFarm) r= -0.3554 cum=    -13.13 v= -0.5047 top5=[a21=0.033, a32=0.031, a8=0.030, a13=0.029, a9=0.029] [BUILD: BigFarm]
    OBS: year=0 month=5 season=0 money=453 credit=0 people=28 busy=0 free=28 home_places=70 need_workers=0 tax_due=0 main_tax_due=0 tax_amount=5954 main_tax_amount=0 days_alive=68 stage=0 res0=0 res1=400 res2=0 res3=0 res4=0 res5=0 res6=0 res7=0 res8=0 SmallHouse=1 BigHouse=1 | nw=1523072.4626
  s=   56 a= 15(BUILD:Fish) r= -0.3551 cum=    -13.48 v= -0.4990 top5=[a21=0.033, a32=0.031, a8=0.030, a13=0.030, a9=0.029] [BUILD: Fish]
    OBS: year=0 month=5 season=0 money=453 credit=0 people=28 busy=0 free=28 home_places=70 need_workers=0 tax_due=0 main_tax_due=0 tax_amount=5954 main_tax_amount=0 days_alive=69 stage=0 res0=0 res1=400 res2=0 res3=0 res4=0 res5=0 res6=0 res7=0 res8=0 SmallHouse=1 BigHouse=1 | nw=1523070.9430
  s=   57 a=  6(BUILD:SmallHouse) r= -0.3553 cum=    -13.84 v= -0.4933 top5=[a21=0.032, a32=0.030, a8=0.030, a13=0.030, a9=0.029] [BUILD: SmallHouse]
    OBS: year=0 month=5 season=0 money=453 credit=0 people=28 busy=0 free=28 home_places=70 need_workers=0 tax_due=0 main_tax_due=0 tax_amount=5954 main_tax_amount=0 days_alive=70 stage=0 res0=0 res1=400 res2=0 res3=0 res4=0 res5=0 res6=0 res7=0 res8=0 SmallHouse=1 BigHouse=1 | nw=1523069.4234
  s=   58 a= 41(MANAGER:7) r= -0.3555 cum=    -14.19 v= -0.4866 top5=[a21=0.032, a8=0.030, a32=0.030, a13=0.030, a9=0.029]
    OBS: year=0 month=5 season=0 money=453 credit=0 people=28 busy=0 free=28 home_places=70 need_workers=0 tax_due=0 main_tax_due=0 tax_amount=5954 main_tax_amount=0 days_alive=71 stage=0 res0=0 res1=400 res2=0 res3=0 res4=0 res5=0 res6=0 res7=0 res8=0 SmallHouse=1 BigHouse=1 | nw=1523067.9038
  s=   59 a= 35(MANAGER:1) r= -0.3557 cum=    -14.55 v= -0.4795 top5=[a21=0.032, a8=0.030, a32=0.030, a13=0.030, a26=0.029]
    OBS: year=0 month=5 season=0 money=453 credit=0 people=28 busy=0 free=28 home_places=70 need_workers=0 tax_due=0 main_tax_due=0 tax_amount=5954 main_tax_amount=0 days_alive=72 stage=0 res0=0 res1=400 res2=0 res3=0 res4=0 res5=0 res6=0 res7=0 res8=0 SmallHouse=1 BigHouse=1 | nw=1523066.3843
  s=   60 a=  9(BUILD:Ironmine) r= -0.3558 cum=    -14.91 v= -0.4723 top5=[a21=0.032, a8=0.030, a13=0.030, a32=0.030, a26=0.029] [BUILD: Ironmine]
    OBS: year=0 month=5 season=0 money=453 credit=0 people=28 busy=0 free=28 home_places=70 need_workers=0 tax_due=0 main_tax_due=0 tax_amount=5954 main_tax_amount=0 days_alive=73 stage=0 res0=0 res1=400 res2=0 res3=0 res4=0 res5=0 res6=0 res7=0 res8=0 SmallHouse=1 BigHouse=1 | nw=1523064.8647
  s=   61 a= 10(BUILD:Refinery) r= -0.3560 cum=    -15.26 v= -0.4653 top5=[a21=0.032, a8=0.031, a13=0.030, a32=0.030, a26=0.029] [BUILD: Refinery]
    OBS: year=0 month=5 season=0 money=453 credit=0 people=28 busy=0 free=28 home_places=70 need_workers=0 tax_due=0 main_tax_due=0 tax_amount=5954 main_tax_amount=0 days_alive=74 stage=0 res0=0 res1=400 res2=0 res3=0 res4=0 res5=0 res6=0 res7=0 res8=0 SmallHouse=1 BigHouse=1 | nw=1523063.3451
  s=   62 a= 16(BUILD:CoalCut) r= -0.3562 cum=    -15.62 v= -0.4588 top5=[a21=0.031, a8=0.031, a13=0.030, a32=0.030, a26=0.029] [BUILD: CoalCut]
    OBS: year=0 month=5 season=0 money=453 credit=0 people=28 busy=0 free=28 home_places=70 need_workers=0 tax_due=0 main_tax_due=0 tax_amount=5954 main_tax_amount=0 days_alive=75 stage=0 res0=0 res1=400 res2=0 res3=0 res4=0 res5=0 res6=0 res7=0 res8=0 SmallHouse=1 BigHouse=1 | nw=1523061.8255
  s=   63 a= 12(BUILD:PowerStation) r= +1.1011 cum=    -14.52 v= -0.4529 top5=[a21=0.031, a8=0.031, a13=0.030, a32=0.029, a26=0.029] [BUILD: PowerStation]
    OBS: year=0 month=5 season=0 money=53 credit=0 people=28 busy=0 free=28 home_places=70 need_workers=0 tax_due=0 main_tax_due=0 tax_amount=5954 main_tax_amount=0 days_alive=76 stage=0 res0=0 res1=400 res2=0 res3=0 res4=0 res5=0 res6=0 res7=0 res8=0 Road=1 SmallHouse=1 BigHouse=1 | nw=1523060.3060
  s=   64 a= 35(MANAGER:1) r= -0.3562 cum=    -14.87 v= -0.4010 top5=[a8=0.032, a21=0.031, a13=0.030, a26=0.030, a9=0.029]
    OBS: year=0 month=5 season=0 money=53 credit=0 people=28 busy=0 free=28 home_places=70 need_workers=0 tax_due=0 main_tax_due=0 tax_amount=5954 main_tax_amount=0 days_alive=77 stage=0 res0=0 res1=400 res2=0 res3=0 res4=0 res5=0 res6=0 res7=0 res8=0 Road=1 SmallHouse=1 BigHouse=1 | nw=1523058.7864
  s=   65 a= 32(BUILD:SmallAtomStation) r= -0.3564 cum=    -15.23 v= -0.3926 top5=[a8=0.032, a21=0.031, a13=0.030, a26=0.030, a9=0.029] [BUILD: SmallAtomStation]
    OBS: year=0 month=5 season=0 money=53 credit=0 people=28 busy=0 free=28 home_places=70 need_workers=0 tax_due=0 main_tax_due=0 tax_amount=5954 main_tax_amount=0 days_alive=78 stage=0 res0=0 res1=400 res2=0 res3=0 res4=0 res5=0 res6=0 res7=0 res8=0 Road=1 SmallHouse=1 BigHouse=1 | nw=1523057.2668
  s=   66 a= 26(BUILD:BigSawmill) r= -0.3566 cum=    -15.59 v= -0.3850 top5=[a8=0.032, a21=0.030, a13=0.030, a26=0.030, a9=0.029] [BUILD: BigSawmill]
    OBS: year=0 month=5 season=0 money=53 credit=0 people=28 busy=0 free=28 home_places=70 need_workers=0 tax_due=0 main_tax_due=0 tax_amount=5954 main_tax_amount=0 days_alive=79 stage=0 res0=0 res1=400 res2=0 res3=0 res4=0 res5=0 res6=0 res7=0 res8=0 Road=1 SmallHouse=1 BigHouse=1 | nw=1523055.7473
  s=   67 a= 16(BUILD:CoalCut) r= -0.3568 cum=    -15.94 v= -0.3779 top5=[a8=0.032, a21=0.030, a13=0.030, a26=0.030, a9=0.029] [BUILD: CoalCut]
    OBS: year=0 month=5 season=0 money=53 credit=0 people=28 busy=0 free=28 home_places=70 need_workers=0 tax_due=0 main_tax_due=0 tax_amount=5954 main_tax_amount=0 days_alive=80 stage=0 res0=0 res1=400 res2=0 res3=0 res4=0 res5=0 res6=0 res7=0 res8=0 Road=1 SmallHouse=1 BigHouse=1 | nw=1523054.2277
  s=   68 a= 13(BUILD:HydroStation) r= -0.3574 cum=    -16.30 v= -0.3711 top5=[a8=0.032, a13=0.030, a21=0.030, a26=0.030, a9=0.029] [BUILD: HydroStation]
    OBS: year=0 month=5 season=0 money=53 credit=0 people=28 busy=0 free=28 home_places=70 need_workers=0 tax_due=0 main_tax_due=0 tax_amount=5954 main_tax_amount=0 days_alive=81 stage=0 res0=0 res1=400 res2=0 res3=0 res4=0 res5=0 res6=0 res7=0 res8=0 Road=1 SmallHouse=1 BigHouse=1 | nw=1523051.9483
  s=   69 a= 25(BUILD:SuperHouse) r= -0.3571 cum=    -16.66 v= -0.3649 top5=[a8=0.032, a13=0.030, a26=0.030, a21=0.030, a9=0.029] [BUILD: SuperHouse]
    OBS: year=0 month=5 season=0 money=53 credit=0 people=28 busy=0 free=28 home_places=70 need_workers=0 tax_due=0 main_tax_due=0 tax_amount=5954 main_tax_amount=0 days_alive=82 stage=0 res0=0 res1=400 res2=0 res3=0 res4=0 res5=0 res6=0 res7=0 res8=0 Road=1 SmallHouse=1 BigHouse=1 | nw=1523050.4287
  s=   70 a= 21(BUILD:BigFarm) r= -0.3573 cum=    -17.02 v= -0.3775 top5=[a8=0.031, a26=0.030, a21=0.030, a13=0.030, a9=0.029] [BUILD: BigFarm]
    OBS: year=0 month=5 season=0 money=53 credit=0 people=28 busy=0 free=28 home_places=70 need_workers=0 tax_due=0 main_tax_due=0 tax_amount=5954 main_tax_amount=0 days_alive=83 stage=0 res0=0 res1=400 res2=0 res3=0 res4=0 res5=0 res6=0 res7=0 res8=0 Road=1 SmallHouse=1 BigHouse=1 | nw=1523048.9092
  s=   71 a=  4(BUILD:Garden) r= +0.0424 cum=    -16.97 v= -0.3700 top5=[a8=0.031, a26=0.030, a21=0.030, a13=0.030, a9=0.029] [BUILD: Garden]
    OBS: year=0 month=5 season=0 money=53 credit=0 people=28 busy=0 free=28 home_places=70 need_workers=0 tax_due=0 main_tax_due=0 tax_amount=5954 main_tax_amount=0 days_alive=84 stage=0 res0=0 res1=400 res2=0 res3=0 res4=0 res5=0 res6=0 res7=0 res8=0 Road=1 SmallHouse=1 BigHouse=1 | nw=1523047.3896
  s=   72 a= 31(BUILD:AirStation) r= -0.3576 cum=    -17.33 v= -0.3628 top5=[a8=0.031, a26=0.030, a21=0.030, a13=0.030, a9=0.029] [BUILD: AirStation]
    OBS: year=0 month=5 season=0 money=53 credit=0 people=28 busy=0 free=28 home_places=70 need_workers=0 tax_due=0 main_tax_due=0 tax_amount=5954 main_tax_amount=0 days_alive=85 stage=0 res0=0 res1=400 res2=0 res3=0 res4=0 res5=0 res6=0 res7=0 res8=0 Road=1 SmallHouse=1 BigHouse=1 | nw=1523045.8700
  s=   73 a= 37(MANAGER:3) r= +0.0229 cum=    -17.31 v= -0.3556 top5=[a8=0.031, a26=0.030, a13=0.030, a9=0.029, a21=0.029]
    OBS: year=0 month=5 season=0 money=93 credit=0 people=28 busy=0 free=28 home_places=70 need_workers=0 tax_due=0 main_tax_due=0 tax_amount=5954 main_tax_amount=0 days_alive=86 stage=0 res0=0 res1=400 res2=0 res3=0 res4=0 res5=0 res6=0 res7=0 res8=0 SmallHouse=1 BigHouse=1 | nw=1522684.3504
  s=   74 a= 26(BUILD:BigSawmill) r= -0.3575 cum=    -17.67 v= -0.3748 top5=[a8=0.032, a26=0.030, a13=0.030, a9=0.030, a21=0.029] [BUILD: BigSawmill]
    OBS: year=0 month=5 season=0 money=93 credit=0 people=28 busy=0 free=28 home_places=70 need_workers=0 tax_due=0 main_tax_due=0 tax_amount=5954 main_tax_amount=0 days_alive=87 stage=0 res0=0 res1=400 res2=0 res3=0 res4=0 res5=0 res6=0 res7=0 res8=0 SmallHouse=1 BigHouse=1 | nw=1522683.5907
  s=   75 a= 13(BUILD:HydroStation) r= -0.3581 cum=    -18.02 v= -0.3666 top5=[a8=0.032, a26=0.030, a13=0.030, a9=0.030, a21=0.029] [BUILD: HydroStation]
    OBS: year=0 month=5 season=0 money=93 credit=0 people=28 busy=0 free=28 home_places=70 need_workers=0 tax_due=0 main_tax_due=0 tax_amount=5954 main_tax_amount=0 days_alive=88 stage=0 res0=0 res1=400 res2=0 res3=0 res4=0 res5=0 res6=0 res7=0 res8=0 SmallHouse=1 BigHouse=1 | nw=1522682.0711
  s=   76 a= 21(BUILD:BigFarm) r= -0.3583 cum=    -18.38 v= -0.3591 top5=[a8=0.032, a26=0.030, a13=0.030, a9=0.030, a21=0.028] [BUILD: BigFarm]
    OBS: year=0 month=5 season=0 money=93 credit=0 people=28 busy=0 free=28 home_places=70 need_workers=0 tax_due=0 main_tax_due=0 tax_amount=5954 main_tax_amount=0 days_alive=89 stage=0 res0=0 res1=400 res2=0 res3=0 res4=0 res5=0 res6=0 res7=0 res8=0 SmallHouse=1 BigHouse=1 | nw=1522680.5515
  s=   77 a= 22(BUILD:Apiary) r= -0.3580 cum=    -18.74 v= -0.3523 top5=[a8=0.032, a26=0.030, a13=0.030, a9=0.030, a21=0.028] [BUILD: Apiary]
    OBS: year=0 month=5 season=0 money=93 credit=0 people=28 busy=0 free=28 home_places=70 need_workers=0 tax_due=0 main_tax_due=0 tax_amount=5954 main_tax_amount=0 days_alive=90 stage=0 res0=0 res1=400 res2=0 res3=0 res4=0 res5=0 res6=0 res7=0 res8=0 SmallHouse=1 BigHouse=1 | nw=1522679.7917
  s=   78 a=  0(DAY) r= +0.2371 cum=    -18.50 v= -0.3450 top5=[a8=0.032, a26=0.030, a13=0.030, a9=0.030, a21=0.028]
    OBS: year=0 month=5 season=0 money=93 credit=0 people=28 busy=0 free=28 home_places=70 need_workers=0 tax_due=0 main_tax_due=0 tax_amount=5954 main_tax_amount=0 days_alive=91 stage=0 res0=0 res1=400 res2=0 res3=0 res4=0 res5=0 res6=0 res7=0 res8=0 SmallHouse=1 BigHouse=1 | nw=1522677.5124
  s=   79 a= 15(BUILD:Fish) r= -0.3587 cum=    -18.86 v= -0.3385 top5=[a8=0.032, a26=0.030, a9=0.030, a13=0.030, a21=0.028] [BUILD: Fish]
    OBS: year=0 month=6 season=1 money=93 credit=0 people=28 busy=0 free=28 home_places=70 need_workers=0 tax_due=0 main_tax_due=0 tax_amount=5954 main_tax_amount=0 days_alive=92 stage=0 res0=0 res1=400 res2=0 res3=0 res4=0 res5=0 res6=0 res7=0 res8=0 SmallHouse=1 BigHouse=1 | nw=1522675.9928
  s=   80 a= 14(BUILD:Road) r= -0.3589 cum=    -19.22 v= -0.4859 top5=[a26=0.035, a13=0.033, a8=0.031, a32=0.030, a21=0.030] [BUILD: Road]
    OBS: year=0 month=6 season=1 money=93 credit=0 people=28 busy=0 free=28 home_places=70 need_workers=0 tax_due=0 main_tax_due=0 tax_amount=5954 main_tax_amount=0 days_alive=93 stage=0 res0=0 res1=400 res2=0 res3=0 res4=0 res5=0 res6=0 res7=0 res8=0 SmallHouse=1 BigHouse=1 | nw=1522674.4732
  s=   81 a= 37(MANAGER:3) r= -0.3591 cum=    -19.58 v= -0.4822 top5=[a26=0.035, a13=0.033, a8=0.031, a21=0.030, a32=0.030]
    OBS: year=0 month=6 season=1 money=93 credit=0 people=28 busy=0 free=28 home_places=70 need_workers=0 tax_due=0 main_tax_due=0 tax_amount=5954 main_tax_amount=0 days_alive=94 stage=0 res0=0 res1=400 res2=0 res3=0 res4=0 res5=0 res6=0 res7=0 res8=0 SmallHouse=1 BigHouse=1 | nw=1522672.9536
  s=   82 a= 30(BUILD:BigIronmine) r= -0.3592 cum=    -19.94 v= -0.4785 top5=[a26=0.035, a13=0.033, a8=0.031, a21=0.030, a32=0.030] [BUILD: BigIronmine]
    OBS: year=0 month=6 season=1 money=93 credit=0 people=28 busy=0 free=28 home_places=70 need_workers=0 tax_due=0 main_tax_due=0 tax_amount=5954 main_tax_amount=0 days_alive=95 stage=0 res0=0 res1=400 res2=0 res3=0 res4=0 res5=0 res6=0 res7=0 res8=0 SmallHouse=1 BigHouse=1 | nw=1522671.4341
  s=   83 a= 25(BUILD:SuperHouse) r= -0.3594 cum=    -20.30 v= -0.4756 top5=[a26=0.035, a13=0.033, a8=0.031, a21=0.030, a32=0.030] [BUILD: SuperHouse]
    OBS: year=0 month=6 season=1 money=93 credit=0 people=28 busy=0 free=28 home_places=70 need_workers=0 tax_due=0 main_tax_due=0 tax_amount=5954 main_tax_amount=0 days_alive=96 stage=0 res0=0 res1=400 res2=0 res3=0 res4=0 res5=0 res6=0 res7=0 res8=0 SmallHouse=1 BigHouse=1 | nw=1522669.9145
  s=   84 a=  2(BUILD:WaterChannel) r= -0.3591 cum=    -20.66 v= -0.4740 top5=[a26=0.035, a13=0.033, a8=0.031, a21=0.030, a32=0.030] [BUILD: WaterChannel]
    OBS: year=0 month=6 season=1 money=93 credit=0 people=28 busy=0 free=28 home_places=70 need_workers=0 tax_due=0 main_tax_due=0 tax_amount=5954 main_tax_amount=0 days_alive=97 stage=0 res0=0 res1=400 res2=0 res3=0 res4=0 res5=0 res6=0 res7=0 res8=0 SmallHouse=1 BigHouse=1 | nw=1522669.1547
  s=   85 a=  6(BUILD:SmallHouse) r= -0.3598 cum=    -21.02 v= -0.4731 top5=[a26=0.036, a13=0.033, a8=0.031, a21=0.030, a32=0.030] [BUILD: SmallHouse]
    OBS: year=0 month=6 season=1 money=93 credit=0 people=28 busy=0 free=28 home_places=70 need_workers=0 tax_due=0 main_tax_due=0 tax_amount=5954 main_tax_amount=0 days_alive=98 stage=0 res0=0 res1=400 res2=0 res3=0 res4=0 res5=0 res6=0 res7=0 res8=0 SmallHouse=1 BigHouse=1 | nw=1522667.6351
  s=   86 a=  6(BUILD:SmallHouse) r= -0.3599 cum=    -21.38 v= -0.4725 top5=[a26=0.036, a13=0.033, a8=0.031, a21=0.030, a32=0.030] [BUILD: SmallHouse]
    OBS: year=0 month=6 season=1 money=93 credit=0 people=28 busy=0 free=28 home_places=70 need_workers=0 tax_due=0 main_tax_due=0 tax_amount=5954 main_tax_amount=0 days_alive=99 stage=0 res0=0 res1=400 res2=0 res3=0 res4=0 res5=0 res6=0 res7=0 res8=0 SmallHouse=1 BigHouse=1 | nw=1522666.1156
  s=   87 a=  0(DAY) r= +1.4359 cum=    -19.94 v= -0.4731 top5=[a26=0.036, a13=0.033, a8=0.031, a21=0.030, a32=0.030]
    OBS: year=0 month=6 season=1 money=93 credit=0 people=28 busy=0 free=28 home_places=70 need_workers=0 tax_due=0 main_tax_due=0 tax_amount=5954 main_tax_amount=0 days_alive=100 stage=0 res0=0 res1=400 res2=0 res3=0 res4=0 res5=0 res6=0 res7=0 res8=0 SmallHouse=1 BigHouse=1 | nw=1522664.5960
  s=   88 a=  8(BUILD:Coalmine) r= -0.3599 cum=    -20.30 v= -0.4740 top5=[a26=0.036, a13=0.032, a8=0.031, a21=0.030, a32=0.030] [BUILD: Coalmine]
    OBS: year=0 month=6 season=1 money=93 credit=0 people=28 busy=0 free=28 home_places=70 need_workers=0 tax_due=0 main_tax_due=0 tax_amount=5954 main_tax_amount=0 days_alive=101 stage=0 res0=0 res1=400 res2=0 res3=0 res4=0 res5=0 res6=0 res7=0 res8=0 SmallHouse=1 BigHouse=1 | nw=1522663.0764
  s=   89 a= 29(BUILD:Puerperal) r= -0.3600 cum=    -20.66 v= -0.4750 top5=[a26=0.036, a13=0.032, a8=0.031, a21=0.030, a32=0.030] [BUILD: Puerperal]
    OBS: year=0 month=6 season=1 money=93 credit=0 people=28 busy=0 free=28 home_places=70 need_workers=0 tax_due=0 main_tax_due=0 tax_amount=5954 main_tax_amount=0 days_alive=102 stage=0 res0=0 res1=400 res2=0 res3=0 res4=0 res5=0 res6=0 res7=0 res8=0 SmallHouse=1 BigHouse=1 | nw=1522661.5568
  s=   90 a= 29(BUILD:Puerperal) r= -0.3602 cum=    -21.02 v= -0.4760 top5=[a26=0.036, a13=0.032, a8=0.031, a21=0.030, a32=0.029] [BUILD: Puerperal]
    OBS: year=0 month=6 season=1 money=93 credit=0 people=28 busy=0 free=28 home_places=70 need_workers=0 tax_due=0 main_tax_due=0 tax_amount=5954 main_tax_amount=0 days_alive=103 stage=0 res0=0 res1=400 res2=0 res3=0 res4=0 res5=0 res6=0 res7=0 res8=0 SmallHouse=1 BigHouse=1 | nw=1522660.0373
  s=   91 a= 26(BUILD:BigSawmill) r= -0.3604 cum=    -21.38 v= -0.4773 top5=[a26=0.036, a13=0.032, a8=0.031, a21=0.030, a32=0.029] [BUILD: BigSawmill]
    OBS: year=0 month=6 season=1 money=93 credit=0 people=28 busy=0 free=28 home_places=70 need_workers=0 tax_due=0 main_tax_due=0 tax_amount=5954 main_tax_amount=0 days_alive=104 stage=0 res0=0 res1=400 res2=0 res3=0 res4=0 res5=0 res6=0 res7=0 res8=0 SmallHouse=1 BigHouse=1 | nw=1522658.5177
  s=   92 a= 32(BUILD:SmallAtomStation) r= -0.3606 cum=    -21.74 v= -0.4783 top5=[a26=0.036, a13=0.032, a8=0.031, a21=0.030, a32=0.029] [BUILD: SmallAtomStation]
    OBS: year=0 month=6 season=1 money=93 credit=0 people=28 busy=0 free=28 home_places=70 need_workers=0 tax_due=0 main_tax_due=0 tax_amount=5954 main_tax_amount=0 days_alive=105 stage=0 res0=0 res1=400 res2=0 res3=0 res4=0 res5=0 res6=0 res7=0 res8=0 SmallHouse=1 BigHouse=1 | nw=1522656.9981
  s=   93 a= 21(BUILD:BigFarm) r= +5.9973 cum=    -15.74 v= -0.4790 top5=[a26=0.039, a21=0.032, a13=0.031, a32=0.030, a8=0.030] [BUILD: BigFarm]
    OBS: year=0 month=6 season=1 money=93 credit=0 people=28 busy=0 free=28 home_places=70 need_workers=0 tax_due=0 main_tax_due=0 tax_amount=5954 main_tax_amount=0 days_alive=106 stage=0 res0=0 res1=400 res2=0 res3=0 res4=0 res5=0 res6=0 res7=0 res8=0 SmallHouse=1 BigHouse=1 | nw=1522651.8782
  s=   94 a= 22(BUILD:Apiary) r= -0.3595 cum=    -16.10 v= -0.4501 top5=[a26=0.037, a21=0.032, a32=0.031, a13=0.031, a8=0.030] [BUILD: Apiary]
    OBS: year=0 month=6 season=1 money=93 credit=0 people=28 busy=0 free=28 home_places=70 need_workers=0 tax_due=0 main_tax_due=0 tax_amount=5954 main_tax_amount=0 days_alive=107 stage=0 res0=0 res1=400 res2=0 res3=0 res4=0 res5=0 res6=0 res7=0 res8=0 SmallHouse=1 BigHouse=1 | nw=1522646.7583
  s=   95 a= 10(BUILD:Refinery) r= -0.3597 cum=    -16.46 v= -0.4507 top5=[a26=0.037, a21=0.032, a32=0.031, a13=0.031, a8=0.029] [BUILD: Refinery]
    OBS: year=0 month=6 season=1 money=93 credit=0 people=28 busy=0 free=28 home_places=70 need_workers=0 tax_due=0 main_tax_due=0 tax_amount=5954 main_tax_amount=0 days_alive=108 stage=0 res0=0 res1=400 res2=0 res3=0 res4=0 res5=0 res6=0 res7=0 res8=0 SmallHouse=1 BigHouse=1 | nw=1522641.6383
  s=   96 a= 35(MANAGER:1) r= -0.3599 cum=    -16.82 v= -0.4523 top5=[a26=0.038, a21=0.032, a32=0.031, a13=0.031, a8=0.029]
    OBS: year=0 month=6 season=1 money=93 credit=0 people=28 busy=0 free=28 home_places=70 need_workers=0 tax_due=0 main_tax_due=0 tax_amount=5954 main_tax_amount=0 days_alive=109 stage=0 res0=0 res1=400 res2=0 res3=0 res4=0 res5=0 res6=0 res7=0 res8=0 SmallHouse=1 BigHouse=1 | nw=1522636.5184
  s=   97 a= 12(BUILD:PowerStation) r= -0.3600 cum=    -17.18 v= -0.4547 top5=[a26=0.038, a21=0.032, a32=0.031, a13=0.031, a8=0.029] [BUILD: PowerStation]
    OBS: year=0 month=6 season=1 money=93 credit=0 people=28 busy=0 free=28 home_places=70 need_workers=0 tax_due=0 main_tax_due=0 tax_amount=5954 main_tax_amount=0 days_alive=110 stage=0 res0=0 res1=400 res2=0 res3=0 res4=0 res5=0 res6=0 res7=0 res8=0 SmallHouse=1 BigHouse=1 | nw=1522631.3985
  s=   98 a= 32(BUILD:SmallAtomStation) r= -0.3602 cum=    -17.54 v= -0.4568 top5=[a26=0.038, a21=0.032, a13=0.031, a32=0.031, a8=0.029] [BUILD: SmallAtomStation]
    OBS: year=0 month=6 season=1 money=93 credit=0 people=28 busy=0 free=28 home_places=70 need_workers=0 tax_due=0 main_tax_due=0 tax_amount=5954 main_tax_amount=0 days_alive=111 stage=0 res0=0 res1=400 res2=0 res3=0 res4=0 res5=0 res6=0 res7=0 res8=0 SmallHouse=1 BigHouse=1 | nw=1522626.2786
  s=   99 a= 28(BUILD:BigRefinary) r= -0.3604 cum=    -17.90 v= -0.4573 top5=[a26=0.038, a21=0.032, a13=0.031, a32=0.031, a8=0.029] [BUILD: BigRefinary]
    OBS: year=0 month=6 season=1 money=93 credit=0 people=28 busy=0 free=28 home_places=70 need_workers=0 tax_due=0 main_tax_due=0 tax_amount=5954 main_tax_amount=0 days_alive=112 stage=0 res0=0 res1=400 res2=0 res3=0 res4=0 res5=0 res6=0 res7=0 res8=0 SmallHouse=1 BigHouse=1 | nw=1522621.1587
  s=  100 a= 22(BUILD:Apiary) r= -0.3606 cum=    -18.26 v= -0.4573 top5=[a26=0.038, a21=0.032, a32=0.031, a13=0.031, a8=0.029] [BUILD: Apiary]
    OBS: year=0 month=6 season=1 money=93 credit=0 people=28 busy=0 free=28 home_places=70 need_workers=0 tax_due=0 main_tax_due=0 tax_amount=5954 main_tax_amount=0 days_alive=113 stage=0 res0=0 res1=400 res2=0 res3=0 res4=0 res5=0 res6=0 res7=0 res8=0 SmallHouse=1 BigHouse=1 | nw=1522616.0387
  s=  101 a= 44(MANAGER:10) r= +0.5335 cum=    -17.73 v= -0.4575 top5=[a26=0.038, a21=0.032, a32=0.031, a13=0.031, a8=0.029]
    OBS: year=0 month=6 season=1 money=93 credit=0 people=28 busy=0 free=28 home_places=70 need_workers=0 tax_due=0 main_tax_due=0 tax_amount=5954 main_tax_amount=0 days_alive=114 stage=0 res0=0 res1=400 res2=0 res3=0 res4=0 res5=0 res6=0 res7=0 res8=0 SmallHouse=1 BigHouse=1 | nw=1522610.9188
  s=  102 a= 18(BUILD:CowFarm) r= -0.3608 cum=    -18.09 v= -0.4576 top5=[a26=0.038, a21=0.032, a32=0.031, a13=0.031, a8=0.029] [BUILD: CowFarm]
    OBS: year=0 month=6 season=1 money=93 credit=0 people=28 busy=0 free=28 home_places=70 need_workers=0 tax_due=0 main_tax_due=0 tax_amount=5954 main_tax_amount=0 days_alive=115 stage=0 res0=0 res1=400 res2=0 res3=0 res4=0 res5=0 res6=0 res7=0 res8=0 SmallHouse=1 BigHouse=1 | nw=1522605.7989
  s=  103 a=  9(BUILD:Ironmine) r= -0.3609 cum=    -18.45 v= -0.4577 top5=[a26=0.038, a21=0.032, a32=0.031, a13=0.031, a8=0.029] [BUILD: Ironmine]
    OBS: year=0 month=6 season=1 money=93 credit=0 people=28 busy=0 free=28 home_places=70 need_workers=0 tax_due=0 main_tax_due=0 tax_amount=5954 main_tax_amount=0 days_alive=116 stage=0 res0=0 res1=400 res2=0 res3=0 res4=0 res5=0 res6=0 res7=0 res8=0 SmallHouse=1 BigHouse=1 | nw=1522600.6790
  s=  104 a= 11(BUILD:Goldmine) r= -0.3611 cum=    -18.81 v= -0.4580 top5=[a26=0.039, a21=0.032, a32=0.031, a13=0.031, a8=0.029] [BUILD: Goldmine]
    OBS: year=0 month=6 season=1 money=93 credit=0 people=28 busy=0 free=28 home_places=70 need_workers=0 tax_due=0 main_tax_due=0 tax_amount=5954 main_tax_amount=0 days_alive=117 stage=0 res0=0 res1=400 res2=0 res3=0 res4=0 res5=0 res6=0 res7=0 res8=0 SmallHouse=1 BigHouse=1 | nw=1522595.5591
  s=  105 a= 22(BUILD:Apiary) r= -0.3613 cum=    -19.18 v= -0.4582 top5=[a26=0.039, a21=0.032, a32=0.031, a13=0.031, a8=0.029] [BUILD: Apiary]
    OBS: year=0 month=6 season=1 money=93 credit=0 people=28 busy=0 free=28 home_places=70 need_workers=0 tax_due=0 main_tax_due=0 tax_amount=5954 main_tax_amount=0 days_alive=118 stage=0 res0=0 res1=400 res2=0 res3=0 res4=0 res5=0 res6=0 res7=0 res8=0 SmallHouse=1 BigHouse=1 | nw=1522590.4391
  s=  106 a= 34(MANAGER:0) r= -0.3615 cum=    -19.54 v= -0.4591 top5=[a26=0.039, a21=0.032, a32=0.031, a13=0.031, a8=0.029]
    OBS: year=0 month=6 season=1 money=93 credit=0 people=28 busy=0 free=28 home_places=70 need_workers=0 tax_due=0 main_tax_due=0 tax_amount=5954 main_tax_amount=0 days_alive=119 stage=0 res0=0 res1=400 res2=0 res3=0 res4=0 res5=0 res6=0 res7=0 res8=0 SmallHouse=1 BigHouse=1 | nw=1522585.3192
  s=  107 a= 15(BUILD:Fish) r= -0.3616 cum=    -19.90 v= -0.4596 top5=[a26=0.039, a21=0.032, a32=0.031, a13=0.031, a8=0.030] [BUILD: Fish]
    OBS: year=0 month=6 season=1 money=93 credit=0 people=28 busy=0 free=28 home_places=70 need_workers=0 tax_due=0 main_tax_due=0 tax_amount=5954 main_tax_amount=0 days_alive=120 stage=0 res0=0 res1=400 res2=0 res3=0 res4=0 res5=0 res6=0 res7=0 res8=0 SmallHouse=1 BigHouse=1 | nw=1522580.1993
  s=  108 a= 33(BUILD:AtomStation) r= -0.3618 cum=    -20.26 v= -0.4601 top5=[a26=0.039, a21=0.032, a32=0.031, a13=0.031, a8=0.030] [BUILD: AtomStation]
    OBS: year=0 month=6 season=1 money=93 credit=0 people=28 busy=0 free=28 home_places=70 need_workers=0 tax_due=0 main_tax_due=0 tax_amount=5954 main_tax_amount=0 days_alive=121 stage=0 res0=0 res1=400 res2=0 res3=0 res4=0 res5=0 res6=0 res7=0 res8=0 SmallHouse=1 BigHouse=1 | nw=1522575.0794
  s=  109 a=  6(BUILD:SmallHouse) r= -0.3615 cum=    -20.62 v= -0.4605 top5=[a26=0.039, a21=0.032, a32=0.031, a13=0.030, a8=0.030] [BUILD: SmallHouse]
    OBS: year=0 month=7 season=1 money=93 credit=0 people=28 busy=0 free=28 home_places=70 need_workers=0 tax_due=0 main_tax_due=0 tax_amount=5954 main_tax_amount=0 days_alive=122 stage=0 res0=0 res1=400 res2=0 res3=0 res4=0 res5=0 res6=0 res7=0 res8=0 SmallHouse=1 BigHouse=1 | nw=1522570.7192
  s=  110 a= 16(BUILD:CoalCut) r= -0.3622 cum=    -20.98 v= -0.4646 top5=[a26=0.035, a32=0.033, a21=0.031, a13=0.031, a6=0.029] [BUILD: CoalCut]
    OBS: year=0 month=7 season=1 money=93 credit=0 people=28 busy=0 free=28 home_places=70 need_workers=0 tax_due=0 main_tax_due=0 tax_amount=5954 main_tax_amount=0 days_alive=123 stage=0 res0=0 res1=400 res2=0 res3=0 res4=0 res5=0 res6=0 res7=0 res8=0 SmallHouse=1 BigHouse=1 | nw=1522565.5993
  s=  111 a= 13(BUILD:HydroStation) r= -0.3623 cum=    -21.35 v= -0.4606 top5=[a26=0.035, a32=0.032, a21=0.031, a13=0.031, a8=0.029] [BUILD: HydroStation]
    OBS: year=0 month=7 season=1 money=93 credit=0 people=28 busy=0 free=28 home_places=70 need_workers=0 tax_due=0 main_tax_due=0 tax_amount=5954 main_tax_amount=0 days_alive=124 stage=0 res0=0 res1=400 res2=0 res3=0 res4=0 res5=0 res6=0 res7=0 res8=0 SmallHouse=1 BigHouse=1 | nw=1522560.4794
  s=  112 a= 12(BUILD:PowerStation) r= -0.3625 cum=    -21.71 v= -0.4566 top5=[a26=0.035, a32=0.032, a21=0.032, a13=0.031, a8=0.029] [BUILD: PowerStation]
    OBS: year=0 month=7 season=1 money=93 credit=0 people=28 busy=0 free=28 home_places=70 need_workers=0 tax_due=0 main_tax_due=0 tax_amount=5954 main_tax_amount=0 days_alive=125 stage=0 res0=0 res1=400 res2=0 res3=0 res4=0 res5=0 res6=0 res7=0 res8=0 SmallHouse=1 BigHouse=1 | nw=1522555.3595
  s=  113 a=  4(BUILD:Garden) r= +0.0407 cum=    -21.67 v= -0.4537 top5=[a26=0.035, a32=0.032, a21=0.032, a13=0.031, a8=0.029] [BUILD: Garden]
    OBS: year=0 month=7 season=1 money=93 credit=0 people=28 busy=0 free=28 home_places=70 need_workers=0 tax_due=0 main_tax_due=0 tax_amount=5954 main_tax_amount=0 days_alive=126 stage=0 res0=0 res1=400 res2=0 res3=0 res4=0 res5=0 res6=0 res7=0 res8=0 SmallHouse=1 BigHouse=1 | nw=1522550.2396
  s=  114 a= 18(BUILD:CowFarm) r= -0.3617 cum=    -22.03 v= -0.4506 top5=[a26=0.035, a32=0.032, a21=0.032, a13=0.031, a8=0.029] [BUILD: CowFarm]
    OBS: year=0 month=7 season=1 money=93 credit=0 people=28 busy=0 free=28 home_places=70 need_workers=0 tax_due=0 main_tax_due=0 tax_amount=5954 main_tax_amount=0 days_alive=127 stage=0 res0=0 res1=400 res2=0 res3=0 res4=0 res5=0 res6=0 res7=0 res8=0 SmallHouse=1 BigHouse=1 | nw=1522546.9198
  s=  115 a=  5(BUILD:House) r= -0.3630 cum=    -22.39 v= -0.4476 top5=[a26=0.035, a32=0.032, a21=0.032, a13=0.031, a8=0.029] [BUILD: House]
    OBS: year=0 month=7 season=1 money=93 credit=0 people=28 busy=0 free=28 home_places=70 need_workers=0 tax_due=0 main_tax_due=0 tax_amount=5954 main_tax_amount=0 days_alive=128 stage=0 res0=0 res1=400 res2=0 res3=0 res4=0 res5=0 res6=0 res7=0 res8=0 SmallHouse=1 BigHouse=1 | nw=1522541.7999
  s=  116 a= 19(BUILD:Mushroom) r= -0.3632 cum=    -22.76 v= -0.4446 top5=[a26=0.036, a32=0.032, a21=0.032, a13=0.031, a8=0.029] [BUILD: Mushroom]
    OBS: year=0 month=7 season=1 money=93 credit=0 people=28 busy=0 free=28 home_places=70 need_workers=0 tax_due=0 main_tax_due=0 tax_amount=5954 main_tax_amount=0 days_alive=129 stage=0 res0=0 res1=400 res2=0 res3=0 res4=0 res5=0 res6=0 res7=0 res8=0 SmallHouse=1 BigHouse=1 | nw=1522536.6800
  s=  117 a= 26(BUILD:BigSawmill) r= -0.3633 cum=    -23.12 v= -0.4416 top5=[a26=0.036, a32=0.032, a21=0.031, a13=0.031, a8=0.029] [BUILD: BigSawmill]
    OBS: year=0 month=7 season=1 money=93 credit=0 people=28 busy=0 free=28 home_places=70 need_workers=0 tax_due=0 main_tax_due=0 tax_amount=5954 main_tax_amount=0 days_alive=130 stage=0 res0=0 res1=400 res2=0 res3=0 res4=0 res5=0 res6=0 res7=0 res8=0 SmallHouse=1 BigHouse=1 | nw=1522531.5600
  s=  118 a=  0(DAY) r= +0.2383 cum=    -22.88 v= -0.4391 top5=[a26=0.036, a21=0.032, a32=0.031, a13=0.031, a8=0.029]
    OBS: year=0 month=7 season=1 money=93 credit=0 people=28 busy=0 free=28 home_places=70 need_workers=0 tax_due=0 main_tax_due=0 tax_amount=5954 main_tax_amount=0 days_alive=131 stage=0 res0=0 res1=400 res2=0 res3=0 res4=0 res5=0 res6=0 res7=0 res8=0 SmallHouse=1 BigHouse=1 | nw=1522528.2403
  s=  119 a= 31(BUILD:AirStation) r= -0.3636 cum=    -23.24 v= -0.4368 top5=[a26=0.036, a21=0.032, a32=0.031, a13=0.031, a8=0.029] [BUILD: AirStation]
    OBS: year=0 month=7 season=1 money=93 credit=0 people=28 busy=0 free=28 home_places=70 need_workers=0 tax_due=0 main_tax_due=0 tax_amount=5954 main_tax_amount=0 days_alive=132 stage=0 res0=0 res1=400 res2=0 res3=0 res4=0 res5=0 res6=0 res7=0 res8=0 SmallHouse=1 BigHouse=1 | nw=1522523.1204
  s=  120 a= 29(BUILD:Puerperal) r= -0.3638 cum=    -23.61 v= -0.4353 top5=[a26=0.036, a21=0.032, a32=0.031, a13=0.031, a8=0.029] [BUILD: Puerperal]
    OBS: year=0 month=7 season=1 money=93 credit=0 people=28 busy=0 free=28 home_places=70 need_workers=0 tax_due=0 main_tax_due=0 tax_amount=5954 main_tax_amount=0 days_alive=133 stage=0 res0=0 res1=400 res2=0 res3=0 res4=0 res5=0 res6=0 res7=0 res8=0 SmallHouse=1 BigHouse=1 | nw=1522518.0005
  s=  121 a= 44(MANAGER:10) r= +0.5382 cum=    -23.07 v= -0.4341 top5=[a26=0.036, a21=0.032, a32=0.031, a13=0.031, a8=0.029]
    OBS: year=0 month=7 season=1 money=93 credit=0 people=28 busy=0 free=28 home_places=70 need_workers=0 tax_due=0 main_tax_due=0 tax_amount=5954 main_tax_amount=0 days_alive=134 stage=0 res0=0 res1=400 res2=0 res3=0 res4=0 res5=0 res6=0 res7=0 res8=0 SmallHouse=1 BigHouse=1 | nw=1522512.8805
  s=  122 a= 21(BUILD:BigFarm) r= -0.3640 cum=    -23.43 v= -0.4334 top5=[a26=0.036, a21=0.032, a32=0.031, a13=0.031, a8=0.029] [BUILD: BigFarm]
    OBS: year=0 month=7 season=1 money=93 credit=0 people=28 busy=0 free=28 home_places=70 need_workers=0 tax_due=0 main_tax_due=0 tax_amount=5954 main_tax_amount=0 days_alive=135 stage=0 res0=0 res1=400 res2=0 res3=0 res4=0 res5=0 res6=0 res7=0 res8=0 SmallHouse=1 BigHouse=1 | nw=1522507.7606
  s=  123 a= 36(MANAGER:2) r= +0.2660 cum=    -23.17 v= -0.4332 top5=[a26=0.037, a21=0.032, a32=0.031, a13=0.031, a8=0.029]
    OBS: year=0 month=7 season=1 money=35 credit=0 people=28 busy=0 free=28 home_places=70 need_workers=0 tax_due=0 main_tax_due=0 tax_amount=5954 main_tax_amount=0 days_alive=136 stage=0 res0=0 res1=400 res2=0 res3=0 res4=0 res5=0 res6=0 res7=0 res8=0 SmallHouse=1 BigHouse=1 | nw=1522549.8105
  s=  124 a= 23(BUILD:Torchlight) r= -0.3642 cum=    -23.53 v= -0.4344 top5=[a26=0.037, a21=0.032, a13=0.031, a32=0.031, a8=0.029] [BUILD: Torchlight]
    OBS: year=0 month=7 season=1 money=35 credit=0 people=28 busy=0 free=28 home_places=70 need_workers=0 tax_due=0 main_tax_due=0 tax_amount=5954 main_tax_amount=0 days_alive=137 stage=0 res0=0 res1=400 res2=0 res3=0 res4=0 res5=0 res6=0 res7=0 res8=0 SmallHouse=1 BigHouse=1 | nw=1522544.6906
  s=  125 a= 22(BUILD:Apiary) r= -0.3644 cum=    -23.90 v= -0.4360 top5=[a26=0.037, a21=0.032, a13=0.031, a32=0.031, a8=0.029] [BUILD: Apiary]
    OBS: year=0 month=7 season=1 money=35 credit=0 people=28 busy=0 free=28 home_places=70 need_workers=0 tax_due=0 main_tax_due=0 tax_amount=5954 main_tax_amount=0 days_alive=138 stage=0 res0=0 res1=400 res2=0 res3=0 res4=0 res5=0 res6=0 res7=0 res8=0 SmallHouse=1 BigHouse=1 | nw=1522539.5707
  s=  126 a=  8(BUILD:Coalmine) r= -0.3646 cum=    -24.26 v= -0.4377 top5=[a26=0.037, a21=0.032, a13=0.031, a32=0.031, a8=0.029] [BUILD: Coalmine]
    OBS: year=0 month=7 season=1 money=35 credit=0 people=28 busy=0 free=28 home_places=70 need_workers=0 tax_due=0 main_tax_due=0 tax_amount=5954 main_tax_amount=0 days_alive=139 stage=0 res0=0 res1=400 res2=0 res3=0 res4=0 res5=0 res6=0 res7=0 res8=0 SmallHouse=1 BigHouse=1 | nw=1522534.4508
  s=  127 a= 20(BUILD:BigHouse) r= -0.3648 cum=    -24.63 v= -0.4392 top5=[a26=0.037, a21=0.032, a13=0.031, a32=0.031, a8=0.029] [BUILD: BigHouse]
    OBS: year=0 month=7 season=1 money=35 credit=0 people=28 busy=0 free=28 home_places=70 need_workers=0 tax_due=0 main_tax_due=0 tax_amount=5954 main_tax_amount=0 days_alive=140 stage=0 res0=0 res1=400 res2=0 res3=0 res4=0 res5=0 res6=0 res7=0 res8=0 SmallHouse=1 BigHouse=1 | nw=1522529.3309
  s=  128 a=  3(BUILD:Farm) r= -0.3649 cum=    -24.99 v= -0.4405 top5=[a26=0.037, a21=0.032, a13=0.031, a32=0.031, a8=0.029] [BUILD: Farm]
    OBS: year=0 month=7 season=1 money=35 credit=0 people=28 busy=0 free=28 home_places=70 need_workers=0 tax_due=0 main_tax_due=0 tax_amount=5954 main_tax_amount=0 days_alive=141 stage=0 res0=0 res1=400 res2=0 res3=0 res4=0 res5=0 res6=0 res7=0 res8=0 SmallHouse=1 BigHouse=1 | nw=1522524.2109
  s=  129 a= 11(BUILD:Goldmine) r= -0.3651 cum=    -25.36 v= -0.4404 top5=[a26=0.037, a21=0.031, a13=0.031, a32=0.031, a8=0.029] [BUILD: Goldmine]
    OBS: year=0 month=7 season=1 money=35 credit=0 people=28 busy=0 free=28 home_places=70 need_workers=0 tax_due=0 main_tax_due=0 tax_amount=5954 main_tax_amount=0 days_alive=142 stage=0 res0=0 res1=400 res2=0 res3=0 res4=0 res5=0 res6=0 res7=0 res8=0 SmallHouse=1 BigHouse=1 | nw=1522519.0910
  s=  130 a= 13(BUILD:HydroStation) r= -0.3642 cum=    -25.72 v= -0.4400 top5=[a26=0.037, a21=0.031, a13=0.031, a32=0.031, a8=0.029] [BUILD: HydroStation]
    OBS: year=0 month=7 season=1 money=35 credit=0 people=28 busy=0 free=28 home_places=70 need_workers=0 tax_due=0 main_tax_due=0 tax_amount=5954 main_tax_amount=0 days_alive=143 stage=0 res0=0 res1=400 res2=0 res3=0 res4=0 res5=0 res6=0 res7=0 res8=0 SmallHouse=1 BigHouse=1 | nw=1522515.7713
  s=  131 a= 22(BUILD:Apiary) r= -0.3655 cum=    -26.09 v= -0.4403 top5=[a26=0.037, a21=0.031, a13=0.031, a32=0.031, a8=0.029] [BUILD: Apiary]
    OBS: year=0 month=7 season=1 money=35 credit=0 people=28 busy=0 free=28 home_places=70 need_workers=0 tax_due=0 main_tax_due=0 tax_amount=5954 main_tax_amount=0 days_alive=144 stage=0 res0=0 res1=400 res2=0 res3=0 res4=0 res5=0 res6=0 res7=0 res8=0 SmallHouse=1 BigHouse=1 | nw=1522510.6513
  s=  132 a= 35(MANAGER:1) r= -0.3656 cum=    -26.45 v= -0.4406 top5=[a26=0.037, a21=0.031, a13=0.031, a32=0.031, a8=0.029]
    OBS: year=0 month=7 season=1 money=35 credit=0 people=28 busy=0 free=28 home_places=70 need_workers=0 tax_due=0 main_tax_due=0 tax_amount=5954 main_tax_amount=0 days_alive=145 stage=0 res0=0 res1=400 res2=0 res3=0 res4=0 res5=0 res6=0 res7=0 res8=0 SmallHouse=1 BigHouse=1 | nw=1522505.5314
  s=  133 a= 12(BUILD:PowerStation) r= -0.3658 cum=    -26.82 v= -0.4414 top5=[a26=0.038, a21=0.031, a13=0.031, a32=0.031, a8=0.029] [BUILD: PowerStation]
    OBS: year=0 month=7 season=1 money=35 credit=0 people=28 busy=0 free=28 home_places=70 need_workers=0 tax_due=0 main_tax_due=0 tax_amount=5954 main_tax_amount=0 days_alive=146 stage=0 res0=0 res1=400 res2=0 res3=0 res4=0 res5=0 res6=0 res7=0 res8=0 SmallHouse=1 BigHouse=1 | nw=1522500.4115
  s=  134 a= 42(MANAGER:8) r= +0.0268 cum=    -26.79 v= -0.4431 top5=[a26=0.038, a21=0.031, a13=0.031, a32=0.031, a8=0.029]
    OBS: year=0 month=7 season=1 money=50035 credit=50100 people=28 busy=0 free=28 home_places=70 need_workers=0 tax_due=0 main_tax_due=0 tax_amount=5954 main_tax_amount=0 days_alive=147 stage=0 res0=0 res1=400 res2=0 res3=0 res4=0 res5=0 res6=0 res7=0 res8=0 SmallHouse=1 BigHouse=1 | nw=1522395.2916
  s=  135 a= 33(BUILD:AtomStation) r= -0.5785 cum=    -27.37 v= -0.4502 top5=[a26=0.040, a32=0.029, a13=0.028, a42=0.027, a21=0.027] [BUILD: AtomStation]
    OBS: year=0 month=7 season=1 money=50035 credit=50200 people=28 busy=0 free=28 home_places=70 need_workers=0 tax_due=0 main_tax_due=0 tax_amount=5954 main_tax_amount=0 days_alive=148 stage=0 res0=0 res1=400 res2=0 res3=0 res4=0 res5=0 res6=0 res7=0 res8=0 SmallHouse=1 BigHouse=1 | nw=1522290.1717
  s=  136 a=  6(BUILD:SmallHouse) r= -0.5791 cum=    -27.95 v= -0.4507 top5=[a26=0.040, a32=0.029, a13=0.028, a21=0.027, a42=0.027] [BUILD: SmallHouse]
    OBS: year=0 month=7 season=1 money=50035 credit=50300 people=28 busy=0 free=28 home_places=70 need_workers=0 tax_due=0 main_tax_due=0 tax_amount=5954 main_tax_amount=0 days_alive=149 stage=0 res0=0 res1=400 res2=0 res3=0 res4=0 res5=0 res6=0 res7=0 res8=0 SmallHouse=1 BigHouse=1 | nw=1522185.0517
  s=  137 a= 36(MANAGER:2) r= +0.0391 cum=    -27.91 v= -0.4500 top5=[a26=0.040, a32=0.029, a13=0.027, a21=0.027, a42=0.027]
    OBS: year=0 month=7 season=1 money=50008 credit=50400 people=28 busy=0 free=28 home_places=70 need_workers=0 tax_due=0 main_tax_due=0 tax_amount=5954 main_tax_amount=0 days_alive=150 stage=0 res0=0 res1=400 res2=0 res3=0 res4=0 res5=0 res6=0 res7=0 res8=0 SmallHouse=1 BigHouse=1 | nw=1522101.5365
  s=  138 a= 35(MANAGER:1) r= -0.5802 cum=    -28.49 v= -0.4480 top5=[a26=0.040, a32=0.029, a13=0.027, a21=0.027, a42=0.027]
    OBS: year=0 month=7 season=1 money=50008 credit=50500 people=28 busy=0 free=28 home_places=70 need_workers=0 tax_due=0 main_tax_due=0 tax_amount=5954 main_tax_amount=0 days_alive=151 stage=0 res0=0 res1=400 res2=0 res3=0 res4=0 res5=0 res6=0 res7=0 res8=0 SmallHouse=1 BigHouse=1 | nw=1521996.4166
  s=  139 a= 23(BUILD:Torchlight) r= -0.5814 cum=    -29.07 v= -0.4453 top5=[a26=0.040, a32=0.029, a13=0.027, a21=0.027, a42=0.027] [BUILD: Torchlight]
    OBS: year=0 month=7 season=1 money=50008 credit=50601 people=28 busy=0 free=28 home_places=70 need_workers=0 tax_due=0 main_tax_due=0 tax_amount=5954 main_tax_amount=0 days_alive=152 stage=0 res0=0 res1=400 res2=0 res3=0 res4=0 res5=0 res6=0 res7=0 res8=0 SmallHouse=1 BigHouse=1 | nw=1521890.2967
  s=  140 a= 38(MANAGER:4) r= -0.5820 cum=    -29.65 v= -0.4432 top5=[a26=0.040, a32=0.029, a21=0.027, a13=0.027, a42=0.027]
    OBS: year=0 month=8 season=1 money=50008 credit=50702 people=28 busy=0 free=28 home_places=70 need_workers=0 tax_due=0 main_tax_due=0 tax_amount=5954 main_tax_amount=0 days_alive=153 stage=0 res0=0 res1=400 res2=0 res3=0 res4=0 res5=0 res6=0 res7=0 res8=0 SmallHouse=1 BigHouse=1 | nw=1521784.1767
  s=  141 a= 35(MANAGER:1) r= -0.5826 cum=    -30.24 v= -0.4763 top5=[a26=0.035, a6=0.030, a34=0.030, a32=0.029, a13=0.029]
    OBS: year=0 month=8 season=1 money=50008 credit=50803 people=28 busy=0 free=28 home_places=70 need_workers=0 tax_due=0 main_tax_due=0 tax_amount=5954 main_tax_amount=0 days_alive=154 stage=0 res0=0 res1=400 res2=0 res3=0 res4=0 res5=0 res6=0 res7=0 res8=0 SmallHouse=1 BigHouse=1 | nw=1521678.0568
  s=  142 a= 16(BUILD:CoalCut) r= -0.5832 cum=    -30.82 v= -0.4734 top5=[a26=0.035, a6=0.030, a34=0.030, a32=0.029, a13=0.029] [BUILD: CoalCut]
    OBS: year=0 month=8 season=1 money=50008 credit=50904 people=28 busy=0 free=28 home_places=70 need_workers=0 tax_due=0 main_tax_due=0 tax_amount=5954 main_tax_amount=0 days_alive=155 stage=0 res0=0 res1=400 res2=0 res3=0 res4=0 res5=0 res6=0 res7=0 res8=0 SmallHouse=1 BigHouse=1 | nw=1521571.9369
  s=  143 a= 16(BUILD:CoalCut) r= -0.5838 cum=    -31.40 v= -0.4708 top5=[a26=0.035, a6=0.030, a34=0.029, a32=0.029, a13=0.029] [BUILD: CoalCut]
    OBS: year=0 month=8 season=1 money=50008 credit=51005 people=28 busy=0 free=28 home_places=70 need_workers=0 tax_due=0 main_tax_due=0 tax_amount=5954 main_tax_amount=0 days_alive=156 stage=0 res0=0 res1=400 res2=0 res3=0 res4=0 res5=0 res6=0 res7=0 res8=0 SmallHouse=1 BigHouse=1 | nw=1521465.8170
  s=  144 a= 33(BUILD:AtomStation) r= -0.5850 cum=    -31.99 v= -0.4690 top5=[a26=0.035, a6=0.030, a32=0.029, a13=0.029, a34=0.029] [BUILD: AtomStation]
    OBS: year=0 month=8 season=1 money=50008 credit=51107 people=28 busy=0 free=28 home_places=70 need_workers=0 tax_due=0 main_tax_due=0 tax_amount=5954 main_tax_amount=0 days_alive=157 stage=0 res0=0 res1=400 res2=0 res3=0 res4=0 res5=0 res6=0 res7=0 res8=0 SmallHouse=1 BigHouse=1 | nw=1521358.6971
  s=  145 a= 44(MANAGER:10) r= +0.3264 cum=    -31.66 v= -0.4669 top5=[a26=0.035, a6=0.029, a13=0.029, a32=0.029, a34=0.029]
    OBS: year=0 month=8 season=1 money=50008 credit=51209 people=28 busy=0 free=28 home_places=70 need_workers=0 tax_due=0 main_tax_due=0 tax_amount=5954 main_tax_amount=0 days_alive=158 stage=0 res0=0 res1=400 res2=0 res3=0 res4=0 res5=0 res6=0 res7=0 res8=0 SmallHouse=1 BigHouse=1 | nw=1521251.5771
  s=  146 a=  6(BUILD:SmallHouse) r= -0.5861 cum=    -32.25 v= -0.4652 top5=[a26=0.036, a6=0.029, a13=0.029, a32=0.029, a34=0.028] [BUILD: SmallHouse]
    OBS: year=0 month=8 season=1 money=50008 credit=51311 people=28 busy=0 free=28 home_places=70 need_workers=0 tax_due=0 main_tax_due=0 tax_amount=5954 main_tax_amount=0 days_alive=159 stage=0 res0=0 res1=400 res2=0 res3=0 res4=0 res5=0 res6=0 res7=0 res8=0 SmallHouse=1 BigHouse=1 | nw=1521144.4572
  s=  147 a= 34(MANAGER:0) r= -6.0847 cum=    -38.33 v= -0.4634 top5=[a26=0.036, a6=0.029, a13=0.029, a32=0.029, a34=0.028]
    OBS: year=0 month=8 season=1 money=17011 credit=51413 people=28 busy=0 free=28 home_places=70 need_workers=0 tax_due=0 main_tax_due=0 tax_amount=5954 main_tax_amount=0 days_alive=160 stage=0 res0=0 res1=400 res2=0 res3=0 res4=0 res5=0 res6=0 res7=0 res8=0 SmallHouse=1 BigHouse=1 | nw=1488041.0971
  s=  148 a= 26(BUILD:BigSawmill) r= -0.5838 cum=    -38.92 v= -0.4253 top5=[a26=0.035, a32=0.030, a13=0.030, a21=0.029, a34=0.027] [BUILD: BigSawmill]
    OBS: year=0 month=8 season=1 money=17011 credit=51515 people=28 busy=0 free=28 home_places=70 need_workers=0 tax_due=0 main_tax_due=0 tax_amount=5954 main_tax_amount=0 days_alive=161 stage=0 res0=0 res1=400 res2=0 res3=0 res4=0 res5=0 res6=0 res7=0 res8=0 SmallHouse=1 BigHouse=1 | nw=1487934.7369
  s=  149 a= 40(MANAGER:6) r= +0.1541 cum=    -38.76 v= -0.4251 top5=[a26=0.035, a32=0.030, a13=0.030, a21=0.029, a34=0.027]
    OBS: year=0 month=8 season=1 money=17211 credit=51618 people=28 busy=0 free=28 home_places=70 need_workers=0 tax_due=0 main_tax_due=0 tax_amount=5958 main_tax_amount=0 days_alive=162 stage=0 res0=0 res1=200 res2=0 res3=0 res4=0 res5=0 res6=0 res7=0 res8=0 SmallHouse=1 BigHouse=1 | nw=1487827.3768
  s=  150 a=  4(BUILD:Garden) r= -0.5860 cum=    -39.35 v= -0.4255 top5=[a26=0.035, a32=0.030, a13=0.030, a21=0.029, a34=0.027] [BUILD: Garden]
    OBS: year=0 month=8 season=1 money=17211 credit=51721 people=28 busy=0 free=28 home_places=70 need_workers=0 tax_due=0 main_tax_due=0 tax_amount=5958 main_tax_amount=0 days_alive=163 stage=0 res0=0 res1=200 res2=0 res3=0 res4=0 res5=0 res6=0 res7=0 res8=0 SmallHouse=1 BigHouse=1 | nw=1487719.2569
  s=  151 a= 43(MANAGER:9) r= -0.5861 cum=    -39.93 v= -0.4256 top5=[a26=0.036, a32=0.030, a13=0.030, a21=0.029, a34=0.027]
    OBS: year=0 month=8 season=1 money=17211 credit=51824 people=28 busy=0 free=28 home_places=70 need_workers=0 tax_due=0 main_tax_due=0 tax_amount=5958 main_tax_amount=0 days_alive=164 stage=0 res0=0 res1=200 res2=0 res3=0 res4=0 res5=0 res6=0 res7=0 res8=0 SmallHouse=1 BigHouse=1 | nw=1487611.8968
  s=  152 a= 38(MANAGER:4) r= -0.5872 cum=    -40.52 v= -0.4254 top5=[a26=0.036, a13=0.029, a32=0.029, a21=0.029, a34=0.027]
    OBS: year=0 month=8 season=1 money=17211 credit=51927 people=28 busy=0 free=28 home_places=70 need_workers=0 tax_due=0 main_tax_due=0 tax_amount=5958 main_tax_amount=0 days_alive=165 stage=0 res0=0 res1=200 res2=0 res3=0 res4=0 res5=0 res6=0 res7=0 res8=0 SmallHouse=1 BigHouse=1 | nw=1487503.7768
  s=  153 a= 39(MANAGER:5) r= -0.5873 cum=    -41.11 v= -0.4252 top5=[a26=0.036, a13=0.029, a32=0.029, a21=0.029, a8=0.027]
    OBS: year=0 month=8 season=1 money=17211 credit=52030 people=28 busy=0 free=28 home_places=70 need_workers=0 tax_due=0 main_tax_due=0 tax_amount=5958 main_tax_amount=0 days_alive=166 stage=0 res0=0 res1=200 res2=0 res3=0 res4=0 res5=0 res6=0 res7=0 res8=0 SmallHouse=1 BigHouse=1 | nw=1487396.4167
  s=  154 a= 40(MANAGER:6) r= -0.5890 cum=    -41.70 v= -0.4249 top5=[a26=0.036, a13=0.029, a32=0.029, a21=0.029, a8=0.027]
    OBS: year=0 month=8 season=1 money=17211 credit=52134 people=28 busy=0 free=28 home_places=70 need_workers=0 tax_due=0 main_tax_due=0 tax_amount=5958 main_tax_amount=0 days_alive=167 stage=0 res0=0 res1=200 res2=0 res3=0 res4=0 res5=0 res6=0 res7=0 res8=0 SmallHouse=1 BigHouse=1 | nw=1487287.2968
  s=  155 a=  3(BUILD:Farm) r= +1.7428 cum=    -39.95 v= -0.4244 top5=[a26=0.036, a13=0.029, a32=0.029, a21=0.029, a8=0.027] [BUILD: Farm]
    OBS: year=0 month=8 season=1 money=9571 credit=52238 people=28 busy=0 free=28 home_places=270 need_workers=0 tax_due=0 main_tax_due=0 tax_amount=6378 main_tax_amount=0 days_alive=168 stage=0 res0=0 res1=200 res2=0 res3=0 res4=0 res5=0 res6=0 res7=0 res8=0 Garden=1 SmallHouse=1 BigHouse=1 | nw=1487178.1769
  s=  156 a= 29(BUILD:Puerperal) r= -0.5894 cum=    -40.54 v= -0.7874 top5=[a26=0.037, a32=0.034, a9=0.034, a13=0.033, a27=0.030] [BUILD: Puerperal]
    OBS: year=0 month=8 season=1 money=9571 credit=52342 people=28 busy=0 free=28 home_places=270 need_workers=0 tax_due=0 main_tax_due=0 tax_amount=6378 main_tax_amount=0 days_alive=169 stage=0 res0=0 res1=200 res2=0 res3=0 res4=0 res5=0 res6=0 res7=0 res8=0 Garden=1 SmallHouse=1 BigHouse=1 | nw=1487069.0569
  s=  157 a= 12(BUILD:PowerStation) r= +2.7269 cum=    -37.82 v= -0.7769 top5=[a26=0.037, a32=0.034, a9=0.034, a13=0.033, a27=0.030] [BUILD: PowerStation]
    OBS: year=0 month=8 season=1 money=9171 credit=52446 people=28 busy=0 free=28 home_places=270 need_workers=0 tax_due=0 main_tax_due=0 tax_amount=6378 main_tax_amount=0 days_alive=170 stage=0 res0=0 res1=200 res2=0 res3=0 res4=0 res5=0 res6=0 res7=0 res8=0 Garden=1 Road=1 SmallHouse=1 BigHouse=1 | nw=1486960.6968
  s=  158 a=  5(BUILD:House) r= -0.5891 cum=    -38.41 v= -0.7913 top5=[a26=0.035, a13=0.034, a32=0.033, a9=0.033, a27=0.031] [BUILD: House]
    OBS: year=0 month=8 season=1 money=9171 credit=52550 people=28 busy=0 free=28 home_places=270 need_workers=0 tax_due=0 main_tax_due=0 tax_amount=6378 main_tax_amount=0 days_alive=171 stage=0 res0=0 res1=200 res2=0 res3=0 res4=0 res5=0 res6=0 res7=0 res8=0 Garden=1 Road=1 SmallHouse=1 BigHouse=1 | nw=1486851.5769
  s=  159 a= 13(BUILD:HydroStation) r= -0.5903 cum=    -39.00 v= -0.7822 top5=[a26=0.035, a13=0.034, a32=0.033, a9=0.033, a27=0.031] [BUILD: HydroStation]
    OBS: year=0 month=8 season=1 money=9171 credit=52655 people=28 busy=0 free=28 home_places=270 need_workers=0 tax_due=0 main_tax_due=0 tax_amount=6378 main_tax_amount=0 days_alive=172 stage=0 res0=0 res1=200 res2=0 res3=0 res4=0 res5=0 res6=0 res7=0 res8=0 Garden=1 Road=1 SmallHouse=1 BigHouse=1 | nw=1486741.4570
  s=  160 a= 35(MANAGER:1) r= -0.5904 cum=    -39.59 v= -0.7734 top5=[a26=0.034, a13=0.034, a32=0.033, a9=0.033, a27=0.031]
    OBS: year=0 month=8 season=1 money=9171 credit=52760 people=28 busy=0 free=28 home_places=270 need_workers=0 tax_due=0 main_tax_due=0 tax_amount=6378 main_tax_amount=0 days_alive=173 stage=0 res0=0 res1=200 res2=0 res3=0 res4=0 res5=0 res6=0 res7=0 res8=0 Garden=1 Road=1 SmallHouse=1 BigHouse=1 | nw=1486632.0968
  s=  161 a= 20(BUILD:BigHouse) r= -0.5915 cum=    -40.18 v= -0.7651 top5=[a26=0.034, a13=0.034, a32=0.033, a9=0.033, a27=0.031] [BUILD: BigHouse]
    OBS: year=0 month=8 season=1 money=9171 credit=52865 people=28 busy=0 free=28 home_places=270 need_workers=0 tax_due=0 main_tax_due=0 tax_amount=6378 main_tax_amount=0 days_alive=174 stage=0 res0=0 res1=200 res2=0 res3=0 res4=0 res5=0 res6=0 res7=0 res8=0 Garden=1 Road=1 SmallHouse=1 BigHouse=1 | nw=1486521.9769
  s=  162 a= 18(BUILD:CowFarm) r= -0.5917 cum=    -40.77 v= -0.7570 top5=[a26=0.034, a13=0.034, a32=0.033, a9=0.033, a27=0.031] [BUILD: CowFarm]
    OBS: year=0 month=8 season=1 money=9171 credit=52970 people=28 busy=0 free=28 home_places=270 need_workers=0 tax_due=0 main_tax_due=0 tax_amount=6378 main_tax_amount=0 days_alive=175 stage=0 res0=0 res1=200 res2=0 res3=0 res4=0 res5=0 res6=0 res7=0 res8=0 Garden=1 Road=1 SmallHouse=1 BigHouse=1 | nw=1486412.6168
  s=  163 a= 39(MANAGER:5) r= -0.5928 cum=    -41.36 v= -0.7491 top5=[a13=0.034, a26=0.034, a32=0.033, a9=0.033, a27=0.031]
    OBS: year=0 month=8 season=1 money=9171 credit=53075 people=28 busy=0 free=28 home_places=270 need_workers=0 tax_due=0 main_tax_due=0 tax_amount=6378 main_tax_amount=0 days_alive=176 stage=0 res0=0 res1=200 res2=0 res3=0 res4=0 res5=0 res6=0 res7=0 res8=0 Garden=1 Road=1 SmallHouse=1 BigHouse=1 | nw=1486302.4968
  s=  164 a= 41(MANAGER:7) r= -0.0853 cum=    -41.45 v= -0.7002 top5=[a26=0.036, a32=0.034, a13=0.033, a9=0.032, a27=0.030]
    OBS: year=0 month=8 season=1 money=8771 credit=53181 people=28 busy=0 free=28 home_places=270 need_workers=0 tax_due=0 main_tax_due=0 tax_amount=6382 main_tax_amount=0 days_alive=177 stage=0 res0=0 res1=400 res2=0 res3=0 res4=0 res5=0 res6=0 res7=0 res8=0 Garden=1 Road=1 SmallHouse=1 BigHouse=1 | nw=1485991.3769
  s=  165 a= 29(BUILD:Puerperal) r= -0.5940 cum=    -42.04 v= -0.7038 top5=[a26=0.037, a32=0.035, a9=0.031, a13=0.031, a21=0.031] [BUILD: Puerperal]
    OBS: year=0 month=8 season=1 money=8771 credit=53287 people=28 busy=0 free=28 home_places=270 need_workers=0 tax_due=0 main_tax_due=0 tax_amount=6382 main_tax_amount=0 days_alive=178 stage=0 res0=0 res1=400 res2=0 res3=0 res4=0 res5=0 res6=0 res7=0 res8=0 Garden=1 Road=1 SmallHouse=1 BigHouse=1 | nw=1485881.1826
  s=  166 a= 34(MANAGER:0) r= -0.5954 cum=    -42.64 v= -0.6782 top5=[a26=0.041, a32=0.035, a13=0.032, a9=0.031, a21=0.031]
    OBS: year=0 month=8 season=1 money=8771 credit=53393 people=28 busy=0 free=28 home_places=270 need_workers=0 tax_due=0 main_tax_due=0 tax_amount=6382 main_tax_amount=0 days_alive=179 stage=0 res0=0 res1=400 res2=0 res3=0 res4=0 res5=0 res6=0 res7=0 res8=0 Garden=1 Road=1 SmallHouse=1 BigHouse=1 | nw=1485769.6254
  s=  167 a=  6(BUILD:SmallHouse) r= -0.5961 cum=    -43.23 v= -0.6682 top5=[a26=0.041, a32=0.035, a13=0.032, a9=0.031, a21=0.031] [BUILD: SmallHouse]
    OBS: year=0 month=8 season=1 money=8771 credit=53499 people=28 busy=0 free=28 home_places=270 need_workers=0 tax_due=0 main_tax_due=0 tax_amount=6382 main_tax_amount=0 days_alive=180 stage=0 res0=0 res1=400 res2=0 res3=0 res4=0 res5=0 res6=0 res7=0 res8=0 Garden=1 Road=1 SmallHouse=1 BigHouse=1 | nw=1485658.0683
  s=  168 a= 12(BUILD:PowerStation) r= +0.9022 cum=    -42.33 v= -0.6584 top5=[a26=0.041, a32=0.035, a13=0.032, a9=0.031, a21=0.031] [BUILD: PowerStation]
    OBS: year=0 month=8 season=1 money=8371 credit=53605 people=28 busy=0 free=28 home_places=270 need_workers=2 tax_due=0 main_tax_due=0 tax_amount=6382 main_tax_amount=0 days_alive=181 stage=0 res0=0 res1=400 res2=0 res3=0 res4=0 res5=0 res6=0 res7=0 res8=0 Garden=1 Road=2 SmallHouse=1 BigHouse=1 | nw=1485547.2708
  s=  169 a= 23(BUILD:Torchlight) r= -0.5978 cum=    -42.93 v= -0.6817 top5=[a26=0.038, a32=0.035, a13=0.033, a27=0.032, a9=0.031] [BUILD: Torchlight]
    OBS: year=0 month=8 season=1 money=8371 credit=53712 people=28 busy=0 free=28 home_places=270 need_workers=2 tax_due=0 main_tax_due=0 tax_amount=6382 main_tax_amount=0 days_alive=182 stage=0 res0=0 res1=400 res2=0 res3=0 res4=0 res5=0 res6=0 res7=0 res8=0 Garden=1 Road=2 SmallHouse=1 BigHouse=1 | nw=1485434.2764
  s=  170 a= 37(MANAGER:3) r= -4.1760 cum=    -47.10 v= -0.6719 top5=[a26=0.038, a32=0.035, a13=0.033, a27=0.032, a21=0.031]
    OBS: year=0 month=8 season=1 money=9135 credit=53819 people=28 busy=0 free=28 home_places=270 need_workers=0 tax_due=0 main_tax_due=0 tax_amount=5962 main_tax_amount=0 days_alive=183 stage=0 res0=0 res1=400 res2=0 res3=0 res4=0 res5=0 res6=0 res7=0 res8=0 Road=2 SmallHouse=1 BigHouse=1 | nw=1478449.9771
  s=  171 a= 27(BUILD:WaterMill) r= -0.5973 cum=    -47.70 v= -0.5998 top5=[a26=0.037, a32=0.035, a13=0.031, a9=0.031, a27=0.028] [BUILD: WaterMill]
    OBS: year=0 month=9 season=2 money=9135 credit=53926 people=28 busy=0 free=28 home_places=270 need_workers=0 tax_due=0 main_tax_due=0 tax_amount=5962 main_tax_amount=0 days_alive=184 stage=0 res0=0 res1=400 res2=0 res3=0 res4=0 res5=0 res6=0 res7=0 res8=0 Road=2 SmallHouse=1 BigHouse=1 | nw=1478337.8572
  s=  172 a= 12(BUILD:PowerStation) r= +0.8995 cum=    -46.80 v= -0.6819 top5=[a27=0.034, a8=0.033, a9=0.032, a6=0.032, a4=0.032] [BUILD: PowerStation]
    OBS: year=0 month=9 season=2 money=8735 credit=54033 people=28 busy=0 free=28 home_places=270 need_workers=0 tax_due=0 main_tax_due=0 tax_amount=5962 main_tax_amount=0 days_alive=185 stage=0 res0=0 res1=400 res2=0 res3=0 res4=0 res5=0 res6=0 res7=0 res8=0 Road=3 SmallHouse=1 BigHouse=1 | nw=1478225.7373
  s=  173 a= 29(BUILD:Puerperal) r= -0.5982 cum=    -47.40 v= -0.6998 top5=[a8=0.035, a27=0.034, a6=0.033, a12=0.033, a4=0.031] [BUILD: Puerperal]
    OBS: year=0 month=9 season=2 money=8735 credit=54141 people=28 busy=0 free=28 home_places=270 need_workers=0 tax_due=0 main_tax_due=0 tax_amount=5962 main_tax_amount=0 days_alive=186 stage=0 res0=0 res1=400 res2=0 res3=0 res4=0 res5=0 res6=0 res7=0 res8=0 Road=3 SmallHouse=1 BigHouse=1 | nw=1478113.6578
  s=  174 a= 12(BUILD:PowerStation) r= +0.8986 cum=    -46.50 v= -0.6970 top5=[a8=0.035, a27=0.034, a6=0.033, a12=0.033, a4=0.032] [BUILD: PowerStation]
    OBS: year=0 month=9 season=2 money=8335 credit=54249 people=28 busy=0 free=28 home_places=270 need_workers=0 tax_due=0 main_tax_due=0 tax_amount=5962 main_tax_amount=0 days_alive=187 stage=0 res0=0 res1=400 res2=0 res3=0 res4=0 res5=0 res6=0 res7=0 res8=0 Road=4 SmallHouse=1 BigHouse=1 | nw=1478000.5378
  s=  175 a= 11(BUILD:Goldmine) r= -0.5997 cum=    -47.10 v= -0.6871 top5=[a8=0.035, a27=0.034, a12=0.033, a6=0.033, a4=0.032] [BUILD: Goldmine]
    OBS: year=0 month=9 season=2 money=8335 credit=54357 people=28 busy=0 free=28 home_places=270 need_workers=0 tax_due=0 main_tax_due=0 tax_amount=5962 main_tax_amount=0 days_alive=188 stage=0 res0=0 res1=400 res2=0 res3=0 res4=0 res5=0 res6=0 res7=0 res8=0 Road=4 SmallHouse=1 BigHouse=1 | nw=1477887.4179
  s=  176 a= 34(MANAGER:0) r= -0.5998 cum=    -47.70 v= -0.6830 top5=[a8=0.035, a27=0.034, a12=0.033, a6=0.033, a4=0.032]
    OBS: year=0 month=9 season=2 money=8335 credit=54465 people=28 busy=0 free=28 home_places=270 need_workers=0 tax_due=0 main_tax_due=0 tax_amount=5962 main_tax_amount=0 days_alive=189 stage=0 res0=0 res1=400 res2=0 res3=0 res4=0 res5=0 res6=0 res7=0 res8=0 Road=4 SmallHouse=1 BigHouse=1 | nw=1477775.0578
  s=  177 a=  1(WEEK) r= -1.4209 cum=    -49.12 v= -0.6782 top5=[a8=0.034, a27=0.034, a12=0.033, a6=0.032, a4=0.032]
    OBS: year=0 month=9 season=2 money=8335 credit=55229 people=28 busy=0 free=28 home_places=270 need_workers=0 tax_due=0 main_tax_due=0 tax_amount=5962 main_tax_amount=0 days_alive=196 stage=0 res0=0 res1=400 res2=0 res3=0 res4=0 res5=0 res6=0 res7=0 res8=0 Road=4 SmallHouse=1 BigHouse=1 | nw=1476976.7379
  s=  178 a= 10(BUILD:Refinery) r= -0.6059 cum=    -49.73 v= -0.5897 top5=[a26=0.033, a4=0.033, a27=0.032, a9=0.032, a8=0.031] [BUILD: Refinery]
    OBS: year=0 month=9 season=2 money=8335 credit=55339 people=28 busy=0 free=28 home_places=270 need_workers=0 tax_due=0 main_tax_due=0 tax_amount=5962 main_tax_amount=0 days_alive=197 stage=0 res0=0 res1=400 res2=0 res3=0 res4=0 res5=0 res6=0 res7=0 res8=0 Road=4 SmallHouse=1 BigHouse=1 | nw=1476859.8178
  s=  179 a= 42(MANAGER:8) r= -0.2087 cum=    -49.94 v= -0.5889 top5=[a26=0.033, a4=0.033, a27=0.032, a9=0.032, a8=0.031]
    OBS: year=0 month=9 season=2 money=58335 credit=105549 people=28 busy=0 free=28 home_places=270 need_workers=0 tax_due=0 main_tax_due=0 tax_amount=5962 main_tax_amount=0 days_alive=198 stage=0 res0=0 res1=400 res2=0 res3=0 res4=0 res5=0 res6=0 res7=0 res8=0 Road=4 SmallHouse=1 BigHouse=1 | nw=1476645.4577
  s=  180 a= 42(MANAGER:8) r= -0.8204 cum=    -50.76 v= -0.5836 top5=[a27=0.033, a9=0.033, a26=0.031, a12=0.030, a6=0.029]
    OBS: year=0 month=9 season=2 money=58335 credit=105760 people=28 busy=0 free=28 home_places=270 need_workers=0 tax_due=0 main_tax_due=0 tax_amount=5962 main_tax_amount=0 days_alive=199 stage=0 res0=0 res1=400 res2=0 res3=0 res4=0 res5=0 res6=0 res7=0 res8=0 Road=4 SmallHouse=1 BigHouse=1 | nw=1476430.0976
  s=  181 a= 21(BUILD:BigFarm) r= +0.3989 cum=    -50.36 v= -0.5830 top5=[a27=0.033, a9=0.033, a26=0.031, a12=0.030, a6=0.029] [BUILD: BigFarm]
    OBS: year=0 month=9 season=2 money=58335 credit=105971 people=28 busy=0 free=28 home_places=270 need_workers=0 tax_due=0 main_tax_due=0 tax_amount=5962 main_tax_amount=0 days_alive=200 stage=0 res0=0 res1=400 res2=0 res3=0 res4=0 res5=0 res6=0 res7=0 res8=0 Road=4 SmallHouse=1 BigHouse=1 | nw=1476213.2178
  s=  182 a= 10(BUILD:Refinery) r= -0.8227 cum=    -51.18 v= -0.5823 top5=[a27=0.033, a9=0.033, a26=0.032, a12=0.030, a6=0.029] [BUILD: Refinery]
    OBS: year=0 month=9 season=2 money=58335 credit=106182 people=28 busy=0 free=28 home_places=270 need_workers=0 tax_due=0 main_tax_due=0 tax_amount=5962 main_tax_amount=0 days_alive=201 stage=0 res0=0 res1=400 res2=0 res3=0 res4=0 res5=0 res6=0 res7=0 res8=0 Road=4 SmallHouse=1 BigHouse=1 | nw=1475997.0979
  s=  183 a=  5(BUILD:House) r= -0.8244 cum=    -52.01 v= -0.5808 top5=[a27=0.033, a9=0.033, a26=0.032, a12=0.030, a6=0.028] [BUILD: House]
    OBS: year=0 month=9 season=2 money=58335 credit=106394 people=28 busy=0 free=28 home_places=270 need_workers=0 tax_due=0 main_tax_due=0 tax_amount=5962 main_tax_amount=0 days_alive=202 stage=0 res0=0 res1=400 res2=0 res3=0 res4=0 res5=0 res6=0 res7=0 res8=0 Road=4 SmallHouse=1 BigHouse=1 | nw=1475779.9780
  s=  184 a= 35(MANAGER:1) r= -0.2141 cum=    -52.22 v= -0.5795 top5=[a27=0.033, a9=0.033, a26=0.032, a12=0.030, a4=0.028]
    OBS: year=0 month=9 season=2 money=58335 credit=106606 people=29 busy=0 free=29 home_places=270 need_workers=0 tax_due=0 main_tax_due=0 tax_amount=5962 main_tax_amount=0 days_alive=203 stage=0 res0=0 res1=400 res2=0 res3=0 res4=0 res5=0 res6=0 res7=0 res8=0 Road=4 SmallHouse=1 BigHouse=1 | nw=1475562.8581
  s=  185 a= 37(MANAGER:3) r= -0.4356 cum=    -52.66 v= -0.5614 top5=[a9=0.033, a27=0.033, a26=0.031, a12=0.031, a4=0.028]
    OBS: year=0 month=9 season=2 money=58375 credit=106819 people=29 busy=0 free=29 home_places=270 need_workers=0 tax_due=0 main_tax_due=0 tax_amount=5962 main_tax_amount=0 days_alive=204 stage=0 res0=0 res1=400 res2=0 res3=0 res4=0 res5=0 res6=0 res7=0 res8=0 Road=3 SmallHouse=1 BigHouse=1 | nw=1474984.7382
  s=  186 a=  7(BUILD:Sawmill) r= -6.1190 cum=    -58.77 v= -0.5595 top5=[a9=0.033, a27=0.032, a26=0.032, a12=0.031, a4=0.028] [BUILD FAILED: Sawmill money=58375 free=28]
    OBS: year=0 month=9 season=2 money=58375 credit=107032 people=28 busy=0 free=28 home_places=270 need_workers=0 tax_due=0 main_tax_due=0 tax_amount=5962 main_tax_amount=0 days_alive=205 stage=0 res0=0 res1=400 res2=0 res3=0 res4=0 res5=0 res6=0 res7=0 res8=0 Road=3 SmallHouse=1 BigHouse=1 | nw=1474767.3780
  s=  187 a=  4(BUILD:Garden) r= -0.6025 cum=    -59.38 v= -0.5774 top5=[a9=0.033, a26=0.032, a27=0.032, a12=0.031, a32=0.028] [BUILD: Garden]
    OBS: year=0 month=9 season=2 money=58375 credit=107246 people=28 busy=0 free=28 home_places=270 need_workers=0 tax_due=0 main_tax_due=0 tax_amount=5962 main_tax_amount=0 days_alive=206 stage=0 res0=0 res1=400 res2=0 res3=0 res4=0 res5=0 res6=0 res7=0 res8=0 Road=3 SmallHouse=1 BigHouse=1 | nw=1474549.7777
  s=  188 a= 39(MANAGER:5) r= -0.8266 cum=    -60.20 v= -0.5759 top5=[a9=0.033, a26=0.032, a27=0.032, a12=0.031, a32=0.028]
    OBS: year=0 month=9 season=2 money=58375 credit=107460 people=28 busy=0 free=28 home_places=270 need_workers=0 tax_due=0 main_tax_due=0 tax_amount=5962 main_tax_amount=0 days_alive=207 stage=0 res0=0 res1=400 res2=0 res3=0 res4=0 res5=0 res6=0 res7=0 res8=0 Road=3 SmallHouse=1 BigHouse=1 | nw=1474330.6578
  s=  189 a= 20(BUILD:BigHouse) r= -0.8287 cum=    -61.03 v= -0.5743 top5=[a9=0.033, a26=0.033, a27=0.032, a12=0.031, a32=0.028] [BUILD: BigHouse]
    OBS: year=0 month=9 season=2 money=58375 credit=107674 people=28 busy=0 free=28 home_places=270 need_workers=0 tax_due=0 main_tax_due=0 tax_amount=5962 main_tax_amount=0 days_alive=208 stage=0 res0=0 res1=400 res2=0 res3=0 res4=0 res5=0 res6=0 res7=0 res8=0 Road=3 SmallHouse=1 BigHouse=1 | nw=1474109.7377
  s=  190 a= 25(BUILD:SuperHouse) r= -0.8282 cum=    -61.86 v= -0.5738 top5=[a26=0.033, a9=0.033, a27=0.032, a12=0.031, a32=0.028] [BUILD: SuperHouse]
    OBS: year=0 month=9 season=2 money=58375 credit=107889 people=28 busy=0 free=28 home_places=270 need_workers=0 tax_due=0 main_tax_due=0 tax_amount=5962 main_tax_amount=0 days_alive=209 stage=0 res0=0 res1=400 res2=0 res3=0 res4=0 res5=0 res6=0 res7=0 res8=0 Road=3 SmallHouse=1 BigHouse=1 | nw=1473891.4179
  s=  191 a= 14(BUILD:Road) r= +0.3342 cum=    -61.53 v= -0.5722 top5=[a26=0.033, a9=0.033, a27=0.031, a12=0.031, a32=0.028] [BUILD: Road]
    OBS: year=0 month=9 season=2 money=52475 credit=108104 people=28 busy=0 free=28 home_places=270 need_workers=0 tax_due=0 main_tax_due=0 tax_amount=6382 main_tax_amount=0 days_alive=210 stage=0 res0=0 res1=400 res2=0 res3=0 res4=0 res5=0 res6=0 res7=0 res8=0 Road=3 SmallHouse=2 BigHouse=1 | nw=1473669.4978
  s=  192 a= 21(BUILD:BigFarm) r= -0.8318 cum=    -62.36 v= -0.4912 top5=[a27=0.035, a12=0.035, a9=0.031, a8=0.030, a26=0.029] [BUILD: BigFarm]
    OBS: year=0 month=9 season=2 money=52475 credit=108320 people=28 busy=0 free=28 home_places=270 need_workers=0 tax_due=0 main_tax_due=0 tax_amount=6382 main_tax_amount=0 days_alive=211 stage=0 res0=0 res1=400 res2=0 res3=0 res4=0 res5=0 res6=0 res7=0 res8=0 Road=3 SmallHouse=2 BigHouse=1 | nw=1473448.3779
  s=  193 a=  4(BUILD:Garden) r= -0.4219 cum=    -62.78 v= -0.4916 top5=[a27=0.035, a12=0.035, a9=0.031, a8=0.030, a26=0.029] [BUILD: Garden]
    OBS: year=0 month=9 season=2 money=52475 credit=108536 people=28 busy=0 free=28 home_places=270 need_workers=0 tax_due=0 main_tax_due=0 tax_amount=6382 main_tax_amount=0 days_alive=212 stage=0 res0=0 res1=400 res2=0 res3=0 res4=0 res5=0 res6=0 res7=0 res8=0 Road=3 SmallHouse=2 BigHouse=1 | nw=1473227.2580
  s=  194 a= 27(BUILD:WaterMill) r= -0.8357 cum=    -63.62 v= -0.4919 top5=[a12=0.035, a27=0.034, a9=0.031, a8=0.030, a26=0.029] [BUILD: WaterMill]
    OBS: year=0 month=9 season=2 money=52475 credit=108753 people=28 busy=0 free=28 home_places=270 need_workers=0 tax_due=0 main_tax_due=0 tax_amount=6382 main_tax_amount=0 days_alive=213 stage=0 res0=0 res1=400 res2=0 res3=0 res4=0 res5=0 res6=0 res7=0 res8=0 Road=3 SmallHouse=2 BigHouse=1 | nw=1473003.3379
  s=  195 a= 11(BUILD:Goldmine) r= -0.8357 cum=    -64.45 v= -0.4925 top5=[a12=0.035, a27=0.034, a9=0.031, a8=0.030, a26=0.029] [BUILD: Goldmine]
    OBS: year=0 month=10 season=2 money=52475 credit=108970 people=28 busy=0 free=28 home_places=270 need_workers=0 tax_due=0 main_tax_due=0 tax_amount=6382 main_tax_amount=0 days_alive=214 stage=0 res0=0 res1=400 res2=0 res3=0 res4=0 res5=0 res6=0 res7=0 res8=0 Road=3 SmallHouse=2 BigHouse=1 | nw=1472781.2180
  s=  196 a= 12(BUILD:PowerStation) r= +0.6683 cum=    -63.78 v= -0.5108 top5=[a27=0.037, a12=0.032, a8=0.031, a9=0.031, a4=0.029] [BUILD: PowerStation]
    OBS: year=0 month=10 season=2 money=52075 credit=109187 people=28 busy=0 free=28 home_places=270 need_workers=0 tax_due=0 main_tax_due=0 tax_amount=6382 main_tax_amount=0 days_alive=215 stage=0 res0=0 res1=400 res2=0 res3=0 res4=0 res5=0 res6=0 res7=0 res8=0 Road=4 SmallHouse=2 BigHouse=1 | nw=1472559.8578
  s=  197 a= 13(BUILD:HydroStation) r= -0.1660 cum=    -63.95 v= -0.5439 top5=[a27=0.040, a12=0.034, a8=0.033, a6=0.031, a9=0.029] [BUILD: HydroStation]
    OBS: year=0 month=10 season=2 money=38037 credit=109405 people=28 busy=0 free=28 home_places=270 need_workers=0 tax_due=0 main_tax_due=0 tax_amount=6802 main_tax_amount=0 days_alive=216 stage=0 res0=0 res1=400 res2=0 res3=0 res4=0 res5=0 res6=0 res7=0 res8=0 Road=4 House=1 SmallHouse=2 BigHouse=1 | nw=1472339.2979
  s=  198 a= 32(BUILD:SmallAtomStation) r= -0.8402 cum=    -64.79 v= -0.5562 top5=[a27=0.039, a12=0.036, a8=0.034, a6=0.031, a4=0.030] [BUILD: SmallAtomStation]
    OBS: year=0 month=10 season=2 money=38037 credit=109623 people=28 busy=0 free=28 home_places=270 need_workers=0 tax_due=0 main_tax_due=0 tax_amount=6802 main_tax_amount=0 days_alive=217 stage=0 res0=0 res1=400 res2=0 res3=0 res4=0 res5=0 res6=0 res7=0 res8=0 Road=4 House=1 SmallHouse=2 BigHouse=1 | nw=1472114.3778
  s=  199 a= 12(BUILD:PowerStation) r= +2.5009 cum=    -62.29 v= -0.4901 top5=[a27=0.037, a12=0.034, a8=0.033, a4=0.030, a6=0.029] [BUILD: PowerStation]
    OBS: year=0 month=10 season=2 money=37637 credit=109842 people=28 busy=0 free=28 home_places=290 need_workers=0 tax_due=0 main_tax_due=0 tax_amount=6802 main_tax_amount=0 days_alive=218 stage=0 res0=0 res1=400 res2=0 res3=0 res4=0 res5=0 res6=0 res7=0 res8=0 Road=5 House=1 SmallHouse=2 BigHouse=1 | nw=1471888.7383
  s=  200 a= 14(BUILD:Road) r= +0.3264 cum=    -61.96 v= -0.6132 top5=[a27=0.039, a12=0.035, a8=0.034, a6=0.033, a4=0.032] [BUILD: Road]
    OBS: year=0 month=10 season=2 money=31737 credit=110061 people=28 busy=0 free=28 home_places=290 need_workers=0 tax_due=0 main_tax_due=0 tax_amount=7222 main_tax_amount=0 days_alive=219 stage=0 res0=0 res1=400 res2=0 res3=0 res4=0 res5=0 res6=0 res7=0 res8=0 Road=5 House=1 SmallHouse=3 BigHouse=1 | nw=1471663.0988
  s=  201 a=  4(BUILD:Garden) r= -0.6199 cum=    -62.58 v= -0.6540 top5=[a27=0.045, a8=0.039, a12=0.036, a4=0.033, a6=0.033] [BUILD: Garden]
    OBS: year=0 month=10 season=2 money=31737 credit=110281 people=28 busy=0 free=28 home_places=290 need_workers=0 tax_due=0 main_tax_due=0 tax_amount=7222 main_tax_amount=0 days_alive=220 stage=0 res0=0 res1=400 res2=0 res3=0 res4=0 res5=0 res6=0 res7=0 res8=0 Road=5 House=1 SmallHouse=3 BigHouse=1 | nw=1471435.6995
  s=  202 a=  2(BUILD:WaterChannel) r= +6.1155 cum=    -56.47 v= -0.6485 top5=[a27=0.045, a8=0.038, a12=0.036, a4=0.033, a6=0.033] [BUILD: WaterChannel]
    OBS: year=0 month=10 season=2 money=11923 credit=110501 people=28 busy=0 free=28 home_places=290 need_workers=0 tax_due=0 main_tax_due=0 tax_amount=7642 main_tax_amount=0 days_alive=221 stage=0 res0=0 res1=400 res2=0 res3=0 res4=0 res5=0 res6=0 res7=0 res8=0 Farm=1 Road=5 House=1 SmallHouse=3 BigHouse=1 | nw=1471209.0600
  s=  203 a=  1(WEEK) r= -3.1068 cum=    -59.57 v= -0.6229 top5=[a27=0.044, a8=0.037, a4=0.033, a32=0.032, a12=0.032]
    OBS: year=0 month=10 season=2 money=11923 credit=112054 people=28 busy=0 free=28 home_places=290 need_workers=0 tax_due=0 main_tax_due=0 tax_amount=7642 main_tax_amount=0 days_alive=228 stage=0 res0=0 res1=400 res2=0 res3=0 res4=0 res5=0 res6=0 res7=0 res8=0 Farm=1 Road=5 House=1 SmallHouse=3 BigHouse=1 | nw=1469605.5040
  s=  204 a= 22(BUILD:Apiary) r= +2.1899 cum=    -57.38 v= -0.5107 top5=[a27=0.041, a4=0.034, a8=0.033, a9=0.032, a32=0.032] [BUILD: Apiary]
    OBS: year=0 month=10 season=2 money=2538 credit=112278 people=28 busy=0 free=28 home_places=310 need_workers=0 tax_due=0 main_tax_due=0 tax_amount=8062 main_tax_amount=0 days_alive=229 stage=0 res0=0 res1=400 res2=0 res3=0 res4=0 res5=0 res6=0 res7=0 res8=0 Farm=1 Road=5 House=1 SmallHouse=3 BigHouse=1 Apiary=1 | nw=1469373.3449
  s=  205 a= 38(MANAGER:4) r= +1.5766 cum=    -55.81 v= -0.5374 top5=[a27=0.047, a4=0.035, a8=0.034, a32=0.034, a9=0.034]
    OBS: year=0 month=10 season=2 money=2538 credit=112502 people=28 busy=0 free=28 home_places=310 need_workers=0 tax_due=0 main_tax_due=0 tax_amount=8062 main_tax_amount=0 days_alive=230 stage=0 res0=0 res1=400 res2=0 res3=0 res4=0 res5=0 res6=0 res7=0 res8=0 Farm=1 Road=5 House=1 SmallHouse=3 BigHouse=1 Apiary=1 | nw=1469141.1859
  s=  206 a= 30(BUILD:BigIronmine) r= -0.8436 cum=    -56.65 v= -0.5275 top5=[a27=0.042, a32=0.035, a9=0.034, a6=0.034, a8=0.032] [BUILD: BigIronmine]
    OBS: year=0 month=10 season=2 money=2538 credit=112727 people=28 busy=0 free=28 home_places=310 need_workers=0 tax_due=0 main_tax_due=0 tax_amount=8062 main_tax_amount=0 days_alive=231 stage=0 res0=0 res1=400 res2=0 res3=0 res4=0 res5=0 res6=0 res7=0 res8=0 Farm=1 Road=5 House=1 SmallHouse=3 BigHouse=1 Apiary=1 | nw=1468909.8270
  s=  207 a= 25(BUILD:SuperHouse) r= -0.8458 cum=    -57.50 v= -0.5237 top5=[a27=0.041, a32=0.035, a9=0.034, a6=0.034, a8=0.032] [BUILD: SuperHouse]
    OBS: year=0 month=10 season=2 money=2538 credit=112952 people=28 busy=0 free=28 home_places=310 need_workers=0 tax_due=0 main_tax_due=0 tax_amount=8062 main_tax_amount=0 days_alive=232 stage=0 res0=0 res1=400 res2=0 res3=0 res4=0 res5=0 res6=0 res7=0 res8=0 Farm=1 Road=5 House=1 SmallHouse=3 BigHouse=1 Apiary=1 | nw=1468676.6679
  s=  208 a= 16(BUILD:CoalCut) r= -0.8474 cum=    -58.34 v= -0.5200 top5=[a27=0.041, a32=0.034, a9=0.034, a6=0.033, a8=0.031] [BUILD: CoalCut]
    OBS: year=0 month=10 season=2 money=2538 credit=113177 people=28 busy=0 free=28 home_places=310 need_workers=0 tax_due=0 main_tax_due=0 tax_amount=8062 main_tax_amount=0 days_alive=233 stage=0 res0=0 res1=400 res2=0 res3=0 res4=0 res5=0 res6=0 res7=0 res8=0 Farm=1 Road=5 House=1 SmallHouse=3 BigHouse=1 Apiary=1 | nw=1468442.7490
  s=  209 a= 13(BUILD:HydroStation) r= -0.8491 cum=    -59.19 v= -0.5165 top5=[a27=0.040, a32=0.034, a9=0.034, a6=0.033, a4=0.031] [BUILD: HydroStation]
    OBS: year=0 month=10 season=2 money=2538 credit=113403 people=28 busy=0 free=28 home_places=310 need_workers=0 tax_due=0 main_tax_due=0 tax_amount=8062 main_tax_amount=0 days_alive=234 stage=0 res0=0 res1=400 res2=0 res3=0 res4=0 res5=0 res6=0 res7=0 res8=0 Farm=1 Road=5 House=1 SmallHouse=3 BigHouse=1 Apiary=1 | nw=1468207.8302
  s=  210 a=  1(WEEK) r= -3.1972 cum=    -62.39 v= -0.5134 top5=[a27=0.040, a9=0.034, a32=0.034, a6=0.033, a4=0.031]
    OBS: year=0 month=10 season=2 money=2538 credit=114997 people=28 busy=0 free=28 home_places=310 need_workers=0 tax_due=0 main_tax_due=0 tax_amount=8062 main_tax_amount=0 days_alive=241 stage=0 res0=0 res1=400 res2=0 res3=0 res4=0 res5=0 res6=0 res7=0 res8=0 Farm=1 Road=5 House=1 SmallHouse=3 BigHouse=1 Apiary=1 | nw=1466556.4361
  s=  211 a= 16(BUILD:CoalCut) r= +6.0569 cum=    -56.33 v= -0.4578 top5=[a27=0.038, a9=0.035, a32=0.032, a4=0.032, a6=0.031] [BUILD: CoalCut]
    OBS: year=0 month=10 season=2 money=2538 credit=115226 people=28 busy=0 free=28 home_places=310 need_workers=0 tax_due=0 main_tax_due=0 tax_amount=8062 main_tax_amount=0 days_alive=242 stage=0 res0=0 res1=400 res2=0 res3=0 res4=0 res5=0 res6=0 res7=0 res8=0 Farm=1 Road=5 House=1 SmallHouse=3 BigHouse=1 Apiary=1 | nw=1466318.9655
  s=  212 a=  4(BUILD:Garden) r= -0.4455 cum=    -56.78 v= -0.4696 top5=[a27=0.038, a9=0.035, a32=0.033, a4=0.032, a6=0.031] [BUILD: Garden]
    OBS: year=0 month=10 season=2 money=2538 credit=115456 people=28 busy=0 free=28 home_places=310 need_workers=0 tax_due=0 main_tax_due=0 tax_amount=8062 main_tax_amount=0 days_alive=243 stage=0 res0=0 res1=400 res2=0 res3=0 res4=0 res5=0 res6=0 res7=0 res8=0 Farm=1 Road=5 House=1 SmallHouse=3 BigHouse=1 Apiary=1 | nw=1466081.5354
  s=  213 a= 31(BUILD:AirStation) r= -0.8523 cum=    -57.63 v= -0.4653 top5=[a27=0.037, a9=0.035, a32=0.033, a4=0.033, a6=0.031] [BUILD: AirStation]
    OBS: year=0 month=10 season=2 money=2538 credit=115686 people=28 busy=0 free=28 home_places=310 need_workers=0 tax_due=0 main_tax_due=0 tax_amount=8062 main_tax_amount=0 days_alive=244 stage=0 res0=0 res1=400 res2=0 res3=0 res4=0 res5=0 res6=0 res7=0 res8=0 Farm=1 Road=5 House=1 SmallHouse=3 BigHouse=1 Apiary=1 | nw=1465841.5452
  s=  214 a= 38(MANAGER:4) r= -0.8536 cum=    -58.48 v= -0.4613 top5=[a27=0.037, a9=0.035, a4=0.033, a32=0.032, a6=0.031]
    OBS: year=0 month=11 season=2 money=2538 credit=115917 people=28 busy=0 free=28 home_places=310 need_workers=0 tax_due=0 main_tax_due=0 tax_amount=8062 main_tax_amount=0 days_alive=245 stage=0 res0=0 res1=400 res2=0 res3=0 res4=0 res5=0 res6=0 res7=0 res8=0 Farm=1 Road=5 House=1 SmallHouse=3 BigHouse=1 Apiary=1 | nw=1465601.3149
  s=  215 a=  1(WEEK) r= -6.0147 cum=    -64.50 v= -0.5066 top5=[a27=0.043, a32=0.038, a9=0.034, a6=0.033, a8=0.031]
    OBS: year=0 month=11 season=2 money=2538 credit=117546 people=28 busy=0 free=28 home_places=310 need_workers=0 tax_due=0 main_tax_due=0 tax_amount=8062 main_tax_amount=0 days_alive=252 stage=0 res0=0 res1=400 res2=0 res3=0 res4=0 res5=0 res6=0 res7=0 res8=0 Farm=1 Road=5 House=1 SmallHouse=3 BigHouse=1 Apiary=1 | nw=1463910.7416
  s=  216 a=  5(BUILD:House) r= -0.8584 cum=    -65.36 v= -0.4879 top5=[a27=0.042, a32=0.037, a9=0.034, a6=0.032, a8=0.031] [BUILD: House]
    OBS: year=0 month=11 season=2 money=2538 credit=117781 people=28 busy=0 free=28 home_places=310 need_workers=0 tax_due=0 main_tax_due=0 tax_amount=8062 main_tax_amount=0 days_alive=253 stage=0 res0=0 res1=400 res2=0 res3=0 res4=0 res5=0 res6=0 res7=0 res8=0 Farm=1 Road=5 House=1 SmallHouse=3 BigHouse=1 Apiary=1 | nw=1463666.5113
  s=  217 a= 12(BUILD:PowerStation) r= +0.6123 cum=    -64.74 v= -0.4689 top5=[a27=0.040, a9=0.034, a32=0.034, a6=0.033, a8=0.031] [BUILD: PowerStation]
    OBS: year=0 month=11 season=2 money=2138 credit=118016 people=28 busy=0 free=28 home_places=370 need_workers=0 tax_due=0 main_tax_due=0 tax_amount=8062 main_tax_amount=0 days_alive=254 stage=0 res0=0 res1=400 res2=0 res3=0 res4=0 res5=0 res6=0 res7=0 res8=0 Farm=1 Road=6 House=1 SmallHouse=3 BigHouse=1 Apiary=1 | nw=1463418.4135
  s=  218 a= 42(MANAGER:8) r= -0.8643 cum=    -65.61 v= -0.6500 top5=[a27=0.044, a6=0.038, a32=0.036, a9=0.033, a8=0.032]
    OBS: year=0 month=11 season=2 money=2138 credit=118252 people=28 busy=0 free=28 home_places=370 need_workers=0 tax_due=0 main_tax_due=0 tax_amount=8062 main_tax_amount=0 days_alive=255 stage=0 res0=0 res1=400 res2=0 res3=0 res4=0 res5=0 res6=0 res7=0 res8=0 Farm=1 Road=6 House=1 SmallHouse=3 BigHouse=1 Apiary=1 | nw=1463167.5155
  s=  219 a= 35(MANAGER:1) r= -0.2625 cum=    -65.87 v= -0.6432 top5=[a27=0.043, a6=0.038, a32=0.035, a9=0.033, a8=0.032]
    OBS: year=0 month=11 season=2 money=2134 credit=118488 people=28 busy=0 free=28 home_places=370 need_workers=0 tax_due=0 main_tax_due=0 tax_amount=8062 main_tax_amount=0 days_alive=256 stage=0 res0=0 res1=400 res2=0 res3=0 res4=0 res5=0 res6=0 res7=0 res8=0 Farm=1 Road=6 House=1 SmallHouse=3 BigHouse=1 Apiary=1 | nw=1462922.1526
  s=  220 a= 40(MANAGER:6) r= -0.1338 cum=    -66.00 v= -0.6368 top5=[a27=0.043, a6=0.038, a32=0.035, a9=0.033, a8=0.032]
    OBS: year=0 month=11 season=2 money=2334 credit=118724 people=28 busy=0 free=28 home_places=370 need_workers=0 tax_due=0 main_tax_due=0 tax_amount=8066 main_tax_amount=0 days_alive=257 stage=0 res0=0 res1=200 res2=0 res3=0 res4=0 res5=0 res6=0 res7=0 res8=0 Farm=1 Road=6 House=1 SmallHouse=3 BigHouse=1 Apiary=1 | nw=1462673.0548
  s=  221 a= 43(MANAGER:9) r= -0.8308 cum=    -66.84 v= -0.6301 top5=[a27=0.043, a6=0.037, a32=0.035, a9=0.033, a8=0.032]
    OBS: year=0 month=11 season=2 money=2334 credit=118961 people=28 busy=0 free=28 home_places=370 need_workers=0 tax_due=0 main_tax_due=0 tax_amount=8066 main_tax_amount=0 days_alive=258 stage=0 res0=0 res1=200 res2=0 res3=0 res4=0 res5=0 res6=0 res7=0 res8=0 Farm=1 Road=6 House=1 SmallHouse=3 BigHouse=1 Apiary=1 | nw=1462423.7168
  s=  222 a= 23(BUILD:Torchlight) r= -0.8713 cum=    -67.71 v= -0.5667 top5=[a27=0.040, a6=0.036, a9=0.035, a32=0.034, a5=0.033] [BUILD: Torchlight]
    OBS: year=0 month=11 season=2 money=2334 credit=119198 people=28 busy=0 free=28 home_places=370 need_workers=0 tax_due=0 main_tax_due=0 tax_amount=8066 main_tax_amount=0 days_alive=259 stage=0 res0=0 res1=200 res2=0 res3=0 res4=0 res5=0 res6=0 res7=0 res8=0 Farm=1 Road=6 House=1 SmallHouse=3 BigHouse=1 Apiary=1 | nw=1462168.4167
  s=  223 a= 14(BUILD:Road) r= -0.8730 cum=    -68.58 v= -0.4129 top5=[a32=0.063, a9=0.052, a40=0.042, a6=0.034, a5=0.034] [BUILD: Road]
    OBS: year=0 month=11 season=2 money=2334 credit=119436 people=28 busy=0 free=28 home_places=370 need_workers=0 tax_due=0 main_tax_due=0 tax_amount=8066 main_tax_amount=0 days_alive=260 stage=0 res0=0 res1=200 res2=0 res3=0 res4=0 res5=0 res6=0 res7=0 res8=0 Farm=1 Road=6 House=1 SmallHouse=3 BigHouse=1 Apiary=1 | nw=1461912.2157
  s=  224 a= 32(BUILD:SmallAtomStation) r= -0.8728 cum=    -69.45 v= -0.3785 top5=[a32=0.063, a9=0.054, a40=0.043, a5=0.034, a8=0.034] [BUILD: SmallAtomStation]
    OBS: year=0 month=11 season=2 money=2334 credit=119674 people=28 busy=0 free=28 home_places=370 need_workers=0 tax_due=0 main_tax_due=0 tax_amount=8066 main_tax_amount=0 days_alive=261 stage=0 res0=0 res1=200 res2=0 res3=0 res4=0 res5=0 res6=0 res7=0 res8=0 Farm=1 Road=6 House=1 SmallHouse=3 BigHouse=1 Apiary=1 | nw=1461658.3765
  s=  225 a=  9(BUILD:Ironmine) r= -0.8728 cum=    -70.33 v= -0.3738 top5=[a32=0.063, a9=0.054, a40=0.043, a5=0.034, a8=0.034] [BUILD: Ironmine]
    OBS: year=0 month=11 season=2 money=2334 credit=119913 people=28 busy=0 free=28 home_places=370 need_workers=0 tax_due=0 main_tax_due=0 tax_amount=8066 main_tax_amount=0 days_alive=262 stage=0 res0=0 res1=200 res2=0 res3=0 res4=0 res5=0 res6=0 res7=0 res8=0 Farm=1 Road=6 House=1 SmallHouse=3 BigHouse=1 Apiary=1 | nw=1461406.3299
  s=  226 a= 14(BUILD:Road) r= -0.8765 cum=    -71.20 v= -0.3691 top5=[a32=0.063, a9=0.053, a40=0.043, a5=0.034, a8=0.034] [BUILD: Road]
    OBS: year=0 month=11 season=2 money=2334 credit=120152 people=28 busy=0 free=28 home_places=370 need_workers=0 tax_due=0 main_tax_due=0 tax_amount=8066 main_tax_amount=0 days_alive=263 stage=0 res0=0 res1=200 res2=0 res3=0 res4=0 res5=0 res6=0 res7=0 res8=0 Farm=1 Road=6 House=1 SmallHouse=3 BigHouse=1 Apiary=1 | nw=1461150.0702
  s=  227 a= 22(BUILD:Apiary) r= -0.8790 cum=    -72.08 v= -0.3645 top5=[a32=0.062, a9=0.053, a40=0.043, a5=0.034, a8=0.034] [BUILD: Apiary]
    OBS: year=0 month=11 season=2 money=2334 credit=120392 people=28 busy=0 free=28 home_places=370 need_workers=0 tax_due=0 main_tax_due=0 tax_amount=8066 main_tax_amount=0 days_alive=264 stage=0 res0=0 res1=200 res2=0 res3=0 res4=0 res5=0 res6=0 res7=0 res8=0 Farm=1 Road=6 House=1 SmallHouse=3 BigHouse=1 Apiary=1 | nw=1460891.6365
  s=  228 a= 38(MANAGER:4) r= -0.8774 cum=    -72.96 v= -0.3596 top5=[a32=0.062, a9=0.053, a40=0.043, a5=0.034, a8=0.034]
    OBS: year=0 month=11 season=2 money=2334 credit=120632 people=28 busy=0 free=28 home_places=370 need_workers=0 tax_due=0 main_tax_due=0 tax_amount=8066 main_tax_amount=0 days_alive=265 stage=0 res0=0 res1=200 res2=0 res3=0 res4=0 res5=0 res6=0 res7=0 res8=0 Farm=1 Road=6 House=1 SmallHouse=3 BigHouse=1 Apiary=1 | nw=1460637.6966
  s=  229 a= 44(MANAGER:10) r= +0.0219 cum=    -72.94 v= -0.3545 top5=[a32=0.061, a9=0.053, a40=0.043, a5=0.034, a8=0.034]
    OBS: year=0 month=11 season=2 money=2334 credit=120873 people=28 busy=0 free=28 home_places=370 need_workers=0 tax_due=0 main_tax_due=0 tax_amount=8066 main_tax_amount=0 days_alive=266 stage=0 res0=0 res1=200 res2=0 res3=0 res4=0 res5=0 res6=0 res7=0 res8=0 Farm=1 Road=6 House=1 SmallHouse=3 BigHouse=1 Apiary=1 | nw=1460378.3965
  s=  230 a= 30(BUILD:BigIronmine) r= -0.8822 cum=    -73.82 v= -0.3497 top5=[a32=0.061, a9=0.052, a40=0.042, a5=0.034, a8=0.034] [BUILD: BigIronmine]
    OBS: year=0 month=11 season=2 money=2334 credit=121114 people=28 busy=0 free=28 home_places=370 need_workers=0 tax_due=0 main_tax_due=0 tax_amount=8066 main_tax_amount=0 days_alive=267 stage=0 res0=0 res1=200 res2=0 res3=0 res4=0 res5=0 res6=0 res7=0 res8=0 Farm=1 Road=6 House=1 SmallHouse=3 BigHouse=1 Apiary=1 | nw=1460120.1368
  s=  231 a= 41(MANAGER:7) r= -0.4007 cum=    -74.22 v= -0.3452 top5=[a32=0.061, a9=0.052, a40=0.042, a5=0.034, a8=0.034]
    OBS: year=0 month=11 season=2 money=1934 credit=121356 people=28 busy=0 free=28 home_places=370 need_workers=0 tax_due=0 main_tax_due=0 tax_amount=8070 main_tax_amount=0 days_alive=268 stage=0 res0=0 res1=400 res2=0 res3=0 res4=0 res5=0 res6=0 res7=0 res8=0 Farm=1 Road=6 House=1 SmallHouse=3 BigHouse=1 Apiary=1 | nw=1459662.3966
  s=  232 a=  5(BUILD:House) r= -0.8868 cum=    -75.11 v= -0.3407 top5=[a32=0.061, a9=0.052, a40=0.042, a5=0.034, a8=0.034] [BUILD: House]
    OBS: year=0 month=11 season=2 money=1934 credit=121598 people=28 busy=0 free=28 home_places=370 need_workers=0 tax_due=0 main_tax_due=0 tax_amount=8070 main_tax_amount=0 days_alive=269 stage=0 res0=0 res1=400 res2=0 res3=0 res4=0 res5=0 res6=0 res7=0 res8=0 Farm=1 Road=6 House=1 SmallHouse=3 BigHouse=1 Apiary=1 | nw=1459400.3955
  s=  233 a= 16(BUILD:CoalCut) r= -0.8875 cum=    -75.99 v= -0.3319 top5=[a32=0.059, a9=0.050, a40=0.041, a5=0.034, a8=0.033] [BUILD: CoalCut]
    OBS: year=0 month=11 season=2 money=1934 credit=121841 people=28 busy=0 free=28 home_places=370 need_workers=0 tax_due=0 main_tax_due=0 tax_amount=8070 main_tax_amount=0 days_alive=270 stage=0 res0=0 res1=400 res2=0 res3=0 res4=0 res5=0 res6=0 res7=0 res8=0 Farm=1 Road=6 House=1 SmallHouse=3 BigHouse=1 Apiary=1 | nw=1459139.1945
  s=  234 a=  6(BUILD:SmallHouse) r= -0.2838 cum=    -76.28 v= -0.3236 top5=[a32=0.057, a9=0.049, a40=0.040, a5=0.034, a44=0.033] [BUILD: SmallHouse]
    OBS: year=0 month=11 season=2 money=1934 credit=122084 people=29 busy=0 free=29 home_places=370 need_workers=0 tax_due=0 main_tax_due=0 tax_amount=8070 main_tax_amount=0 days_alive=271 stage=0 res0=0 res1=400 res2=0 res3=0 res4=0 res5=0 res6=0 res7=0 res8=0 Farm=1 Road=6 House=1 SmallHouse=3 BigHouse=1 Apiary=1 | nw=1458879.6946
  s=  235 a= 10(BUILD:Refinery) r= -0.8899 cum=    -77.17 v= -0.3142 top5=[a32=0.056, a9=0.048, a40=0.040, a5=0.034, a44=0.033] [BUILD: Refinery]
    OBS: year=0 month=11 season=2 money=1934 credit=122328 people=29 busy=0 free=29 home_places=370 need_workers=0 tax_due=0 main_tax_due=0 tax_amount=8070 main_tax_amount=0 days_alive=272 stage=0 res0=0 res1=400 res2=0 res3=0 res4=0 res5=0 res6=0 res7=0 res8=0 Farm=1 Road=6 House=1 SmallHouse=3 BigHouse=1 Apiary=1 | nw=1458618.2534
  s=  236 a=  5(BUILD:House) r= -0.8894 cum=    -78.06 v= -0.3048 top5=[a32=0.054, a9=0.047, a40=0.039, a5=0.034, a44=0.033] [BUILD: House]
    OBS: year=0 month=11 season=2 money=1934 credit=122572 people=29 busy=0 free=29 home_places=370 need_workers=0 tax_due=0 main_tax_due=0 tax_amount=8070 main_tax_amount=0 days_alive=273 stage=0 res0=0 res1=400 res2=0 res3=0 res4=0 res5=0 res6=0 res7=0 res8=0 Farm=1 Road=6 House=1 SmallHouse=3 BigHouse=1 Apiary=1 | nw=1458359.5536
  s=  237 a= 38(MANAGER:4) r= -0.8937 cum=    -78.95 v= -0.2965 top5=[a32=0.053, a9=0.046, a40=0.039, a5=0.034, a44=0.033]
    OBS: year=0 month=11 season=2 money=1934 credit=122817 people=29 busy=0 free=29 home_places=370 need_workers=0 tax_due=0 main_tax_due=0 tax_amount=8070 main_tax_amount=0 days_alive=274 stage=0 res0=0 res1=400 res2=0 res3=0 res4=0 res5=0 res6=0 res7=0 res8=0 Farm=1 Road=6 House=1 SmallHouse=3 BigHouse=1 Apiary=1 | nw=1458095.7179
  s=  238 a= 32(BUILD:SmallAtomStation) r= -0.8936 cum=    -79.84 v= -0.2904 top5=[a32=0.051, a9=0.045, a40=0.038, a5=0.034, a44=0.032] [BUILD: SmallAtomStation]
    OBS: year=0 month=12 season=3 money=1934 credit=123062 people=29 busy=0 free=29 home_places=370 need_workers=0 tax_due=0 main_tax_due=0 tax_amount=8070 main_tax_amount=0 days_alive=275 stage=0 res0=0 res1=400 res2=0 res3=0 res4=0 res5=0 res6=0 res7=0 res8=0 Farm=1 Road=6 House=1 SmallHouse=3 BigHouse=1 Apiary=1 | nw=1457833.9853
  s=  239 a= 31(BUILD:AirStation) r= -0.8962 cum=    -80.74 v= -0.6265 top5=[a9=0.057, a32=0.049, a40=0.046, a6=0.036, a38=0.031] [BUILD: AirStation]
    OBS: year=0 month=12 season=3 money=1934 credit=123308 people=29 busy=0 free=29 home_places=370 need_workers=0 tax_due=0 main_tax_due=0 tax_amount=8070 main_tax_amount=0 days_alive=276 stage=0 res0=0 res1=400 res2=0 res3=0 res4=0 res5=0 res6=0 res7=0 res8=0 Farm=1 Road=6 House=1 SmallHouse=3 BigHouse=1 Apiary=1 | nw=1457569.9658
  s=  240 a= 37(MANAGER:3) r= -5.3539 cum=    -86.09 v= -0.8414 top5=[a6=0.041, a9=0.040, a27=0.037, a40=0.035, a32=0.033]
    OBS: year=0 month=12 season=3 money=2872 credit=123554 people=29 busy=0 free=29 home_places=370 need_workers=0 tax_due=0 main_tax_due=0 tax_amount=7650 main_tax_amount=0 days_alive=277 stage=0 res0=0 res1=400 res2=0 res3=0 res4=0 res5=0 res6=0 res7=0 res8=0 Farm=1 Road=6 House=1 SmallHouse=3 BigHouse=1 | nw=1448946.8487
  s=  241 a= 11(BUILD:Goldmine) r= -0.8941 cum=    -86.99 v= -1.0046 top5=[a6=0.036, a32=0.035, a40=0.034, a9=0.033, a27=0.033] [BUILD: Goldmine]
    OBS: year=0 month=12 season=3 money=2872 credit=123801 people=29 busy=0 free=29 home_places=370 need_workers=0 tax_due=0 main_tax_due=0 tax_amount=7650 main_tax_amount=0 days_alive=278 stage=0 res0=0 res1=400 res2=0 res3=0 res4=0 res5=0 res6=0 res7=0 res8=0 Farm=1 Road=6 House=1 SmallHouse=3 BigHouse=1 | nw=1448684.9795
  s=  242 a= 17(BUILD:HuntingLand) r= -0.8948 cum=    -87.88 v= -0.9978 top5=[a6=0.036, a32=0.035, a40=0.034, a9=0.033, a27=0.033] [BUILD: HuntingLand]
    OBS: year=0 month=12 season=3 money=2872 credit=124048 people=29 busy=0 free=29 home_places=370 need_workers=0 tax_due=0 main_tax_due=0 tax_amount=7650 main_tax_amount=0 days_alive=279 stage=0 res0=0 res1=400 res2=0 res3=0 res4=0 res5=0 res6=0 res7=0 res8=0 Farm=1 Road=6 House=1 SmallHouse=3 BigHouse=1 | nw=1448423.8275
  s=  243 a=  6(BUILD:SmallHouse) r= -0.8979 cum=    -88.78 v= -0.9912 top5=[a6=0.036, a40=0.035, a32=0.035, a9=0.033, a27=0.033] [BUILD: SmallHouse]
    OBS: year=0 month=12 season=3 money=2872 credit=124296 people=29 busy=0 free=29 home_places=370 need_workers=0 tax_due=0 main_tax_due=0 tax_amount=7650 main_tax_amount=0 days_alive=280 stage=0 res0=0 res1=400 res2=0 res3=0 res4=0 res5=0 res6=0 res7=0 res8=0 Farm=1 Road=6 House=1 SmallHouse=3 BigHouse=1 | nw=1448159.6511
  s=  244 a= 31(BUILD:AirStation) r= -0.8981 cum=    -89.68 v= -0.9838 top5=[a6=0.035, a40=0.035, a32=0.034, a9=0.033, a27=0.033] [BUILD: AirStation]
    OBS: year=0 month=12 season=3 money=2872 credit=124544 people=29 busy=0 free=29 home_places=370 need_workers=0 tax_due=0 main_tax_due=0 tax_amount=7650 main_tax_amount=0 days_alive=281 stage=0 res0=0 res1=400 res2=0 res3=0 res4=0 res5=0 res6=0 res7=0 res8=0 Farm=1 Road=6 House=1 SmallHouse=3 BigHouse=1 | nw=1447897.0625
  s=  245 a=  4(BUILD:Garden) r= -0.6795 cum=    -90.36 v= -0.9766 top5=[a6=0.035, a40=0.035, a32=0.034, a9=0.033, a27=0.033] [BUILD: Garden]
    OBS: year=0 month=12 season=3 money=2872 credit=124793 people=29 busy=0 free=29 home_places=370 need_workers=0 tax_due=0 main_tax_due=0 tax_amount=7650 main_tax_amount=0 days_alive=282 stage=0 res0=0 res1=400 res2=0 res3=0 res4=0 res5=0 res6=0 res7=0 res8=0 Farm=1 Road=6 House=1 SmallHouse=3 BigHouse=1 | nw=1447633.0942
  s=  246 a= 39(MANAGER:5) r= -0.9011 cum=    -91.26 v= -0.9701 top5=[a40=0.035, a6=0.035, a32=0.034, a9=0.034, a27=0.033]
    OBS: year=0 month=12 season=3 money=2872 credit=125042 people=29 busy=0 free=29 home_places=370 need_workers=0 tax_due=0 main_tax_due=0 tax_amount=7650 main_tax_amount=0 days_alive=283 stage=0 res0=0 res1=400 res2=0 res3=0 res4=0 res5=0 res6=0 res7=0 res8=0 Farm=1 Road=6 House=1 SmallHouse=3 BigHouse=1 | nw=1447369.5056
  s=  247 a= 22(BUILD:Apiary) r= -0.9043 cum=    -92.16 v= -0.9636 top5=[a40=0.035, a6=0.035, a32=0.034, a9=0.034, a27=0.033] [BUILD: Apiary]
    OBS: year=0 month=12 season=3 money=2872 credit=125292 people=29 busy=0 free=29 home_places=370 need_workers=0 tax_due=0 main_tax_due=0 tax_amount=7650 main_tax_amount=0 days_alive=284 stage=0 res0=0 res1=400 res2=0 res3=0 res4=0 res5=0 res6=0 res7=0 res8=0 Farm=1 Road=6 House=1 SmallHouse=3 BigHouse=1 | nw=1447102.6121
  s=  248 a= 17(BUILD:HuntingLand) r= -0.9029 cum=    -93.07 v= -0.9571 top5=[a40=0.035, a6=0.034, a32=0.034, a9=0.034, a27=0.033] [BUILD: HuntingLand]
    OBS: year=0 month=12 season=3 money=2872 credit=125542 people=29 busy=0 free=29 home_places=370 need_workers=0 tax_due=0 main_tax_due=0 tax_amount=7650 main_tax_amount=0 days_alive=285 stage=0 res0=0 res1=400 res2=0 res3=0 res4=0 res5=0 res6=0 res7=0 res8=0 Farm=1 Road=6 House=1 SmallHouse=3 BigHouse=1 | nw=1446839.9797
  s=  249 a=  6(BUILD:SmallHouse) r= -0.9055 cum=    -93.97 v= -0.9508 top5=[a40=0.035, a6=0.034, a32=0.034, a9=0.034, a27=0.033] [BUILD: SmallHouse]
    OBS: year=0 month=12 season=3 money=2872 credit=125793 people=29 busy=0 free=29 home_places=370 need_workers=0 tax_due=0 main_tax_due=0 tax_amount=7650 main_tax_amount=0 days_alive=286 stage=0 res0=0 res1=400 res2=0 res3=0 res4=0 res5=0 res6=0 res7=0 res8=0 Farm=1 Road=6 House=1 SmallHouse=3 BigHouse=1 | nw=1446575.0518
  s=  250 a=  9(BUILD:Ironmine) r= -0.9085 cum=    -94.88 v= -0.9442 top5=[a40=0.036, a9=0.034, a32=0.034, a6=0.034, a27=0.033] [BUILD: Ironmine]
    OBS: year=0 month=12 season=3 money=2872 credit=126044 people=29 busy=0 free=29 home_places=370 need_workers=0 tax_due=0 main_tax_due=0 tax_amount=7650 main_tax_amount=0 days_alive=287 stage=0 res0=0 res1=400 res2=0 res3=0 res4=0 res5=0 res6=0 res7=0 res8=0 Farm=1 Road=6 House=1 SmallHouse=3 BigHouse=1 | nw=1446307.1583
  s=  251 a=  9(BUILD:Ironmine) r= -0.9095 cum=    -95.79 v= -0.9383 top5=[a40=0.036, a9=0.034, a32=0.034, a6=0.034, a27=0.033] [BUILD: Ironmine]
    OBS: year=0 month=12 season=3 money=2872 credit=126296 people=29 busy=0 free=29 home_places=370 need_workers=0 tax_due=0 main_tax_due=0 tax_amount=7650 main_tax_amount=0 days_alive=288 stage=0 res0=0 res1=400 res2=0 res3=0 res4=0 res5=0 res6=0 res7=0 res8=0 Farm=1 Road=6 House=1 SmallHouse=3 BigHouse=1 | nw=1446039.5293
  s=  252 a= 31(BUILD:AirStation) r= -0.9095 cum=    -96.70 v= -0.9325 top5=[a40=0.036, a9=0.034, a32=0.034, a6=0.033, a27=0.033] [BUILD: AirStation]
    OBS: year=0 month=12 season=3 money=2872 credit=126548 people=29 busy=0 free=29 home_places=370 need_workers=0 tax_due=0 main_tax_due=0 tax_amount=7650 main_tax_amount=0 days_alive=289 stage=0 res0=0 res1=400 res2=0 res3=0 res4=0 res5=0 res6=0 res7=0 res8=0 Farm=1 Road=6 House=1 SmallHouse=3 BigHouse=1 | nw=1445773.8564
  s=  253 a=  6(BUILD:SmallHouse) r= -0.9116 cum=    -97.61 v= -0.9269 top5=[a40=0.036, a9=0.034, a32=0.034, a6=0.033, a27=0.033] [BUILD: SmallHouse]
    OBS: year=0 month=12 season=3 money=2872 credit=126801 people=29 busy=0 free=29 home_places=370 need_workers=0 tax_due=0 main_tax_due=0 tax_amount=7650 main_tax_amount=0 days_alive=290 stage=0 res0=0 res1=400 res2=0 res3=0 res4=0 res5=0 res6=0 res7=0 res8=0 Farm=1 Road=6 House=1 SmallHouse=3 BigHouse=1 | nw=1445506.8294
  s=  254 a= 10(BUILD:Refinery) r= -0.9110 cum=    -98.52 v= -0.9214 top5=[a40=0.036, a9=0.034, a32=0.033, a27=0.033, a6=0.033] [BUILD: Refinery]
    OBS: year=0 month=12 season=3 money=2872 credit=127054 people=29 busy=0 free=29 home_places=370 need_workers=0 tax_due=0 main_tax_due=0 tax_amount=7650 main_tax_amount=0 days_alive=291 stage=0 res0=0 res1=400 res2=0 res3=0 res4=0 res5=0 res6=0 res7=0 res8=0 Farm=1 Road=6 House=1 SmallHouse=3 BigHouse=1 | nw=1445242.7165
  s=  255 a= 16(BUILD:CoalCut) r= -0.9122 cum=    -99.43 v= -0.9164 top5=[a40=0.036, a9=0.035, a32=0.033, a27=0.033, a6=0.033] [BUILD: CoalCut]
    OBS: year=0 month=12 season=3 money=2872 credit=127308 people=29 busy=0 free=29 home_places=370 need_workers=0 tax_due=0 main_tax_due=0 tax_amount=7650 main_tax_amount=0 days_alive=292 stage=0 res0=0 res1=400 res2=0 res3=0 res4=0 res5=0 res6=0 res7=0 res8=0 Farm=1 Road=6 House=1 SmallHouse=3 BigHouse=1 | nw=1444978.5449
  s=  256 a= 17(BUILD:HuntingLand) r= -0.9155 cum=   -100.35 v= -0.9108 top5=[a40=0.036, a9=0.035, a32=0.033, a27=0.033, a6=0.032] [BUILD: HuntingLand]
    OBS: year=0 month=12 season=3 money=2872 credit=127562 people=29 busy=0 free=29 home_places=370 need_workers=0 tax_due=0 main_tax_due=0 tax_amount=7650 main_tax_amount=0 days_alive=293 stage=0 res0=0 res1=400 res2=0 res3=0 res4=0 res5=0 res6=0 res7=0 res8=0 Farm=1 Road=6 House=1 SmallHouse=3 BigHouse=1 | nw=1444710.9712
  s=  257 a=  6(BUILD:SmallHouse) r= -0.9172 cum=   -101.27 v= -0.9045 top5=[a40=0.036, a9=0.035, a32=0.033, a27=0.032, a6=0.032] [BUILD: SmallHouse]
    OBS: year=0 month=12 season=3 money=2872 credit=127817 people=29 busy=0 free=29 home_places=370 need_workers=0 tax_due=0 main_tax_due=0 tax_amount=7650 main_tax_amount=0 days_alive=294 stage=0 res0=0 res1=400 res2=0 res3=0 res4=0 res5=0 res6=0 res7=0 res8=0 Farm=1 Road=6 House=1 SmallHouse=3 BigHouse=1 | nw=1444442.5789
  s=  258 a= 27(BUILD:WaterMill) r= -0.9200 cum=   -102.19 v= -0.8976 top5=[a40=0.036, a9=0.035, a32=0.033, a27=0.032, a6=0.032] [BUILD: WaterMill]
    OBS: year=0 month=12 season=3 money=2872 credit=128072 people=29 busy=0 free=29 home_places=370 need_workers=0 tax_due=0 main_tax_due=0 tax_amount=7650 main_tax_amount=0 days_alive=295 stage=0 res0=0 res1=400 res2=0 res3=0 res4=0 res5=0 res6=0 res7=0 res8=0 Farm=1 Road=6 House=1 SmallHouse=3 BigHouse=1 | nw=1444171.6267
  s=  259 a= 31(BUILD:AirStation) r= -0.9208 cum=   -103.11 v= -0.8907 top5=[a40=0.036, a9=0.035, a32=0.033, a27=0.032, a6=0.032] [BUILD: AirStation]
    OBS: year=0 month=12 season=3 money=2872 credit=128328 people=29 busy=0 free=29 home_places=370 need_workers=0 tax_due=0 main_tax_due=0 tax_amount=7650 main_tax_amount=0 days_alive=296 stage=0 res0=0 res1=400 res2=0 res3=0 res4=0 res5=0 res6=0 res7=0 res8=0 Farm=1 Road=6 House=1 SmallHouse=3 BigHouse=1 | nw=1443901.4746
  s=  260 a= 15(BUILD:Fish) r= -0.9225 cum=   -104.03 v= -0.8838 top5=[a40=0.036, a9=0.035, a32=0.033, a27=0.032, a6=0.032] [BUILD: Fish]
    OBS: year=0 month=12 season=3 money=2872 credit=128584 people=29 busy=0 free=29 home_places=370 need_workers=0 tax_due=0 main_tax_due=0 tax_amount=7650 main_tax_amount=0 days_alive=297 stage=0 res0=0 res1=400 res2=0 res3=0 res4=0 res5=0 res6=0 res7=0 res8=0 Farm=1 Road=6 House=1 SmallHouse=3 BigHouse=1 | nw=1443630.3813
  s=  261 a=  9(BUILD:Ironmine) r= -0.9243 cum=   -104.95 v= -0.8768 top5=[a40=0.037, a9=0.035, a32=0.033, a27=0.032, a6=0.032] [BUILD: Ironmine]
    OBS: year=0 month=12 season=3 money=2872 credit=128841 people=29 busy=0 free=29 home_places=370 need_workers=0 tax_due=0 main_tax_due=0 tax_amount=7650 main_tax_amount=0 days_alive=298 stage=0 res0=0 res1=400 res2=0 res3=0 res4=0 res5=0 res6=0 res7=0 res8=0 Farm=1 Road=6 House=1 SmallHouse=3 BigHouse=1 | nw=1443358.4130
  s=  262 a=  9(BUILD:Ironmine) r= -0.9256 cum=   -105.88 v= -0.8702 top5=[a40=0.037, a9=0.035, a32=0.033, a27=0.032, a6=0.031] [BUILD: Ironmine]
    OBS: year=0 month=12 season=3 money=2872 credit=129098 people=29 busy=0 free=29 home_places=370 need_workers=0 tax_due=0 main_tax_due=0 tax_amount=7650 main_tax_amount=0 days_alive=299 stage=0 res0=0 res1=400 res2=0 res3=0 res4=0 res5=0 res6=0 res7=0 res8=0 Farm=1 Road=6 House=1 SmallHouse=3 BigHouse=1 | nw=1443086.3197
  s=  263 a= 32(BUILD:SmallAtomStation) r= +0.2940 cum=   -105.59 v= -0.8635 top5=[a40=0.037, a9=0.036, a32=0.033, a27=0.032, a6=0.031] [BUILD: SmallAtomStation]
    OBS: year=0 month=12 season=3 money=2872 credit=129356 people=29 busy=0 free=29 home_places=370 need_workers=0 tax_due=0 main_tax_due=0 tax_amount=7650 main_tax_amount=0 days_alive=300 stage=0 res0=0 res1=400 res2=0 res3=0 res4=0 res5=0 res6=0 res7=0 res8=0 Farm=1 Road=6 House=1 SmallHouse=3 BigHouse=1 | nw=1442814.9274
  s=  264 a=  4(BUILD:Garden) r= -0.5173 cum=   -106.10 v= -0.8571 top5=[a40=0.037, a9=0.036, a32=0.033, a27=0.031, a4=0.031] [BUILD: Garden]
    OBS: year=0 month=12 season=3 money=2872 credit=129614 people=29 busy=0 free=29 home_places=370 need_workers=0 tax_due=0 main_tax_due=0 tax_amount=7650 main_tax_amount=0 days_alive=301 stage=0 res0=0 res1=400 res2=0 res3=0 res4=0 res5=0 res6=0 res7=0 res8=0 Farm=1 Road=6 House=1 SmallHouse=3 BigHouse=1 | nw=1442542.4948
  s=  265 a= 37(MANAGER:3) r= -0.5385 cum=   -106.64 v= -0.8518 top5=[a40=0.037, a9=0.036, a32=0.033, a27=0.031, a4=0.031]
    OBS: year=0 month=12 season=3 money=2912 credit=129873 people=29 busy=0 free=29 home_places=370 need_workers=0 tax_due=0 main_tax_due=0 tax_amount=7650 main_tax_amount=0 days_alive=302 stage=0 res0=0 res1=400 res2=0 res3=0 res4=0 res5=0 res6=0 res7=0 res8=0 Farm=1 Road=5 House=1 SmallHouse=3 BigHouse=1 | nw=1441910.0034
  s=  266 a= 32(BUILD:SmallAtomStation) r= -0.9311 cum=   -107.57 v= -0.8524 top5=[a40=0.037, a9=0.035, a32=0.033, a27=0.031, a4=0.030] [BUILD: SmallAtomStation]
    OBS: year=0 month=12 season=3 money=2912 credit=130132 people=29 busy=0 free=29 home_places=370 need_workers=0 tax_due=0 main_tax_due=0 tax_amount=7650 main_tax_amount=0 days_alive=303 stage=0 res0=0 res1=400 res2=0 res3=0 res4=0 res5=0 res6=0 res7=0 res8=0 Farm=1 Road=5 House=1 SmallHouse=3 BigHouse=1 | nw=1441636.5708
  s=  267 a= 37(MANAGER:3) r= -0.5414 cum=   -108.11 v= -0.8477 top5=[a40=0.037, a9=0.035, a32=0.033, a27=0.031, a4=0.030]
    OBS: year=0 month=12 season=3 money=2952 credit=130392 people=29 busy=0 free=29 home_places=370 need_workers=0 tax_due=0 main_tax_due=0 tax_amount=7650 main_tax_amount=0 days_alive=304 stage=0 res0=0 res1=400 res2=0 res3=0 res4=0 res5=0 res6=0 res7=0 res8=0 Farm=1 Road=4 House=1 SmallHouse=3 BigHouse=1 | nw=1441002.6429
  s=  268 a= 20(BUILD:BigHouse) r= -0.9330 cum=   -109.05 v= -0.8480 top5=[a40=0.036, a9=0.035, a32=0.034, a27=0.030, a4=0.030] [BUILD: BigHouse]
    OBS: year=0 month=12 season=3 money=2952 credit=130652 people=29 busy=0 free=29 home_places=370 need_workers=0 tax_due=0 main_tax_due=0 tax_amount=7650 main_tax_amount=0 days_alive=305 stage=0 res0=0 res1=400 res2=0 res3=0 res4=0 res5=0 res6=0 res7=0 res8=0 Farm=1 Road=4 House=1 SmallHouse=3 BigHouse=1 | nw=1440730.0104
  s=  269 a= 32(BUILD:SmallAtomStation) r= -0.9376 cum=   -109.99 v= -0.8433 top5=[a40=0.036, a9=0.035, a32=0.033, a27=0.030, a26=0.030] [BUILD: SmallAtomStation]
    OBS: year=1 month=1 season=3 money=2952 credit=130913 people=29 busy=0 free=29 home_places=370 need_workers=0 tax_due=0 main_tax_due=0 tax_amount=7650 main_tax_amount=0 days_alive=306 stage=0 res0=0 res1=400 res2=0 res3=0 res4=0 res5=0 res6=0 res7=0 res8=0 Farm=1 Road=4 House=1 SmallHouse=3 BigHouse=1 | nw=1440451.8618
  s=  270 a= 41(MANAGER:7) r= -0.9371 cum=   -110.92 v= -0.8483 top5=[a40=0.039, a26=0.032, a32=0.032, a6=0.030, a4=0.028]
    OBS: year=1 month=1 season=3 money=2952 credit=131174 people=29 busy=0 free=29 home_places=370 need_workers=0 tax_due=0 main_tax_due=0 tax_amount=7650 main_tax_amount=0 days_alive=307 stage=0 res0=0 res1=400 res2=0 res3=0 res4=0 res5=0 res6=0 res7=0 res8=0 Farm=1 Road=4 House=1 SmallHouse=3 BigHouse=1 | nw=1440176.6533
  s=  271 a= 22(BUILD:Apiary) r= -0.9390 cum=   -111.86 v= -0.8438 top5=[a40=0.039, a26=0.032, a32=0.032, a6=0.030, a4=0.028] [BUILD: Apiary]
    OBS: year=1 month=1 season=3 money=2952 credit=131436 people=29 busy=0 free=29 home_places=370 need_workers=0 tax_due=0 main_tax_due=0 tax_amount=7650 main_tax_amount=0 days_alive=308 stage=0 res0=0 res1=400 res2=0 res3=0 res4=0 res5=0 res6=0 res7=0 res8=0 Farm=1 Road=4 House=1 SmallHouse=3 BigHouse=1 | nw=1439900.4022
  s=  272 a= 22(BUILD:Apiary) r= -0.9396 cum=   -112.80 v= -0.8395 top5=[a40=0.039, a26=0.032, a32=0.032, a6=0.030, a4=0.028] [BUILD: Apiary]
    OBS: year=1 month=1 season=3 money=2952 credit=131698 people=29 busy=0 free=29 home_places=370 need_workers=0 tax_due=0 main_tax_due=0 tax_amount=7650 main_tax_amount=0 days_alive=309 stage=0 res0=0 res1=400 res2=0 res3=0 res4=0 res5=0 res6=0 res7=0 res8=0 Farm=1 Road=4 House=1 SmallHouse=3 BigHouse=1 | nw=1439625.2341
  s=  273 a= 16(BUILD:CoalCut) r= -0.9419 cum=   -113.74 v= -0.8353 top5=[a40=0.039, a26=0.032, a32=0.032, a6=0.030, a4=0.028] [BUILD: CoalCut]
    OBS: year=1 month=1 season=3 money=2952 credit=131961 people=29 busy=0 free=29 home_places=370 need_workers=0 tax_due=0 main_tax_due=0 tax_amount=7650 main_tax_amount=0 days_alive=310 stage=0 res0=0 res1=400 res2=0 res3=0 res4=0 res5=0 res6=0 res7=0 res8=0 Farm=1 Road=4 House=1 SmallHouse=3 BigHouse=1 | nw=1439348.3062
  s=  274 a= 17(BUILD:HuntingLand) r= -0.9439 cum=   -114.69 v= -0.8305 top5=[a40=0.039, a26=0.032, a32=0.032, a6=0.029, a4=0.028] [BUILD: HuntingLand]
    OBS: year=1 month=1 season=3 money=2952 credit=132224 people=29 busy=0 free=29 home_places=370 need_workers=0 tax_due=0 main_tax_due=0 tax_amount=7650 main_tax_amount=0 days_alive=311 stage=0 res0=0 res1=400 res2=0 res3=0 res4=0 res5=0 res6=0 res7=0 res8=0 Farm=1 Road=4 House=1 SmallHouse=3 BigHouse=1 | nw=1439070.1137
  s=  275 a= 17(BUILD:HuntingLand) r= -0.9456 cum=   -115.63 v= -0.8256 top5=[a40=0.039, a26=0.032, a32=0.031, a6=0.029, a4=0.028] [BUILD: HuntingLand]
    OBS: year=1 month=1 season=3 money=2952 credit=132488 people=29 busy=0 free=29 home_places=370 need_workers=0 tax_due=0 main_tax_due=0 tax_amount=7650 main_tax_amount=0 days_alive=312 stage=0 res0=0 res1=400 res2=0 res3=0 res4=0 res5=0 res6=0 res7=0 res8=0 Farm=1 Road=4 House=1 SmallHouse=3 BigHouse=1 | nw=1438791.2446
  s=  276 a=  9(BUILD:Ironmine) r= -0.9470 cum=   -116.58 v= -0.8206 top5=[a40=0.039, a26=0.032, a32=0.031, a6=0.029, a4=0.028] [BUILD: Ironmine]
    OBS: year=1 month=1 season=3 money=2952 credit=132752 people=29 busy=0 free=29 home_places=370 need_workers=0 tax_due=0 main_tax_due=0 tax_amount=7650 main_tax_amount=0 days_alive=313 stage=0 res0=0 res1=400 res2=0 res3=0 res4=0 res5=0 res6=0 res7=0 res8=0 Farm=1 Road=4 House=1 SmallHouse=3 BigHouse=1 | nw=1438512.1512
  s=  277 a= 29(BUILD:Puerperal) r= -0.9478 cum=   -117.53 v= -0.8151 top5=[a40=0.040, a26=0.032, a32=0.031, a6=0.029, a4=0.028] [BUILD: Puerperal]
    OBS: year=1 month=1 season=3 money=2952 credit=133017 people=29 busy=0 free=29 home_places=370 need_workers=0 tax_due=0 main_tax_due=0 tax_amount=7650 main_tax_amount=0 days_alive=314 stage=0 res0=0 res1=400 res2=0 res3=0 res4=0 res5=0 res6=0 res7=0 res8=0 Farm=1 Road=4 House=1 SmallHouse=3 BigHouse=1 | nw=1438233.7590
  s=  278 a= 31(BUILD:AirStation) r= -0.9506 cum=   -118.48 v= -0.8097 top5=[a40=0.040, a26=0.032, a32=0.031, a6=0.029, a4=0.028] [BUILD: AirStation]
    OBS: year=1 month=1 season=3 money=2952 credit=133283 people=29 busy=0 free=29 home_places=370 need_workers=0 tax_due=0 main_tax_due=0 tax_amount=7650 main_tax_amount=0 days_alive=315 stage=0 res0=0 res1=400 res2=0 res3=0 res4=0 res5=0 res6=0 res7=0 res8=0 Farm=1 Road=4 House=1 SmallHouse=3 BigHouse=1 | nw=1437952.8898
  s=  279 a= 10(BUILD:Refinery) r= -0.9513 cum=   -119.43 v= -0.8043 top5=[a40=0.040, a26=0.032, a32=0.032, a6=0.028, a4=0.028] [BUILD: Refinery]
    OBS: year=1 month=1 season=3 money=2952 credit=133549 people=29 busy=0 free=29 home_places=370 need_workers=0 tax_due=0 main_tax_due=0 tax_amount=7650 main_tax_amount=0 days_alive=316 stage=0 res0=0 res1=400 res2=0 res3=0 res4=0 res5=0 res6=0 res7=0 res8=0 Farm=1 Road=4 House=1 SmallHouse=3 BigHouse=1 | nw=1437672.9619
  s=  280 a= 29(BUILD:Puerperal) r= -0.9524 cum=   -120.38 v= -0.7995 top5=[a40=0.040, a26=0.032, a32=0.032, a6=0.028, a4=0.028] [BUILD: Puerperal]
    OBS: year=1 month=1 season=3 money=2952 credit=133816 people=29 busy=0 free=29 home_places=370 need_workers=0 tax_due=0 main_tax_due=0 tax_amount=7650 main_tax_amount=0 days_alive=317 stage=0 res0=0 res1=400 res2=0 res3=0 res4=0 res5=0 res6=0 res7=0 res8=0 Farm=1 Road=4 House=1 SmallHouse=3 BigHouse=1 | nw=1437393.3294
  s=  281 a= 32(BUILD:SmallAtomStation) r= -0.9537 cum=   -121.34 v= -0.7950 top5=[a40=0.040, a26=0.032, a32=0.031, a6=0.028, a4=0.028] [BUILD: SmallAtomStation]
    OBS: year=1 month=1 season=3 money=2952 credit=134083 people=29 busy=0 free=29 home_places=370 need_workers=0 tax_due=0 main_tax_due=0 tax_amount=7650 main_tax_amount=0 days_alive=318 stage=0 res0=0 res1=400 res2=0 res3=0 res4=0 res5=0 res6=0 res7=0 res8=0 Farm=1 Road=4 House=1 SmallHouse=3 BigHouse=1 | nw=1437113.5978
  s=  282 a=  6(BUILD:SmallHouse) r= -0.9567 cum=   -122.29 v= -0.7906 top5=[a40=0.040, a26=0.033, a32=0.031, a6=0.028, a4=0.028] [BUILD: SmallHouse]
    OBS: year=1 month=1 season=3 money=2952 credit=134351 people=29 busy=0 free=29 home_places=370 need_workers=0 tax_due=0 main_tax_due=0 tax_amount=7650 main_tax_amount=0 days_alive=319 stage=0 res0=0 res1=400 res2=0 res3=0 res4=0 res5=0 res6=0 res7=0 res8=0 Farm=1 Road=4 House=1 SmallHouse=3 BigHouse=1 | nw=1436831.1652
  s=  283 a= 24(BUILD:Hothouse) r= -0.9567 cum=   -123.25 v= -0.7861 top5=[a40=0.040, a26=0.033, a32=0.031, a6=0.028, a4=0.028] [BUILD: Hothouse]
    OBS: year=1 month=1 season=3 money=2952 credit=134619 people=29 busy=0 free=29 home_places=370 need_workers=0 tax_due=0 main_tax_due=0 tax_amount=7650 main_tax_amount=0 days_alive=320 stage=0 res0=0 res1=400 res2=0 res3=0 res4=0 res5=0 res6=0 res7=0 res8=0 Farm=1 Road=4 House=1 SmallHouse=3 BigHouse=1 | nw=1436550.7569
  s=  284 a= 24(BUILD:Hothouse) r= -0.9607 cum=   -124.21 v= -0.7820 top5=[a40=0.040, a26=0.033, a32=0.031, a6=0.028, a4=0.027] [BUILD: Hothouse]
    OBS: year=1 month=1 season=3 money=2952 credit=134888 people=29 busy=0 free=29 home_places=370 need_workers=0 tax_due=0 main_tax_due=0 tax_amount=7650 main_tax_amount=0 days_alive=321 stage=0 res0=0 res1=400 res2=0 res3=0 res4=0 res5=0 res6=0 res7=0 res8=0 Farm=1 Road=4 House=1 SmallHouse=3 BigHouse=1 | nw=1436265.9038
  s=  285 a= 40(MANAGER:6) r= -0.2077 cum=   -124.42 v= -0.7778 top5=[a40=0.040, a26=0.033, a32=0.031, a6=0.027, a4=0.027]
    OBS: year=1 month=1 season=3 money=3152 credit=135157 people=29 busy=0 free=29 home_places=370 need_workers=0 tax_due=0 main_tax_due=0 tax_amount=7654 main_tax_amount=0 days_alive=322 stage=0 res0=0 res1=200 res2=0 res3=0 res4=0 res5=0 res6=0 res7=0 res8=0 Farm=1 Road=4 House=1 SmallHouse=3 BigHouse=1 | nw=1435985.0311
  s=  286 a=  6(BUILD:SmallHouse) r= -0.9622 cum=   -125.38 v= -0.7737 top5=[a40=0.040, a26=0.033, a32=0.031, a6=0.027, a9=0.027] [BUILD: SmallHouse]
    OBS: year=1 month=1 season=3 money=3152 credit=135427 people=29 busy=0 free=29 home_places=370 need_workers=0 tax_due=0 main_tax_due=0 tax_amount=7654 main_tax_amount=0 days_alive=323 stage=0 res0=0 res1=200 res2=0 res3=0 res4=0 res5=0 res6=0 res7=0 res8=0 Farm=1 Road=4 House=1 SmallHouse=3 BigHouse=1 | nw=1435701.7379
  s=  287 a=  0(DAY) r= -0.3482 cum=   -125.73 v= -0.7698 top5=[a40=0.040, a26=0.033, a32=0.031, a9=0.027, a4=0.027]
    OBS: year=1 month=1 season=3 money=3152 credit=135697 people=29 busy=0 free=29 home_places=370 need_workers=0 tax_due=0 main_tax_due=0 tax_amount=7654 main_tax_amount=0 days_alive=324 stage=0 res0=0 res1=200 res2=0 res3=0 res4=0 res5=0 res6=0 res7=0 res8=0 Farm=1 Road=4 House=1 SmallHouse=3 BigHouse=1 | nw=1435415.7857
  s=  288 a= 10(BUILD:Refinery) r= -0.9661 cum=   -126.69 v= -0.7659 top5=[a40=0.041, a26=0.033, a32=0.031, a9=0.027, a35=0.027] [BUILD: Refinery]
    OBS: year=1 month=1 season=3 money=3152 credit=135968 people=29 busy=0 free=29 home_places=370 need_workers=0 tax_due=0 main_tax_due=0 tax_amount=7654 main_tax_amount=0 days_alive=325 stage=0 res0=0 res1=200 res2=0 res3=0 res4=0 res5=0 res6=0 res7=0 res8=0 Farm=1 Road=4 House=1 SmallHouse=3 BigHouse=1 | nw=1435130.3530
  s=  289 a= 17(BUILD:HuntingLand) r= -0.9662 cum=   -127.66 v= -0.7628 top5=[a40=0.041, a26=0.033, a32=0.031, a9=0.027, a35=0.027] [BUILD: HuntingLand]
    OBS: year=1 month=1 season=3 money=3152 credit=136239 people=29 busy=0 free=29 home_places=370 need_workers=0 tax_due=0 main_tax_due=0 tax_amount=7654 main_tax_amount=0 days_alive=326 stage=0 res0=0 res1=200 res2=0 res3=0 res4=0 res5=0 res6=0 res7=0 res8=0 Farm=1 Road=4 House=1 SmallHouse=3 BigHouse=1 | nw=1434846.7206
  s=  290 a= 39(MANAGER:5) r= -0.9679 cum=   -128.63 v= -0.7604 top5=[a40=0.041, a26=0.033, a32=0.031, a9=0.028, a35=0.027]
    OBS: year=1 month=1 season=3 money=3152 credit=136511 people=29 busy=0 free=29 home_places=370 need_workers=0 tax_due=0 main_tax_due=0 tax_amount=7654 main_tax_amount=0 days_alive=327 stage=0 res0=0 res1=200 res2=0 res3=0 res4=0 res5=0 res6=0 res7=0 res8=0 Farm=1 Road=4 House=1 SmallHouse=3 BigHouse=1 | nw=1434562.4937
  s=  291 a= 10(BUILD:Refinery) r= -0.9703 cum=   -129.60 v= -0.7582 top5=[a40=0.041, a26=0.033, a32=0.031, a9=0.028, a35=0.027] [BUILD: Refinery]
    OBS: year=1 month=1 season=3 money=3152 credit=136784 people=29 busy=0 free=29 home_places=370 need_workers=0 tax_due=0 main_tax_due=0 tax_amount=7654 main_tax_amount=0 days_alive=328 stage=0 res0=0 res1=200 res2=0 res3=0 res4=0 res5=0 res6=0 res7=0 res8=0 Farm=1 Road=4 House=1 SmallHouse=3 BigHouse=1 | nw=1434276.4247
  s=  292 a=  6(BUILD:SmallHouse) r= -0.9723 cum=   -130.57 v= -0.7561 top5=[a40=0.041, a26=0.033, a32=0.031, a9=0.028, a35=0.027] [BUILD: SmallHouse]
    OBS: year=1 month=1 season=3 money=3152 credit=137057 people=29 busy=0 free=29 home_places=370 need_workers=0 tax_due=0 main_tax_due=0 tax_amount=7654 main_tax_amount=0 days_alive=329 stage=0 res0=0 res1=200 res2=0 res3=0 res4=0 res5=0 res6=0 res7=0 res8=0 Farm=1 Road=4 House=1 SmallHouse=3 BigHouse=1 | nw=1433989.2727
  s=  293 a= 42(MANAGER:8) r= -0.9751 cum=   -131.55 v= -0.7542 top5=[a40=0.041, a26=0.033, a32=0.031, a9=0.028, a35=0.028]
    OBS: year=1 month=1 season=3 money=3152 credit=137331 people=29 busy=0 free=29 home_places=370 need_workers=0 tax_due=0 main_tax_due=0 tax_amount=7654 main_tax_amount=0 days_alive=330 stage=0 res0=0 res1=200 res2=0 res3=0 res4=0 res5=0 res6=0 res7=0 res8=0 Farm=1 Road=4 House=1 SmallHouse=3 BigHouse=1 | nw=1433699.6437
  s=  294 a= 35(MANAGER:1) r= -0.2880 cum=   -131.83 v= -0.7521 top5=[a40=0.041, a26=0.033, a32=0.031, a9=0.028, a35=0.028]
    OBS: year=1 month=1 season=3 money=2996 credit=137605 people=29 busy=0 free=29 home_places=370 need_workers=0 tax_due=0 main_tax_due=0 tax_amount=7654 main_tax_amount=0 days_alive=331 stage=0 res0=0 res1=200 res2=0 res3=0 res4=0 res5=0 res6=0 res7=0 res8=0 Farm=1 Road=4 House=1 SmallHouse=3 BigHouse=1 | nw=1433522.3773
  s=  295 a= 36(MANAGER:2) r= -0.1681 cum=   -132.00 v= -0.7502 top5=[a40=0.041, a26=0.033, a32=0.031, a9=0.028, a35=0.028]
    OBS: year=1 month=1 season=3 money=2610 credit=137880 people=29 busy=0 free=29 home_places=370 need_workers=0 tax_due=0 main_tax_due=0 tax_amount=7654 main_tax_amount=0 days_alive=332 stage=0 res0=0 res1=200 res2=0 res3=0 res4=0 res5=0 res6=0 res7=0 res8=0 Farm=1 Road=4 House=1 SmallHouse=3 BigHouse=1 | nw=1433540.3180
  s=  296 a= 44(MANAGER:10) r= -0.0496 cum=   -132.05 v= -0.7488 top5=[a40=0.041, a26=0.033, a32=0.031, a9=0.028, a35=0.028]
    OBS: year=1 month=1 season=3 money=2610 credit=138155 people=29 busy=0 free=29 home_places=370 need_workers=0 tax_due=0 main_tax_due=0 tax_amount=7654 main_tax_amount=0 days_alive=333 stage=0 res0=0 res1=200 res2=0 res3=0 res4=0 res5=0 res6=0 res7=0 res8=0 Farm=1 Road=4 House=1 SmallHouse=3 BigHouse=1 | nw=1433250.9845
  s=  297 a= 30(BUILD:BigIronmine) r= -0.9791 cum=   -133.03 v= -0.7464 top5=[a40=0.041, a26=0.033, a32=0.031, a9=0.028, a35=0.028] [BUILD: BigIronmine]
    OBS: year=1 month=1 season=3 money=2610 credit=138431 people=29 busy=0 free=29 home_places=370 need_workers=0 tax_due=0 main_tax_due=0 tax_amount=7654 main_tax_amount=0 days_alive=334 stage=0 res0=0 res1=200 res2=0 res3=0 res4=0 res5=0 res6=0 res7=0 res8=0 Farm=1 Road=4 House=1 SmallHouse=3 BigHouse=1 | nw=1432962.8876
  s=  298 a= 40(MANAGER:6) r= -0.9829 cum=   -134.01 v= -0.7441 top5=[a40=0.041, a26=0.033, a32=0.031, a9=0.028, a35=0.028]
    OBS: year=1 month=1 season=3 money=2610 credit=138707 people=29 busy=0 free=29 home_places=370 need_workers=0 tax_due=0 main_tax_due=0 tax_amount=7654 main_tax_amount=0 days_alive=335 stage=0 res0=0 res1=200 res2=0 res3=0 res4=0 res5=0 res6=0 res7=0 res8=0 Farm=1 Road=4 House=1 SmallHouse=3 BigHouse=1 | nw=1432670.7539
  s=  299 a= 28(BUILD:BigRefinary) r= -0.9836 cum=   -135.00 v= -0.7419 top5=[a40=0.041, a26=0.033, a32=0.031, a9=0.028, a35=0.028] [BUILD: BigRefinary]
    OBS: year=1 month=1 season=3 money=2610 credit=138984 people=29 busy=0 free=29 home_places=370 need_workers=0 tax_due=0 main_tax_due=0 tax_amount=7654 main_tax_amount=0 days_alive=336 stage=0 res0=0 res1=200 res2=0 res3=0 res4=0 res5=0 res6=0 res7=0 res8=0 Farm=1 Road=4 House=1 SmallHouse=3 BigHouse=1 | nw=1432379.6019
  s=  300 a= 24(BUILD:Hothouse) r= -0.3659 cum=   -135.36 v= -0.7392 top5=[a40=0.041, a26=0.033, a32=0.031, a9=0.028, a35=0.028] [BUILD: Hothouse]
    OBS: year=1 month=2 season=3 money=2610 credit=139261 people=30 busy=0 free=30 home_places=370 need_workers=0 tax_due=0 main_tax_due=0 tax_amount=7654 main_tax_amount=0 days_alive=337 stage=0 res0=0 res1=200 res2=0 res3=0 res4=0 res5=0 res6=0 res7=0 res8=0 Farm=1 Road=4 House=1 SmallHouse=3 BigHouse=1 | nw=1432086.2131
  s=  301 a= 20(BUILD:BigHouse) r= -0.9854 cum=   -136.35 v= -0.7766 top5=[a40=0.037, a26=0.031, a32=0.030, a6=0.030, a4=0.028] [BUILD: BigHouse]
    OBS: year=1 month=2 season=3 money=2610 credit=139539 people=30 busy=0 free=30 home_places=370 need_workers=0 tax_due=0 main_tax_due=0 tax_amount=7654 main_tax_amount=0 days_alive=338 stage=0 res0=0 res1=200 res2=0 res3=0 res4=0 res5=0 res6=0 res7=0 res8=0 Farm=1 Road=4 House=1 SmallHouse=3 BigHouse=1 | nw=1431796.3404
  s=  302 a= 15(BUILD:Fish) r= -0.9894 cum=   -137.34 v= -0.7723 top5=[a40=0.037, a26=0.031, a32=0.030, a6=0.029, a4=0.028] [BUILD: Fish]
    OBS: year=1 month=2 season=3 money=2610 credit=139818 people=30 busy=0 free=30 home_places=370 need_workers=0 tax_due=0 main_tax_due=0 tax_amount=7654 main_tax_amount=0 days_alive=339 stage=0 res0=0 res1=200 res2=0 res3=0 res4=0 res5=0 res6=0 res7=0 res8=0 Farm=1 Road=4 House=1 SmallHouse=3 BigHouse=1 | nw=1431502.1480
  s=  303 a= 23(BUILD:Torchlight) r= -0.9907 cum=   -138.33 v= -0.7679 top5=[a40=0.037, a26=0.031, a32=0.030, a6=0.029, a4=0.028] [BUILD: Torchlight]
    OBS: year=1 month=2 season=3 money=2610 credit=140097 people=30 busy=0 free=30 home_places=370 need_workers=0 tax_due=0 main_tax_due=0 tax_amount=7654 main_tax_amount=0 days_alive=340 stage=0 res0=0 res1=200 res2=0 res3=0 res4=0 res5=0 res6=0 res7=0 res8=0 Farm=1 Road=4 House=1 SmallHouse=3 BigHouse=1 | nw=1431208.0547
  s=  304 a=  5(BUILD:House) r= -0.9939 cum=   -139.32 v= -0.7635 top5=[a40=0.037, a26=0.031, a32=0.030, a6=0.029, a4=0.028] [BUILD: House]
    OBS: year=1 month=2 season=3 money=2610 credit=140377 people=30 busy=0 free=30 home_places=370 need_workers=0 tax_due=0 main_tax_due=0 tax_amount=7654 main_tax_amount=0 days_alive=341 stage=0 res0=0 res1=200 res2=0 res3=0 res4=0 res5=0 res6=0 res7=0 res8=0 Farm=1 Road=4 House=1 SmallHouse=3 BigHouse=1 | nw=1430910.9061
  s=  305 a= 37(MANAGER:3) r= -6.2184 cum=   -145.54 v= -0.7592 top5=[a40=0.037, a26=0.031, a32=0.030, a6=0.029, a4=0.028]
    OBS: year=1 month=2 season=3 money=4591 credit=140657 people=30 busy=0 free=30 home_places=370 need_workers=0 tax_due=0 main_tax_due=0 tax_amount=7234 main_tax_amount=0 days_alive=342 stage=0 res0=0 res1=200 res2=0 res3=0 res4=0 res5=0 res6=0 res7=0 res8=0 Road=4 House=1 SmallHouse=3 BigHouse=1 | nw=1412830.6668
  s=  306 a=  6(BUILD:SmallHouse) r= -0.9883 cum=   -146.53 v= -0.7389 top5=[a40=0.035, a21=0.031, a32=0.031, a26=0.030, a16=0.028] [BUILD: SmallHouse]
    OBS: year=1 month=2 season=3 money=4591 credit=140938 people=30 busy=0 free=30 home_places=370 need_workers=0 tax_due=0 main_tax_due=0 tax_amount=7234 main_tax_amount=0 days_alive=343 stage=0 res0=0 res1=200 res2=0 res3=0 res4=0 res5=0 res6=0 res7=0 res8=0 Road=4 House=1 SmallHouse=3 BigHouse=1 | nw=1412538.9168
  s=  307 a= 17(BUILD:HuntingLand) r= -0.9883 cum=   -147.52 v= -0.7381 top5=[a40=0.035, a21=0.031, a32=0.030, a26=0.030, a16=0.028] [BUILD: HuntingLand]
    OBS: year=1 month=2 season=3 money=4591 credit=141219 people=30 busy=0 free=30 home_places=370 need_workers=0 tax_due=0 main_tax_due=0 tax_amount=7234 main_tax_amount=0 days_alive=344 stage=0 res0=0 res1=200 res2=0 res3=0 res4=0 res5=0 res6=0 res7=0 res8=0 Road=4 House=1 SmallHouse=3 BigHouse=1 | nw=1412249.2221
  s=  308 a= 25(BUILD:SuperHouse) r= -0.9922 cum=   -148.51 v= -0.7364 top5=[a40=0.035, a21=0.031, a32=0.030, a26=0.030, a16=0.028] [BUILD: SuperHouse]
    OBS: year=1 month=2 season=3 money=4591 credit=141501 people=30 busy=0 free=30 home_places=370 need_workers=0 tax_due=0 main_tax_due=0 tax_amount=7234 main_tax_amount=0 days_alive=345 stage=0 res0=0 res1=200 res2=0 res3=0 res4=0 res5=0 res6=0 res7=0 res8=0 Road=4 House=1 SmallHouse=3 BigHouse=1 | nw=1411955.4318
  s=  309 a= 21(BUILD:BigFarm) r= -0.9945 cum=   -149.50 v= -0.7345 top5=[a40=0.035, a21=0.031, a26=0.030, a32=0.030, a16=0.027] [BUILD: BigFarm]
    OBS: year=1 month=2 season=3 money=4591 credit=141784 people=30 busy=0 free=30 home_places=370 need_workers=0 tax_due=0 main_tax_due=0 tax_amount=7234 main_tax_amount=0 days_alive=346 stage=0 res0=0 res1=200 res2=0 res3=0 res4=0 res5=0 res6=0 res7=0 res8=0 Road=4 House=1 SmallHouse=3 BigHouse=1 | nw=1411660.1059
  s=  310 a= 25(BUILD:SuperHouse) r= -0.9937 cum=   -150.50 v= -0.7321 top5=[a40=0.035, a21=0.031, a26=0.030, a32=0.030, a16=0.027] [BUILD: SuperHouse]
    OBS: year=1 month=2 season=3 money=4591 credit=142067 people=30 busy=0 free=30 home_places=370 need_workers=0 tax_due=0 main_tax_due=0 tax_amount=7234 main_tax_amount=0 days_alive=347 stage=0 res0=0 res1=200 res2=0 res3=0 res4=0 res5=0 res6=0 res7=0 res8=0 Road=4 House=1 SmallHouse=3 BigHouse=1 | nw=1411368.0997
  s=  311 a= 27(BUILD:WaterMill) r= -0.9963 cum=   -151.49 v= -0.7303 top5=[a40=0.035, a21=0.031, a26=0.030, a32=0.030, a16=0.027] [BUILD: WaterMill]
    OBS: year=1 month=2 season=3 money=4591 credit=142351 people=30 busy=0 free=30 home_places=370 need_workers=0 tax_due=0 main_tax_due=0 tax_amount=7234 main_tax_amount=0 days_alive=348 stage=0 res0=0 res1=200 res2=0 res3=0 res4=0 res5=0 res6=0 res7=0 res8=0 Road=4 House=1 SmallHouse=3 BigHouse=1 | nw=1411074.1095
  s=  312 a=  4(BUILD:Garden) r= -0.5794 cum=   -152.07 v= -0.7287 top5=[a40=0.036, a21=0.031, a26=0.030, a32=0.030, a16=0.027] [BUILD: Garden]
    OBS: year=1 month=2 season=3 money=4591 credit=142635 people=30 busy=0 free=30 home_places=370 need_workers=0 tax_due=0 main_tax_due=0 tax_amount=7234 main_tax_amount=0 days_alive=349 stage=0 res0=0 res1=200 res2=0 res3=0 res4=0 res5=0 res6=0 res7=0 res8=0 Road=4 House=1 SmallHouse=3 BigHouse=1 | nw=1410780.8792
  s=  313 a= 19(BUILD:Mushroom) r= -1.0001 cum=   -153.07 v= -0.7271 top5=[a40=0.036, a21=0.031, a26=0.030, a32=0.030, a16=0.027] [BUILD FAILED: Mushroom money=4591 free=30]
    OBS: year=1 month=2 season=3 money=4591 credit=142920 people=30 busy=0 free=30 home_places=370 need_workers=0 tax_due=0 main_tax_due=0 tax_amount=7234 main_tax_amount=0 days_alive=350 stage=0 res0=0 res1=200 res2=0 res3=0 res4=0 res5=0 res6=0 res7=0 res8=0 Road=4 House=1 SmallHouse=3 BigHouse=1 | nw=1410485.1293
  s=  314 a= 19(BUILD:Mushroom) r= -0.9998 cum=   -154.07 v= -0.7255 top5=[a40=0.036, a21=0.031, a26=0.031, a32=0.029, a8=0.027] [BUILD: Mushroom]
    OBS: year=1 month=2 season=3 money=4591 credit=143205 people=30 busy=0 free=30 home_places=370 need_workers=0 tax_due=0 main_tax_due=0 tax_amount=7234 main_tax_amount=0 days_alive=351 stage=0 res0=0 res1=200 res2=0 res3=0 res4=0 res5=0 res6=0 res7=0 res8=0 Road=4 House=1 SmallHouse=3 BigHouse=1 | nw=1410191.9393
  s=  315 a= 23(BUILD:Torchlight) r= -1.0032 cum=   -155.08 v= -0.7241 top5=[a40=0.036, a21=0.031, a26=0.031, a32=0.029, a8=0.027] [BUILD FAILED: Torchlight money=4591 free=30]
    OBS: year=1 month=2 season=3 money=4591 credit=143491 people=30 busy=0 free=30 home_places=370 need_workers=0 tax_due=0 main_tax_due=0 tax_amount=7234 main_tax_amount=0 days_alive=352 stage=0 res0=0 res1=200 res2=0 res3=0 res4=0 res5=0 res6=0 res7=0 res8=0 Road=4 House=1 SmallHouse=3 BigHouse=1 | nw=1409895.4136
  s=  316 a= 42(MANAGER:8) r= -1.0057 cum=   -156.08 v= -0.7226 top5=[a40=0.036, a21=0.031, a26=0.031, a32=0.029, a8=0.027]
    OBS: year=1 month=2 season=3 money=4591 credit=143777 people=30 busy=0 free=30 home_places=370 need_workers=0 tax_due=0 main_tax_due=0 tax_amount=7234 main_tax_amount=0 days_alive=353 stage=0 res0=0 res1=200 res2=0 res3=0 res4=0 res5=0 res6=0 res7=0 res8=0 Road=4 House=1 SmallHouse=3 BigHouse=1 | nw=1409597.0876
  s=  317 a=  6(BUILD:SmallHouse) r= -1.0077 cum=   -157.09 v= -0.7210 top5=[a40=0.037, a21=0.031, a26=0.031, a32=0.029, a8=0.027] [BUILD FAILED: SmallHouse money=4591 free=30]
    OBS: year=1 month=2 season=3 money=4591 credit=144064 people=30 busy=0 free=30 home_places=370 need_workers=0 tax_due=0 main_tax_due=0 tax_amount=7234 main_tax_amount=0 days_alive=354 stage=0 res0=0 res1=200 res2=0 res3=0 res4=0 res5=0 res6=0 res7=0 res8=0 Road=4 House=1 SmallHouse=3 BigHouse=1 | nw=1409297.7617
  s=  318 a=  5(BUILD:House) r= -1.0088 cum=   -158.10 v= -0.7195 top5=[a40=0.037, a21=0.031, a26=0.031, a32=0.029, a8=0.027] [BUILD FAILED: House money=4591 free=30]
    OBS: year=1 month=2 season=3 money=4591 credit=144352 people=30 busy=0 free=30 home_places=370 need_workers=0 tax_due=0 main_tax_due=0 tax_amount=7234 main_tax_amount=0 days_alive=355 stage=0 res0=0 res1=200 res2=0 res3=0 res4=0 res5=0 res6=0 res7=0 res8=0 Road=4 House=1 SmallHouse=3 BigHouse=1 | nw=1408998.7311
  s=  319 a= 36(MANAGER:2) r= +0.2638 cum=   -157.83 v= -0.7184 top5=[a40=0.037, a21=0.031, a26=0.031, a32=0.029, a9=0.027]
    OBS: year=1 month=2 season=3 money=4536 credit=144640 people=31 busy=0 free=31 home_places=370 need_workers=0 tax_due=0 main_tax_due=0 tax_amount=7234 main_tax_amount=0 days_alive=356 stage=0 res0=0 res1=200 res2=0 res3=0 res4=0 res5=0 res6=0 res7=0 res8=0 Road=4 House=1 SmallHouse=3 BigHouse=1 | nw=1408745.5103
  s=  320 a= 15(BUILD:Fish) r= -1.0117 cum=   -158.85 v= -0.7201 top5=[a40=0.037, a21=0.031, a26=0.030, a32=0.028, a9=0.028] [BUILD FAILED: Fish money=4536 free=31]
    OBS: year=1 month=2 season=3 money=4536 credit=144929 people=31 busy=0 free=31 home_places=370 need_workers=0 tax_due=0 main_tax_due=0 tax_amount=7234 main_tax_amount=0 days_alive=357 stage=0 res0=0 res1=200 res2=0 res3=0 res4=0 res5=0 res6=0 res7=0 res8=0 Road=4 House=1 SmallHouse=3 BigHouse=1 | nw=1408445.7604
  s=  321 a= 21(BUILD:BigFarm) r= -1.0133 cum=   -159.86 v= -0.7181 top5=[a40=0.037, a21=0.031, a26=0.030, a32=0.028, a9=0.028] [BUILD FAILED: BigFarm money=4536 free=31]
    OBS: year=1 month=2 season=3 money=4536 credit=145218 people=31 busy=0 free=31 home_places=370 need_workers=0 tax_due=0 main_tax_due=0 tax_amount=7234 main_tax_amount=0 days_alive=358 stage=0 res0=0 res1=200 res2=0 res3=0 res4=0 res5=0 res6=0 res7=0 res8=0 Road=4 House=1 SmallHouse=3 BigHouse=1 | nw=1408145.7299
  s=  322 a= 30(BUILD:BigIronmine) r= -1.0149 cum=   -160.87 v= -0.7158 top5=[a40=0.037, a21=0.031, a26=0.031, a32=0.028, a9=0.028] [BUILD FAILED: BigIronmine money=4536 free=31]
    OBS: year=1 month=2 season=3 money=4536 credit=145508 people=31 busy=0 free=31 home_places=370 need_workers=0 tax_due=0 main_tax_due=0 tax_amount=7234 main_tax_amount=0 days_alive=359 stage=0 res0=0 res1=200 res2=0 res3=0 res4=0 res5=0 res6=0 res7=0 res8=0 Road=4 House=1 SmallHouse=3 BigHouse=1 | nw=1407845.2041
  s=  323 a=  2(BUILD:WaterChannel) r= -1.0173 cum=   -161.89 v= -0.7132 top5=[a40=0.037, a21=0.031, a26=0.031, a32=0.028, a9=0.028] [BUILD FAILED: WaterChannel money=4536 free=31]
    OBS: year=1 month=2 season=3 money=4536 credit=145799 people=31 busy=0 free=31 home_places=370 need_workers=0 tax_due=0 main_tax_due=0 tax_amount=7234 main_tax_amount=0 days_alive=360 stage=0 res0=0 res1=200 res2=0 res3=0 res4=0 res5=0 res6=0 res7=0 res8=0 Road=4 House=1 SmallHouse=3 BigHouse=1 | nw=1407543.1736
  s=  324 a=  0(DAY) r= -6.2397 cum=   -168.13 v= -0.7103 top5=[a40=0.037, a21=0.031, a26=0.031, a32=0.028, a9=0.028]
    OBS: year=1 month=2 season=3 money=4536 credit=146090 people=31 busy=0 free=31 home_places=370 need_workers=0 tax_due=0 main_tax_due=0 tax_amount=7234 main_tax_amount=0 days_alive=361 stage=0 res0=0 res1=200 res2=0 res3=0 res4=0 res5=0 res6=0 res7=0 res8=0 Road=4 House=1 SmallHouse=3 BigHouse=1 | nw=1407240.3833
  s=  325 a= 37(MANAGER:3) r= -3.5489 cum=   -171.68 v= -0.7073 top5=[a40=0.038, a21=0.031, a26=0.031, a32=0.028, a9=0.028]
    OBS: year=1 month=2 season=3 money=5126 credit=146382 people=31 busy=0 free=31 home_places=350 need_workers=0 tax_due=0 main_tax_due=0 tax_amount=6814 main_tax_amount=0 days_alive=362 stage=0 res0=0 res1=200 res2=0 res3=0 res4=0 res5=0 res6=0 res7=0 res8=0 Road=4 House=1 SmallHouse=2 BigHouse=1 | nw=1401859.0879
  s=  326 a= 35(MANAGER:1) r= -1.0137 cum=   -172.69 v= -0.6841 top5=[a40=0.034, a21=0.030, a26=0.030, a32=0.028, a9=0.028]
    OBS: year=1 month=2 season=3 money=5126 credit=146674 people=31 busy=0 free=31 home_places=350 need_workers=0 tax_due=0 main_tax_due=0 tax_amount=6814 main_tax_amount=0 days_alive=363 stage=0 res0=0 res1=200 res2=0 res3=0 res4=0 res5=0 res6=0 res7=0 res8=0 Road=4 House=1 SmallHouse=2 BigHouse=1 | nw=1401559.3771
  s=  327 a=  5(BUILD:House) r= -1.0164 cum=   -173.71 v= -0.6800 top5=[a40=0.034, a21=0.030, a26=0.030, a32=0.028, a9=0.028] [BUILD FAILED: House money=5126 free=31]
    OBS: year=1 month=2 season=3 money=5126 credit=146967 people=31 busy=0 free=31 home_places=350 need_workers=0 tax_due=0 main_tax_due=0 tax_amount=6814 main_tax_amount=0 days_alive=364 stage=0 res0=0 res1=200 res2=0 res3=0 res4=0 res5=0 res6=0 res7=0 res8=0 Road=4 House=1 SmallHouse=2 BigHouse=1 | nw=1401257.4018
  s=  328 a= 17(BUILD:HuntingLand) r= +2.0889 cum=   -171.62 v= -0.6760 top5=[a40=0.034, a21=0.030, a26=0.030, a32=0.028, a9=0.028] [BUILD: HuntingLand]
    OBS: year=1 month=3 season=0 money=5126 credit=147260 people=31 busy=0 free=31 home_places=350 need_workers=0 tax_due=1 main_tax_due=0 tax_amount=6814 main_tax_amount=0 days_alive=365 stage=0 res0=0 res1=200 res2=0 res3=0 res4=0 res5=0 res6=0 res7=0 res8=0 Road=4 House=1 SmallHouse=2 BigHouse=1 | nw=1400955.9312
  s=  329 a= 39(MANAGER:5) r= -3.6613 cum=   -175.28 v= -0.3901 top5=[a21=0.031, a32=0.029, a16=0.029, a26=0.028, a9=0.028]
    OBS: year=1 month=3 season=0 money=5126 credit=147260 people=31 busy=0 free=31 home_places=350 need_workers=0 tax_due=1 main_tax_due=0 tax_amount=6814 main_tax_amount=0 days_alive=365 stage=0 res0=0 res1=200 res2=0 res3=0 res4=0 res5=0 res6=0 res7=0 res8=0 Road=4 House=1 SmallHouse=2 BigHouse=1 | nw=1400955.9312
  s=  330 a= 11(BUILD:Goldmine) r= -3.6583 cum=   -178.94 v= -0.3892 top5=[a21=0.031, a32=0.029, a16=0.029, a26=0.028, a9=0.028] [BUILD FAILED: Goldmine money=5126 free=31]
    OBS: year=1 month=3 season=0 money=5126 credit=147260 people=31 busy=0 free=31 home_places=350 need_workers=0 tax_due=1 main_tax_due=0 tax_amount=6814 main_tax_amount=0 days_alive=365 stage=0 res0=0 res1=200 res2=0 res3=0 res4=0 res5=0 res6=0 res7=0 res8=0 Road=4 House=1 SmallHouse=2 BigHouse=1 | nw=1400955.9312
  s=  331 a= 14(BUILD:Road) r= -3.6552 cum=   -182.60 v= -0.3882 top5=[a21=0.031, a32=0.029, a16=0.029, a26=0.028, a9=0.028] [BUILD FAILED: Road money=5126 free=31]
    OBS: year=1 month=3 season=0 money=5126 credit=147260 people=31 busy=0 free=31 home_places=350 need_workers=0 tax_due=1 main_tax_due=0 tax_amount=6814 main_tax_amount=0 days_alive=365 stage=0 res0=0 res1=200 res2=0 res3=0 res4=0 res5=0 res6=0 res7=0 res8=0 Road=4 House=1 SmallHouse=2 BigHouse=1 | nw=1400955.9312
  s=  332 a= 28(BUILD:BigRefinary) r= -3.6522 cum=   -186.25 v= -0.3872 top5=[a21=0.031, a32=0.029, a16=0.029, a26=0.028, a9=0.028] [BUILD FAILED: BigRefinary money=5126 free=31]
    OBS: year=1 month=3 season=0 money=5126 credit=147260 people=31 busy=0 free=31 home_places=350 need_workers=0 tax_due=1 main_tax_due=0 tax_amount=6814 main_tax_amount=0 days_alive=365 stage=0 res0=0 res1=200 res2=0 res3=0 res4=0 res5=0 res6=0 res7=0 res8=0 Road=4 House=1 SmallHouse=2 BigHouse=1 | nw=1400955.9312
  s=  333 a= 38(MANAGER:4) r= -3.6492 cum=   -189.90 v= -0.3863 top5=[a21=0.031, a32=0.029, a16=0.029, a26=0.028, a9=0.028]
    OBS: year=1 month=3 season=0 money=5126 credit=147260 people=31 busy=0 free=31 home_places=350 need_workers=0 tax_due=1 main_tax_due=0 tax_amount=6814 main_tax_amount=0 days_alive=365 stage=0 res0=0 res1=200 res2=0 res3=0 res4=0 res5=0 res6=0 res7=0 res8=0 Road=4 House=1 SmallHouse=2 BigHouse=1 | nw=1400955.9312
  s=  334 a= 26(BUILD:BigSawmill) r= -3.6463 cum=   -193.54 v= -0.3853 top5=[a21=0.031, a32=0.029, a16=0.029, a26=0.028, a9=0.028] [BUILD FAILED: BigSawmill money=5126 free=31]
    OBS: year=1 month=3 season=0 money=5126 credit=147260 people=31 busy=0 free=31 home_places=350 need_workers=0 tax_due=1 main_tax_due=0 tax_amount=6814 main_tax_amount=0 days_alive=365 stage=0 res0=0 res1=200 res2=0 res3=0 res4=0 res5=0 res6=0 res7=0 res8=0 Road=4 House=1 SmallHouse=2 BigHouse=1 | nw=1400955.9312
  s=  335 a=  6(BUILD:SmallHouse) r= -3.6433 cum=   -197.19 v= -0.3844 top5=[a21=0.031, a32=0.029, a16=0.029, a26=0.028, a9=0.028] [BUILD FAILED: SmallHouse money=5126 free=31]
    OBS: year=1 month=3 season=0 money=5126 credit=147260 people=31 busy=0 free=31 home_places=350 need_workers=0 tax_due=1 main_tax_due=0 tax_amount=6814 main_tax_amount=0 days_alive=365 stage=0 res0=0 res1=200 res2=0 res3=0 res4=0 res5=0 res6=0 res7=0 res8=0 Road=4 House=1 SmallHouse=2 BigHouse=1 | nw=1400955.9312
  s=  336 a= 32(BUILD:SmallAtomStation) r= -3.6405 cum=   -200.83 v= -0.3835 top5=[a21=0.031, a32=0.029, a16=0.029, a26=0.028, a9=0.028] [BUILD FAILED: SmallAtomStation money=5126 free=31]
    OBS: year=1 month=3 season=0 money=5126 credit=147260 people=31 busy=0 free=31 home_places=350 need_workers=0 tax_due=1 main_tax_due=0 tax_amount=6814 main_tax_amount=0 days_alive=365 stage=0 res0=0 res1=200 res2=0 res3=0 res4=0 res5=0 res6=0 res7=0 res8=0 Road=4 House=1 SmallHouse=2 BigHouse=1 | nw=1400955.9312
  s=  337 a= 24(BUILD:Hothouse) r= -3.6376 cum=   -204.47 v= -0.3826 top5=[a21=0.031, a32=0.029, a16=0.029, a26=0.028, a9=0.028] [BUILD FAILED: Hothouse money=5126 free=31]
    OBS: year=1 month=3 season=0 money=5126 credit=147260 people=31 busy=0 free=31 home_places=350 need_workers=0 tax_due=1 main_tax_due=0 tax_amount=6814 main_tax_amount=0 days_alive=365 stage=0 res0=0 res1=200 res2=0 res3=0 res4=0 res5=0 res6=0 res7=0 res8=0 Road=4 House=1 SmallHouse=2 BigHouse=1 | nw=1400955.9312
  s=  338 a= 32(BUILD:SmallAtomStation) r= -3.6348 cum=   -208.10 v= -0.3817 top5=[a21=0.031, a32=0.029, a16=0.029, a26=0.028, a9=0.028] [BUILD FAILED: SmallAtomStation money=5126 free=31]
    OBS: year=1 month=3 season=0 money=5126 credit=147260 people=31 busy=0 free=31 home_places=350 need_workers=0 tax_due=1 main_tax_due=0 tax_amount=6814 main_tax_amount=0 days_alive=365 stage=0 res0=0 res1=200 res2=0 res3=0 res4=0 res5=0 res6=0 res7=0 res8=0 Road=4 House=1 SmallHouse=2 BigHouse=1 | nw=1400955.9312
  s=  339 a= 38(MANAGER:4) r= -3.6320 cum=   -211.73 v= -0.3809 top5=[a21=0.031, a32=0.029, a16=0.029, a26=0.028, a9=0.028]
    OBS: year=1 month=3 season=0 money=5126 credit=147260 people=31 busy=0 free=31 home_places=350 need_workers=0 tax_due=1 main_tax_due=0 tax_amount=6814 main_tax_amount=0 days_alive=365 stage=0 res0=0 res1=200 res2=0 res3=0 res4=0 res5=0 res6=0 res7=0 res8=0 Road=4 House=1 SmallHouse=2 BigHouse=1 | nw=1400955.9312
  s=  340 a= 38(MANAGER:4) r= -3.6292 cum=   -215.36 v= -0.3800 top5=[a21=0.031, a32=0.029, a16=0.029, a26=0.028, a9=0.028]
    OBS: year=1 month=3 season=0 money=5126 credit=147260 people=31 busy=0 free=31 home_places=350 need_workers=0 tax_due=1 main_tax_due=0 tax_amount=6814 main_tax_amount=0 days_alive=365 stage=0 res0=0 res1=200 res2=0 res3=0 res4=0 res5=0 res6=0 res7=0 res8=0 Road=4 House=1 SmallHouse=2 BigHouse=1 | nw=1400955.9312
  s=  341 a=  9(BUILD:Ironmine) r= -3.6264 cum=   -218.99 v= -0.3791 top5=[a21=0.031, a32=0.029, a16=0.029, a26=0.028, a9=0.028] [BUILD FAILED: Ironmine money=5126 free=31]
    OBS: year=1 month=3 season=0 money=5126 credit=147260 people=31 busy=0 free=31 home_places=350 need_workers=0 tax_due=1 main_tax_due=0 tax_amount=6814 main_tax_amount=0 days_alive=365 stage=0 res0=0 res1=200 res2=0 res3=0 res4=0 res5=0 res6=0 res7=0 res8=0 Road=4 House=1 SmallHouse=2 BigHouse=1 | nw=1400955.9312
  s=  342 a= 43(MANAGER:9) r= -3.6237 cum=   -222.61 v= -0.3783 top5=[a21=0.031, a32=0.029, a16=0.029, a26=0.028, a9=0.028]
    OBS: year=1 month=3 season=0 money=5126 credit=147260 people=31 busy=0 free=31 home_places=350 need_workers=0 tax_due=1 main_tax_due=0 tax_amount=6814 main_tax_amount=0 days_alive=365 stage=0 res0=0 res1=200 res2=0 res3=0 res4=0 res5=0 res6=0 res7=0 res8=0 Road=4 House=1 SmallHouse=2 BigHouse=1 | nw=1400955.9312
  s=  343 a= 41(MANAGER:7) r= -3.1300 cum=   -225.74 v= -0.3774 top5=[a21=0.031, a32=0.029, a16=0.029, a26=0.028, a9=0.028]
    OBS: year=1 month=3 season=0 money=4726 credit=147260 people=31 busy=0 free=31 home_places=350 need_workers=0 tax_due=1 main_tax_due=0 tax_amount=6818 main_tax_amount=0 days_alive=365 stage=0 res0=0 res1=400 res2=0 res3=0 res4=0 res5=0 res6=0 res7=0 res8=0 Road=4 House=1 SmallHouse=2 BigHouse=1 | nw=1400755.9312
  s=  344 a= 12(BUILD:PowerStation) r= -2.1105 cum=   -227.85 v= -0.3771 top5=[a21=0.031, a32=0.029, a16=0.029, a26=0.028, a9=0.028] [BUILD FAILED: PowerStation money=4326 free=31]
    OBS: year=1 month=3 season=0 money=4326 credit=147260 people=31 busy=0 free=31 home_places=350 need_workers=0 tax_due=1 main_tax_due=0 tax_amount=6818 main_tax_amount=0 days_alive=365 stage=0 res0=0 res1=400 res2=0 res3=0 res4=0 res5=0 res6=0 res7=0 res8=0 Road=5 House=1 SmallHouse=2 BigHouse=1 | nw=1400755.9312
  s=  345 a= 17(BUILD:HuntingLand) r= -3.6206 cum=   -231.47 v= -0.4249 top5=[a21=0.030, a35=0.029, a16=0.029, a17=0.028, a32=0.028] [BUILD FAILED: HuntingLand money=4326 free=31]
    OBS: year=1 month=3 season=0 money=4326 credit=147260 people=31 busy=0 free=31 home_places=350 need_workers=0 tax_due=1 main_tax_due=0 tax_amount=6818 main_tax_amount=0 days_alive=365 stage=0 res0=0 res1=400 res2=0 res3=0 res4=0 res5=0 res6=0 res7=0 res8=0 Road=5 House=1 SmallHouse=2 BigHouse=1 | nw=1400755.9312
  s=  346 a= 18(BUILD:CowFarm) r= -3.6180 cum=   -235.09 v= -0.4241 top5=[a21=0.030, a35=0.029, a16=0.029, a17=0.028, a32=0.028] [BUILD FAILED: CowFarm money=4326 free=31]
    OBS: year=1 month=3 season=0 money=4326 credit=147260 people=31 busy=0 free=31 home_places=350 need_workers=0 tax_due=1 main_tax_due=0 tax_amount=6818 main_tax_amount=0 days_alive=365 stage=0 res0=0 res1=400 res2=0 res3=0 res4=0 res5=0 res6=0 res7=0 res8=0 Road=5 House=1 SmallHouse=2 BigHouse=1 | nw=1400755.9312
  s=  347 a= 28(BUILD:BigRefinary) r= -3.6154 cum=   -238.71 v= -0.4232 top5=[a21=0.030, a35=0.029, a16=0.029, a17=0.028, a32=0.028] [BUILD FAILED: BigRefinary money=4326 free=31]
    OBS: year=1 month=3 season=0 money=4326 credit=147260 people=31 busy=0 free=31 home_places=350 need_workers=0 tax_due=1 main_tax_due=0 tax_amount=6818 main_tax_amount=0 days_alive=365 stage=0 res0=0 res1=400 res2=0 res3=0 res4=0 res5=0 res6=0 res7=0 res8=0 Road=5 House=1 SmallHouse=2 BigHouse=1 | nw=1400755.9312
  s=  348 a= 38(MANAGER:4) r= -3.6128 cum=   -242.32 v= -0.4223 top5=[a21=0.030, a35=0.029, a16=0.029, a17=0.028, a32=0.028]
    OBS: year=1 month=3 season=0 money=4326 credit=147260 people=31 busy=0 free=31 home_places=350 need_workers=0 tax_due=1 main_tax_due=0 tax_amount=6818 main_tax_amount=0 days_alive=365 stage=0 res0=0 res1=400 res2=0 res3=0 res4=0 res5=0 res6=0 res7=0 res8=0 Road=5 House=1 SmallHouse=2 BigHouse=1 | nw=1400755.9312
  s=  349 a= 44(MANAGER:10) r= -2.6923 cum=   -245.01 v= -0.4215 top5=[a21=0.030, a35=0.029, a16=0.029, a17=0.028, a32=0.028]
    OBS: year=1 month=3 season=0 money=4326 credit=147260 people=31 busy=0 free=31 home_places=350 need_workers=0 tax_due=1 main_tax_due=0 tax_amount=6818 main_tax_amount=0 days_alive=365 stage=0 res0=0 res1=400 res2=0 res3=0 res4=0 res5=0 res6=0 res7=0 res8=0 Road=5 House=1 SmallHouse=2 BigHouse=1 | nw=1400755.9312
  s=  350 a= 17(BUILD:HuntingLand) r= -3.6100 cum=   -248.62 v= -0.4206 top5=[a21=0.030, a35=0.029, a16=0.029, a17=0.028, a32=0.028] [BUILD FAILED: HuntingLand money=4326 free=31]
    OBS: year=1 month=3 season=0 money=4326 credit=147260 people=31 busy=0 free=31 home_places=350 need_workers=0 tax_due=1 main_tax_due=0 tax_amount=6818 main_tax_amount=0 days_alive=365 stage=0 res0=0 res1=400 res2=0 res3=0 res4=0 res5=0 res6=0 res7=0 res8=0 Road=5 House=1 SmallHouse=2 BigHouse=1 | nw=1400755.9312
  s=  351 a=  5(BUILD:House) r= -3.6075 cum=   -252.23 v= -0.4198 top5=[a21=0.030, a35=0.029, a16=0.029, a17=0.028, a32=0.028] [BUILD FAILED: House money=4326 free=31]
    OBS: year=1 month=3 season=0 money=4326 credit=147260 people=31 busy=0 free=31 home_places=350 need_workers=0 tax_due=1 main_tax_due=0 tax_amount=6818 main_tax_amount=0 days_alive=365 stage=0 res0=0 res1=400 res2=0 res3=0 res4=0 res5=0 res6=0 res7=0 res8=0 Road=5 House=1 SmallHouse=2 BigHouse=1 | nw=1400755.9312
  s=  352 a= 10(BUILD:Refinery) r= -3.6050 cum=   -255.83 v= -0.4189 top5=[a21=0.030, a35=0.029, a16=0.029, a17=0.028, a32=0.028] [BUILD FAILED: Refinery money=4326 free=31]
    OBS: year=1 month=3 season=0 money=4326 credit=147260 people=31 busy=0 free=31 home_places=350 need_workers=0 tax_due=1 main_tax_due=0 tax_amount=6818 main_tax_amount=0 days_alive=365 stage=0 res0=0 res1=400 res2=0 res3=0 res4=0 res5=0 res6=0 res7=0 res8=0 Road=5 House=1 SmallHouse=2 BigHouse=1 | nw=1400755.9312
  s=  353 a=  1(WEEK) r= -3.6025 cum=   -259.44 v= -0.4181 top5=[a21=0.030, a35=0.029, a16=0.029, a17=0.028, a32=0.028]
    OBS: year=1 month=3 season=0 money=4326 credit=147260 people=31 busy=0 free=31 home_places=350 need_workers=0 tax_due=1 main_tax_due=0 tax_amount=6818 main_tax_amount=0 days_alive=365 stage=0 res0=0 res1=400 res2=0 res3=0 res4=0 res5=0 res6=0 res7=0 res8=0 Road=5 House=1 SmallHouse=2 BigHouse=1 | nw=1400755.9312
  s=  354 a= 40(MANAGER:6) r= -2.8558 cum=   -262.29 v= -0.4173 top5=[a21=0.030, a35=0.029, a16=0.029, a17=0.028, a32=0.028]
    OBS: year=1 month=3 season=0 money=4526 credit=147260 people=31 busy=0 free=31 home_places=350 need_workers=0 tax_due=1 main_tax_due=0 tax_amount=6822 main_tax_amount=0 days_alive=365 stage=0 res0=0 res1=200 res2=0 res3=0 res4=0 res5=0 res6=0 res7=0 res8=0 Road=5 House=1 SmallHouse=2 BigHouse=1 | nw=1400755.9312
  s=  355 a= 18(BUILD:CowFarm) r= -3.5996 cum=   -265.89 v= -0.4161 top5=[a21=0.030, a35=0.029, a16=0.029, a17=0.028, a32=0.028] [BUILD FAILED: CowFarm money=4526 free=31]
    OBS: year=1 month=3 season=0 money=4526 credit=147260 people=31 busy=0 free=31 home_places=350 need_workers=0 tax_due=1 main_tax_due=0 tax_amount=6822 main_tax_amount=0 days_alive=365 stage=0 res0=0 res1=200 res2=0 res3=0 res4=0 res5=0 res6=0 res7=0 res8=0 Road=5 House=1 SmallHouse=2 BigHouse=1 | nw=1400755.9312
  s=  356 a= 36(MANAGER:2) r= -2.9753 cum=   -268.87 v= -0.4153 top5=[a21=0.030, a35=0.029, a16=0.029, a17=0.028, a32=0.028]
    OBS: year=1 month=3 season=0 money=4501 credit=147260 people=31 busy=0 free=31 home_places=350 need_workers=0 tax_due=1 main_tax_due=0 tax_amount=6822 main_tax_amount=0 days_alive=365 stage=0 res0=0 res1=200 res2=0 res3=0 res4=0 res5=0 res6=0 res7=0 res8=0 Road=5 House=1 SmallHouse=2 BigHouse=1 | nw=1400775.9356
  s=  357 a= 16(BUILD:CoalCut) r= -3.5964 cum=   -272.46 v= -0.3980 top5=[a21=0.030, a35=0.029, a16=0.028, a17=0.028, a12=0.028] [BUILD FAILED: CoalCut money=4501 free=31]
    OBS: year=1 month=3 season=0 money=4501 credit=147260 people=31 busy=0 free=31 home_places=350 need_workers=0 tax_due=1 main_tax_due=0 tax_amount=6822 main_tax_amount=0 days_alive=365 stage=0 res0=0 res1=200 res2=0 res3=0 res4=0 res5=0 res6=0 res7=0 res8=0 Road=5 House=1 SmallHouse=2 BigHouse=1 | nw=1400775.9356
  s=  358 a= 23(BUILD:Torchlight) r= -3.5940 cum=   -276.06 v= -0.3972 top5=[a21=0.030, a35=0.029, a16=0.028, a17=0.028, a12=0.028] [BUILD FAILED: Torchlight money=4501 free=31]
    OBS: year=1 month=3 season=0 money=4501 credit=147260 people=31 busy=0 free=31 home_places=350 need_workers=0 tax_due=1 main_tax_due=0 tax_amount=6822 main_tax_amount=0 days_alive=365 stage=0 res0=0 res1=200 res2=0 res3=0 res4=0 res5=0 res6=0 res7=0 res8=0 Road=5 House=1 SmallHouse=2 BigHouse=1 | nw=1400775.9356
  s=  359 a= 26(BUILD:BigSawmill) r= -3.5916 cum=   -279.65 v= -0.3964 top5=[a21=0.030, a35=0.029, a16=0.028, a17=0.028, a12=0.028] [BUILD FAILED: BigSawmill money=4501 free=31]
    OBS: year=1 month=3 season=0 money=4501 credit=147260 people=31 busy=0 free=31 home_places=350 need_workers=0 tax_due=1 main_tax_due=0 tax_amount=6822 main_tax_amount=0 days_alive=365 stage=0 res0=0 res1=200 res2=0 res3=0 res4=0 res5=0 res6=0 res7=0 res8=0 Road=5 House=1 SmallHouse=2 BigHouse=1 | nw=1400775.9356
  s=  360 a=  4(BUILD:Garden) r= -3.3675 cum=   -283.02 v= -0.3956 top5=[a21=0.030, a35=0.029, a16=0.028, a17=0.028, a12=0.028] [BUILD FAILED: Garden money=4501 free=31]
    OBS: year=1 month=3 season=0 money=4501 credit=147260 people=31 busy=0 free=31 home_places=350 need_workers=0 tax_due=1 main_tax_due=0 tax_amount=6822 main_tax_amount=0 days_alive=365 stage=0 res0=0 res1=200 res2=0 res3=0 res4=0 res5=0 res6=0 res7=0 res8=0 Road=5 House=1 SmallHouse=2 BigHouse=1 | nw=1400775.9356
  s=  361 a= 21(BUILD:BigFarm) r= -3.5876 cum=   -286.60 v= -0.3948 top5=[a21=0.030, a35=0.029, a16=0.028, a17=0.028, a12=0.028] [BUILD FAILED: BigFarm money=4501 free=31]
    OBS: year=1 month=3 season=0 money=4501 credit=147260 people=31 busy=0 free=31 home_places=350 need_workers=0 tax_due=1 main_tax_due=0 tax_amount=6822 main_tax_amount=0 days_alive=365 stage=0 res0=0 res1=200 res2=0 res3=0 res4=0 res5=0 res6=0 res7=0 res8=0 Road=5 House=1 SmallHouse=2 BigHouse=1 | nw=1400775.9356
  s=  362 a= 44(MANAGER:10) r= -2.6738 cum=   -289.28 v= -0.3940 top5=[a21=0.030, a35=0.029, a16=0.028, a17=0.028, a12=0.028]
    OBS: year=1 month=3 season=0 money=4501 credit=147260 people=31 busy=0 free=31 home_places=350 need_workers=0 tax_due=1 main_tax_due=0 tax_amount=6822 main_tax_amount=0 days_alive=365 stage=0 res0=0 res1=200 res2=0 res3=0 res4=0 res5=0 res6=0 res7=0 res8=0 Road=5 House=1 SmallHouse=2 BigHouse=1 | nw=1400775.9356
  s=  363 a= 12(BUILD:PowerStation) r= -2.0904 cum=   -291.37 v= -0.3933 top5=[a21=0.030, a35=0.029, a16=0.028, a17=0.028, a12=0.028] [BUILD FAILED: PowerStation money=4101 free=31]
    OBS: year=1 month=3 season=0 money=4101 credit=147260 people=31 busy=0 free=31 home_places=350 need_workers=0 tax_due=1 main_tax_due=0 tax_amount=6822 main_tax_amount=0 days_alive=365 stage=0 res0=0 res1=200 res2=0 res3=0 res4=0 res5=0 res6=0 res7=0 res8=0 Road=6 House=1 SmallHouse=2 BigHouse=1 | nw=1400775.9356
  s=  364 a= 17(BUILD:HuntingLand) r= -3.5862 cum=   -294.95 v= -0.4618 top5=[a35=0.030, a12=0.029, a17=0.029, a21=0.029, a16=0.028] [BUILD FAILED: HuntingLand money=4101 free=31]
    OBS: year=1 month=3 season=0 money=4101 credit=147260 people=31 busy=0 free=31 home_places=350 need_workers=0 tax_due=1 main_tax_due=0 tax_amount=6822 main_tax_amount=0 days_alive=365 stage=0 res0=0 res1=200 res2=0 res3=0 res4=0 res5=0 res6=0 res7=0 res8=0 Road=6 House=1 SmallHouse=2 BigHouse=1 | nw=1400775.9356
  s=  365 a= 12(BUILD:PowerStation) r= -2.0896 cum=   -297.04 v= -0.4609 top5=[a35=0.030, a12=0.029, a17=0.029, a21=0.029, a16=0.028] [BUILD FAILED: PowerStation money=3701 free=31]
    OBS: year=1 month=3 season=0 money=3701 credit=147260 people=31 busy=0 free=31 home_places=350 need_workers=0 tax_due=1 main_tax_due=0 tax_amount=6822 main_tax_amount=0 days_alive=365 stage=0 res0=0 res1=200 res2=0 res3=0 res4=0 res5=0 res6=0 res7=0 res8=0 Road=7 House=1 SmallHouse=2 BigHouse=1 | nw=1400775.9356
  s=  366 a= 23(BUILD:Torchlight) r= -3.5848 cum=   -300.63 v= -0.5286 top5=[a35=0.030, a12=0.030, a17=0.029, a32=0.029, a8=0.028] [BUILD FAILED: Torchlight money=3701 free=31]
    OBS: year=1 month=3 season=0 money=3701 credit=147260 people=31 busy=0 free=31 home_places=350 need_workers=0 tax_due=1 main_tax_due=0 tax_amount=6822 main_tax_amount=0 days_alive=365 stage=0 res0=0 res1=200 res2=0 res3=0 res4=0 res5=0 res6=0 res7=0 res8=0 Road=7 House=1 SmallHouse=2 BigHouse=1 | nw=1400775.9356
  s=  367 a= 23(BUILD:Torchlight) r= -3.5825 cum=   -304.21 v= -0.5276 top5=[a35=0.030, a12=0.030, a17=0.029, a32=0.029, a8=0.028] [BUILD FAILED: Torchlight money=3701 free=31]
    OBS: year=1 month=3 season=0 money=3701 credit=147260 people=31 busy=0 free=31 home_places=350 need_workers=0 tax_due=1 main_tax_due=0 tax_amount=6822 main_tax_amount=0 days_alive=365 stage=0 res0=0 res1=200 res2=0 res3=0 res4=0 res5=0 res6=0 res7=0 res8=0 Road=7 House=1 SmallHouse=2 BigHouse=1 | nw=1400775.9356
  s=  368 a= 25(BUILD:SuperHouse) r= -3.5803 cum=   -307.79 v= -0.5266 top5=[a35=0.030, a12=0.030, a17=0.029, a32=0.028, a8=0.028] [BUILD FAILED: SuperHouse money=3701 free=31]
    OBS: year=1 month=3 season=0 money=3701 credit=147260 people=31 busy=0 free=31 home_places=350 need_workers=0 tax_due=1 main_tax_due=0 tax_amount=6822 main_tax_amount=0 days_alive=365 stage=0 res0=0 res1=200 res2=0 res3=0 res4=0 res5=0 res6=0 res7=0 res8=0 Road=7 House=1 SmallHouse=2 BigHouse=1 | nw=1400775.9356
  s=  369 a=  7(BUILD:Sawmill) r= -3.5781 cum=   -311.37 v= -0.5256 top5=[a35=0.030, a12=0.030, a17=0.029, a32=0.028, a8=0.028] [BUILD FAILED: Sawmill money=3701 free=31]
    OBS: year=1 month=3 season=0 money=3701 credit=147260 people=31 busy=0 free=31 home_places=350 need_workers=0 tax_due=1 main_tax_due=0 tax_amount=6822 main_tax_amount=0 days_alive=365 stage=0 res0=0 res1=200 res2=0 res3=0 res4=0 res5=0 res6=0 res7=0 res8=0 Road=7 House=1 SmallHouse=2 BigHouse=1 | nw=1400775.9356
  s=  370 a=  4(BUILD:Garden) r= -3.1680 cum=   -314.54 v= -0.5246 top5=[a35=0.030, a12=0.030, a17=0.029, a32=0.028, a8=0.028] [BUILD FAILED: Garden money=3701 free=31]
    OBS: year=1 month=3 season=0 money=3701 credit=147260 people=31 busy=0 free=31 home_places=350 need_workers=0 tax_due=1 main_tax_due=0 tax_amount=6822 main_tax_amount=0 days_alive=365 stage=0 res0=0 res1=200 res2=0 res3=0 res4=0 res5=0 res6=0 res7=0 res8=0 Road=7 House=1 SmallHouse=2 BigHouse=1 | nw=1400775.9356
  s=  371 a=  2(BUILD:WaterChannel) r= -3.5748 cum=   -318.11 v= -0.5236 top5=[a35=0.030, a12=0.030, a17=0.029, a32=0.028, a8=0.028] [BUILD FAILED: WaterChannel money=3701 free=31]
    OBS: year=1 month=3 season=0 money=3701 credit=147260 people=31 busy=0 free=31 home_places=350 need_workers=0 tax_due=1 main_tax_due=0 tax_amount=6822 main_tax_amount=0 days_alive=365 stage=0 res0=0 res1=200 res2=0 res3=0 res4=0 res5=0 res6=0 res7=0 res8=0 Road=7 House=1 SmallHouse=2 BigHouse=1 | nw=1400775.9356
  s=  372 a=  4(BUILD:Garden) r= -3.3518 cum=   -321.46 v= -0.5226 top5=[a35=0.030, a12=0.030, a17=0.029, a32=0.028, a8=0.028] [BUILD FAILED: Garden money=3701 free=31]
    OBS: year=1 month=3 season=0 money=3701 credit=147260 people=31 busy=0 free=31 home_places=350 need_workers=0 tax_due=1 main_tax_due=0 tax_amount=6822 main_tax_amount=0 days_alive=365 stage=0 res0=0 res1=200 res2=0 res3=0 res4=0 res5=0 res6=0 res7=0 res8=0 Road=7 House=1 SmallHouse=2 BigHouse=1 | nw=1400775.9356
  s=  373 a=  6(BUILD:SmallHouse) r= -3.5711 cum=   -325.04 v= -0.5216 top5=[a35=0.030, a12=0.030, a17=0.029, a32=0.028, a8=0.028] [BUILD FAILED: SmallHouse money=3701 free=31]
    OBS: year=1 month=3 season=0 money=3701 credit=147260 people=31 busy=0 free=31 home_places=350 need_workers=0 tax_due=1 main_tax_due=0 tax_amount=6822 main_tax_amount=0 days_alive=365 stage=0 res0=0 res1=200 res2=0 res3=0 res4=0 res5=0 res6=0 res7=0 res8=0 Road=7 House=1 SmallHouse=2 BigHouse=1 | nw=1400775.9356
  s=  374 a=  0(DAY) r= -3.5690 cum=   -328.60 v= -0.5206 top5=[a35=0.030, a12=0.030, a17=0.029, a32=0.028, a8=0.028]
    OBS: year=1 month=3 season=0 money=3701 credit=147260 people=31 busy=0 free=31 home_places=350 need_workers=0 tax_due=1 main_tax_due=0 tax_amount=6822 main_tax_amount=0 days_alive=365 stage=0 res0=0 res1=200 res2=0 res3=0 res4=0 res5=0 res6=0 res7=0 res8=0 Road=7 House=1 SmallHouse=2 BigHouse=1 | nw=1400775.9356
  s=  375 a= 17(BUILD:HuntingLand) r= -3.5669 cum=   -332.17 v= -0.5197 top5=[a35=0.030, a12=0.030, a17=0.029, a32=0.028, a8=0.028] [BUILD FAILED: HuntingLand money=3701 free=31]
    OBS: year=1 month=3 season=0 money=3701 credit=147260 people=31 busy=0 free=31 home_places=350 need_workers=0 tax_due=1 main_tax_due=0 tax_amount=6822 main_tax_amount=0 days_alive=365 stage=0 res0=0 res1=200 res2=0 res3=0 res4=0 res5=0 res6=0 res7=0 res8=0 Road=7 House=1 SmallHouse=2 BigHouse=1 | nw=1400775.9356
  s=  376 a= 14(BUILD:Road) r= -3.5648 cum=   -335.74 v= -0.5187 top5=[a35=0.030, a12=0.030, a17=0.029, a8=0.028, a32=0.028] [BUILD FAILED: Road money=3701 free=31]
    OBS: year=1 month=3 season=0 money=3701 credit=147260 people=31 busy=0 free=31 home_places=350 need_workers=0 tax_due=1 main_tax_due=0 tax_amount=6822 main_tax_amount=0 days_alive=365 stage=0 res0=0 res1=200 res2=0 res3=0 res4=0 res5=0 res6=0 res7=0 res8=0 Road=7 House=1 SmallHouse=2 BigHouse=1 | nw=1400775.9356
  s=  377 a= 30(BUILD:BigIronmine) r= -3.5627 cum=   -339.30 v= -0.5178 top5=[a35=0.030, a12=0.030, a17=0.029, a8=0.028, a32=0.028] [BUILD FAILED: BigIronmine money=3701 free=31]
    OBS: year=1 month=3 season=0 money=3701 credit=147260 people=31 busy=0 free=31 home_places=350 need_workers=0 tax_due=1 main_tax_due=0 tax_amount=6822 main_tax_amount=0 days_alive=365 stage=0 res0=0 res1=200 res2=0 res3=0 res4=0 res5=0 res6=0 res7=0 res8=0 Road=7 House=1 SmallHouse=2 BigHouse=1 | nw=1400775.9356
  s=  378 a=  2(BUILD:WaterChannel) r= -3.5607 cum=   -342.86 v= -0.5168 top5=[a35=0.030, a12=0.030, a17=0.029, a8=0.028, a32=0.028] [BUILD FAILED: WaterChannel money=3701 free=31]
    OBS: year=1 month=3 season=0 money=3701 credit=147260 people=31 busy=0 free=31 home_places=350 need_workers=0 tax_due=1 main_tax_due=0 tax_amount=6822 main_tax_amount=0 days_alive=365 stage=0 res0=0 res1=200 res2=0 res3=0 res4=0 res5=0 res6=0 res7=0 res8=0 Road=7 House=1 SmallHouse=2 BigHouse=1 | nw=1400775.9356
  s=  379 a= 13(BUILD:HydroStation) r= -3.5587 cum=   -346.42 v= -0.5159 top5=[a35=0.030, a12=0.030, a17=0.029, a8=0.028, a32=0.028] [BUILD FAILED: HydroStation money=3701 free=31]
    OBS: year=1 month=3 season=0 money=3701 credit=147260 people=31 busy=0 free=31 home_places=350 need_workers=0 tax_due=1 main_tax_due=0 tax_amount=6822 main_tax_amount=0 days_alive=365 stage=0 res0=0 res1=200 res2=0 res3=0 res4=0 res5=0 res6=0 res7=0 res8=0 Road=7 House=1 SmallHouse=2 BigHouse=1 | nw=1400775.9356
  s=  380 a= 34(MANAGER:0) r= -3.5567 cum=   -349.98 v= -0.5149 top5=[a35=0.030, a12=0.030, a17=0.029, a8=0.028, a32=0.028]
    OBS: year=1 month=3 season=0 money=3701 credit=147260 people=31 busy=0 free=31 home_places=350 need_workers=0 tax_due=1 main_tax_due=0 tax_amount=6822 main_tax_amount=0 days_alive=365 stage=0 res0=0 res1=200 res2=0 res3=0 res4=0 res5=0 res6=0 res7=0 res8=0 Road=7 House=1 SmallHouse=2 BigHouse=1 | nw=1400775.9356
  s=  381 a=  1(WEEK) r= -3.5547 cum=   -353.53 v= -0.5140 top5=[a35=0.030, a12=0.030, a17=0.029, a8=0.028, a32=0.028]
    OBS: year=1 month=3 season=0 money=3701 credit=147260 people=31 busy=0 free=31 home_places=350 need_workers=0 tax_due=1 main_tax_due=0 tax_amount=6822 main_tax_amount=0 days_alive=365 stage=0 res0=0 res1=200 res2=0 res3=0 res4=0 res5=0 res6=0 res7=0 res8=0 Road=7 House=1 SmallHouse=2 BigHouse=1 | nw=1400775.9356
  s=  382 a= 16(BUILD:CoalCut) r= -3.5527 cum=   -357.08 v= -0.5131 top5=[a35=0.030, a12=0.030, a17=0.029, a8=0.028, a32=0.028] [BUILD FAILED: CoalCut money=3701 free=31]
    OBS: year=1 month=3 season=0 money=3701 credit=147260 people=31 busy=0 free=31 home_places=350 need_workers=0 tax_due=1 main_tax_due=0 tax_amount=6822 main_tax_amount=0 days_alive=365 stage=0 res0=0 res1=200 res2=0 res3=0 res4=0 res5=0 res6=0 res7=0 res8=0 Road=7 House=1 SmallHouse=2 BigHouse=1 | nw=1400775.9356
  s=  383 a= 32(BUILD:SmallAtomStation) r= -3.5508 cum=   -360.63 v= -0.5122 top5=[a35=0.030, a12=0.030, a17=0.029, a8=0.028, a32=0.028] [BUILD FAILED: SmallAtomStation money=3701 free=31]
    OBS: year=1 month=3 season=0 money=3701 credit=147260 people=31 busy=0 free=31 home_places=350 need_workers=0 tax_due=1 main_tax_due=0 tax_amount=6822 main_tax_amount=0 days_alive=365 stage=0 res0=0 res1=200 res2=0 res3=0 res4=0 res5=0 res6=0 res7=0 res8=0 Road=7 House=1 SmallHouse=2 BigHouse=1 | nw=1400775.9356
  s=  384 a= 20(BUILD:BigHouse) r= -3.5488 cum=   -364.18 v= -0.5113 top5=[a35=0.030, a12=0.030, a17=0.029, a8=0.028, a32=0.028] [BUILD FAILED: BigHouse money=3701 free=31]
    OBS: year=1 month=3 season=0 money=3701 credit=147260 people=31 busy=0 free=31 home_places=350 need_workers=0 tax_due=1 main_tax_due=0 tax_amount=6822 main_tax_amount=0 days_alive=365 stage=0 res0=0 res1=200 res2=0 res3=0 res4=0 res5=0 res6=0 res7=0 res8=0 Road=7 House=1 SmallHouse=2 BigHouse=1 | nw=1400775.9356
  s=  385 a= 14(BUILD:Road) r= -3.5469 cum=   -367.73 v= -0.5104 top5=[a35=0.030, a12=0.030, a17=0.029, a8=0.028, a32=0.028] [BUILD FAILED: Road money=3701 free=31]
    OBS: year=1 month=3 season=0 money=3701 credit=147260 people=31 busy=0 free=31 home_places=350 need_workers=0 tax_due=1 main_tax_due=0 tax_amount=6822 main_tax_amount=0 days_alive=365 stage=0 res0=0 res1=200 res2=0 res3=0 res4=0 res5=0 res6=0 res7=0 res8=0 Road=7 House=1 SmallHouse=2 BigHouse=1 | nw=1400775.9356
  s=  386 a= 12(BUILD:PowerStation) r= -2.0669 cum=   -369.80 v= -0.5095 top5=[a35=0.030, a12=0.030, a17=0.029, a8=0.028, a32=0.028] [BUILD FAILED: PowerStation money=3301 free=31]
    OBS: year=1 month=3 season=0 money=3301 credit=147260 people=31 busy=0 free=31 home_places=350 need_workers=0 tax_due=1 main_tax_due=0 tax_amount=6822 main_tax_amount=0 days_alive=365 stage=0 res0=0 res1=200 res2=0 res3=0 res4=0 res5=0 res6=0 res7=0 res8=0 Road=8 House=1 SmallHouse=2 BigHouse=1 | nw=1400775.9356
  s=  387 a= 13(BUILD:HydroStation) r= -6.0101 cum=   -375.81 v= -0.5759 top5=[a12=0.031, a35=0.031, a8=0.030, a32=0.030, a17=0.029] [BUILD FAILED: HydroStation money=82000 free=28]
    OBS: year=0 month=3 season=0 money=82000 credit=0 people=28 busy=0 free=28 home_places=50 need_workers=0 tax_due=0 main_tax_due=0 tax_amount=5106 main_tax_amount=0 days_alive=0 stage=0 res0=0 res1=0 res2=0 res3=0 res4=0 res5=0 res6=0 res7=0 res8=0 | nw=1532000.0000
  >>> Ep 3: reward=-375.81, steps=388
  >>> final: year=0 month=3 season=0 money=82000 credit=0 people=28 busy=0 free=28 home_places=50 need_workers=0 tax_due=0 main_tax_due=0 tax_amount=5106 main_tax_amount=0 days_alive=0 stage=0 res0=0 res1=0 res2=0 res3=0 res4=0 res5=0 res6=0 res7=0 res8=0 | nw=1532000.0000

======================================================================
SUMMARY
======================================================================
Episodes: 3
Total steps: 1166
Mean reward: -412.18
Max reward:  -375.81
Min reward:  -480.64
  Ep 1: -380.11
  Ep 2: -480.64
  Ep 3: -375.81

ACTION DISTRIBUTION (all 1166 steps)
  BUILD:SmallHouse    :    44 (3.8%)
  BUILD:BigFarm       :    41 (3.5%)
  BUILD:House         :    38 (3.3%)
  BUILD:Ironmine      :    36 (3.1%)
  BUILD:Garden        :    35 (3.0%)
  MANAGER:6           :    35 (3.0%)
  MANAGER:3           :    34 (2.9%)
  BUILD:SmallAtomStation:    34 (2.9%)
  MANAGER:1           :    31 (2.7%)
  BUILD:BigSawmill    :    31 (2.7%)
  BUILD:PowerStation  :    31 (2.7%)
  BUILD:CoalCut       :    31 (2.7%)
  BUILD:Torchlight    :    30 (2.6%)
  MANAGER:10          :    28 (2.4%)
  MANAGER:4           :    27 (2.3%)
  BUILD:HuntingLand   :    27 (2.3%)
  BUILD:Apiary        :    27 (2.3%)
  DAY                 :    27 (2.3%)
  BUILD:HydroStation  :    27 (2.3%)
  BUILD:SuperHouse    :    26 (2.2%)
  BUILD:Coalmine      :    25 (2.1%)
  BUILD:Puerperal     :    25 (2.1%)
  BUILD:Road          :    25 (2.1%)
  BUILD:Goldmine      :    24 (2.1%)
  WEEK                :    24 (2.1%)
  BUILD:BigIronmine   :    24 (2.1%)
  MANAGER:2           :    24 (2.1%)
  BUILD:Sawmill       :    23 (2.0%)
  BUILD:AtomStation   :    23 (2.0%)
  MANAGER:7           :    23 (2.0%)
  BUILD:CowFarm       :    22 (1.9%)
  BUILD:Fish          :    22 (1.9%)
  BUILD:Refinery      :    22 (1.9%)
  BUILD:Hothouse      :    22 (1.9%)
  BUILD:AirStation    :    21 (1.8%)
  BUILD:WaterMill     :    20 (1.7%)
  BUILD:Farm          :    20 (1.7%)
  BUILD:BigRefinary   :    20 (1.7%)
  BUILD:BigHouse      :    19 (1.6%)
  BUILD:WaterChannel  :    19 (1.6%)
  MANAGER:0           :    19 (1.6%)
  MANAGER:5           :    17 (1.5%)
  MANAGER:8           :    16 (1.4%)
  BUILD:Mushroom      :    15 (1.3%)
  MANAGER:9           :    12 (1.0%)
