======================================================================
EPISODE 1
======================================================================
init: year=0 month=3 season=0 money=82000 credit=0 people=28 busy=0 free=28 home_places=50 need_workers=0 tax_due=0 main_tax_due=0 tax_amount=5106 main_tax_amount=0 days_alive=0 stage=0 res0=0 res1=0 res2=0 res3=0 res4=0 res5=0 res6=0 res7=0 res8=0 | nw=1532000.0000
  s=    0 a= 22(BUILD:Apiary) r=+10.0000 cum=    +10.00 v= +6.8103 top5=[a43=0.030, a30=0.029, a15=0.028, a24=0.027, a36=0.026] [BUILD: Apiary]
    state: year=0 month=3 season=0 money=72615 credit=0 people=28 busy=0 free=28 home_places=50 need_workers=0 tax_due=0 main_tax_due=0 tax_amount=5526 main_tax_amount=0 days_alive=1 stage=0 res0=0 res1=0 res2=0 res3=0 res4=0 res5=0 res6=0 res7=0 res8=0 Apiary=1 | nw=1532000.0000
  s=    1 a= 43(MANAGER:9) r= -0.1263 cum=     +9.87 v= +7.8588 top5=[a43=0.031, a15=0.030, a30=0.029, a39=0.028, a8=0.027]
  s=    2 a=  6(BUILD:SmallHouse) r= -2.2845 cum=     +7.59 v= +6.3593 top5=[a43=0.029, a15=0.028, a30=0.027, a8=0.026, a39=0.026] [BUILD FAILED: SmallHouse]
  s=    3 a= 37(MANAGER:3) r= -0.1379 cum=     +7.45 v= +5.5540 top5=[a43=0.029, a15=0.027, a30=0.027, a8=0.026, a39=0.026]
  s=    4 a= 15(BUILD:Fish) r= -0.1492 cum=     +7.30 v= +5.0346 top5=[a43=0.028, a15=0.027, a30=0.026, a8=0.025, a39=0.025] [BUILD: Fish]
  s=    5 a= 21(BUILD:BigFarm) r= -2.6442 cum=     +4.66 v= +4.6792 top5=[a43=0.028, a15=0.026, a30=0.026, a8=0.025, a39=0.025] [BUILD FAILED: BigFarm]
  s=    6 a= 27(BUILD:WaterMill) r= -0.1614 cum=     +4.50 v= +4.4334 top5=[a43=0.027, a15=0.026, a30=0.025, a8=0.025, a39=0.025] [BUILD: WaterMill]
  s=    7 a= 23(BUILD:Torchlight) r= -0.1708 cum=     +4.33 v= +4.2588 top5=[a43=0.027, a15=0.026, a30=0.025, a8=0.025, a39=0.025] [BUILD: Torchlight]
  s=    8 a= 32(BUILD:SmallAtomStation) r= -2.9954 cum=     +1.33 v= +4.1281 top5=[a43=0.027, a15=0.026, a30=0.025, a8=0.025, a39=0.025] [BUILD FAILED: SmallAtomStation]
  s=    9 a= 20(BUILD:BigHouse) r= +0.9783 cum=     +2.31 v= +4.0286 top5=[a43=0.027, a15=0.026, a30=0.025, a8=0.025, a39=0.024] [BUILD: BigHouse]
  s=   10 a= 17(BUILD:HuntingLand) r= -0.1876 cum=     +2.12 v= +8.0643 top5=[a43=0.032, a8=0.030, a39=0.029, a18=0.028, a15=0.028] [BUILD: HuntingLand]
  s=   11 a= 29(BUILD:Puerperal) r= -3.2518 cum=     -1.13 v= +5.5925 top5=[a43=0.029, a15=0.027, a8=0.026, a39=0.026, a30=0.025] [BUILD FAILED: Puerperal]
  s=   12 a= 17(BUILD:HuntingLand) r= -0.1941 cum=     -1.32 v= +5.3405 top5=[a43=0.028, a15=0.026, a8=0.026, a39=0.025, a30=0.025] [BUILD: HuntingLand]
  s=   13 a=  2(BUILD:WaterChannel) r= -0.0788 cum=     -1.40 v= +5.2166 top5=[a43=0.028, a15=0.026, a8=0.025, a30=0.025, a39=0.025] [BUILD: WaterChannel]
  s=   14 a= 26(BUILD:BigSawmill) r= -3.4583 cum=     -4.86 v= +5.1245 top5=[a43=0.028, a15=0.026, a8=0.025, a30=0.025, a39=0.025] [BUILD FAILED: BigSawmill]
  s=   15 a= 10(BUILD:Refinery) r= -0.2058 cum=     -5.07 v= +5.0507 top5=[a43=0.028, a15=0.026, a8=0.025, a30=0.025, a39=0.025] [BUILD: Refinery]
  s=   16 a= 36(MANAGER:2) r= -0.2118 cum=     -5.28 v= +4.9906 top5=[a43=0.028, a15=0.026, a8=0.025, a30=0.025, a39=0.025]
  s=   17 a= 30(BUILD:BigIronmine) r= -3.6263 cum=     -8.91 v= +4.9404 top5=[a43=0.028, a15=0.026, a8=0.025, a30=0.025, a39=0.025] [BUILD FAILED: BigIronmine]
  s=   18 a=  4(BUILD:Garden) r= -0.2154 cum=     -9.12 v= +4.8984 top5=[a43=0.028, a15=0.026, a8=0.025, a39=0.025, a30=0.025] [BUILD: Garden]
  s=   19 a= 20(BUILD:BigHouse) r= -0.2207 cum=     -9.34 v= +4.8615 top5=[a43=0.028, a15=0.026, a8=0.025, a39=0.025, a30=0.025] [BUILD: BigHouse]
  s=   20 a= 21(BUILD:BigFarm) r= -3.7372 cum=    -13.08 v= +4.8286 top5=[a43=0.028, a15=0.026, a8=0.025, a39=0.025, a30=0.025] [BUILD FAILED: BigFarm]
  s=   21 a= 23(BUILD:Torchlight) r= -0.2235 cum=    -13.30 v= +4.7987 top5=[a43=0.028, a15=0.026, a8=0.025, a39=0.025, a30=0.025] [BUILD: Torchlight]
  s=   22 a= 41(MANAGER:7) r= -0.6087 cum=    -13.91 v= +4.7713 top5=[a43=0.028, a15=0.026, a8=0.025, a39=0.025, a30=0.025]
  s=   23 a=  2(BUILD:WaterChannel) r= -3.8826 cum=    -17.79 v= +9.1316 top5=[a43=0.032, a8=0.030, a39=0.028, a15=0.027, a30=0.027] [BUILD FAILED: WaterChannel]
  s=   24 a= 26(BUILD:BigSawmill) r= -0.2055 cum=    -18.00 v= +7.5168 top5=[a43=0.031, a8=0.029, a15=0.027, a39=0.026, a30=0.026] [BUILD: BigSawmill]
  s=   25 a= 25(BUILD:SuperHouse) r= -0.2459 cum=    -18.25 v=+11.5513 top5=[a43=0.033, a8=0.032, a15=0.029, a39=0.027, a14=0.027] [BUILD: SuperHouse]
  s=   26 a=  6(BUILD:SmallHouse) r= -3.9788 cum=    -22.22 v=+10.6158 top5=[a43=0.034, a8=0.034, a15=0.032, a14=0.029, a39=0.028] [BUILD FAILED: SmallHouse]
  s=   27 a= 39(MANAGER:5) r= -0.2473 cum=    -22.47 v= +9.1415 top5=[a43=0.032, a8=0.032, a15=0.031, a17=0.027, a14=0.027]
  s=   28 a=  8(BUILD:Coalmine) r= -0.2475 cum=    -22.72 v= +8.3619 top5=[a43=0.031, a8=0.031, a15=0.030, a17=0.027, a14=0.026] [BUILD: Coalmine]
  s=   29 a= 25(BUILD:SuperHouse) r= -4.0600 cum=    -26.78 v= +7.8603 top5=[a43=0.031, a8=0.030, a15=0.030, a17=0.026, a14=0.026] [BUILD FAILED: SuperHouse]
  s=   30 a= 32(BUILD:SmallAtomStation) r= -0.2485 cum=    -27.03 v= +7.5079 top5=[a43=0.030, a8=0.029, a15=0.029, a17=0.026, a30=0.026] [BUILD: SmallAtomStation]
  s=   31 a=  9(BUILD:Ironmine) r= -0.2521 cum=    -27.28 v= +5.6084 top5=[a43=0.027, a15=0.027, a8=0.027, a17=0.025, a24=0.025] [BUILD: Ironmine]
  s=   32 a=  8(BUILD:Coalmine) r= -4.1289 cum=    -31.41 v= +5.3815 top5=[a43=0.027, a15=0.027, a8=0.026, a17=0.025, a24=0.025] [BUILD FAILED: Coalmine]
  s=   33 a=  7(BUILD:Sawmill) r= -0.2567 cum=    -31.67 v= +5.1915 top5=[a43=0.027, a15=0.027, a8=0.026, a24=0.025, a17=0.025] [BUILD: Sawmill]
  s=   34 a= 13(BUILD:HydroStation) r= -0.2561 cum=    -31.92 v= +5.0289 top5=[a43=0.027, a15=0.026, a8=0.026, a24=0.025, a17=0.025] [BUILD: HydroStation]
  s=   35 a= 30(BUILD:BigIronmine) r= -4.1879 cum=    -36.11 v= +4.8942 top5=[a43=0.027, a15=0.026, a8=0.026, a17=0.025, a24=0.025] [BUILD FAILED: BigIronmine]
  s=   36 a=  4(BUILD:Garden) r= -0.2524 cum=    -36.36 v= +4.7767 top5=[a43=0.027, a15=0.026, a8=0.026, a17=0.025, a24=0.025] [BUILD: Garden]
  s=   37 a= 26(BUILD:BigSawmill) r= -0.2595 cum=    -36.62 v= +4.6819 top5=[a43=0.027, a15=0.026, a8=0.026, a17=0.025, a24=0.025] [BUILD: BigSawmill]
  s=   38 a= 32(BUILD:SmallAtomStation) r= -4.2386 cum=    -40.86 v= +4.6310 top5=[a43=0.027, a15=0.026, a8=0.026, a17=0.025, a24=0.025] [BUILD FAILED: SmallAtomStation]
  s=   39 a= 22(BUILD:Apiary) r= -0.2596 cum=    -41.12 v= +4.6010 top5=[a43=0.027, a15=0.026, a8=0.026, a17=0.025, a24=0.025] [BUILD: Apiary]
  s=   40 a= 11(BUILD:Goldmine) r= -0.2624 cum=    -41.38 v= +4.5791 top5=[a43=0.027, a15=0.026, a8=0.026, a17=0.025, a24=0.025] [BUILD: Goldmine]
  s=   41 a=  5(BUILD:House) r= -4.2826 cum=    -45.66 v= +4.5636 top5=[a43=0.027, a8=0.026, a15=0.026, a17=0.025, a24=0.025] [BUILD FAILED: House]
  s=   42 a=  9(BUILD:Ironmine) r= -0.2623 cum=    -45.93 v= +4.5533 top5=[a43=0.027, a8=0.026, a15=0.026, a17=0.025, a24=0.025] [BUILD: Ironmine]
  s=   43 a= 24(BUILD:Hothouse) r= -0.2650 cum=    -46.19 v= +4.5526 top5=[a43=0.027, a8=0.026, a15=0.026, a17=0.025, a24=0.024] [BUILD: Hothouse]
  s=   44 a= 18(BUILD:CowFarm) r= -4.3210 cum=    -50.51 v= +4.5584 top5=[a43=0.027, a8=0.026, a15=0.026, a17=0.025, a24=0.024] [BUILD FAILED: CowFarm]
  s=   45 a= 44(MANAGER:10) r= +0.3765 cum=    -50.14 v= +4.5731 top5=[a43=0.027, a8=0.026, a15=0.026, a17=0.025, a24=0.024]
  s=   46 a= 12(BUILD:PowerStation) r= +0.7879 cum=    -49.35 v= +4.6005 top5=[a43=0.027, a8=0.026, a15=0.026, a17=0.025, a24=0.024] [BUILD: PowerStation]
  s=   47 a= 31(BUILD:AirStation) r= -0.2676 cum=    -49.62 v= +4.2986 top5=[a43=0.027, a15=0.026, a8=0.026, a17=0.024, a24=0.024] [BUILD: AirStation]
  s=   48 a=  1(WEEK) r= -4.2446 cum=    -53.86 v= +4.3304 top5=[a43=0.027, a15=0.026, a8=0.026, a17=0.024, a24=0.024]
  s=   49 a=  8(BUILD:Coalmine) r= -0.2675 cum=    -54.13 v= +5.2666 top5=[a43=0.028, a8=0.027, a15=0.027, a17=0.025, a30=0.025] [BUILD: Coalmine]
  s=   50 a= 43(MANAGER:9) r= -0.2698 cum=    -54.40 v= +5.3052 top5=[a43=0.028, a8=0.027, a15=0.027, a17=0.025, a30=0.025]
    state: year=0 month=4 season=0 money=5015 credit=0 people=28 busy=0 free=28 home_places=50 need_workers=5 tax_due=0 main_tax_due=0 tax_amount=5954 main_tax_amount=0 days_alive=57 stage=0 res0=0 res1=400 res2=0 res3=0 res4=0 res5=0 res6=0 res7=0 res8=0 Road=1 BigHouse=1 Apiary=1 | nw=1531468.5069
  s=   51 a=  8(BUILD:Coalmine) r= -4.3934 cum=    -58.79 v= +5.3463 top5=[a43=0.028, a8=0.027, a15=0.027, a17=0.025, a30=0.025] [BUILD FAILED: Coalmine]
  s=   52 a=  9(BUILD:Ironmine) r= -0.2693 cum=    -59.06 v= +5.3863 top5=[a43=0.028, a8=0.027, a15=0.027, a17=0.025, a30=0.025] [BUILD: Ironmine]
  s=   53 a= 34(MANAGER:0) r= -0.2714 cum=    -59.33 v= +5.4229 top5=[a43=0.028, a8=0.027, a15=0.027, a17=0.025, a30=0.025]
  s=   54 a= 31(BUILD:AirStation) r= -4.4172 cum=    -63.75 v= +5.4558 top5=[a43=0.028, a8=0.027, a15=0.027, a17=0.025, a30=0.025] [BUILD FAILED: AirStation]
  s=   55 a= 21(BUILD:BigFarm) r= -0.2708 cum=    -64.02 v= +4.1000 top5=[a43=0.026, a8=0.025, a15=0.025, a24=0.024, a23=0.024] [BUILD: BigFarm]
  s=   56 a= 41(MANAGER:7) r= -0.2729 cum=    -64.29 v= +4.0330 top5=[a43=0.026, a8=0.025, a15=0.025, a24=0.024, a23=0.024]
  s=   57 a= 38(MANAGER:4) r= -2.9381 cum=    -67.23 v= +3.9671 top5=[a43=0.026, a8=0.025, a15=0.025, a24=0.024, a17=0.024]
  s=   58 a=  4(BUILD:Garden) r= -0.2757 cum=    -67.51 v= +4.9564 top5=[a15=0.026, a43=0.026, a8=0.025, a11=0.025, a27=0.024] [BUILD: Garden]
  s=   59 a= 35(MANAGER:1) r= +0.3444 cum=    -67.16 v= +4.9072 top5=[a15=0.026, a43=0.026, a8=0.025, a11=0.025, a27=0.024]
  s=   60 a=  7(BUILD:Sawmill) r= -4.5042 cum=    -71.67 v= +4.9045 top5=[a43=0.026, a15=0.026, a8=0.025, a11=0.024, a27=0.024] [BUILD FAILED: Sawmill]
  s=   61 a= 44(MANAGER:10) r= +0.3925 cum=    -71.27 v= +4.8645 top5=[a43=0.026, a15=0.026, a8=0.025, a11=0.024, a18=0.024]
  s=   62 a= 15(BUILD:Fish) r= -0.2772 cum=    -71.55 v= +4.8278 top5=[a43=0.026, a15=0.026, a8=0.025, a11=0.024, a18=0.024] [BUILD: Fish]
  s=   63 a= 17(BUILD:HuntingLand) r= -4.5061 cum=    -76.06 v= +4.8073 top5=[a43=0.026, a15=0.026, a8=0.025, a11=0.024, a18=0.024] [BUILD FAILED: HuntingLand]
  s=   64 a=  7(BUILD:Sawmill) r= -0.2763 cum=    -76.33 v= +4.8096 top5=[a43=0.026, a15=0.026, a8=0.025, a18=0.024, a11=0.024] [BUILD: Sawmill]
  s=   65 a=  7(BUILD:Sawmill) r= -0.2738 cum=    -76.61 v= +4.8181 top5=[a43=0.026, a15=0.026, a8=0.025, a18=0.024, a17=0.024] [BUILD: Sawmill]
  s=   66 a= 27(BUILD:WaterMill) r= -4.5187 cum=    -81.13 v= +4.8319 top5=[a43=0.026, a15=0.026, a8=0.025, a18=0.024, a17=0.024] [BUILD FAILED: WaterMill]
  s=   67 a= 35(MANAGER:1) r= +0.2061 cum=    -80.92 v= +4.8479 top5=[a43=0.027, a15=0.026, a8=0.025, a18=0.024, a17=0.024]
  s=   68 a=  9(BUILD:Ironmine) r= -0.2785 cum=    -81.20 v= +4.8751 top5=[a43=0.027, a15=0.026, a8=0.025, a18=0.024, a17=0.024] [BUILD: Ironmine]
  s=   69 a= 33(BUILD:AtomStation) r= -4.5233 cum=    -85.72 v= +4.8953 top5=[a43=0.027, a15=0.026, a8=0.026, a18=0.024, a17=0.024] [BUILD FAILED: AtomStation]
  s=   70 a= 22(BUILD:Apiary) r= -0.2776 cum=    -86.00 v= +4.9170 top5=[a43=0.027, a15=0.026, a8=0.026, a18=0.024, a17=0.024] [BUILD: Apiary]
  s=   71 a= 41(MANAGER:7) r= -0.2749 cum=    -86.27 v= +4.9397 top5=[a43=0.027, a15=0.026, a8=0.026, a18=0.024, a17=0.024]
  s=   72 a= 19(BUILD:Mushroom) r= -4.5345 cum=    -90.81 v= +4.9658 top5=[a43=0.027, a15=0.026, a8=0.026, a18=0.024, a17=0.024] [BUILD FAILED: Mushroom]
  s=   73 a=  6(BUILD:SmallHouse) r= -0.2784 cum=    -91.09 v= +5.0010 top5=[a43=0.027, a15=0.026, a8=0.026, a18=0.024, a17=0.024] [BUILD: SmallHouse]
  s=   74 a= 14(BUILD:Road) r= -0.2800 cum=    -91.37 v= +5.0441 top5=[a43=0.028, a15=0.026, a8=0.026, a18=0.025, a17=0.024] [BUILD: Road]
  s=   75 a= 10(BUILD:Refinery) r= -4.5448 cum=    -95.91 v= +5.0875 top5=[a43=0.028, a15=0.026, a8=0.026, a18=0.025, a39=0.024] [BUILD FAILED: Refinery]
  s=   76 a= 22(BUILD:Apiary) r= -0.2792 cum=    -96.19 v= +5.1317 top5=[a43=0.028, a15=0.026, a8=0.026, a39=0.025, a18=0.025] [BUILD: Apiary]
  s=   77 a= 14(BUILD:Road) r= -0.2806 cum=    -96.47 v= +5.1858 top5=[a43=0.028, a15=0.026, a8=0.026, a39=0.025, a18=0.025] [BUILD: Road]
  s=   78 a= 18(BUILD:CowFarm) r= -4.5544 cum=   -101.03 v= +5.2581 top5=[a43=0.028, a15=0.026, a8=0.026, a39=0.025, a18=0.025] [BUILD FAILED: CowFarm]
  s=   79 a= 16(BUILD:CoalCut) r= -0.2798 cum=   -101.31 v= +5.3292 top5=[a43=0.028, a15=0.026, a8=0.026, a39=0.025, a18=0.025] [BUILD: CoalCut]
  s=   80 a=  3(BUILD:Farm) r= -0.2856 cum=   -101.59 v= +5.3974 top5=[a43=0.028, a15=0.026, a8=0.026, a39=0.025, a18=0.025] [BUILD: Farm]
  s=   81 a= 24(BUILD:Hothouse) r= -4.5634 cum=   -106.15 v= +5.4476 top5=[a43=0.028, a8=0.026, a15=0.026, a39=0.025, a18=0.025] [BUILD FAILED: Hothouse]
  s=   82 a=  4(BUILD:Garden) r= -0.2805 cum=   -106.44 v= +5.4984 top5=[a43=0.028, a8=0.026, a15=0.026, a39=0.025, a17=0.025] [BUILD: Garden]
  s=   83 a= 42(MANAGER:8) r= -0.1683 cum=   -106.60 v= +5.5506 top5=[a43=0.029, a8=0.026, a15=0.026, a39=0.025, a17=0.025]
  s=   84 a=  5(BUILD:House) r= -4.5704 cum=   -111.17 v= +8.4818 top5=[a43=0.035, a15=0.029, a25=0.028, a9=0.027, a11=0.027] [BUILD FAILED: House]
  s=   85 a= 42(MANAGER:8) r= -0.5087 cum=   -111.68 v= +8.3167 top5=[a43=0.035, a15=0.029, a25=0.028, a9=0.027, a11=0.027]
  s=   86 a= 13(BUILD:HydroStation) r= +4.5478 cum=   -107.13 v= +6.3390 top5=[a11=0.094, a43=0.080, a34=0.055, a24=0.049, a27=0.043] [BUILD: HydroStation]
  s=   87 a=  2(BUILD:WaterChannel) r= +4.2745 cum=   -102.86 v= +9.5190 top5=[a43=0.072, a11=0.059, a34=0.050, a27=0.041, a24=0.035] [BUILD: WaterChannel]
  s=   88 a=  6(BUILD:SmallHouse) r= -0.9160 cum=   -103.78 v=+10.3011 top5=[a43=0.064, a11=0.046, a34=0.046, a27=0.037, a15=0.031] [BUILD: SmallHouse]
  s=   89 a= 25(BUILD:SuperHouse) r= -4.3252 cum=   -108.10 v= +9.7309 top5=[a43=0.058, a34=0.042, a11=0.040, a27=0.035, a14=0.030] [BUILD FAILED: SuperHouse]
  s=   90 a= 20(BUILD:BigHouse) r= -2.7018 cum=   -110.80 v= +9.3829 top5=[a43=0.055, a34=0.039, a11=0.036, a27=0.033, a14=0.029] [BUILD FAILED: BigHouse]
  s=   91 a= 10(BUILD:Refinery) r= -0.9229 cum=   -111.73 v=+10.0506 top5=[a43=0.052, a34=0.040, a11=0.036, a39=0.032, a27=0.031] [BUILD: Refinery]
  s=   92 a= 39(MANAGER:5) r= -3.5350 cum=   -115.26 v= +9.6381 top5=[a43=0.050, a34=0.038, a11=0.035, a39=0.032, a16=0.030]
  s=   93 a= 30(BUILD:BigIronmine) r= -0.0627 cum=   -115.32 v= +7.3312 top5=[a43=0.047, a34=0.036, a11=0.033, a39=0.031, a41=0.029] [BUILD: BigIronmine]
  s=   94 a= 22(BUILD:Apiary) r= -0.9370 cum=   -116.26 v= +7.0639 top5=[a43=0.045, a34=0.035, a11=0.033, a39=0.031, a41=0.029] [BUILD: Apiary]
  s=   95 a= 24(BUILD:Hothouse) r= -4.3797 cum=   -120.64 v= +6.8361 top5=[a43=0.044, a34=0.034, a11=0.032, a39=0.031, a41=0.029] [BUILD FAILED: Hothouse]
  s=   96 a= 40(MANAGER:6) r= -0.4066 cum=   -121.05 v= +6.6311 top5=[a43=0.044, a34=0.033, a11=0.032, a39=0.031, a41=0.029]
  s=   97 a= 19(BUILD:Mushroom) r= -0.9451 cum=   -121.99 v= +6.4543 top5=[a43=0.043, a34=0.033, a39=0.031, a11=0.031, a41=0.029] [BUILD: Mushroom]
  s=   98 a= 36(MANAGER:2) r= -4.4004 cum=   -126.39 v= +6.2842 top5=[a43=0.043, a34=0.032, a39=0.031, a11=0.031, a41=0.029]
  s=   99 a= 44(MANAGER:10) r= -0.2915 cum=   -126.68 v= +6.1055 top5=[a43=0.042, a34=0.032, a39=0.031, a11=0.030, a41=0.028]
  s=  100 a= 39(MANAGER:5) r= -0.9528 cum=   -127.64 v= +5.9837 top5=[a43=0.042, a39=0.032, a34=0.031, a11=0.030, a41=0.028]
    state: year=0 month=6 season=1 money=4806 credit=103448 people=28 busy=0 free=28 home_places=50 need_workers=5 tax_due=0 main_tax_due=0 tax_amount=7218 main_tax_amount=0 days_alive=107 stage=0 res0=0 res1=200 res2=0 res3=0 res4=0 res5=0 res6=0 res7=0 res8=0 Farm=1 Road=1 House=1 BigHouse=2 Apiary=1 | nw=1527983.3977
  s=  101 a=  8(BUILD:Coalmine) r= -4.4190 cum=   -132.06 v= +5.8726 top5=[a43=0.041, a39=0.032, a34=0.031, a11=0.030, a41=0.028] [BUILD FAILED: Coalmine]
  s=  102 a= 22(BUILD:Apiary) r= -0.9519 cum=   -133.01 v= +5.7714 top5=[a43=0.041, a39=0.032, a34=0.030, a11=0.030, a41=0.028] [BUILD: Apiary]
  s=  103 a= 43(MANAGER:9) r= +4.4196 cum=   -128.59 v= +5.9093 top5=[a43=0.040, a39=0.033, a34=0.031, a11=0.030, a19=0.027]
  s=  104 a= 21(BUILD:BigFarm) r= -4.3139 cum=   -132.90 v= +6.8480 top5=[a43=0.040, a39=0.034, a34=0.030, a11=0.029, a18=0.027] [BUILD FAILED: BigFarm]
  s=  105 a=  4(BUILD:Garden) r= -0.9455 cum=   -133.85 v= +6.7287 top5=[a43=0.040, a39=0.034, a34=0.029, a11=0.029, a18=0.027] [BUILD: Garden]
  s=  106 a= 30(BUILD:BigIronmine) r= -0.9503 cum=   -134.80 v= +6.6067 top5=[a43=0.039, a39=0.035, a11=0.029, a34=0.029, a6=0.027] [BUILD: BigIronmine]
  s=  107 a=  3(BUILD:Farm) r= -4.3378 cum=   -139.14 v= +6.4922 top5=[a43=0.039, a39=0.035, a11=0.029, a34=0.029, a6=0.027] [BUILD FAILED: Farm]
  s=  108 a= 20(BUILD:BigHouse) r= -0.9543 cum=   -140.09 v= +6.3713 top5=[a43=0.039, a39=0.035, a11=0.029, a34=0.028, a6=0.027] [BUILD: BigHouse]
  s=  109 a= 30(BUILD:BigIronmine) r= -0.9573 cum=   -141.05 v= +6.2498 top5=[a43=0.039, a39=0.035, a11=0.029, a34=0.028, a6=0.027] [BUILD: BigIronmine]
  s=  110 a=  4(BUILD:Garden) r= -4.3606 cum=   -145.41 v= +6.1257 top5=[a43=0.039, a39=0.035, a11=0.029, a34=0.028, a6=0.027] [BUILD FAILED: Garden]
  s=  111 a= 38(MANAGER:4) r= +0.7730 cum=   -144.64 v= +6.0125 top5=[a43=0.039, a39=0.035, a11=0.029, a34=0.028, a6=0.027]
  s=  112 a=  7(BUILD:Sawmill) r= +4.3490 cum=   -140.29 v= +5.3329 top5=[a34=0.042, a43=0.041, a17=0.033, a11=0.033, a30=0.033] [BUILD: Sawmill]
  s=  113 a= 21(BUILD:BigFarm) r= -4.2589 cum=   -144.55 v= +6.4160 top5=[a43=0.043, a34=0.037, a30=0.036, a11=0.033, a39=0.032] [BUILD FAILED: BigFarm]
  s=  114 a=  3(BUILD:Farm) r= -0.9490 cum=   -145.49 v= +6.6526 top5=[a43=0.043, a39=0.033, a30=0.033, a11=0.032, a34=0.031] [BUILD: Farm]
  s=  115 a= 43(MANAGER:9) r= -0.9523 cum=   -146.45 v= +6.8225 top5=[a43=0.043, a39=0.033, a30=0.032, a11=0.032, a17=0.029]
  s=  116 a= 27(BUILD:WaterMill) r= -4.2827 cum=   -150.73 v= +5.7761 top5=[a43=0.036, a39=0.031, a34=0.031, a30=0.030, a18=0.028] [BUILD FAILED: WaterMill]
  s=  117 a= 23(BUILD:Torchlight) r= -0.9578 cum=   -151.69 v= +5.8462 top5=[a43=0.036, a39=0.031, a30=0.030, a34=0.029, a18=0.028] [BUILD: Torchlight]
  s=  118 a= 28(BUILD:BigRefinary) r= -0.9643 cum=   -152.65 v= +5.8620 top5=[a43=0.036, a39=0.031, a30=0.030, a34=0.029, a18=0.028] [BUILD: BigRefinary]
  s=  119 a= 40(MANAGER:6) r= -4.3056 cum=   -156.96 v= +5.8703 top5=[a43=0.036, a39=0.031, a30=0.030, a34=0.028, a18=0.028]
  s=  120 a= 43(MANAGER:9) r= -0.9664 cum=   -157.92 v= +5.8789 top5=[a43=0.036, a39=0.031, a30=0.030, a34=0.028, a18=0.028]
  s=  121 a= 43(MANAGER:9) r= -0.9729 cum=   -158.90 v= +5.8876 top5=[a43=0.036, a39=0.031, a30=0.030, a18=0.028, a34=0.027]
  s=  122 a= 17(BUILD:HuntingLand) r= -4.3276 cum=   -163.22 v= +5.8984 top5=[a43=0.036, a39=0.031, a30=0.030, a18=0.027, a34=0.027] [BUILD FAILED: HuntingLand]
  s=  123 a= 18(BUILD:CowFarm) r= -0.9770 cum=   -164.20 v= +5.9035 top5=[a43=0.036, a39=0.031, a30=0.030, a18=0.027, a11=0.027] [BUILD: CowFarm]
  s=  124 a= 37(MANAGER:3) r= -4.3320 cum=   -168.53 v= +5.9059 top5=[a43=0.035, a39=0.031, a30=0.030, a18=0.027, a11=0.027]
  s=  125 a= 32(BUILD:SmallAtomStation) r= -4.3200 cum=   -172.85 v= +6.2062 top5=[a43=0.035, a34=0.030, a39=0.030, a11=0.029, a30=0.027] [BUILD FAILED: SmallAtomStation]
  s=  126 a=  5(BUILD:House) r= -0.9782 cum=   -173.83 v= +4.2236 top5=[a8=0.036, a25=0.034, a44=0.034, a21=0.034, a17=0.034] [BUILD: House]
  s=  127 a= 24(BUILD:Hothouse) r= -0.9824 cum=   -174.81 v= +4.6566 top5=[a8=0.034, a43=0.034, a17=0.032, a44=0.031, a21=0.030] [BUILD: Hothouse]
  s=  128 a= 23(BUILD:Torchlight) r= -4.3416 cum=   -179.15 v= +4.8767 top5=[a43=0.034, a8=0.032, a17=0.031, a41=0.029, a44=0.029] [BUILD FAILED: Torchlight]
  s=  129 a= 40(MANAGER:6) r= -0.9855 cum=   -180.14 v= +5.0970 top5=[a43=0.035, a8=0.031, a17=0.030, a39=0.029, a41=0.029]
  s=  130 a=  6(BUILD:SmallHouse) r= -0.9929 cum=   -181.13 v= +5.2603 top5=[a43=0.035, a8=0.031, a17=0.030, a39=0.030, a11=0.029] [BUILD: SmallHouse]
  s=  131 a= 10(BUILD:Refinery) r= -4.3624 cum=   -185.50 v= +5.4410 top5=[a43=0.035, a8=0.030, a39=0.030, a17=0.030, a11=0.029] [BUILD FAILED: Refinery]
  s=  132 a= 21(BUILD:BigFarm) r= -0.9960 cum=   -186.49 v= +5.5651 top5=[a43=0.035, a39=0.030, a8=0.030, a17=0.030, a11=0.029] [BUILD: BigFarm]
  s=  133 a= 23(BUILD:Torchlight) r= -1.0012 cum=   -187.49 v= +5.6285 top5=[a43=0.035, a39=0.031, a17=0.030, a8=0.030, a11=0.029] [BUILD FAILED: Torchlight]
  s=  134 a= 39(MANAGER:5) r= -4.3825 cum=   -191.88 v= +5.6627 top5=[a43=0.035, a39=0.031, a17=0.030, a8=0.029, a11=0.029]
  s=  135 a= 24(BUILD:Hothouse) r= -1.0016 cum=   -192.88 v= +5.6767 top5=[a43=0.035, a39=0.031, a17=0.030, a11=0.029, a8=0.029] [BUILD FAILED: Hothouse]
  s=  136 a= 33(BUILD:AtomStation) r= -1.0094 cum=   -193.89 v= +5.6723 top5=[a43=0.035, a39=0.031, a17=0.030, a11=0.029, a8=0.029] [BUILD FAILED: AtomStation]
  s=  137 a= 17(BUILD:HuntingLand) r= -4.4019 cum=   -198.29 v= +5.6552 top5=[a43=0.036, a39=0.031, a17=0.030, a11=0.029, a8=0.028] [BUILD FAILED: HuntingLand]
  s=  138 a=  7(BUILD:Sawmill) r= -1.0095 cum=   -199.30 v= +5.6237 top5=[a43=0.036, a39=0.031, a17=0.030, a11=0.029, a8=0.028] [BUILD FAILED: Sawmill]
  s=  139 a= 18(BUILD:CowFarm) r= -1.0196 cum=   -200.32 v= +5.5810 top5=[a43=0.036, a39=0.031, a17=0.030, a11=0.029, a8=0.028] [BUILD FAILED: CowFarm]
  s=  140 a= 33(BUILD:AtomStation) r= -4.4206 cum=   -204.74 v= +5.5260 top5=[a43=0.036, a39=0.032, a17=0.030, a11=0.029, a8=0.028] [BUILD FAILED: AtomStation]
  s=  141 a= 30(BUILD:BigIronmine) r= -1.0236 cum=   -205.76 v= +5.4542 top5=[a43=0.036, a39=0.032, a17=0.030, a11=0.029, a8=0.028] [BUILD FAILED: BigIronmine]
  s=  142 a= 34(MANAGER:0) r= -1.0276 cum=   -206.79 v= +5.3821 top5=[a43=0.036, a39=0.032, a17=0.030, a11=0.029, a8=0.028]
  s=  143 a= 21(BUILD:BigFarm) r= -4.4386 cum=   -211.23 v= +5.3077 top5=[a43=0.036, a39=0.032, a17=0.030, a11=0.030, a8=0.028] [BUILD FAILED: BigFarm]
  s=  144 a=  2(BUILD:WaterChannel) r= -1.0315 cum=   -212.26 v= +5.2285 top5=[a43=0.036, a39=0.032, a17=0.031, a11=0.030, a8=0.028] [BUILD FAILED: WaterChannel]
  s=  145 a=  2(BUILD:WaterChannel) r= -1.0354 cum=   -213.29 v= +5.1508 top5=[a43=0.036, a39=0.032, a17=0.031, a11=0.030, a8=0.028] [BUILD FAILED: WaterChannel]
  s=  146 a= 14(BUILD:Road) r= -4.4561 cum=   -217.75 v= +5.0753 top5=[a43=0.036, a39=0.032, a17=0.031, a11=0.030, a25=0.028] [BUILD FAILED: Road]
  s=  147 a= 11(BUILD:Goldmine) r= -1.0393 cum=   -218.79 v= +4.0626 top5=[a43=0.031, a8=0.029, a39=0.028, a34=0.027, a11=0.027] [BUILD FAILED: Goldmine]
  s=  148 a=  6(BUILD:SmallHouse) r= -1.0454 cum=   -219.84 v= +4.1095 top5=[a43=0.031, a8=0.029, a39=0.028, a34=0.027, a11=0.027] [BUILD FAILED: SmallHouse]
  s=  149 a= 23(BUILD:Torchlight) r= -4.4730 cum=   -224.31 v= +4.1557 top5=[a43=0.031, a8=0.029, a39=0.028, a34=0.027, a11=0.027] [BUILD FAILED: Torchlight]
  s=  150 a= 20(BUILD:BigHouse) r= -1.0492 cum=   -225.36 v= +4.2033 top5=[a43=0.031, a8=0.029, a39=0.028, a34=0.027, a11=0.027] [BUILD FAILED: BigHouse]
    state: year=0 month=8 season=1 money=5744 credit=114290 people=28 busy=0 free=28 home_places=310 need_workers=5 tax_due=0 main_tax_due=0 tax_amount=6798 main_tax_amount=0 days_alive=157 stage=0 res0=0 res1=200 res2=0 res3=0 res4=0 res5=0 res6=0 res7=0 res8=0 Farm=1 Road=1 House=1 BigHouse=2 | nw=1508412.0933
  s=  151 a= 39(MANAGER:5) r= -1.0530 cum=   -226.41 v= +4.2663 top5=[a43=0.031, a8=0.029, a39=0.028, a34=0.027, a11=0.027]
  s=  152 a= 12(BUILD:PowerStation) r= +0.0453 cum=   -226.37 v= +4.3447 top5=[a43=0.032, a8=0.029, a39=0.028, a11=0.027, a34=0.027] [BUILD: PowerStation]
  s=  153 a=  3(BUILD:Farm) r= -1.0614 cum=   -227.43 v= +4.2147 top5=[a43=0.034, a8=0.028, a34=0.028, a39=0.027, a11=0.026] [BUILD FAILED: Farm]
  s=  154 a= 36(MANAGER:2) r= -4.5112 cum=   -231.94 v= +4.2521 top5=[a43=0.034, a8=0.028, a34=0.027, a39=0.027, a11=0.026]
  s=  155 a= 28(BUILD:BigRefinary) r= -1.0610 cum=   -233.00 v= +4.2949 top5=[a43=0.034, a8=0.028, a34=0.027, a39=0.027, a11=0.026] [BUILD FAILED: BigRefinary]
  s=  156 a= 12(BUILD:PowerStation) r= +0.0412 cum=   -232.96 v= +4.3470 top5=[a43=0.034, a8=0.027, a39=0.027, a34=0.027, a11=0.027] [BUILD: PowerStation]
  s=  157 a= 17(BUILD:HuntingLand) r= -1.0734 cum=   -234.03 v= +4.4657 top5=[a43=0.035, a39=0.027, a8=0.027, a34=0.027, a11=0.026] [BUILD FAILED: HuntingLand]
  s=  158 a= 23(BUILD:Torchlight) r= -4.5337 cum=   -238.56 v= +4.4346 top5=[a43=0.035, a39=0.027, a8=0.027, a34=0.026, a11=0.026] [BUILD FAILED: Torchlight]
  s=  159 a=  5(BUILD:House) r= -1.0769 cum=   -239.64 v= +4.4389 top5=[a43=0.035, a39=0.028, a34=0.027, a8=0.027, a11=0.027] [BUILD FAILED: House]
  s=  160 a= 25(BUILD:SuperHouse) r= -1.0807 cum=   -240.72 v= +4.4565 top5=[a43=0.035, a39=0.028, a34=0.027, a8=0.027, a11=0.027] [BUILD FAILED: SuperHouse]
  s=  161 a= 38(MANAGER:4) r= -3.8154 cum=   -244.54 v= +4.4634 top5=[a43=0.035, a39=0.028, a34=0.027, a8=0.027, a11=0.027]
  s=  162 a= 42(MANAGER:8) r= -1.0868 cum=   -245.62 v= +5.4513 top5=[a43=0.033, a39=0.030, a11=0.027, a6=0.027, a30=0.026]
  s=  163 a= 23(BUILD:Torchlight) r= -1.0928 cum=   -246.72 v= +5.1193 top5=[a43=0.033, a39=0.031, a11=0.029, a34=0.027, a6=0.027] [BUILD FAILED: Torchlight]
  s=  164 a= 17(BUILD:HuntingLand) r= -4.5728 cum=   -251.29 v= +5.1061 top5=[a43=0.034, a39=0.031, a11=0.029, a34=0.027, a6=0.027] [BUILD FAILED: HuntingLand]
  s=  165 a=  5(BUILD:House) r= -1.0962 cum=   -252.39 v= +5.1002 top5=[a43=0.034, a39=0.031, a11=0.029, a6=0.027, a34=0.027] [BUILD FAILED: House]
  s=  166 a=  3(BUILD:Farm) r= -1.0999 cum=   -253.49 v= +5.0816 top5=[a43=0.034, a39=0.031, a11=0.029, a6=0.027, a34=0.027] [BUILD FAILED: Farm]
  s=  167 a= 38(MANAGER:4) r= -3.8550 cum=   -257.34 v= +5.0526 top5=[a43=0.034, a39=0.031, a11=0.029, a6=0.027, a34=0.027]
  s=  168 a=  8(BUILD:Coalmine) r= -1.1059 cum=   -258.45 v= +4.7232 top5=[a43=0.036, a39=0.033, a11=0.030, a6=0.027, a9=0.027] [BUILD FAILED: Coalmine]
  s=  169 a=  4(BUILD:Garden) r= -0.9380 cum=   -259.38 v= +4.7036 top5=[a43=0.036, a39=0.033, a11=0.030, a6=0.027, a9=0.027] [BUILD: Garden]
  s=  170 a=  6(BUILD:SmallHouse) r= -4.6090 cum=   -263.99 v= +4.6698 top5=[a43=0.036, a39=0.033, a11=0.030, a6=0.027, a9=0.027] [BUILD FAILED: SmallHouse]
  s=  171 a= 10(BUILD:Refinery) r= -1.1127 cum=   -265.11 v= +4.6380 top5=[a43=0.036, a39=0.033, a11=0.030, a6=0.027, a9=0.027] [BUILD FAILED: Refinery]
  s=  172 a= 21(BUILD:BigFarm) r= -1.1186 cum=   -266.23 v= +4.6046 top5=[a43=0.036, a39=0.033, a11=0.030, a9=0.027, a6=0.027] [BUILD FAILED: BigFarm]
  s=  173 a=  8(BUILD:Coalmine) r= -4.6209 cum=   -270.85 v= +4.5733 top5=[a43=0.036, a39=0.033, a11=0.030, a9=0.027, a6=0.027] [BUILD FAILED: Coalmine]
  s=  174 a= 20(BUILD:BigHouse) r= -1.1218 cum=   -271.97 v= +4.5428 top5=[a43=0.036, a39=0.033, a11=0.030, a9=0.027, a6=0.027] [BUILD FAILED: BigHouse]
  s=  175 a= 30(BUILD:BigIronmine) r= -1.1254 cum=   -273.09 v= +4.5038 top5=[a43=0.036, a39=0.033, a11=0.030, a9=0.027, a6=0.027] [BUILD FAILED: BigIronmine]
  s=  176 a= 28(BUILD:BigRefinary) r= -4.6325 cum=   -277.73 v= +4.4678 top5=[a43=0.036, a39=0.033, a11=0.030, a9=0.027, a6=0.026] [BUILD FAILED: BigRefinary]
  s=  177 a=  8(BUILD:Coalmine) r= -1.1274 cum=   -278.85 v= +4.4319 top5=[a43=0.036, a39=0.033, a11=0.030, a9=0.027, a6=0.026] [BUILD FAILED: Coalmine]
  s=  178 a= 26(BUILD:BigSawmill) r= -1.1345 cum=   -279.99 v= -7.4924 top5=[a32=0.057, a15=0.047, a6=0.046, a11=0.043, a34=0.042] [BUILD FAILED: BigSawmill]
  s=  179 a= 15(BUILD:Fish) r= -4.6437 cum=   -284.63 v= -7.2094 top5=[a32=0.055, a15=0.045, a6=0.045, a34=0.042, a11=0.042] [BUILD FAILED: Fish]
  s=  180 a= 11(BUILD:Goldmine) r= -1.1458 cum=   -285.78 v= -6.4909 top5=[a32=0.049, a34=0.042, a6=0.041, a11=0.040, a15=0.040] [BUILD FAILED: Goldmine]
  s=  181 a= 30(BUILD:BigIronmine) r= -1.1464 cum=   -286.92 v= -5.9966 top5=[a32=0.046, a34=0.042, a11=0.039, a6=0.038, a15=0.037] [BUILD FAILED: BigIronmine]
  s=  182 a= 39(MANAGER:5) r= -3.9454 cum=   -290.87 v= -5.5619 top5=[a32=0.043, a34=0.042, a11=0.038, a6=0.037, a15=0.035]
  s=  183 a=  3(BUILD:Farm) r= -1.1470 cum=   -292.02 v= -5.6840 top5=[a32=0.042, a34=0.042, a11=0.037, a6=0.035, a12=0.035] [BUILD FAILED: Farm]
  s=  184 a= 39(MANAGER:5) r= +0.7127 cum=   -291.30 v= -5.3549 top5=[a34=0.041, a32=0.041, a11=0.036, a12=0.035, a6=0.035]
  s=  185 a=  6(BUILD:SmallHouse) r= -4.6624 cum=   -295.97 v= -5.3882 top5=[a32=0.039, a34=0.036, a11=0.035, a12=0.032, a6=0.031] [BUILD FAILED: SmallHouse]
  s=  186 a= 22(BUILD:Apiary) r= -1.1554 cum=   -297.12 v= -5.1870 top5=[a32=0.038, a34=0.036, a11=0.035, a12=0.032, a6=0.031] [BUILD FAILED: Apiary]
  s=  187 a=  4(BUILD:Garden) r= -0.9904 cum=   -298.11 v= -5.0041 top5=[a32=0.038, a34=0.036, a11=0.034, a12=0.032, a6=0.030] [BUILD: Garden]
  s=  188 a=  3(BUILD:Farm) r= -4.6723 cum=   -302.78 v= -4.8324 top5=[a32=0.037, a34=0.036, a11=0.034, a12=0.032, a6=0.030] [BUILD FAILED: Farm]
  s=  189 a=  9(BUILD:Ironmine) r= -1.1592 cum=   -303.94 v= -4.6686 top5=[a32=0.037, a34=0.035, a11=0.034, a12=0.032, a6=0.030] [BUILD FAILED: Ironmine]
  s=  190 a= 17(BUILD:HuntingLand) r= -1.1747 cum=   -305.12 v= -4.7102 top5=[a32=0.037, a34=0.036, a11=0.035, a12=0.032, a6=0.029] [BUILD FAILED: HuntingLand]
  s=  191 a= 12(BUILD:PowerStation) r= -0.0251 cum=   -305.14 v= -4.3982 top5=[a32=0.038, a11=0.035, a34=0.035, a12=0.034, a15=0.030] [BUILD: PowerStation]
  s=  192 a= 14(BUILD:Road) r= -1.1813 cum=   -306.32 v= -4.6433 top5=[a34=0.038, a32=0.037, a12=0.036, a11=0.032, a27=0.030] [BUILD FAILED: Road]
  s=  193 a= 21(BUILD:BigFarm) r= -4.6998 cum=   -311.02 v= -4.4899 top5=[a34=0.038, a32=0.037, a12=0.035, a11=0.032, a27=0.030] [BUILD FAILED: BigFarm]
  s=  194 a= 21(BUILD:BigFarm) r= -1.1843 cum=   -312.21 v= -4.3328 top5=[a34=0.038, a32=0.036, a12=0.035, a11=0.032, a27=0.030] [BUILD FAILED: BigFarm]
  s=  195 a=  0(DAY) r= -0.7178 cum=   -312.93 v= -4.1851 top5=[a34=0.037, a32=0.036, a12=0.035, a11=0.032, a27=0.030]
  s=  196 a= 25(BUILD:SuperHouse) r= -4.7075 cum=   -317.63 v= -4.0488 top5=[a34=0.037, a32=0.036, a12=0.035, a11=0.032, a27=0.029] [BUILD FAILED: SuperHouse]
  s=  197 a= 39(MANAGER:5) r= -1.1864 cum=   -318.82 v= -3.7856 top5=[a34=0.037, a32=0.036, a12=0.034, a11=0.032, a27=0.029]
  s=  198 a= 11(BUILD:Goldmine) r= -4.7052 cum=   -323.52 v= -4.0582 top5=[a34=0.036, a32=0.036, a12=0.035, a11=0.034, a25=0.028] [BUILD FAILED: Goldmine]
  s=  199 a= 17(BUILD:HuntingLand) r= -4.6920 cum=   -328.22 v= -4.0527 top5=[a34=0.036, a32=0.036, a12=0.035, a11=0.034, a15=0.029] [BUILD FAILED: HuntingLand]
  s=  200 a= 14(BUILD:Road) r= -1.1904 cum=   -329.41 v= -3.9382 top5=[a34=0.036, a32=0.036, a12=0.035, a11=0.034, a15=0.029] [BUILD FAILED: Road]
    state: year=0 month=9 season=2 money=4388 credit=126274 people=28 busy=0 free=28 home_places=510 need_workers=5 tax_due=0 main_tax_due=0 tax_amount=6798 main_tax_amount=0 days_alive=207 stage=0 res0=0 res1=200 res2=0 res3=0 res4=0 res5=0 res6=0 res7=0 res8=0 Farm=1 Road=4 House=1 BigHouse=2 | nw=1496101.7430
  s=  201 a= 41(MANAGER:7) r= -1.1966 cum=   -330.60 v= -3.8249 top5=[a32=0.036, a34=0.036, a12=0.034, a11=0.034, a15=0.029]
  s=  202 a=  6(BUILD:SmallHouse) r= -4.7017 cum=   -335.31 v= -3.7585 top5=[a32=0.036, a34=0.036, a12=0.034, a11=0.034, a15=0.029] [BUILD FAILED: SmallHouse]
  s=  203 a= 34(MANAGER:0) r= -1.1998 cum=   -336.51 v= -3.6979 top5=[a32=0.035, a34=0.035, a12=0.034, a11=0.033, a15=0.028]
  s=  204 a= 16(BUILD:CoalCut) r= -1.2095 cum=   -337.71 v= -3.6477 top5=[a32=0.035, a34=0.035, a12=0.033, a11=0.033, a15=0.028] [BUILD FAILED: CoalCut]
  s=  205 a=  3(BUILD:Farm) r= -4.7111 cum=   -342.43 v= -3.6054 top5=[a32=0.035, a34=0.035, a12=0.033, a11=0.033, a43=0.028] [BUILD FAILED: Farm]
  s=  206 a= 15(BUILD:Fish) r= -1.2087 cum=   -343.63 v= -3.5590 top5=[a32=0.035, a34=0.035, a11=0.033, a12=0.033, a43=0.029] [BUILD FAILED: Fish]
  s=  207 a= 43(MANAGER:9) r= -1.2133 cum=   -344.85 v= -3.5130 top5=[a32=0.035, a34=0.034, a11=0.033, a12=0.032, a43=0.029]
  s=  208 a= 34(MANAGER:0) r= -4.7204 cum=   -349.57 v= -4.6334 top5=[a12=0.038, a34=0.037, a32=0.033, a11=0.032, a27=0.027]
  s=  209 a= 33(BUILD:AtomStation) r= -1.2165 cum=   -350.78 v= -4.4987 top5=[a12=0.038, a34=0.037, a32=0.033, a11=0.032, a25=0.027] [BUILD FAILED: AtomStation]
  s=  210 a=  9(BUILD:Ironmine) r= -1.2210 cum=   -352.01 v= -4.3652 top5=[a12=0.038, a34=0.037, a32=0.032, a11=0.032, a25=0.027] [BUILD FAILED: Ironmine]
  s=  211 a= 39(MANAGER:5) r= -4.7294 cum=   -356.74 v= -4.2240 top5=[a12=0.038, a34=0.037, a11=0.032, a32=0.032, a25=0.027]
  s=  212 a=  2(BUILD:WaterChannel) r= -1.2254 cum=   -357.96 v= -4.0786 top5=[a12=0.037, a34=0.037, a11=0.033, a32=0.032, a25=0.027] [BUILD FAILED: WaterChannel]
  s=  213 a= 36(MANAGER:2) r= -0.2418 cum=   -358.20 v= -3.9139 top5=[a12=0.037, a34=0.037, a11=0.032, a32=0.032, a25=0.027]
  s=  214 a= 23(BUILD:Torchlight) r= -4.7338 cum=   -362.94 v= -3.7269 top5=[a34=0.037, a12=0.037, a11=0.032, a32=0.032, a25=0.027] [BUILD FAILED: Torchlight]
  s=  215 a= 30(BUILD:BigIronmine) r= -1.2378 cum=   -364.17 v= -3.5678 top5=[a34=0.037, a12=0.036, a11=0.032, a32=0.032, a25=0.027] [BUILD FAILED: BigIronmine]
  s=  216 a= 32(BUILD:SmallAtomStation) r= -1.2339 cum=   -365.41 v= -3.4528 top5=[a34=0.036, a12=0.036, a11=0.032, a32=0.032, a25=0.028] [BUILD FAILED: SmallAtomStation]
  s=  217 a= 39(MANAGER:5) r= -4.7425 cum=   -370.15 v= -3.3565 top5=[a34=0.036, a12=0.036, a11=0.032, a32=0.032, a25=0.028]
  s=  218 a=  9(BUILD:Ironmine) r= -1.2424 cum=   -371.39 v= -3.2712 top5=[a34=0.036, a12=0.035, a11=0.032, a32=0.032, a25=0.028] [BUILD FAILED: Ironmine]
  s=  219 a=  0(DAY) r= -0.7719 cum=   -372.16 v= -3.1884 top5=[a34=0.036, a12=0.035, a11=0.032, a32=0.032, a25=0.028]
  s=  220 a=  6(BUILD:SmallHouse) r= -4.7495 cum=   -376.91 v= -3.1123 top5=[a34=0.036, a12=0.035, a11=0.032, a32=0.032, a25=0.028] [BUILD FAILED: SmallHouse]
  s=  221 a= 21(BUILD:BigFarm) r= -1.2445 cum=   -378.16 v= -3.0448 top5=[a34=0.036, a12=0.034, a11=0.032, a32=0.032, a25=0.028] [BUILD FAILED: BigFarm]
  s=  222 a=  6(BUILD:SmallHouse) r= -1.2471 cum=   -379.41 v= -2.9853 top5=[a34=0.035, a12=0.034, a11=0.032, a32=0.032, a25=0.028] [BUILD FAILED: SmallHouse]
  s=  223 a= 12(BUILD:PowerStation) r= +1.3444 cum=   -378.06 v= -2.9762 top5=[a34=0.035, a12=0.034, a11=0.032, a32=0.032, a25=0.028] [BUILD: PowerStation]
  s=  224 a=  6(BUILD:SmallHouse) r= -1.2535 cum=   -379.31 v= -2.4164 top5=[a34=0.036, a12=0.033, a32=0.031, a11=0.030, a27=0.030] [BUILD FAILED: SmallHouse]
  s=  225 a= 34(MANAGER:0) r= -4.7568 cum=   -384.07 v= -2.4067 top5=[a34=0.036, a12=0.032, a32=0.031, a11=0.030, a27=0.030]
  s=  226 a= 38(MANAGER:4) r= +0.6413 cum=   -383.43 v= -2.3948 top5=[a34=0.036, a12=0.032, a32=0.031, a11=0.030, a27=0.030]
  s=  227 a= 25(BUILD:SuperHouse) r= -1.2609 cum=   -384.69 v= -1.6624 top5=[a34=0.037, a12=0.035, a27=0.034, a11=0.031, a32=0.030] [BUILD FAILED: SuperHouse]
  s=  228 a= 11(BUILD:Goldmine) r= -4.7526 cum=   -389.44 v= -1.6170 top5=[a34=0.037, a12=0.034, a27=0.034, a11=0.031, a32=0.030] [BUILD FAILED: Goldmine]
  s=  229 a= 13(BUILD:HydroStation) r= -1.2622 cum=   -390.71 v= -1.5879 top5=[a34=0.037, a12=0.034, a27=0.033, a11=0.031, a32=0.030] [BUILD FAILED: HydroStation]
  s=  230 a= 33(BUILD:AtomStation) r= -1.2642 cum=   -391.97 v= -2.1393 top5=[a34=0.036, a12=0.036, a11=0.032, a27=0.031, a32=0.031] [BUILD FAILED: AtomStation]
  s=  231 a= 26(BUILD:BigSawmill) r= -4.7606 cum=   -396.73 v= -2.1253 top5=[a34=0.036, a12=0.035, a11=0.032, a27=0.031, a32=0.031] [BUILD FAILED: BigSawmill]
  s=  232 a= 22(BUILD:Apiary) r= -1.2687 cum=   -398.00 v= -2.1064 top5=[a34=0.036, a12=0.035, a11=0.032, a27=0.031, a32=0.031] [BUILD FAILED: Apiary]
  s=  233 a= 43(MANAGER:9) r= -1.2786 cum=   -399.28 v= -2.0964 top5=[a34=0.035, a12=0.035, a11=0.032, a27=0.031, a32=0.031]
  s=  234 a= 31(BUILD:AirStation) r= -4.7685 cum=   -404.05 v= -2.1086 top5=[a34=0.035, a12=0.034, a11=0.032, a27=0.031, a32=0.031] [BUILD FAILED: AirStation]
  s=  235 a=  8(BUILD:Coalmine) r= -1.2762 cum=   -405.32 v= -2.1192 top5=[a34=0.035, a12=0.034, a11=0.032, a27=0.031, a43=0.031] [BUILD FAILED: Coalmine]
  s=  236 a= 28(BUILD:BigRefinary) r= -1.2807 cum=   -406.60 v= -2.0967 top5=[a34=0.035, a12=0.033, a11=0.032, a27=0.031, a43=0.031] [BUILD FAILED: BigRefinary]
  s=  237 a= 36(MANAGER:2) r= -4.7763 cum=   -411.38 v= -2.0856 top5=[a34=0.035, a12=0.033, a11=0.032, a27=0.031, a43=0.031]
  s=  238 a=  3(BUILD:Farm) r= -1.2798 cum=   -412.66 v= -2.0757 top5=[a34=0.034, a12=0.033, a11=0.032, a43=0.031, a27=0.031] [BUILD FAILED: Farm]
  s=  239 a= 35(MANAGER:1) r= -0.8057 cum=   -413.47 v= -3.9755 top5=[a12=0.039, a34=0.039, a27=0.032, a11=0.030, a6=0.029]
  s=  240 a= 23(BUILD:Torchlight) r= -4.7824 cum=   -418.25 v= -3.8432 top5=[a34=0.038, a12=0.038, a27=0.032, a11=0.031, a6=0.029] [BUILD FAILED: Torchlight]
  s=  241 a= 19(BUILD:Mushroom) r= -1.2966 cum=   -419.54 v= -3.6808 top5=[a34=0.038, a12=0.038, a27=0.032, a11=0.031, a6=0.029] [BUILD FAILED: Mushroom]
  s=  242 a= 21(BUILD:BigFarm) r= -1.2992 cum=   -420.84 v= -3.5104 top5=[a34=0.038, a12=0.038, a27=0.031, a11=0.031, a6=0.029] [BUILD FAILED: BigFarm]
  s=  243 a= 36(MANAGER:2) r= -4.7899 cum=   -425.63 v= -3.3386 top5=[a34=0.038, a12=0.037, a27=0.031, a11=0.031, a6=0.029]
  s=  244 a= 22(BUILD:Apiary) r= -1.3011 cum=   -426.93 v= -3.1701 top5=[a34=0.038, a12=0.037, a27=0.031, a11=0.031, a6=0.029] [BUILD FAILED: Apiary]
  s=  245 a= 40(MANAGER:6) r= -0.7203 cum=   -427.65 v= -2.9962 top5=[a34=0.038, a12=0.037, a27=0.031, a11=0.031, a6=0.029]
  s=  246 a= 24(BUILD:Hothouse) r= -4.7954 cum=   -432.45 v= -2.8253 top5=[a34=0.038, a12=0.037, a27=0.031, a11=0.031, a6=0.029] [BUILD FAILED: Hothouse]
  s=  247 a= 13(BUILD:HydroStation) r= -1.3083 cum=   -433.76 v= -2.6932 top5=[a34=0.038, a12=0.037, a11=0.031, a27=0.031, a6=0.029] [BUILD FAILED: HydroStation]
  s=  248 a= 14(BUILD:Road) r= -1.3166 cum=   -435.07 v= -2.5694 top5=[a34=0.037, a12=0.036, a11=0.031, a27=0.031, a6=0.029] [BUILD FAILED: Road]
  s=  249 a= 15(BUILD:Fish) r= -4.8027 cum=   -439.88 v= -2.4476 top5=[a34=0.037, a12=0.036, a11=0.031, a27=0.031, a6=0.029] [BUILD FAILED: Fish]
  s=  250 a= 20(BUILD:BigHouse) r= -1.3158 cum=   -441.19 v= -2.3253 top5=[a34=0.037, a12=0.036, a11=0.031, a27=0.031, a6=0.029] [BUILD FAILED: BigHouse]
    state: year=0 month=11 season=2 money=3316 credit=139515 people=28 busy=0 free=28 home_places=510 need_workers=0 tax_due=0 main_tax_due=0 tax_amount=6806 main_tax_amount=0 days_alive=257 stage=0 res0=0 res1=200 res2=0 res3=0 res4=0 res5=0 res6=0 res7=0 res8=0 Farm=1 Road=5 House=1 BigHouse=2 | nw=1482416.9342
  s=  251 a= 29(BUILD:Puerperal) r= -1.3213 cum=   -442.51 v= -2.2073 top5=[a34=0.037, a12=0.036, a11=0.031, a27=0.031, a6=0.029] [BUILD FAILED: Puerperal]
  s=  252 a= 23(BUILD:Torchlight) r= -4.8098 cum=   -447.32 v= -2.1290 top5=[a34=0.037, a12=0.036, a11=0.031, a27=0.031, a6=0.029] [BUILD FAILED: Torchlight]
  s=  253 a= 44(MANAGER:10) r= -0.6047 cum=   -447.93 v= -2.0638 top5=[a34=0.036, a12=0.036, a11=0.031, a27=0.030, a6=0.029]
  s=  254 a= 37(MANAGER:3) r= -4.8054 cum=   -452.73 v= -2.0198 top5=[a34=0.036, a12=0.035, a11=0.031, a27=0.030, a43=0.029]
  s=  255 a= 44(MANAGER:10) r= -4.7947 cum=   -457.53 v= -3.1105 top5=[a34=0.039, a12=0.033, a27=0.030, a24=0.028, a11=0.028]
  s=  256 a= 23(BUILD:Torchlight) r= -1.3211 cum=   -458.85 v= -3.0294 top5=[a34=0.039, a12=0.033, a27=0.030, a24=0.028, a11=0.028] [BUILD FAILED: Torchlight]
  s=  257 a= 33(BUILD:AtomStation) r= -1.3180 cum=   -460.17 v= -2.9807 top5=[a34=0.039, a12=0.033, a27=0.030, a24=0.028, a11=0.028] [BUILD FAILED: AtomStation]
  s=  258 a= 11(BUILD:Goldmine) r= -4.8021 cum=   -464.97 v= -2.9482 top5=[a34=0.038, a12=0.032, a27=0.030, a24=0.028, a11=0.028] [BUILD FAILED: Goldmine]
  s=  259 a= 34(MANAGER:0) r= -1.3270 cum=   -466.30 v= -2.9397 top5=[a34=0.038, a12=0.032, a27=0.030, a24=0.028, a11=0.028]
  s=  260 a= 43(MANAGER:9) r= -1.3368 cum=   -467.63 v= -2.9460 top5=[a34=0.038, a12=0.032, a27=0.030, a24=0.028, a11=0.028]
  s=  261 a= 27(BUILD:WaterMill) r= -4.8094 cum=   -472.44 v= -2.9563 top5=[a34=0.038, a12=0.032, a27=0.030, a24=0.028, a11=0.028] [BUILD FAILED: WaterMill]
  s=  262 a= 24(BUILD:Hothouse) r= -1.3346 cum=   -473.78 v= -2.9698 top5=[a34=0.037, a12=0.032, a27=0.030, a24=0.028, a11=0.028] [BUILD FAILED: Hothouse]
  s=  263 a= 39(MANAGER:5) r= -1.3390 cum=   -475.12 v= -2.9774 top5=[a34=0.037, a12=0.031, a27=0.030, a24=0.029, a11=0.028]
  s=  264 a= 43(MANAGER:9) r= -4.8165 cum=   -479.93 v= -2.9813 top5=[a34=0.037, a12=0.031, a27=0.030, a24=0.029, a11=0.028]
  s=  265 a= 25(BUILD:SuperHouse) r= -1.3454 cum=   -481.28 v= -2.8578 top5=[a34=0.036, a12=0.031, a27=0.029, a24=0.028, a11=0.028] [BUILD FAILED: SuperHouse]
  s=  266 a= 24(BUILD:Hothouse) r= -1.3478 cum=   -482.63 v= -2.8616 top5=[a34=0.036, a12=0.031, a27=0.029, a24=0.029, a11=0.028] [BUILD FAILED: Hothouse]
  s=  267 a= 20(BUILD:BigHouse) r= -4.8235 cum=   -487.45 v= -2.9003 top5=[a34=0.036, a12=0.030, a27=0.029, a24=0.029, a11=0.028] [BUILD FAILED: BigHouse]
  s=  268 a= 11(BUILD:Goldmine) r= -1.3499 cum=   -488.80 v= -2.9405 top5=[a34=0.035, a12=0.030, a27=0.029, a24=0.029, a11=0.028] [BUILD FAILED: Goldmine]
  s=  269 a= 35(MANAGER:1) r= -1.3584 cum=   -490.16 v=-15.7531 top5=[a12=0.080, a32=0.060, a6=0.047, a11=0.047, a39=0.044]
  s=  270 a= 43(MANAGER:9) r= -4.8305 cum=   -494.99 v=-15.4826 top5=[a12=0.078, a32=0.057, a11=0.045, a6=0.045, a39=0.043]
  s=  271 a= 36(MANAGER:2) r= -0.6529 cum=   -495.64 v=-15.0924 top5=[a12=0.076, a32=0.052, a11=0.041, a39=0.041, a6=0.041]
  s=  272 a= 15(BUILD:Fish) r= -1.3655 cum=   -497.01 v=-14.6529 top5=[a12=0.074, a32=0.049, a43=0.039, a39=0.039, a11=0.038] [BUILD FAILED: Fish]
  s=  273 a= 36(MANAGER:2) r= -4.8349 cum=   -501.84 v=-14.2568 top5=[a12=0.072, a32=0.046, a43=0.039, a39=0.038, a11=0.037]
  s=  274 a= 32(BUILD:SmallAtomStation) r= -1.3670 cum=   -503.21 v=-13.8718 top5=[a12=0.071, a32=0.044, a43=0.038, a39=0.037, a11=0.036] [BUILD FAILED: SmallAtomStation]
  s=  275 a= 12(BUILD:PowerStation) r= -0.1867 cum=   -503.40 v=-13.5704 top5=[a12=0.069, a32=0.043, a43=0.037, a39=0.036, a11=0.035] [BUILD: PowerStation]
  s=  276 a= 20(BUILD:BigHouse) r= -1.3785 cum=   -504.77 v=-13.6561 top5=[a12=0.065, a32=0.043, a43=0.039, a24=0.034, a39=0.033] [BUILD FAILED: BigHouse]
  s=  277 a= 27(BUILD:WaterMill) r= -4.8450 cum=   -509.62 v=-13.3950 top5=[a12=0.063, a32=0.042, a43=0.038, a24=0.034, a39=0.033] [BUILD FAILED: WaterMill]
  s=  278 a= 12(BUILD:PowerStation) r= -0.1968 cum=   -509.82 v=-13.1906 top5=[a12=0.062, a32=0.041, a43=0.038, a24=0.034, a39=0.032] [BUILD: PowerStation]
  s=  279 a= 24(BUILD:Hothouse) r= -1.3829 cum=   -511.20 v=-12.9967 top5=[a12=0.058, a32=0.041, a43=0.039, a24=0.034, a25=0.032] [BUILD FAILED: Hothouse]
  s=  280 a= 13(BUILD:HydroStation) r= -4.8466 cum=   -516.05 v=-12.8373 top5=[a12=0.057, a32=0.041, a43=0.039, a24=0.034, a25=0.032] [BUILD FAILED: HydroStation]
  s=  281 a= 27(BUILD:WaterMill) r= -1.3893 cum=   -517.44 v=-12.6933 top5=[a12=0.055, a32=0.040, a43=0.039, a24=0.033, a25=0.032] [BUILD FAILED: WaterMill]
  s=  282 a= 44(MANAGER:10) r= -0.6569 cum=   -518.09 v=-12.3732 top5=[a12=0.058, a32=0.038, a43=0.038, a24=0.034, a25=0.031]
  s=  283 a= 44(MANAGER:10) r= -4.8507 cum=   -522.94 v=-12.1990 top5=[a12=0.057, a32=0.038, a43=0.038, a24=0.034, a25=0.031]
  s=  284 a= 39(MANAGER:5) r= -1.3945 cum=   -524.34 v=-12.0373 top5=[a12=0.055, a43=0.038, a32=0.038, a24=0.033, a11=0.031]
  s=  285 a=  2(BUILD:WaterChannel) r= -1.4006 cum=   -525.74 v=-11.3788 top5=[a12=0.058, a43=0.037, a32=0.036, a24=0.034, a11=0.033] [BUILD FAILED: WaterChannel]
  s=  286 a= 38(MANAGER:4) r= -4.3159 cum=   -530.05 v=-11.2421 top5=[a12=0.056, a43=0.037, a32=0.036, a24=0.034, a11=0.033]
  s=  287 a=  7(BUILD:Sawmill) r= -1.4070 cum=   -531.46 v=-11.2594 top5=[a12=0.055, a43=0.039, a32=0.035, a11=0.035, a24=0.033] [BUILD FAILED: Sawmill]
  s=  288 a= 25(BUILD:SuperHouse) r= -1.4068 cum=   -532.87 v=-11.1143 top5=[a12=0.053, a43=0.038, a32=0.035, a11=0.035, a39=0.033] [BUILD FAILED: SuperHouse]
  s=  289 a= 42(MANAGER:8) r= -4.8693 cum=   -537.74 v=-10.9768 top5=[a12=0.052, a43=0.038, a32=0.035, a11=0.035, a39=0.033]
  s=  290 a= 42(MANAGER:8) r= -1.4102 cum=   -539.15 v=-10.8396 top5=[a12=0.052, a43=0.038, a32=0.035, a11=0.035, a39=0.033]
  s=  291 a= 39(MANAGER:5) r= +0.5256 cum=   -538.62 v=-10.7113 top5=[a12=0.051, a43=0.038, a32=0.035, a11=0.035, a39=0.033]
  s=  292 a= 39(MANAGER:5) r= -4.8647 cum=   -543.49 v=-10.5023 top5=[a12=0.050, a43=0.036, a32=0.035, a11=0.033, a24=0.032]
  s=  293 a=  8(BUILD:Coalmine) r= -0.4419 cum=   -543.93 v=-10.4015 top5=[a12=0.049, a43=0.036, a32=0.035, a11=0.033, a36=0.032] [BUILD: Coalmine]
  s=  294 a= 39(MANAGER:5) r= -1.4248 cum=   -545.35 v=-10.2990 top5=[a12=0.048, a43=0.036, a32=0.035, a11=0.034, a36=0.032]
  s=  295 a= 44(MANAGER:10) r= -4.8674 cum=   -550.22 v=-10.1856 top5=[a12=0.047, a43=0.036, a32=0.035, a11=0.034, a36=0.032]
  s=  296 a= 12(BUILD:PowerStation) r= -0.2288 cum=   -550.45 v=-10.1265 top5=[a12=0.047, a43=0.036, a32=0.035, a11=0.034, a36=0.032] [BUILD: PowerStation]
  s=  297 a= 26(BUILD:BigSawmill) r= -1.4211 cum=   -551.87 v=-10.4424 top5=[a12=0.043, a43=0.037, a32=0.036, a17=0.032, a11=0.032] [BUILD FAILED: BigSawmill]
  s=  298 a= 32(BUILD:SmallAtomStation) r= -4.8688 cum=   -556.74 v=-10.4414 top5=[a12=0.043, a43=0.037, a32=0.036, a17=0.032, a11=0.032] [BUILD FAILED: SmallAtomStation]
  s=  299 a= 32(BUILD:SmallAtomStation) r= -1.4270 cum=   -558.17 v=-10.5077 top5=[a12=0.042, a43=0.037, a32=0.036, a17=0.032, a11=0.032] [BUILD FAILED: SmallAtomStation]
  s=  300 a= 22(BUILD:Apiary) r= -1.4388 cum=   -559.60 v=-12.6792 top5=[a12=0.082, a11=0.038, a36=0.035, a39=0.034, a34=0.031] [BUILD FAILED: Apiary]
    state: year=1 month=1 season=3 money=3968 credit=154148 people=29 busy=0 free=29 home_places=510 need_workers=0 tax_due=0 main_tax_due=0 tax_amount=6386 main_tax_amount=0 days_alive=307 stage=0 res0=0 res1=200 res2=0 res3=0 res4=0 res5=0 res6=0 res7=0 res8=0 Road=8 House=1 BigHouse=2 | nw=1449624.8084
  s=  301 a= 39(MANAGER:5) r= -4.8749 cum=   -564.48 v=-12.6350 top5=[a12=0.080, a11=0.038, a36=0.035, a39=0.034, a34=0.031]
  s=  302 a= 40(MANAGER:6) r= -1.4435 cum=   -565.92 v=-12.5897 top5=[a12=0.079, a11=0.038, a39=0.035, a36=0.034, a34=0.031]
  s=  303 a= 27(BUILD:WaterMill) r= -1.4433 cum=   -567.37 v=-11.9282 top5=[a12=0.085, a11=0.040, a39=0.037, a36=0.035, a34=0.029] [BUILD FAILED: WaterMill]
  s=  304 a= 40(MANAGER:6) r= -4.8808 cum=   -572.25 v=-11.9107 top5=[a12=0.084, a11=0.041, a39=0.037, a36=0.035, a34=0.029]
  s=  305 a= 28(BUILD:BigRefinary) r= -1.4511 cum=   -573.70 v=-11.9019 top5=[a12=0.082, a11=0.041, a39=0.038, a36=0.035, a34=0.029] [BUILD FAILED: BigRefinary]
  s=  306 a= 12(BUILD:PowerStation) r= -0.2576 cum=   -573.96 v=-11.9082 top5=[a12=0.081, a11=0.041, a39=0.038, a36=0.035, a34=0.029] [BUILD: PowerStation]
  s=  307 a=  3(BUILD:Farm) r= -1.4576 cum=   -575.41 v=-12.7413 top5=[a12=0.073, a11=0.038, a39=0.034, a36=0.034, a34=0.032] [BUILD FAILED: Farm]
  s=  308 a=  5(BUILD:House) r= -4.8898 cum=   -580.30 v=-12.7091 top5=[a12=0.071, a11=0.038, a39=0.034, a36=0.034, a34=0.032] [BUILD FAILED: House]
  s=  309 a= 32(BUILD:SmallAtomStation) r= -1.4598 cum=   -581.76 v=-12.6929 top5=[a12=0.070, a11=0.038, a39=0.034, a36=0.034, a34=0.032] [BUILD FAILED: SmallAtomStation]
  s=  310 a= 17(BUILD:HuntingLand) r= -1.4716 cum=   -583.23 v=-12.7134 top5=[a12=0.069, a11=0.039, a39=0.035, a36=0.034, a34=0.031] [BUILD FAILED: HuntingLand]
  s=  311 a=  2(BUILD:WaterChannel) r= -4.8955 cum=   -588.13 v=-12.7448 top5=[a12=0.068, a11=0.039, a39=0.035, a36=0.034, a34=0.031] [BUILD FAILED: WaterChannel]
  s=  312 a= 25(BUILD:SuperHouse) r= -1.4687 cum=   -589.60 v=-12.8161 top5=[a12=0.067, a11=0.039, a39=0.035, a36=0.034, a34=0.031] [BUILD FAILED: SuperHouse]
  s=  313 a= 31(BUILD:AirStation) r= -1.4774 cum=   -591.08 v=-12.4468 top5=[a12=0.071, a11=0.041, a39=0.038, a36=0.035, a34=0.030] [BUILD FAILED: AirStation]
  s=  314 a= 23(BUILD:Torchlight) r= -4.9011 cum=   -595.98 v=-12.5333 top5=[a12=0.069, a11=0.041, a39=0.038, a36=0.035, a34=0.030] [BUILD FAILED: Torchlight]
  s=  315 a= 36(MANAGER:2) r= -0.6244 cum=   -596.60 v=-12.6586 top5=[a12=0.068, a11=0.041, a39=0.038, a36=0.035, a34=0.030]
  s=  316 a= 39(MANAGER:5) r= -1.4798 cum=   -598.08 v=-12.7985 top5=[a12=0.066, a11=0.041, a39=0.037, a36=0.035, a34=0.030]
  s=  317 a= 15(BUILD:Fish) r= -4.9041 cum=   -602.99 v=-12.9193 top5=[a12=0.065, a11=0.042, a39=0.037, a36=0.035, a43=0.030] [BUILD FAILED: Fish]
  s=  318 a=  8(BUILD:Coalmine) r= -1.4833 cum=   -604.47 v=-13.0297 top5=[a12=0.064, a11=0.042, a39=0.037, a36=0.035, a43=0.030] [BUILD FAILED: Coalmine]
  s=  319 a= 30(BUILD:BigIronmine) r= -1.4901 cum=   -605.96 v=-13.1380 top5=[a12=0.062, a11=0.042, a39=0.037, a36=0.035, a43=0.031] [BUILD FAILED: BigIronmine]
  s=  320 a=  5(BUILD:House) r= -4.9096 cum=   -610.87 v=-13.2595 top5=[a12=0.061, a11=0.042, a39=0.037, a36=0.035, a43=0.031] [BUILD FAILED: House]
  s=  321 a= 40(MANAGER:6) r= -1.4967 cum=   -612.37 v=-13.3829 top5=[a12=0.060, a11=0.042, a39=0.037, a36=0.035, a43=0.031]
  s=  322 a= 25(BUILD:SuperHouse) r= -1.4977 cum=   -613.86 v=-13.5041 top5=[a12=0.058, a11=0.043, a39=0.037, a36=0.035, a43=0.031] [BUILD FAILED: SuperHouse]
  s=  323 a= 17(BUILD:HuntingLand) r= -4.9151 cum=   -618.78 v=-13.6234 top5=[a12=0.057, a11=0.043, a39=0.037, a36=0.035, a43=0.032] [BUILD FAILED: HuntingLand]
  s=  324 a= 39(MANAGER:5) r= -1.5056 cum=   -620.28 v=-13.7408 top5=[a12=0.056, a11=0.043, a39=0.037, a36=0.035, a43=0.032]
  s=  325 a= 13(BUILD:HydroStation) r= -1.5111 cum=   -621.79 v=-13.8588 top5=[a12=0.055, a11=0.043, a39=0.037, a36=0.035, a43=0.032] [BUILD FAILED: HydroStation]
  s=  326 a= 12(BUILD:PowerStation) r= -0.3106 cum=   -622.11 v=-14.0515 top5=[a12=0.054, a11=0.043, a39=0.037, a36=0.035, a43=0.032] [BUILD: PowerStation]
  s=  327 a= 14(BUILD:Road) r= -1.5152 cum=   -623.62 v=-14.7190 top5=[a12=0.051, a11=0.041, a39=0.034, a36=0.034, a43=0.032] [BUILD FAILED: Road]
  s=  328 a= 18(BUILD:CowFarm) r= -4.9307 cum=   -628.55 v=-14.9352 top5=[a12=0.050, a11=0.041, a39=0.034, a36=0.034, a43=0.032] [BUILD FAILED: CowFarm]
  s=  329 a= 20(BUILD:BigHouse) r= -1.5197 cum=   -630.07 v=-15.1393 top5=[a12=0.049, a11=0.042, a39=0.034, a36=0.034, a43=0.032] [BUILD FAILED: BigHouse]
  s=  330 a= 41(MANAGER:7) r= -1.0343 cum=   -631.11 v=-15.3180 top5=[a12=0.048, a11=0.042, a39=0.034, a36=0.033, a43=0.033]
  s=  331 a=  2(BUILD:WaterChannel) r= -4.9347 cum=   -636.04 v=-15.8762 top5=[a12=0.070, a34=0.033, a39=0.032, a11=0.031, a36=0.029] [BUILD FAILED: WaterChannel]
  s=  332 a= 30(BUILD:BigIronmine) r= -1.5272 cum=   -637.57 v=-15.8155 top5=[a12=0.069, a34=0.033, a39=0.032, a11=0.031, a36=0.029] [BUILD FAILED: BigIronmine]
  s=  333 a= 12(BUILD:PowerStation) r= +1.1619 cum=   -636.41 v=-15.7856 top5=[a12=0.075, a39=0.035, a11=0.033, a34=0.031, a36=0.030] [BUILD: PowerStation]
  s=  334 a= 36(MANAGER:2) r= -0.8708 cum=   -637.28 v=-15.8948 top5=[a12=0.067, a34=0.033, a39=0.032, a11=0.032, a36=0.029]
  s=  335 a= 11(BUILD:Goldmine) r= -4.9288 cum=   -642.21 v=-15.8372 top5=[a12=0.066, a34=0.033, a39=0.032, a11=0.032, a36=0.029] [BUILD FAILED: Goldmine]
  s=  336 a= 25(BUILD:SuperHouse) r= -1.5347 cum=   -643.74 v=-15.7802 top5=[a12=0.065, a34=0.033, a11=0.032, a39=0.032, a36=0.029] [BUILD FAILED: SuperHouse]
  s=  337 a= 30(BUILD:BigIronmine) r= -1.5491 cum=   -645.29 v=-15.7580 top5=[a12=0.064, a34=0.033, a11=0.032, a39=0.032, a36=0.029] [BUILD FAILED: BigIronmine]
  s=  338 a= 11(BUILD:Goldmine) r= -4.9339 cum=   -650.22 v=-15.7719 top5=[a12=0.063, a34=0.033, a11=0.033, a39=0.032, a36=0.029] [BUILD FAILED: Goldmine]
  s=  339 a= 30(BUILD:BigIronmine) r= -1.5437 cum=   -651.77 v=-15.7853 top5=[a12=0.063, a11=0.033, a34=0.033, a39=0.032, a36=0.029] [BUILD FAILED: BigIronmine]
  s=  340 a= 10(BUILD:Refinery) r= -1.5581 cum=   -653.32 v=-15.9146 top5=[a12=0.067, a39=0.035, a11=0.034, a34=0.031, a36=0.030] [BUILD FAILED: Refinery]
  s=  341 a= 29(BUILD:Puerperal) r= -4.9389 cum=   -658.26 v=-15.9451 top5=[a12=0.066, a39=0.035, a11=0.035, a34=0.031, a36=0.030] [BUILD FAILED: Puerperal]
  s=  342 a= 17(BUILD:HuntingLand) r= -1.5571 cum=   -659.82 v=-15.9789 top5=[a12=0.065, a39=0.035, a11=0.035, a34=0.031, a36=0.030] [BUILD FAILED: HuntingLand]
  s=  343 a= 24(BUILD:Hothouse) r= -1.5537 cum=   -661.37 v=-16.0146 top5=[a12=0.063, a11=0.035, a39=0.035, a34=0.031, a36=0.030] [BUILD FAILED: Hothouse]
  s=  344 a= 12(BUILD:PowerStation) r= -0.3494 cum=   -661.72 v=-16.0544 top5=[a12=0.062, a11=0.035, a39=0.035, a34=0.031, a36=0.030] [BUILD: PowerStation]
  s=  345 a=  3(BUILD:Farm) r= -1.5667 cum=   -663.29 v=-15.9791 top5=[a12=0.057, a11=0.034, a34=0.033, a39=0.032, a36=0.030] [BUILD FAILED: Farm]
  s=  346 a= 40(MANAGER:6) r= -4.9537 cum=   -668.24 v=-16.0424 top5=[a12=0.056, a11=0.035, a39=0.032, a34=0.032, a36=0.030]
  s=  347 a=  9(BUILD:Ironmine) r= -1.5778 cum=   -669.82 v=-16.0827 top5=[a12=0.055, a11=0.035, a39=0.032, a34=0.032, a36=0.030] [BUILD FAILED: Ironmine]
  s=  348 a= 17(BUILD:HuntingLand) r= -1.5744 cum=   -671.40 v=-16.1875 top5=[a12=0.054, a11=0.035, a39=0.032, a34=0.032, a36=0.030] [BUILD FAILED: HuntingLand]
  s=  349 a= 11(BUILD:Goldmine) r= -4.9585 cum=   -676.35 v=-16.3359 top5=[a12=0.053, a11=0.035, a39=0.032, a34=0.032, a36=0.030] [BUILD FAILED: Goldmine]
  s=  350 a=  8(BUILD:Coalmine) r= -1.5823 cum=   -677.94 v=-16.4773 top5=[a12=0.053, a11=0.036, a39=0.032, a34=0.032, a36=0.030] [BUILD FAILED: Coalmine]
    state: year=1 month=2 season=3 money=1898 credit=170316 people=31 busy=0 free=31 home_places=510 need_workers=0 tax_due=0 main_tax_due=0 tax_amount=6394 main_tax_amount=0 days_alive=357 stage=0 res0=0 res1=200 res2=0 res3=0 res4=0 res5=0 res6=0 res7=0 res8=0 Road=12 House=1 BigHouse=2 | nw=1433008.0180
  s=  351 a= 12(BUILD:PowerStation) r= -0.3686 cum=   -678.31 v=-16.8160 top5=[a12=0.056, a11=0.037, a39=0.035, a34=0.031, a36=0.030] [BUILD: PowerStation]
  s=  352 a= 29(BUILD:Puerperal) r= -1.5965 cum=   -679.90 v=-16.8106 top5=[a12=0.051, a11=0.036, a39=0.032, a34=0.032, a36=0.030] [BUILD FAILED: Puerperal]
  s=  353 a=  3(BUILD:Farm) r= -4.9660 cum=   -684.87 v=-16.9617 top5=[a12=0.050, a11=0.036, a39=0.032, a34=0.032, a36=0.030] [BUILD FAILED: Farm]
  s=  354 a= 35(MANAGER:1) r= -1.5911 cum=   -686.46 v=-17.1451 top5=[a12=0.049, a11=0.036, a39=0.032, a34=0.032, a43=0.030]
  s=  355 a= 39(MANAGER:5) r= -1.5979 cum=   -688.06 v=-17.3252 top5=[a12=0.049, a11=0.036, a39=0.032, a34=0.031, a43=0.030]
  s=  356 a= 42(MANAGER:8) r= -4.9706 cum=   -693.03 v=-17.5039 top5=[a12=0.048, a11=0.036, a39=0.032, a34=0.031, a43=0.030]
  s=  357 a=  7(BUILD:Sawmill) r= -1.6046 cum=   -694.63 v=-17.6812 top5=[a12=0.047, a11=0.036, a39=0.032, a34=0.031, a43=0.030] [BUILD FAILED: Sawmill]
  s=  358 a= 33(BUILD:AtomStation) r= +0.8786 cum=   -693.75 v=-17.6408 top5=[a12=0.050, a11=0.038, a39=0.035, a43=0.031, a34=0.031] [BUILD: AtomStation]
  s=  359 a= 28(BUILD:BigRefinary) r= -4.9620 cum=   -698.72 v=-46.8773 top5=[a7=0.055, a15=0.055, a8=0.050, a24=0.046, a0=0.040] [BUILD FAILED: BigRefinary]
  s=  360 a=  7(BUILD:Sawmill) r= -2.9224 cum=   -701.64 v=-46.7173 top5=[a15=0.055, a7=0.055, a8=0.050, a24=0.046, a0=0.040] [BUILD FAILED: Sawmill]
  s=  361 a= 21(BUILD:BigFarm) r= -2.9255 cum=   -704.56 v=-46.5589 top5=[a15=0.055, a7=0.055, a8=0.050, a24=0.046, a0=0.040] [BUILD FAILED: BigFarm]
  s=  362 a= 43(MANAGER:9) r= -4.9636 cum=   -709.53 v=-45.9761 top5=[a15=0.052, a7=0.051, a8=0.047, a24=0.045, a0=0.038]
  s=  363 a=  4(BUILD:Garden) r= -2.9235 cum=   -712.45 v=-45.0042 top5=[a7=0.046, a15=0.046, a8=0.042, a24=0.042, a43=0.036] [BUILD FAILED: Garden]
  s=  364 a= 15(BUILD:Fish) r= -2.9266 cum=   -715.38 v=-44.1876 top5=[a7=0.042, a15=0.042, a24=0.039, a8=0.038, a43=0.035] [BUILD FAILED: Fish]
  s=  365 a= 44(MANAGER:10) r= -4.9655 cum=   -720.34 v=-43.5344 top5=[a7=0.040, a15=0.038, a24=0.037, a8=0.035, a43=0.034]
  s=  366 a= 34(MANAGER:0) r= -2.9247 cum=   -723.27 v=-42.9570 top5=[a7=0.037, a15=0.036, a24=0.036, a8=0.033, a43=0.033]
  s=  367 a= 15(BUILD:Fish) r= -2.9278 cum=   -726.20 v=-42.4428 top5=[a7=0.035, a24=0.035, a15=0.034, a43=0.032, a9=0.032] [BUILD FAILED: Fish]
  s=  368 a= 34(MANAGER:0) r= -4.9675 cum=   -731.16 v=-42.0088 top5=[a7=0.034, a24=0.033, a15=0.032, a43=0.032, a9=0.032]
  s=  369 a= 15(BUILD:Fish) r= -2.9260 cum=   -734.09 v=-41.6377 top5=[a24=0.032, a7=0.032, a9=0.031, a43=0.031, a15=0.031] [BUILD FAILED: Fish]
  s=  370 a=  6(BUILD:SmallHouse) r= -2.9291 cum=   -737.02 v=-41.2991 top5=[a24=0.032, a7=0.031, a9=0.031, a43=0.031, a15=0.030] [BUILD FAILED: SmallHouse]
  s=  371 a= 11(BUILD:Goldmine) r= -4.9697 cum=   -741.99 v=-40.9787 top5=[a24=0.031, a9=0.031, a43=0.031, a7=0.030, a36=0.029] [BUILD FAILED: Goldmine]
  s=  372 a= 38(MANAGER:4) r= -0.9427 cum=   -742.93 v=-40.6801 top5=[a9=0.031, a24=0.030, a43=0.030, a7=0.030, a36=0.029]
  s=  373 a= 16(BUILD:CoalCut) r= -2.9303 cum=   -745.86 v=-40.2215 top5=[a9=0.031, a3=0.030, a36=0.030, a43=0.030, a24=0.029] [BUILD FAILED: CoalCut]
  s=  374 a= 35(MANAGER:1) r= -4.9717 cum=   -750.83 v=-39.9332 top5=[a3=0.030, a9=0.030, a36=0.030, a43=0.029, a24=0.028]
  s=  375 a= 37(MANAGER:3) r= -4.9638 cum=   -755.80 v=-39.6577 top5=[a3=0.031, a36=0.030, a9=0.030, a43=0.029, a44=0.028]
  s=  376 a=  9(BUILD:Ironmine) r= -2.9241 cum=   -758.72 v=-34.3592 top5=[a43=0.031, a24=0.031, a3=0.031, a9=0.030, a34=0.029] [BUILD FAILED: Ironmine]
  s=  377 a=  9(BUILD:Ironmine) r= -4.9613 cum=   -763.68 v=-34.0995 top5=[a43=0.031, a3=0.031, a24=0.031, a9=0.030, a34=0.029] [BUILD FAILED: Ironmine]
  s=  378 a=  4(BUILD:Garden) r= -2.9228 cum=   -766.60 v=-33.8217 top5=[a43=0.031, a3=0.031, a24=0.030, a9=0.030, a34=0.029] [BUILD FAILED: Garden]
  s=  379 a= 16(BUILD:CoalCut) r= -2.9258 cum=   -769.53 v=-33.5470 top5=[a43=0.031, a3=0.031, a24=0.030, a9=0.030, a34=0.030] [BUILD FAILED: CoalCut]
  s=  380 a= 41(MANAGER:7) r= -4.9642 cum=   -774.49 v=-33.2816 top5=[a3=0.031, a43=0.031, a24=0.030, a9=0.030, a34=0.030]
  s=  381 a= 23(BUILD:Torchlight) r= -2.9245 cum=   -777.42 v=-32.9894 top5=[a3=0.031, a43=0.030, a34=0.030, a9=0.030, a24=0.030] [BUILD FAILED: Torchlight]
  s=  382 a= 14(BUILD:Road) r= -2.9276 cum=   -780.35 v=-32.7426 top5=[a3=0.031, a43=0.030, a34=0.030, a9=0.030, a24=0.029] [BUILD FAILED: Road]
  s=  383 a= 15(BUILD:Fish) r= -4.9672 cum=   -785.31 v=-32.5008 top5=[a3=0.031, a43=0.030, a34=0.030, a9=0.030, a36=0.029] [BUILD FAILED: Fish]
  s=  384 a= 10(BUILD:Refinery) r= -2.9264 cum=   -788.24 v=-32.2591 top5=[a3=0.032, a34=0.030, a43=0.030, a9=0.030, a36=0.029] [BUILD FAILED: Refinery]
  s=  385 a= 40(MANAGER:6) r= -2.3238 cum=   -790.56 v=-32.0157 top5=[a3=0.032, a34=0.030, a43=0.030, a9=0.029, a36=0.029]
  s=  386 a= 27(BUILD:WaterMill) r= -4.9714 cum=   -795.54 v=-31.8071 top5=[a3=0.032, a34=0.030, a43=0.030, a9=0.029, a36=0.029] [BUILD FAILED: WaterMill]
  s=  387 a= 39(MANAGER:5) r= -2.9289 cum=   -798.46 v=-31.5672 top5=[a3=0.032, a34=0.030, a43=0.029, a9=0.029, a30=0.029]
  s=  388 a= 31(BUILD:AirStation) r= -2.9319 cum=   -801.40 v=-31.3126 top5=[a3=0.032, a34=0.030, a43=0.029, a9=0.029, a30=0.029] [BUILD FAILED: AirStation]
  s=  389 a= 34(MANAGER:0) r= -4.9745 cum=   -806.37 v=-31.0486 top5=[a3=0.032, a34=0.030, a43=0.029, a30=0.029, a36=0.029]
  s=  390 a= 40(MANAGER:6) r= -2.9308 cum=   -809.30 v=-30.7852 top5=[a3=0.032, a34=0.030, a43=0.029, a30=0.029, a36=0.029]
  s=  391 a= 43(MANAGER:9) r= -2.9338 cum=   -812.24 v=-30.5142 top5=[a3=0.032, a34=0.030, a43=0.029, a36=0.029, a30=0.029]
  s=  392 a= 26(BUILD:BigSawmill) r= -4.9778 cum=   -817.21 v=-30.2521 top5=[a3=0.031, a34=0.030, a43=0.029, a36=0.029, a30=0.029] [BUILD FAILED: BigSawmill]
  s=  393 a=  0(DAY) r= -2.9328 cum=   -820.15 v=-29.9988 top5=[a3=0.031, a34=0.030, a43=0.029, a36=0.029, a30=0.029]
  s=  394 a= 40(MANAGER:6) r= -2.9358 cum=   -823.08 v=-29.7540 top5=[a3=0.031, a34=0.030, a43=0.029, a36=0.029, a30=0.029]
  s=  395 a= 21(BUILD:BigFarm) r= -4.9811 cum=   -828.06 v=-29.5138 top5=[a3=0.031, a34=0.030, a43=0.029, a36=0.029, a30=0.029] [BUILD FAILED: BigFarm]
  s=  396 a= 19(BUILD:Mushroom) r= -2.9348 cum=   -831.00 v=-29.2763 top5=[a3=0.031, a34=0.030, a43=0.029, a36=0.029, a30=0.029] [BUILD FAILED: Mushroom]
  s=  397 a= 27(BUILD:WaterMill) r= -2.9378 cum=   -833.94 v=-29.0424 top5=[a3=0.031, a34=0.030, a43=0.029, a36=0.029, a30=0.028] [BUILD FAILED: WaterMill]
  s=  398 a=  0(DAY) r= -4.9845 cum=   -838.92 v=-28.8136 top5=[a3=0.031, a34=0.030, a43=0.029, a36=0.029, a44=0.028]
  s=  399 a=  7(BUILD:Sawmill) r= -2.9369 cum=   -841.86 v=-28.5886 top5=[a3=0.031, a34=0.030, a43=0.029, a36=0.029, a44=0.028] [BUILD FAILED: Sawmill]
  s=  400 a= 18(BUILD:CowFarm) r= -2.9399 cum=   -844.80 v=-28.3696 top5=[a3=0.031, a34=0.030, a43=0.029, a36=0.029, a44=0.029] [BUILD FAILED: CowFarm]
    state: year=1 month=3 season=0 money=2701 credit=173056 people=31 busy=0 free=31 home_places=450 need_workers=0 tax_due=1 main_tax_due=0 tax_amount=5982 main_tax_amount=0 days_alive=365 stage=0 res0=0 res1=200 res2=0 res3=0 res4=0 res5=0 res6=0 res7=0 res8=0 Road=13 BigHouse=2 | nw=1417636.1799
  s=  401 a= 19(BUILD:Mushroom) r= -4.9880 cum=   -849.79 v=-28.1566 top5=[a3=0.031, a34=0.030, a43=0.029, a44=0.029, a36=0.028] [BUILD FAILED: Mushroom]
  s=  402 a= 26(BUILD:BigSawmill) r= -2.9390 cum=   -852.72 v=-27.9335 top5=[a3=0.031, a34=0.030, a43=0.029, a44=0.029, a36=0.028] [BUILD FAILED: BigSawmill]
  s=  403 a= 17(BUILD:HuntingLand) r= -2.9420 cum=   -855.67 v=-27.7134 top5=[a3=0.031, a34=0.030, a43=0.029, a44=0.029, a36=0.028] [BUILD FAILED: HuntingLand]
  s=  404 a= 21(BUILD:BigFarm) r= -4.9915 cum=   -860.66 v=-27.4992 top5=[a3=0.031, a34=0.030, a43=0.029, a44=0.029, a36=0.028] [BUILD FAILED: BigFarm]
  s=  405 a= 13(BUILD:HydroStation) r= -2.9411 cum=   -863.60 v=-27.2906 top5=[a3=0.031, a34=0.030, a43=0.029, a44=0.029, a36=0.028] [BUILD FAILED: HydroStation]
  s=  406 a= 23(BUILD:Torchlight) r= -2.9441 cum=   -866.54 v=-27.0873 top5=[a3=0.031, a34=0.030, a43=0.029, a44=0.029, a36=0.028] [BUILD FAILED: Torchlight]
  s=  407 a= 44(MANAGER:10) r= -4.9951 cum=   -871.54 v=-26.8890 top5=[a3=0.032, a34=0.030, a43=0.029, a44=0.029, a36=0.028]
  s=  408 a= 21(BUILD:BigFarm) r= -2.9433 cum=   -874.48 v=-26.6940 top5=[a3=0.032, a34=0.030, a43=0.029, a44=0.029, a36=0.028] [BUILD FAILED: BigFarm]
  s=  409 a= 36(MANAGER:2) r= -2.2152 cum=   -876.70 v=-26.5014 top5=[a3=0.032, a34=0.030, a43=0.029, a44=0.029, a36=0.028]
  s=  410 a=  3(BUILD:Farm) r= -4.9998 cum=   -881.70 v=-16.7059 top5=[a34=0.038, a19=0.031, a43=0.031, a3=0.030, a44=0.030] [BUILD FAILED: Farm]
  s=  411 a= 22(BUILD:Apiary) r= -2.9461 cum=   -884.64 v=-16.5616 top5=[a34=0.038, a19=0.031, a43=0.031, a3=0.030, a44=0.030] [BUILD FAILED: Apiary]
  s=  412 a=  7(BUILD:Sawmill) r= -2.9491 cum=   -887.59 v=-16.4180 top5=[a34=0.038, a19=0.031, a43=0.031, a3=0.030, a44=0.030] [BUILD FAILED: Sawmill]
  s=  413 a= 14(BUILD:Road) r= -5.0035 cum=   -892.59 v=-16.2751 top5=[a34=0.038, a19=0.031, a43=0.031, a3=0.030, a44=0.030] [BUILD FAILED: Road]
  s=  414 a= 44(MANAGER:10) r= -2.1988 cum=   -894.79 v=-16.1360 top5=[a34=0.038, a19=0.031, a43=0.031, a3=0.030, a44=0.030]
  s=  415 a= 23(BUILD:Torchlight) r= -2.9519 cum=   -897.75 v=-16.0010 top5=[a34=0.038, a19=0.031, a43=0.031, a3=0.030, a44=0.030] [BUILD FAILED: Torchlight]
  s=  416 a=  7(BUILD:Sawmill) r= -5.0082 cum=   -902.75 v=-15.8711 top5=[a34=0.038, a19=0.031, a43=0.031, a3=0.030, a44=0.030] [BUILD FAILED: Sawmill]
  s=  417 a= 39(MANAGER:5) r= -5.0020 cum=   -907.76 v=-15.7451 top5=[a34=0.038, a19=0.031, a43=0.031, a3=0.030, a44=0.030]
    state: year=0 month=3 season=0 money=82000 credit=0 people=28 busy=0 free=28 home_places=50 need_workers=0 tax_due=0 main_tax_due=0 tax_amount=5106 main_tax_amount=0 days_alive=0 stage=0 res0=0 res1=0 res2=0 res3=0 res4=0 res5=0 res6=0 res7=0 res8=0 | nw=1532000.0000
  >>> Ep 1: reward=-907.76, steps=418
  >>> final: year=0 month=3 season=0 money=82000 credit=0 people=28 busy=0 free=28 home_places=50 need_workers=0 tax_due=0 main_tax_due=0 tax_amount=5106 main_tax_amount=0 days_alive=0 stage=0 res0=0 res1=0 res2=0 res3=0 res4=0 res5=0 res6=0 res7=0 res8=0 | nw=1532000.0000
======================================================================
EPISODE 2
======================================================================
init: year=0 month=3 season=0 money=82000 credit=0 people=28 busy=0 free=28 home_places=50 need_workers=0 tax_due=0 main_tax_due=0 tax_amount=5106 main_tax_amount=0 days_alive=0 stage=0 res0=0 res1=0 res2=0 res3=0 res4=0 res5=0 res6=0 res7=0 res8=0 | nw=1532000.0000
  s=    0 a= 11(BUILD:Goldmine) r= -0.2998 cum=     -0.30 v= +3.0528 top5=[a9=0.055, a15=0.043, a24=0.039, a32=0.039, a6=0.035] [BUILD: Goldmine]
    state: year=0 month=3 season=0 money=82000 credit=0 people=28 busy=0 free=28 home_places=50 need_workers=0 tax_due=0 main_tax_due=0 tax_amount=5106 main_tax_amount=0 days_alive=1 stage=0 res0=0 res1=0 res2=0 res3=0 res4=0 res5=0 res6=0 res7=0 res8=0 | nw=1532000.0000
  s=    1 a= 30(BUILD:BigIronmine) r= -0.2998 cum=     -0.60 v= +3.1483 top5=[a9=0.055, a15=0.043, a24=0.040, a32=0.039, a6=0.035] [BUILD: BigIronmine]
  s=    2 a= 13(BUILD:HydroStation) r= +0.2480 cum=     -0.35 v= +3.4638 top5=[a9=0.053, a15=0.041, a24=0.038, a32=0.038, a6=0.034] [BUILD: HydroStation]
  s=    3 a= 16(BUILD:CoalCut) r= -0.2997 cum=     -0.65 v= +7.1226 top5=[a32=0.040, a9=0.032, a24=0.031, a19=0.030, a40=0.030] [BUILD: CoalCut]
  s=    4 a=  2(BUILD:WaterChannel) r= +1.6044 cum=     +0.95 v= +7.1293 top5=[a32=0.039, a9=0.032, a24=0.031, a19=0.030, a40=0.030] [BUILD: WaterChannel]
  s=    5 a= 25(BUILD:SuperHouse) r= -0.2989 cum=     +0.65 v= +6.5536 top5=[a32=0.040, a24=0.033, a9=0.032, a1=0.029, a19=0.028] [BUILD: SuperHouse]
  s=    6 a=  1(WEEK) r= -4.7830 cum=     -4.13 v= +6.5649 top5=[a32=0.039, a24=0.033, a9=0.031, a1=0.029, a19=0.028]
  s=    7 a= 18(BUILD:CowFarm) r= +4.9779 cum=     +0.85 v= +6.5925 top5=[a32=0.039, a24=0.035, a9=0.031, a1=0.029, a19=0.029] [BUILD: CowFarm]
  s=    8 a= 11(BUILD:Goldmine) r= -0.2947 cum=     +0.55 v= +6.1600 top5=[a32=0.044, a24=0.033, a14=0.031, a9=0.031, a39=0.030] [BUILD: Goldmine]
  s=    9 a= 41(MANAGER:7) r= -4.9134 cum=     -4.36 v= +6.1806 top5=[a32=0.044, a24=0.033, a14=0.031, a9=0.031, a39=0.030]
  s=   10 a= 40(MANAGER:6) r= +0.3042 cum=     -4.05 v= +6.6322 top5=[a32=0.041, a24=0.032, a39=0.030, a22=0.030, a19=0.029]
  s=   11 a= 20(BUILD:BigHouse) r= -0.2944 cum=     -4.35 v= +6.6568 top5=[a32=0.041, a24=0.033, a39=0.030, a22=0.030, a19=0.029] [BUILD: BigHouse]
  s=   12 a=  7(BUILD:Sawmill) r= -4.9072 cum=     -9.26 v= +6.6830 top5=[a32=0.041, a24=0.033, a39=0.030, a22=0.030, a19=0.029] [BUILD FAILED: Sawmill]
  s=   13 a=  3(BUILD:Farm) r= +4.9022 cum=     -4.35 v= +6.6939 top5=[a32=0.041, a24=0.033, a39=0.030, a22=0.029, a19=0.029] [BUILD: Farm]
  s=   14 a=  7(BUILD:Sawmill) r= -0.2905 cum=     -4.64 v= +4.1956 top5=[a32=0.040, a24=0.031, a19=0.030, a39=0.030, a11=0.029] [BUILD: Sawmill]
  s=   15 a= 40(MANAGER:6) r= -4.8435 cum=     -9.49 v= +4.1681 top5=[a32=0.040, a24=0.031, a19=0.031, a39=0.030, a11=0.029]
  s=   16 a= 13(BUILD:HydroStation) r= -0.2904 cum=     -9.78 v= +4.1395 top5=[a32=0.040, a24=0.031, a19=0.031, a39=0.030, a11=0.029] [BUILD: HydroStation]
  s=   17 a= 41(MANAGER:7) r= -0.2904 cum=    -10.07 v= +4.1155 top5=[a32=0.040, a24=0.031, a19=0.031, a39=0.030, a14=0.029]
  s=   18 a= 18(BUILD:CowFarm) r= -4.8419 cum=    -14.91 v= +4.0637 top5=[a32=0.040, a24=0.032, a19=0.031, a39=0.030, a14=0.029] [BUILD FAILED: CowFarm]
  s=   19 a= 35(MANAGER:1) r= -0.2903 cum=    -15.20 v= +4.0275 top5=[a32=0.040, a24=0.032, a19=0.031, a39=0.030, a14=0.029]
  s=   20 a= 32(BUILD:SmallAtomStation) r= -0.2903 cum=    -15.49 v= +3.9911 top5=[a32=0.040, a24=0.032, a19=0.031, a39=0.030, a14=0.029] [BUILD: SmallAtomStation]
  s=   21 a= 23(BUILD:Torchlight) r= -4.8403 cum=    -20.33 v= +3.9512 top5=[a32=0.040, a24=0.032, a19=0.032, a39=0.029, a14=0.029] [BUILD FAILED: Torchlight]
  s=   22 a= 34(MANAGER:0) r= +4.8361 cum=    -15.50 v= +4.4920 top5=[a32=0.039, a19=0.032, a24=0.032, a39=0.029, a36=0.029]
  s=   23 a= 23(BUILD:Torchlight) r= -0.2894 cum=    -15.79 v= +4.2186 top5=[a32=0.039, a19=0.031, a36=0.030, a24=0.030, a22=0.029] [BUILD: Torchlight]
  s=   24 a= 27(BUILD:WaterMill) r= -4.7826 cum=    -20.57 v= +4.2595 top5=[a32=0.039, a19=0.031, a36=0.030, a24=0.030, a22=0.029] [BUILD FAILED: WaterMill]
  s=   25 a=  9(BUILD:Ironmine) r= -0.2893 cum=    -20.86 v= +2.8553 top5=[a32=0.040, a6=0.033, a39=0.031, a22=0.031, a11=0.029] [BUILD: Ironmine]
  s=   26 a= 21(BUILD:BigFarm) r= -0.2894 cum=    -21.15 v= +3.0120 top5=[a32=0.040, a6=0.033, a39=0.031, a22=0.031, a11=0.029] [BUILD: BigFarm]
  s=   27 a= 33(BUILD:AtomStation) r= -4.7819 cum=    -25.93 v= +3.1525 top5=[a32=0.040, a6=0.033, a39=0.031, a22=0.030, a11=0.029] [BUILD FAILED: AtomStation]
  s=   28 a= 40(MANAGER:6) r= +0.2936 cum=    -25.63 v= +3.2725 top5=[a32=0.040, a6=0.032, a39=0.031, a22=0.030, a11=0.029]
  s=   29 a= 33(BUILD:AtomStation) r= -0.2892 cum=    -25.92 v= +3.3821 top5=[a32=0.039, a6=0.032, a39=0.031, a22=0.030, a11=0.029] [BUILD: AtomStation]
  s=   30 a= 41(MANAGER:7) r= -4.7783 cum=    -30.70 v= +3.4844 top5=[a32=0.039, a6=0.032, a39=0.030, a22=0.030, a11=0.029]
  s=   31 a= 28(BUILD:BigRefinary) r= -0.2890 cum=    -30.99 v= +3.5416 top5=[a32=0.039, a6=0.032, a39=0.030, a22=0.030, a11=0.029] [BUILD: BigRefinary]
  s=   32 a= 41(MANAGER:7) r= -0.2891 cum=    -31.28 v= +3.6033 top5=[a32=0.039, a6=0.032, a22=0.030, a39=0.030, a11=0.029]
  s=   33 a= 13(BUILD:HydroStation) r= -4.7776 cum=    -36.06 v= +3.4118 top5=[a32=0.039, a6=0.030, a39=0.030, a22=0.029, a11=0.028] [BUILD FAILED: HydroStation]
  s=   34 a= 30(BUILD:BigIronmine) r= -0.2921 cum=    -36.35 v= +2.2042 top5=[a32=0.040, a6=0.030, a39=0.030, a22=0.029, a11=0.028] [BUILD: BigIronmine]
  s=   35 a= 38(MANAGER:4) r= +1.6475 cum=    -34.70 v= +2.3025 top5=[a32=0.040, a6=0.030, a39=0.030, a22=0.029, a11=0.028]
  s=   36 a= 22(BUILD:Apiary) r= -4.7643 cum=    -39.47 v= +2.5474 top5=[a32=0.043, a36=0.031, a14=0.030, a22=0.029, a39=0.029] [BUILD FAILED: Apiary]
  s=   37 a= 19(BUILD:Mushroom) r= -0.3024 cum=    -39.77 v= +0.9622 top5=[a32=0.043, a36=0.033, a15=0.032, a41=0.029, a43=0.028] [BUILD: Mushroom]
  s=   38 a= 38(MANAGER:4) r= +1.6065 cum=    -38.16 v= +1.0015 top5=[a32=0.043, a36=0.033, a15=0.032, a41=0.029, a43=0.028]
  s=   39 a= 31(BUILD:AirStation) r= -4.7518 cum=    -42.91 v= +3.3260 top5=[a32=0.047, a39=0.031, a36=0.030, a15=0.030, a14=0.030] [BUILD FAILED: AirStation]
  s=   40 a=  2(BUILD:WaterChannel) r= -0.2966 cum=    -43.21 v= +3.4302 top5=[a32=0.047, a39=0.031, a36=0.030, a14=0.030, a15=0.030] [BUILD: WaterChannel]
  s=   41 a= 33(BUILD:AtomStation) r= -0.2977 cum=    -43.51 v= +3.5328 top5=[a32=0.047, a39=0.031, a36=0.030, a14=0.030, a15=0.030] [BUILD: AtomStation]
  s=   42 a= 40(MANAGER:6) r= -4.4688 cum=    -47.98 v= +3.6266 top5=[a32=0.046, a39=0.031, a36=0.030, a14=0.030, a15=0.030]
  s=   43 a= 24(BUILD:Hothouse) r= -0.2977 cum=    -48.28 v= +3.7040 top5=[a32=0.046, a39=0.031, a36=0.031, a15=0.030, a14=0.030] [BUILD: Hothouse]
  s=   44 a= 43(MANAGER:9) r= -0.2978 cum=    -48.57 v= +3.7880 top5=[a32=0.046, a39=0.031, a36=0.031, a15=0.030, a14=0.030]
  s=   45 a= 30(BUILD:BigIronmine) r= -4.7531 cum=    -53.33 v= +3.8656 top5=[a32=0.046, a39=0.031, a36=0.031, a15=0.030, a14=0.030] [BUILD FAILED: BigIronmine]
  s=   46 a= 15(BUILD:Fish) r= -0.2937 cum=    -53.62 v= +3.9385 top5=[a32=0.045, a39=0.031, a36=0.031, a15=0.030, a14=0.030] [BUILD: Fish]
  s=   47 a= 25(BUILD:SuperHouse) r= -0.2965 cum=    -53.92 v= +4.0096 top5=[a32=0.045, a39=0.031, a36=0.031, a15=0.031, a14=0.030] [BUILD: SuperHouse]
  s=   48 a=  3(BUILD:Farm) r= -4.7529 cum=    -58.67 v= +4.0908 top5=[a32=0.045, a39=0.031, a36=0.031, a15=0.031, a14=0.030] [BUILD FAILED: Farm]
  s=   49 a= 44(MANAGER:10) r= +0.4158 cum=    -58.25 v= +4.1695 top5=[a32=0.045, a39=0.031, a36=0.031, a15=0.031, a14=0.030]
  s=   50 a= 10(BUILD:Refinery) r= -0.2978 cum=    -58.55 v= +4.2470 top5=[a32=0.045, a39=0.031, a36=0.031, a15=0.031, a14=0.030] [BUILD: Refinery]
    state: year=0 month=4 season=0 money=7506 credit=0 people=28 busy=0 free=28 home_places=110 need_workers=0 tax_due=0 main_tax_due=0 tax_amount=6814 main_tax_amount=0 days_alive=57 stage=0 res0=0 res1=200 res2=0 res3=0 res4=0 res5=0 res6=0 res7=0 res8=0 Farm=1 Garden=1 House=1 CowFarm=1 | nw=1531102.7387
  s=   51 a= 10(BUILD:Refinery) r= -4.7492 cum=    -63.30 v= +4.2868 top5=[a32=0.044, a39=0.032, a36=0.031, a15=0.030, a14=0.030] [BUILD FAILED: Refinery]
  s=   52 a= 39(MANAGER:5) r= +1.5814 cum=    -61.72 v= +5.0881 top5=[a32=0.048, a39=0.033, a15=0.032, a36=0.031, a14=0.030]
  s=   53 a= 37(MANAGER:3) r= -4.7361 cum=    -66.46 v= +2.3111 top5=[a32=0.041, a15=0.036, a36=0.035, a43=0.033, a25=0.031]
  s=   54 a= 11(BUILD:Goldmine) r= -4.7331 cum=    -71.19 v= +4.5540 top5=[a36=0.034, a32=0.032, a19=0.032, a14=0.032, a24=0.032] [BUILD FAILED: Goldmine]
  s=   55 a= 12(BUILD:PowerStation) r= +0.8661 cum=    -70.32 v= +2.2904 top5=[a32=0.037, a36=0.030, a11=0.028, a39=0.028, a14=0.028] [BUILD: PowerStation]
  s=   56 a= 17(BUILD:HuntingLand) r= -0.2962 cum=    -70.62 v= +2.5268 top5=[a32=0.036, a36=0.029, a11=0.029, a44=0.028, a14=0.028] [BUILD: HuntingLand]
  s=   57 a= 40(MANAGER:6) r= -4.7271 cum=    -75.35 v= +2.6005 top5=[a32=0.036, a36=0.029, a11=0.029, a44=0.028, a14=0.028]
  s=   58 a= 15(BUILD:Fish) r= -0.2991 cum=    -75.64 v= +2.6666 top5=[a32=0.035, a36=0.029, a11=0.028, a44=0.028, a14=0.028] [BUILD: Fish]
  s=   59 a= 42(MANAGER:8) r= -0.1795 cum=    -75.82 v= +2.7151 top5=[a32=0.035, a36=0.030, a11=0.028, a14=0.028, a44=0.028]
  s=   60 a= 41(MANAGER:7) r= -4.7267 cum=    -80.55 v= -2.8676 top5=[a32=0.037, a24=0.031, a41=0.028, a40=0.028, a44=0.028]
  s=   61 a= 30(BUILD:BigIronmine) r= -0.6511 cum=    -81.20 v= -2.7882 top5=[a32=0.037, a24=0.031, a41=0.028, a40=0.028, a43=0.028] [BUILD: BigIronmine]
  s=   62 a=  1(WEEK) r= -2.4095 cum=    -83.61 v= -2.3556 top5=[a32=0.039, a24=0.032, a40=0.029, a39=0.028, a41=0.028]
  s=   63 a= 13(BUILD:HydroStation) r= -0.1401 cum=    -83.75 v= -1.9168 top5=[a32=0.038, a24=0.032, a40=0.030, a43=0.030, a41=0.029] [BUILD: HydroStation]
  s=   64 a=  2(BUILD:WaterChannel) r= +1.1445 cum=    -82.61 v= -1.6499 top5=[a32=0.037, a24=0.032, a43=0.030, a40=0.028, a11=0.028] [BUILD: WaterChannel]
  s=   65 a=  8(BUILD:Coalmine) r= -0.6625 cum=    -83.27 v= -1.8731 top5=[a32=0.035, a24=0.035, a11=0.031, a43=0.030, a34=0.030] [BUILD: Coalmine]
  s=   66 a= 25(BUILD:SuperHouse) r= -4.7288 cum=    -88.00 v= -1.7362 top5=[a32=0.035, a24=0.035, a43=0.031, a11=0.030, a34=0.030] [BUILD FAILED: SuperHouse]
  s=   67 a= 10(BUILD:Refinery) r= -0.6549 cum=    -88.65 v= -1.5976 top5=[a24=0.035, a32=0.035, a43=0.031, a11=0.030, a34=0.030] [BUILD: Refinery]
  s=   68 a= 44(MANAGER:10) r= +0.0433 cum=    -88.61 v= -1.4518 top5=[a24=0.035, a32=0.035, a43=0.031, a11=0.030, a34=0.030]
  s=   69 a= 15(BUILD:Fish) r= -4.7287 cum=    -93.34 v= -1.3315 top5=[a24=0.036, a32=0.035, a43=0.031, a11=0.030, a34=0.030] [BUILD FAILED: Fish]
  s=   70 a= 18(BUILD:CowFarm) r= -0.6620 cum=    -94.00 v= -1.2148 top5=[a24=0.036, a32=0.034, a43=0.031, a11=0.030, a34=0.030] [BUILD: CowFarm]
  s=   71 a= 23(BUILD:Torchlight) r= -0.6637 cum=    -94.66 v= -1.0962 top5=[a24=0.036, a32=0.034, a43=0.032, a11=0.030, a34=0.030] [BUILD: Torchlight]
  s=   72 a= 26(BUILD:BigSawmill) r= -4.7313 cum=    -99.40 v= -0.9885 top5=[a24=0.036, a32=0.034, a43=0.032, a11=0.030, a34=0.029] [BUILD FAILED: BigSawmill]
  s=   73 a= 13(BUILD:HydroStation) r= -0.1459 cum=    -99.54 v= -0.8847 top5=[a24=0.036, a32=0.034, a43=0.032, a11=0.029, a34=0.029] [BUILD: HydroStation]
  s=   74 a= 34(MANAGER:0) r= -0.6658 cum=   -100.21 v= -1.3628 top5=[a24=0.037, a32=0.034, a43=0.031, a11=0.031, a34=0.031]
  s=   75 a= 24(BUILD:Hothouse) r= -4.7320 cum=   -104.94 v= -1.1940 top5=[a24=0.037, a32=0.034, a43=0.032, a11=0.031, a34=0.031] [BUILD FAILED: Hothouse]
  s=   76 a=  8(BUILD:Coalmine) r= -0.6663 cum=   -105.61 v= -1.0656 top5=[a24=0.037, a32=0.034, a43=0.032, a11=0.031, a34=0.030] [BUILD: Coalmine]
  s=   77 a=  0(DAY) r= -0.1938 cum=   -105.80 v= -0.9289 top5=[a24=0.037, a32=0.034, a43=0.032, a11=0.031, a34=0.030]
  s=   78 a= 19(BUILD:Mushroom) r= -4.7329 cum=   -110.53 v= -0.7980 top5=[a24=0.037, a32=0.033, a43=0.032, a11=0.031, a36=0.030] [BUILD FAILED: Mushroom]
  s=   79 a=  4(BUILD:Garden) r= -0.6695 cum=   -111.20 v= -0.6703 top5=[a24=0.037, a32=0.033, a43=0.032, a11=0.031, a36=0.030] [BUILD: Garden]
  s=   80 a= 20(BUILD:BigHouse) r= -0.6702 cum=   -111.87 v= -4.9870 top5=[a24=0.038, a15=0.036, a11=0.035, a32=0.034, a10=0.033] [BUILD: BigHouse]
  s=   81 a=  6(BUILD:SmallHouse) r= -4.7355 cum=   -116.61 v= -8.7293 top5=[a22=0.040, a32=0.039, a15=0.038, a14=0.038, a6=0.037] [BUILD FAILED: SmallHouse]
  s=   82 a= 44(MANAGER:10) r= +0.0392 cum=   -116.57 v= -8.6468 top5=[a22=0.040, a32=0.039, a15=0.038, a14=0.037, a6=0.037]
  s=   83 a= 15(BUILD:Fish) r= -0.6733 cum=   -117.24 v= -8.5664 top5=[a22=0.040, a32=0.039, a15=0.038, a14=0.037, a6=0.037] [BUILD: Fish]
  s=   84 a= 23(BUILD:Torchlight) r= -4.7354 cum=   -121.98 v= -8.4968 top5=[a22=0.040, a32=0.039, a6=0.038, a14=0.037, a15=0.037] [BUILD FAILED: Torchlight]
  s=   85 a= 15(BUILD:Fish) r= -0.6727 cum=   -122.65 v= -8.4341 top5=[a22=0.040, a32=0.039, a6=0.038, a14=0.037, a15=0.037] [BUILD: Fish]
  s=   86 a= 11(BUILD:Goldmine) r= -0.6744 cum=   -123.32 v= -8.0165 top5=[a22=0.039, a32=0.038, a6=0.037, a15=0.037, a24=0.036] [BUILD: Goldmine]
  s=   87 a=  1(WEEK) r= -4.7379 cum=   -128.06 v= -7.7230 top5=[a22=0.037, a32=0.037, a15=0.036, a24=0.036, a6=0.036]
  s=   88 a= 32(BUILD:SmallAtomStation) r= -0.6814 cum=   -128.74 v= -7.5058 top5=[a32=0.037, a24=0.037, a6=0.036, a15=0.036, a14=0.035] [BUILD: SmallAtomStation]
  s=   89 a= 42(MANAGER:8) r= -0.5661 cum=   -129.31 v= -7.2955 top5=[a24=0.037, a32=0.037, a6=0.036, a15=0.036, a14=0.034]
  s=   90 a=  3(BUILD:Farm) r= +0.7774 cum=   -128.53 v=-10.2025 top5=[a24=0.040, a6=0.034, a32=0.033, a22=0.033, a11=0.032] [BUILD: Farm]
  s=   91 a= 24(BUILD:Hothouse) r= +4.7365 cum=   -123.80 v=-11.2229 top5=[a11=0.036, a24=0.036, a22=0.035, a6=0.035, a32=0.033] [BUILD: Hothouse]
  s=   92 a= 14(BUILD:Road) r= +3.6179 cum=   -120.18 v=-12.4047 top5=[a11=0.038, a22=0.037, a6=0.037, a32=0.035, a15=0.033] [BUILD: Road]
  s=   93 a= 16(BUILD:CoalCut) r= -1.0335 cum=   -121.21 v=-12.4448 top5=[a22=0.038, a11=0.035, a41=0.034, a34=0.033, a32=0.033] [BUILD FAILED: CoalCut]
  s=   94 a=  4(BUILD:Garden) r= -4.6708 cum=   -125.88 v=-11.9403 top5=[a22=0.038, a41=0.035, a11=0.034, a36=0.033, a34=0.033] [BUILD FAILED: Garden]
  s=   95 a=  2(BUILD:WaterChannel) r= +0.7725 cum=   -125.11 v=-11.7453 top5=[a22=0.038, a41=0.035, a11=0.034, a36=0.033, a34=0.033] [BUILD: WaterChannel]
  s=   96 a= 41(MANAGER:7) r= -1.0448 cum=   -126.15 v=-13.7029 top5=[a41=0.039, a22=0.037, a11=0.036, a34=0.036, a44=0.036]
  s=   97 a=  2(BUILD:WaterChannel) r= -4.6688 cum=   -130.82 v=-14.3078 top5=[a41=0.039, a22=0.036, a36=0.036, a11=0.035, a34=0.035] [BUILD FAILED: WaterChannel]
  s=   98 a= 26(BUILD:BigSawmill) r= -1.0484 cum=   -131.87 v=-14.1196 top5=[a41=0.039, a22=0.036, a36=0.036, a11=0.035, a34=0.035] [BUILD FAILED: BigSawmill]
  s=   99 a=  6(BUILD:SmallHouse) r= -1.0457 cum=   -132.92 v=-13.9453 top5=[a41=0.039, a22=0.036, a36=0.036, a11=0.035, a34=0.035] [BUILD FAILED: SmallHouse]
  s=  100 a= 29(BUILD:Puerperal) r= +1.2799 cum=   -131.64 v=-14.4345 top5=[a41=0.037, a36=0.036, a34=0.036, a11=0.036, a44=0.034] [BUILD: Puerperal]
    state: year=0 month=6 season=1 money=12072 credit=106883 people=28 busy=0 free=28 home_places=230 need_workers=12 tax_due=0 main_tax_due=0 tax_amount=9338 main_tax_amount=0 days_alive=119 stage=0 res0=0 res1=400 res2=0 res3=0 res4=0 res5=0 res6=0 res7=0 res8=0 Farm=3 Garden=2 Road=1 House=3 SmallHouse=1 Hothouse=1 | nw=1494839.8349
  s=  101 a=  1(WEEK) r= -4.6675 cum=   -136.30 v=-13.9393 top5=[a41=0.038, a36=0.037, a34=0.036, a11=0.034, a44=0.033]
  s=  102 a= 36(MANAGER:2) r= -0.2810 cum=   -136.59 v=-14.6474 top5=[a36=0.037, a44=0.036, a41=0.035, a32=0.033, a34=0.032]
  s=  103 a= 26(BUILD:BigSawmill) r= -4.6666 cum=   -141.25 v=-14.4103 top5=[a36=0.036, a44=0.036, a41=0.035, a34=0.033, a32=0.032] [BUILD FAILED: BigSawmill]
  s=  104 a= 19(BUILD:Mushroom) r= -1.0699 cum=   -142.32 v=-14.7533 top5=[a36=0.037, a44=0.036, a24=0.035, a41=0.034, a34=0.034] [BUILD FAILED: Mushroom]
  s=  105 a= 40(MANAGER:6) r= -0.5055 cum=   -142.83 v=-15.4836 top5=[a36=0.039, a41=0.034, a34=0.033, a24=0.033, a44=0.033]
  s=  106 a= 38(MANAGER:4) r= -3.8779 cum=   -146.71 v=-15.3004 top5=[a36=0.039, a41=0.034, a34=0.033, a24=0.033, a44=0.033]
  s=  107 a= 21(BUILD:BigFarm) r= -1.0749 cum=   -147.78 v=-15.1030 top5=[a36=0.038, a41=0.035, a24=0.035, a34=0.033, a10=0.033] [BUILD FAILED: BigFarm]
  s=  108 a= 12(BUILD:PowerStation) r= +0.0697 cum=   -147.71 v=-14.9727 top5=[a36=0.038, a41=0.035, a24=0.034, a34=0.033, a10=0.033] [BUILD: PowerStation]
  s=  109 a= 21(BUILD:BigFarm) r= -1.0796 cum=   -148.79 v=-14.3056 top5=[a36=0.036, a41=0.036, a24=0.033, a10=0.032, a12=0.032] [BUILD FAILED: BigFarm]
  s=  110 a= 36(MANAGER:2) r= -4.6786 cum=   -153.47 v=-14.0983 top5=[a36=0.036, a41=0.036, a24=0.033, a10=0.032, a44=0.032]
  s=  111 a= 13(BUILD:HydroStation) r= -1.0845 cum=   -154.55 v=-13.9123 top5=[a41=0.036, a36=0.036, a24=0.033, a10=0.032, a44=0.032] [BUILD FAILED: HydroStation]
  s=  112 a= 27(BUILD:WaterMill) r= -1.0864 cum=   -155.64 v=-13.7309 top5=[a41=0.036, a36=0.036, a24=0.033, a10=0.032, a34=0.032] [BUILD FAILED: WaterMill]
  s=  113 a= 12(BUILD:PowerStation) r= +0.0643 cum=   -155.58 v=-13.5695 top5=[a41=0.036, a36=0.036, a24=0.033, a10=0.032, a34=0.032] [BUILD: PowerStation]
  s=  114 a= 31(BUILD:AirStation) r= -1.0692 cum=   -156.65 v=-12.9023 top5=[a41=0.037, a36=0.034, a11=0.032, a22=0.032, a10=0.032] [BUILD FAILED: AirStation]
  s=  115 a= 10(BUILD:Refinery) r= -4.6872 cum=   -161.33 v=-13.7477 top5=[a41=0.036, a36=0.036, a24=0.035, a34=0.034, a32=0.032] [BUILD FAILED: Refinery]
  s=  116 a= 25(BUILD:SuperHouse) r= -1.1027 cum=   -162.44 v=-14.4467 top5=[a32=0.047, a11=0.045, a24=0.037, a43=0.036, a15=0.035] [BUILD FAILED: SuperHouse]
  s=  117 a= 31(BUILD:AirStation) r= -1.1064 cum=   -163.54 v=-14.4073 top5=[a32=0.047, a11=0.045, a24=0.036, a43=0.036, a15=0.035] [BUILD FAILED: AirStation]
  s=  118 a= 10(BUILD:Refinery) r= -4.6918 cum=   -168.23 v=-14.3773 top5=[a32=0.047, a11=0.046, a24=0.036, a43=0.035, a15=0.035] [BUILD FAILED: Refinery]
  s=  119 a= 28(BUILD:BigRefinary) r= -1.1100 cum=   -169.34 v=-14.3659 top5=[a32=0.047, a11=0.046, a24=0.036, a43=0.035, a15=0.035] [BUILD FAILED: BigRefinary]
  s=  120 a= 22(BUILD:Apiary) r= +2.6505 cum=   -166.69 v=-14.7204 top5=[a32=0.048, a11=0.044, a24=0.037, a34=0.035, a15=0.035] [BUILD: Apiary]
  s=  121 a= 34(MANAGER:0) r= -1.1104 cum=   -167.80 v=-16.2095 top5=[a11=0.046, a32=0.044, a24=0.036, a15=0.035, a34=0.034]
  s=  122 a= 43(MANAGER:9) r= -4.6802 cum=   -172.48 v=-15.9806 top5=[a11=0.044, a32=0.042, a24=0.036, a15=0.035, a43=0.034]
  s=  123 a= 28(BUILD:BigRefinary) r= -1.1141 cum=   -173.60 v=-15.7095 top5=[a11=0.043, a32=0.040, a24=0.036, a15=0.035, a43=0.034] [BUILD FAILED: BigRefinary]
  s=  124 a= 33(BUILD:AtomStation) r= -1.1154 cum=   -174.71 v=-15.5444 top5=[a11=0.042, a32=0.039, a24=0.037, a15=0.035, a34=0.035] [BUILD FAILED: AtomStation]
  s=  125 a=  6(BUILD:SmallHouse) r= -4.6848 cum=   -179.40 v=-15.4966 top5=[a11=0.042, a32=0.039, a24=0.037, a34=0.035, a15=0.035] [BUILD FAILED: SmallHouse]
  s=  126 a= 35(MANAGER:1) r= -1.0861 cum=   -180.48 v=-15.4161 top5=[a11=0.042, a32=0.038, a24=0.037, a34=0.035, a15=0.034]
  s=  127 a= 11(BUILD:Goldmine) r= -1.1284 cum=   -181.61 v=-15.5861 top5=[a11=0.042, a32=0.040, a24=0.038, a34=0.037, a15=0.034] [BUILD FAILED: Goldmine]
  s=  128 a= 20(BUILD:BigHouse) r= -4.6894 cum=   -186.30 v=-15.5307 top5=[a11=0.040, a24=0.039, a32=0.039, a34=0.036, a36=0.034] [BUILD FAILED: BigHouse]
  s=  129 a= 42(MANAGER:8) r= -1.1321 cum=   -187.43 v=-16.6814 top5=[a32=0.039, a24=0.037, a36=0.035, a11=0.034, a12=0.033]
  s=  130 a= 19(BUILD:Mushroom) r= -1.1358 cum=   -188.57 v=-16.5146 top5=[a32=0.039, a24=0.037, a36=0.035, a11=0.034, a12=0.033] [BUILD FAILED: Mushroom]
  s=  131 a= 18(BUILD:CowFarm) r= -4.6940 cum=   -193.26 v=-16.3724 top5=[a32=0.038, a24=0.037, a36=0.035, a11=0.034, a12=0.033] [BUILD FAILED: CowFarm]
  s=  132 a= 24(BUILD:Hothouse) r= -1.1385 cum=   -194.40 v=-16.2670 top5=[a32=0.038, a24=0.037, a36=0.035, a11=0.034, a41=0.033] [BUILD FAILED: Hothouse]
  s=  133 a= 43(MANAGER:9) r= -1.1391 cum=   -195.54 v=-16.1803 top5=[a32=0.038, a24=0.037, a36=0.035, a11=0.034, a34=0.033]
  s=  134 a=  3(BUILD:Farm) r= -4.6985 cum=   -200.24 v=-16.0908 top5=[a32=0.037, a24=0.036, a36=0.034, a11=0.034, a34=0.033] [BUILD FAILED: Farm]
  s=  135 a=  8(BUILD:Coalmine) r= -1.1446 cum=   -201.38 v=-15.9820 top5=[a32=0.037, a24=0.036, a36=0.034, a11=0.034, a34=0.033] [BUILD FAILED: Coalmine]
  s=  136 a= 28(BUILD:BigRefinary) r= -1.1449 cum=   -202.53 v=-15.8807 top5=[a32=0.037, a24=0.036, a11=0.034, a36=0.034, a34=0.033] [BUILD FAILED: BigRefinary]
  s=  137 a= 40(MANAGER:6) r= -4.7030 cum=   -207.23 v=-15.8065 top5=[a32=0.037, a24=0.036, a11=0.034, a36=0.034, a34=0.033]
  s=  138 a=  5(BUILD:House) r= -1.1456 cum=   -208.38 v=-15.7348 top5=[a32=0.036, a24=0.036, a11=0.034, a36=0.034, a34=0.034] [BUILD FAILED: House]
  s=  139 a= 34(MANAGER:0) r= -1.1494 cum=   -209.53 v=-15.6744 top5=[a32=0.036, a24=0.036, a11=0.035, a34=0.034, a36=0.034]
  s=  140 a= 36(MANAGER:2) r= -4.7075 cum=   -214.23 v=-15.6401 top5=[a32=0.036, a24=0.036, a11=0.035, a34=0.034, a36=0.034]
  s=  141 a=  3(BUILD:Farm) r= -1.1486 cum=   -215.38 v=-15.6564 top5=[a32=0.036, a24=0.036, a11=0.035, a34=0.034, a36=0.033] [BUILD FAILED: Farm]
  s=  142 a= 19(BUILD:Mushroom) r= -1.1585 cum=   -216.54 v=-15.6245 top5=[a32=0.036, a24=0.036, a11=0.035, a34=0.034, a36=0.033] [BUILD FAILED: Mushroom]
  s=  143 a= 40(MANAGER:6) r= -4.7119 cum=   -221.25 v=-15.6170 top5=[a32=0.036, a24=0.036, a11=0.035, a34=0.034, a36=0.033]
  s=  144 a= 26(BUILD:BigSawmill) r= -1.1305 cum=   -222.38 v=-15.6159 top5=[a32=0.036, a24=0.036, a11=0.035, a34=0.034, a36=0.033] [BUILD FAILED: BigSawmill]
  s=  145 a= 44(MANAGER:10) r= -0.4671 cum=   -222.85 v=-15.8682 top5=[a34=0.037, a32=0.037, a24=0.035, a11=0.035, a36=0.033]
  s=  146 a= 27(BUILD:WaterMill) r= -4.7147 cum=   -227.57 v=-15.6772 top5=[a32=0.043, a15=0.036, a12=0.035, a43=0.033, a39=0.033] [BUILD FAILED: WaterMill]
  s=  147 a= 18(BUILD:CowFarm) r= -1.1784 cum=   -228.74 v=-15.6985 top5=[a32=0.043, a15=0.036, a12=0.035, a43=0.033, a39=0.033] [BUILD FAILED: CowFarm]
  s=  148 a= 32(BUILD:SmallAtomStation) r= -1.1798 cum=   -229.92 v=-15.7153 top5=[a32=0.043, a15=0.036, a12=0.035, a43=0.033, a39=0.033] [BUILD FAILED: SmallAtomStation]
  s=  149 a= 27(BUILD:WaterMill) r= -4.7191 cum=   -234.64 v=-15.7410 top5=[a32=0.043, a15=0.036, a12=0.034, a43=0.033, a39=0.033] [BUILD FAILED: WaterMill]
  s=  150 a= 27(BUILD:WaterMill) r= -1.1822 cum=   -235.83 v=-15.7730 top5=[a32=0.042, a15=0.036, a12=0.034, a43=0.033, a39=0.033] [BUILD FAILED: WaterMill]
    state: year=0 month=8 season=1 money=1670 credit=119508 people=28 busy=0 free=28 home_places=230 need_workers=18 tax_due=0 main_tax_due=0 tax_amount=9762 main_tax_amount=0 days_alive=175 stage=0 res0=0 res1=200 res2=0 res3=0 res4=0 res5=0 res6=0 res7=0 res8=0 Farm=3 Garden=2 Road=3 House=3 SmallHouse=1 Apiary=1 Hothouse=1 | nw=1481564.7760
  s=  151 a= 44(MANAGER:10) r= -0.4793 cum=   -236.30 v=-15.8057 top5=[a32=0.042, a15=0.036, a12=0.034, a43=0.033, a39=0.033]
  s=  152 a= 18(BUILD:CowFarm) r= -4.7220 cum=   -241.03 v=-15.8488 top5=[a32=0.042, a15=0.036, a12=0.034, a39=0.033, a43=0.033] [BUILD FAILED: CowFarm]
  s=  153 a= 24(BUILD:Hothouse) r= -1.1860 cum=   -242.21 v=-15.9004 top5=[a32=0.042, a15=0.036, a12=0.033, a39=0.033, a43=0.033] [BUILD FAILED: Hothouse]
  s=  154 a= 10(BUILD:Refinery) r= -1.1876 cum=   -243.40 v=-15.9396 top5=[a32=0.041, a15=0.036, a12=0.033, a39=0.033, a43=0.033] [BUILD FAILED: Refinery]
  s=  155 a= 12(BUILD:PowerStation) r= -0.0268 cum=   -243.43 v=-16.0043 top5=[a32=0.041, a15=0.036, a12=0.033, a39=0.033, a43=0.033] [BUILD: PowerStation]
  s=  156 a= 44(MANAGER:10) r= -0.4876 cum=   -243.91 v=-14.3766 top5=[a43=0.036, a15=0.035, a32=0.035, a41=0.034, a34=0.034]
  s=  157 a=  6(BUILD:SmallHouse) r= -4.7288 cum=   -248.64 v=-14.4339 top5=[a43=0.036, a15=0.035, a32=0.035, a41=0.034, a34=0.034] [BUILD FAILED: SmallHouse]
  s=  158 a= 43(MANAGER:9) r= -1.1987 cum=   -249.84 v=-14.4801 top5=[a43=0.036, a15=0.035, a32=0.035, a34=0.034, a41=0.034]
  s=  159 a= 28(BUILD:BigRefinary) r= -1.2014 cum=   -251.04 v=-14.5192 top5=[a43=0.036, a15=0.035, a32=0.034, a34=0.034, a41=0.034] [BUILD FAILED: BigRefinary]
  s=  160 a=  0(DAY) r= -4.7331 cum=   -255.78 v=-13.3219 top5=[a12=0.060, a32=0.044, a9=0.038, a39=0.033, a41=0.033]
  s=  161 a= 44(MANAGER:10) r= -0.4945 cum=   -256.27 v=-13.4107 top5=[a12=0.060, a32=0.044, a9=0.038, a39=0.033, a41=0.033]
  s=  162 a= 21(BUILD:BigFarm) r= -1.2058 cum=   -257.48 v=-13.8111 top5=[a12=0.062, a32=0.045, a9=0.040, a39=0.034, a30=0.033] [BUILD FAILED: BigFarm]
  s=  163 a= 13(BUILD:HydroStation) r= -4.7359 cum=   -262.21 v=-13.8546 top5=[a12=0.062, a32=0.044, a9=0.040, a39=0.034, a30=0.033] [BUILD FAILED: HydroStation]
  s=  164 a= 15(BUILD:Fish) r= -1.2135 cum=   -263.43 v=-13.9164 top5=[a12=0.061, a32=0.044, a9=0.039, a39=0.034, a30=0.033] [BUILD FAILED: Fish]
  s=  165 a= 36(MANAGER:2) r= -0.3088 cum=   -263.74 v=-13.9750 top5=[a12=0.061, a32=0.044, a9=0.039, a39=0.034, a30=0.033]
  s=  166 a= 42(MANAGER:8) r= -4.7380 cum=   -268.47 v=-14.0829 top5=[a12=0.060, a32=0.044, a9=0.039, a39=0.034, a30=0.033]
  s=  167 a=  7(BUILD:Sawmill) r= -1.2268 cum=   -269.70 v=-14.1523 top5=[a12=0.060, a32=0.044, a9=0.038, a39=0.034, a30=0.033] [BUILD FAILED: Sawmill]
  s=  168 a= 41(MANAGER:7) r= -1.2193 cum=   -270.92 v=-14.2263 top5=[a12=0.060, a32=0.044, a9=0.038, a39=0.034, a30=0.033]
  s=  169 a= 39(MANAGER:5) r= -4.0683 cum=   -274.99 v=-14.4109 top5=[a12=0.059, a32=0.044, a9=0.038, a39=0.034, a30=0.033]
  s=  170 a= 15(BUILD:Fish) r= -1.2263 cum=   -276.21 v=-14.9687 top5=[a12=0.060, a32=0.042, a9=0.038, a39=0.032, a30=0.032] [BUILD FAILED: Fish]
  s=  171 a= 32(BUILD:SmallAtomStation) r= -1.2361 cum=   -277.45 v=-15.0249 top5=[a12=0.059, a32=0.042, a9=0.038, a39=0.032, a30=0.032] [BUILD FAILED: SmallAtomStation]
  s=  172 a= 40(MANAGER:6) r= -4.7494 cum=   -282.20 v=-15.0782 top5=[a12=0.059, a32=0.042, a9=0.038, a39=0.033, a30=0.032]
  s=  173 a= 12(BUILD:PowerStation) r= -0.0681 cum=   -282.27 v=-15.0678 top5=[a12=0.058, a32=0.042, a9=0.037, a39=0.033, a30=0.032] [BUILD: PowerStation]
  s=  174 a= 40(MANAGER:6) r= -1.2283 cum=   -283.50 v=-14.4900 top5=[a12=0.056, a32=0.042, a9=0.035, a39=0.033, a30=0.031]
  s=  175 a= 27(BUILD:WaterMill) r= -4.7506 cum=   -288.25 v=-14.5145 top5=[a12=0.055, a32=0.042, a9=0.034, a39=0.033, a30=0.031] [BUILD FAILED: WaterMill]
  s=  176 a= 38(MANAGER:4) r= +0.6566 cum=   -287.59 v=-14.5393 top5=[a12=0.055, a32=0.043, a9=0.034, a39=0.033, a30=0.031]
  s=  177 a=  3(BUILD:Farm) r= -1.2373 cum=   -288.83 v=-13.2680 top5=[a12=0.058, a32=0.041, a41=0.033, a9=0.032, a39=0.032] [BUILD FAILED: Farm]
  s=  178 a= 12(BUILD:PowerStation) r= +0.4017 cum=   -288.43 v=-13.3440 top5=[a12=0.057, a32=0.041, a41=0.033, a39=0.032, a9=0.032] [BUILD: PowerStation]
  s=  179 a= 37(MANAGER:3) r= -4.7477 cum=   -293.17 v=-13.1194 top5=[a12=0.056, a32=0.040, a39=0.032, a41=0.032, a9=0.030]
  s=  180 a= 34(MANAGER:0) r= -4.7450 cum=   -297.92 v=-13.4642 top5=[a12=0.051, a32=0.040, a41=0.033, a34=0.032, a9=0.031]
  s=  181 a= 32(BUILD:SmallAtomStation) r= -1.2344 cum=   -299.15 v=-13.6132 top5=[a12=0.051, a32=0.040, a41=0.033, a34=0.033, a9=0.030] [BUILD FAILED: SmallAtomStation]
  s=  182 a= 39(MANAGER:5) r= -1.2370 cum=   -300.39 v=-13.7509 top5=[a12=0.050, a32=0.040, a41=0.033, a34=0.032, a22=0.030]
  s=  183 a= 39(MANAGER:5) r= -4.7491 cum=   -305.14 v=-13.8866 top5=[a12=0.050, a32=0.040, a41=0.032, a34=0.032, a22=0.031]
  s=  184 a= 22(BUILD:Apiary) r= -1.2478 cum=   -306.39 v=-14.0242 top5=[a12=0.050, a32=0.040, a41=0.032, a34=0.032, a22=0.031] [BUILD FAILED: Apiary]
  s=  185 a=  8(BUILD:Coalmine) r= -1.2453 cum=   -307.63 v=-14.5270 top5=[a12=0.052, a32=0.042, a34=0.033, a9=0.032, a41=0.032] [BUILD FAILED: Coalmine]
  s=  186 a= 31(BUILD:AirStation) r= -4.7532 cum=   -312.39 v=-14.6460 top5=[a12=0.051, a32=0.042, a34=0.032, a9=0.032, a41=0.032] [BUILD FAILED: AirStation]
  s=  187 a= 15(BUILD:Fish) r= -1.2423 cum=   -313.63 v=-14.7623 top5=[a12=0.051, a32=0.042, a34=0.032, a9=0.032, a41=0.032] [BUILD FAILED: Fish]
  s=  188 a= 34(MANAGER:0) r= -1.2484 cum=   -314.88 v=-14.8741 top5=[a12=0.051, a32=0.042, a34=0.032, a41=0.032, a9=0.031]
  s=  189 a= 38(MANAGER:4) r= -4.1070 cum=   -318.98 v=-14.9944 top5=[a12=0.050, a32=0.042, a34=0.032, a41=0.031, a9=0.031]
  s=  190 a= 22(BUILD:Apiary) r= -1.2580 cum=   -320.24 v=-15.3559 top5=[a12=0.062, a32=0.039, a9=0.033, a41=0.033, a34=0.032] [BUILD FAILED: Apiary]
  s=  191 a=  8(BUILD:Coalmine) r= -1.2640 cum=   -321.50 v=-15.3417 top5=[a12=0.062, a32=0.040, a9=0.033, a41=0.033, a34=0.031] [BUILD FAILED: Coalmine]
  s=  192 a= 22(BUILD:Apiary) r= -4.7640 cum=   -326.27 v=-15.3550 top5=[a12=0.061, a32=0.040, a9=0.033, a41=0.033, a34=0.031] [BUILD FAILED: Apiary]
  s=  193 a= 39(MANAGER:5) r= +0.6375 cum=   -325.63 v=-15.3706 top5=[a12=0.060, a32=0.040, a9=0.033, a41=0.033, a34=0.031]
  s=  194 a= 38(MANAGER:4) r= +0.6374 cum=   -324.99 v=-15.3964 top5=[a12=0.059, a32=0.038, a9=0.033, a41=0.032, a44=0.032]
  s=  195 a= 15(BUILD:Fish) r= -4.7567 cum=   -329.75 v=-15.4098 top5=[a12=0.059, a32=0.040, a9=0.033, a41=0.033, a34=0.031] [BUILD FAILED: Fish]
  s=  196 a= 12(BUILD:PowerStation) r= -0.1023 cum=   -329.85 v=-15.4395 top5=[a12=0.059, a32=0.040, a41=0.033, a9=0.033, a34=0.031] [BUILD: PowerStation]
  s=  197 a= 41(MANAGER:7) r= -1.2705 cum=   -331.12 v=-14.9103 top5=[a12=0.056, a32=0.039, a41=0.033, a9=0.031, a34=0.031]
  s=  198 a= 12(BUILD:PowerStation) r= -4.7580 cum=   -335.88 v=-15.0536 top5=[a12=0.055, a32=0.039, a41=0.033, a9=0.031, a8=0.031] [BUILD FAILED: PowerStation]
  s=  199 a= 41(MANAGER:7) r= -1.2686 cum=   -337.15 v=-15.1037 top5=[a12=0.055, a32=0.039, a41=0.033, a8=0.031, a9=0.031]
  s=  200 a= 39(MANAGER:5) r= +0.6293 cum=   -336.52 v=-15.1541 top5=[a12=0.055, a32=0.039, a41=0.033, a8=0.031, a34=0.031]
    state: year=0 month=10 season=2 money=171 credit=132035 people=28 busy=0 free=28 home_places=250 need_workers=23 tax_due=0 main_tax_due=0 tax_amount=9354 main_tax_amount=0 days_alive=225 stage=0 res0=0 res1=400 res2=0 res3=0 res4=0 res5=0 res6=0 res7=0 res8=0 Farm=3 Garden=2 Road=7 House=3 SmallHouse=1 Hothouse=1 | nw=1459272.4925
  s=  201 a= 27(BUILD:WaterMill) r= -4.7564 cum=   -341.28 v=-14.9693 top5=[a12=0.053, a32=0.037, a41=0.032, a44=0.031, a34=0.031] [BUILD FAILED: WaterMill]
  s=  202 a= 14(BUILD:Road) r= -1.2805 cum=   -342.56 v=-15.0448 top5=[a12=0.053, a32=0.037, a41=0.032, a44=0.031, a34=0.031] [BUILD FAILED: Road]
  s=  203 a=  4(BUILD:Garden) r= -1.1051 cum=   -343.66 v=-15.7276 top5=[a12=0.056, a32=0.039, a9=0.032, a44=0.031, a34=0.031] [BUILD FAILED: Garden]
  s=  204 a=  0(DAY) r= -4.7602 cum=   -348.42 v=-15.7893 top5=[a12=0.055, a32=0.039, a9=0.031, a44=0.031, a34=0.031]
  s=  205 a= 39(MANAGER:5) r= -1.2854 cum=   -349.71 v=-15.8809 top5=[a12=0.055, a32=0.039, a44=0.031, a9=0.031, a34=0.031]
  s=  206 a=  9(BUILD:Ironmine) r= -1.2875 cum=   -351.00 v=-15.9707 top5=[a12=0.054, a32=0.039, a44=0.031, a9=0.031, a41=0.031] [BUILD FAILED: Ironmine]
  s=  207 a= 41(MANAGER:7) r= -4.7642 cum=   -355.76 v=-16.0636 top5=[a12=0.054, a32=0.039, a44=0.032, a9=0.031, a41=0.031]
  s=  208 a= 43(MANAGER:9) r= -1.2944 cum=   -357.05 v=-16.1622 top5=[a12=0.054, a32=0.040, a44=0.032, a9=0.031, a41=0.031]
  s=  209 a= 15(BUILD:Fish) r= -1.2939 cum=   -358.35 v=-16.2770 top5=[a12=0.053, a32=0.040, a44=0.032, a41=0.030, a34=0.030] [BUILD FAILED: Fish]
  s=  210 a= 15(BUILD:Fish) r= -4.7681 cum=   -363.12 v=-16.3948 top5=[a12=0.053, a32=0.040, a44=0.032, a41=0.030, a34=0.030] [BUILD FAILED: Fish]
  s=  211 a=  6(BUILD:SmallHouse) r= -1.2973 cum=   -364.41 v=-16.5139 top5=[a12=0.053, a32=0.040, a44=0.032, a41=0.030, a34=0.030] [BUILD FAILED: SmallHouse]
  s=  212 a= 14(BUILD:Road) r= -1.2999 cum=   -365.71 v=-16.6328 top5=[a12=0.053, a32=0.040, a44=0.032, a41=0.030, a34=0.030] [BUILD FAILED: Road]
  s=  213 a= 42(MANAGER:8) r= -4.7721 cum=   -370.49 v=-16.7552 top5=[a12=0.053, a32=0.040, a44=0.032, a34=0.030, a41=0.030]
  s=  214 a=  4(BUILD:Garden) r= -1.3005 cum=   -371.79 v=-16.8797 top5=[a12=0.052, a32=0.040, a44=0.032, a34=0.030, a41=0.030] [BUILD FAILED: Garden]
  s=  215 a= 44(MANAGER:10) r= -0.5907 cum=   -372.38 v=-17.0059 top5=[a12=0.052, a32=0.040, a44=0.032, a34=0.030, a41=0.030]
  s=  216 a=  6(BUILD:SmallHouse) r= -4.7747 cum=   -377.15 v=-17.1218 top5=[a12=0.052, a32=0.041, a44=0.032, a34=0.030, a41=0.030] [BUILD FAILED: SmallHouse]
  s=  217 a= 38(MANAGER:4) r= +0.5934 cum=   -376.56 v=-17.2348 top5=[a12=0.051, a32=0.041, a44=0.032, a34=0.030, a41=0.030]
  s=  218 a= 37(MANAGER:3) r= -4.7698 cum=   -381.33 v=-17.5854 top5=[a12=0.052, a32=0.042, a41=0.031, a44=0.031, a8=0.030]
  s=  219 a= 44(MANAGER:10) r= -4.7671 cum=   -386.10 v=-17.1289 top5=[a12=0.051, a32=0.040, a34=0.030, a8=0.030, a11=0.030]
  s=  220 a= 17(BUILD:HuntingLand) r= -1.3088 cum=   -387.40 v=-17.2705 top5=[a12=0.051, a32=0.040, a11=0.030, a34=0.030, a8=0.030] [BUILD FAILED: HuntingLand]
  s=  221 a= 41(MANAGER:7) r= -1.3208 cum=   -388.72 v=-17.1566 top5=[a12=0.060, a32=0.036, a9=0.033, a44=0.032, a8=0.031]
  s=  222 a=  0(DAY) r= -4.7711 cum=   -393.50 v=-17.1418 top5=[a12=0.059, a32=0.036, a9=0.033, a44=0.031, a8=0.031]
  s=  223 a= 23(BUILD:Torchlight) r= -1.3191 cum=   -394.82 v=-17.1262 top5=[a12=0.059, a32=0.036, a9=0.033, a44=0.031, a8=0.031] [BUILD FAILED: Torchlight]
  s=  224 a= 13(BUILD:HydroStation) r= -1.3246 cum=   -396.14 v=-17.1110 top5=[a12=0.058, a32=0.036, a9=0.032, a8=0.031, a44=0.031] [BUILD FAILED: HydroStation]
  s=  225 a= 20(BUILD:BigHouse) r= -4.7750 cum=   -400.91 v=-17.0960 top5=[a12=0.058, a32=0.036, a9=0.032, a8=0.031, a44=0.031] [BUILD FAILED: BigHouse]
  s=  226 a= 15(BUILD:Fish) r= -1.3231 cum=   -402.24 v=-17.0812 top5=[a12=0.057, a32=0.036, a9=0.032, a8=0.031, a44=0.031] [BUILD FAILED: Fish]
  s=  227 a= 44(MANAGER:10) r= -0.6146 cum=   -402.85 v=-17.0735 top5=[a12=0.057, a32=0.036, a9=0.031, a8=0.031, a44=0.031]
  s=  228 a=  3(BUILD:Farm) r= -4.7776 cum=   -407.63 v=-17.0899 top5=[a12=0.057, a32=0.036, a8=0.031, a9=0.031, a34=0.031] [BUILD FAILED: Farm]
  s=  229 a=  5(BUILD:House) r= -1.3319 cum=   -408.96 v=-17.1487 top5=[a12=0.056, a32=0.036, a8=0.031, a34=0.031, a44=0.031] [BUILD FAILED: House]
  s=  230 a= 20(BUILD:BigHouse) r= -1.3375 cum=   -410.30 v=-17.2250 top5=[a12=0.056, a32=0.036, a8=0.031, a44=0.031, a34=0.031] [BUILD FAILED: BigHouse]
  s=  231 a= 27(BUILD:WaterMill) r= -4.7815 cum=   -415.08 v=-17.2753 top5=[a12=0.055, a32=0.037, a8=0.031, a44=0.031, a34=0.031] [BUILD FAILED: WaterMill]
  s=  232 a= 12(BUILD:PowerStation) r= -0.1613 cum=   -415.24 v=-17.3220 top5=[a12=0.055, a32=0.037, a8=0.031, a44=0.031, a34=0.031] [BUILD: PowerStation]
  s=  233 a= 22(BUILD:Apiary) r= -1.3391 cum=   -416.58 v=-16.8669 top5=[a12=0.052, a32=0.036, a44=0.031, a34=0.030, a8=0.030] [BUILD FAILED: Apiary]
  s=  234 a=  5(BUILD:House) r= -4.7828 cum=   -421.36 v=-16.9478 top5=[a12=0.052, a32=0.037, a44=0.031, a34=0.030, a8=0.030] [BUILD FAILED: House]
  s=  235 a= 44(MANAGER:10) r= -0.6230 cum=   -421.99 v=-17.0296 top5=[a12=0.052, a32=0.037, a44=0.031, a34=0.030, a8=0.030]
  s=  236 a=  8(BUILD:Coalmine) r= -1.3441 cum=   -423.33 v=-17.1073 top5=[a12=0.052, a32=0.037, a44=0.031, a34=0.030, a8=0.030] [BUILD FAILED: Coalmine]
  s=  237 a= 44(MANAGER:10) r= -4.7853 cum=   -428.12 v=-17.1850 top5=[a12=0.052, a32=0.037, a44=0.031, a34=0.030, a8=0.030]
  s=  238 a= 17(BUILD:HuntingLand) r= -1.3572 cum=   -429.47 v=-17.2712 top5=[a12=0.052, a32=0.037, a44=0.031, a34=0.030, a8=0.029] [BUILD FAILED: HuntingLand]
  s=  239 a= 37(MANAGER:3) r= -4.7859 cum=   -434.26 v=-18.0157 top5=[a12=0.054, a32=0.038, a44=0.031, a34=0.031, a8=0.030]
  s=  240 a=  9(BUILD:Ironmine) r= -4.7832 cum=   -439.04 v=-18.1071 top5=[a12=0.044, a32=0.035, a44=0.034, a8=0.032, a11=0.030] [BUILD FAILED: Ironmine]
  s=  241 a= 14(BUILD:Road) r= -1.3533 cum=   -440.40 v=-18.2170 top5=[a12=0.044, a32=0.035, a44=0.034, a8=0.032, a11=0.030] [BUILD FAILED: Road]
  s=  242 a= 12(BUILD:PowerStation) r= -0.1750 cum=   -440.57 v=-18.3283 top5=[a12=0.044, a32=0.035, a44=0.034, a8=0.031, a11=0.030] [BUILD: PowerStation]
  s=  243 a= 44(MANAGER:10) r= -0.6405 cum=   -441.21 v=-18.1438 top5=[a12=0.043, a32=0.035, a44=0.034, a8=0.031, a11=0.030]
  s=  244 a= 24(BUILD:Hothouse) r= -4.7866 cum=   -446.00 v=-18.2563 top5=[a12=0.043, a32=0.035, a44=0.034, a8=0.031, a11=0.030] [BUILD FAILED: Hothouse]
  s=  245 a= 20(BUILD:BigHouse) r= -1.3643 cum=   -447.36 v=-18.3612 top5=[a12=0.043, a32=0.035, a44=0.034, a11=0.031, a8=0.030] [BUILD FAILED: BigHouse]
  s=  246 a= 44(MANAGER:10) r= -0.1706 cum=   -447.53 v=-18.4713 top5=[a12=0.043, a32=0.035, a44=0.034, a11=0.031, a8=0.030]
  s=  247 a= 36(MANAGER:2) r= -4.7879 cum=   -452.32 v=-18.5720 top5=[a12=0.042, a32=0.035, a44=0.034, a11=0.031, a8=0.030]
  s=  248 a= 36(MANAGER:2) r= -0.8723 cum=   -453.19 v=-18.7750 top5=[a12=0.042, a32=0.035, a44=0.034, a11=0.031, a8=0.030]
  s=  249 a= 30(BUILD:BigIronmine) r= -1.3674 cum=   -454.56 v=-19.4383 top5=[a12=0.044, a32=0.036, a44=0.034, a11=0.032, a8=0.031] [BUILD FAILED: BigIronmine]
  s=  250 a=  9(BUILD:Ironmine) r= -4.7909 cum=   -459.35 v=-19.5560 top5=[a12=0.044, a32=0.036, a44=0.034, a11=0.032, a8=0.031] [BUILD FAILED: Ironmine]
    state: year=0 month=12 season=3 money=1095 credit=145883 people=29 busy=0 free=29 home_places=230 need_workers=0 tax_due=0 main_tax_due=0 tax_amount=8514 main_tax_amount=0 days_alive=275 stage=0 res0=0 res1=400 res2=0 res3=0 res4=0 res5=0 res6=0 res7=0 res8=0 Farm=3 Garden=2 Road=9 House=3 | nw=1425058.5509
  s=  251 a= 14(BUILD:Road) r= -1.3700 cum=   -460.72 v=-22.7844 top5=[a12=0.047, a36=0.039, a32=0.038, a39=0.036, a8=0.033] [BUILD FAILED: Road]
  s=  252 a= 44(MANAGER:10) r= -0.6596 cum=   -461.38 v=-21.2184 top5=[a12=0.073, a32=0.039, a11=0.031, a39=0.030, a24=0.029]
  s=  253 a= 38(MANAGER:4) r= -4.2435 cum=   -465.62 v=-21.1415 top5=[a12=0.072, a32=0.039, a11=0.031, a39=0.030, a24=0.029]
  s=  254 a=  8(BUILD:Coalmine) r= -1.3901 cum=   -467.01 v=-21.1970 top5=[a12=0.071, a32=0.039, a11=0.031, a39=0.031, a43=0.030] [BUILD FAILED: Coalmine]
  s=  255 a= 14(BUILD:Road) r= -1.3866 cum=   -468.40 v=-21.1016 top5=[a12=0.070, a32=0.039, a11=0.031, a39=0.030, a43=0.030] [BUILD FAILED: Road]
  s=  256 a= 38(MANAGER:4) r= -4.2746 cum=   -472.68 v=-21.0061 top5=[a12=0.069, a32=0.039, a11=0.032, a39=0.030, a43=0.030]
  s=  257 a= 14(BUILD:Road) r= -1.4017 cum=   -474.08 v=-21.2222 top5=[a12=0.068, a32=0.039, a43=0.032, a39=0.032, a11=0.032] [BUILD FAILED: Road]
  s=  258 a= 14(BUILD:Road) r= -1.3929 cum=   -475.47 v=-21.1362 top5=[a12=0.067, a32=0.039, a43=0.032, a11=0.032, a39=0.032] [BUILD FAILED: Road]
  s=  259 a=  6(BUILD:SmallHouse) r= -4.8054 cum=   -480.28 v=-21.0723 top5=[a12=0.066, a32=0.039, a43=0.032, a11=0.032, a39=0.032] [BUILD FAILED: SmallHouse]
  s=  260 a= 32(BUILD:SmallAtomStation) r= -1.4016 cum=   -481.68 v=-21.0105 top5=[a12=0.065, a32=0.039, a43=0.032, a11=0.032, a39=0.032] [BUILD FAILED: SmallAtomStation]
  s=  261 a= 29(BUILD:Puerperal) r= -1.3957 cum=   -483.07 v=-20.9588 top5=[a12=0.064, a32=0.039, a43=0.032, a11=0.032, a39=0.032] [BUILD FAILED: Puerperal]
  s=  262 a= 17(BUILD:HuntingLand) r= -4.8090 cum=   -487.88 v=-20.9067 top5=[a12=0.063, a32=0.040, a43=0.033, a11=0.032, a39=0.032] [BUILD FAILED: HuntingLand]
  s=  263 a= 25(BUILD:SuperHouse) r= -1.4059 cum=   -489.29 v=-20.8544 top5=[a12=0.062, a32=0.040, a43=0.033, a11=0.032, a39=0.032] [BUILD FAILED: SuperHouse]
  s=  264 a= 27(BUILD:WaterMill) r= -1.4141 cum=   -490.70 v=-20.8073 top5=[a12=0.061, a32=0.040, a43=0.033, a11=0.032, a39=0.031] [BUILD FAILED: WaterMill]
  s=  265 a= 18(BUILD:CowFarm) r= -4.8127 cum=   -495.52 v=-20.7658 top5=[a12=0.061, a32=0.040, a43=0.033, a11=0.032, a39=0.031] [BUILD FAILED: CowFarm]
  s=  266 a= 28(BUILD:BigRefinary) r= -1.4129 cum=   -496.93 v=-20.7235 top5=[a12=0.060, a32=0.040, a43=0.033, a11=0.032, a39=0.031] [BUILD FAILED: BigRefinary]
  s=  267 a= 40(MANAGER:6) r= -0.8353 cum=   -497.76 v=-20.6856 top5=[a12=0.059, a32=0.041, a43=0.033, a11=0.033, a39=0.031]
  s=  268 a= 22(BUILD:Apiary) r= -4.8155 cum=   -502.58 v=-20.6193 top5=[a12=0.058, a32=0.041, a43=0.033, a11=0.033, a39=0.031] [BUILD FAILED: Apiary]
  s=  269 a= 31(BUILD:AirStation) r= -1.4248 cum=   -504.00 v=-20.6214 top5=[a12=0.057, a32=0.041, a43=0.033, a11=0.033, a39=0.031] [BUILD FAILED: AirStation]
  s=  270 a=  8(BUILD:Coalmine) r= -1.4289 cum=   -505.43 v=-20.6726 top5=[a12=0.057, a32=0.041, a43=0.033, a11=0.033, a39=0.031] [BUILD FAILED: Coalmine]
  s=  271 a=  7(BUILD:Sawmill) r= -4.8191 cum=   -510.25 v=-20.7416 top5=[a12=0.056, a32=0.041, a43=0.033, a11=0.033, a39=0.031] [BUILD FAILED: Sawmill]
  s=  272 a= 19(BUILD:Mushroom) r= -1.4288 cum=   -511.68 v=-20.8114 top5=[a12=0.055, a32=0.041, a43=0.033, a11=0.033, a39=0.031] [BUILD FAILED: Mushroom]
  s=  273 a=  6(BUILD:SmallHouse) r= -1.4326 cum=   -513.11 v=-20.8811 top5=[a12=0.054, a32=0.042, a43=0.033, a11=0.033, a39=0.031] [BUILD FAILED: SmallHouse]
  s=  274 a= 36(MANAGER:2) r= -4.8227 cum=   -517.94 v=-20.9482 top5=[a12=0.053, a32=0.042, a43=0.033, a11=0.033, a39=0.031]
  s=  275 a=  5(BUILD:House) r= -0.4722 cum=   -518.41 v=-21.0265 top5=[a12=0.053, a32=0.042, a43=0.033, a11=0.033, a39=0.031] [BUILD: House]
  s=  276 a= 36(MANAGER:2) r= -0.9446 cum=   -519.35 v=-21.0878 top5=[a12=0.052, a32=0.042, a11=0.033, a43=0.033, a39=0.031]
  s=  277 a= 28(BUILD:BigRefinary) r= -4.8239 cum=   -524.18 v=-21.1667 top5=[a12=0.051, a32=0.042, a11=0.033, a43=0.033, a39=0.031] [BUILD FAILED: BigRefinary]
  s=  278 a=  5(BUILD:House) r= -1.4432 cum=   -525.62 v=-21.2402 top5=[a12=0.050, a32=0.042, a11=0.033, a43=0.033, a39=0.032] [BUILD FAILED: House]
  s=  279 a=  2(BUILD:WaterChannel) r= -1.4442 cum=   -527.06 v=-21.3126 top5=[a12=0.049, a32=0.042, a11=0.033, a43=0.033, a39=0.032] [BUILD FAILED: WaterChannel]
  s=  280 a= 38(MANAGER:4) r= -4.3364 cum=   -531.40 v=-21.3782 top5=[a12=0.049, a32=0.042, a11=0.033, a43=0.033, a39=0.032]
  s=  281 a=  1(WEEK) r= -4.8268 cum=   -536.23 v=-21.8263 top5=[a12=0.047, a32=0.042, a43=0.035, a39=0.034, a11=0.033]
  s=  282 a= 34(MANAGER:0) r= -1.4701 cum=   -537.70 v=-24.7434 top5=[a12=0.080, a39=0.038, a15=0.034, a32=0.033, a11=0.033]
  s=  283 a= 36(MANAGER:2) r= -4.8272 cum=   -542.52 v=-24.8633 top5=[a12=0.079, a39=0.038, a15=0.034, a32=0.033, a11=0.033]
  s=  284 a= 27(BUILD:WaterMill) r= -1.4761 cum=   -544.00 v=-25.0045 top5=[a12=0.078, a39=0.038, a15=0.034, a32=0.033, a11=0.033] [BUILD FAILED: WaterMill]
  s=  285 a= 35(MANAGER:1) r= -0.9787 cum=   -544.98 v=-25.1295 top5=[a12=0.077, a39=0.038, a15=0.034, a11=0.033, a32=0.033]
  s=  286 a= 20(BUILD:BigHouse) r= -4.8302 cum=   -549.81 v=-25.2521 top5=[a12=0.076, a39=0.038, a15=0.034, a11=0.033, a32=0.033] [BUILD FAILED: BigHouse]
  s=  287 a= 29(BUILD:Puerperal) r= -1.4802 cum=   -551.29 v=-25.3499 top5=[a12=0.075, a39=0.039, a15=0.034, a11=0.034, a32=0.033] [BUILD FAILED: Puerperal]
  s=  288 a=  1(WEEK) r= -4.8306 cum=   -556.12 v=-25.4380 top5=[a12=0.074, a39=0.039, a11=0.034, a15=0.034, a32=0.033]
  s=  289 a=  2(BUILD:WaterChannel) r= -4.8279 cum=   -560.95 v=-26.2936 top5=[a12=0.068, a39=0.041, a11=0.035, a32=0.034, a15=0.034] [BUILD FAILED: WaterChannel]
  s=  290 a= 12(BUILD:PowerStation) r= -0.3129 cum=   -561.26 v=-26.5411 top5=[a12=0.068, a39=0.041, a11=0.036, a32=0.034, a15=0.034] [BUILD: PowerStation]
  s=  291 a= 10(BUILD:Refinery) r= -1.5075 cum=   -562.77 v=-26.9487 top5=[a12=0.062, a39=0.037, a11=0.035, a32=0.034, a15=0.032] [BUILD FAILED: Refinery]
  s=  292 a= 11(BUILD:Goldmine) r= -4.8294 cum=   -567.60 v=-27.1669 top5=[a12=0.061, a39=0.037, a11=0.036, a32=0.034, a15=0.032] [BUILD FAILED: Goldmine]
  s=  293 a= 15(BUILD:Fish) r= -1.5010 cum=   -569.10 v=-27.3842 top5=[a12=0.061, a39=0.037, a11=0.036, a32=0.034, a15=0.032] [BUILD FAILED: Fish]
  s=  294 a= 42(MANAGER:8) r= -1.5212 cum=   -570.62 v=-27.6009 top5=[a12=0.060, a39=0.038, a11=0.036, a32=0.034, a15=0.032]
  s=  295 a= 44(MANAGER:10) r= -4.8330 cum=   -575.45 v=-27.8181 top5=[a12=0.059, a39=0.038, a11=0.036, a32=0.034, a43=0.032]
  s=  296 a=  9(BUILD:Ironmine) r= -1.5120 cum=   -576.96 v=-28.0367 top5=[a12=0.058, a39=0.038, a11=0.037, a32=0.034, a43=0.032] [BUILD FAILED: Ironmine]
  s=  297 a= 11(BUILD:Goldmine) r= -1.5190 cum=   -578.48 v=-28.4090 top5=[a12=0.062, a39=0.042, a11=0.037, a32=0.034, a15=0.033] [BUILD FAILED: Goldmine]
  s=  298 a=  6(BUILD:SmallHouse) r= -4.8367 cum=   -583.32 v=-28.6505 top5=[a12=0.061, a39=0.042, a11=0.037, a32=0.034, a15=0.033] [BUILD FAILED: SmallHouse]
  s=  299 a= 19(BUILD:Mushroom) r= -1.5170 cum=   -584.84 v=-28.8947 top5=[a12=0.060, a39=0.043, a11=0.037, a32=0.034, a15=0.033] [BUILD FAILED: Mushroom]
  s=  300 a= 36(MANAGER:2) r= -0.3138 cum=   -585.15 v=-29.1382 top5=[a12=0.059, a39=0.043, a11=0.038, a32=0.034, a15=0.033]
    state: year=1 month=2 season=3 money=462 credit=165089 people=30 busy=0 free=30 home_places=230 need_workers=0 tax_due=0 main_tax_due=0 tax_amount=8518 main_tax_amount=0 days_alive=337 stage=0 res0=0 res1=200 res2=0 res3=0 res4=0 res5=0 res6=0 res7=0 res8=0 Farm=3 Garden=2 Road=10 House=3 | nw=1405087.9419
  s=  301 a=  4(BUILD:Garden) r= -4.8380 cum=   -589.99 v=-28.4191 top5=[a12=0.089, a39=0.037, a32=0.032, a15=0.031, a11=0.029] [BUILD FAILED: Garden]
  s=  302 a=  6(BUILD:SmallHouse) r= -1.5347 cum=   -591.52 v=-28.4757 top5=[a12=0.088, a39=0.037, a32=0.032, a15=0.031, a11=0.029] [BUILD FAILED: SmallHouse]
  s=  303 a= 43(MANAGER:9) r= -1.5376 cum=   -593.06 v=-28.5675 top5=[a12=0.087, a39=0.037, a32=0.032, a15=0.031, a11=0.029]
  s=  304 a=  7(BUILD:Sawmill) r= -4.8416 cum=   -597.90 v=-28.6608 top5=[a12=0.086, a39=0.038, a32=0.032, a15=0.031, a11=0.030] [BUILD FAILED: Sawmill]
  s=  305 a= 29(BUILD:Puerperal) r= -1.5392 cum=   -599.44 v=-28.7553 top5=[a12=0.086, a39=0.038, a32=0.032, a15=0.031, a11=0.030] [BUILD FAILED: Puerperal]
  s=  306 a= 12(BUILD:PowerStation) r= +1.0968 cum=   -598.35 v=-28.8662 top5=[a12=0.084, a39=0.038, a32=0.032, a15=0.031, a11=0.030] [BUILD: PowerStation]
  s=  307 a=  8(BUILD:Coalmine) r= -1.5503 cum=   -599.90 v=-28.4791 top5=[a12=0.078, a39=0.036, a32=0.032, a11=0.030, a6=0.029] [BUILD FAILED: Coalmine]
  s=  308 a= 21(BUILD:BigFarm) r= -4.8407 cum=   -604.74 v=-28.6250 top5=[a12=0.077, a39=0.036, a32=0.032, a11=0.030, a6=0.029] [BUILD FAILED: BigFarm]
  s=  309 a= 22(BUILD:Apiary) r= -1.5494 cum=   -606.29 v=-28.7669 top5=[a12=0.076, a39=0.036, a32=0.032, a11=0.030, a15=0.029] [BUILD FAILED: Apiary]
  s=  310 a= 26(BUILD:BigSawmill) r= -1.5536 cum=   -607.84 v=-28.9131 top5=[a12=0.075, a39=0.036, a32=0.032, a11=0.030, a15=0.029] [BUILD FAILED: BigSawmill]
  s=  311 a= 15(BUILD:Fish) r= -4.8443 cum=   -612.68 v=-29.0669 top5=[a12=0.074, a39=0.035, a32=0.032, a11=0.031, a15=0.029] [BUILD FAILED: Fish]
  s=  312 a= 13(BUILD:HydroStation) r= -1.5470 cum=   -614.23 v=-29.2232 top5=[a12=0.073, a39=0.035, a32=0.032, a11=0.031, a15=0.029] [BUILD FAILED: HydroStation]
  s=  313 a= 11(BUILD:Goldmine) r= -1.5599 cum=   -615.79 v=-29.8886 top5=[a12=0.078, a39=0.038, a32=0.032, a11=0.030, a15=0.030] [BUILD FAILED: Goldmine]
  s=  314 a= 30(BUILD:BigIronmine) r= -4.8478 cum=   -620.64 v=-30.0039 top5=[a12=0.077, a39=0.038, a32=0.032, a11=0.031, a15=0.030] [BUILD FAILED: BigIronmine]
  s=  315 a= 37(MANAGER:3) r= -4.8452 cum=   -625.48 v=-30.1196 top5=[a12=0.076, a39=0.038, a32=0.032, a11=0.031, a15=0.030]
  s=  316 a= 35(MANAGER:1) r= -1.0099 cum=   -626.49 v=-29.6217 top5=[a12=0.072, a39=0.037, a11=0.032, a32=0.031, a36=0.028]
  s=  317 a= 11(BUILD:Goldmine) r= -4.8450 cum=   -631.34 v=-29.8060 top5=[a12=0.071, a39=0.037, a11=0.032, a32=0.031, a36=0.028] [BUILD FAILED: Goldmine]
  s=  318 a= 30(BUILD:BigIronmine) r= -1.5637 cum=   -632.90 v=-29.9888 top5=[a12=0.070, a39=0.038, a11=0.033, a32=0.031, a36=0.028] [BUILD FAILED: BigIronmine]
  s=  319 a= 32(BUILD:SmallAtomStation) r= -1.0828 cum=   -633.99 v=-30.2017 top5=[a12=0.069, a39=0.038, a11=0.033, a32=0.031, a36=0.028] [BUILD FAILED: SmallAtomStation]
  s=  320 a=  1(WEEK) r= -4.8479 cum=   -638.83 v=-30.4716 top5=[a12=0.069, a39=0.038, a11=0.033, a32=0.032, a36=0.028]
  s=  321 a= 16(BUILD:CoalCut) r= -1.5926 cum=   -640.43 v=-32.0879 top5=[a12=0.063, a39=0.040, a11=0.034, a32=0.032, a43=0.029] [BUILD FAILED: CoalCut]
  s=  322 a= 14(BUILD:Road) r= +0.8358 cum=   -639.59 v=-32.3280 top5=[a12=0.063, a39=0.040, a11=0.034, a32=0.032, a43=0.029] [BUILD: Road]
  s=  323 a= 17(BUILD:HuntingLand) r= -4.8452 cum=   -644.44 v=-45.6364 top5=[a44=0.032, a30=0.031, a12=0.031, a36=0.030, a9=0.029] [BUILD FAILED: HuntingLand]
  s=  324 a= 18(BUILD:CowFarm) r= -2.8571 cum=   -647.29 v=-45.4613 top5=[a44=0.032, a30=0.031, a12=0.031, a36=0.030, a9=0.028] [BUILD FAILED: CowFarm]
  s=  325 a= 44(MANAGER:10) r= -2.1320 cum=   -649.42 v=-45.2885 top5=[a44=0.032, a30=0.031, a12=0.031, a36=0.030, a9=0.028]
  s=  326 a=  2(BUILD:WaterChannel) r= -4.8486 cum=   -654.27 v=-45.1076 top5=[a44=0.032, a30=0.031, a12=0.031, a36=0.030, a39=0.028] [BUILD FAILED: WaterChannel]
  s=  327 a=  8(BUILD:Coalmine) r= -2.8592 cum=   -657.13 v=-44.9301 top5=[a44=0.032, a30=0.031, a12=0.031, a36=0.030, a39=0.028] [BUILD FAILED: Coalmine]
  s=  328 a= 37(MANAGER:3) r= -4.8489 cum=   -661.98 v=-44.7509 top5=[a44=0.032, a30=0.031, a12=0.031, a36=0.030, a39=0.028]
  s=  329 a= 34(MANAGER:0) r= -4.8463 cum=   -666.83 v=-45.6795 top5=[a44=0.032, a12=0.031, a36=0.030, a30=0.029, a34=0.028]
  s=  330 a= 23(BUILD:Torchlight) r= -2.8579 cum=   -669.69 v=-45.5130 top5=[a44=0.032, a12=0.031, a36=0.030, a30=0.029, a34=0.028] [BUILD FAILED: Torchlight]
  s=  331 a= 13(BUILD:HydroStation) r= -2.8595 cum=   -672.54 v=-45.3484 top5=[a44=0.032, a12=0.031, a36=0.030, a30=0.029, a34=0.028] [BUILD FAILED: HydroStation]
  s=  332 a=  1(WEEK) r= -4.8494 cum=   -677.39 v=-45.1840 top5=[a44=0.032, a12=0.031, a36=0.030, a30=0.029, a34=0.029]
  s=  333 a= 40(MANAGER:6) r= -2.8597 cum=   -680.25 v=-45.0205 top5=[a44=0.032, a12=0.031, a36=0.030, a30=0.029, a34=0.029]
  s=  334 a=  8(BUILD:Coalmine) r= -2.8613 cum=   -683.11 v=-44.8586 top5=[a44=0.032, a12=0.031, a36=0.030, a30=0.029, a34=0.029] [BUILD FAILED: Coalmine]
  s=  335 a= 23(BUILD:Torchlight) r= -4.8525 cum=   -687.97 v=-44.6977 top5=[a44=0.032, a12=0.031, a36=0.030, a30=0.029, a34=0.029] [BUILD FAILED: Torchlight]
  s=  336 a= 14(BUILD:Road) r= -2.8615 cum=   -690.83 v=-44.5383 top5=[a44=0.032, a12=0.031, a36=0.030, a30=0.029, a34=0.029] [BUILD FAILED: Road]
  s=  337 a= 41(MANAGER:7) r= -2.8632 cum=   -693.69 v=-44.3815 top5=[a44=0.032, a12=0.031, a36=0.030, a34=0.029, a30=0.029]
  s=  338 a= 26(BUILD:BigSawmill) r= -4.8556 cum=   -698.55 v=-44.1176 top5=[a44=0.032, a12=0.031, a36=0.031, a34=0.029, a30=0.029] [BUILD FAILED: BigSawmill]
  s=  339 a= 35(MANAGER:1) r= -2.3236 cum=   -700.87 v=-43.9563 top5=[a44=0.032, a12=0.031, a36=0.031, a34=0.029, a30=0.029]
  s=  340 a= 29(BUILD:Puerperal) r= -2.8652 cum=   -703.74 v=-41.6945 top5=[a44=0.032, a36=0.031, a34=0.030, a12=0.029, a30=0.028] [BUILD FAILED: Puerperal]
  s=  341 a=  8(BUILD:Coalmine) r= -4.8590 cum=   -708.60 v=-41.5401 top5=[a44=0.032, a36=0.031, a34=0.030, a12=0.029, a30=0.028] [BUILD FAILED: Coalmine]
  s=  342 a=  3(BUILD:Farm) r= -2.8654 cum=   -711.46 v=-41.3880 top5=[a44=0.032, a36=0.031, a34=0.030, a12=0.029, a30=0.028] [BUILD FAILED: Farm]
  s=  343 a= 30(BUILD:BigIronmine) r= -2.8670 cum=   -714.33 v=-41.2368 top5=[a44=0.032, a36=0.031, a34=0.031, a12=0.029, a30=0.028] [BUILD FAILED: BigIronmine]
  s=  344 a= 44(MANAGER:10) r= -4.8621 cum=   -719.19 v=-41.0875 top5=[a44=0.032, a36=0.031, a34=0.031, a12=0.029, a30=0.028]
  s=  345 a= 29(BUILD:Puerperal) r= -2.8672 cum=   -722.06 v=-40.9404 top5=[a44=0.032, a36=0.031, a34=0.031, a12=0.029, a30=0.028] [BUILD FAILED: Puerperal]
  s=  346 a= 10(BUILD:Refinery) r= -2.8688 cum=   -724.93 v=-40.7955 top5=[a44=0.032, a34=0.031, a36=0.031, a12=0.029, a30=0.028] [BUILD FAILED: Refinery]
  s=  347 a= 44(MANAGER:10) r= -4.8652 cum=   -729.79 v=-40.6507 top5=[a44=0.032, a34=0.031, a36=0.031, a12=0.029, a30=0.028]
  s=  348 a= 39(MANAGER:5) r= -0.9239 cum=   -730.72 v=-40.5054 top5=[a44=0.032, a34=0.031, a36=0.031, a12=0.029, a30=0.028]
  s=  349 a= 35(MANAGER:1) r= -2.8703 cum=   -733.59 v=-40.5959 top5=[a44=0.032, a34=0.032, a36=0.031, a12=0.028, a9=0.027]
  s=  350 a= 37(MANAGER:3) r= -4.8676 cum=   -738.45 v=-40.4487 top5=[a44=0.032, a34=0.032, a36=0.031, a12=0.028, a9=0.027]
    state: year=1 month=3 season=0 money=3593 credit=174573 people=31 busy=0 free=31 home_places=230 need_workers=5 tax_due=1 main_tax_due=0 tax_amount=7682 main_tax_amount=0 days_alive=365 stage=0 res0=0 res1=400 res2=0 res3=0 res4=0 res5=0 res6=0 res7=0 res8=0 Farm=1 Garden=2 Road=10 House=3 | nw=1359169.0898
  s=  351 a=  3(BUILD:Farm) r= -2.8704 cum=   -741.32 v=-40.1002 top5=[a34=0.032, a44=0.032, a36=0.030, a12=0.028, a9=0.027] [BUILD FAILED: Farm]
  s=  352 a= 44(MANAGER:10) r= -2.1419 cum=   -743.47 v=-39.9560 top5=[a34=0.032, a44=0.032, a36=0.030, a12=0.028, a9=0.027]
  s=  353 a= 35(MANAGER:1) r= -4.8711 cum=   -748.34 v=-39.8138 top5=[a34=0.032, a44=0.032, a36=0.030, a12=0.027, a9=0.027]
  s=  354 a= 37(MANAGER:3) r= -3.2620 cum=   -751.60 v=-39.6736 top5=[a34=0.032, a44=0.032, a36=0.030, a12=0.027, a9=0.027]
  s=  355 a= 18(BUILD:CowFarm) r= -2.8738 cum=   -754.47 v=-39.3401 top5=[a34=0.032, a44=0.032, a36=0.030, a9=0.027, a12=0.027] [BUILD FAILED: CowFarm]
  s=  356 a=  5(BUILD:House) r= -4.8736 cum=   -759.35 v=-39.2044 top5=[a34=0.032, a44=0.032, a36=0.030, a9=0.027, a12=0.027] [BUILD FAILED: House]
  s=  357 a=  6(BUILD:SmallHouse) r= -2.8740 cum=   -762.22 v=-39.0704 top5=[a34=0.032, a44=0.032, a36=0.030, a9=0.027, a12=0.027] [BUILD FAILED: SmallHouse]
  s=  358 a= 41(MANAGER:7) r= -2.8756 cum=   -765.10 v=-38.9382 top5=[a34=0.032, a44=0.032, a36=0.030, a9=0.027, a12=0.027]
  s=  359 a= 17(BUILD:HuntingLand) r= -4.8766 cum=   -769.97 v=-38.8048 top5=[a34=0.032, a44=0.032, a36=0.030, a9=0.027, a43=0.027] [BUILD FAILED: HuntingLand]
  s=  360 a= 42(MANAGER:8) r= -2.8758 cum=   -772.85 v=-38.6725 top5=[a34=0.033, a44=0.032, a36=0.030, a9=0.027, a43=0.027]
  s=  361 a= 42(MANAGER:8) r= -2.8774 cum=   -775.73 v=-38.5419 top5=[a34=0.033, a44=0.032, a36=0.030, a9=0.027, a43=0.027]
  s=  362 a= 22(BUILD:Apiary) r= -4.8797 cum=   -780.60 v=-38.4130 top5=[a34=0.033, a44=0.032, a36=0.030, a9=0.027, a43=0.027] [BUILD FAILED: Apiary]
  s=  363 a= 26(BUILD:BigSawmill) r= -2.8776 cum=   -783.48 v=-38.2856 top5=[a34=0.033, a44=0.032, a36=0.030, a9=0.027, a43=0.027] [BUILD FAILED: BigSawmill]
  s=  364 a= 25(BUILD:SuperHouse) r= -2.8792 cum=   -786.36 v=-38.1598 top5=[a34=0.033, a44=0.032, a36=0.030, a9=0.027, a43=0.027] [BUILD FAILED: SuperHouse]
  s=  365 a=  6(BUILD:SmallHouse) r= -4.8828 cum=   -791.24 v=-38.0356 top5=[a34=0.033, a44=0.032, a36=0.030, a9=0.027, a43=0.027] [BUILD FAILED: SmallHouse]
  s=  366 a= 10(BUILD:Refinery) r= -2.8794 cum=   -794.12 v=-37.9128 top5=[a34=0.033, a44=0.032, a36=0.030, a9=0.027, a43=0.027] [BUILD FAILED: Refinery]
  s=  367 a= 16(BUILD:CoalCut) r= -2.8810 cum=   -797.01 v=-37.7915 top5=[a34=0.033, a44=0.032, a36=0.030, a9=0.027, a43=0.027] [BUILD FAILED: CoalCut]
  s=  368 a= 16(BUILD:CoalCut) r= -4.8858 cum=   -801.89 v=-37.6717 top5=[a34=0.033, a44=0.032, a36=0.030, a9=0.027, a43=0.027] [BUILD FAILED: CoalCut]
  s=  369 a= 11(BUILD:Goldmine) r= -2.8812 cum=   -804.77 v=-37.5532 top5=[a34=0.033, a44=0.032, a36=0.030, a9=0.027, a43=0.027] [BUILD FAILED: Goldmine]
  s=  370 a=  4(BUILD:Garden) r= -2.7047 cum=   -807.48 v=-37.4361 top5=[a34=0.033, a44=0.032, a36=0.030, a9=0.027, a43=0.027] [BUILD FAILED: Garden]
  s=  371 a= 44(MANAGER:10) r= -4.8890 cum=   -812.37 v=-37.3204 top5=[a34=0.033, a44=0.032, a36=0.030, a9=0.027, a43=0.027]
  s=  372 a= 39(MANAGER:5) r= -2.8831 cum=   -815.25 v=-37.2060 top5=[a34=0.033, a44=0.032, a36=0.030, a9=0.027, a43=0.027]
  s=  373 a= 27(BUILD:WaterMill) r= -2.8847 cum=   -818.13 v=-37.0928 top5=[a34=0.033, a44=0.032, a36=0.030, a9=0.027, a43=0.027] [BUILD FAILED: WaterMill]
  s=  374 a= 30(BUILD:BigIronmine) r= -4.8921 cum=   -823.03 v=-36.9809 top5=[a34=0.033, a44=0.032, a36=0.030, a9=0.027, a43=0.027] [BUILD FAILED: BigIronmine]
  s=  375 a= 24(BUILD:Hothouse) r= -2.8849 cum=   -825.91 v=-36.8702 top5=[a34=0.033, a44=0.032, a36=0.030, a9=0.027, a43=0.027] [BUILD FAILED: Hothouse]
  s=  376 a= 10(BUILD:Refinery) r= -2.8865 cum=   -828.80 v=-36.7608 top5=[a34=0.033, a44=0.032, a36=0.030, a9=0.027, a43=0.027] [BUILD FAILED: Refinery]
  s=  377 a=  6(BUILD:SmallHouse) r= -4.8952 cum=   -833.69 v=-36.6525 top5=[a34=0.033, a44=0.031, a36=0.030, a43=0.027, a9=0.027] [BUILD FAILED: SmallHouse]
  s=  378 a= 42(MANAGER:8) r= -2.8868 cum=   -836.58 v=-36.5454 top5=[a34=0.033, a44=0.031, a36=0.030, a43=0.027, a9=0.027]
  s=  379 a= 25(BUILD:SuperHouse) r= -2.8883 cum=   -839.47 v=-36.4394 top5=[a34=0.033, a44=0.031, a36=0.030, a43=0.027, a9=0.027] [BUILD FAILED: SuperHouse]
  s=  380 a= 10(BUILD:Refinery) r= -4.8982 cum=   -844.37 v=-36.3345 top5=[a34=0.033, a44=0.031, a36=0.030, a43=0.027, a9=0.027] [BUILD FAILED: Refinery]
  s=  381 a= 44(MANAGER:10) r= -4.8959 cum=   -849.26 v=-36.2307 top5=[a34=0.033, a44=0.031, a36=0.029, a43=0.027, a9=0.027]
    state: year=0 month=3 season=0 money=82000 credit=0 people=28 busy=0 free=28 home_places=50 need_workers=0 tax_due=0 main_tax_due=0 tax_amount=5106 main_tax_amount=0 days_alive=0 stage=0 res0=0 res1=0 res2=0 res3=0 res4=0 res5=0 res6=0 res7=0 res8=0 | nw=1532000.0000
  >>> Ep 2: reward=-849.26, steps=382
  >>> final: year=0 month=3 season=0 money=82000 credit=0 people=28 busy=0 free=28 home_places=50 need_workers=0 tax_due=0 main_tax_due=0 tax_amount=5106 main_tax_amount=0 days_alive=0 stage=0 res0=0 res1=0 res2=0 res3=0 res4=0 res5=0 res6=0 res7=0 res8=0 | nw=1532000.0000
======================================================================
EPISODE 3
======================================================================
init: year=0 month=3 season=0 money=82000 credit=0 people=28 busy=0 free=28 home_places=50 need_workers=0 tax_due=0 main_tax_due=0 tax_amount=5106 main_tax_amount=0 days_alive=0 stage=0 res0=0 res1=0 res2=0 res3=0 res4=0 res5=0 res6=0 res7=0 res8=0 | nw=1532000.0000
  s=    0 a= 39(MANAGER:5) r= -0.2936 cum=     -0.29 v= +3.8206 top5=[a9=0.049, a15=0.046, a24=0.040, a32=0.037, a6=0.032]
    state: year=0 month=3 season=0 money=82000 credit=0 people=28 busy=0 free=28 home_places=50 need_workers=0 tax_due=0 main_tax_due=0 tax_amount=5106 main_tax_amount=0 days_alive=1 stage=0 res0=0 res1=0 res2=0 res3=0 res4=0 res5=0 res6=0 res7=0 res8=0 | nw=1532000.0000
  s=    1 a= 22(BUILD:Apiary) r= +2.1571 cum=     +1.86 v= +3.8652 top5=[a9=0.049, a15=0.046, a24=0.040, a32=0.037, a6=0.032] [BUILD: Apiary]
  s=    2 a= 32(BUILD:SmallAtomStation) r= -0.2930 cum=     +1.57 v= +8.6360 top5=[a32=0.041, a19=0.036, a1=0.033, a9=0.030, a40=0.030] [BUILD: SmallAtomStation]
  s=    3 a= 19(BUILD:Mushroom) r= -4.8838 cum=     -3.31 v= +8.6671 top5=[a32=0.041, a19=0.036, a1=0.033, a40=0.030, a9=0.030] [BUILD FAILED: Mushroom]
  s=    4 a= 32(BUILD:SmallAtomStation) r= -0.2929 cum=     -3.61 v= +8.7011 top5=[a32=0.040, a19=0.036, a1=0.033, a40=0.031, a9=0.030] [BUILD: SmallAtomStation]
  s=    5 a= 40(MANAGER:6) r= -0.2929 cum=     -3.90 v= +8.7235 top5=[a32=0.040, a19=0.036, a1=0.033, a40=0.031, a9=0.030]
  s=    6 a= 35(MANAGER:1) r= -4.8824 cum=     -8.78 v= +8.7214 top5=[a32=0.040, a19=0.036, a1=0.033, a40=0.031, a9=0.030]
  s=    7 a= 14(BUILD:Road) r= +0.6393 cum=     -8.14 v= +8.7274 top5=[a32=0.040, a19=0.036, a1=0.033, a40=0.031, a9=0.030] [BUILD: Road]
  s=    8 a= 20(BUILD:BigHouse) r= -2.3119 cum=    -10.45 v= +8.8249 top5=[a32=0.038, a19=0.036, a1=0.033, a9=0.032, a24=0.031] [BUILD FAILED: BigHouse]
  s=    9 a=  3(BUILD:Farm) r= -0.1149 cum=    -10.57 v= +8.7528 top5=[a14=0.035, a1=0.034, a19=0.032, a9=0.031, a24=0.031] [BUILD: Farm]
  s=   10 a= 39(MANAGER:5) r= -4.8805 cum=    -15.45 v= +8.7914 top5=[a14=0.035, a1=0.034, a19=0.032, a9=0.031, a24=0.031]
  s=   11 a= 29(BUILD:Puerperal) r= -0.2927 cum=    -15.74 v= +8.8206 top5=[a14=0.035, a1=0.034, a19=0.032, a9=0.031, a24=0.030] [BUILD: Puerperal]
  s=   12 a=  7(BUILD:Sawmill) r= -0.2927 cum=    -16.03 v= +8.8479 top5=[a14=0.035, a1=0.034, a19=0.033, a9=0.031, a24=0.030] [BUILD: Sawmill]
  s=   13 a= 24(BUILD:Hothouse) r= -4.8792 cum=    -20.91 v= +8.8791 top5=[a14=0.035, a1=0.034, a19=0.033, a9=0.031, a24=0.030] [BUILD FAILED: Hothouse]
  s=   14 a= 40(MANAGER:6) r= -0.2926 cum=    -21.21 v= +8.8937 top5=[a14=0.035, a1=0.034, a19=0.033, a9=0.031, a24=0.030]
  s=   15 a= 15(BUILD:Fish) r= +4.8774 cum=    -16.33 v= +8.6849 top5=[a14=0.035, a1=0.034, a19=0.033, a9=0.032, a24=0.030] [BUILD: Fish]
  s=   16 a= 24(BUILD:Hothouse) r= -4.8455 cum=    -21.17 v= +8.2230 top5=[a14=0.035, a1=0.034, a19=0.032, a9=0.032, a43=0.029] [BUILD FAILED: Hothouse]
  s=   17 a= 17(BUILD:HuntingLand) r= -0.2961 cum=    -21.47 v= +8.2534 top5=[a14=0.035, a1=0.034, a19=0.032, a9=0.032, a43=0.029] [BUILD: HuntingLand]
  s=   18 a=  6(BUILD:SmallHouse) r= -0.2943 cum=    -21.77 v= +8.2673 top5=[a14=0.035, a1=0.034, a19=0.032, a9=0.032, a39=0.029] [BUILD: SmallHouse]
  s=   19 a=  4(BUILD:Garden) r= -4.8129 cum=    -26.58 v= +8.2823 top5=[a14=0.035, a1=0.034, a19=0.032, a9=0.032, a39=0.029] [BUILD FAILED: Garden]
  s=   20 a=  6(BUILD:SmallHouse) r= -0.2942 cum=    -26.87 v= +8.3092 top5=[a14=0.035, a1=0.034, a19=0.032, a9=0.032, a39=0.029] [BUILD: SmallHouse]
  s=   21 a= 22(BUILD:Apiary) r= -0.2943 cum=    -27.17 v= +8.3325 top5=[a14=0.035, a1=0.034, a19=0.033, a9=0.032, a39=0.029] [BUILD: Apiary]
  s=   22 a=  0(DAY) r= -4.6536 cum=    -31.82 v= +8.3512 top5=[a14=0.035, a1=0.033, a19=0.033, a9=0.032, a39=0.029]
  s=   23 a= 11(BUILD:Goldmine) r= -0.2961 cum=    -32.12 v= +8.3535 top5=[a14=0.035, a1=0.033, a19=0.033, a9=0.032, a39=0.029] [BUILD: Goldmine]
  s=   24 a= 43(MANAGER:9) r= -0.2943 cum=    -32.41 v= +8.3260 top5=[a14=0.035, a19=0.033, a1=0.033, a9=0.031, a39=0.029]
  s=   25 a= 24(BUILD:Hothouse) r= -4.8434 cum=    -37.25 v= +8.2845 top5=[a14=0.035, a19=0.033, a1=0.033, a9=0.031, a43=0.029] [BUILD FAILED: Hothouse]
  s=   26 a= 23(BUILD:Torchlight) r= -0.3017 cum=    -37.56 v= +8.2221 top5=[a14=0.036, a9=0.032, a24=0.032, a1=0.032, a19=0.031] [BUILD: Torchlight]
  s=   27 a= 43(MANAGER:9) r= -0.3054 cum=    -37.86 v= +6.5554 top5=[a9=0.040, a14=0.033, a1=0.033, a24=0.033, a43=0.030]
  s=   28 a= 25(BUILD:SuperHouse) r= -4.8425 cum=    -42.70 v= +6.5869 top5=[a9=0.039, a14=0.033, a1=0.033, a24=0.033, a43=0.030] [BUILD FAILED: SuperHouse]
  s=   29 a=  1(WEEK) r= +0.0977 cum=    -42.61 v= +6.6137 top5=[a9=0.039, a14=0.033, a1=0.033, a24=0.033, a43=0.030]
  s=   30 a= 26(BUILD:BigSawmill) r= -0.3034 cum=    -42.91 v= +6.7257 top5=[a9=0.041, a14=0.033, a1=0.032, a24=0.031, a32=0.031] [BUILD: BigSawmill]
  s=   31 a= 41(MANAGER:7) r= -4.8405 cum=    -47.75 v= +6.7702 top5=[a9=0.041, a14=0.033, a1=0.032, a24=0.031, a32=0.031]
  s=   32 a=  1(WEEK) r= +0.1135 cum=    -47.64 v= +6.8402 top5=[a9=0.041, a14=0.033, a1=0.032, a24=0.031, a32=0.031]
  s=   33 a=  9(BUILD:Ironmine) r= -0.3033 cum=    -47.94 v= +6.9713 top5=[a9=0.041, a14=0.033, a1=0.032, a24=0.031, a43=0.030] [BUILD: Ironmine]
  s=   34 a= 32(BUILD:SmallAtomStation) r= -4.8384 cum=    -52.78 v= +6.9923 top5=[a9=0.040, a14=0.033, a1=0.032, a24=0.032, a43=0.030] [BUILD FAILED: SmallAtomStation]
  s=   35 a= 32(BUILD:SmallAtomStation) r= -0.3014 cum=    -53.08 v= +7.0133 top5=[a9=0.040, a14=0.033, a1=0.032, a24=0.032, a43=0.030] [BUILD: SmallAtomStation]
  s=   36 a= 44(MANAGER:10) r= +0.4270 cum=    -52.65 v= +7.0391 top5=[a9=0.040, a14=0.033, a1=0.032, a24=0.032, a43=0.030]
  s=   37 a= 25(BUILD:SuperHouse) r= -4.8354 cum=    -57.49 v= +7.0743 top5=[a9=0.040, a14=0.032, a24=0.032, a1=0.032, a43=0.030] [BUILD FAILED: SuperHouse]
  s=   38 a= 14(BUILD:Road) r= -0.3012 cum=    -57.79 v= +7.1109 top5=[a9=0.039, a14=0.032, a24=0.032, a1=0.032, a43=0.030] [BUILD: Road]
  s=   39 a= 28(BUILD:BigRefinary) r= -0.3096 cum=    -58.10 v= +7.1475 top5=[a9=0.039, a14=0.032, a24=0.032, a1=0.032, a43=0.030] [BUILD: BigRefinary]
  s=   40 a= 34(MANAGER:0) r= -4.8346 cum=    -62.93 v= +7.1868 top5=[a9=0.039, a24=0.032, a14=0.032, a1=0.032, a43=0.030]
  s=   41 a=  0(DAY) r= +0.1803 cum=    -62.75 v= +7.2314 top5=[a9=0.039, a24=0.033, a14=0.032, a1=0.032, a43=0.030]
  s=   42 a= 32(BUILD:SmallAtomStation) r= -0.3029 cum=    -63.06 v= +7.2718 top5=[a9=0.039, a24=0.033, a14=0.032, a1=0.032, a43=0.030] [BUILD: SmallAtomStation]
  s=   43 a=  8(BUILD:Coalmine) r= -4.8325 cum=    -67.89 v= +7.2880 top5=[a9=0.039, a24=0.033, a14=0.032, a1=0.032, a43=0.030] [BUILD FAILED: Coalmine]
  s=   44 a= 24(BUILD:Hothouse) r= -0.3028 cum=    -68.19 v= +7.2776 top5=[a9=0.038, a24=0.033, a14=0.032, a1=0.032, a43=0.030] [BUILD: Hothouse]
  s=   45 a= 13(BUILD:HydroStation) r= -0.3029 cum=    -68.49 v= +7.2681 top5=[a9=0.038, a24=0.033, a14=0.032, a1=0.032, a43=0.030] [BUILD: HydroStation]
  s=   46 a= 25(BUILD:SuperHouse) r= -4.8317 cum=    -73.33 v= +7.2558 top5=[a9=0.038, a24=0.034, a14=0.032, a1=0.032, a43=0.030] [BUILD FAILED: SuperHouse]
  s=   47 a= 32(BUILD:SmallAtomStation) r= -0.3028 cum=    -73.63 v= +7.2508 top5=[a9=0.038, a24=0.034, a14=0.032, a1=0.032, a43=0.030] [BUILD: SmallAtomStation]
  s=   48 a= 25(BUILD:SuperHouse) r= -0.3028 cum=    -73.93 v= +7.2313 top5=[a9=0.038, a24=0.034, a14=0.032, a1=0.032, a43=0.029] [BUILD: SuperHouse]
  s=   49 a= 39(MANAGER:5) r= -4.8309 cum=    -78.76 v= +6.8288 top5=[a9=0.040, a14=0.031, a24=0.031, a32=0.031, a1=0.030]
  s=   50 a= 40(MANAGER:6) r= -0.2981 cum=    -79.06 v= +6.9136 top5=[a9=0.040, a14=0.031, a24=0.031, a32=0.031, a1=0.031]
    state: year=0 month=5 season=0 money=315 credit=0 people=28 busy=0 free=28 home_places=50 need_workers=0 tax_due=0 main_tax_due=0 tax_amount=6366 main_tax_amount=0 days_alive=63 stage=0 res0=0 res1=0 res2=0 res3=0 res4=0 res5=0 res6=0 res7=0 res8=0 SmallHouse=1 BigHouse=1 Apiary=1 | nw=1531789.0064
  s=   51 a= 39(MANAGER:5) r= -0.3046 cum=    -79.36 v= +6.9995 top5=[a9=0.040, a14=0.031, a24=0.031, a1=0.031, a32=0.031]
  s=   52 a= 32(BUILD:SmallAtomStation) r= -4.8301 cum=    -84.19 v= +7.0829 top5=[a9=0.040, a14=0.031, a24=0.031, a1=0.031, a32=0.030] [BUILD FAILED: SmallAtomStation]
  s=   53 a= 33(BUILD:AtomStation) r= -0.3045 cum=    -84.50 v= +7.1585 top5=[a9=0.040, a14=0.031, a24=0.031, a1=0.031, a32=0.030] [BUILD: AtomStation]
  s=   54 a= 18(BUILD:CowFarm) r= -0.3027 cum=    -84.80 v= +7.2431 top5=[a9=0.040, a14=0.031, a24=0.031, a1=0.031, a32=0.030] [BUILD: CowFarm]
  s=   55 a= 39(MANAGER:5) r= -4.8294 cum=    -89.63 v= +7.3201 top5=[a9=0.040, a14=0.031, a24=0.031, a1=0.031, a32=0.030]
  s=   56 a= 11(BUILD:Goldmine) r= -0.3027 cum=    -89.93 v= +7.3772 top5=[a9=0.040, a14=0.031, a24=0.031, a1=0.031, a32=0.030] [BUILD: Goldmine]
  s=   57 a= 35(MANAGER:1) r= +0.3672 cum=    -89.57 v= +7.4227 top5=[a9=0.040, a14=0.031, a24=0.031, a1=0.031, a32=0.030]
  s=   58 a= 36(MANAGER:2) r= -4.6421 cum=    -94.21 v= +7.4908 top5=[a9=0.039, a14=0.032, a24=0.031, a1=0.031, a43=0.030]
  s=   59 a= 19(BUILD:Mushroom) r= -0.3025 cum=    -94.51 v= +7.5190 top5=[a9=0.039, a14=0.032, a24=0.031, a1=0.031, a43=0.030] [BUILD: Mushroom]
  s=   60 a= 39(MANAGER:5) r= -0.3026 cum=    -94.81 v= +7.5417 top5=[a9=0.039, a14=0.032, a24=0.032, a1=0.031, a43=0.030]
  s=   61 a= 44(MANAGER:10) r= -4.4052 cum=    -99.22 v= +7.5690 top5=[a9=0.039, a24=0.032, a14=0.032, a1=0.031, a43=0.030]
  s=   62 a=  4(BUILD:Garden) r= -0.3026 cum=    -99.52 v= +7.5826 top5=[a9=0.039, a24=0.032, a14=0.032, a1=0.030, a43=0.030] [BUILD: Garden]
  s=   63 a= 15(BUILD:Fish) r= -0.3073 cum=    -99.83 v= +7.5961 top5=[a9=0.038, a24=0.032, a14=0.031, a1=0.030, a43=0.030] [BUILD: Fish]
  s=   64 a= 15(BUILD:Fish) r= -4.8273 cum=   -104.66 v= +7.6127 top5=[a9=0.038, a24=0.032, a14=0.031, a1=0.030, a43=0.030] [BUILD FAILED: Fish]
  s=   65 a= 39(MANAGER:5) r= -0.2979 cum=   -104.95 v= +7.6278 top5=[a9=0.038, a24=0.033, a14=0.031, a1=0.030, a43=0.030]
  s=   66 a= 32(BUILD:SmallAtomStation) r= -0.3026 cum=   -105.26 v= +7.6447 top5=[a9=0.038, a24=0.033, a14=0.031, a43=0.030, a1=0.030] [BUILD: SmallAtomStation]
  s=   67 a=  2(BUILD:WaterChannel) r= -4.8043 cum=   -110.06 v= +7.6633 top5=[a9=0.038, a24=0.033, a14=0.031, a43=0.030, a1=0.030] [BUILD FAILED: WaterChannel]
  s=   68 a= 25(BUILD:SuperHouse) r= -0.3025 cum=   -110.36 v= +7.6732 top5=[a9=0.038, a24=0.033, a14=0.031, a1=0.030, a43=0.030] [BUILD: SuperHouse]
  s=   69 a=  2(BUILD:WaterChannel) r= -0.1266 cum=   -110.49 v= +7.6809 top5=[a9=0.037, a24=0.033, a14=0.031, a1=0.030, a43=0.030] [BUILD: WaterChannel]
  s=   70 a=  3(BUILD:Farm) r= -4.8079 cum=   -115.30 v= +7.6908 top5=[a9=0.037, a24=0.033, a14=0.031, a1=0.030, a43=0.030] [BUILD FAILED: Farm]
  s=   71 a= 26(BUILD:BigSawmill) r= -0.3024 cum=   -115.60 v= +7.6876 top5=[a9=0.037, a24=0.034, a14=0.031, a1=0.030, a43=0.030] [BUILD: BigSawmill]
  s=   72 a= 16(BUILD:CoalCut) r= -0.3024 cum=   -115.90 v= +7.6561 top5=[a9=0.037, a24=0.034, a14=0.031, a1=0.030, a43=0.030] [BUILD: CoalCut]
  s=   73 a= 30(BUILD:BigIronmine) r= -4.8248 cum=   -120.73 v= +7.6208 top5=[a9=0.037, a24=0.034, a14=0.031, a1=0.030, a43=0.029] [BUILD FAILED: BigIronmine]
  s=   74 a=  6(BUILD:SmallHouse) r= -0.3024 cum=   -121.03 v= +7.5850 top5=[a9=0.036, a24=0.034, a14=0.031, a1=0.030, a43=0.029] [BUILD: SmallHouse]
  s=   75 a= 26(BUILD:BigSawmill) r= -0.3042 cum=   -121.33 v= +7.5383 top5=[a9=0.036, a24=0.035, a14=0.031, a1=0.030, a43=0.029] [BUILD: BigSawmill]
  s=   76 a= 24(BUILD:Hothouse) r= -4.8241 cum=   -126.16 v= +7.4904 top5=[a9=0.036, a24=0.035, a14=0.031, a1=0.030, a36=0.029] [BUILD FAILED: Hothouse]
  s=   77 a= 24(BUILD:Hothouse) r= -0.3023 cum=   -126.46 v= +7.4440 top5=[a9=0.036, a24=0.035, a14=0.031, a1=0.030, a36=0.029] [BUILD: Hothouse]
  s=   78 a= 14(BUILD:Road) r= -0.3024 cum=   -126.76 v= +7.3879 top5=[a9=0.036, a24=0.035, a14=0.031, a1=0.030, a36=0.030] [BUILD: Road]
  s=   79 a= 39(MANAGER:5) r= -4.8235 cum=   -131.59 v= +7.3248 top5=[a24=0.036, a9=0.035, a14=0.031, a1=0.030, a36=0.030]
  s=   80 a= 26(BUILD:BigSawmill) r= -0.3023 cum=   -131.89 v= +3.4923 top5=[a15=0.036, a24=0.036, a9=0.035, a14=0.034, a32=0.032] [BUILD: BigSawmill]
  s=   81 a=  5(BUILD:House) r= -0.3023 cum=   -132.19 v= +3.4781 top5=[a24=0.036, a15=0.036, a9=0.035, a14=0.034, a32=0.032] [BUILD: House]
  s=   82 a= 39(MANAGER:5) r= -4.8228 cum=   -137.01 v= +3.4645 top5=[a24=0.036, a15=0.036, a9=0.035, a14=0.034, a32=0.032]
  s=   83 a= 41(MANAGER:7) r= -0.3022 cum=   -137.32 v= +3.4276 top5=[a24=0.036, a15=0.035, a9=0.035, a14=0.034, a32=0.031]
  s=   84 a= 36(MANAGER:2) r= +0.2969 cum=   -137.02 v= +3.3902 top5=[a24=0.036, a15=0.035, a9=0.035, a14=0.033, a32=0.031]
  s=   85 a= 24(BUILD:Hothouse) r= -4.8205 cum=   -141.84 v= +3.3477 top5=[a24=0.035, a15=0.035, a9=0.035, a14=0.033, a32=0.031] [BUILD FAILED: Hothouse]
  s=   86 a= 16(BUILD:CoalCut) r= -0.2974 cum=   -142.14 v= +3.3083 top5=[a24=0.035, a15=0.035, a9=0.035, a14=0.033, a32=0.031] [BUILD: CoalCut]
  s=   87 a= 11(BUILD:Goldmine) r= +0.6617 cum=   -141.48 v= +3.2606 top5=[a24=0.035, a9=0.035, a15=0.035, a14=0.033, a32=0.031] [BUILD: Goldmine]
  s=   88 a= 21(BUILD:BigFarm) r= -4.7949 cum=   -146.27 v= +3.2090 top5=[a24=0.035, a9=0.035, a15=0.034, a14=0.033, a32=0.031] [BUILD FAILED: BigFarm]
  s=   89 a= 16(BUILD:CoalCut) r= -0.3019 cum=   -146.57 v= +3.1576 top5=[a24=0.035, a9=0.035, a15=0.034, a14=0.033, a32=0.030] [BUILD: CoalCut]
  s=   90 a= 40(MANAGER:6) r= -0.3019 cum=   -146.87 v= +3.1061 top5=[a24=0.035, a9=0.035, a15=0.034, a14=0.033, a32=0.030]
  s=   91 a= 40(MANAGER:6) r= -4.8165 cum=   -151.69 v= +3.0547 top5=[a24=0.035, a9=0.035, a15=0.034, a14=0.032, a6=0.030]
  s=   92 a=  9(BUILD:Ironmine) r= -0.3019 cum=   -151.99 v= +3.0033 top5=[a24=0.035, a9=0.035, a15=0.034, a14=0.032, a6=0.030] [BUILD: Ironmine]
  s=   93 a= 28(BUILD:BigRefinary) r= -0.3019 cum=   -152.29 v= +2.9365 top5=[a9=0.035, a24=0.035, a15=0.033, a14=0.032, a6=0.030] [BUILD: BigRefinary]
  s=   94 a= 19(BUILD:Mushroom) r= -4.8159 cum=   -157.11 v= +2.8713 top5=[a9=0.035, a24=0.035, a15=0.033, a14=0.032, a6=0.030] [BUILD FAILED: Mushroom]
  s=   95 a= 11(BUILD:Goldmine) r= -0.3018 cum=   -157.41 v= +2.8104 top5=[a9=0.035, a24=0.035, a15=0.033, a14=0.032, a6=0.030] [BUILD: Goldmine]
  s=   96 a=  5(BUILD:House) r= +4.8147 cum=   -152.60 v= +3.2522 top5=[a24=0.037, a9=0.036, a15=0.034, a14=0.031, a6=0.030] [BUILD: House]
  s=   97 a= 20(BUILD:BigHouse) r= -4.7877 cum=   -157.39 v= +3.3771 top5=[a24=0.036, a9=0.036, a15=0.035, a14=0.031, a6=0.030] [BUILD FAILED: BigHouse]
  s=   98 a= 16(BUILD:CoalCut) r= -0.3087 cum=   -157.69 v= +3.3345 top5=[a24=0.036, a9=0.036, a15=0.035, a14=0.031, a6=0.030] [BUILD: CoalCut]
  s=   99 a=  7(BUILD:Sawmill) r= -0.3087 cum=   -158.00 v= +3.2951 top5=[a24=0.036, a9=0.036, a15=0.034, a6=0.030, a14=0.030] [BUILD: Sawmill]
  s=  100 a= 15(BUILD:Fish) r= -4.7873 cum=   -162.79 v= +3.2507 top5=[a24=0.036, a9=0.036, a15=0.034, a6=0.031, a14=0.030] [BUILD FAILED: Fish]
    state: year=0 month=6 season=1 money=178 credit=0 people=28 busy=0 free=28 home_places=70 need_workers=5 tax_due=0 main_tax_due=0 tax_amount=6366 main_tax_amount=0 days_alive=113 stage=0 res0=0 res1=0 res2=0 res3=0 res4=0 res5=0 res6=0 res7=0 res8=0 SmallHouse=1 BigHouse=1 Apiary=1 | nw=1531628.4682
  s=  101 a= 10(BUILD:Refinery) r= -0.3086 cum=   -163.10 v= +3.1832 top5=[a24=0.036, a9=0.036, a15=0.034, a6=0.031, a14=0.030] [BUILD: Refinery]
  s=  102 a= 18(BUILD:CowFarm) r= -0.3087 cum=   -163.41 v= +3.0985 top5=[a24=0.036, a9=0.036, a15=0.034, a6=0.031, a14=0.030] [BUILD: CowFarm]
  s=  103 a= 26(BUILD:BigSawmill) r= -4.7870 cum=   -168.19 v= +3.0138 top5=[a9=0.036, a24=0.036, a15=0.034, a6=0.031, a14=0.030] [BUILD FAILED: BigSawmill]
  s=  104 a= 36(MANAGER:2) r= +0.2858 cum=   -167.91 v= +2.9299 top5=[a9=0.036, a24=0.036, a15=0.034, a6=0.031, a14=0.030]
  s=  105 a=  2(BUILD:WaterChannel) r= -0.1341 cum=   -168.04 v= +2.8411 top5=[a9=0.036, a24=0.036, a15=0.034, a6=0.031, a14=0.029] [BUILD: WaterChannel]
  s=  106 a= 27(BUILD:WaterMill) r= -4.7847 cum=   -172.83 v= +2.7505 top5=[a9=0.036, a24=0.036, a15=0.033, a6=0.031, a14=0.029] [BUILD FAILED: WaterMill]
  s=  107 a= 29(BUILD:Puerperal) r= -0.3042 cum=   -173.13 v= +2.6470 top5=[a9=0.036, a24=0.036, a15=0.033, a6=0.031, a14=0.029] [BUILD: Puerperal]
  s=  108 a= 25(BUILD:SuperHouse) r= -0.3085 cum=   -173.44 v= +2.5431 top5=[a9=0.036, a24=0.036, a15=0.033, a6=0.031, a14=0.029] [BUILD: SuperHouse]
  s=  109 a= 36(MANAGER:2) r= -4.5749 cum=   -178.02 v= +2.4697 top5=[a9=0.036, a24=0.036, a15=0.033, a6=0.031, a44=0.029]
  s=  110 a= 15(BUILD:Fish) r= -0.3085 cum=   -178.32 v= +3.1402 top5=[a24=0.035, a15=0.035, a9=0.034, a14=0.034, a32=0.031] [BUILD: Fish]
  s=  111 a= 34(MANAGER:0) r= -0.3067 cum=   -178.63 v= +3.1557 top5=[a24=0.035, a15=0.035, a9=0.034, a14=0.034, a32=0.030]
  s=  112 a= 16(BUILD:CoalCut) r= -4.7847 cum=   -183.42 v= +3.1711 top5=[a24=0.035, a15=0.035, a9=0.034, a14=0.034, a32=0.030] [BUILD FAILED: CoalCut]
  s=  113 a= 14(BUILD:Road) r= -0.3085 cum=   -183.72 v= +3.1779 top5=[a24=0.035, a15=0.035, a9=0.034, a14=0.034, a32=0.030] [BUILD: Road]
  s=  114 a=  3(BUILD:Farm) r= -0.1341 cum=   -183.86 v= +3.1713 top5=[a24=0.035, a15=0.034, a9=0.034, a14=0.033, a32=0.030] [BUILD: Farm]
  s=  115 a= 25(BUILD:SuperHouse) r= -4.7840 cum=   -188.64 v= +3.1631 top5=[a24=0.035, a9=0.034, a15=0.034, a14=0.033, a32=0.030] [BUILD FAILED: SuperHouse]
  s=  116 a= 34(MANAGER:0) r= -0.3084 cum=   -188.95 v= +3.1554 top5=[a24=0.035, a9=0.034, a15=0.034, a14=0.033, a32=0.030]
  s=  117 a= 15(BUILD:Fish) r= -0.3085 cum=   -189.26 v= +3.1475 top5=[a24=0.035, a9=0.034, a15=0.034, a14=0.033, a32=0.030] [BUILD: Fish]
  s=  118 a= 22(BUILD:Apiary) r= -4.7836 cum=   -194.04 v= +3.1479 top5=[a24=0.035, a9=0.034, a15=0.034, a14=0.033, a32=0.030] [BUILD FAILED: Apiary]
  s=  119 a=  6(BUILD:SmallHouse) r= -0.3084 cum=   -194.35 v= +3.1445 top5=[a24=0.035, a9=0.035, a15=0.034, a14=0.033, a32=0.030] [BUILD: SmallHouse]
  s=  120 a= 41(MANAGER:7) r= -0.3085 cum=   -194.66 v= +3.1261 top5=[a24=0.035, a9=0.035, a15=0.034, a14=0.032, a32=0.029]
  s=  121 a=  8(BUILD:Coalmine) r= -4.7833 cum=   -199.44 v= +3.0846 top5=[a24=0.035, a9=0.035, a15=0.034, a14=0.032, a32=0.029] [BUILD FAILED: Coalmine]
  s=  122 a= 14(BUILD:Road) r= -0.3084 cum=   -199.75 v= +3.0433 top5=[a9=0.035, a24=0.035, a15=0.033, a14=0.032, a6=0.029] [BUILD: Road]
  s=  123 a= 41(MANAGER:7) r= -0.3084 cum=   -200.06 v= +2.9955 top5=[a9=0.035, a24=0.035, a15=0.033, a14=0.032, a6=0.029]
  s=  124 a= 34(MANAGER:0) r= -4.7830 cum=   -204.84 v= +2.9432 top5=[a9=0.035, a24=0.035, a15=0.033, a14=0.032, a6=0.029]
  s=  125 a= 39(MANAGER:5) r= -0.3084 cum=   -205.15 v= +2.8736 top5=[a9=0.035, a24=0.035, a15=0.033, a14=0.031, a6=0.030]
  s=  126 a= 25(BUILD:SuperHouse) r= -0.3084 cum=   -205.46 v= +2.8123 top5=[a9=0.035, a24=0.035, a15=0.033, a14=0.031, a6=0.030] [BUILD: SuperHouse]
  s=  127 a=  8(BUILD:Coalmine) r= -4.7827 cum=   -210.24 v= +2.7513 top5=[a9=0.035, a24=0.035, a15=0.033, a14=0.031, a6=0.030] [BUILD FAILED: Coalmine]
  s=  128 a= 19(BUILD:Mushroom) r= -0.3040 cum=   -210.55 v= +2.6746 top5=[a9=0.035, a24=0.035, a15=0.033, a14=0.031, a6=0.030] [BUILD: Mushroom]
  s=  129 a= 15(BUILD:Fish) r= -0.3041 cum=   -210.85 v= +2.5746 top5=[a9=0.035, a24=0.035, a15=0.033, a14=0.031, a6=0.030] [BUILD: Fish]
  s=  130 a= 44(MANAGER:10) r= -4.3734 cum=   -215.22 v= +2.4748 top5=[a9=0.035, a24=0.035, a15=0.033, a14=0.030, a6=0.030]
  s=  131 a= 15(BUILD:Fish) r= -0.3084 cum=   -215.53 v= +2.3757 top5=[a9=0.035, a24=0.034, a15=0.032, a14=0.030, a6=0.030] [BUILD: Fish]
  s=  132 a= 27(BUILD:WaterMill) r= -0.3084 cum=   -215.84 v= +2.2769 top5=[a9=0.035, a24=0.034, a15=0.032, a6=0.030, a14=0.030] [BUILD: WaterMill]
  s=  133 a= 21(BUILD:BigFarm) r= -4.7698 cum=   -220.61 v= +2.1782 top5=[a9=0.035, a24=0.034, a15=0.032, a6=0.030, a14=0.030] [BUILD FAILED: BigFarm]
  s=  134 a=  0(DAY) r= +0.1698 cum=   -220.44 v= +2.0602 top5=[a9=0.035, a24=0.034, a15=0.032, a6=0.030, a14=0.030]
  s=  135 a= 34(MANAGER:0) r= -0.3084 cum=   -220.75 v= +1.9418 top5=[a9=0.036, a24=0.034, a15=0.032, a6=0.030, a14=0.029]
  s=  136 a= 21(BUILD:BigFarm) r= -4.7638 cum=   -225.51 v= +1.8208 top5=[a9=0.036, a24=0.034, a15=0.032, a6=0.030, a14=0.029] [BUILD FAILED: BigFarm]
  s=  137 a= 12(BUILD:PowerStation) r= -0.3083 cum=   -225.82 v= +1.6948 top5=[a9=0.036, a24=0.034, a15=0.032, a6=0.030, a14=0.029] [BUILD: PowerStation]
  s=  138 a= 17(BUILD:HuntingLand) r= -0.3083 cum=   -226.13 v= +1.6078 top5=[a9=0.036, a24=0.034, a15=0.032, a6=0.030, a14=0.029] [BUILD: HuntingLand]
  s=  139 a= 25(BUILD:SuperHouse) r= -4.7816 cum=   -230.91 v= +1.5168 top5=[a9=0.036, a24=0.035, a15=0.032, a6=0.030, a14=0.029] [BUILD FAILED: SuperHouse]
  s=  140 a= 26(BUILD:BigSawmill) r= -0.3083 cum=   -231.22 v= +1.4001 top5=[a9=0.035, a24=0.035, a15=0.032, a6=0.030, a14=0.029] [BUILD: BigSawmill]
  s=  141 a=  7(BUILD:Sawmill) r= -0.3083 cum=   -231.53 v= +2.5496 top5=[a14=0.034, a24=0.034, a15=0.033, a9=0.033, a32=0.029] [BUILD: Sawmill]
  s=  142 a=  7(BUILD:Sawmill) r= -4.7813 cum=   -236.31 v= +2.5512 top5=[a24=0.034, a14=0.033, a9=0.033, a15=0.033, a32=0.029] [BUILD FAILED: Sawmill]
  s=  143 a=  0(DAY) r= +0.1697 cum=   -236.14 v= +2.5471 top5=[a24=0.034, a9=0.033, a14=0.033, a15=0.033, a32=0.029]
  s=  144 a=  2(BUILD:WaterChannel) r= -0.1340 cum=   -236.27 v= +2.5421 top5=[a9=0.034, a24=0.033, a14=0.033, a15=0.033, a32=0.029] [BUILD: WaterChannel]
  s=  145 a=  9(BUILD:Ironmine) r= -4.7795 cum=   -241.05 v= +2.5339 top5=[a9=0.034, a24=0.033, a14=0.033, a15=0.033, a32=0.029] [BUILD FAILED: Ironmine]
  s=  146 a= 18(BUILD:CowFarm) r= -0.3081 cum=   -241.36 v= +2.5257 top5=[a9=0.034, a24=0.033, a14=0.033, a15=0.033, a32=0.029] [BUILD: CowFarm]
  s=  147 a=  0(DAY) r= +0.1697 cum=   -241.19 v= +2.5128 top5=[a9=0.034, a24=0.033, a14=0.033, a15=0.033, a32=0.029]
  s=  148 a= 32(BUILD:SmallAtomStation) r= -4.7781 cum=   -245.97 v= +2.4897 top5=[a9=0.034, a24=0.033, a14=0.033, a15=0.032, a32=0.029] [BUILD FAILED: SmallAtomStation]
  s=  149 a= 26(BUILD:BigSawmill) r= -0.3081 cum=   -246.28 v= +2.4509 top5=[a9=0.034, a24=0.033, a14=0.033, a15=0.032, a32=0.029] [BUILD: BigSawmill]
  s=  150 a= 42(MANAGER:8) r= -0.1889 cum=   -246.47 v= +2.3899 top5=[a9=0.034, a24=0.033, a14=0.032, a15=0.032, a6=0.029]
    state: year=0 month=8 season=1 money=50105 credit=50100 people=28 busy=0 free=28 home_places=70 need_workers=5 tax_due=0 main_tax_due=0 tax_amount=6366 main_tax_amount=0 days_alive=163 stage=0 res0=0 res1=0 res2=0 res3=0 res4=0 res5=0 res6=0 res7=0 res8=0 SmallHouse=1 BigHouse=1 Apiary=1 | nw=1531160.2445
  s=  151 a= 13(BUILD:HydroStation) r= +1.2944 cum=   -245.17 v= -4.3432 top5=[a24=0.035, a9=0.035, a15=0.032, a10=0.032, a6=0.031] [BUILD: HydroStation]
  s=  152 a= 26(BUILD:BigSawmill) r= -0.6620 cum=   -245.83 v= -4.0611 top5=[a9=0.034, a24=0.033, a15=0.031, a10=0.031, a14=0.030] [BUILD: BigSawmill]
  s=  153 a= 19(BUILD:Mushroom) r= -4.7749 cum=   -250.61 v= -4.0862 top5=[a9=0.034, a24=0.033, a15=0.031, a10=0.031, a14=0.030] [BUILD FAILED: Mushroom]
  s=  154 a= 32(BUILD:SmallAtomStation) r= -0.6670 cum=   -251.28 v= -4.1114 top5=[a9=0.034, a24=0.033, a15=0.031, a10=0.031, a6=0.030] [BUILD: SmallAtomStation]
  s=  155 a= 11(BUILD:Goldmine) r= -0.6656 cum=   -251.94 v= -4.1520 top5=[a9=0.034, a24=0.033, a15=0.031, a10=0.031, a6=0.030] [BUILD: Goldmine]
  s=  156 a= 21(BUILD:BigFarm) r= -4.7759 cum=   -256.72 v= -4.1963 top5=[a9=0.034, a24=0.033, a10=0.031, a15=0.031, a6=0.030] [BUILD FAILED: BigFarm]
  s=  157 a= 14(BUILD:Road) r= +0.2459 cum=   -256.47 v= -4.2402 top5=[a9=0.034, a24=0.033, a10=0.031, a15=0.030, a6=0.030] [BUILD: Road]
  s=  158 a= 22(BUILD:Apiary) r= +1.7219 cum=   -254.75 v= -5.2229 top5=[a9=0.037, a24=0.034, a15=0.031, a10=0.029, a43=0.029] [BUILD: Apiary]
  s=  159 a= 21(BUILD:BigFarm) r= -0.4960 cum=   -255.24 v= -5.8586 top5=[a9=0.038, a24=0.033, a15=0.032, a14=0.030, a43=0.028] [BUILD: BigFarm]
  s=  160 a=  8(BUILD:Coalmine) r= -4.7690 cum=   -260.01 v= -5.9576 top5=[a9=0.038, a24=0.033, a15=0.031, a14=0.030, a43=0.028] [BUILD FAILED: Coalmine]
  s=  161 a= 23(BUILD:Torchlight) r= -0.6727 cum=   -260.69 v= -6.0612 top5=[a9=0.038, a24=0.033, a15=0.031, a14=0.030, a43=0.028] [BUILD: Torchlight]
  s=  162 a=  2(BUILD:WaterChannel) r= +1.1445 cum=   -259.54 v= -6.1706 top5=[a9=0.038, a24=0.033, a15=0.031, a14=0.030, a22=0.028] [BUILD: WaterChannel]
  s=  163 a= 19(BUILD:Mushroom) r= -0.6686 cum=   -260.21 v= -8.6685 top5=[a9=0.036, a24=0.031, a15=0.031, a14=0.031, a43=0.029] [BUILD: Mushroom]
  s=  164 a= 44(MANAGER:10) r= -4.7250 cum=   -264.94 v= -8.8047 top5=[a9=0.036, a24=0.031, a15=0.030, a14=0.030, a43=0.029]
  s=  165 a= 17(BUILD:HuntingLand) r= -0.6794 cum=   -265.62 v= -8.9136 top5=[a9=0.037, a24=0.031, a15=0.031, a14=0.030, a43=0.028] [BUILD: HuntingLand]
  s=  166 a= 20(BUILD:BigHouse) r= -0.6798 cum=   -266.29 v= -8.7842 top5=[a9=0.037, a15=0.031, a24=0.031, a14=0.030, a43=0.028] [BUILD: BigHouse]
  s=  167 a= 32(BUILD:SmallAtomStation) r= -4.7680 cum=   -271.06 v= -8.9102 top5=[a9=0.037, a24=0.031, a15=0.031, a14=0.030, a43=0.028] [BUILD FAILED: SmallAtomStation]
  s=  168 a= 24(BUILD:Hothouse) r= -0.6803 cum=   -271.74 v= -9.0147 top5=[a9=0.037, a24=0.031, a15=0.031, a14=0.030, a44=0.028] [BUILD: Hothouse]
  s=  169 a= 11(BUILD:Goldmine) r= -0.6807 cum=   -272.42 v= -9.1213 top5=[a9=0.037, a24=0.031, a15=0.030, a14=0.030, a44=0.028] [BUILD: Goldmine]
  s=  170 a= 44(MANAGER:10) r= -4.7373 cum=   -277.16 v= -9.2276 top5=[a9=0.037, a24=0.031, a15=0.030, a14=0.030, a44=0.028]
  s=  171 a= 25(BUILD:SuperHouse) r= -0.6836 cum=   -277.84 v= -9.3338 top5=[a9=0.037, a24=0.031, a15=0.030, a14=0.030, a44=0.028] [BUILD: SuperHouse]
  s=  172 a= 41(MANAGER:7) r= -1.1673 cum=   -279.01 v= -8.0674 top5=[a9=0.036, a14=0.032, a15=0.031, a43=0.030, a32=0.027]
  s=  173 a= 15(BUILD:Fish) r= -4.7710 cum=   -283.78 v= -8.7396 top5=[a9=0.033, a15=0.029, a41=0.028, a39=0.028, a43=0.027] [BUILD FAILED: Fish]
  s=  174 a= 15(BUILD:Fish) r= -0.6846 cum=   -284.47 v= -8.7353 top5=[a9=0.033, a15=0.029, a41=0.028, a39=0.028, a22=0.027] [BUILD: Fish]
  s=  175 a= 20(BUILD:BigHouse) r= -0.6828 cum=   -285.15 v= -8.7290 top5=[a9=0.033, a15=0.029, a41=0.028, a39=0.028, a22=0.027] [BUILD: BigHouse]
  s=  176 a=  9(BUILD:Ironmine) r= -4.7721 cum=   -289.92 v= -8.6965 top5=[a9=0.033, a15=0.029, a41=0.028, a39=0.028, a22=0.028] [BUILD FAILED: Ironmine]
  s=  177 a= 43(MANAGER:9) r= +4.7706 cum=   -285.15 v= -8.1635 top5=[a9=0.033, a15=0.030, a22=0.030, a39=0.028, a41=0.027]
  s=  178 a=  1(WEEK) r= -2.6756 cum=   -287.83 v= -7.7798 top5=[a9=0.032, a15=0.030, a22=0.030, a39=0.028, a41=0.028]
  s=  179 a= 23(BUILD:Torchlight) r= -4.7494 cum=   -292.58 v= -7.1020 top5=[a9=0.034, a22=0.033, a15=0.031, a39=0.029, a41=0.028] [BUILD FAILED: Torchlight]
  s=  180 a= 34(MANAGER:0) r= -0.7051 cum=   -293.28 v= -7.1508 top5=[a22=0.034, a9=0.033, a15=0.031, a39=0.028, a32=0.028]
  s=  181 a= 30(BUILD:BigIronmine) r= +0.2384 cum=   -293.04 v= -7.1947 top5=[a22=0.034, a9=0.033, a15=0.031, a39=0.028, a32=0.028] [BUILD: BigIronmine]
  s=  182 a= 25(BUILD:SuperHouse) r= -4.7488 cum=   -297.79 v= -7.2311 top5=[a22=0.034, a9=0.033, a15=0.031, a32=0.029, a39=0.029] [BUILD FAILED: SuperHouse]
  s=  183 a= 16(BUILD:CoalCut) r= -0.7110 cum=   -298.50 v= -7.2628 top5=[a22=0.034, a9=0.033, a15=0.031, a32=0.029, a39=0.029] [BUILD: CoalCut]
  s=  184 a= 23(BUILD:Torchlight) r= -0.2320 cum=   -298.74 v= -7.2945 top5=[a22=0.034, a9=0.033, a15=0.031, a32=0.029, a39=0.029] [BUILD: Torchlight]
  s=  185 a= 36(MANAGER:2) r= -4.6090 cum=   -303.34 v= -7.2331 top5=[a22=0.034, a9=0.032, a15=0.030, a39=0.029, a36=0.029]
  s=  186 a= 14(BUILD:Road) r= -4.7482 cum=   -308.09 v= -7.3153 top5=[a22=0.035, a9=0.032, a15=0.030, a39=0.029, a36=0.029] [BUILD FAILED: Road]
  s=  187 a= 39(MANAGER:5) r= -0.7073 cum=   -308.80 v= -7.4293 top5=[a22=0.035, a9=0.032, a15=0.030, a32=0.029, a36=0.029]
  s=  188 a= 10(BUILD:Refinery) r= -4.7481 cum=   -313.55 v= -7.5138 top5=[a22=0.035, a9=0.032, a15=0.030, a32=0.030, a36=0.029] [BUILD FAILED: Refinery]
  s=  189 a= 30(BUILD:BigIronmine) r= -0.7115 cum=   -314.26 v= -7.6081 top5=[a22=0.035, a9=0.032, a15=0.030, a32=0.030, a36=0.029] [BUILD: BigIronmine]
  s=  190 a= 20(BUILD:BigHouse) r= -0.7125 cum=   -314.97 v= -7.7046 top5=[a22=0.036, a9=0.032, a15=0.030, a32=0.030, a36=0.029] [BUILD: BigHouse]
  s=  191 a= 32(BUILD:SmallAtomStation) r= -4.7495 cum=   -319.72 v= -7.8188 top5=[a22=0.036, a9=0.031, a15=0.030, a32=0.030, a36=0.030] [BUILD FAILED: SmallAtomStation]
  s=  192 a= 22(BUILD:Apiary) r= -0.7139 cum=   -320.44 v= -7.9311 top5=[a22=0.036, a9=0.031, a15=0.030, a32=0.030, a36=0.030] [BUILD: Apiary]
  s=  193 a= 21(BUILD:BigFarm) r= -0.6798 cum=   -321.11 v= -8.0396 top5=[a22=0.036, a9=0.031, a32=0.030, a15=0.030, a36=0.030] [BUILD: BigFarm]
  s=  194 a= 34(MANAGER:0) r= -4.7507 cum=   -325.87 v= -8.0807 top5=[a22=0.039, a9=0.033, a15=0.031, a32=0.030, a44=0.029]
  s=  195 a= 42(MANAGER:8) r= -0.6041 cum=   -326.47 v= -7.8127 top5=[a22=0.039, a32=0.032, a44=0.031, a39=0.031, a9=0.031]
  s=  196 a=  7(BUILD:Sawmill) r= -1.0850 cum=   -327.55 v=-10.0633 top5=[a39=0.031, a9=0.030, a15=0.030, a7=0.028, a41=0.027] [BUILD FAILED: Sawmill]
  s=  197 a=  1(WEEK) r= -4.7523 cum=   -332.31 v=-10.1430 top5=[a39=0.031, a9=0.030, a15=0.030, a7=0.028, a41=0.027]
  s=  198 a= 16(BUILD:CoalCut) r= -1.0922 cum=   -333.40 v=-10.5383 top5=[a39=0.031, a15=0.029, a9=0.029, a22=0.028, a7=0.027] [BUILD FAILED: CoalCut]
  s=  199 a= 43(MANAGER:9) r= -0.2685 cum=   -333.67 v=-10.5849 top5=[a39=0.031, a15=0.029, a9=0.029, a22=0.028, a7=0.027]
  s=  200 a= 40(MANAGER:6) r= -4.7533 cum=   -338.42 v= -8.5854 top5=[a22=0.036, a9=0.033, a44=0.031, a39=0.030, a15=0.030]
    state: year=0 month=10 season=2 money=200 credit=57689 people=28 busy=0 free=28 home_places=290 need_workers=5 tax_due=0 main_tax_due=0 tax_amount=8058 main_tax_amount=0 days_alive=225 stage=0 res0=0 res1=200 res2=0 res3=0 res4=0 res5=0 res6=0 res7=0 res8=0 Farm=1 House=1 SmallHouse=2 BigHouse=1 Apiary=2 | nw=1522491.3623
  s=  201 a= 14(BUILD:Road) r= -0.7451 cum=   -339.17 v= -8.6087 top5=[a22=0.036, a9=0.033, a44=0.031, a39=0.030, a15=0.030] [BUILD: Road]
  s=  202 a=  7(BUILD:Sawmill) r= -0.7456 cum=   -339.91 v= -8.6785 top5=[a22=0.036, a9=0.033, a44=0.031, a39=0.030, a32=0.030] [BUILD: Sawmill]
  s=  203 a= 31(BUILD:AirStation) r= -4.7547 cum=   -344.67 v= -8.7453 top5=[a22=0.036, a9=0.032, a44=0.031, a39=0.030, a32=0.030] [BUILD FAILED: AirStation]
  s=  204 a= 21(BUILD:BigFarm) r= -0.7421 cum=   -345.41 v= -8.7808 top5=[a22=0.037, a9=0.032, a44=0.031, a39=0.030, a32=0.030] [BUILD: BigFarm]
  s=  205 a= 43(MANAGER:9) r= -0.7472 cum=   -346.16 v= -8.8146 top5=[a22=0.037, a9=0.032, a44=0.031, a32=0.030, a39=0.030]
  s=  206 a=  9(BUILD:Ironmine) r= -4.7561 cum=   -350.91 v= -8.8501 top5=[a22=0.037, a9=0.032, a44=0.031, a32=0.030, a39=0.030] [BUILD FAILED: Ironmine]
  s=  207 a= 40(MANAGER:6) r= -0.7467 cum=   -351.66 v= -8.9018 top5=[a22=0.037, a9=0.032, a44=0.031, a32=0.031, a39=0.030]
  s=  208 a= 27(BUILD:WaterMill) r= -0.7495 cum=   -352.41 v= -8.9582 top5=[a22=0.037, a9=0.032, a44=0.031, a32=0.031, a39=0.030] [BUILD: WaterMill]
  s=  209 a= 39(MANAGER:5) r= -4.7574 cum=   -357.17 v= -9.0090 top5=[a22=0.037, a44=0.032, a9=0.031, a32=0.031, a39=0.030]
  s=  210 a= 40(MANAGER:6) r= -0.7514 cum=   -357.92 v= -9.0576 top5=[a22=0.038, a44=0.032, a9=0.031, a32=0.031, a39=0.030]
  s=  211 a= 17(BUILD:HuntingLand) r= -0.7525 cum=   -358.67 v= -9.1005 top5=[a22=0.038, a44=0.032, a32=0.031, a9=0.031, a39=0.030] [BUILD: HuntingLand]
  s=  212 a= 24(BUILD:Hothouse) r= -4.7588 cum=   -363.43 v= -9.1460 top5=[a22=0.038, a44=0.032, a32=0.031, a9=0.031, a39=0.030] [BUILD FAILED: Hothouse]
  s=  213 a=  7(BUILD:Sawmill) r= -0.7582 cum=   -364.19 v= -9.2055 top5=[a22=0.038, a32=0.032, a44=0.032, a9=0.031, a39=0.030] [BUILD: Sawmill]
  s=  214 a= 15(BUILD:Fish) r= -0.7541 cum=   -364.94 v= -9.2700 top5=[a22=0.038, a32=0.032, a44=0.031, a9=0.031, a39=0.030] [BUILD: Fish]
  s=  215 a= 15(BUILD:Fish) r= -4.7601 cum=   -369.70 v= -9.3329 top5=[a22=0.038, a32=0.032, a44=0.031, a9=0.031, a39=0.030] [BUILD FAILED: Fish]
  s=  216 a= 24(BUILD:Hothouse) r= -0.7553 cum=   -370.46 v= -9.3993 top5=[a22=0.039, a32=0.032, a44=0.031, a9=0.030, a39=0.030] [BUILD: Hothouse]
  s=  217 a= 44(MANAGER:10) r= -0.0442 cum=   -370.50 v= -9.4690 top5=[a22=0.039, a32=0.032, a44=0.031, a9=0.030, a39=0.030]
  s=  218 a= 18(BUILD:CowFarm) r= -4.7602 cum=   -375.26 v= -9.5388 top5=[a22=0.039, a32=0.032, a44=0.031, a9=0.030, a39=0.030] [BUILD FAILED: CowFarm]
  s=  219 a=  1(WEEK) r= -3.1457 cum=   -378.41 v= -9.6159 top5=[a22=0.039, a32=0.033, a44=0.031, a9=0.030, a39=0.030]
  s=  220 a= 20(BUILD:BigHouse) r= -0.7659 cum=   -379.17 v= -9.9811 top5=[a22=0.035, a9=0.033, a44=0.031, a15=0.030, a32=0.029] [BUILD: BigHouse]
  s=  221 a=  4(BUILD:Garden) r= -4.7619 cum=   -383.93 v= -9.9862 top5=[a22=0.035, a9=0.033, a44=0.031, a15=0.030, a32=0.029] [BUILD FAILED: Garden]
  s=  222 a= 43(MANAGER:9) r= -0.7619 cum=   -384.70 v=-10.0133 top5=[a22=0.035, a9=0.032, a44=0.031, a15=0.030, a32=0.029]
  s=  223 a= 30(BUILD:BigIronmine) r= -0.7614 cum=   -385.46 v=-10.0526 top5=[a22=0.035, a9=0.032, a44=0.031, a15=0.030, a32=0.029] [BUILD: BigIronmine]
  s=  224 a=  6(BUILD:SmallHouse) r= -4.7633 cum=   -390.22 v=-10.0962 top5=[a22=0.035, a9=0.032, a44=0.031, a15=0.029, a32=0.029] [BUILD FAILED: SmallHouse]
  s=  225 a=  3(BUILD:Farm) r= -0.7690 cum=   -390.99 v=-10.1486 top5=[a22=0.036, a9=0.032, a44=0.031, a32=0.030, a15=0.029] [BUILD: Farm]
  s=  226 a= 10(BUILD:Refinery) r= -0.7659 cum=   -391.75 v=-10.2107 top5=[a22=0.036, a9=0.032, a44=0.031, a32=0.030, a15=0.029] [BUILD: Refinery]
  s=  227 a= 36(MANAGER:2) r= -4.6118 cum=   -396.37 v=-10.2718 top5=[a22=0.036, a9=0.032, a44=0.031, a32=0.030, a15=0.029]
  s=  228 a=  8(BUILD:Coalmine) r= -0.7740 cum=   -397.14 v=-10.3841 top5=[a22=0.036, a44=0.032, a9=0.031, a32=0.030, a15=0.029] [BUILD: Coalmine]
  s=  229 a= 23(BUILD:Torchlight) r= -0.7712 cum=   -397.91 v=-10.4620 top5=[a22=0.036, a44=0.032, a9=0.031, a32=0.030, a29=0.029] [BUILD: Torchlight]
  s=  230 a=  2(BUILD:WaterChannel) r= -4.7664 cum=   -402.68 v=-10.5298 top5=[a22=0.036, a44=0.032, a9=0.031, a32=0.030, a29=0.029] [BUILD FAILED: WaterChannel]
  s=  231 a= 44(MANAGER:10) r= -0.0558 cum=   -402.73 v=-10.5959 top5=[a22=0.037, a44=0.032, a9=0.031, a32=0.031, a29=0.029]
  s=  232 a=  0(DAY) r= -0.2962 cum=   -403.03 v=-10.6573 top5=[a22=0.037, a44=0.032, a32=0.031, a9=0.031, a29=0.029]
  s=  233 a=  4(BUILD:Garden) r= -4.7657 cum=   -407.80 v=-10.7070 top5=[a22=0.037, a44=0.032, a32=0.031, a9=0.030, a29=0.029] [BUILD FAILED: Garden]
  s=  234 a= 28(BUILD:BigRefinary) r= -0.7768 cum=   -408.57 v=-10.7610 top5=[a22=0.037, a44=0.032, a32=0.031, a9=0.030, a36=0.029] [BUILD: BigRefinary]
  s=  235 a=  8(BUILD:Coalmine) r= -0.7730 cum=   -409.35 v=-10.8174 top5=[a22=0.037, a44=0.031, a32=0.031, a9=0.030, a36=0.029] [BUILD: Coalmine]
  s=  236 a= 14(BUILD:Road) r= -4.7671 cum=   -414.11 v=-10.8723 top5=[a22=0.037, a32=0.032, a44=0.031, a9=0.030, a36=0.029] [BUILD FAILED: Road]
  s=  237 a= 41(MANAGER:7) r= -0.7683 cum=   -414.88 v=-10.9259 top5=[a22=0.037, a32=0.032, a44=0.031, a9=0.030, a36=0.029]
  s=  238 a=  2(BUILD:WaterChannel) r= -0.7836 cum=   -415.66 v=-10.9667 top5=[a22=0.037, a32=0.032, a44=0.031, a9=0.030, a36=0.029] [BUILD: WaterChannel]
  s=  239 a=  9(BUILD:Ironmine) r= -4.7684 cum=   -420.43 v=-11.0066 top5=[a22=0.037, a32=0.032, a44=0.031, a9=0.030, a36=0.029] [BUILD FAILED: Ironmine]
  s=  240 a= 39(MANAGER:5) r= -0.3093 cum=   -420.74 v=-11.0473 top5=[a22=0.038, a32=0.032, a44=0.031, a9=0.030, a36=0.029]
  s=  241 a= 37(MANAGER:3) r= -4.7676 cum=   -425.51 v=-10.9772 top5=[a22=0.037, a32=0.032, a44=0.031, a9=0.030, a39=0.030]
  s=  242 a= 30(BUILD:BigIronmine) r= -4.7662 cum=   -430.28 v=-12.3212 top5=[a22=0.034, a44=0.033, a32=0.032, a36=0.029, a40=0.028] [BUILD FAILED: BigIronmine]
  s=  243 a= 17(BUILD:HuntingLand) r= -0.7721 cum=   -431.05 v=-12.3922 top5=[a22=0.034, a44=0.033, a32=0.032, a36=0.029, a40=0.028] [BUILD: HuntingLand]
  s=  244 a= 39(MANAGER:5) r= -0.7762 cum=   -431.82 v=-12.4641 top5=[a22=0.034, a44=0.033, a32=0.032, a36=0.029, a40=0.028]
  s=  245 a=  5(BUILD:House) r= -4.7675 cum=   -436.59 v=-16.8425 top5=[a12=0.039, a24=0.031, a36=0.031, a14=0.031, a17=0.029] [BUILD FAILED: House]
  s=  246 a= 18(BUILD:CowFarm) r= -0.7743 cum=   -437.37 v=-13.8328 top5=[a12=0.053, a24=0.033, a32=0.030, a8=0.030, a39=0.029] [BUILD: CowFarm]
  s=  247 a= 24(BUILD:Hothouse) r= -0.7791 cum=   -438.15 v=-13.7506 top5=[a12=0.052, a24=0.033, a32=0.030, a8=0.030, a39=0.029] [BUILD: Hothouse]
  s=  248 a= 32(BUILD:SmallAtomStation) r= -4.7688 cum=   -442.91 v=-13.6688 top5=[a12=0.052, a24=0.033, a32=0.030, a8=0.030, a39=0.029] [BUILD FAILED: SmallAtomStation]
  s=  249 a= 22(BUILD:Apiary) r= -0.7762 cum=   -443.69 v=-13.5873 top5=[a12=0.051, a24=0.033, a32=0.030, a8=0.029, a39=0.028] [BUILD: Apiary]
  s=  250 a= 14(BUILD:Road) r= -0.7831 cum=   -444.47 v=-13.5112 top5=[a12=0.050, a24=0.033, a32=0.030, a8=0.029, a39=0.028] [BUILD: Road]
    state: year=0 month=12 season=3 money=938 credit=64487 people=29 busy=0 free=29 home_places=350 need_workers=0 tax_due=0 main_tax_due=0 tax_amount=7638 main_tax_amount=0 days_alive=281 stage=0 res0=0 res1=200 res2=0 res3=0 res4=0 res5=0 res6=0 res7=0 res8=0 Farm=1 House=1 SmallHouse=2 BigHouse=1 Apiary=1 | nw=1506474.1542
  s=  251 a= 22(BUILD:Apiary) r= -4.7702 cum=   -449.24 v=-13.4360 top5=[a12=0.050, a24=0.033, a32=0.030, a8=0.029, a39=0.028] [BUILD FAILED: Apiary]
  s=  252 a=  8(BUILD:Coalmine) r= -0.7927 cum=   -450.04 v=-13.3626 top5=[a12=0.049, a24=0.033, a32=0.030, a8=0.029, a39=0.028] [BUILD: Coalmine]
  s=  253 a=  1(WEEK) r= -3.3690 cum=   -453.41 v=-13.2897 top5=[a12=0.049, a24=0.033, a32=0.030, a8=0.029, a39=0.028]
  s=  254 a= 17(BUILD:HuntingLand) r= -4.7715 cum=   -458.18 v=-12.9839 top5=[a12=0.044, a24=0.033, a32=0.030, a14=0.029, a43=0.028] [BUILD FAILED: HuntingLand]
  s=  255 a= 12(BUILD:PowerStation) r= +0.3717 cum=   -457.81 v=-13.0037 top5=[a12=0.043, a24=0.033, a32=0.030, a14=0.029, a43=0.028] [BUILD: PowerStation]
  s=  256 a= 18(BUILD:CowFarm) r= -0.7930 cum=   -458.60 v=-13.5040 top5=[a12=0.042, a24=0.031, a32=0.031, a43=0.030, a14=0.029] [BUILD: CowFarm]
  s=  257 a= 44(MANAGER:10) r= -4.7706 cum=   -463.37 v=-13.5455 top5=[a12=0.042, a24=0.031, a32=0.031, a43=0.030, a14=0.029]
  s=  258 a=  3(BUILD:Farm) r= -0.7991 cum=   -464.17 v=-13.6061 top5=[a12=0.041, a24=0.031, a32=0.031, a43=0.030, a14=0.029] [BUILD: Farm]
  s=  259 a= 38(MANAGER:4) r= +1.1046 cum=   -463.06 v=-13.6738 top5=[a12=0.041, a24=0.031, a32=0.031, a43=0.030, a14=0.029]
  s=  260 a= 27(BUILD:WaterMill) r= -4.7676 cum=   -467.83 v=-13.2930 top5=[a12=0.039, a43=0.032, a32=0.031, a24=0.031, a14=0.030] [BUILD FAILED: WaterMill]
  s=  261 a= 28(BUILD:BigRefinary) r= -0.8019 cum=   -468.63 v=-13.3471 top5=[a12=0.038, a43=0.032, a32=0.031, a24=0.031, a14=0.030] [BUILD: BigRefinary]
  s=  262 a= 12(BUILD:PowerStation) r= +0.3729 cum=   -468.26 v=-12.7860 top5=[a12=0.039, a24=0.032, a43=0.031, a32=0.030, a14=0.030] [BUILD: PowerStation]
  s=  263 a= 28(BUILD:BigRefinary) r= +0.1532 cum=   -468.11 v=-13.5346 top5=[a12=0.038, a43=0.032, a32=0.031, a24=0.031, a14=0.030] [BUILD: BigRefinary]
  s=  264 a= 41(MANAGER:7) r= -4.7665 cum=   -472.87 v=-13.6274 top5=[a12=0.037, a43=0.032, a32=0.032, a24=0.031, a14=0.030]
  s=  265 a= 20(BUILD:BigHouse) r= -0.8051 cum=   -473.68 v=-13.7168 top5=[a12=0.037, a43=0.032, a32=0.032, a24=0.030, a14=0.030] [BUILD: BigHouse]
  s=  266 a=  9(BUILD:Ironmine) r= -0.8121 cum=   -474.49 v=-13.8059 top5=[a12=0.036, a43=0.032, a32=0.032, a24=0.030, a14=0.030] [BUILD: Ironmine]
  s=  267 a= 35(MANAGER:1) r= -4.7679 cum=   -479.26 v=-13.8991 top5=[a12=0.036, a43=0.032, a32=0.032, a24=0.030, a14=0.030]
  s=  268 a= 28(BUILD:BigRefinary) r= -0.8028 cum=   -480.06 v=-14.0339 top5=[a12=0.036, a43=0.032, a32=0.032, a24=0.030, a14=0.030] [BUILD: BigRefinary]
  s=  269 a= 17(BUILD:HuntingLand) r= -0.8116 cum=   -480.87 v=-13.6417 top5=[a12=0.036, a24=0.032, a43=0.031, a32=0.031, a39=0.030] [BUILD: HuntingLand]
  s=  270 a=  3(BUILD:Farm) r= -4.7692 cum=   -485.64 v=-15.9921 top5=[a12=0.079, a39=0.035, a15=0.034, a11=0.030, a32=0.029] [BUILD FAILED: Farm]
  s=  271 a= 11(BUILD:Goldmine) r= -0.8130 cum=   -486.45 v=-15.9716 top5=[a12=0.078, a39=0.035, a15=0.034, a11=0.030, a14=0.029] [BUILD: Goldmine]
  s=  272 a= 33(BUILD:AtomStation) r= -0.8195 cum=   -487.27 v=-15.9867 top5=[a12=0.077, a39=0.035, a15=0.034, a11=0.030, a14=0.030] [BUILD: AtomStation]
  s=  273 a= 43(MANAGER:9) r= -4.7706 cum=   -492.04 v=-16.0647 top5=[a12=0.076, a39=0.035, a15=0.034, a11=0.030, a14=0.030]
  s=  274 a= 13(BUILD:HydroStation) r= -0.8153 cum=   -492.86 v=-16.1724 top5=[a12=0.075, a39=0.035, a15=0.034, a11=0.030, a14=0.030] [BUILD: HydroStation]
  s=  275 a= 19(BUILD:Mushroom) r= -0.8205 cum=   -493.68 v=-16.2799 top5=[a12=0.074, a39=0.035, a15=0.034, a11=0.031, a14=0.030] [BUILD: Mushroom]
  s=  276 a= 31(BUILD:AirStation) r= -4.7720 cum=   -498.45 v=-16.3855 top5=[a12=0.073, a39=0.036, a15=0.034, a11=0.031, a14=0.030] [BUILD FAILED: AirStation]
  s=  277 a= 19(BUILD:Mushroom) r= -0.8232 cum=   -499.28 v=-16.5337 top5=[a12=0.072, a39=0.036, a15=0.034, a11=0.031, a14=0.030] [BUILD: Mushroom]
  s=  278 a= 38(MANAGER:4) r= +1.0965 cum=   -498.18 v=-16.6935 top5=[a12=0.071, a39=0.036, a15=0.033, a11=0.031, a14=0.030]
  s=  279 a= 42(MANAGER:8) r= -4.7691 cum=   -502.95 v=-17.2334 top5=[a12=0.068, a39=0.036, a15=0.036, a14=0.031, a11=0.031]
  s=  280 a= 38(MANAGER:4) r= +0.7300 cum=   -502.22 v=-18.8569 top5=[a12=0.056, a14=0.034, a39=0.034, a15=0.030, a1=0.029]
  s=  281 a=  7(BUILD:Sawmill) r= -1.1805 cum=   -503.40 v=-19.0897 top5=[a12=0.051, a39=0.034, a14=0.034, a15=0.031, a1=0.029] [BUILD FAILED: Sawmill]
  s=  282 a= 10(BUILD:Refinery) r= -4.7678 cum=   -508.17 v=-19.0974 top5=[a12=0.051, a39=0.034, a14=0.034, a15=0.031, a43=0.029] [BUILD FAILED: Refinery]
  s=  283 a= 17(BUILD:HuntingLand) r= -1.1836 cum=   -509.35 v=-19.1086 top5=[a12=0.050, a39=0.035, a14=0.034, a15=0.031, a43=0.029] [BUILD FAILED: HuntingLand]
  s=  284 a=  6(BUILD:SmallHouse) r= -1.1857 cum=   -510.54 v=-19.1627 top5=[a12=0.049, a39=0.035, a14=0.034, a15=0.032, a43=0.030] [BUILD FAILED: SmallHouse]
  s=  285 a= 19(BUILD:Mushroom) r= -4.7699 cum=   -515.31 v=-19.2294 top5=[a12=0.049, a39=0.035, a14=0.034, a15=0.032, a43=0.030] [BUILD FAILED: Mushroom]
  s=  286 a= 39(MANAGER:5) r= +0.7191 cum=   -514.59 v=-19.2987 top5=[a12=0.048, a39=0.035, a14=0.033, a15=0.032, a43=0.030]
  s=  287 a= 20(BUILD:BigHouse) r= -1.1882 cum=   -515.78 v=-19.4750 top5=[a12=0.050, a39=0.035, a14=0.033, a15=0.031, a43=0.030] [BUILD FAILED: BigHouse]
  s=  288 a= 15(BUILD:Fish) r= -4.7686 cum=   -520.54 v=-19.5881 top5=[a12=0.049, a39=0.035, a14=0.033, a15=0.031, a43=0.030] [BUILD FAILED: Fish]
  s=  289 a= 44(MANAGER:10) r= -0.4762 cum=   -521.02 v=-19.7029 top5=[a12=0.049, a39=0.035, a14=0.033, a15=0.031, a43=0.030]
  s=  290 a=  3(BUILD:Farm) r= +2.0671 cum=   -518.95 v=-19.8167 top5=[a12=0.048, a39=0.035, a14=0.033, a15=0.031, a43=0.030] [BUILD: Farm]
  s=  291 a= 23(BUILD:Torchlight) r= -1.1925 cum=   -520.15 v=-20.2702 top5=[a12=0.045, a39=0.035, a14=0.033, a15=0.032, a43=0.031] [BUILD FAILED: Torchlight]
  s=  292 a= 22(BUILD:Apiary) r= +1.1837 cum=   -518.96 v=-20.4005 top5=[a12=0.045, a39=0.035, a14=0.033, a15=0.032, a43=0.031] [BUILD: Apiary]
  s=  293 a= 12(BUILD:PowerStation) r= -0.0224 cum=   -518.98 v=-21.3122 top5=[a12=0.046, a39=0.037, a14=0.034, a43=0.033, a15=0.030] [BUILD: PowerStation]
  s=  294 a=  1(WEEK) r= -4.7606 cum=   -523.74 v=-21.7806 top5=[a12=0.044, a14=0.034, a39=0.034, a43=0.034, a15=0.030]
  s=  295 a= 36(MANAGER:2) r= -4.0446 cum=   -527.79 v=-20.7021 top5=[a12=0.061, a39=0.037, a14=0.031, a15=0.029, a43=0.027]
  s=  296 a=  7(BUILD:Sawmill) r= -1.2154 cum=   -529.00 v=-20.6955 top5=[a12=0.060, a39=0.037, a14=0.031, a15=0.030, a43=0.027] [BUILD FAILED: Sawmill]
  s=  297 a= 13(BUILD:HydroStation) r= -0.6964 cum=   -529.70 v=-20.7453 top5=[a12=0.059, a39=0.037, a14=0.031, a15=0.029, a43=0.027] [BUILD: HydroStation]
  s=  298 a= 16(BUILD:CoalCut) r= -1.2234 cum=   -530.92 v=-23.2168 top5=[a12=0.060, a39=0.035, a15=0.030, a6=0.029, a34=0.029] [BUILD FAILED: CoalCut]
  s=  299 a= 41(MANAGER:7) r= -4.7643 cum=   -535.69 v=-23.2955 top5=[a12=0.059, a39=0.035, a15=0.030, a34=0.029, a6=0.029]
  s=  300 a= 25(BUILD:SuperHouse) r= -1.2177 cum=   -536.91 v=-23.4472 top5=[a12=0.059, a39=0.035, a15=0.030, a34=0.029, a14=0.029] [BUILD FAILED: SuperHouse]
    state: year=1 month=2 season=3 money=17372 credit=125836 people=30 busy=0 free=30 home_places=310 need_workers=0 tax_due=0 main_tax_due=0 tax_amount=8902 main_tax_amount=0 days_alive=343 stage=0 res0=0 res1=400 res2=0 res3=0 res4=0 res5=0 res6=0 res7=0 res8=0 Farm=1 Garden=1 Road=3 House=2 SmallHouse=2 BigHouse=1 Apiary=2 | nw=1494594.5033
  s=  301 a= 11(BUILD:Goldmine) r= -1.2199 cum=   -538.13 v=-23.5310 top5=[a12=0.058, a39=0.035, a15=0.030, a14=0.030, a34=0.029] [BUILD FAILED: Goldmine]
  s=  302 a=  5(BUILD:House) r= -4.7665 cum=   -542.89 v=-23.6211 top5=[a12=0.058, a39=0.035, a15=0.030, a14=0.030, a34=0.029] [BUILD FAILED: House]
  s=  303 a= 39(MANAGER:5) r= +0.6720 cum=   -542.22 v=-23.7401 top5=[a12=0.057, a39=0.035, a15=0.030, a14=0.030, a34=0.029]
  s=  304 a= 22(BUILD:Apiary) r= +1.1495 cum=   -541.07 v=-23.5078 top5=[a12=0.061, a39=0.035, a15=0.029, a14=0.029, a43=0.028] [BUILD: Apiary]
  s=  305 a= 44(MANAGER:10) r= -0.5158 cum=   -541.59 v=-26.7317 top5=[a12=0.065, a39=0.039, a34=0.031, a43=0.031, a14=0.029]
  s=  306 a= 17(BUILD:HuntingLand) r= -4.7616 cum=   -546.35 v=-26.9045 top5=[a12=0.064, a39=0.039, a43=0.031, a34=0.031, a14=0.029] [BUILD FAILED: HuntingLand]
  s=  307 a= 12(BUILD:PowerStation) r= +1.3632 cum=   -544.99 v=-27.0939 top5=[a12=0.063, a39=0.040, a43=0.031, a34=0.031, a14=0.029] [BUILD: PowerStation]
  s=  308 a=  6(BUILD:SmallHouse) r= -1.2426 cum=   -546.23 v=-27.3636 top5=[a12=0.059, a39=0.037, a34=0.032, a43=0.032, a14=0.030] [BUILD FAILED: SmallHouse]
  s=  309 a= 38(MANAGER:4) r= -4.0962 cum=   -550.32 v=-27.5402 top5=[a12=0.058, a39=0.037, a43=0.032, a34=0.032, a14=0.030]
  s=  310 a=  5(BUILD:House) r= -1.2409 cum=   -551.57 v=-27.2794 top5=[a12=0.055, a39=0.038, a43=0.033, a34=0.033, a6=0.029] [BUILD FAILED: House]
  s=  311 a= 26(BUILD:BigSawmill) r= -1.2582 cum=   -552.82 v=-27.6214 top5=[a12=0.058, a39=0.039, a43=0.032, a34=0.031, a15=0.029] [BUILD FAILED: BigSawmill]
  s=  312 a= 30(BUILD:BigIronmine) r= -4.7622 cum=   -557.59 v=-27.7827 top5=[a12=0.058, a39=0.040, a43=0.033, a34=0.030, a15=0.030] [BUILD FAILED: BigIronmine]
  s=  313 a= 31(BUILD:AirStation) r= -0.7844 cum=   -558.37 v=-27.9885 top5=[a12=0.057, a39=0.040, a43=0.033, a34=0.030, a15=0.030] [BUILD: AirStation]
  s=  314 a= 10(BUILD:Refinery) r= -1.2661 cum=   -559.64 v=-27.9957 top5=[a12=0.060, a39=0.041, a43=0.033, a15=0.029, a34=0.029] [BUILD FAILED: Refinery]
  s=  315 a=  3(BUILD:Farm) r= -4.7640 cum=   -564.40 v=-28.1938 top5=[a12=0.059, a39=0.041, a43=0.033, a15=0.029, a34=0.029] [BUILD FAILED: Farm]
  s=  316 a= 15(BUILD:Fish) r= -1.2514 cum=   -565.65 v=-28.3915 top5=[a12=0.058, a39=0.041, a43=0.033, a15=0.029, a34=0.028] [BUILD FAILED: Fish]
  s=  317 a= 33(BUILD:AtomStation) r= -1.2612 cum=   -566.91 v=-28.5925 top5=[a12=0.057, a39=0.041, a43=0.033, a15=0.029, a34=0.028] [BUILD FAILED: AtomStation]
  s=  318 a= 17(BUILD:HuntingLand) r= -4.7663 cum=   -571.68 v=-28.7919 top5=[a12=0.056, a39=0.041, a43=0.033, a15=0.029, a14=0.028] [BUILD FAILED: HuntingLand]
  s=  319 a= 39(MANAGER:5) r= +0.6308 cum=   -571.05 v=-28.9897 top5=[a12=0.055, a39=0.041, a43=0.033, a15=0.029, a14=0.028]
  s=  320 a=  4(BUILD:Garden) r= -1.1061 cum=   -572.15 v=-29.1710 top5=[a12=0.056, a39=0.040, a43=0.033, a22=0.029, a14=0.028] [BUILD FAILED: Garden]
  s=  321 a= 32(BUILD:SmallAtomStation) r= -4.7652 cum=   -576.92 v=-29.3322 top5=[a12=0.055, a39=0.040, a43=0.033, a22=0.029, a14=0.028] [BUILD FAILED: SmallAtomStation]
  s=  322 a= 22(BUILD:Apiary) r= +1.1070 cum=   -575.81 v=-29.4756 top5=[a12=0.054, a39=0.041, a43=0.033, a22=0.029, a14=0.028] [BUILD: Apiary]
  s=  323 a= 15(BUILD:Fish) r= -2.8090 cum=   -578.62 v=-41.3694 top5=[a9=0.034, a3=0.031, a30=0.030, a12=0.030, a22=0.030] [BUILD FAILED: Fish]
  s=  324 a= 40(MANAGER:6) r= -4.7629 cum=   -583.38 v=-41.2921 top5=[a9=0.034, a3=0.031, a30=0.030, a12=0.030, a22=0.030]
  s=  325 a= 21(BUILD:BigFarm) r= -2.8093 cum=   -586.19 v=-41.2421 top5=[a9=0.034, a3=0.031, a30=0.030, a12=0.030, a22=0.030] [BUILD FAILED: BigFarm]
  s=  326 a=  5(BUILD:House) r= -2.8104 cum=   -589.00 v=-41.1637 top5=[a9=0.034, a3=0.031, a30=0.030, a12=0.030, a22=0.030] [BUILD FAILED: House]
  s=  327 a= 14(BUILD:Road) r= -1.9013 cum=   -590.91 v=-41.0847 top5=[a9=0.034, a3=0.031, a30=0.030, a12=0.030, a22=0.030] [BUILD FAILED: Road]
  s=  328 a= 27(BUILD:WaterMill) r= -2.8127 cum=   -593.72 v=-35.5755 top5=[a9=0.033, a30=0.032, a1=0.032, a3=0.031, a22=0.030] [BUILD FAILED: WaterMill]
  s=  329 a= 12(BUILD:PowerStation) r= -1.6406 cum=   -595.36 v=-35.5048 top5=[a9=0.033, a30=0.032, a1=0.032, a3=0.031, a22=0.030] [BUILD FAILED: PowerStation]
  s=  330 a=  6(BUILD:SmallHouse) r= -2.8150 cum=   -598.17 v=-32.4516 top5=[a1=0.033, a9=0.032, a30=0.032, a22=0.031, a44=0.030] [BUILD FAILED: SmallHouse]
  s=  331 a= 20(BUILD:BigHouse) r= -4.7731 cum=   -602.95 v=-32.3746 top5=[a1=0.033, a9=0.032, a30=0.032, a22=0.031, a44=0.030] [BUILD FAILED: BigHouse]
  s=  332 a= 33(BUILD:AtomStation) r= -2.8153 cum=   -605.76 v=-32.2983 top5=[a1=0.033, a9=0.032, a30=0.032, a22=0.031, a44=0.030] [BUILD FAILED: AtomStation]
  s=  333 a= 12(BUILD:PowerStation) r= -1.6421 cum=   -607.40 v=-32.2222 top5=[a1=0.033, a9=0.032, a30=0.032, a22=0.031, a44=0.030] [BUILD FAILED: PowerStation]
  s=  334 a= 19(BUILD:Mushroom) r= -2.8176 cum=   -610.22 v=-28.7969 top5=[a1=0.034, a22=0.033, a30=0.032, a9=0.032, a44=0.030] [BUILD FAILED: Mushroom]
  s=  335 a= 11(BUILD:Goldmine) r= -4.7774 cum=   -615.00 v=-28.7448 top5=[a1=0.034, a22=0.033, a30=0.032, a9=0.032, a44=0.030] [BUILD FAILED: Goldmine]
  s=  336 a=  1(WEEK) r= -2.8179 cum=   -617.82 v=-28.6931 top5=[a1=0.034, a22=0.033, a30=0.032, a9=0.032, a44=0.030]
  s=  337 a= 37(MANAGER:3) r= -4.7779 cum=   -622.60 v=-28.6418 top5=[a1=0.034, a22=0.033, a30=0.032, a9=0.032, a44=0.030]
  s=  338 a= 26(BUILD:BigSawmill) r= -4.7765 cum=   -627.37 v=-26.6985 top5=[a1=0.033, a30=0.032, a22=0.031, a44=0.030, a9=0.030] [BUILD FAILED: BigSawmill]
  s=  339 a= 31(BUILD:AirStation) r= -2.8173 cum=   -630.19 v=-26.6603 top5=[a1=0.033, a30=0.032, a22=0.031, a44=0.030, a9=0.030] [BUILD FAILED: AirStation]
  s=  340 a= 25(BUILD:SuperHouse) r= -2.8184 cum=   -633.01 v=-26.6223 top5=[a1=0.033, a30=0.032, a22=0.031, a44=0.030, a9=0.030] [BUILD FAILED: SuperHouse]
  s=  341 a= 31(BUILD:AirStation) r= -4.7788 cum=   -637.79 v=-26.5845 top5=[a1=0.033, a30=0.032, a22=0.031, a44=0.030, a9=0.030] [BUILD FAILED: AirStation]
  s=  342 a= 43(MANAGER:9) r= -2.8187 cum=   -640.60 v=-26.5468 top5=[a1=0.033, a30=0.032, a22=0.031, a44=0.030, a9=0.030]
  s=  343 a= 25(BUILD:SuperHouse) r= -2.8198 cum=   -643.42 v=-26.5094 top5=[a1=0.033, a30=0.032, a22=0.031, a44=0.030, a9=0.029] [BUILD FAILED: SuperHouse]
  s=  344 a= 19(BUILD:Mushroom) r= -4.7811 cum=   -648.21 v=-26.4721 top5=[a1=0.032, a30=0.032, a22=0.031, a44=0.030, a9=0.029] [BUILD FAILED: Mushroom]
  s=  345 a=  1(WEEK) r= -2.8201 cum=   -651.03 v=-26.4350 top5=[a1=0.032, a30=0.032, a22=0.031, a44=0.030, a9=0.029]
  s=  346 a= 24(BUILD:Hothouse) r= -2.8212 cum=   -653.85 v=-26.3980 top5=[a1=0.032, a30=0.032, a22=0.031, a44=0.030, a9=0.029] [BUILD FAILED: Hothouse]
  s=  347 a= 36(MANAGER:2) r= -4.7834 cum=   -658.63 v=-26.3613 top5=[a1=0.032, a30=0.032, a22=0.031, a44=0.030, a9=0.029]
  s=  348 a= 34(MANAGER:0) r= -2.8214 cum=   -661.45 v=-20.7022 top5=[a30=0.032, a1=0.032, a34=0.032, a44=0.032, a9=0.030]
  s=  349 a= 25(BUILD:SuperHouse) r= -2.8225 cum=   -664.27 v=-20.6650 top5=[a30=0.032, a1=0.032, a34=0.032, a44=0.032, a9=0.030] [BUILD FAILED: SuperHouse]
  s=  350 a= 33(BUILD:AtomStation) r= -4.7858 cum=   -669.06 v=-20.6280 top5=[a30=0.032, a1=0.032, a34=0.032, a44=0.032, a9=0.030] [BUILD FAILED: AtomStation]
    state: year=1 month=3 season=0 money=1873 credit=131479 people=31 busy=0 free=31 home_places=390 need_workers=10 tax_due=1 main_tax_due=0 tax_amount=9326 main_tax_amount=0 days_alive=365 stage=0 res0=0 res1=200 res2=0 res3=0 res4=0 res5=0 res6=0 res7=0 res8=0 Farm=1 Garden=1 Road=6 House=2 SmallHouse=3 BigHouse=1 Apiary=2 | nw=1480304.9015
  s=  351 a= 20(BUILD:BigHouse) r= -2.8228 cum=   -671.88 v=-20.5910 top5=[a30=0.032, a34=0.032, a1=0.032, a44=0.032, a9=0.030] [BUILD FAILED: BigHouse]
  s=  352 a= 26(BUILD:BigSawmill) r= -2.8239 cum=   -674.71 v=-20.5542 top5=[a30=0.032, a34=0.032, a1=0.032, a44=0.031, a9=0.030] [BUILD FAILED: BigSawmill]
  s=  353 a= 20(BUILD:BigHouse) r= -4.7881 cum=   -679.50 v=-20.5175 top5=[a30=0.032, a34=0.032, a1=0.032, a44=0.031, a9=0.030] [BUILD FAILED: BigHouse]
  s=  354 a=  5(BUILD:House) r= -2.8242 cum=   -682.32 v=-20.4811 top5=[a30=0.032, a34=0.032, a1=0.032, a44=0.031, a9=0.030] [BUILD FAILED: House]
  s=  355 a= 35(MANAGER:1) r= -2.8252 cum=   -685.14 v=-20.4455 top5=[a30=0.032, a34=0.032, a1=0.031, a44=0.031, a9=0.030]
  s=  356 a= 16(BUILD:CoalCut) r= -4.7904 cum=   -689.93 v=-20.4121 top5=[a30=0.032, a34=0.032, a1=0.031, a44=0.031, a9=0.030] [BUILD FAILED: CoalCut]
  s=  357 a= 19(BUILD:Mushroom) r= -2.8255 cum=   -692.76 v=-20.3785 top5=[a30=0.032, a34=0.032, a1=0.031, a44=0.031, a9=0.030] [BUILD FAILED: Mushroom]
  s=  358 a= 37(MANAGER:3) r= -4.7909 cum=   -697.55 v=-20.3451 top5=[a30=0.032, a34=0.032, a1=0.031, a44=0.031, a9=0.030]
  s=  359 a= 22(BUILD:Apiary) r= -4.7895 cum=   -702.34 v=-19.5978 top5=[a34=0.033, a30=0.032, a44=0.030, a1=0.030, a9=0.029] [BUILD FAILED: Apiary]
  s=  360 a= 19(BUILD:Mushroom) r= -2.8250 cum=   -705.17 v=-19.5557 top5=[a34=0.033, a30=0.032, a44=0.030, a1=0.030, a9=0.029] [BUILD FAILED: Mushroom]
  s=  361 a=  2(BUILD:WaterChannel) r= -2.8261 cum=   -707.99 v=-19.5139 top5=[a34=0.033, a30=0.032, a44=0.030, a1=0.030, a9=0.029] [BUILD FAILED: WaterChannel]
  s=  362 a= 36(MANAGER:2) r= -4.7919 cum=   -712.78 v=-19.4724 top5=[a34=0.033, a30=0.032, a44=0.030, a1=0.030, a9=0.029]
  s=  363 a= 25(BUILD:SuperHouse) r= -2.8264 cum=   -715.61 v=-19.4311 top5=[a34=0.033, a30=0.032, a44=0.030, a1=0.030, a9=0.029] [BUILD FAILED: SuperHouse]
  s=  364 a= 44(MANAGER:10) r= -2.1086 cum=   -717.72 v=-19.3897 top5=[a34=0.033, a30=0.032, a44=0.030, a1=0.030, a9=0.029]
  s=  365 a=  4(BUILD:Garden) r= -4.7944 cum=   -722.51 v=-19.3485 top5=[a34=0.033, a30=0.031, a44=0.030, a1=0.030, a9=0.029] [BUILD FAILED: Garden]
  s=  366 a= 17(BUILD:HuntingLand) r= -2.8279 cum=   -725.34 v=-19.3076 top5=[a34=0.033, a30=0.031, a44=0.030, a1=0.030, a9=0.029] [BUILD FAILED: HuntingLand]
  s=  367 a= 12(BUILD:PowerStation) r= -1.6495 cum=   -726.99 v=-19.2670 top5=[a34=0.033, a30=0.031, a44=0.030, a1=0.030, a9=0.029] [BUILD FAILED: PowerStation]
  s=  368 a= 27(BUILD:WaterMill) r= -2.8301 cum=   -729.82 v=-16.1601 top5=[a30=0.033, a34=0.032, a44=0.030, a1=0.030, a24=0.028] [BUILD FAILED: WaterMill]
  s=  369 a= 32(BUILD:SmallAtomStation) r= -4.7987 cum=   -734.62 v=-16.1506 top5=[a30=0.033, a34=0.032, a44=0.030, a1=0.030, a9=0.028] [BUILD FAILED: SmallAtomStation]
  s=  370 a= 29(BUILD:Puerperal) r= -2.8304 cum=   -737.45 v=-16.1407 top5=[a30=0.033, a34=0.032, a44=0.030, a1=0.030, a9=0.028] [BUILD FAILED: Puerperal]
  s=  371 a=  9(BUILD:Ironmine) r= -2.8315 cum=   -740.28 v=-16.1305 top5=[a30=0.033, a34=0.032, a44=0.030, a1=0.030, a9=0.028] [BUILD FAILED: Ironmine]
  s=  372 a= 20(BUILD:BigHouse) r= -4.8010 cum=   -745.08 v=-16.1200 top5=[a30=0.033, a34=0.032, a44=0.030, a1=0.030, a22=0.028] [BUILD FAILED: BigHouse]
  s=  373 a= 14(BUILD:Road) r= -2.8318 cum=   -747.91 v=-16.1092 top5=[a30=0.033, a34=0.032, a44=0.030, a1=0.030, a22=0.028] [BUILD FAILED: Road]
  s=  374 a= 38(MANAGER:4) r= -0.9123 cum=   -748.83 v=-16.0980 top5=[a30=0.033, a34=0.033, a44=0.030, a1=0.030, a22=0.028]
  s=  375 a= 21(BUILD:BigFarm) r= -4.8028 cum=   -753.63 v=-16.2983 top5=[a30=0.034, a34=0.032, a1=0.032, a44=0.029, a24=0.028] [BUILD FAILED: BigFarm]
  s=  376 a= 29(BUILD:Puerperal) r= -2.8329 cum=   -756.46 v=-16.2875 top5=[a30=0.034, a34=0.032, a1=0.032, a44=0.029, a24=0.028] [BUILD FAILED: Puerperal]
  s=  377 a= 30(BUILD:BigIronmine) r= -2.8339 cum=   -759.30 v=-16.2765 top5=[a30=0.034, a34=0.032, a1=0.032, a44=0.029, a24=0.028] [BUILD FAILED: BigIronmine]
  s=  378 a=  4(BUILD:Garden) r= -4.8051 cum=   -764.10 v=-16.2652 top5=[a30=0.034, a34=0.032, a1=0.032, a44=0.029, a24=0.028] [BUILD FAILED: Garden]
  s=  379 a= 35(MANAGER:1) r= -2.8342 cum=   -766.94 v=-16.2538 top5=[a30=0.034, a34=0.033, a1=0.032, a44=0.029, a24=0.028]
  s=  380 a= 33(BUILD:AtomStation) r= -2.8353 cum=   -769.77 v=-16.2421 top5=[a30=0.034, a34=0.033, a1=0.032, a44=0.029, a24=0.028] [BUILD FAILED: AtomStation]
  s=  381 a= 27(BUILD:WaterMill) r= -4.8074 cum=   -774.58 v=-16.2302 top5=[a30=0.034, a34=0.033, a1=0.032, a44=0.029, a24=0.028] [BUILD FAILED: WaterMill]
    state: year=0 month=3 season=0 money=82000 credit=0 people=28 busy=0 free=28 home_places=50 need_workers=0 tax_due=0 main_tax_due=0 tax_amount=5106 main_tax_amount=0 days_alive=0 stage=0 res0=0 res1=0 res2=0 res3=0 res4=0 res5=0 res6=0 res7=0 res8=0 | nw=1532000.0000
  >>> Ep 3: reward=-774.58, steps=382
  >>> final: year=0 month=3 season=0 money=82000 credit=0 people=28 busy=0 free=28 home_places=50 need_workers=0 tax_due=0 main_tax_due=0 tax_amount=5106 main_tax_amount=0 days_alive=0 stage=0 res0=0 res1=0 res2=0 res3=0 res4=0 res5=0 res6=0 res7=0 res8=0 | nw=1532000.0000

======================================================================
SUMMARY
======================================================================
Episodes: 3
Total steps: 1182
Mean reward: -843.87
Max reward:  -774.58
Min reward:  -907.76
  Ep 1: -907.76
  Ep 2: -849.26
  Ep 3: -774.58

ACTION DISTRIBUTION (all 1182 steps)
  MANAGER:5           :    47 (4.0%)
  MANAGER:10          :    44 (3.7%)
  BUILD:Fish          :    40 (3.4%)
  BUILD:SmallHouse    :    34 (2.9%)
  BUILD:SuperHouse    :    34 (2.9%)
  BUILD:PowerStation  :    33 (2.8%)
  MANAGER:6           :    32 (2.7%)
  BUILD:Apiary        :    31 (2.6%)
  BUILD:SmallAtomStation:    31 (2.6%)
  BUILD:HuntingLand   :    31 (2.6%)
  BUILD:Coalmine      :    31 (2.6%)
  BUILD:Road          :    31 (2.6%)
  BUILD:BigFarm       :    30 (2.5%)
  MANAGER:2           :    30 (2.5%)
  BUILD:Goldmine      :    30 (2.5%)
  BUILD:Farm          :    30 (2.5%)
  BUILD:Torchlight    :    29 (2.5%)
  BUILD:BigHouse      :    29 (2.5%)
  BUILD:BigIronmine   :    29 (2.5%)
  BUILD:Hothouse      :    29 (2.5%)
  MANAGER:9           :    27 (2.3%)
  BUILD:WaterMill     :    27 (2.3%)
  MANAGER:7           :    27 (2.3%)
  BUILD:BigSawmill    :    26 (2.2%)
  BUILD:Sawmill       :    26 (2.2%)
  BUILD:WaterChannel  :    25 (2.1%)
  MANAGER:0           :    25 (2.1%)
  BUILD:Mushroom      :    25 (2.1%)
  BUILD:Refinery      :    23 (1.9%)
  BUILD:Garden        :    23 (1.9%)
  BUILD:Ironmine      :    23 (1.9%)
  MANAGER:4           :    22 (1.9%)
  BUILD:HydroStation  :    21 (1.8%)
  BUILD:CowFarm       :    21 (1.8%)
  BUILD:House         :    20 (1.7%)
  BUILD:BigRefinary   :    19 (1.6%)
  WEEK                :    18 (1.5%)
  MANAGER:1           :    18 (1.5%)
  BUILD:CoalCut       :    18 (1.5%)
  MANAGER:8           :    18 (1.5%)
  BUILD:AtomStation   :    17 (1.4%)
  MANAGER:3           :    15 (1.3%)
  BUILD:AirStation    :    15 (1.3%)
  BUILD:Puerperal     :    14 (1.2%)
  DAY                 :    14 (1.2%)
