======================================================================
EPISODE 1
======================================================================
init: year=0 month=3 season=0 money=82000 credit=0 people=28 busy=0 free=28 home_places=50 need_workers=0 tax_due=0 main_tax_due=0 tax_amount=5106 main_tax_amount=0 days_alive=0 stage=0 res0=0 res1=0 res2=0 res3=0 res4=0 res5=0 res6=0 res7=0 res8=0 | nw=1532000.0000
  s=    0 a= 24(BUILD:Hothouse) r=+10.0000 cum=    +10.00 v= +6.8103 top5=[a43=0.030, a30=0.029, a15=0.028, a24=0.027, a36=0.026] [BUILD: Hothouse]
    OBS: year=0 month=3 season=0 money=65410 credit=0 people=28 busy=0 free=28 home_places=50 need_workers=0 tax_due=0 main_tax_due=0 tax_amount=5526 main_tax_amount=0 days_alive=1 stage=0 res0=0 res1=0 res2=0 res3=0 res4=0 res5=0 res6=0 res7=0 res8=0 Hothouse=1 | nw=1532000.0000
  s=    1 a= 41(MANAGER:7) r= -0.3369 cum=     +9.66 v= +7.8636 top5=[a43=0.031, a15=0.029, a30=0.029, a39=0.028, a8=0.027]
    OBS: year=0 month=3 season=0 money=64610 credit=0 people=28 busy=0 free=28 home_places=50 need_workers=0 tax_due=0 main_tax_due=0 tax_amount=5534 main_tax_amount=0 days_alive=2 stage=0 res0=0 res1=400 res2=0 res3=0 res4=0 res5=0 res6=0 res7=0 res8=0 Hothouse=1 | nw=1531600.0000
  s=    2 a= 28(BUILD:BigRefinary) r= -2.2679 cum=     +7.40 v= +7.3218 top5=[a43=0.030, a15=0.029, a30=0.028, a8=0.028, a39=0.027] [BUILD FAILED: BigRefinary]
    OBS: year=0 month=3 season=0 money=64610 credit=0 people=28 busy=0 free=28 home_places=50 need_workers=0 tax_due=0 main_tax_due=0 tax_amount=5534 main_tax_amount=0 days_alive=3 stage=0 res0=0 res1=400 res2=0 res3=0 res4=0 res5=0 res6=0 res7=0 res8=0 Hothouse=1 | nw=1531600.0000
  s=    3 a= 16(BUILD:CoalCut) r= -0.1374 cum=     +7.26 v= +6.1990 top5=[a43=0.029, a15=0.028, a30=0.027, a8=0.027, a39=0.026] [BUILD: CoalCut]
    OBS: year=0 month=3 season=0 money=64610 credit=0 people=28 busy=0 free=28 home_places=50 need_workers=0 tax_due=0 main_tax_due=0 tax_amount=5534 main_tax_amount=0 days_alive=4 stage=0 res0=0 res1=400 res2=0 res3=0 res4=0 res5=0 res6=0 res7=0 res8=0 Hothouse=1 | nw=1531600.0000
  s=    4 a= 19(BUILD:Mushroom) r= -0.1488 cum=     +7.11 v= +5.5746 top5=[a43=0.028, a15=0.027, a30=0.026, a8=0.026, a39=0.026] [BUILD: Mushroom]
    OBS: year=0 month=3 season=0 money=64610 credit=0 people=28 busy=0 free=28 home_places=50 need_workers=0 tax_due=0 main_tax_due=0 tax_amount=5534 main_tax_amount=0 days_alive=5 stage=0 res0=0 res1=400 res2=0 res3=0 res4=0 res5=0 res6=0 res7=0 res8=0 Hothouse=1 | nw=1531600.0000
  s=    5 a= 42(MANAGER:8) r= -2.6580 cum=     +4.45 v= +5.1691 top5=[a43=0.028, a15=0.027, a30=0.026, a8=0.026, a39=0.025]
    OBS: year=0 month=3 season=0 money=114610 credit=50100 people=28 busy=0 free=28 home_places=50 need_workers=0 tax_due=0 main_tax_due=0 tax_amount=5534 main_tax_amount=0 days_alive=6 stage=0 res0=0 res1=400 res2=0 res3=0 res4=0 res5=0 res6=0 res7=0 res8=0 Hothouse=1 | nw=1531500.0000
  s=    6 a= 22(BUILD:Apiary) r= +2.6860 cum=     +7.14 v= +4.9876 top5=[a43=0.029, a15=0.027, a8=0.026, a30=0.026, a39=0.025] [BUILD: Apiary]
    OBS: year=0 month=3 season=0 money=105225 credit=50200 people=28 busy=0 free=28 home_places=50 need_workers=0 tax_due=0 main_tax_due=0 tax_amount=5954 main_tax_amount=0 days_alive=7 stage=0 res0=0 res1=400 res2=0 res3=0 res4=0 res5=0 res6=0 res7=0 res8=0 Apiary=1 Hothouse=1 | nw=1531400.0000
  s=    7 a=  1(WEEK) r= -1.3717 cum=     +5.77 v= +4.8093 top5=[a43=0.028, a15=0.027, a8=0.026, a39=0.026, a30=0.026]
    OBS: year=0 month=3 season=0 money=105225 credit=50904 people=28 busy=0 free=28 home_places=50 need_workers=0 tax_due=0 main_tax_due=0 tax_amount=5954 main_tax_amount=0 days_alive=14 stage=0 res0=0 res1=400 res2=0 res3=0 res4=0 res5=0 res6=0 res7=0 res8=0 Apiary=1 Hothouse=1 | nw=1530696.0000
  s=    8 a= 27(BUILD:WaterMill) r= -2.8972 cum=     +2.87 v= +5.2207 top5=[a43=0.029, a15=0.027, a8=0.026, a39=0.026, a30=0.026] [BUILD FAILED: WaterMill]
    OBS: year=0 month=3 season=0 money=105225 credit=51005 people=28 busy=0 free=28 home_places=50 need_workers=0 tax_due=0 main_tax_due=0 tax_amount=5954 main_tax_amount=0 days_alive=15 stage=0 res0=0 res1=400 res2=0 res3=0 res4=0 res5=0 res6=0 res7=0 res8=0 Apiary=1 Hothouse=1 | nw=1530595.0000
  s=    9 a=  2(BUILD:WaterChannel) r= +2.9077 cum=     +5.78 v= +5.0252 top5=[a43=0.028, a15=0.026, a8=0.026, a39=0.026, a30=0.026] [BUILD: WaterChannel]
    OBS: year=0 month=3 season=0 money=85411 credit=51107 people=28 busy=0 free=28 home_places=50 need_workers=0 tax_due=0 main_tax_due=0 tax_amount=6374 main_tax_amount=0 days_alive=16 stage=0 res0=0 res1=400 res2=0 res3=0 res4=0 res5=0 res6=0 res7=0 res8=0 Farm=1 Apiary=1 Hothouse=1 | nw=1530493.0000
  s=   10 a= 32(BUILD:SmallAtomStation) r= -0.4050 cum=     +5.37 v= +5.6225 top5=[a43=0.030, a8=0.027, a39=0.027, a15=0.026, a14=0.026] [BUILD: SmallAtomStation]
    OBS: year=0 month=3 season=0 money=85411 credit=51209 people=28 busy=0 free=28 home_places=50 need_workers=0 tax_due=0 main_tax_due=0 tax_amount=6374 main_tax_amount=0 days_alive=17 stage=0 res0=0 res1=400 res2=0 res3=0 res4=0 res5=0 res6=0 res7=0 res8=0 Farm=1 Apiary=1 Hothouse=1 | nw=1530391.0000
  s=   11 a= 28(BUILD:BigRefinary) r= -3.0776 cum=     +2.29 v= +5.2734 top5=[a43=0.029, a8=0.027, a15=0.026, a39=0.026, a30=0.026] [BUILD FAILED: BigRefinary]
    OBS: year=0 month=3 season=0 money=85411 credit=51311 people=28 busy=0 free=28 home_places=50 need_workers=0 tax_due=0 main_tax_due=0 tax_amount=6374 main_tax_amount=0 days_alive=18 stage=0 res0=0 res1=400 res2=0 res3=0 res4=0 res5=0 res6=0 res7=0 res8=0 Farm=1 Apiary=1 Hothouse=1 | nw=1530289.0000
  s=   12 a= 28(BUILD:BigRefinary) r= -0.4197 cum=     +1.87 v= +5.1413 top5=[a43=0.029, a15=0.026, a8=0.026, a39=0.026, a30=0.025] [BUILD: BigRefinary]
    OBS: year=0 month=3 season=0 money=85411 credit=51413 people=28 busy=0 free=28 home_places=50 need_workers=0 tax_due=0 main_tax_due=0 tax_amount=6374 main_tax_amount=0 days_alive=19 stage=0 res0=0 res1=400 res2=0 res3=0 res4=0 res5=0 res6=0 res7=0 res8=0 Farm=1 Apiary=1 Hothouse=1 | nw=1530187.0000
  s=   13 a=  5(BUILD:House) r= -0.4341 cum=     +1.44 v= +5.0344 top5=[a43=0.029, a15=0.026, a8=0.026, a39=0.026, a30=0.025] [BUILD: House]
    OBS: year=0 month=3 season=0 money=85411 credit=51515 people=28 busy=0 free=28 home_places=50 need_workers=0 tax_due=0 main_tax_due=0 tax_amount=6374 main_tax_amount=0 days_alive=20 stage=0 res0=0 res1=400 res2=0 res3=0 res4=0 res5=0 res6=0 res7=0 res8=0 Farm=1 Apiary=1 Hothouse=1 | nw=1530085.0000
  s=   14 a= 28(BUILD:BigRefinary) r= -3.2750 cum=     -1.84 v= +4.9444 top5=[a43=0.028, a15=0.026, a8=0.026, a39=0.026, a30=0.025] [BUILD FAILED: BigRefinary]
    OBS: year=0 month=3 season=0 money=85411 credit=51618 people=28 busy=0 free=28 home_places=50 need_workers=0 tax_due=0 main_tax_due=0 tax_amount=6374 main_tax_amount=0 days_alive=21 stage=0 res0=0 res1=400 res2=0 res3=0 res4=0 res5=0 res6=0 res7=0 res8=0 Farm=1 Apiary=1 Hothouse=1 | nw=1529982.0000
  s=   15 a= 23(BUILD:Torchlight) r= -0.4480 cum=     -2.28 v= +4.8680 top5=[a43=0.028, a15=0.026, a8=0.026, a39=0.026, a30=0.025] [BUILD: Torchlight]
    OBS: year=0 month=3 season=0 money=85411 credit=51721 people=28 busy=0 free=28 home_places=50 need_workers=0 tax_due=0 main_tax_due=0 tax_amount=6374 main_tax_amount=0 days_alive=22 stage=0 res0=0 res1=400 res2=0 res3=0 res4=0 res5=0 res6=0 res7=0 res8=0 Farm=1 Apiary=1 Hothouse=1 | nw=1529879.0000
  s=   16 a=  9(BUILD:Ironmine) r= -0.4610 cum=     -2.74 v= +4.8024 top5=[a43=0.028, a15=0.026, a8=0.026, a39=0.025, a30=0.025] [BUILD: Ironmine]
    OBS: year=0 month=3 season=0 money=85411 credit=51824 people=28 busy=0 free=28 home_places=50 need_workers=0 tax_due=0 main_tax_due=0 tax_amount=6374 main_tax_amount=0 days_alive=23 stage=0 res0=0 res1=400 res2=0 res3=0 res4=0 res5=0 res6=0 res7=0 res8=0 Farm=1 Apiary=1 Hothouse=1 | nw=1529776.0000
  s=   17 a= 17(BUILD:HuntingLand) r= -3.4455 cum=     -6.19 v= +4.7458 top5=[a43=0.028, a15=0.026, a8=0.026, a39=0.025, a30=0.025] [BUILD FAILED: HuntingLand]
    OBS: year=0 month=3 season=0 money=85411 credit=51927 people=28 busy=0 free=28 home_places=50 need_workers=0 tax_due=0 main_tax_due=0 tax_amount=6374 main_tax_amount=0 days_alive=24 stage=0 res0=0 res1=400 res2=0 res3=0 res4=0 res5=0 res6=0 res7=0 res8=0 Farm=1 Apiary=1 Hothouse=1 | nw=1529673.0000
  s=   18 a= 13(BUILD:HydroStation) r= +3.4259 cum=     -2.76 v= +4.6967 top5=[a43=0.028, a15=0.026, a8=0.026, a39=0.025, a30=0.025] [BUILD: HydroStation]
    OBS: year=0 month=3 season=0 money=71373 credit=52030 people=28 busy=0 free=28 home_places=50 need_workers=0 tax_due=0 main_tax_due=0 tax_amount=6794 main_tax_amount=0 days_alive=25 stage=0 res0=0 res1=400 res2=0 res3=0 res4=0 res5=0 res6=0 res7=0 res8=0 Farm=1 House=1 Apiary=1 Hothouse=1 | nw=1529570.0000
  s=   19 a= 43(MANAGER:9) r= +0.1250 cum=     -2.64 v= +5.5370 top5=[a43=0.029, a8=0.027, a39=0.027, a15=0.026, a14=0.026]
    OBS: year=0 month=3 season=0 money=21373 credit=2034 people=28 busy=0 free=28 home_places=50 need_workers=0 tax_due=0 main_tax_due=0 tax_amount=6794 main_tax_amount=0 days_alive=26 stage=0 res0=0 res1=400 res2=0 res3=0 res4=0 res5=0 res6=0 res7=0 res8=0 Farm=1 House=1 Apiary=1 Hothouse=1 | nw=1529566.0000
  s=   20 a= 36(MANAGER:2) r= -3.4601 cum=     -6.10 v= +5.3169 top5=[a43=0.028, a8=0.026, a15=0.026, a30=0.025, a39=0.025]
    OBS: year=0 month=3 season=0 money=21373 credit=2038 people=28 busy=0 free=28 home_places=50 need_workers=0 tax_due=0 main_tax_due=0 tax_amount=6794 main_tax_amount=0 days_alive=27 stage=0 res0=0 res1=400 res2=0 res3=0 res4=0 res5=0 res6=0 res7=0 res8=0 Farm=1 House=1 Apiary=1 Hothouse=1 | nw=1529562.0000
  s=   21 a= 44(MANAGER:10) r= +0.2992 cum=     -5.80 v= +5.1544 top5=[a43=0.027, a8=0.026, a15=0.026, a30=0.025, a39=0.025]
    OBS: year=0 month=3 season=0 money=21373 credit=2042 people=28 busy=0 free=28 home_places=50 need_workers=0 tax_due=0 main_tax_due=0 tax_amount=6794 main_tax_amount=0 days_alive=28 stage=0 res0=0 res1=400 res2=0 res3=0 res4=0 res5=0 res6=0 res7=0 res8=0 Farm=1 House=1 Apiary=1 Hothouse=1 | nw=1529558.0000
  s=   22 a=  2(BUILD:WaterChannel) r= +1.1168 cum=     -4.68 v= +5.0344 top5=[a43=0.027, a8=0.026, a15=0.026, a30=0.025, a39=0.025] [BUILD: WaterChannel]
    OBS: year=0 month=3 season=0 money=1559 credit=2046 people=28 busy=0 free=28 home_places=50 need_workers=0 tax_due=0 main_tax_due=0 tax_amount=7214 main_tax_amount=0 days_alive=29 stage=0 res0=0 res1=400 res2=0 res3=0 res4=0 res5=0 res6=0 res7=0 res8=0 Farm=2 House=1 Apiary=1 Hothouse=1 | nw=1529554.0000
  s=   23 a= 39(MANAGER:5) r= -0.2071 cum=     -4.89 v= +5.9001 top5=[a43=0.029, a30=0.026, a15=0.026, a8=0.026, a39=0.026]
    OBS: year=0 month=3 season=0 money=1559 credit=2050 people=28 busy=0 free=28 home_places=50 need_workers=0 tax_due=0 main_tax_due=0 tax_amount=7214 main_tax_amount=0 days_alive=30 stage=0 res0=0 res1=400 res2=0 res3=0 res4=0 res5=0 res6=0 res7=0 res8=0 Farm=2 House=1 Apiary=1 Hothouse=1 | nw=1529550.0000
  s=   24 a= 19(BUILD:Mushroom) r= -3.6375 cum=     -8.53 v= +8.8409 top5=[a43=0.030, a8=0.030, a15=0.028, a39=0.027, a18=0.026] [BUILD FAILED: Mushroom]
    OBS: year=0 month=4 season=0 money=1559 credit=2054 people=28 busy=0 free=28 home_places=50 need_workers=0 tax_due=0 main_tax_due=0 tax_amount=7214 main_tax_amount=0 days_alive=31 stage=0 res0=0 res1=400 res2=0 res3=0 res4=0 res5=0 res6=0 res7=0 res8=0 Farm=2 House=1 Apiary=1 Hothouse=1 | nw=1529540.3029
  s=   25 a= 12(BUILD:PowerStation) r= +0.6421 cum=     -7.89 v=+14.1262 top5=[a43=0.034, a8=0.031, a15=0.031, a11=0.031, a14=0.030] [BUILD: PowerStation]
    OBS: year=0 month=4 season=0 money=1159 credit=2058 people=28 busy=0 free=28 home_places=50 need_workers=9 tax_due=0 main_tax_due=0 tax_amount=7214 main_tax_amount=0 days_alive=32 stage=0 res0=0 res1=400 res2=0 res3=0 res4=0 res5=0 res6=0 res7=0 res8=0 Farm=2 Road=1 House=1 Apiary=1 Hothouse=1 | nw=1529526.7383
  s=   26 a=  0(DAY) r= +0.1213 cum=     -7.76 v=+11.5061 top5=[a43=0.034, a30=0.031, a14=0.031, a15=0.030, a8=0.030]
    OBS: year=0 month=4 season=0 money=1159 credit=2062 people=28 busy=0 free=28 home_places=50 need_workers=9 tax_due=0 main_tax_due=0 tax_amount=7214 main_tax_amount=0 days_alive=33 stage=0 res0=0 res1=400 res2=0 res3=0 res4=0 res5=0 res6=0 res7=0 res8=0 Farm=2 Road=1 House=1 Apiary=1 Hothouse=1 | nw=1529515.0728
  s=   27 a= 30(BUILD:BigIronmine) r= -3.7250 cum=    -11.49 v= +9.4379 top5=[a43=0.031, a15=0.029, a8=0.029, a14=0.029, a30=0.028] [BUILD FAILED: BigIronmine]
    OBS: year=0 month=4 season=0 money=1159 credit=2066 people=28 busy=0 free=28 home_places=50 need_workers=9 tax_due=0 main_tax_due=0 tax_amount=7214 main_tax_amount=0 days_alive=34 stage=0 res0=0 res1=400 res2=0 res3=0 res4=0 res5=0 res6=0 res7=0 res8=0 Farm=2 Road=1 House=1 Apiary=1 Hothouse=1 | nw=1529503.4073
  s=   28 a= 28(BUILD:BigRefinary) r= -0.2501 cum=    -11.74 v= +8.2627 top5=[a43=0.030, a8=0.029, a15=0.028, a14=0.028, a30=0.027] [BUILD: BigRefinary]
    OBS: year=0 month=4 season=0 money=1159 credit=2070 people=28 busy=0 free=28 home_places=50 need_workers=9 tax_due=0 main_tax_due=0 tax_amount=7214 main_tax_amount=0 days_alive=35 stage=0 res0=0 res1=400 res2=0 res3=0 res4=0 res5=0 res6=0 res7=0 res8=0 Farm=2 Road=1 House=1 Apiary=1 Hothouse=1 | nw=1529489.8427
  s=   29 a= 27(BUILD:WaterMill) r= -0.2507 cum=    -11.99 v= +7.5186 top5=[a43=0.029, a8=0.028, a15=0.028, a14=0.027, a30=0.027] [BUILD: WaterMill]
    OBS: year=0 month=4 season=0 money=1159 credit=2074 people=28 busy=0 free=28 home_places=50 need_workers=9 tax_due=0 main_tax_due=0 tax_amount=7214 main_tax_amount=0 days_alive=36 stage=0 res0=0 res1=400 res2=0 res3=0 res4=0 res5=0 res6=0 res7=0 res8=0 Farm=2 Road=1 House=1 Apiary=1 Hothouse=1 | nw=1529478.1772
  s=   30 a= 21(BUILD:BigFarm) r= -3.8088 cum=    -15.80 v= +6.9770 top5=[a43=0.029, a8=0.028, a15=0.027, a14=0.027, a30=0.026] [BUILD FAILED: BigFarm]
    OBS: year=0 month=4 season=0 money=1159 credit=2078 people=28 busy=0 free=28 home_places=50 need_workers=9 tax_due=0 main_tax_due=0 tax_amount=7214 main_tax_amount=0 days_alive=37 stage=0 res0=0 res1=400 res2=0 res3=0 res4=0 res5=0 res6=0 res7=0 res8=0 Farm=2 Road=1 House=1 Apiary=1 Hothouse=1 | nw=1529468.4454
  s=   31 a= 20(BUILD:BigHouse) r= -0.2558 cum=    -16.05 v= +6.5560 top5=[a43=0.028, a8=0.027, a15=0.027, a14=0.026, a30=0.026] [BUILD: BigHouse]
    OBS: year=0 month=4 season=0 money=1159 credit=2082 people=28 busy=0 free=28 home_places=50 need_workers=9 tax_due=0 main_tax_due=0 tax_amount=7214 main_tax_amount=0 days_alive=38 stage=0 res0=0 res1=400 res2=0 res3=0 res4=0 res5=0 res6=0 res7=0 res8=0 Farm=2 Road=1 House=1 Apiary=1 Hothouse=1 | nw=1529454.8462
  s=   32 a= 10(BUILD:Refinery) r= -0.2560 cum=    -16.31 v= +6.3962 top5=[a43=0.028, a8=0.027, a15=0.027, a14=0.026, a30=0.026] [BUILD: Refinery]
    OBS: year=0 month=4 season=0 money=1159 credit=2086 people=28 busy=0 free=28 home_places=50 need_workers=9 tax_due=0 main_tax_due=0 tax_amount=7214 main_tax_amount=0 days_alive=39 stage=0 res0=0 res1=400 res2=0 res3=0 res4=0 res5=0 res6=0 res7=0 res8=0 Farm=2 Road=1 House=1 Apiary=1 Hothouse=1 | nw=1529443.1806
  s=   33 a= 34(MANAGER:0) r= -3.8831 cum=    -20.19 v= +6.1415 top5=[a43=0.028, a8=0.027, a15=0.027, a14=0.026, a30=0.026]
    OBS: year=0 month=4 season=0 money=1159 credit=2090 people=28 busy=0 free=28 home_places=50 need_workers=9 tax_due=0 main_tax_due=0 tax_amount=7214 main_tax_amount=0 days_alive=40 stage=0 res0=0 res1=400 res2=0 res3=0 res4=0 res5=0 res6=0 res7=0 res8=0 Farm=2 Road=1 House=1 Apiary=1 Hothouse=1 | nw=1529431.5151
  s=   34 a=  3(BUILD:Farm) r= -0.2572 cum=    -20.45 v= +5.9402 top5=[a43=0.028, a8=0.027, a15=0.026, a14=0.026, a30=0.025] [BUILD: Farm]
    OBS: year=0 month=4 season=0 money=1159 credit=2094 people=28 busy=0 free=28 home_places=50 need_workers=9 tax_due=0 main_tax_due=0 tax_amount=7214 main_tax_amount=0 days_alive=41 stage=0 res0=0 res1=400 res2=0 res3=0 res4=0 res5=0 res6=0 res7=0 res8=0 Farm=2 Road=1 House=1 Apiary=1 Hothouse=1 | nw=1529419.8496
  s=   35 a= 31(BUILD:AirStation) r= -0.2644 cum=    -20.72 v= +5.7731 top5=[a43=0.028, a8=0.027, a15=0.026, a14=0.026, a30=0.025] [BUILD: AirStation]
    OBS: year=0 month=4 season=0 money=1159 credit=2098 people=28 busy=0 free=28 home_places=50 need_workers=9 tax_due=0 main_tax_due=0 tax_amount=7214 main_tax_amount=0 days_alive=42 stage=0 res0=0 res1=400 res2=0 res3=0 res4=0 res5=0 res6=0 res7=0 res8=0 Farm=2 Road=1 House=1 Apiary=1 Hothouse=1 | nw=1529406.2503
  s=   36 a= 17(BUILD:HuntingLand) r= -3.9493 cum=    -24.66 v= +5.6331 top5=[a43=0.028, a8=0.027, a15=0.026, a14=0.025, a30=0.025] [BUILD FAILED: HuntingLand]
    OBS: year=0 month=4 season=0 money=1159 credit=2102 people=28 busy=0 free=28 home_places=50 need_workers=9 tax_due=0 main_tax_due=0 tax_amount=7214 main_tax_amount=0 days_alive=43 stage=0 res0=0 res1=400 res2=0 res3=0 res4=0 res5=0 res6=0 res7=0 res8=0 Farm=2 Road=1 House=1 Apiary=1 Hothouse=1 | nw=1529394.5848
  s=   37 a= 36(MANAGER:2) r= +0.2262 cum=    -24.44 v= +5.5174 top5=[a43=0.028, a8=0.027, a15=0.026, a14=0.025, a30=0.025]
    OBS: year=0 month=4 season=0 money=1105 credit=2106 people=28 busy=0 free=28 home_places=50 need_workers=9 tax_due=0 main_tax_due=0 tax_amount=7214 main_tax_amount=0 days_alive=44 stage=0 res0=0 res1=400 res2=0 res3=0 res4=0 res5=0 res6=0 res7=0 res8=0 Farm=2 Road=1 House=1 Apiary=1 Hothouse=1 | nw=1529432.3345
  s=   38 a= 13(BUILD:HydroStation) r= -0.2683 cum=    -24.71 v= +5.4319 top5=[a43=0.028, a8=0.027, a15=0.026, a14=0.025, a30=0.025] [BUILD: HydroStation]
    OBS: year=0 month=4 season=0 money=1105 credit=2110 people=28 busy=0 free=28 home_places=50 need_workers=9 tax_due=0 main_tax_due=0 tax_amount=7214 main_tax_amount=0 days_alive=45 stage=0 res0=0 res1=400 res2=0 res3=0 res4=0 res5=0 res6=0 res7=0 res8=0 Farm=2 Road=1 House=1 Apiary=1 Hothouse=1 | nw=1529418.7699
  s=   39 a= 24(BUILD:Hothouse) r= -4.0038 cum=    -28.71 v= +5.3494 top5=[a43=0.027, a8=0.027, a15=0.026, a30=0.025, a14=0.025] [BUILD FAILED: Hothouse]
    OBS: year=0 month=4 season=0 money=1105 credit=2114 people=28 busy=0 free=28 home_places=50 need_workers=9 tax_due=0 main_tax_due=0 tax_amount=7214 main_tax_amount=0 days_alive=46 stage=0 res0=0 res1=400 res2=0 res3=0 res4=0 res5=0 res6=0 res7=0 res8=0 Farm=2 Road=1 House=1 Apiary=1 Hothouse=1 | nw=1529409.0381
  s=   40 a= 35(MANAGER:1) r= +0.1406 cum=    -28.57 v= +5.2817 top5=[a43=0.027, a8=0.027, a15=0.026, a30=0.025, a14=0.025]
    OBS: year=0 month=4 season=0 money=1100 credit=2118 people=28 busy=0 free=28 home_places=50 need_workers=9 tax_due=0 main_tax_due=0 tax_amount=7214 main_tax_amount=0 days_alive=47 stage=0 res0=0 res1=400 res2=0 res3=0 res4=0 res5=0 res6=0 res7=0 res8=0 Farm=2 Road=1 House=1 Apiary=1 Hothouse=1 | nw=1529402.0412
  s=   41 a=  8(BUILD:Coalmine) r= -0.2681 cum=    -28.84 v= +5.2248 top5=[a43=0.027, a8=0.027, a15=0.026, a30=0.025, a14=0.025] [BUILD: Coalmine]
    OBS: year=0 month=4 season=0 money=1100 credit=2122 people=28 busy=0 free=28 home_places=50 need_workers=9 tax_due=0 main_tax_due=0 tax_amount=7214 main_tax_amount=0 days_alive=48 stage=0 res0=0 res1=400 res2=0 res3=0 res4=0 res5=0 res6=0 res7=0 res8=0 Farm=2 Road=1 House=1 Apiary=1 Hothouse=1 | nw=1529390.3757
  s=   42 a= 15(BUILD:Fish) r= -4.0529 cum=    -32.89 v= +5.1783 top5=[a43=0.027, a8=0.027, a15=0.026, a30=0.025, a14=0.025] [BUILD FAILED: Fish]
    OBS: year=0 month=4 season=0 money=1100 credit=2126 people=28 busy=0 free=28 home_places=50 need_workers=9 tax_due=0 main_tax_due=0 tax_amount=7214 main_tax_amount=0 days_alive=49 stage=0 res0=0 res1=400 res2=0 res3=0 res4=0 res5=0 res6=0 res7=0 res8=0 Farm=2 Road=1 House=1 Apiary=1 Hothouse=1 | nw=1529380.6439
  s=   43 a=  5(BUILD:House) r= -0.2686 cum=    -33.16 v= +5.1413 top5=[a43=0.027, a8=0.027, a15=0.026, a30=0.025, a14=0.025] [BUILD: House]
    OBS: year=0 month=4 season=0 money=1100 credit=2130 people=28 busy=0 free=28 home_places=50 need_workers=9 tax_due=0 main_tax_due=0 tax_amount=7214 main_tax_amount=0 days_alive=50 stage=0 res0=0 res1=400 res2=0 res3=0 res4=0 res5=0 res6=0 res7=0 res8=0 Farm=2 Road=1 House=1 Apiary=1 Hothouse=1 | nw=1529368.9784
  s=   44 a= 26(BUILD:BigSawmill) r= +4.0578 cum=    -29.10 v= +5.5423 top5=[a43=0.027, a8=0.027, a15=0.026, a30=0.025, a14=0.025] [BUILD: BigSawmill]
    OBS: year=0 month=4 season=0 money=1100 credit=2134 people=28 busy=0 free=28 home_places=50 need_workers=9 tax_due=0 main_tax_due=0 tax_amount=7214 main_tax_amount=0 days_alive=51 stage=0 res0=0 res1=400 res2=0 res3=0 res4=0 res5=0 res6=0 res7=0 res8=0 Farm=2 Road=1 House=1 Apiary=1 Hothouse=1 | nw=1529356.2416
  s=   45 a=  9(BUILD:Ironmine) r= -3.9468 cum=    -33.05 v= +5.7418 top5=[a43=0.028, a8=0.027, a15=0.026, a30=0.026, a14=0.025] [BUILD FAILED: Ironmine]
    OBS: year=0 month=4 season=0 money=1100 credit=2138 people=28 busy=0 free=28 home_places=50 need_workers=9 tax_due=0 main_tax_due=0 tax_amount=7214 main_tax_amount=0 days_alive=52 stage=0 res0=0 res1=400 res2=0 res3=0 res4=0 res5=0 res6=0 res7=0 res8=0 Farm=2 Road=1 House=1 Apiary=1 Hothouse=1 | nw=1529343.5048
  s=   46 a= 25(BUILD:SuperHouse) r= -0.2371 cum=    -33.29 v= +5.7214 top5=[a43=0.028, a8=0.027, a15=0.026, a30=0.026, a14=0.025] [BUILD: SuperHouse]
    OBS: year=0 month=4 season=0 money=1100 credit=2142 people=28 busy=0 free=28 home_places=50 need_workers=9 tax_due=0 main_tax_due=0 tax_amount=7214 main_tax_amount=0 days_alive=53 stage=0 res0=0 res1=400 res2=0 res3=0 res4=0 res5=0 res6=0 res7=0 res8=0 Farm=2 Road=1 House=1 Apiary=1 Hothouse=1 | nw=1529332.7017
  s=   47 a= 43(MANAGER:9) r= -0.2726 cum=    -33.56 v= +6.1717 top5=[a43=0.028, a8=0.027, a15=0.026, a30=0.026, a14=0.025]
    OBS: year=0 month=4 season=0 money=1100 credit=2146 people=28 busy=0 free=28 home_places=50 need_workers=9 tax_due=0 main_tax_due=0 tax_amount=7214 main_tax_amount=0 days_alive=54 stage=0 res0=0 res1=400 res2=0 res3=0 res4=0 res5=0 res6=0 res7=0 res8=0 Farm=2 Road=1 House=1 Apiary=1 Hothouse=1 | nw=1529317.0984
  s=   48 a=  4(BUILD:Garden) r= -3.9973 cum=    -37.56 v=+15.5349 top5=[a43=0.036, a8=0.035, a14=0.034, a11=0.031, a30=0.030] [BUILD FAILED: Garden]
    OBS: year=0 month=4 season=0 money=1100 credit=2150 people=28 busy=0 free=28 home_places=50 need_workers=9 tax_due=0 main_tax_due=0 tax_amount=7214 main_tax_amount=0 days_alive=55 stage=0 res0=0 res1=400 res2=0 res3=0 res4=0 res5=0 res6=0 res7=0 res8=0 Farm=2 Road=1 House=1 Apiary=1 Hothouse=1 | nw=1529303.1962
  s=   49 a= 34(MANAGER:0) r= -0.2696 cum=    -37.83 v=+12.0916 top5=[a8=0.033, a43=0.033, a14=0.030, a30=0.029, a11=0.028]
    OBS: year=0 month=4 season=0 money=1100 credit=2154 people=28 busy=0 free=28 home_places=50 need_workers=9 tax_due=0 main_tax_due=0 tax_amount=7214 main_tax_amount=0 days_alive=56 stage=0 res0=0 res1=400 res2=0 res3=0 res4=0 res5=0 res6=0 res7=0 res8=0 Farm=2 Road=1 House=1 Apiary=1 Hothouse=1 | nw=1529289.4919
  s=   50 a=  8(BUILD:Coalmine) r= -0.2843 cum=    -38.11 v=+10.6457 top5=[a8=0.032, a43=0.032, a30=0.028, a14=0.028, a11=0.028] [BUILD: Coalmine]
    OBS: year=0 month=4 season=0 money=1100 credit=2158 people=28 busy=0 free=28 home_places=50 need_workers=9 tax_due=0 main_tax_due=0 tax_amount=7214 main_tax_amount=0 days_alive=57 stage=0 res0=0 res1=400 res2=0 res3=0 res4=0 res5=0 res6=0 res7=0 res8=0 Farm=2 Road=1 House=1 Apiary=1 Hothouse=1 | nw=1529269.7182
  s=   51 a= 25(BUILD:SuperHouse) r= -4.0434 cum=    -42.15 v= +9.8095 top5=[a8=0.032, a43=0.031, a30=0.028, a11=0.027, a14=0.027] [BUILD FAILED: SuperHouse]
    OBS: year=0 month=4 season=0 money=1100 credit=2162 people=28 busy=0 free=28 home_places=50 need_workers=9 tax_due=0 main_tax_due=0 tax_amount=7214 main_tax_amount=0 days_alive=58 stage=0 res0=0 res1=400 res2=0 res3=0 res4=0 res5=0 res6=0 res7=0 res8=0 Farm=2 Road=1 House=1 Apiary=1 Hothouse=1 | nw=1529253.5793
  s=   52 a= 10(BUILD:Refinery) r= -0.2776 cum=    -42.43 v= +9.2996 top5=[a8=0.031, a43=0.031, a30=0.028, a17=0.027, a11=0.027] [BUILD: Refinery]
    OBS: year=0 month=4 season=0 money=1100 credit=2166 people=28 busy=0 free=28 home_places=50 need_workers=9 tax_due=0 main_tax_due=0 tax_amount=7214 main_tax_amount=0 days_alive=59 stage=0 res0=0 res1=400 res2=0 res3=0 res4=0 res5=0 res6=0 res7=0 res8=0 Farm=2 Road=1 House=1 Apiary=1 Hothouse=1 | nw=1529237.4404
  s=   53 a= 18(BUILD:CowFarm) r= -0.2839 cum=    -42.71 v= +8.9430 top5=[a8=0.031, a43=0.031, a30=0.028, a15=0.027, a17=0.027] [BUILD: CowFarm]
    OBS: year=0 month=4 season=0 money=1100 credit=2170 people=28 busy=0 free=28 home_places=50 need_workers=9 tax_due=0 main_tax_due=0 tax_amount=7214 main_tax_amount=0 days_alive=60 stage=0 res0=0 res1=400 res2=0 res3=0 res4=0 res5=0 res6=0 res7=0 res8=0 Farm=2 Road=1 House=1 Apiary=1 Hothouse=1 | nw=1529219.4024
  s=   54 a= 10(BUILD:Refinery) r= -4.0855 cum=    -46.80 v= +8.6779 top5=[a8=0.031, a43=0.030, a30=0.027, a15=0.027, a17=0.027] [BUILD FAILED: Refinery]
    OBS: year=0 month=5 season=0 money=1100 credit=2174 people=28 busy=0 free=28 home_places=50 need_workers=9 tax_due=0 main_tax_due=0 tax_amount=7214 main_tax_amount=0 days_alive=61 stage=0 res0=0 res1=400 res2=0 res3=0 res4=0 res5=0 res6=0 res7=0 res8=0 Farm=2 Road=1 House=1 Apiary=1 Hothouse=1 | nw=1529203.2635
  s=   55 a= 13(BUILD:HydroStation) r= -0.2771 cum=    -47.08 v= +6.9526 top5=[a8=0.028, a43=0.028, a30=0.027, a11=0.027, a15=0.026] [BUILD: HydroStation]
    OBS: year=0 month=5 season=0 money=1100 credit=2178 people=28 busy=0 free=28 home_places=50 need_workers=9 tax_due=0 main_tax_due=0 tax_amount=7214 main_tax_amount=0 days_alive=62 stage=0 res0=0 res1=400 res2=0 res3=0 res4=0 res5=0 res6=0 res7=0 res8=0 Farm=2 Road=1 House=1 Apiary=1 Hothouse=1 | nw=1529188.8256
  s=   56 a=  4(BUILD:Garden) r= -0.1361 cum=    -47.21 v= +6.7873 top5=[a8=0.028, a43=0.028, a30=0.027, a11=0.026, a15=0.026] [BUILD: Garden]
    OBS: year=0 month=5 season=0 money=1100 credit=2182 people=28 busy=0 free=28 home_places=50 need_workers=9 tax_due=0 main_tax_due=0 tax_amount=7214 main_tax_amount=0 days_alive=63 stage=0 res0=0 res1=400 res2=0 res3=0 res4=0 res5=0 res6=0 res7=0 res8=0 Farm=2 Road=1 House=1 Apiary=1 Hothouse=1 | nw=1529171.5213
  s=   57 a= 15(BUILD:Fish) r= -4.1229 cum=    -51.34 v= +6.6467 top5=[a8=0.028, a43=0.028, a30=0.027, a11=0.026, a15=0.026] [BUILD FAILED: Fish]
    OBS: year=0 month=5 season=0 money=1100 credit=2186 people=28 busy=0 free=28 home_places=50 need_workers=9 tax_due=0 main_tax_due=0 tax_amount=7214 main_tax_amount=0 days_alive=64 stage=0 res0=0 res1=400 res2=0 res3=0 res4=0 res5=0 res6=0 res7=0 res8=0 Farm=2 Road=1 House=1 Apiary=1 Hothouse=1 | nw=1529153.6813
  s=   58 a= 43(MANAGER:9) r= -0.2832 cum=    -51.62 v= +6.5251 top5=[a8=0.028, a43=0.027, a30=0.027, a11=0.026, a15=0.026]
    OBS: year=0 month=5 season=0 money=1100 credit=2190 people=28 busy=0 free=28 home_places=50 need_workers=9 tax_due=0 main_tax_due=0 tax_amount=7214 main_tax_amount=0 days_alive=65 stage=0 res0=0 res1=400 res2=0 res3=0 res4=0 res5=0 res6=0 res7=0 res8=0 Farm=2 Road=1 House=1 Apiary=1 Hothouse=1 | nw=1529137.5423
  s=   59 a= 38(MANAGER:4) r= +1.3897 cum=    -50.23 v= +6.4202 top5=[a8=0.028, a43=0.027, a30=0.027, a11=0.026, a15=0.026]
    OBS: year=0 month=5 season=0 money=1100 credit=2194 people=28 busy=0 free=28 home_places=110 need_workers=14 tax_due=0 main_tax_due=0 tax_amount=7214 main_tax_amount=0 days_alive=66 stage=0 res0=0 res1=400 res2=0 res3=0 res4=0 res5=0 res6=0 res7=0 res8=0 Farm=2 Road=1 House=1 Apiary=1 Hothouse=1 | nw=1529121.4034
  s=   60 a=  6(BUILD:SmallHouse) r= -4.1317 cum=    -54.36 v= +7.3524 top5=[a43=0.030, a30=0.030, a23=0.029, a8=0.028, a15=0.027] [BUILD FAILED: SmallHouse]
    OBS: year=0 month=5 season=0 money=1100 credit=2198 people=28 busy=0 free=28 home_places=110 need_workers=14 tax_due=0 main_tax_due=0 tax_amount=7214 main_tax_amount=0 days_alive=67 stage=0 res0=0 res1=400 res2=0 res3=0 res4=0 res5=0 res6=0 res7=0 res8=0 Farm=2 Road=1 House=1 Apiary=1 Hothouse=1 | nw=1529101.8624
  s=   61 a=  9(BUILD:Ironmine) r= -0.2909 cum=    -54.65 v= +7.0305 top5=[a30=0.030, a43=0.030, a8=0.028, a15=0.028, a23=0.027] [BUILD: Ironmine]
    OBS: year=0 month=5 season=0 money=1100 credit=2202 people=28 busy=0 free=28 home_places=110 need_workers=14 tax_due=0 main_tax_due=0 tax_amount=7214 main_tax_amount=0 days_alive=68 stage=0 res0=0 res1=400 res2=0 res3=0 res4=0 res5=0 res6=0 res7=0 res8=0 Farm=2 Road=1 House=1 Apiary=1 Hothouse=1 | nw=1529082.3213
  s=   62 a= 43(MANAGER:9) r= -0.2926 cum=    -54.94 v= +6.8048 top5=[a43=0.030, a30=0.030, a8=0.028, a15=0.027, a23=0.027]
    OBS: year=0 month=5 season=0 money=1100 credit=2206 people=28 busy=0 free=28 home_places=110 need_workers=14 tax_due=0 main_tax_due=0 tax_amount=7214 main_tax_amount=0 days_alive=69 stage=0 res0=0 res1=400 res2=0 res3=0 res4=0 res5=0 res6=0 res7=0 res8=0 Farm=2 Road=1 House=1 Apiary=1 Hothouse=1 | nw=1529062.9782
  s=   63 a=  9(BUILD:Ironmine) r= -4.1651 cum=    -59.11 v= +6.6392 top5=[a43=0.030, a30=0.029, a8=0.028, a15=0.027, a23=0.027] [BUILD FAILED: Ironmine]
    OBS: year=0 month=5 season=0 money=1100 credit=2210 people=28 busy=0 free=28 home_places=110 need_workers=14 tax_due=0 main_tax_due=0 tax_amount=7214 main_tax_amount=0 days_alive=70 stage=0 res0=0 res1=400 res2=0 res3=0 res4=0 res5=0 res6=0 res7=0 res8=0 Farm=2 Road=1 House=1 Apiary=1 Hothouse=1 | nw=1529043.4372
  s=   64 a= 37(MANAGER:3) r= -4.1375 cum=    -63.25 v= +6.5019 top5=[a43=0.029, a30=0.029, a8=0.027, a15=0.027, a23=0.026]
    OBS: year=0 month=5 season=0 money=2038 credit=2214 people=28 busy=0 free=28 home_places=110 need_workers=14 tax_due=0 main_tax_due=0 tax_amount=6794 main_tax_amount=0 days_alive=71 stage=0 res0=0 res1=400 res2=0 res3=0 res4=0 res5=0 res6=0 res7=0 res8=0 Farm=2 Road=1 House=1 Hothouse=1 | nw=1520671.6485
  s=   65 a= 28(BUILD:BigRefinary) r= -0.2871 cum=    -63.53 v= +6.7879 top5=[a43=0.030, a30=0.029, a8=0.028, a23=0.027, a15=0.027] [BUILD: BigRefinary]
    OBS: year=0 month=5 season=0 money=2038 credit=2218 people=28 busy=0 free=28 home_places=110 need_workers=14 tax_due=0 main_tax_due=0 tax_amount=6794 main_tax_amount=0 days_alive=72 stage=0 res0=0 res1=400 res2=0 res3=0 res4=0 res5=0 res6=0 res7=0 res8=0 Farm=2 Road=1 House=1 Hothouse=1 | nw=1520654.2738
  s=   66 a=  8(BUILD:Coalmine) r= -4.1423 cum=    -67.68 v= +6.7455 top5=[a43=0.030, a30=0.029, a8=0.028, a23=0.027, a15=0.027] [BUILD FAILED: Coalmine]
    OBS: year=0 month=5 season=0 money=2038 credit=2222 people=28 busy=0 free=28 home_places=110 need_workers=14 tax_due=0 main_tax_due=0 tax_amount=6794 main_tax_amount=0 days_alive=73 stage=0 res0=0 res1=400 res2=0 res3=0 res4=0 res5=0 res6=0 res7=0 res8=0 Farm=2 Road=1 House=1 Hothouse=1 | nw=1520640.3013
  s=   67 a= 35(MANAGER:1) r= +0.2380 cum=    -67.44 v= +6.7331 top5=[a43=0.030, a30=0.028, a8=0.028, a15=0.027, a23=0.027]
    OBS: year=0 month=5 season=0 money=1978 credit=2226 people=28 busy=0 free=28 home_places=110 need_workers=14 tax_due=0 main_tax_due=0 tax_amount=6794 main_tax_amount=0 days_alive=74 stage=0 res0=0 res1=400 res2=0 res3=0 res4=0 res5=0 res6=0 res7=0 res8=0 Farm=2 Road=1 House=1 Hothouse=1 | nw=1520678.0343
  s=   68 a= 14(BUILD:Road) r= -0.2856 cum=    -67.72 v= +6.7566 top5=[a43=0.030, a30=0.028, a8=0.028, a15=0.027, a23=0.026] [BUILD: Road]
    OBS: year=0 month=5 season=0 money=1978 credit=2230 people=28 busy=0 free=28 home_places=110 need_workers=14 tax_due=0 main_tax_due=0 tax_amount=6794 main_tax_amount=0 days_alive=75 stage=0 res0=0 res1=400 res2=0 res3=0 res4=0 res5=0 res6=0 res7=0 res8=0 Farm=2 Road=1 House=1 Hothouse=1 | nw=1520662.3607
  s=   69 a= 34(MANAGER:0) r= -4.1697 cum=    -71.89 v= +6.7682 top5=[a43=0.030, a30=0.028, a8=0.028, a15=0.027, a23=0.026]
    OBS: year=0 month=5 season=0 money=1978 credit=2234 people=28 busy=0 free=28 home_places=110 need_workers=14 tax_due=0 main_tax_due=0 tax_amount=6794 main_tax_amount=0 days_alive=76 stage=0 res0=0 res1=400 res2=0 res3=0 res4=0 res5=0 res6=0 res7=0 res8=0 Farm=2 Road=1 House=1 Hothouse=1 | nw=1520646.1515
  s=   70 a= 15(BUILD:Fish) r= -0.2860 cum=    -72.18 v= +6.7831 top5=[a43=0.030, a30=0.028, a8=0.028, a15=0.027, a23=0.026] [BUILD: Fish]
    OBS: year=0 month=5 season=0 money=1978 credit=2238 people=28 busy=0 free=28 home_places=110 need_workers=14 tax_due=0 main_tax_due=0 tax_amount=6794 main_tax_amount=0 days_alive=77 stage=0 res0=0 res1=400 res2=0 res3=0 res4=0 res5=0 res6=0 res7=0 res8=0 Farm=2 Road=1 House=1 Hothouse=1 | nw=1520630.4779
  s=   71 a= 41(MANAGER:7) r= -0.2867 cum=    -72.47 v= +6.8003 top5=[a43=0.030, a30=0.028, a8=0.028, a15=0.027, a23=0.026]
    OBS: year=0 month=5 season=0 money=1978 credit=2242 people=28 busy=0 free=28 home_places=110 need_workers=14 tax_due=0 main_tax_due=0 tax_amount=6794 main_tax_amount=0 days_alive=78 stage=0 res0=0 res1=400 res2=0 res3=0 res4=0 res5=0 res6=0 res7=0 res8=0 Farm=2 Road=1 House=1 Hothouse=1 | nw=1520615.3399
  s=   72 a= 32(BUILD:SmallAtomStation) r= -4.1997 cum=    -76.67 v= +6.8292 top5=[a43=0.030, a30=0.028, a8=0.028, a15=0.027, a23=0.026] [BUILD FAILED: SmallAtomStation]
    OBS: year=0 month=5 season=0 money=1978 credit=2246 people=28 busy=0 free=28 home_places=110 need_workers=14 tax_due=0 main_tax_due=0 tax_amount=6794 main_tax_amount=0 days_alive=79 stage=0 res0=0 res1=400 res2=0 res3=0 res4=0 res5=0 res6=0 res7=0 res8=0 Farm=2 Road=1 House=1 Hothouse=1 | nw=1520597.4296
  s=   73 a= 34(MANAGER:0) r= -0.2881 cum=    -76.95 v= +6.8651 top5=[a43=0.030, a30=0.028, a8=0.028, a15=0.027, a39=0.026]
    OBS: year=0 month=5 season=0 money=1978 credit=2250 people=28 busy=0 free=28 home_places=110 need_workers=14 tax_due=0 main_tax_due=0 tax_amount=6794 main_tax_amount=0 days_alive=80 stage=0 res0=0 res1=400 res2=0 res3=0 res4=0 res5=0 res6=0 res7=0 res8=0 Farm=2 Road=1 House=1 Hothouse=1 | nw=1520581.7560
  s=   74 a=  8(BUILD:Coalmine) r= -0.2898 cum=    -77.24 v= +6.9006 top5=[a43=0.030, a8=0.028, a30=0.028, a15=0.027, a39=0.026] [BUILD: Coalmine]
    OBS: year=0 month=5 season=0 money=1978 credit=2254 people=28 busy=0 free=28 home_places=110 need_workers=14 tax_due=0 main_tax_due=0 tax_amount=6794 main_tax_amount=0 days_alive=81 stage=0 res0=0 res1=400 res2=0 res3=0 res4=0 res5=0 res6=0 res7=0 res8=0 Farm=2 Road=1 House=1 Hothouse=1 | nw=1520566.0824
  s=   75 a= 33(BUILD:AtomStation) r= -4.2276 cum=    -81.47 v= +6.9385 top5=[a43=0.030, a8=0.028, a30=0.028, a15=0.027, a39=0.026] [BUILD FAILED: AtomStation]
    OBS: year=0 month=5 season=0 money=1978 credit=2258 people=28 busy=0 free=28 home_places=110 need_workers=14 tax_due=0 main_tax_due=0 tax_amount=6794 main_tax_amount=0 days_alive=82 stage=0 res0=0 res1=400 res2=0 res3=0 res4=0 res5=0 res6=0 res7=0 res8=0 Farm=2 Road=1 House=1 Hothouse=1 | nw=1520550.4087
  s=   76 a= 40(MANAGER:6) r= +0.2240 cum=    -81.25 v= +6.9764 top5=[a43=0.030, a8=0.028, a30=0.028, a15=0.027, a39=0.026]
    OBS: year=0 month=5 season=0 money=2178 credit=2262 people=28 busy=0 free=28 home_places=110 need_workers=14 tax_due=0 main_tax_due=0 tax_amount=6798 main_tax_amount=0 days_alive=83 stage=0 res0=0 res1=200 res2=0 res3=0 res4=0 res5=0 res6=0 res7=0 res8=0 Farm=2 Road=1 House=1 Hothouse=1 | nw=1520535.2708
  s=   77 a= 27(BUILD:WaterMill) r= -0.2873 cum=    -81.54 v= +7.0046 top5=[a43=0.030, a8=0.028, a30=0.028, a15=0.027, a39=0.026] [BUILD: WaterMill]
    OBS: year=0 month=5 season=0 money=2178 credit=2266 people=28 busy=0 free=28 home_places=110 need_workers=14 tax_due=0 main_tax_due=0 tax_amount=6798 main_tax_amount=0 days_alive=84 stage=0 res0=0 res1=200 res2=0 res3=0 res4=0 res5=0 res6=0 res7=0 res8=0 Farm=2 Road=1 House=1 Hothouse=1 | nw=1520521.4962
  s=   78 a= 30(BUILD:BigIronmine) r= -4.2485 cum=    -85.78 v= +7.0514 top5=[a43=0.030, a8=0.028, a30=0.028, a15=0.027, a39=0.026] [BUILD FAILED: BigIronmine]
    OBS: year=0 month=5 season=0 money=2178 credit=2270 people=28 busy=0 free=28 home_places=110 need_workers=14 tax_due=0 main_tax_due=0 tax_amount=6798 main_tax_amount=0 days_alive=85 stage=0 res0=0 res1=200 res2=0 res3=0 res4=0 res5=0 res6=0 res7=0 res8=0 Farm=2 Road=1 House=1 Hothouse=1 | nw=1520504.1215
  s=   79 a= 36(MANAGER:2) r= +0.3247 cum=    -85.46 v= +7.0979 top5=[a43=0.030, a8=0.028, a30=0.028, a15=0.027, a39=0.026]
    OBS: year=0 month=5 season=0 money=2049 credit=2274 people=28 busy=0 free=28 home_places=110 need_workers=14 tax_due=0 main_tax_due=0 tax_amount=6798 main_tax_amount=0 days_alive=86 stage=0 res0=0 res1=200 res2=0 res3=0 res4=0 res5=0 res6=0 res7=0 res8=0 Farm=2 Road=1 House=1 Hothouse=1 | nw=1520580.0365
  s=   80 a= 23(BUILD:Torchlight) r= -0.2887 cum=    -85.75 v= +7.1553 top5=[a43=0.030, a8=0.028, a30=0.028, a15=0.027, a39=0.027] [BUILD: Torchlight]
    OBS: year=0 month=5 season=0 money=2049 credit=2278 people=28 busy=0 free=28 home_places=110 need_workers=14 tax_due=0 main_tax_due=0 tax_amount=6798 main_tax_amount=0 days_alive=87 stage=0 res0=0 res1=200 res2=0 res3=0 res4=0 res5=0 res6=0 res7=0 res8=0 Farm=2 Road=1 House=1 Hothouse=1 | nw=1520566.2619
  s=   81 a= 31(BUILD:AirStation) r= -4.2664 cum=    -90.01 v= +7.1958 top5=[a43=0.030, a8=0.028, a30=0.028, a15=0.027, a39=0.027] [BUILD FAILED: AirStation]
    OBS: year=0 month=5 season=0 money=2049 credit=2282 people=28 busy=0 free=28 home_places=110 need_workers=14 tax_due=0 main_tax_due=0 tax_amount=6798 main_tax_amount=0 days_alive=88 stage=0 res0=0 res1=200 res2=0 res3=0 res4=0 res5=0 res6=0 res7=0 res8=0 Farm=2 Road=1 House=1 Hothouse=1 | nw=1520548.1537
  s=   82 a= 39(MANAGER:5) r= -0.2975 cum=    -90.31 v= +7.2284 top5=[a43=0.030, a8=0.028, a30=0.028, a15=0.027, a39=0.027]
    OBS: year=0 month=5 season=0 money=2049 credit=2286 people=28 busy=0 free=28 home_places=110 need_workers=14 tax_due=0 main_tax_due=0 tax_amount=6798 main_tax_amount=0 days_alive=89 stage=0 res0=0 res1=200 res2=0 res3=0 res4=0 res5=0 res6=0 res7=0 res8=0 Farm=2 Road=1 House=1 Hothouse=1 | nw=1520530.2433
  s=   83 a= 19(BUILD:Mushroom) r= -0.2991 cum=    -90.61 v= +7.2548 top5=[a43=0.030, a8=0.028, a30=0.028, a15=0.027, a39=0.027] [BUILD: Mushroom]
    OBS: year=0 month=5 season=0 money=2049 credit=2290 people=28 busy=0 free=28 home_places=110 need_workers=14 tax_due=0 main_tax_due=0 tax_amount=6798 main_tax_amount=0 days_alive=90 stage=0 res0=0 res1=200 res2=0 res3=0 res4=0 res5=0 res6=0 res7=0 res8=0 Farm=2 Road=1 House=1 Hothouse=1 | nw=1520512.3330
  s=   84 a= 44(MANAGER:10) r= -3.9416 cum=    -94.55 v= +7.2793 top5=[a43=0.030, a8=0.028, a30=0.028, a15=0.027, a39=0.027]
    OBS: year=0 month=5 season=0 money=2049 credit=2294 people=28 busy=0 free=28 home_places=110 need_workers=14 tax_due=0 main_tax_due=0 tax_amount=6798 main_tax_amount=0 days_alive=91 stage=0 res0=0 res1=200 res2=0 res3=0 res4=0 res5=0 res6=0 res7=0 res8=0 Farm=2 Road=1 House=1 Hothouse=1 | nw=1520496.6594
  s=   85 a= 26(BUILD:BigSawmill) r= -0.2991 cum=    -94.85 v= +7.3024 top5=[a43=0.030, a8=0.028, a30=0.028, a15=0.027, a39=0.027] [BUILD: BigSawmill]
    OBS: year=0 month=6 season=1 money=2049 credit=2298 people=28 busy=0 free=28 home_places=110 need_workers=14 tax_due=0 main_tax_due=0 tax_amount=6798 main_tax_amount=0 days_alive=92 stage=0 res0=0 res1=200 res2=0 res3=0 res4=0 res5=0 res6=0 res7=0 res8=0 Farm=2 Road=1 House=1 Hothouse=1 | nw=1520479.0868
  s=   86 a= 11(BUILD:Goldmine) r= -0.2954 cum=    -95.15 v=+26.7974 top5=[a11=0.074, a43=0.066, a34=0.061, a24=0.054, a15=0.052] [BUILD: Goldmine]
    OBS: year=0 month=6 season=1 money=2049 credit=2302 people=28 busy=0 free=28 home_places=110 need_workers=14 tax_due=0 main_tax_due=0 tax_amount=6798 main_tax_amount=0 days_alive=93 stage=0 res0=0 res1=200 res2=0 res3=0 res4=0 res5=0 res6=0 res7=0 res8=0 Farm=2 Road=1 House=1 Hothouse=1 | nw=1520463.9488
  s=   87 a= 24(BUILD:Hothouse) r= -4.3198 cum=    -99.47 v=+23.2930 top5=[a11=0.050, a43=0.050, a34=0.050, a24=0.046, a15=0.042] [BUILD FAILED: Hothouse]
    OBS: year=0 month=6 season=1 money=2049 credit=2306 people=28 busy=0 free=28 home_places=110 need_workers=14 tax_due=0 main_tax_due=0 tax_amount=6798 main_tax_amount=0 days_alive=94 stage=0 res0=0 res1=200 res2=0 res3=0 res4=0 res5=0 res6=0 res7=0 res8=0 Farm=2 Road=1 House=1 Hothouse=1 | nw=1520448.2752
  s=   88 a= 16(BUILD:CoalCut) r= -0.2965 cum=    -99.76 v=+21.2129 top5=[a43=0.045, a34=0.044, a11=0.043, a24=0.041, a27=0.038] [BUILD: CoalCut]
    OBS: year=0 month=6 season=1 money=2049 credit=2310 people=28 busy=0 free=28 home_places=110 need_workers=14 tax_due=0 main_tax_due=0 tax_amount=6798 main_tax_amount=0 days_alive=95 stage=0 res0=0 res1=200 res2=0 res3=0 res4=0 res5=0 res6=0 res7=0 res8=0 Farm=2 Road=1 House=1 Hothouse=1 | nw=1520432.6016
  s=   89 a= 12(BUILD:PowerStation) r= +0.7643 cum=    -99.00 v=+19.6913 top5=[a43=0.041, a34=0.041, a11=0.038, a24=0.038, a27=0.035] [BUILD: PowerStation]
    OBS: year=0 month=6 season=1 money=1649 credit=2314 people=28 busy=0 free=28 home_places=110 need_workers=14 tax_due=0 main_tax_due=0 tax_amount=6798 main_tax_amount=0 days_alive=96 stage=0 res0=0 res1=200 res2=0 res3=0 res4=0 res5=0 res6=0 res7=0 res8=0 Farm=2 Road=2 House=1 Hothouse=1 | nw=1520416.9280
  s=   90 a= 33(BUILD:AtomStation) r= -0.2985 cum=    -99.30 v=+18.9918 top5=[a43=0.040, a34=0.038, a24=0.036, a39=0.035, a11=0.034] [BUILD: AtomStation]
    OBS: year=0 month=6 season=1 money=1649 credit=2318 people=28 busy=0 free=28 home_places=110 need_workers=14 tax_due=0 main_tax_due=0 tax_amount=6798 main_tax_amount=0 days_alive=97 stage=0 res0=0 res1=200 res2=0 res3=0 res4=0 res5=0 res6=0 res7=0 res8=0 Farm=2 Road=2 House=1 Hothouse=1 | nw=1520401.2543
  s=   91 a= 27(BUILD:WaterMill) r= -4.3474 cum=   -103.65 v=+18.0682 top5=[a43=0.038, a34=0.036, a39=0.036, a24=0.034, a15=0.033] [BUILD FAILED: WaterMill]
    OBS: year=0 month=6 season=1 money=1649 credit=2322 people=28 busy=0 free=28 home_places=110 need_workers=14 tax_due=0 main_tax_due=0 tax_amount=6798 main_tax_amount=0 days_alive=98 stage=0 res0=0 res1=200 res2=0 res3=0 res4=0 res5=0 res6=0 res7=0 res8=0 Farm=2 Road=2 House=1 Hothouse=1 | nw=1520385.5807
  s=   92 a=  2(BUILD:WaterChannel) r= -0.2947 cum=   -103.94 v=+17.3185 top5=[a43=0.037, a39=0.036, a34=0.034, a24=0.033, a15=0.032] [BUILD: WaterChannel]
    OBS: year=0 month=6 season=1 money=1649 credit=2326 people=28 busy=0 free=28 home_places=110 need_workers=14 tax_due=0 main_tax_due=0 tax_amount=6798 main_tax_amount=0 days_alive=99 stage=0 res0=0 res1=200 res2=0 res3=0 res4=0 res5=0 res6=0 res7=0 res8=0 Farm=2 Road=2 House=1 Hothouse=1 | nw=1520371.6082
  s=   93 a= 29(BUILD:Puerperal) r= +0.5691 cum=   -103.37 v=+16.6188 top5=[a39=0.036, a43=0.036, a34=0.033, a24=0.032, a15=0.032] [BUILD: Puerperal]
    OBS: year=0 month=6 season=1 money=1649 credit=2330 people=28 busy=0 free=28 home_places=110 need_workers=14 tax_due=0 main_tax_due=0 tax_amount=6798 main_tax_amount=0 days_alive=100 stage=0 res0=0 res1=200 res2=0 res3=0 res4=0 res5=0 res6=0 res7=0 res8=0 Farm=2 Road=2 House=1 Hothouse=1 | nw=1520355.9346
  s=   94 a= 32(BUILD:SmallAtomStation) r= -4.3553 cum=   -107.73 v=+15.9929 top5=[a39=0.035, a43=0.035, a34=0.032, a24=0.031, a15=0.031] [BUILD FAILED: SmallAtomStation]
    OBS: year=0 month=6 season=1 money=1649 credit=2334 people=28 busy=0 free=28 home_places=110 need_workers=14 tax_due=0 main_tax_due=0 tax_amount=6798 main_tax_amount=0 days_alive=101 stage=0 res0=0 res1=200 res2=0 res3=0 res4=0 res5=0 res6=0 res7=0 res8=0 Farm=2 Road=2 House=1 Hothouse=1 | nw=1520340.2610
  s=   95 a= 17(BUILD:HuntingLand) r= -0.2990 cum=   -108.02 v=+15.4388 top5=[a39=0.035, a43=0.034, a34=0.031, a15=0.031, a24=0.030] [BUILD: HuntingLand]
    OBS: year=0 month=6 season=1 money=1649 credit=2338 people=28 busy=0 free=28 home_places=110 need_workers=14 tax_due=0 main_tax_due=0 tax_amount=6798 main_tax_amount=0 days_alive=102 stage=0 res0=0 res1=200 res2=0 res3=0 res4=0 res5=0 res6=0 res7=0 res8=0 Farm=2 Road=2 House=1 Hothouse=1 | nw=1520324.5874
  s=   96 a= 34(MANAGER:0) r= -0.3003 cum=   -108.33 v=+15.0771 top5=[a39=0.035, a43=0.033, a34=0.031, a15=0.031, a24=0.030]
    OBS: year=0 month=6 season=1 money=1649 credit=2342 people=28 busy=0 free=28 home_places=110 need_workers=14 tax_due=0 main_tax_due=0 tax_amount=6798 main_tax_amount=0 days_alive=103 stage=0 res0=0 res1=200 res2=0 res3=0 res4=0 res5=0 res6=0 res7=0 res8=0 Farm=2 Road=2 House=1 Hothouse=1 | nw=1520308.9137
  s=   97 a=  9(BUILD:Ironmine) r= -4.3717 cum=   -112.70 v=+14.6554 top5=[a39=0.035, a43=0.032, a34=0.031, a15=0.030, a24=0.030] [BUILD FAILED: Ironmine]
    OBS: year=0 month=6 season=1 money=1649 credit=2346 people=28 busy=0 free=28 home_places=110 need_workers=14 tax_due=0 main_tax_due=0 tax_amount=6798 main_tax_amount=0 days_alive=104 stage=0 res0=0 res1=200 res2=0 res3=0 res4=0 res5=0 res6=0 res7=0 res8=0 Farm=2 Road=2 House=1 Hothouse=1 | nw=1520293.2401
  s=   98 a= 27(BUILD:WaterMill) r= -0.3002 cum=   -113.00 v=+14.2705 top5=[a39=0.034, a43=0.032, a15=0.030, a34=0.030, a24=0.030] [BUILD: WaterMill]
    OBS: year=0 month=6 season=1 money=1649 credit=2350 people=28 busy=0 free=28 home_places=110 need_workers=14 tax_due=0 main_tax_due=0 tax_amount=6798 main_tax_amount=0 days_alive=105 stage=0 res0=0 res1=200 res2=0 res3=0 res4=0 res5=0 res6=0 res7=0 res8=0 Farm=2 Road=2 House=1 Hothouse=1 | nw=1520277.5665
  s=   99 a=  7(BUILD:Sawmill) r= -0.3015 cum=   -113.30 v=+13.9145 top5=[a39=0.034, a43=0.031, a15=0.030, a34=0.029, a24=0.029] [BUILD: Sawmill]
    OBS: year=0 month=6 season=1 money=1649 credit=2354 people=28 busy=0 free=28 home_places=110 need_workers=14 tax_due=0 main_tax_due=0 tax_amount=6798 main_tax_amount=0 days_alive=106 stage=0 res0=0 res1=200 res2=0 res3=0 res4=0 res5=0 res6=0 res7=0 res8=0 Farm=2 Road=2 House=1 Hothouse=1 | nw=1520261.8929
  s=  100 a= 24(BUILD:Hothouse) r= -4.3870 cum=   -117.69 v=+13.5689 top5=[a39=0.033, a43=0.031, a15=0.030, a24=0.029, a34=0.029] [BUILD FAILED: Hothouse]
    OBS: year=0 month=6 season=1 money=1649 credit=2358 people=28 busy=0 free=28 home_places=110 need_workers=14 tax_due=0 main_tax_due=0 tax_amount=6798 main_tax_amount=0 days_alive=107 stage=0 res0=0 res1=200 res2=0 res3=0 res4=0 res5=0 res6=0 res7=0 res8=0 Farm=2 Road=2 House=1 Hothouse=1 | nw=1520246.2193
  s=  101 a= 38(MANAGER:4) r= +1.4447 cum=   -116.24 v=+13.2439 top5=[a39=0.033, a43=0.031, a15=0.030, a24=0.029, a11=0.029]
    OBS: year=0 month=6 season=1 money=1649 credit=2362 people=28 busy=0 free=28 home_places=110 need_workers=10 tax_due=0 main_tax_due=0 tax_amount=6798 main_tax_amount=0 days_alive=108 stage=0 res0=0 res1=200 res2=0 res3=0 res4=0 res5=0 res6=0 res7=0 res8=0 Farm=2 Road=2 House=1 Hothouse=1 | nw=1520230.5457
  s=  102 a= 43(MANAGER:9) r= -0.2967 cum=   -116.54 v=+12.7232 top5=[a43=0.033, a39=0.032, a15=0.031, a6=0.029, a9=0.029]
    OBS: year=0 month=6 season=1 money=1649 credit=2366 people=28 busy=0 free=28 home_places=110 need_workers=10 tax_due=0 main_tax_due=0 tax_amount=6798 main_tax_amount=0 days_alive=109 stage=0 res0=0 res1=200 res2=0 res3=0 res4=0 res5=0 res6=0 res7=0 res8=0 Farm=2 Road=2 House=1 Hothouse=1 | nw=1520216.7711
  s=  103 a= 23(BUILD:Torchlight) r= -4.3776 cum=   -120.92 v=+12.4745 top5=[a43=0.033, a39=0.032, a15=0.031, a6=0.029, a9=0.028] [BUILD FAILED: Torchlight]
    OBS: year=0 month=6 season=1 money=1649 credit=2370 people=28 busy=0 free=28 home_places=110 need_workers=10 tax_due=0 main_tax_due=0 tax_amount=6798 main_tax_amount=0 days_alive=110 stage=0 res0=0 res1=200 res2=0 res3=0 res4=0 res5=0 res6=0 res7=0 res8=0 Farm=2 Road=2 House=1 Hothouse=1 | nw=1520201.0975
  s=  104 a=  6(BUILD:SmallHouse) r= -0.2970 cum=   -121.21 v=+12.2453 top5=[a43=0.033, a39=0.032, a15=0.031, a6=0.029, a9=0.028] [BUILD: SmallHouse]
    OBS: year=0 month=6 season=1 money=1649 credit=2374 people=28 busy=0 free=28 home_places=110 need_workers=10 tax_due=0 main_tax_due=0 tax_amount=6798 main_tax_amount=0 days_alive=111 stage=0 res0=0 res1=200 res2=0 res3=0 res4=0 res5=0 res6=0 res7=0 res8=0 Farm=2 Road=2 House=1 Hothouse=1 | nw=1520187.1250
  s=  105 a= 18(BUILD:CowFarm) r= -0.2978 cum=   -121.51 v=+12.0333 top5=[a43=0.033, a39=0.032, a15=0.031, a6=0.029, a9=0.028] [BUILD: CowFarm]
    OBS: year=0 month=6 season=1 money=1649 credit=2378 people=28 busy=0 free=28 home_places=110 need_workers=10 tax_due=0 main_tax_due=0 tax_amount=6798 main_tax_amount=0 days_alive=112 stage=0 res0=0 res1=200 res2=0 res3=0 res4=0 res5=0 res6=0 res7=0 res8=0 Farm=2 Road=2 House=1 Hothouse=1 | nw=1520173.3504
  s=  106 a= 24(BUILD:Hothouse) r= -4.3920 cum=   -125.90 v=+11.8369 top5=[a43=0.032, a39=0.031, a15=0.031, a6=0.029, a9=0.028] [BUILD FAILED: Hothouse]
    OBS: year=0 month=6 season=1 money=1649 credit=2382 people=28 busy=0 free=28 home_places=110 need_workers=10 tax_due=0 main_tax_due=0 tax_amount=6798 main_tax_amount=0 days_alive=113 stage=0 res0=0 res1=200 res2=0 res3=0 res4=0 res5=0 res6=0 res7=0 res8=0 Farm=2 Road=2 House=1 Hothouse=1 | nw=1520157.6768
  s=  107 a= 15(BUILD:Fish) r= -0.3006 cum=   -126.20 v=+11.6572 top5=[a43=0.032, a39=0.031, a15=0.030, a6=0.029, a9=0.028] [BUILD: Fish]
    OBS: year=0 month=6 season=1 money=1649 credit=2386 people=28 busy=0 free=28 home_places=110 need_workers=10 tax_due=0 main_tax_due=0 tax_amount=6798 main_tax_amount=0 days_alive=114 stage=0 res0=0 res1=200 res2=0 res3=0 res4=0 res5=0 res6=0 res7=0 res8=0 Farm=2 Road=2 House=1 Hothouse=1 | nw=1520142.5388
  s=  108 a= 11(BUILD:Goldmine) r= -0.3018 cum=   -126.50 v=+11.4880 top5=[a43=0.032, a39=0.031, a15=0.030, a6=0.029, a9=0.028] [BUILD: Goldmine]
    OBS: year=0 month=6 season=1 money=1649 credit=2390 people=28 busy=0 free=28 home_places=110 need_workers=10 tax_due=0 main_tax_due=0 tax_amount=6798 main_tax_amount=0 days_alive=115 stage=0 res0=0 res1=200 res2=0 res3=0 res4=0 res5=0 res6=0 res7=0 res8=0 Farm=2 Road=2 House=1 Hothouse=1 | nw=1520127.4008
  s=  109 a= 40(MANAGER:6) r= -4.4056 cum=   -130.91 v=+11.3277 top5=[a43=0.032, a39=0.031, a15=0.030, a6=0.029, a9=0.027]
    OBS: year=0 month=6 season=1 money=1649 credit=2394 people=28 busy=0 free=28 home_places=110 need_workers=10 tax_due=0 main_tax_due=0 tax_amount=6798 main_tax_amount=0 days_alive=116 stage=0 res0=0 res1=200 res2=0 res3=0 res4=0 res5=0 res6=0 res7=0 res8=0 Farm=2 Road=2 House=1 Hothouse=1 | nw=1520111.7272
  s=  110 a= 19(BUILD:Mushroom) r= -0.3027 cum=   -131.21 v=+11.1761 top5=[a43=0.032, a39=0.031, a15=0.030, a6=0.029, a32=0.027] [BUILD: Mushroom]
    OBS: year=0 month=6 season=1 money=1649 credit=2398 people=28 busy=0 free=28 home_places=110 need_workers=10 tax_due=0 main_tax_due=0 tax_amount=6798 main_tax_amount=0 days_alive=117 stage=0 res0=0 res1=200 res2=0 res3=0 res4=0 res5=0 res6=0 res7=0 res8=0 Farm=2 Road=2 House=1 Hothouse=1 | nw=1520096.0536
  s=  111 a=  4(BUILD:Garden) r= -0.1392 cum=   -131.35 v=+11.0218 top5=[a43=0.032, a39=0.031, a15=0.030, a6=0.029, a32=0.027] [BUILD: Garden]
    OBS: year=0 month=6 season=1 money=1649 credit=2402 people=28 busy=0 free=28 home_places=110 need_workers=10 tax_due=0 main_tax_due=0 tax_amount=6798 main_tax_amount=0 days_alive=118 stage=0 res0=0 res1=200 res2=0 res3=0 res4=0 res5=0 res6=0 res7=0 res8=0 Farm=2 Road=2 House=1 Hothouse=1 | nw=1520082.2790
  s=  112 a=  9(BUILD:Ironmine) r= -4.4173 cum=   -135.77 v=+10.8645 top5=[a43=0.032, a39=0.031, a15=0.030, a6=0.029, a32=0.027] [BUILD FAILED: Ironmine]
    OBS: year=0 month=6 season=1 money=1649 credit=2406 people=28 busy=0 free=28 home_places=110 need_workers=10 tax_due=0 main_tax_due=0 tax_amount=6798 main_tax_amount=0 days_alive=119 stage=0 res0=0 res1=200 res2=0 res3=0 res4=0 res5=0 res6=0 res7=0 res8=0 Farm=2 Road=2 House=1 Hothouse=1 | nw=1520066.6054
  s=  113 a= 17(BUILD:HuntingLand) r= -0.3036 cum=   -136.07 v=+10.7110 top5=[a43=0.032, a39=0.031, a15=0.030, a6=0.029, a9=0.027] [BUILD: HuntingLand]
    OBS: year=0 month=6 season=1 money=1649 credit=2410 people=28 busy=0 free=28 home_places=110 need_workers=10 tax_due=0 main_tax_due=0 tax_amount=6798 main_tax_amount=0 days_alive=120 stage=0 res0=0 res1=200 res2=0 res3=0 res4=0 res5=0 res6=0 res7=0 res8=0 Farm=2 Road=2 House=1 Hothouse=1 | nw=1520050.9318
  s=  114 a= 26(BUILD:BigSawmill) r= -0.3047 cum=   -136.38 v=+10.5584 top5=[a43=0.032, a39=0.031, a15=0.030, a6=0.029, a2=0.027] [BUILD: BigSawmill]
    OBS: year=0 month=6 season=1 money=1649 credit=2414 people=28 busy=0 free=28 home_places=110 need_workers=10 tax_due=0 main_tax_due=0 tax_amount=6798 main_tax_amount=0 days_alive=121 stage=0 res0=0 res1=200 res2=0 res3=0 res4=0 res5=0 res6=0 res7=0 res8=0 Farm=2 Road=2 House=1 Hothouse=1 | nw=1520035.2582
  s=  115 a=  7(BUILD:Sawmill) r= -4.4295 cum=   -140.81 v=+10.4099 top5=[a43=0.032, a39=0.031, a15=0.030, a6=0.029, a2=0.027] [BUILD FAILED: Sawmill]
    OBS: year=0 month=7 season=1 money=1649 credit=2418 people=28 busy=0 free=28 home_places=110 need_workers=10 tax_due=0 main_tax_due=0 tax_amount=6798 main_tax_amount=0 days_alive=122 stage=0 res0=0 res1=200 res2=0 res3=0 res4=0 res5=0 res6=0 res7=0 res8=0 Farm=2 Road=2 House=1 Hothouse=1 | nw=1520019.5846
  s=  116 a= 39(MANAGER:5) r= +1.4631 cum=   -139.34 v= +8.7598 top5=[a39=0.030, a43=0.029, a6=0.027, a32=0.027, a2=0.027]
    OBS: year=0 month=7 season=1 money=1649 credit=2422 people=28 busy=0 free=28 home_places=110 need_workers=14 tax_due=0 main_tax_due=0 tax_amount=6798 main_tax_amount=0 days_alive=123 stage=0 res0=0 res1=200 res2=0 res3=0 res4=0 res5=0 res6=0 res7=0 res8=0 Farm=2 Road=2 House=1 Hothouse=1 | nw=1520005.6120
  s=  117 a= 30(BUILD:BigIronmine) r= -0.3040 cum=   -139.65 v= +8.6000 top5=[a39=0.029, a24=0.029, a34=0.027, a6=0.027, a43=0.027] [BUILD: BigIronmine]
    OBS: year=0 month=7 season=1 money=1649 credit=2426 people=28 busy=0 free=28 home_places=110 need_workers=14 tax_due=0 main_tax_due=0 tax_amount=6798 main_tax_amount=0 days_alive=124 stage=0 res0=0 res1=200 res2=0 res3=0 res4=0 res5=0 res6=0 res7=0 res8=0 Farm=2 Road=2 House=1 Hothouse=1 | nw=1519989.9384
  s=  118 a= 14(BUILD:Road) r= -4.4186 cum=   -144.07 v= +8.6071 top5=[a39=0.029, a24=0.029, a34=0.027, a6=0.027, a43=0.027] [BUILD FAILED: Road]
    OBS: year=0 month=7 season=1 money=1649 credit=2430 people=28 busy=0 free=28 home_places=110 need_workers=14 tax_due=0 main_tax_due=0 tax_amount=6798 main_tax_amount=0 days_alive=125 stage=0 res0=0 res1=200 res2=0 res3=0 res4=0 res5=0 res6=0 res7=0 res8=0 Farm=2 Road=2 House=1 Hothouse=1 | nw=1519974.2648
  s=  119 a=  0(DAY) r= +0.1361 cum=   -143.93 v= +8.6123 top5=[a39=0.029, a24=0.029, a6=0.027, a34=0.027, a43=0.027]
    OBS: year=0 month=7 season=1 money=1649 credit=2434 people=28 busy=0 free=28 home_places=110 need_workers=14 tax_due=0 main_tax_due=0 tax_amount=6798 main_tax_amount=0 days_alive=126 stage=0 res0=0 res1=200 res2=0 res3=0 res4=0 res5=0 res6=0 res7=0 res8=0 Farm=2 Road=2 House=1 Hothouse=1 | nw=1519958.5912
  s=  120 a= 29(BUILD:Puerperal) r= -0.3046 cum=   -144.23 v= +8.6056 top5=[a39=0.029, a24=0.029, a6=0.027, a34=0.027, a11=0.027] [BUILD: Puerperal]
    OBS: year=0 month=7 season=1 money=1649 credit=2438 people=28 busy=0 free=28 home_places=110 need_workers=14 tax_due=0 main_tax_due=0 tax_amount=6798 main_tax_amount=0 days_alive=127 stage=0 res0=0 res1=200 res2=0 res3=0 res4=0 res5=0 res6=0 res7=0 res8=0 Farm=2 Road=2 House=1 Hothouse=1 | nw=1519942.9176
  s=  121 a=  3(BUILD:Farm) r= -4.4269 cum=   -148.66 v= +8.5943 top5=[a39=0.029, a24=0.028, a6=0.027, a11=0.027, a32=0.027] [BUILD FAILED: Farm]
    OBS: year=0 month=7 season=1 money=1649 credit=2442 people=28 busy=0 free=28 home_places=110 need_workers=14 tax_due=0 main_tax_due=0 tax_amount=6798 main_tax_amount=0 days_alive=128 stage=0 res0=0 res1=200 res2=0 res3=0 res4=0 res5=0 res6=0 res7=0 res8=0 Farm=2 Road=2 House=1 Hothouse=1 | nw=1519929.1430
  s=  122 a=  9(BUILD:Ironmine) r= -0.3044 cum=   -148.97 v= +8.5845 top5=[a39=0.029, a24=0.028, a6=0.027, a11=0.027, a32=0.027] [BUILD: Ironmine]
    OBS: year=0 month=7 season=1 money=1649 credit=2446 people=28 busy=0 free=28 home_places=110 need_workers=14 tax_due=0 main_tax_due=0 tax_amount=6798 main_tax_amount=0 days_alive=129 stage=0 res0=0 res1=200 res2=0 res3=0 res4=0 res5=0 res6=0 res7=0 res8=0 Farm=2 Road=2 House=1 Hothouse=1 | nw=1519913.4694
  s=  123 a=  9(BUILD:Ironmine) r= -0.3055 cum=   -149.27 v= +8.5755 top5=[a39=0.029, a24=0.028, a6=0.027, a11=0.027, a32=0.027] [BUILD: Ironmine]
    OBS: year=0 month=7 season=1 money=1649 credit=2450 people=28 busy=0 free=28 home_places=110 need_workers=14 tax_due=0 main_tax_due=0 tax_amount=6798 main_tax_amount=0 days_alive=130 stage=0 res0=0 res1=200 res2=0 res3=0 res4=0 res5=0 res6=0 res7=0 res8=0 Farm=2 Road=2 House=1 Hothouse=1 | nw=1519897.7958
  s=  124 a= 43(MANAGER:9) r= -4.4380 cum=   -153.71 v= +8.5548 top5=[a39=0.029, a24=0.028, a6=0.027, a11=0.027, a32=0.027]
    OBS: year=0 month=7 season=1 money=1649 credit=2454 people=28 busy=0 free=28 home_places=110 need_workers=14 tax_due=0 main_tax_due=0 tax_amount=6798 main_tax_amount=0 days_alive=131 stage=0 res0=0 res1=200 res2=0 res3=0 res4=0 res5=0 res6=0 res7=0 res8=0 Farm=2 Road=2 House=1 Hothouse=1 | nw=1519882.1222
  s=  125 a=  1(WEEK) r= -0.0965 cum=   -153.81 v= +8.5190 top5=[a39=0.029, a24=0.028, a6=0.027, a11=0.027, a43=0.027]
    OBS: year=0 month=7 season=1 money=1649 credit=2482 people=28 busy=0 free=28 home_places=110 need_workers=14 tax_due=0 main_tax_due=0 tax_amount=6798 main_tax_amount=0 days_alive=138 stage=0 res0=0 res1=200 res2=0 res3=0 res4=0 res5=0 res6=0 res7=0 res8=0 Farm=2 Road=2 House=1 Hothouse=1 | nw=1519775.8090
  s=  126 a= 39(MANAGER:5) r= -0.3062 cum=   -154.11 v= +8.8089 top5=[a39=0.030, a24=0.028, a6=0.028, a11=0.027, a43=0.027]
    OBS: year=0 month=7 season=1 money=1649 credit=2486 people=28 busy=0 free=28 home_places=110 need_workers=14 tax_due=0 main_tax_due=0 tax_amount=6798 main_tax_amount=0 days_alive=139 stage=0 res0=0 res1=200 res2=0 res3=0 res4=0 res5=0 res6=0 res7=0 res8=0 Farm=2 Road=2 House=1 Hothouse=1 | nw=1519760.1354
  s=  127 a= 15(BUILD:Fish) r= -4.4472 cum=   -158.56 v= +8.7681 top5=[a39=0.030, a24=0.028, a6=0.028, a11=0.027, a43=0.027] [BUILD FAILED: Fish]
    OBS: year=0 month=7 season=1 money=1649 credit=2490 people=28 busy=0 free=28 home_places=110 need_workers=14 tax_due=0 main_tax_due=0 tax_amount=6798 main_tax_amount=0 days_alive=140 stage=0 res0=0 res1=200 res2=0 res3=0 res4=0 res5=0 res6=0 res7=0 res8=0 Farm=2 Road=2 House=1 Hothouse=1 | nw=1519744.4618
  s=  128 a=  5(BUILD:House) r= -0.3060 cum=   -158.87 v= +8.7079 top5=[a39=0.030, a6=0.028, a24=0.028, a11=0.027, a43=0.027] [BUILD: House]
    OBS: year=0 month=7 season=1 money=1649 credit=2494 people=28 busy=0 free=28 home_places=110 need_workers=14 tax_due=0 main_tax_due=0 tax_amount=6798 main_tax_amount=0 days_alive=141 stage=0 res0=0 res1=200 res2=0 res3=0 res4=0 res5=0 res6=0 res7=0 res8=0 Farm=2 Road=2 House=1 Hothouse=1 | nw=1519728.7882
  s=  129 a=  0(DAY) r= +0.1374 cum=   -158.73 v= +8.6477 top5=[a39=0.030, a6=0.028, a24=0.027, a11=0.027, a43=0.027]
    OBS: year=0 month=7 season=1 money=1649 credit=2498 people=28 busy=0 free=28 home_places=110 need_workers=14 tax_due=0 main_tax_due=0 tax_amount=6798 main_tax_amount=0 days_alive=142 stage=0 res0=0 res1=200 res2=0 res3=0 res4=0 res5=0 res6=0 res7=0 res8=0 Farm=2 Road=2 House=1 Hothouse=1 | nw=1519713.1146
  s=  130 a=  6(BUILD:SmallHouse) r= -4.4540 cum=   -163.18 v= +8.5896 top5=[a39=0.030, a6=0.028, a43=0.027, a11=0.027, a15=0.027] [BUILD FAILED: SmallHouse]
    OBS: year=0 month=7 season=1 money=1649 credit=2502 people=28 busy=0 free=28 home_places=110 need_workers=14 tax_due=0 main_tax_due=0 tax_amount=6798 main_tax_amount=0 days_alive=143 stage=0 res0=0 res1=200 res2=0 res3=0 res4=0 res5=0 res6=0 res7=0 res8=0 Farm=2 Road=2 House=1 Hothouse=1 | nw=1519697.4410
  s=  131 a= 42(MANAGER:8) r= -0.1980 cum=   -163.38 v= +8.5305 top5=[a39=0.030, a6=0.028, a43=0.027, a11=0.027, a15=0.027]
    OBS: year=0 month=7 season=1 money=51649 credit=52607 people=28 busy=0 free=28 home_places=110 need_workers=14 tax_due=0 main_tax_due=0 tax_amount=6798 main_tax_amount=0 days_alive=144 stage=0 res0=0 res1=200 res2=0 res3=0 res4=0 res5=0 res6=0 res7=0 res8=0 Farm=2 Road=2 House=1 Hothouse=1 | nw=1519580.7674
  s=  132 a= 26(BUILD:BigSawmill) r= -0.6438 cum=   -164.02 v= +2.6679 top5=[a43=0.037, a39=0.031, a11=0.029, a34=0.027, a17=0.027] [BUILD: BigSawmill]
    OBS: year=0 month=7 season=1 money=51649 credit=52712 people=28 busy=0 free=28 home_places=110 need_workers=14 tax_due=0 main_tax_due=0 tax_amount=6798 main_tax_amount=0 days_alive=145 stage=0 res0=0 res1=200 res2=0 res3=0 res4=0 res5=0 res6=0 res7=0 res8=0 Farm=2 Road=2 House=1 Hothouse=1 | nw=1519464.0938
  s=  133 a= 21(BUILD:BigFarm) r= -4.4647 cum=   -168.49 v= +2.6539 top5=[a43=0.037, a39=0.031, a11=0.029, a34=0.027, a17=0.027] [BUILD FAILED: BigFarm]
    OBS: year=0 month=7 season=1 money=51649 credit=52817 people=28 busy=0 free=28 home_places=110 need_workers=14 tax_due=0 main_tax_due=0 tax_amount=6798 main_tax_amount=0 days_alive=146 stage=0 res0=0 res1=200 res2=0 res3=0 res4=0 res5=0 res6=0 res7=0 res8=0 Farm=2 Road=2 House=1 Hothouse=1 | nw=1519347.4202
  s=  134 a= 25(BUILD:SuperHouse) r= -0.6397 cum=   -169.13 v= +2.6294 top5=[a43=0.037, a39=0.031, a11=0.029, a17=0.027, a34=0.027] [BUILD: SuperHouse]
    OBS: year=0 month=7 season=1 money=51649 credit=52922 people=28 busy=0 free=28 home_places=110 need_workers=14 tax_due=0 main_tax_due=0 tax_amount=6798 main_tax_amount=0 days_alive=147 stage=0 res0=0 res1=200 res2=0 res3=0 res4=0 res5=0 res6=0 res7=0 res8=0 Farm=2 Road=2 House=1 Hothouse=1 | nw=1519232.6456
  s=  135 a= 33(BUILD:AtomStation) r= -0.6463 cum=   -169.77 v= +2.5980 top5=[a43=0.037, a39=0.031, a11=0.029, a17=0.027, a34=0.027] [BUILD: AtomStation]
    OBS: year=0 month=7 season=1 money=51649 credit=53027 people=28 busy=0 free=28 home_places=110 need_workers=14 tax_due=0 main_tax_due=0 tax_amount=6798 main_tax_amount=0 days_alive=148 stage=0 res0=0 res1=200 res2=0 res3=0 res4=0 res5=0 res6=0 res7=0 res8=0 Farm=2 Road=2 House=1 Hothouse=1 | nw=1519115.9720
  s=  136 a= 17(BUILD:HuntingLand) r= -4.4772 cum=   -174.25 v= +2.5614 top5=[a43=0.037, a39=0.031, a11=0.029, a17=0.027, a34=0.027] [BUILD FAILED: HuntingLand]
    OBS: year=0 month=7 season=1 money=51649 credit=53133 people=28 busy=0 free=28 home_places=110 need_workers=14 tax_due=0 main_tax_due=0 tax_amount=6798 main_tax_amount=0 days_alive=149 stage=0 res0=0 res1=200 res2=0 res3=0 res4=0 res5=0 res6=0 res7=0 res8=0 Farm=2 Road=2 House=1 Hothouse=1 | nw=1518998.2984
  s=  137 a= 23(BUILD:Torchlight) r= -0.6487 cum=   -174.90 v= +2.5219 top5=[a43=0.037, a39=0.032, a11=0.029, a17=0.027, a34=0.027] [BUILD: Torchlight]
    OBS: year=0 month=7 season=1 money=51649 credit=53239 people=28 busy=0 free=28 home_places=110 need_workers=14 tax_due=0 main_tax_due=0 tax_amount=6798 main_tax_amount=0 days_alive=150 stage=0 res0=0 res1=200 res2=0 res3=0 res4=0 res5=0 res6=0 res7=0 res8=0 Farm=2 Road=2 House=1 Hothouse=1 | nw=1518880.6248
  s=  138 a= 29(BUILD:Puerperal) r= +2.3881 cum=   -172.51 v= +2.4811 top5=[a43=0.037, a39=0.032, a11=0.029, a17=0.027, a34=0.027] [BUILD: Puerperal]
    OBS: year=0 month=7 season=1 money=14544 credit=53345 people=28 busy=0 free=28 home_places=110 need_workers=14 tax_due=0 main_tax_due=0 tax_amount=7218 main_tax_amount=0 days_alive=151 stage=0 res0=0 res1=200 res2=0 res3=0 res4=0 res5=0 res6=0 res7=0 res8=0 Farm=2 Road=2 House=1 Hothouse=1 Puerperal=1 | nw=1518763.4868
  s=  139 a= 37(MANAGER:3) r= -4.4488 cum=   -176.96 v= +3.1518 top5=[a43=0.035, a39=0.033, a11=0.031, a17=0.028, a44=0.027]
    OBS: year=0 month=7 season=1 money=16203 credit=53451 people=28 busy=0 free=28 home_places=110 need_workers=10 tax_due=0 main_tax_due=0 tax_amount=6798 main_tax_amount=0 days_alive=152 stage=0 res0=0 res1=200 res2=0 res3=0 res4=0 res5=0 res6=0 res7=0 res8=0 Farm=2 Road=2 House=1 Puerperal=1 | nw=1503961.6882
  s=  140 a= 38(MANAGER:4) r= -4.4326 cum=   -181.39 v= +2.4235 top5=[a43=0.036, a39=0.030, a11=0.030, a44=0.029, a17=0.028]
    OBS: year=0 month=8 season=1 money=16203 credit=53557 people=28 busy=0 free=28 home_places=110 need_workers=10 tax_due=0 main_tax_due=0 tax_amount=6798 main_tax_amount=0 days_alive=153 stage=0 res0=0 res1=200 res2=0 res3=0 res4=0 res5=0 res6=0 res7=0 res8=0 Farm=2 Road=2 House=1 Puerperal=1 | nw=1503847.8126
  s=  141 a= 12(BUILD:PowerStation) r= +0.4494 cum=   -180.94 v= +2.0848 top5=[a43=0.030, a11=0.027, a39=0.026, a3=0.026, a8=0.025] [BUILD: PowerStation]
    OBS: year=0 month=8 season=1 money=15803 credit=53664 people=28 busy=0 free=28 home_places=110 need_workers=10 tax_due=0 main_tax_due=0 tax_amount=6798 main_tax_amount=0 days_alive=154 stage=0 res0=0 res1=200 res2=0 res3=0 res4=0 res5=0 res6=0 res7=0 res8=0 Farm=2 Road=3 House=1 Puerperal=1 | nw=1503732.9371
  s=  142 a= 32(BUILD:SmallAtomStation) r= -0.6385 cum=   -181.58 v= +2.2140 top5=[a43=0.031, a11=0.027, a39=0.026, a16=0.025, a8=0.025] [BUILD: SmallAtomStation]
    OBS: year=0 month=8 season=1 money=15803 credit=53771 people=28 busy=0 free=28 home_places=110 need_workers=10 tax_due=0 main_tax_due=0 tax_amount=6798 main_tax_amount=0 days_alive=155 stage=0 res0=0 res1=200 res2=0 res3=0 res4=0 res5=0 res6=0 res7=0 res8=0 Farm=2 Road=3 House=1 Puerperal=1 | nw=1503618.0616
  s=  143 a= 27(BUILD:WaterMill) r= -4.4382 cum=   -186.02 v= +2.2489 top5=[a43=0.031, a11=0.027, a39=0.026, a16=0.025, a8=0.025] [BUILD FAILED: WaterMill]
    OBS: year=0 month=8 season=1 money=15803 credit=53878 people=28 busy=0 free=28 home_places=110 need_workers=10 tax_due=0 main_tax_due=0 tax_amount=6798 main_tax_amount=0 days_alive=156 stage=0 res0=0 res1=200 res2=0 res3=0 res4=0 res5=0 res6=0 res7=0 res8=0 Farm=2 Road=3 House=1 Puerperal=1 | nw=1503503.1860
  s=  144 a= 18(BUILD:CowFarm) r= -0.6389 cum=   -186.66 v= +2.2661 top5=[a43=0.032, a11=0.027, a39=0.026, a8=0.025, a16=0.025] [BUILD: CowFarm]
    OBS: year=0 month=8 season=1 money=15803 credit=53985 people=28 busy=0 free=28 home_places=110 need_workers=10 tax_due=0 main_tax_due=0 tax_amount=6798 main_tax_amount=0 days_alive=157 stage=0 res0=0 res1=200 res2=0 res3=0 res4=0 res5=0 res6=0 res7=0 res8=0 Farm=2 Road=3 House=1 Puerperal=1 | nw=1503388.3105
  s=  145 a= 16(BUILD:CoalCut) r= -0.6411 cum=   -187.30 v= +2.2809 top5=[a43=0.032, a11=0.027, a39=0.026, a8=0.025, a16=0.025] [BUILD: CoalCut]
    OBS: year=0 month=8 season=1 money=15803 credit=54092 people=28 busy=0 free=28 home_places=110 need_workers=10 tax_due=0 main_tax_due=0 tax_amount=6798 main_tax_amount=0 days_alive=158 stage=0 res0=0 res1=200 res2=0 res3=0 res4=0 res5=0 res6=0 res7=0 res8=0 Farm=2 Road=3 House=1 Puerperal=1 | nw=1503273.4350
  s=  146 a=  4(BUILD:Garden) r= -4.4511 cum=   -191.75 v= +2.2935 top5=[a43=0.032, a11=0.027, a39=0.026, a8=0.025, a16=0.025] [BUILD FAILED: Garden]
    OBS: year=0 month=8 season=1 money=15803 credit=54200 people=28 busy=0 free=28 home_places=110 need_workers=10 tax_due=0 main_tax_due=0 tax_amount=6798 main_tax_amount=0 days_alive=159 stage=0 res0=0 res1=200 res2=0 res3=0 res4=0 res5=0 res6=0 res7=0 res8=0 Farm=2 Road=3 House=1 Puerperal=1 | nw=1503157.5594
  s=  147 a= 18(BUILD:CowFarm) r= -0.6437 cum=   -192.40 v= +2.3018 top5=[a43=0.032, a11=0.027, a39=0.026, a8=0.025, a16=0.025] [BUILD: CowFarm]
    OBS: year=0 month=8 season=1 money=15803 credit=54308 people=28 busy=0 free=28 home_places=110 need_workers=10 tax_due=0 main_tax_due=0 tax_amount=6798 main_tax_amount=0 days_alive=160 stage=0 res0=0 res1=200 res2=0 res3=0 res4=0 res5=0 res6=0 res7=0 res8=0 Farm=2 Road=3 House=1 Puerperal=1 | nw=1503041.6839
  s=  148 a=  2(BUILD:WaterChannel) r= -0.6459 cum=   -193.04 v= +2.4840 top5=[a43=0.032, a11=0.028, a39=0.026, a3=0.025, a8=0.025] [BUILD: WaterChannel]
    OBS: year=0 month=8 season=1 money=15803 credit=54416 people=28 busy=0 free=28 home_places=110 need_workers=10 tax_due=0 main_tax_due=0 tax_amount=6798 main_tax_amount=0 days_alive=161 stage=0 res0=0 res1=200 res2=0 res3=0 res4=0 res5=0 res6=0 res7=0 res8=0 Farm=2 Road=3 House=1 Puerperal=1 | nw=1502925.8084
  s=  149 a=  8(BUILD:Coalmine) r= -4.4636 cum=   -197.51 v= +2.5511 top5=[a43=0.032, a11=0.028, a39=0.026, a8=0.025, a3=0.025] [BUILD FAILED: Coalmine]
    OBS: year=0 month=8 season=1 money=15803 credit=54524 people=28 busy=0 free=28 home_places=110 need_workers=10 tax_due=0 main_tax_due=0 tax_amount=6798 main_tax_amount=0 days_alive=162 stage=0 res0=0 res1=200 res2=0 res3=0 res4=0 res5=0 res6=0 res7=0 res8=0 Farm=2 Road=3 House=1 Puerperal=1 | nw=1502809.9328
  s=  150 a=  0(DAY) r= -0.2036 cum=   -197.71 v= +2.6178 top5=[a43=0.032, a11=0.028, a39=0.027, a8=0.025, a3=0.025]
    OBS: year=0 month=8 season=1 money=15803 credit=54633 people=28 busy=0 free=28 home_places=110 need_workers=10 tax_due=0 main_tax_due=0 tax_amount=6798 main_tax_amount=0 days_alive=163 stage=0 res0=0 res1=200 res2=0 res3=0 res4=0 res5=0 res6=0 res7=0 res8=0 Farm=2 Road=3 House=1 Puerperal=1 | nw=1502693.0573
  s=  151 a= 35(MANAGER:1) r= +0.0411 cum=   -197.67 v= +2.6811 top5=[a43=0.032, a11=0.028, a39=0.027, a8=0.025, a3=0.025]
    OBS: year=0 month=8 season=1 money=15646 credit=54742 people=28 busy=0 free=28 home_places=110 need_workers=10 tax_due=0 main_tax_due=0 tax_amount=6798 main_tax_amount=0 days_alive=164 stage=0 res0=0 res1=200 res2=0 res3=0 res4=0 res5=0 res6=0 res7=0 res8=0 Farm=2 Road=3 House=1 Puerperal=1 | nw=1502686.2489
  s=  152 a=  6(BUILD:SmallHouse) r= -4.4694 cum=   -202.14 v= +2.7441 top5=[a43=0.032, a11=0.028, a39=0.027, a8=0.025, a6=0.025] [BUILD FAILED: SmallHouse]
    OBS: year=0 month=8 season=1 money=15646 credit=54851 people=28 busy=0 free=28 home_places=110 need_workers=10 tax_due=0 main_tax_due=0 tax_amount=6798 main_tax_amount=0 days_alive=165 stage=0 res0=0 res1=200 res2=0 res3=0 res4=0 res5=0 res6=0 res7=0 res8=0 Farm=2 Road=3 House=1 Puerperal=1 | nw=1502569.3734
  s=  153 a= 43(MANAGER:9) r= -0.6500 cum=   -202.79 v= +2.7984 top5=[a43=0.033, a11=0.028, a39=0.027, a8=0.025, a6=0.025]
    OBS: year=0 month=8 season=1 money=15646 credit=54960 people=28 busy=0 free=28 home_places=110 need_workers=10 tax_due=0 main_tax_due=0 tax_amount=6798 main_tax_amount=0 days_alive=166 stage=0 res0=0 res1=200 res2=0 res3=0 res4=0 res5=0 res6=0 res7=0 res8=0 Farm=2 Road=3 House=1 Puerperal=1 | nw=1502452.4978
  s=  154 a= 13(BUILD:HydroStation) r= -0.1624 cum=   -202.95 v= +2.8419 top5=[a43=0.033, a11=0.028, a39=0.027, a8=0.025, a6=0.025] [BUILD: HydroStation]
    OBS: year=0 month=8 season=1 money=1608 credit=55069 people=28 busy=0 free=28 home_places=110 need_workers=10 tax_due=0 main_tax_due=0 tax_amount=7218 main_tax_amount=0 days_alive=167 stage=0 res0=0 res1=200 res2=0 res3=0 res4=0 res5=0 res6=0 res7=0 res8=0 Farm=2 Road=3 House=2 Puerperal=1 | nw=1502335.6223
  s=  155 a=  1(WEEK) r= -2.5444 cum=   -205.49 v= +2.8058 top5=[a43=0.033, a11=0.029, a39=0.027, a18=0.027, a34=0.026]
    OBS: year=0 month=8 season=1 money=1608 credit=55842 people=28 busy=0 free=28 home_places=110 need_workers=10 tax_due=0 main_tax_due=0 tax_amount=7218 main_tax_amount=0 days_alive=174 stage=0 res0=0 res1=200 res2=0 res3=0 res4=0 res5=0 res6=0 res7=0 res8=0 Farm=2 Road=3 House=2 Puerperal=1 | nw=1501510.2659
  s=  156 a= 32(BUILD:SmallAtomStation) r= -4.4884 cum=   -209.98 v= +2.6235 top5=[a43=0.035, a11=0.029, a39=0.028, a44=0.027, a18=0.027] [BUILD FAILED: SmallAtomStation]
    OBS: year=0 month=8 season=1 money=1608 credit=55953 people=28 busy=0 free=28 home_places=110 need_workers=10 tax_due=0 main_tax_due=0 tax_amount=7218 main_tax_amount=0 days_alive=175 stage=0 res0=0 res1=200 res2=0 res3=0 res4=0 res5=0 res6=0 res7=0 res8=0 Farm=2 Road=3 House=2 Puerperal=1 | nw=1501391.3904
  s=  157 a= 42(MANAGER:8) r= -0.5443 cum=   -210.53 v= +2.6061 top5=[a43=0.035, a11=0.029, a39=0.028, a44=0.027, a18=0.027]
    OBS: year=0 month=8 season=1 money=51608 credit=106164 people=28 busy=0 free=28 home_places=110 need_workers=10 tax_due=0 main_tax_due=0 tax_amount=7218 main_tax_amount=0 days_alive=176 stage=0 res0=0 res1=200 res2=0 res3=0 res4=0 res5=0 res6=0 res7=0 res8=0 Farm=2 Road=3 House=2 Puerperal=1 | nw=1501174.2159
  s=  158 a= 16(BUILD:CoalCut) r= -1.0010 cum=   -211.53 v= +0.1757 top5=[a43=0.038, a11=0.031, a34=0.031, a17=0.030, a44=0.029] [BUILD FAILED: CoalCut]
    OBS: year=0 month=8 season=1 money=51608 credit=106376 people=28 busy=0 free=28 home_places=110 need_workers=10 tax_due=0 main_tax_due=0 tax_amount=7218 main_tax_amount=0 days_alive=177 stage=0 res0=0 res1=200 res2=0 res3=0 res4=0 res5=0 res6=0 res7=0 res8=0 Farm=2 Road=3 House=2 Puerperal=1 | nw=1500954.3404
  s=  159 a= 34(MANAGER:0) r= -4.5000 cum=   -216.03 v= +0.2576 top5=[a43=0.038, a11=0.031, a34=0.030, a17=0.030, a44=0.029]
    OBS: year=0 month=8 season=1 money=18611 credit=106588 people=28 busy=0 free=28 home_places=110 need_workers=10 tax_due=0 main_tax_due=0 tax_amount=7218 main_tax_amount=0 days_alive=178 stage=0 res0=0 res1=200 res2=0 res3=0 res4=0 res5=0 res6=0 res7=0 res8=0 Farm=2 Road=3 House=2 Puerperal=1 | nw=1467737.4648
  s=  160 a=  1(WEEK) r= -4.2556 cum=   -220.28 v= -0.6172 top5=[a43=0.038, a11=0.034, a17=0.032, a34=0.032, a44=0.031]
    OBS: year=0 month=9 season=2 money=18611 credit=107871 people=28 busy=0 free=28 home_places=110 need_workers=10 tax_due=0 main_tax_due=0 tax_amount=7218 main_tax_amount=0 days_alive=184 stage=0 res0=0 res1=200 res2=0 res3=0 res4=0 res5=0 res6=0 res7=0 res8=0 Farm=2 Road=3 House=2 Puerperal=1 | nw=1466407.2116
  s=  161 a= 36(MANAGER:2) r= -0.1914 cum=   -220.48 v=-10.9449 top5=[a32=0.055, a11=0.048, a15=0.045, a6=0.042, a34=0.040]
    OBS: year=0 month=9 season=2 money=18375 credit=108086 people=28 busy=0 free=28 home_places=110 need_workers=10 tax_due=0 main_tax_due=0 tax_amount=7218 main_tax_amount=0 days_alive=185 stage=0 res0=0 res1=200 res2=0 res3=0 res4=0 res5=0 res6=0 res7=0 res8=0 Farm=2 Road=3 House=2 Puerperal=1 | nw=1466349.7873
  s=  162 a=  3(BUILD:Farm) r= +4.4859 cum=   -215.99 v=-10.1966 top5=[a32=0.051, a11=0.047, a15=0.041, a6=0.040, a34=0.040] [BUILD: Farm]
    OBS: year=0 month=9 season=2 money=10735 credit=108302 people=28 busy=0 free=28 home_places=110 need_workers=10 tax_due=0 main_tax_due=0 tax_amount=7638 main_tax_amount=0 days_alive=186 stage=0 res0=0 res1=200 res2=0 res3=0 res4=0 res5=0 res6=0 res7=0 res8=0 Farm=2 Garden=1 Road=3 House=2 Puerperal=1 | nw=1466124.2107
  s=  163 a= 44(MANAGER:10) r= -0.3360 cum=   -216.33 v= -7.5130 top5=[a11=0.048, a32=0.045, a34=0.043, a6=0.038, a15=0.036]
    OBS: year=0 month=9 season=2 money=10735 credit=108518 people=28 busy=0 free=28 home_places=110 need_workers=10 tax_due=0 main_tax_due=0 tax_amount=7638 main_tax_amount=0 days_alive=187 stage=0 res0=0 res1=200 res2=0 res3=0 res4=0 res5=0 res6=0 res7=0 res8=0 Farm=2 Garden=1 Road=3 House=2 Puerperal=1 | nw=1465900.3352
  s=  164 a=  2(BUILD:WaterChannel) r= -4.4200 cum=   -220.75 v= -7.0127 top5=[a11=0.046, a34=0.042, a32=0.042, a6=0.036, a15=0.033] [BUILD FAILED: WaterChannel]
    OBS: year=0 month=9 season=2 money=10735 credit=108735 people=28 busy=0 free=28 home_places=110 need_workers=10 tax_due=0 main_tax_due=0 tax_amount=7638 main_tax_amount=0 days_alive=188 stage=0 res0=0 res1=200 res2=0 res3=0 res4=0 res5=0 res6=0 res7=0 res8=0 Farm=2 Garden=1 Road=3 House=2 Puerperal=1 | nw=1465673.7586
  s=  165 a= 32(BUILD:SmallAtomStation) r= -1.0003 cum=   -221.75 v= -6.7409 top5=[a11=0.044, a34=0.042, a32=0.040, a6=0.035, a27=0.032] [BUILD FAILED: SmallAtomStation]
    OBS: year=0 month=9 season=2 money=10735 credit=108952 people=28 busy=0 free=28 home_places=110 need_workers=10 tax_due=0 main_tax_due=0 tax_amount=7638 main_tax_amount=0 days_alive=189 stage=0 res0=0 res1=200 res2=0 res3=0 res4=0 res5=0 res6=0 res7=0 res8=0 Farm=2 Garden=1 Road=3 House=2 Puerperal=1 | nw=1465448.8831
  s=  166 a= 32(BUILD:SmallAtomStation) r= -0.9999 cum=   -222.75 v= -6.5841 top5=[a11=0.043, a34=0.041, a32=0.038, a6=0.034, a12=0.033] [BUILD: SmallAtomStation]
    OBS: year=0 month=9 season=2 money=10735 credit=109169 people=28 busy=0 free=28 home_places=110 need_workers=10 tax_due=0 main_tax_due=0 tax_amount=7638 main_tax_amount=0 days_alive=190 stage=0 res0=0 res1=200 res2=0 res3=0 res4=0 res5=0 res6=0 res7=0 res8=0 Farm=2 Garden=1 Road=3 House=2 Puerperal=1 | nw=1465225.7086
  s=  167 a= 16(BUILD:CoalCut) r= -4.4341 cum=   -227.18 v= -6.5125 top5=[a11=0.042, a34=0.041, a32=0.037, a6=0.033, a12=0.033] [BUILD FAILED: CoalCut]
    OBS: year=0 month=9 season=2 money=10735 credit=109387 people=28 busy=0 free=28 home_places=110 need_workers=10 tax_due=0 main_tax_due=0 tax_amount=7638 main_tax_amount=0 days_alive=191 stage=0 res0=0 res1=200 res2=0 res3=0 res4=0 res5=0 res6=0 res7=0 res8=0 Farm=2 Garden=1 Road=3 House=2 Puerperal=1 | nw=1464999.2974
  s=  168 a= 12(BUILD:PowerStation) r= +0.0808 cum=   -227.10 v= -6.3980 top5=[a11=0.041, a34=0.040, a32=0.036, a12=0.033, a6=0.033] [BUILD: PowerStation]
    OBS: year=0 month=9 season=2 money=10335 credit=109605 people=28 busy=0 free=28 home_places=170 need_workers=10 tax_due=0 main_tax_due=0 tax_amount=7638 main_tax_amount=0 days_alive=192 stage=0 res0=0 res1=200 res2=0 res3=0 res4=0 res5=0 res6=0 res7=0 res8=0 Farm=2 Garden=1 Road=4 House=2 Puerperal=1 | nw=1464773.4219
  s=  169 a= 15(BUILD:Fish) r= -1.0178 cum=   -228.12 v= -5.9580 top5=[a34=0.043, a11=0.039, a12=0.036, a32=0.036, a27=0.035] [BUILD FAILED: Fish]
    OBS: year=0 month=9 season=2 money=10335 credit=109824 people=28 busy=0 free=28 home_places=170 need_workers=10 tax_due=0 main_tax_due=0 tax_amount=7638 main_tax_amount=0 days_alive=193 stage=0 res0=0 res1=200 res2=0 res3=0 res4=0 res5=0 res6=0 res7=0 res8=0 Farm=2 Garden=1 Road=4 House=2 Puerperal=1 | nw=1464543.7740
  s=  170 a= 19(BUILD:Mushroom) r= -4.4430 cum=   -232.56 v= -5.6166 top5=[a34=0.042, a11=0.038, a12=0.038, a32=0.035, a27=0.034] [BUILD FAILED: Mushroom]
    OBS: year=0 month=9 season=2 money=10335 credit=110043 people=28 busy=0 free=28 home_places=170 need_workers=10 tax_due=0 main_tax_due=0 tax_amount=7638 main_tax_amount=0 days_alive=194 stage=0 res0=0 res1=200 res2=0 res3=0 res4=0 res5=0 res6=0 res7=0 res8=0 Farm=2 Garden=1 Road=4 House=2 Puerperal=1 | nw=1464315.8272
  s=  171 a= 21(BUILD:BigFarm) r= -1.0050 cum=   -233.56 v= -5.4357 top5=[a34=0.041, a12=0.038, a11=0.037, a32=0.035, a27=0.033] [BUILD FAILED: BigFarm]
    OBS: year=0 month=9 season=2 money=10335 credit=110263 people=28 busy=0 free=28 home_places=170 need_workers=10 tax_due=0 main_tax_due=0 tax_amount=7638 main_tax_amount=0 days_alive=195 stage=0 res0=0 res1=200 res2=0 res3=0 res4=0 res5=0 res6=0 res7=0 res8=0 Farm=2 Garden=1 Road=4 House=2 Puerperal=1 | nw=1464085.1793
  s=  172 a= 43(MANAGER:9) r= -1.0200 cum=   -234.58 v= -5.3960 top5=[a34=0.041, a11=0.038, a12=0.038, a32=0.035, a27=0.032]
    OBS: year=0 month=9 season=2 money=10335 credit=110483 people=28 busy=0 free=28 home_places=170 need_workers=10 tax_due=0 main_tax_due=0 tax_amount=7638 main_tax_amount=0 days_alive=196 stage=0 res0=0 res1=200 res2=0 res3=0 res4=0 res5=0 res6=0 res7=0 res8=0 Farm=2 Garden=1 Road=4 House=2 Puerperal=1 | nw=1463856.6218
  s=  173 a= 19(BUILD:Mushroom) r= +1.1888 cum=   -233.40 v=-18.2571 top5=[a12=0.059, a32=0.036, a44=0.034, a40=0.033, a39=0.032] [BUILD: Mushroom]
    OBS: year=0 month=9 season=2 money=10335 credit=110703 people=28 busy=3 free=25 home_places=170 need_workers=10 tax_due=0 main_tax_due=0 tax_amount=7638 main_tax_amount=0 days_alive=197 stage=0 res0=0 res1=200 res2=0 res3=0 res4=0 res5=0 res6=0 res7=0 res8=0 Farm=2 Garden=1 Road=4 House=2 Puerperal=1 | nw=1463620.8562
  s=  174 a= 39(MANAGER:5) r= -1.0491 cum=   -234.44 v=-16.9559 top5=[a12=0.061, a32=0.036, a44=0.033, a39=0.031, a40=0.031]
    OBS: year=0 month=9 season=2 money=10335 credit=110924 people=28 busy=3 free=25 home_places=170 need_workers=10 tax_due=0 main_tax_due=0 tax_amount=7638 main_tax_amount=0 days_alive=198 stage=0 res0=0 res1=200 res2=0 res3=0 res4=0 res5=0 res6=0 res7=0 res8=0 Farm=2 Garden=1 Road=4 House=2 Puerperal=1 | nw=1463380.5902
  s=  175 a= 22(BUILD:Apiary) r= +1.1877 cum=   -233.26 v=-14.6395 top5=[a12=0.061, a32=0.035, a44=0.032, a43=0.031, a8=0.030] [BUILD: Apiary]
    OBS: year=0 month=9 season=2 money=950 credit=111145 people=28 busy=3 free=25 home_places=170 need_workers=15 tax_due=0 main_tax_due=0 tax_amount=8058 main_tax_amount=0 days_alive=199 stage=0 res0=0 res1=200 res2=0 res3=0 res4=0 res5=0 res6=0 res7=0 res8=0 Farm=2 Garden=1 Road=4 House=2 Apiary=1 Puerperal=1 | nw=1463142.1236
  s=  176 a= 28(BUILD:BigRefinary) r= -0.1571 cum=   -233.41 v=-13.6287 top5=[a12=0.061, a44=0.033, a32=0.033, a11=0.030, a25=0.030] [BUILD: BigRefinary]
    OBS: year=0 month=9 season=2 money=950 credit=111367 people=28 busy=3 free=25 home_places=170 need_workers=15 tax_due=0 main_tax_due=0 tax_amount=8058 main_tax_amount=0 days_alive=200 stage=0 res0=0 res1=200 res2=0 res3=0 res4=0 res5=0 res6=0 res7=0 res8=0 Farm=2 Garden=1 Road=4 House=2 Apiary=1 Puerperal=1 | nw=1462903.0942
  s=  177 a= 21(BUILD:BigFarm) r= -4.4716 cum=   -237.89 v=-12.4889 top5=[a12=0.060, a44=0.034, a32=0.032, a11=0.031, a25=0.030] [BUILD FAILED: BigFarm]
    OBS: year=0 month=9 season=2 money=950 credit=111589 people=28 busy=3 free=25 home_places=170 need_workers=15 tax_due=0 main_tax_due=0 tax_amount=8058 main_tax_amount=0 days_alive=201 stage=0 res0=0 res1=200 res2=0 res3=0 res4=0 res5=0 res6=0 res7=0 res8=0 Farm=2 Garden=1 Road=4 House=2 Apiary=1 Puerperal=1 | nw=1462665.7659
  s=  178 a=  3(BUILD:Farm) r= -1.0532 cum=   -238.94 v=-11.7427 top5=[a12=0.059, a44=0.034, a32=0.032, a11=0.031, a25=0.030] [BUILD FAILED: Farm]
    OBS: year=0 month=9 season=2 money=950 credit=111812 people=28 busy=3 free=25 home_places=170 need_workers=15 tax_due=0 main_tax_due=0 tax_amount=8058 main_tax_amount=0 days_alive=202 stage=0 res0=0 res1=200 res2=0 res3=0 res4=0 res5=0 res6=0 res7=0 res8=0 Farm=2 Garden=1 Road=4 House=2 Apiary=1 Puerperal=1 | nw=1462425.2010
  s=  179 a= 11(BUILD:Goldmine) r= -0.6083 cum=   -239.55 v=-11.1331 top5=[a12=0.057, a44=0.034, a11=0.032, a32=0.031, a25=0.030] [BUILD: Goldmine]
    OBS: year=0 month=9 season=2 money=950 credit=112035 people=29 busy=3 free=26 home_places=170 need_workers=15 tax_due=0 main_tax_due=0 tax_amount=8058 main_tax_amount=0 days_alive=203 stage=0 res0=0 res1=200 res2=0 res3=0 res4=0 res5=0 res6=0 res7=0 res8=0 Farm=2 Garden=1 Road=4 House=2 Apiary=1 Puerperal=1 | nw=1462185.1716
  s=  180 a=  8(BUILD:Coalmine) r= -4.4825 cum=   -244.03 v=-10.5421 top5=[a12=0.056, a44=0.033, a11=0.032, a32=0.031, a25=0.030] [BUILD FAILED: Coalmine]
    OBS: year=0 month=9 season=2 money=950 credit=112259 people=29 busy=3 free=26 home_places=170 need_workers=15 tax_due=0 main_tax_due=0 tax_amount=8058 main_tax_amount=0 days_alive=204 stage=0 res0=0 res1=200 res2=0 res3=0 res4=0 res5=0 res6=0 res7=0 res8=0 Farm=2 Garden=1 Road=4 House=2 Apiary=1 Puerperal=1 | nw=1461943.7050
  s=  181 a= 12(BUILD:PowerStation) r= -4.4703 cum=   -248.50 v=-10.1149 top5=[a12=0.055, a44=0.033, a11=0.032, a32=0.031, a25=0.030] [BUILD FAILED: PowerStation]
    OBS: year=0 month=9 season=2 money=550 credit=112483 people=28 busy=3 free=25 home_places=170 need_workers=15 tax_due=0 main_tax_due=0 tax_amount=8058 main_tax_amount=0 days_alive=205 stage=0 res0=0 res1=200 res2=0 res3=0 res4=0 res5=0 res6=0 res7=0 res8=0 Farm=2 Garden=1 Road=5 House=2 Apiary=1 Puerperal=1 | nw=1461705.5254
  s=  182 a= 33(BUILD:AtomStation) r= -1.0585 cum=   -249.56 v= -9.8469 top5=[a12=0.055, a44=0.033, a32=0.031, a11=0.030, a43=0.030] [BUILD FAILED: AtomStation]
    OBS: year=0 month=9 season=2 money=550 credit=112707 people=28 busy=3 free=25 home_places=170 need_workers=15 tax_due=0 main_tax_due=0 tax_amount=8058 main_tax_amount=0 days_alive=206 stage=0 res0=0 res1=200 res2=0 res3=0 res4=0 res5=0 res6=0 res7=0 res8=0 Farm=2 Garden=1 Road=5 House=2 Apiary=1 Puerperal=1 | nw=1461463.4248
  s=  183 a= 44(MANAGER:10) r= -4.4706 cum=   -254.03 v= -9.5051 top5=[a12=0.053, a44=0.032, a32=0.031, a11=0.030, a43=0.030]
    OBS: year=0 month=9 season=2 money=550 credit=112932 people=28 busy=3 free=25 home_places=170 need_workers=15 tax_due=0 main_tax_due=0 tax_amount=8058 main_tax_amount=0 days_alive=207 stage=0 res0=0 res1=200 res2=0 res3=0 res4=0 res5=0 res6=0 res7=0 res8=0 Farm=2 Garden=1 Road=5 House=2 Apiary=1 Puerperal=1 | nw=1461219.2571
  s=  184 a= 24(BUILD:Hothouse) r= -1.0655 cum=   -255.09 v= -9.1985 top5=[a12=0.052, a44=0.032, a32=0.031, a11=0.030, a8=0.029] [BUILD FAILED: Hothouse]
    OBS: year=0 month=9 season=2 money=550 credit=113157 people=28 busy=3 free=25 home_places=170 need_workers=15 tax_due=0 main_tax_due=0 tax_amount=8058 main_tax_amount=0 days_alive=208 stage=0 res0=0 res1=200 res2=0 res3=0 res4=0 res5=0 res6=0 res7=0 res8=0 Farm=2 Garden=1 Road=5 House=2 Apiary=1 Puerperal=1 | nw=1460974.5538
  s=  185 a= 40(MANAGER:6) r= -1.0670 cum=   -256.16 v= -8.9220 top5=[a12=0.051, a44=0.031, a32=0.031, a11=0.030, a8=0.030]
    OBS: year=0 month=9 season=2 money=550 credit=113383 people=28 busy=3 free=25 home_places=170 need_workers=15 tax_due=0 main_tax_due=0 tax_amount=8058 main_tax_amount=0 days_alive=209 stage=0 res0=0 res1=200 res2=0 res3=0 res4=0 res5=0 res6=0 res7=0 res8=0 Farm=2 Garden=1 Road=5 House=2 Apiary=1 Puerperal=1 | nw=1460730.6499
  s=  186 a=  1(WEEK) r= -4.4829 cum=   -260.64 v= -8.6803 top5=[a12=0.051, a32=0.031, a44=0.031, a8=0.030, a11=0.030]
    OBS: year=0 month=10 season=2 money=550 credit=114977 people=28 busy=3 free=25 home_places=170 need_workers=15 tax_due=0 main_tax_due=0 tax_amount=8058 main_tax_amount=0 days_alive=216 stage=0 res0=0 res1=200 res2=0 res3=0 res4=0 res5=0 res6=0 res7=0 res8=0 Farm=2 Garden=1 Road=5 House=2 Apiary=1 Puerperal=1 | nw=1459013.7496
  s=  187 a= 32(BUILD:SmallAtomStation) r= -1.0722 cum=   -261.72 v= -9.3663 top5=[a12=0.054, a44=0.033, a34=0.033, a11=0.032, a8=0.030] [BUILD FAILED: SmallAtomStation]
    OBS: year=0 month=10 season=2 money=550 credit=115206 people=28 busy=3 free=25 home_places=170 need_workers=15 tax_due=0 main_tax_due=0 tax_amount=8058 main_tax_amount=0 days_alive=217 stage=0 res0=0 res1=200 res2=0 res3=0 res4=0 res5=0 res6=0 res7=0 res8=0 Farm=2 Garden=1 Road=5 House=2 Apiary=1 Puerperal=1 | nw=1458769.4213
  s=  188 a=  6(BUILD:SmallHouse) r= -1.0835 cum=   -262.80 v= -9.1227 top5=[a12=0.054, a44=0.033, a34=0.033, a11=0.032, a8=0.030] [BUILD FAILED: SmallHouse]
    OBS: year=0 month=10 season=2 money=550 credit=115436 people=28 busy=3 free=25 home_places=170 need_workers=15 tax_due=0 main_tax_due=0 tax_amount=8058 main_tax_amount=0 days_alive=218 stage=0 res0=0 res1=200 res2=0 res3=0 res4=0 res5=0 res6=0 res7=0 res8=0 Farm=2 Garden=1 Road=5 House=2 Apiary=1 Puerperal=1 | nw=1458521.5174
  s=  189 a= 34(MANAGER:0) r= -4.4949 cum=   -267.30 v= -8.9121 top5=[a12=0.053, a34=0.033, a44=0.033, a11=0.032, a8=0.030]
    OBS: year=0 month=10 season=2 money=550 credit=115666 people=28 busy=3 free=25 home_places=170 need_workers=15 tax_due=0 main_tax_due=0 tax_amount=8058 main_tax_amount=0 days_alive=219 stage=0 res0=0 res1=200 res2=0 res3=0 res4=0 res5=0 res6=0 res7=0 res8=0 Farm=2 Garden=1 Road=5 House=2 Apiary=1 Puerperal=1 | nw=1458273.5152
  s=  190 a= 44(MANAGER:10) r= -0.4145 cum=   -267.71 v= -8.7157 top5=[a12=0.052, a34=0.033, a44=0.032, a11=0.031, a8=0.030]
    OBS: year=0 month=10 season=2 money=550 credit=115897 people=28 busy=3 free=25 home_places=170 need_workers=15 tax_due=0 main_tax_due=0 tax_amount=8058 main_tax_amount=0 days_alive=220 stage=0 res0=0 res1=200 res2=0 res3=0 res4=0 res5=0 res6=0 res7=0 res8=0 Farm=2 Garden=1 Road=5 House=2 Apiary=1 Puerperal=1 | nw=1458024.5129
  s=  191 a= 10(BUILD:Refinery) r= -1.0877 cum=   -268.80 v= -8.5364 top5=[a12=0.051, a34=0.033, a44=0.032, a11=0.031, a8=0.030] [BUILD FAILED: Refinery]
    OBS: year=0 month=10 season=2 money=550 credit=116128 people=28 busy=3 free=25 home_places=170 need_workers=15 tax_due=0 main_tax_due=0 tax_amount=8058 main_tax_amount=0 days_alive=221 stage=0 res0=0 res1=200 res2=0 res3=0 res4=0 res5=0 res6=0 res7=0 res8=0 Farm=2 Garden=1 Road=5 House=2 Apiary=1 Puerperal=1 | nw=1457776.4836
  s=  192 a= 17(BUILD:HuntingLand) r= -4.5046 cum=   -273.30 v= -8.3588 top5=[a12=0.051, a34=0.032, a44=0.032, a11=0.031, a8=0.031] [BUILD FAILED: HuntingLand]
    OBS: year=0 month=10 season=2 money=550 credit=116360 people=28 busy=3 free=25 home_places=170 need_workers=15 tax_due=0 main_tax_due=0 tax_amount=8058 main_tax_amount=0 days_alive=222 stage=0 res0=0 res1=200 res2=0 res3=0 res4=0 res5=0 res6=0 res7=0 res8=0 Farm=2 Garden=1 Road=5 House=2 Apiary=1 Puerperal=1 | nw=1457530.8396
  s=  193 a= 40(MANAGER:6) r= -1.0719 cum=   -274.37 v= -8.1778 top5=[a12=0.050, a34=0.032, a44=0.032, a11=0.031, a8=0.031]
    OBS: year=0 month=10 season=2 money=550 credit=116592 people=28 busy=3 free=25 home_places=170 need_workers=15 tax_due=0 main_tax_due=0 tax_amount=8058 main_tax_amount=0 days_alive=223 stage=0 res0=0 res1=200 res2=0 res3=0 res4=0 res5=0 res6=0 res7=0 res8=0 Farm=2 Garden=1 Road=5 House=2 Apiary=1 Puerperal=1 | nw=1457277.4520
  s=  194 a= 34(MANAGER:0) r= -0.6634 cum=   -275.04 v= -7.9781 top5=[a12=0.050, a34=0.033, a11=0.032, a44=0.032, a8=0.031]
    OBS: year=0 month=10 season=2 money=550 credit=116825 people=29 busy=3 free=26 home_places=170 need_workers=15 tax_due=0 main_tax_due=0 tax_amount=8058 main_tax_amount=0 days_alive=224 stage=0 res0=0 res1=200 res2=0 res3=0 res4=0 res5=0 res6=0 res7=0 res8=0 Farm=2 Garden=1 Road=5 House=2 Apiary=1 Puerperal=1 | nw=1457019.7326
  s=  195 a= 14(BUILD:Road) r= -4.5150 cum=   -279.55 v= -7.8138 top5=[a12=0.047, a32=0.035, a8=0.030, a27=0.030, a43=0.030] [BUILD FAILED: Road]
    OBS: year=0 month=10 season=2 money=550 credit=117058 people=29 busy=3 free=26 home_places=170 need_workers=15 tax_due=0 main_tax_due=0 tax_amount=8058 main_tax_amount=0 days_alive=225 stage=0 res0=0 res1=200 res2=0 res3=0 res4=0 res5=0 res6=0 res7=0 res8=0 Farm=2 Garden=1 Road=5 House=2 Apiary=1 Puerperal=1 | nw=1456763.1618
  s=  196 a= 42(MANAGER:8) r= -1.1082 cum=   -280.66 v= -7.7170 top5=[a12=0.046, a32=0.035, a8=0.030, a27=0.030, a43=0.030]
    OBS: year=0 month=10 season=2 money=550 credit=117292 people=29 busy=3 free=26 home_places=170 need_workers=15 tax_due=0 main_tax_due=0 tax_amount=8058 main_tax_amount=0 days_alive=226 stage=0 res0=0 res1=200 res2=0 res3=0 res4=0 res5=0 res6=0 res7=0 res8=0 Farm=2 Garden=1 Road=5 House=2 Apiary=1 Puerperal=1 | nw=1456508.3634
  s=  197 a= 29(BUILD:Puerperal) r= -1.1066 cum=   -281.77 v= -7.5922 top5=[a12=0.046, a32=0.035, a8=0.030, a27=0.030, a43=0.030] [BUILD FAILED: Puerperal]
    OBS: year=0 month=10 season=2 money=550 credit=117526 people=29 busy=3 free=26 home_places=170 need_workers=15 tax_due=0 main_tax_due=0 tax_amount=8058 main_tax_amount=0 days_alive=227 stage=0 res0=0 res1=200 res2=0 res3=0 res4=0 res5=0 res6=0 res7=0 res8=0 Farm=2 Garden=1 Road=5 House=2 Apiary=1 Puerperal=1 | nw=1456255.6865
  s=  198 a= 34(MANAGER:0) r= -4.5262 cum=   -286.29 v= -7.5130 top5=[a12=0.045, a32=0.035, a8=0.030, a43=0.030, a27=0.030]
    OBS: year=0 month=10 season=2 money=550 credit=117761 people=29 busy=3 free=26 home_places=170 need_workers=15 tax_due=0 main_tax_due=0 tax_amount=8058 main_tax_amount=0 days_alive=228 stage=0 res0=0 res1=200 res2=0 res3=0 res4=0 res5=0 res6=0 res7=0 res8=0 Farm=2 Garden=1 Road=5 House=2 Apiary=1 Puerperal=1 | nw=1456000.5179
  s=  199 a= 26(BUILD:BigSawmill) r= -0.6645 cum=   -286.96 v= -7.4404 top5=[a12=0.045, a32=0.035, a8=0.030, a43=0.030, a27=0.030] [BUILD: BigSawmill]
    OBS: year=0 month=10 season=2 money=550 credit=117996 people=30 busy=3 free=27 home_places=170 need_workers=15 tax_due=0 main_tax_due=0 tax_amount=8058 main_tax_amount=0 days_alive=229 stage=0 res0=0 res1=200 res2=0 res3=0 res4=0 res5=0 res6=0 res7=0 res8=0 Farm=2 Garden=1 Road=5 House=2 Apiary=1 Puerperal=1 | nw=1455744.1838
  s=  200 a= 14(BUILD:Road) r= -1.1218 cum=   -288.08 v= -7.3812 top5=[a12=0.044, a32=0.034, a8=0.030, a43=0.030, a27=0.030] [BUILD FAILED: Road]
    OBS: year=0 month=10 season=2 money=550 credit=118231 people=30 busy=3 free=27 home_places=170 need_workers=15 tax_due=0 main_tax_due=0 tax_amount=8058 main_tax_amount=0 days_alive=230 stage=0 res0=0 res1=200 res2=0 res3=0 res4=0 res5=0 res6=0 res7=0 res8=0 Farm=2 Garden=1 Road=5 House=2 Apiary=1 Puerperal=1 | nw=1455486.5860
  s=  201 a=  4(BUILD:Garden) r= -4.5360 cum=   -292.62 v= -7.3137 top5=[a12=0.044, a32=0.034, a43=0.031, a8=0.030, a27=0.030] [BUILD FAILED: Garden]
    OBS: year=0 month=10 season=2 money=550 credit=118467 people=30 busy=3 free=27 home_places=170 need_workers=15 tax_due=0 main_tax_due=0 tax_amount=8058 main_tax_amount=0 days_alive=231 stage=0 res0=0 res1=200 res2=0 res3=0 res4=0 res5=0 res6=0 res7=0 res8=0 Farm=2 Garden=1 Road=5 House=2 Apiary=1 Puerperal=1 | nw=1455227.9881
  s=  202 a= 26(BUILD:BigSawmill) r= -1.1175 cum=   -293.73 v= -7.2521 top5=[a12=0.043, a32=0.034, a43=0.031, a8=0.030, a27=0.030] [BUILD FAILED: BigSawmill]
    OBS: year=0 month=10 season=2 money=550 credit=118703 people=30 busy=3 free=27 home_places=170 need_workers=15 tax_due=0 main_tax_due=0 tax_amount=8058 main_tax_amount=0 days_alive=232 stage=0 res0=0 res1=200 res2=0 res3=0 res4=0 res5=0 res6=0 res7=0 res8=0 Farm=2 Garden=1 Road=5 House=2 Apiary=1 Puerperal=1 | nw=1454972.7924
  s=  203 a= 15(BUILD:Fish) r= -1.1278 cum=   -294.86 v= -7.1937 top5=[a12=0.043, a32=0.034, a43=0.031, a8=0.030, a27=0.029] [BUILD FAILED: Fish]
    OBS: year=0 month=10 season=2 money=550 credit=118940 people=30 busy=3 free=27 home_places=170 need_workers=15 tax_due=0 main_tax_due=0 tax_amount=8058 main_tax_amount=0 days_alive=233 stage=0 res0=0 res1=200 res2=0 res3=0 res4=0 res5=0 res6=0 res7=0 res8=0 Farm=2 Garden=1 Road=5 House=2 Apiary=1 Puerperal=1 | nw=1454714.4584
  s=  204 a= 28(BUILD:BigRefinary) r= -4.5468 cum=   -299.41 v= -7.1340 top5=[a12=0.043, a32=0.034, a43=0.031, a8=0.030, a27=0.029] [BUILD FAILED: BigRefinary]
    OBS: year=0 month=10 season=2 money=550 credit=119177 people=30 busy=3 free=27 home_places=170 need_workers=15 tax_due=0 main_tax_due=0 tax_amount=8058 main_tax_amount=0 days_alive=234 stage=0 res0=0 res1=200 res2=0 res3=0 res4=0 res5=0 res6=0 res7=0 res8=0 Farm=2 Garden=1 Road=5 House=2 Apiary=1 Puerperal=1 | nw=1454456.5616
  s=  205 a= 39(MANAGER:5) r= -1.1372 cum=   -300.54 v= -7.0480 top5=[a12=0.042, a32=0.034, a43=0.031, a8=0.030, a27=0.029]
    OBS: year=0 month=10 season=2 money=550 credit=119415 people=30 busy=3 free=27 home_places=170 need_workers=15 tax_due=0 main_tax_due=0 tax_amount=8058 main_tax_amount=0 days_alive=235 stage=0 res0=0 res1=200 res2=0 res3=0 res4=0 res5=0 res6=0 res7=0 res8=0 Farm=2 Garden=1 Road=5 House=2 Apiary=1 Puerperal=1 | nw=1454194.5535
  s=  206 a=  8(BUILD:Coalmine) r= -1.1394 cum=   -301.68 v= -6.9653 top5=[a12=0.042, a32=0.034, a43=0.031, a8=0.030, a27=0.029] [BUILD FAILED: Coalmine]
    OBS: year=0 month=10 season=2 money=550 credit=119653 people=30 busy=3 free=27 home_places=170 need_workers=15 tax_due=0 main_tax_due=0 tax_amount=8058 main_tax_amount=0 days_alive=236 stage=0 res0=0 res1=200 res2=0 res3=0 res4=0 res5=0 res6=0 res7=0 res8=0 Farm=2 Garden=1 Road=5 House=2 Apiary=1 Puerperal=1 | nw=1453932.9828
  s=  207 a= 27(BUILD:WaterMill) r= -4.5573 cum=   -306.24 v= -6.8886 top5=[a12=0.041, a32=0.034, a43=0.031, a8=0.030, a27=0.029] [BUILD FAILED: WaterMill]
    OBS: year=0 month=10 season=2 money=550 credit=119892 people=30 busy=3 free=27 home_places=170 need_workers=15 tax_due=0 main_tax_due=0 tax_amount=8058 main_tax_amount=0 days_alive=237 stage=0 res0=0 res1=200 res2=0 res3=0 res4=0 res5=0 res6=0 res7=0 res8=0 Farm=2 Garden=1 Road=5 House=2 Apiary=1 Puerperal=1 | nw=1453674.9749
  s=  208 a=  3(BUILD:Farm) r= -1.1437 cum=   -307.39 v= -6.8424 top5=[a12=0.041, a32=0.034, a43=0.031, a8=0.030, a27=0.029] [BUILD FAILED: Farm]
    OBS: year=0 month=10 season=2 money=550 credit=120131 people=30 busy=3 free=27 home_places=170 need_workers=15 tax_due=0 main_tax_due=0 tax_amount=8058 main_tax_amount=0 days_alive=238 stage=0 res0=0 res1=200 res2=0 res3=0 res4=0 res5=0 res6=0 res7=0 res8=0 Farm=2 Garden=1 Road=5 House=2 Apiary=1 Puerperal=1 | nw=1453411.9836
  s=  209 a=  5(BUILD:House) r= -1.1405 cum=   -308.53 v= -6.8092 top5=[a12=0.040, a32=0.034, a43=0.031, a8=0.030, a27=0.029] [BUILD FAILED: House]
    OBS: year=0 month=10 season=2 money=550 credit=120371 people=30 busy=3 free=27 home_places=170 need_workers=15 tax_due=0 main_tax_due=0 tax_amount=8058 main_tax_amount=0 days_alive=239 stage=0 res0=0 res1=200 res2=0 res3=0 res4=0 res5=0 res6=0 res7=0 res8=0 Farm=2 Garden=1 Road=5 House=2 Apiary=1 Puerperal=1 | nw=1453151.8150
  s=  210 a= 11(BUILD:Goldmine) r= -4.5676 cum=   -313.09 v= -6.7657 top5=[a12=0.040, a32=0.034, a43=0.031, a8=0.030, a25=0.029] [BUILD FAILED: Goldmine]
    OBS: year=0 month=10 season=2 money=550 credit=120611 people=30 busy=3 free=27 home_places=170 need_workers=15 tax_due=0 main_tax_due=0 tax_amount=8058 main_tax_amount=0 days_alive=240 stage=0 res0=0 res1=200 res2=0 res3=0 res4=0 res5=0 res6=0 res7=0 res8=0 Farm=2 Garden=1 Road=5 House=2 Apiary=1 Puerperal=1 | nw=1452891.0166
  s=  211 a=  2(BUILD:WaterChannel) r= -1.1509 cum=   -314.24 v= -6.7112 top5=[a12=0.040, a32=0.034, a43=0.031, a8=0.030, a25=0.029] [BUILD FAILED: WaterChannel]
    OBS: year=0 month=10 season=2 money=550 credit=120852 people=30 busy=3 free=27 home_places=170 need_workers=15 tax_due=0 main_tax_due=0 tax_amount=8058 main_tax_amount=0 days_alive=241 stage=0 res0=0 res1=200 res2=0 res3=0 res4=0 res5=0 res6=0 res7=0 res8=0 Farm=2 Garden=1 Road=5 House=2 Apiary=1 Puerperal=1 | nw=1452626.7488
  s=  212 a= 29(BUILD:Puerperal) r= -1.1486 cum=   -315.39 v= -6.6667 top5=[a12=0.039, a32=0.034, a43=0.032, a8=0.030, a25=0.029] [BUILD FAILED: Puerperal]
    OBS: year=0 month=10 season=2 money=550 credit=121093 people=30 busy=3 free=27 home_places=170 need_workers=15 tax_due=0 main_tax_due=0 tax_amount=8058 main_tax_amount=0 days_alive=242 stage=0 res0=0 res1=200 res2=0 res3=0 res4=0 res5=0 res6=0 res7=0 res8=0 Farm=2 Garden=1 Road=5 House=2 Apiary=1 Puerperal=1 | nw=1452364.8520
  s=  213 a= 18(BUILD:CowFarm) r= -4.5777 cum=   -319.97 v= -6.6343 top5=[a12=0.039, a32=0.034, a43=0.032, a8=0.030, a25=0.029] [BUILD FAILED: CowFarm]
    OBS: year=0 month=10 season=2 money=550 credit=121335 people=30 busy=3 free=27 home_places=170 need_workers=15 tax_due=0 main_tax_due=0 tax_amount=8058 main_tax_amount=0 days_alive=243 stage=0 res0=0 res1=200 res2=0 res3=0 res4=0 res5=0 res6=0 res7=0 res8=0 Farm=2 Garden=1 Road=5 House=2 Apiary=1 Puerperal=1 | nw=1452105.3406
  s=  214 a= 40(MANAGER:6) r= -1.1568 cum=   -321.13 v= -6.6301 top5=[a12=0.038, a32=0.034, a43=0.032, a8=0.030, a25=0.029]
    OBS: year=0 month=10 season=2 money=550 credit=121577 people=30 busy=3 free=27 home_places=170 need_workers=15 tax_due=0 main_tax_due=0 tax_amount=8058 main_tax_amount=0 days_alive=244 stage=0 res0=0 res1=200 res2=0 res3=0 res4=0 res5=0 res6=0 res7=0 res8=0 Farm=2 Garden=1 Road=5 House=2 Apiary=1 Puerperal=1 | nw=1451840.3055
  s=  215 a= 39(MANAGER:5) r= -1.1545 cum=   -322.28 v= -6.6315 top5=[a12=0.038, a32=0.034, a43=0.032, a8=0.030, a25=0.030]
    OBS: year=0 month=11 season=2 money=550 credit=121820 people=30 busy=3 free=27 home_places=170 need_workers=15 tax_due=0 main_tax_due=0 tax_amount=8058 main_tax_amount=0 days_alive=245 stage=0 res0=0 res1=200 res2=0 res3=0 res4=0 res5=0 res6=0 res7=0 res8=0 Farm=2 Garden=1 Road=5 House=2 Apiary=1 Puerperal=1 | nw=1451577.6725
  s=  216 a=  1(WEEK) r= -4.5876 cum=   -326.87 v= -6.7417 top5=[a12=0.045, a32=0.031, a34=0.031, a8=0.030, a44=0.029]
    OBS: year=0 month=11 season=2 money=550 credit=123533 people=30 busy=3 free=27 home_places=170 need_workers=15 tax_due=0 main_tax_due=0 tax_amount=8058 main_tax_amount=0 days_alive=252 stage=0 res0=0 res1=200 res2=0 res3=0 res4=0 res5=0 res6=0 res7=0 res8=0 Farm=2 Garden=1 Road=5 House=2 Apiary=1 Puerperal=1 | nw=1449702.9011
  s=  217 a= 43(MANAGER:9) r= -1.1664 cum=   -328.04 v= -6.5402 top5=[a12=0.043, a32=0.032, a8=0.031, a34=0.030, a11=0.029]
    OBS: year=0 month=11 season=2 money=550 credit=123780 people=30 busy=3 free=27 home_places=170 need_workers=15 tax_due=0 main_tax_due=0 tax_amount=8058 main_tax_amount=0 days_alive=253 stage=0 res0=0 res1=200 res2=0 res3=0 res4=0 res5=0 res6=0 res7=0 res8=0 Farm=2 Garden=1 Road=5 House=2 Apiary=1 Puerperal=1 | nw=1449436.9916
  s=  218 a= 36(MANAGER:2) r= -0.1285 cum=   -328.16 v= -6.4781 top5=[a12=0.042, a32=0.032, a8=0.031, a34=0.030, a11=0.029]
    OBS: year=0 month=11 season=2 money=0 credit=124027 people=30 busy=3 free=27 home_places=170 need_workers=15 tax_due=0 main_tax_due=0 tax_amount=8058 main_tax_amount=0 days_alive=254 stage=0 res0=0 res1=200 res2=0 res3=0 res4=0 res5=0 res6=0 res7=0 res8=0 Farm=2 Garden=1 Road=5 House=2 Apiary=1 Puerperal=1 | nw=1449424.9843
  s=  219 a= 25(BUILD:SuperHouse) r= -4.5934 cum=   -332.76 v= -6.4568 top5=[a12=0.042, a32=0.032, a8=0.031, a34=0.030, a27=0.029] [BUILD FAILED: SuperHouse]
    OBS: year=0 month=11 season=2 money=0 credit=124275 people=30 busy=3 free=27 home_places=170 need_workers=15 tax_due=0 main_tax_due=0 tax_amount=8058 main_tax_amount=0 days_alive=255 stage=0 res0=0 res1=200 res2=0 res3=0 res4=0 res5=0 res6=0 res7=0 res8=0 Farm=2 Garden=1 Road=5 House=2 Apiary=1 Puerperal=1 | nw=1449157.3513
  s=  220 a= 15(BUILD:Fish) r= -1.1826 cum=   -333.94 v= -6.4011 top5=[a12=0.042, a32=0.032, a8=0.031, a34=0.030, a27=0.029] [BUILD FAILED: Fish]
    OBS: year=0 month=11 season=2 money=0 credit=124523 people=30 busy=3 free=27 home_places=170 need_workers=15 tax_due=0 main_tax_due=0 tax_amount=8058 main_tax_amount=0 days_alive=256 stage=0 res0=0 res1=200 res2=0 res3=0 res4=0 res5=0 res6=0 res7=0 res8=0 Farm=2 Garden=1 Road=5 House=2 Apiary=1 Puerperal=1 | nw=1448885.7806
  s=  221 a= 23(BUILD:Torchlight) r= -1.1829 cum=   -335.12 v= -6.3506 top5=[a12=0.041, a32=0.032, a8=0.031, a34=0.030, a27=0.029] [BUILD FAILED: Torchlight]
    OBS: year=0 month=11 season=2 money=0 credit=124772 people=30 busy=3 free=27 home_places=170 need_workers=15 tax_due=0 main_tax_due=0 tax_amount=8058 main_tax_amount=0 days_alive=257 stage=0 res0=0 res1=200 res2=0 res3=0 res4=0 res5=0 res6=0 res7=0 res8=0 Farm=2 Garden=1 Road=5 House=2 Apiary=1 Puerperal=1 | nw=1448615.4465
  s=  222 a= 25(BUILD:SuperHouse) r= -4.6030 cum=   -339.73 v= -6.3000 top5=[a12=0.041, a32=0.032, a8=0.031, a34=0.029, a27=0.029] [BUILD FAILED: SuperHouse]
    OBS: year=0 month=11 season=2 money=0 credit=125021 people=30 busy=3 free=27 home_places=170 need_workers=15 tax_due=0 main_tax_due=0 tax_amount=8058 main_tax_amount=0 days_alive=258 stage=0 res0=0 res1=200 res2=0 res3=0 res4=0 res5=0 res6=0 res7=0 res8=0 Farm=2 Garden=1 Road=5 House=2 Apiary=1 Puerperal=1 | nw=1448344.6752
  s=  223 a=  1(WEEK) r= -4.5924 cum=   -344.32 v= -6.2503 top5=[a12=0.040, a32=0.032, a8=0.031, a34=0.029, a27=0.029]
    OBS: year=0 month=11 season=2 money=0 credit=126780 people=30 busy=3 free=27 home_places=170 need_workers=15 tax_due=0 main_tax_due=0 tax_amount=8058 main_tax_amount=0 days_alive=265 stage=0 res0=0 res1=200 res2=0 res3=0 res4=0 res5=0 res6=0 res7=0 res8=0 Farm=2 Garden=1 Road=5 House=2 Apiary=1 Puerperal=1 | nw=1446423.7314
  s=  224 a= 25(BUILD:SuperHouse) r= -1.1955 cum=   -345.51 v= -6.5051 top5=[a12=0.039, a32=0.033, a8=0.031, a43=0.030, a27=0.029] [BUILD FAILED: SuperHouse]
    OBS: year=0 month=11 season=2 money=0 credit=127033 people=30 busy=3 free=27 home_places=170 need_workers=15 tax_due=0 main_tax_due=0 tax_amount=8058 main_tax_amount=0 days_alive=266 stage=0 res0=0 res1=200 res2=0 res3=0 res4=0 res5=0 res6=0 res7=0 res8=0 Farm=2 Garden=1 Road=5 House=2 Apiary=1 Puerperal=1 | nw=1446148.9600
  s=  225 a= 30(BUILD:BigIronmine) r= -4.5922 cum=   -350.11 v= -6.4863 top5=[a12=0.039, a32=0.033, a8=0.031, a43=0.030, a27=0.029] [BUILD FAILED: BigIronmine]
    OBS: year=0 month=11 season=2 money=0 credit=127287 people=30 busy=3 free=27 home_places=170 need_workers=15 tax_due=0 main_tax_due=0 tax_amount=8058 main_tax_amount=0 days_alive=267 stage=0 res0=0 res1=200 res2=0 res3=0 res4=0 res5=0 res6=0 res7=0 res8=0 Farm=2 Garden=1 Road=5 House=2 Apiary=1 Puerperal=1 | nw=1445871.6923
  s=  226 a= 28(BUILD:BigRefinary) r= -1.2002 cum=   -351.31 v= -6.4696 top5=[a12=0.038, a32=0.033, a8=0.031, a43=0.030, a27=0.029] [BUILD FAILED: BigRefinary]
    OBS: year=0 month=11 season=2 money=0 credit=127541 people=30 busy=3 free=27 home_places=170 need_workers=15 tax_due=0 main_tax_due=0 tax_amount=8058 main_tax_amount=0 days_alive=268 stage=0 res0=0 res1=200 res2=0 res3=0 res4=0 res5=0 res6=0 res7=0 res8=0 Farm=2 Garden=1 Road=5 House=2 Apiary=1 Puerperal=1 | nw=1445595.3853
  s=  227 a= 17(BUILD:HuntingLand) r= -1.2074 cum=   -352.51 v= -6.4593 top5=[a12=0.038, a32=0.033, a8=0.030, a43=0.030, a27=0.029] [BUILD FAILED: HuntingLand]
    OBS: year=0 month=11 season=2 money=0 credit=127796 people=30 busy=3 free=27 home_places=170 need_workers=15 tax_due=0 main_tax_due=0 tax_amount=8058 main_tax_amount=0 days_alive=269 stage=0 res0=0 res1=200 res2=0 res3=0 res4=0 res5=0 res6=0 res7=0 res8=0 Farm=2 Garden=1 Road=5 House=2 Apiary=1 Puerperal=1 | nw=1445317.3502
  s=  228 a=  4(BUILD:Garden) r= -4.6020 cum=   -357.12 v= -6.4600 top5=[a12=0.038, a32=0.033, a8=0.030, a43=0.030, a27=0.028] [BUILD FAILED: Garden]
    OBS: year=0 month=11 season=2 money=0 credit=128051 people=30 busy=3 free=27 home_places=170 need_workers=15 tax_due=0 main_tax_due=0 tax_amount=8058 main_tax_amount=0 days_alive=270 stage=0 res0=0 res1=200 res2=0 res3=0 res4=0 res5=0 res6=0 res7=0 res8=0 Farm=2 Garden=1 Road=5 House=2 Apiary=1 Puerperal=1 | nw=1445039.7523
  s=  229 a= 28(BUILD:BigRefinary) r= -0.7477 cum=   -357.86 v= -6.4661 top5=[a12=0.038, a32=0.033, a8=0.030, a43=0.030, a25=0.028] [BUILD: BigRefinary]
    OBS: year=0 month=11 season=2 money=0 credit=128307 people=31 busy=3 free=28 home_places=170 need_workers=15 tax_due=0 main_tax_due=0 tax_amount=8058 main_tax_amount=0 days_alive=271 stage=0 res0=0 res1=200 res2=0 res3=0 res4=0 res5=0 res6=0 res7=0 res8=0 Farm=2 Garden=1 Road=5 House=2 Apiary=1 Puerperal=1 | nw=1444762.4183
  s=  230 a=  9(BUILD:Ironmine) r= -1.2110 cum=   -359.07 v= -6.4671 top5=[a12=0.037, a32=0.033, a43=0.031, a8=0.030, a25=0.029] [BUILD FAILED: Ironmine]
    OBS: year=0 month=11 season=2 money=0 credit=128563 people=31 busy=3 free=28 home_places=170 need_workers=15 tax_due=0 main_tax_due=0 tax_amount=8058 main_tax_amount=0 days_alive=272 stage=0 res0=0 res1=200 res2=0 res3=0 res4=0 res5=0 res6=0 res7=0 res8=0 Farm=2 Garden=1 Road=5 House=2 Apiary=1 Puerperal=1 | nw=1444484.5486
  s=  231 a= 41(MANAGER:7) r= -4.6105 cum=   -363.69 v= -6.4965 top5=[a12=0.037, a32=0.033, a43=0.031, a8=0.030, a25=0.029]
    OBS: year=0 month=11 season=2 money=0 credit=128820 people=31 busy=3 free=28 home_places=170 need_workers=15 tax_due=0 main_tax_due=0 tax_amount=8058 main_tax_amount=0 days_alive=273 stage=0 res0=0 res1=200 res2=0 res3=0 res4=0 res5=0 res6=0 res7=0 res8=0 Farm=2 Garden=1 Road=5 House=2 Apiary=1 Puerperal=1 | nw=1444206.2145
  s=  232 a=  0(DAY) r= -0.7522 cum=   -364.44 v= -6.5201 top5=[a12=0.037, a32=0.033, a43=0.031, a8=0.030, a25=0.029]
    OBS: year=0 month=11 season=2 money=0 credit=129077 people=31 busy=3 free=28 home_places=170 need_workers=15 tax_due=0 main_tax_due=0 tax_amount=8058 main_tax_amount=0 days_alive=274 stage=0 res0=0 res1=200 res2=0 res3=0 res4=0 res5=0 res6=0 res7=0 res8=0 Farm=2 Garden=1 Road=5 House=2 Apiary=1 Puerperal=1 | nw=1443928.3177
  s=  233 a= 28(BUILD:BigRefinary) r= -1.2184 cum=   -365.66 v= -6.5320 top5=[a12=0.037, a32=0.033, a43=0.031, a8=0.030, a25=0.029] [BUILD FAILED: BigRefinary]
    OBS: year=0 month=12 season=3 money=0 credit=129335 people=31 busy=3 free=28 home_places=170 need_workers=3 tax_due=0 main_tax_due=0 tax_amount=8058 main_tax_amount=0 days_alive=275 stage=0 res0=0 res1=200 res2=0 res3=0 res4=0 res5=0 res6=0 res7=0 res8=0 Farm=2 Garden=1 Road=5 House=2 Apiary=1 Puerperal=1 | nw=1443648.9837
  s=  234 a= 12(BUILD:PowerStation) r= -4.6188 cum=   -370.27 v=-17.5289 top5=[a12=0.069, a32=0.061, a39=0.049, a8=0.044, a43=0.042] [BUILD FAILED: PowerStation]
    OBS: year=0 month=12 season=3 money=0 credit=129593 people=31 busy=3 free=28 home_places=170 need_workers=3 tax_due=0 main_tax_due=0 tax_amount=8058 main_tax_amount=0 days_alive=276 stage=0 res0=0 res1=200 res2=0 res3=0 res4=0 res5=0 res6=0 res7=0 res8=0 Farm=2 Garden=1 Road=5 House=2 Apiary=1 Puerperal=1 | nw=1443361.6565
  s=  235 a=  8(BUILD:Coalmine) r= -1.2356 cum=   -371.51 v=-15.7670 top5=[a12=0.098, a32=0.064, a11=0.044, a8=0.041, a39=0.041] [BUILD FAILED: Coalmine]
    OBS: year=0 month=12 season=3 money=0 credit=129852 people=31 busy=3 free=28 home_places=170 need_workers=3 tax_due=0 main_tax_due=0 tax_amount=8058 main_tax_amount=0 days_alive=277 stage=0 res0=0 res1=200 res2=0 res3=0 res4=0 res5=0 res6=0 res7=0 res8=0 Farm=2 Garden=1 Road=5 House=2 Apiary=1 Puerperal=1 | nw=1443075.3615
  s=  236 a= 17(BUILD:HuntingLand) r= -1.2213 cum=   -372.73 v=-15.2574 top5=[a12=0.094, a32=0.059, a11=0.041, a43=0.040, a39=0.039] [BUILD FAILED: HuntingLand]
    OBS: year=0 month=12 season=3 money=0 credit=130111 people=31 busy=3 free=28 home_places=170 need_workers=3 tax_due=0 main_tax_due=0 tax_amount=8058 main_tax_amount=0 days_alive=278 stage=0 res0=0 res1=200 res2=0 res3=0 res4=0 res5=0 res6=0 res7=0 res8=0 Farm=2 Garden=1 Road=5 House=2 Apiary=1 Puerperal=1 | nw=1442796.6134
  s=  237 a=  2(BUILD:WaterChannel) r= -4.6280 cum=   -377.36 v=-14.8206 top5=[a12=0.091, a32=0.055, a43=0.039, a11=0.039, a39=0.038] [BUILD FAILED: WaterChannel]
    OBS: year=0 month=12 season=3 money=0 credit=130371 people=31 busy=3 free=28 home_places=170 need_workers=3 tax_due=0 main_tax_due=0 tax_amount=8058 main_tax_amount=0 days_alive=279 stage=0 res0=0 res1=200 res2=0 res3=0 res4=0 res5=0 res6=0 res7=0 res8=0 Farm=2 Garden=1 Road=5 House=2 Apiary=1 Puerperal=1 | nw=1442513.4799
  s=  238 a= 12(BUILD:PowerStation) r= -1.2323 cum=   -378.59 v=-14.4247 top5=[a12=0.089, a32=0.052, a43=0.038, a11=0.038, a8=0.037] [BUILD FAILED: PowerStation]
    OBS: year=0 month=12 season=3 money=0 credit=130631 people=31 busy=3 free=28 home_places=170 need_workers=3 tax_due=0 main_tax_due=0 tax_amount=8058 main_tax_amount=0 days_alive=280 stage=0 res0=0 res1=200 res2=0 res3=0 res4=0 res5=0 res6=0 res7=0 res8=0 Farm=2 Garden=1 Road=5 House=2 Apiary=1 Puerperal=1 | nw=1442230.4448
  s=  239 a= 35(MANAGER:1) r= -1.2338 cum=   -379.83 v=-14.0733 top5=[a12=0.086, a32=0.050, a43=0.038, a11=0.037, a8=0.036]
    OBS: year=0 month=12 season=3 money=0 credit=130892 people=31 busy=3 free=28 home_places=170 need_workers=3 tax_due=0 main_tax_due=0 tax_amount=8058 main_tax_amount=0 days_alive=281 stage=0 res0=0 res1=200 res2=0 res3=0 res4=0 res5=0 res6=0 res7=0 res8=0 Farm=2 Garden=1 Road=5 House=2 Apiary=1 Puerperal=1 | nw=1441948.1107
  s=  240 a= 12(BUILD:PowerStation) r= -4.6370 cum=   -384.46 v=-13.7506 top5=[a12=0.084, a32=0.049, a43=0.038, a11=0.036, a8=0.035] [BUILD FAILED: PowerStation]
    OBS: year=0 month=12 season=3 money=0 credit=131153 people=31 busy=3 free=28 home_places=170 need_workers=3 tax_due=0 main_tax_due=0 tax_amount=8058 main_tax_amount=0 days_alive=282 stage=0 res0=0 res1=200 res2=0 res3=0 res4=0 res5=0 res6=0 res7=0 res8=0 Farm=2 Garden=1 Road=5 House=2 Apiary=1 Puerperal=1 | nw=1441663.8429
  s=  241 a=  8(BUILD:Coalmine) r= -1.2380 cum=   -385.70 v=-13.4519 top5=[a12=0.082, a32=0.047, a43=0.038, a11=0.036, a8=0.034] [BUILD FAILED: Coalmine]
    OBS: year=0 month=12 season=3 money=0 credit=131415 people=31 busy=3 free=28 home_places=170 need_workers=3 tax_due=0 main_tax_due=0 tax_amount=8058 main_tax_amount=0 days_alive=283 stage=0 res0=0 res1=200 res2=0 res3=0 res4=0 res5=0 res6=0 res7=0 res8=0 Farm=2 Garden=1 Road=5 House=2 Apiary=1 Puerperal=1 | nw=1441380.1778
  s=  242 a= 14(BUILD:Road) r= -1.2418 cum=   -386.94 v=-13.1687 top5=[a12=0.080, a32=0.046, a43=0.038, a11=0.036, a8=0.034] [BUILD FAILED: Road]
    OBS: year=0 month=12 season=3 money=0 credit=131677 people=31 busy=3 free=28 home_places=170 need_workers=3 tax_due=0 main_tax_due=0 tax_amount=8058 main_tax_amount=0 days_alive=284 stage=0 res0=0 res1=200 res2=0 res3=0 res4=0 res5=0 res6=0 res7=0 res8=0 Farm=2 Garden=1 Road=5 House=2 Apiary=1 Puerperal=1 | nw=1441096.2098
  s=  243 a= 44(MANAGER:10) r= -4.6459 cum=   -391.59 v=-12.8833 top5=[a12=0.078, a32=0.045, a43=0.037, a11=0.035, a8=0.033]
    OBS: year=0 month=12 season=3 money=0 credit=131940 people=31 busy=3 free=28 home_places=170 need_workers=3 tax_due=0 main_tax_due=0 tax_amount=8058 main_tax_amount=0 days_alive=285 stage=0 res0=0 res1=200 res2=0 res3=0 res4=0 res5=0 res6=0 res7=0 res8=0 Farm=2 Garden=1 Road=5 House=2 Apiary=1 Puerperal=1 | nw=1440807.9380
  s=  244 a= 43(MANAGER:9) r= -1.2524 cum=   -392.84 v=-12.6034 top5=[a12=0.076, a32=0.044, a43=0.037, a11=0.035, a8=0.033]
    OBS: year=0 month=12 season=3 money=0 credit=132203 people=31 busy=3 free=28 home_places=170 need_workers=3 tax_due=0 main_tax_due=0 tax_amount=8058 main_tax_amount=0 days_alive=286 stage=0 res0=0 res1=200 res2=0 res3=0 res4=0 res5=0 res6=0 res7=0 res8=0 Farm=2 Garden=1 Road=5 House=2 Apiary=1 Puerperal=1 | nw=1440519.8707
  s=  245 a= 12(BUILD:PowerStation) r= -1.2589 cum=   -394.10 v=-12.3883 top5=[a12=0.075, a32=0.044, a43=0.037, a11=0.035, a8=0.032] [BUILD FAILED: PowerStation]
    OBS: year=0 month=12 season=3 money=0 credit=132467 people=31 busy=3 free=28 home_places=170 need_workers=3 tax_due=0 main_tax_due=0 tax_amount=8058 main_tax_amount=0 days_alive=287 stage=0 res0=0 res1=200 res2=0 res3=0 res4=0 res5=0 res6=0 res7=0 res8=0 Farm=2 Garden=1 Road=5 House=2 Apiary=1 Puerperal=1 | nw=1440230.3663
  s=  246 a= 39(MANAGER:5) r= -4.6546 cum=   -398.75 v=-12.2398 top5=[a12=0.073, a32=0.043, a43=0.037, a11=0.035, a8=0.032]
    OBS: year=0 month=12 season=3 money=0 credit=132731 people=31 busy=3 free=28 home_places=170 need_workers=3 tax_due=0 main_tax_due=0 tax_amount=8058 main_tax_amount=0 days_alive=288 stage=0 res0=0 res1=200 res2=0 res3=0 res4=0 res5=0 res6=0 res7=0 res8=0 Farm=2 Garden=1 Road=5 House=2 Apiary=1 Puerperal=1 | nw=1439939.0712
  s=  247 a= 44(MANAGER:10) r= -0.5615 cum=   -399.32 v=-12.0782 top5=[a12=0.071, a32=0.042, a43=0.037, a11=0.035, a8=0.032]
    OBS: year=0 month=12 season=3 money=0 credit=132996 people=31 busy=3 free=28 home_places=170 need_workers=3 tax_due=0 main_tax_due=0 tax_amount=8058 main_tax_amount=0 days_alive=289 stage=0 res0=0 res1=200 res2=0 res3=0 res4=0 res5=0 res6=0 res7=0 res8=0 Farm=2 Garden=1 Road=5 House=2 Apiary=1 Puerperal=1 | nw=1439650.3126
  s=  248 a=  8(BUILD:Coalmine) r= -1.2546 cum=   -400.57 v=-11.9134 top5=[a12=0.070, a32=0.042, a43=0.037, a11=0.035, a8=0.031] [BUILD FAILED: Coalmine]
    OBS: year=0 month=12 season=3 money=0 credit=133261 people=31 busy=3 free=28 home_places=170 need_workers=3 tax_due=0 main_tax_due=0 tax_amount=8058 main_tax_amount=0 days_alive=290 stage=0 res0=0 res1=200 res2=0 res3=0 res4=0 res5=0 res6=0 res7=0 res8=0 Farm=2 Garden=1 Road=5 House=2 Apiary=1 Puerperal=1 | nw=1439364.2112
  s=  249 a= 19(BUILD:Mushroom) r= -4.6613 cum=   -405.23 v=-11.7478 top5=[a12=0.068, a32=0.041, a43=0.037, a11=0.035, a30=0.031] [BUILD FAILED: Mushroom]
    OBS: year=0 month=12 season=3 money=0 credit=133527 people=31 busy=3 free=28 home_places=170 need_workers=3 tax_due=0 main_tax_due=0 tax_amount=8058 main_tax_amount=0 days_alive=291 stage=0 res0=0 res1=200 res2=0 res3=0 res4=0 res5=0 res6=0 res7=0 res8=0 Farm=2 Garden=1 Road=5 House=2 Apiary=1 Puerperal=1 | nw=1439080.6998
  s=  250 a= 11(BUILD:Goldmine) r= -1.2609 cum=   -406.49 v=-11.6205 top5=[a12=0.067, a32=0.041, a43=0.037, a11=0.036, a30=0.032] [BUILD FAILED: Goldmine]
    OBS: year=0 month=12 season=3 money=0 credit=133794 people=31 busy=3 free=28 home_places=170 need_workers=3 tax_due=0 main_tax_due=0 tax_amount=8058 main_tax_amount=0 days_alive=292 stage=0 res0=0 res1=200 res2=0 res3=0 res4=0 res5=0 res6=0 res7=0 res8=0 Farm=2 Garden=1 Road=5 House=2 Apiary=1 Puerperal=1 | nw=1438792.3657
  s=  251 a= 32(BUILD:SmallAtomStation) r= -1.2692 cum=   -407.76 v=-11.5302 top5=[a12=0.065, a32=0.040, a43=0.037, a11=0.036, a30=0.032] [BUILD FAILED: SmallAtomStation]
    OBS: year=0 month=12 season=3 money=0 credit=134061 people=31 busy=3 free=28 home_places=170 need_workers=3 tax_due=0 main_tax_due=0 tax_amount=8058 main_tax_amount=0 days_alive=293 stage=0 res0=0 res1=200 res2=0 res3=0 res4=0 res5=0 res6=0 res7=0 res8=0 Farm=2 Garden=1 Road=5 House=2 Apiary=1 Puerperal=1 | nw=1438501.7950
  s=  252 a=  8(BUILD:Coalmine) r= -4.6697 cum=   -412.43 v=-11.4448 top5=[a12=0.064, a32=0.040, a43=0.037, a11=0.036, a30=0.032] [BUILD FAILED: Coalmine]
    OBS: year=0 month=12 season=3 money=0 credit=134329 people=31 busy=3 free=28 home_places=170 need_workers=3 tax_due=0 main_tax_due=0 tax_amount=8058 main_tax_amount=0 days_alive=294 stage=0 res0=0 res1=200 res2=0 res3=0 res4=0 res5=0 res6=0 res7=0 res8=0 Farm=2 Garden=1 Road=5 House=2 Apiary=1 Puerperal=1 | nw=1438208.0859
  s=  253 a= 19(BUILD:Mushroom) r= -1.2687 cum=   -413.70 v=-11.3477 top5=[a12=0.062, a32=0.040, a43=0.037, a11=0.036, a30=0.033] [BUILD FAILED: Mushroom]
    OBS: year=0 month=12 season=3 money=0 credit=134597 people=31 busy=3 free=28 home_places=170 need_workers=3 tax_due=0 main_tax_due=0 tax_amount=8058 main_tax_amount=0 days_alive=295 stage=0 res0=0 res1=200 res2=0 res3=0 res4=0 res5=0 res6=0 res7=0 res8=0 Farm=2 Garden=1 Road=5 House=2 Apiary=1 Puerperal=1 | nw=1437918.2162
  s=  254 a= 25(BUILD:SuperHouse) r= -1.2919 cum=   -414.99 v=-11.2439 top5=[a12=0.061, a32=0.039, a43=0.037, a11=0.036, a30=0.033] [BUILD FAILED: SuperHouse]
    OBS: year=0 month=12 season=3 money=0 credit=134866 people=31 busy=3 free=28 home_places=170 need_workers=3 tax_due=0 main_tax_due=0 tax_amount=8058 main_tax_amount=0 days_alive=296 stage=0 res0=0 res1=200 res2=0 res3=0 res4=0 res5=0 res6=0 res7=0 res8=0 Farm=2 Garden=1 Road=5 House=2 Apiary=1 Puerperal=1 | nw=1437619.6845
  s=  255 a= 25(BUILD:SuperHouse) r= -4.6780 cum=   -419.67 v=-11.1450 top5=[a12=0.059, a32=0.039, a43=0.038, a11=0.036, a30=0.033] [BUILD FAILED: SuperHouse]
    OBS: year=0 month=12 season=3 money=0 credit=135135 people=31 busy=3 free=28 home_places=170 need_workers=3 tax_due=0 main_tax_due=0 tax_amount=8058 main_tax_amount=0 days_alive=297 stage=0 res0=0 res1=200 res2=0 res3=0 res4=0 res5=0 res6=0 res7=0 res8=0 Farm=2 Garden=1 Road=5 House=2 Apiary=1 Puerperal=1 | nw=1437333.8028
  s=  256 a= 15(BUILD:Fish) r= -1.2862 cum=   -420.96 v=-11.0462 top5=[a12=0.058, a32=0.039, a43=0.038, a11=0.036, a30=0.033] [BUILD FAILED: Fish]
    OBS: year=0 month=12 season=3 money=0 credit=135405 people=31 busy=3 free=28 home_places=170 need_workers=3 tax_due=0 main_tax_due=0 tax_amount=8058 main_tax_amount=0 days_alive=298 stage=0 res0=0 res1=200 res2=0 res3=0 res4=0 res5=0 res6=0 res7=0 res8=0 Farm=2 Garden=1 Road=5 House=2 Apiary=1 Puerperal=1 | nw=1437038.2089
  s=  257 a= 41(MANAGER:7) r= -1.2867 cum=   -422.24 v=-10.9478 top5=[a12=0.057, a32=0.039, a43=0.038, a11=0.036, a30=0.033]
    OBS: year=0 month=12 season=3 money=0 credit=135675 people=31 busy=3 free=28 home_places=170 need_workers=3 tax_due=0 main_tax_due=0 tax_amount=8058 main_tax_amount=0 days_alive=299 stage=0 res0=0 res1=200 res2=0 res3=0 res4=0 res5=0 res6=0 res7=0 res8=0 Farm=2 Garden=1 Road=5 House=2 Apiary=1 Puerperal=1 | nw=1436743.6820
  s=  258 a= 12(BUILD:PowerStation) r= -4.5695 cum=   -426.81 v=-10.8423 top5=[a12=0.055, a32=0.039, a43=0.038, a11=0.036, a30=0.034] [BUILD FAILED: PowerStation]
    OBS: year=0 month=12 season=3 money=0 credit=135946 people=32 busy=3 free=29 home_places=170 need_workers=3 tax_due=0 main_tax_due=0 tax_amount=8058 main_tax_amount=0 days_alive=300 stage=0 res0=0 res1=200 res2=0 res3=0 res4=0 res5=0 res6=0 res7=0 res8=0 Farm=2 Garden=1 Road=5 House=2 Apiary=1 Puerperal=1 | nw=1436449.4142
  s=  259 a= 39(MANAGER:5) r= -1.2843 cum=   -428.10 v=-10.7434 top5=[a12=0.054, a32=0.039, a43=0.038, a11=0.037, a30=0.034]
    OBS: year=0 month=12 season=3 money=0 credit=136217 people=32 busy=3 free=29 home_places=170 need_workers=3 tax_due=0 main_tax_due=0 tax_amount=8058 main_tax_amount=0 days_alive=301 stage=0 res0=0 res1=200 res2=0 res3=0 res4=0 res5=0 res6=0 res7=0 res8=0 Farm=2 Garden=1 Road=5 House=2 Apiary=1 Puerperal=1 | nw=1436156.5445
  s=  260 a= 10(BUILD:Refinery) r= -1.3027 cum=   -429.40 v=-10.7084 top5=[a12=0.053, a32=0.038, a43=0.038, a11=0.037, a30=0.034] [BUILD FAILED: Refinery]
    OBS: year=0 month=12 season=3 money=0 credit=136489 people=32 busy=3 free=29 home_places=170 need_workers=3 tax_due=0 main_tax_due=0 tax_amount=8058 main_tax_amount=0 days_alive=302 stage=0 res0=0 res1=200 res2=0 res3=0 res4=0 res5=0 res6=0 res7=0 res8=0 Farm=2 Garden=1 Road=5 House=2 Apiary=1 Puerperal=1 | nw=1435857.1511
  s=  261 a= 28(BUILD:BigRefinary) r= -4.6955 cum=   -434.09 v=-10.6885 top5=[a12=0.052, a32=0.038, a43=0.038, a11=0.037, a30=0.034] [BUILD FAILED: BigRefinary]
    OBS: year=0 month=12 season=3 money=0 credit=136761 people=32 busy=3 free=29 home_places=170 need_workers=3 tax_due=0 main_tax_due=0 tax_amount=8058 main_tax_amount=0 days_alive=303 stage=0 res0=0 res1=200 res2=0 res3=0 res4=0 res5=0 res6=0 res7=0 res8=0 Farm=2 Garden=1 Road=5 House=2 Apiary=1 Puerperal=1 | nw=1435560.8522
  s=  262 a= 44(MANAGER:10) r= -0.5900 cum=   -434.68 v=-10.6818 top5=[a12=0.051, a32=0.038, a43=0.038, a11=0.037, a30=0.034]
    OBS: year=0 month=12 season=3 money=0 credit=137034 people=32 busy=3 free=29 home_places=170 need_workers=3 tax_due=0 main_tax_due=0 tax_amount=8058 main_tax_amount=0 days_alive=304 stage=0 res0=0 res1=200 res2=0 res3=0 res4=0 res5=0 res6=0 res7=0 res8=0 Farm=2 Garden=1 Road=5 House=2 Apiary=1 Puerperal=1 | nw=1435266.0809
  s=  263 a= 18(BUILD:CowFarm) r= -1.2970 cum=   -435.98 v=-10.7248 top5=[a12=0.050, a32=0.038, a43=0.037, a11=0.037, a30=0.034] [BUILD FAILED: CowFarm]
    OBS: year=0 month=12 season=3 money=0 credit=137308 people=32 busy=3 free=29 home_places=170 need_workers=3 tax_due=0 main_tax_due=0 tax_amount=8058 main_tax_amount=0 days_alive=305 stage=0 res0=0 res1=200 res2=0 res3=0 res4=0 res5=0 res6=0 res7=0 res8=0 Farm=2 Garden=1 Road=5 House=2 Apiary=1 Puerperal=1 | nw=1434970.6484
  s=  264 a= 39(MANAGER:5) r= -4.7015 cum=   -440.68 v=-10.7736 top5=[a12=0.049, a32=0.038, a11=0.037, a43=0.037, a30=0.034]
    OBS: year=1 month=1 season=3 money=0 credit=137582 people=32 busy=3 free=29 home_places=170 need_workers=3 tax_due=0 main_tax_due=0 tax_amount=8058 main_tax_amount=0 days_alive=306 stage=0 res0=0 res1=200 res2=0 res3=0 res4=0 res5=0 res6=0 res7=0 res8=0 Farm=2 Garden=1 Road=5 House=2 Apiary=1 Puerperal=1 | nw=1434674.3415
  s=  265 a=  1(WEEK) r= -4.6921 cum=   -445.38 v=-13.4362 top5=[a12=0.087, a11=0.039, a39=0.037, a36=0.032, a32=0.031]
    OBS: year=1 month=1 season=3 money=0 credit=139238 people=33 busy=3 free=30 home_places=170 need_workers=3 tax_due=0 main_tax_due=0 tax_amount=8058 main_tax_amount=0 days_alive=312 stage=0 res0=0 res1=200 res2=0 res3=0 res4=0 res5=0 res6=0 res7=0 res8=0 Farm=2 Garden=1 Road=5 House=2 Apiary=1 Puerperal=1 | nw=1432872.9600
  s=  266 a= 20(BUILD:BigHouse) r= -0.8448 cum=   -446.22 v=-12.8049 top5=[a12=0.081, a11=0.040, a39=0.039, a36=0.032, a32=0.031] [BUILD: BigHouse]
    OBS: year=1 month=1 season=3 money=0 credit=139516 people=34 busy=3 free=31 home_places=170 need_workers=3 tax_due=0 main_tax_due=0 tax_amount=8058 main_tax_amount=0 days_alive=313 stage=0 res0=0 res1=200 res2=0 res3=0 res4=0 res5=0 res6=0 res7=0 res8=0 Farm=2 Garden=1 Road=5 House=2 Apiary=1 Puerperal=1 | nw=1432571.6922
  s=  267 a= 17(BUILD:HuntingLand) r= -4.6906 cum=   -450.91 v=-12.8809 top5=[a12=0.080, a11=0.040, a39=0.039, a36=0.032, a32=0.031] [BUILD FAILED: HuntingLand]
    OBS: year=1 month=1 season=3 money=0 credit=139795 people=34 busy=3 free=31 home_places=170 need_workers=3 tax_due=0 main_tax_due=0 tax_amount=8058 main_tax_amount=0 days_alive=314 stage=0 res0=0 res1=200 res2=0 res3=0 res4=0 res5=0 res6=0 res7=0 res8=0 Farm=2 Garden=1 Road=5 House=2 Apiary=1 Puerperal=1 | nw=1432273.9170
  s=  268 a= 43(MANAGER:9) r= -1.3119 cum=   -452.22 v=-12.8702 top5=[a12=0.078, a11=0.040, a39=0.039, a36=0.032, a32=0.031]
    OBS: year=1 month=1 season=3 money=0 credit=140074 people=34 busy=3 free=31 home_places=170 need_workers=3 tax_due=0 main_tax_due=0 tax_amount=8058 main_tax_amount=0 days_alive=315 stage=0 res0=0 res1=200 res2=0 res3=0 res4=0 res5=0 res6=0 res7=0 res8=0 Farm=2 Garden=1 Road=5 House=2 Apiary=1 Puerperal=1 | nw=1431973.5829
  s=  269 a= 33(BUILD:AtomStation) r= -1.3218 cum=   -453.54 v=-12.8601 top5=[a12=0.077, a11=0.041, a39=0.039, a36=0.032, a32=0.031] [BUILD FAILED: AtomStation]
    OBS: year=1 month=1 season=3 money=0 credit=140354 people=34 busy=3 free=31 home_places=170 need_workers=3 tax_due=0 main_tax_due=0 tax_amount=8058 main_tax_amount=0 days_alive=316 stage=0 res0=0 res1=200 res2=0 res3=0 res4=0 res5=0 res6=0 res7=0 res8=0 Farm=2 Garden=1 Road=5 House=2 Apiary=1 Puerperal=1 | nw=1431670.3151
  s=  270 a= 14(BUILD:Road) r= -4.6986 cum=   -458.24 v=-12.8537 top5=[a12=0.075, a11=0.041, a39=0.039, a36=0.032, a30=0.031] [BUILD FAILED: Road]
    OBS: year=1 month=1 season=3 money=0 credit=140634 people=34 busy=3 free=31 home_places=170 need_workers=3 tax_due=0 main_tax_due=0 tax_amount=8058 main_tax_amount=0 days_alive=317 stage=0 res0=0 res1=200 res2=0 res3=0 res4=0 res5=0 res6=0 res7=0 res8=0 Farm=2 Garden=1 Road=5 House=2 Apiary=1 Puerperal=1 | nw=1431364.8106
  s=  271 a= 32(BUILD:SmallAtomStation) r= -1.3278 cum=   -459.57 v=-12.8432 top5=[a12=0.074, a11=0.041, a39=0.039, a36=0.031, a30=0.031] [BUILD FAILED: SmallAtomStation]
    OBS: year=1 month=1 season=3 money=0 credit=140915 people=34 busy=3 free=31 home_places=170 need_workers=3 tax_due=0 main_tax_due=0 tax_amount=8058 main_tax_amount=0 days_alive=318 stage=0 res0=0 res1=200 res2=0 res3=0 res4=0 res5=0 res6=0 res7=0 res8=0 Farm=2 Garden=1 Road=5 House=2 Apiary=1 Puerperal=1 | nw=1431059.4716
  s=  272 a= 44(MANAGER:10) r= -0.6185 cum=   -460.19 v=-12.8640 top5=[a12=0.072, a11=0.041, a39=0.039, a36=0.031, a30=0.031]
    OBS: year=1 month=1 season=3 money=0 credit=141196 people=34 busy=3 free=31 home_places=170 need_workers=3 tax_due=0 main_tax_due=0 tax_amount=8058 main_tax_amount=0 days_alive=319 stage=0 res0=0 res1=200 res2=0 res3=0 res4=0 res5=0 res6=0 res7=0 res8=0 Farm=2 Garden=1 Road=5 House=2 Apiary=1 Puerperal=1 | nw=1430757.3702
  s=  273 a= 41(MANAGER:7) r= -4.7047 cum=   -464.89 v=-12.8903 top5=[a12=0.071, a11=0.041, a39=0.039, a30=0.031, a36=0.031]
    OBS: year=1 month=1 season=3 money=0 credit=141478 people=34 busy=3 free=31 home_places=170 need_workers=3 tax_due=0 main_tax_due=0 tax_amount=8058 main_tax_amount=0 days_alive=320 stage=0 res0=0 res1=200 res2=0 res3=0 res4=0 res5=0 res6=0 res7=0 res8=0 Farm=2 Garden=1 Road=5 House=2 Apiary=1 Puerperal=1 | nw=1430454.0361
  s=  274 a= 15(BUILD:Fish) r= -1.3358 cum=   -466.23 v=-12.9213 top5=[a12=0.069, a11=0.042, a39=0.039, a30=0.031, a36=0.031] [BUILD FAILED: Fish]
    OBS: year=1 month=1 season=3 money=0 credit=141760 people=34 busy=3 free=31 home_places=170 need_workers=3 tax_due=0 main_tax_due=0 tax_amount=8058 main_tax_amount=0 days_alive=321 stage=0 res0=0 res1=200 res2=0 res3=0 res4=0 res5=0 res6=0 res7=0 res8=0 Farm=2 Garden=1 Road=5 House=2 Apiary=1 Puerperal=1 | nw=1430146.8627
  s=  275 a= 26(BUILD:BigSawmill) r= -1.3424 cum=   -467.57 v=-12.9780 top5=[a12=0.068, a11=0.042, a39=0.039, a30=0.032, a36=0.031] [BUILD FAILED: BigSawmill]
    OBS: year=1 month=1 season=3 money=0 credit=142043 people=34 busy=3 free=31 home_places=170 need_workers=3 tax_due=0 main_tax_due=0 tax_amount=8058 main_tax_amount=0 days_alive=322 stage=0 res0=0 res1=200 res2=0 res3=0 res4=0 res5=0 res6=0 res7=0 res8=0 Farm=2 Garden=1 Road=5 House=2 Apiary=1 Puerperal=1 | nw=1429838.1703
  s=  276 a= 39(MANAGER:5) r= -4.7125 cum=   -472.28 v=-13.0381 top5=[a12=0.067, a11=0.042, a39=0.039, a30=0.032, a36=0.031]
    OBS: year=1 month=1 season=3 money=0 credit=142327 people=34 busy=3 free=31 home_places=170 need_workers=3 tax_due=0 main_tax_due=0 tax_amount=8058 main_tax_amount=0 days_alive=323 stage=0 res0=0 res1=200 res2=0 res3=0 res4=0 res5=0 res6=0 res7=0 res8=0 Farm=2 Garden=1 Road=5 House=2 Apiary=1 Puerperal=1 | nw=1429531.1352
  s=  277 a= 30(BUILD:BigIronmine) r= -1.3400 cum=   -473.62 v=-13.1288 top5=[a12=0.065, a11=0.042, a39=0.039, a30=0.032, a36=0.031] [BUILD FAILED: BigIronmine]
    OBS: year=1 month=1 season=3 money=0 credit=142611 people=34 busy=3 free=31 home_places=170 need_workers=3 tax_due=0 main_tax_due=0 tax_amount=8058 main_tax_amount=0 days_alive=324 stage=0 res0=0 res1=200 res2=0 res3=0 res4=0 res5=0 res6=0 res7=0 res8=0 Farm=2 Garden=1 Road=5 House=2 Apiary=1 Puerperal=1 | nw=1429224.0017
  s=  278 a= 28(BUILD:BigRefinary) r= -1.3384 cum=   -474.96 v=-13.2168 top5=[a12=0.064, a11=0.043, a39=0.039, a30=0.032, a43=0.031] [BUILD FAILED: BigRefinary]
    OBS: year=1 month=1 season=3 money=0 credit=142896 people=34 busy=3 free=31 home_places=170 need_workers=3 tax_due=0 main_tax_due=0 tax_amount=8058 main_tax_amount=0 days_alive=325 stage=0 res0=0 res1=200 res2=0 res3=0 res4=0 res5=0 res6=0 res7=0 res8=0 Farm=2 Garden=1 Road=5 House=2 Apiary=1 Puerperal=1 | nw=1428918.8163
  s=  279 a= 30(BUILD:BigIronmine) r= -4.7201 cum=   -479.68 v=-13.3023 top5=[a12=0.062, a11=0.043, a39=0.039, a30=0.032, a43=0.031] [BUILD FAILED: BigIronmine]
    OBS: year=1 month=1 season=3 money=0 credit=143181 people=34 busy=3 free=31 home_places=170 need_workers=3 tax_due=0 main_tax_due=0 tax_amount=8058 main_tax_amount=0 days_alive=326 stage=0 res0=0 res1=200 res2=0 res3=0 res4=0 res5=0 res6=0 res7=0 res8=0 Farm=2 Garden=1 Road=5 House=2 Apiary=1 Puerperal=1 | nw=1428608.3119
  s=  280 a= 30(BUILD:BigIronmine) r= -1.3543 cum=   -481.04 v=-13.3857 top5=[a12=0.061, a11=0.043, a39=0.039, a30=0.032, a43=0.032] [BUILD FAILED: BigIronmine]
    OBS: year=1 month=1 season=3 money=0 credit=143467 people=34 busy=3 free=31 home_places=170 need_workers=3 tax_due=0 main_tax_due=0 tax_amount=8058 main_tax_amount=0 days_alive=327 stage=0 res0=0 res1=200 res2=0 res3=0 res4=0 res5=0 res6=0 res7=0 res8=0 Farm=2 Garden=1 Road=5 House=2 Apiary=1 Puerperal=1 | nw=1428296.9057
  s=  281 a= 40(MANAGER:6) r= -1.3489 cum=   -482.39 v=-13.4696 top5=[a12=0.060, a11=0.044, a39=0.039, a30=0.032, a43=0.032]
    OBS: year=1 month=1 season=3 money=0 credit=143753 people=34 busy=3 free=31 home_places=170 need_workers=3 tax_due=0 main_tax_due=0 tax_amount=8058 main_tax_amount=0 days_alive=328 stage=0 res0=0 res1=200 res2=0 res3=0 res4=0 res5=0 res6=0 res7=0 res8=0 Farm=2 Garden=1 Road=5 House=2 Apiary=1 Puerperal=1 | nw=1427989.0360
  s=  282 a= 37(MANAGER:3) r= -4.7277 cum=   -487.11 v=-13.5500 top5=[a12=0.059, a11=0.044, a39=0.040, a43=0.032, a30=0.032]
    OBS: year=1 month=1 season=3 money=938 credit=144040 people=34 busy=3 free=31 home_places=170 need_workers=3 tax_due=0 main_tax_due=0 tax_amount=7638 main_tax_amount=0 days_alive=329 stage=0 res0=0 res1=200 res2=0 res3=0 res4=0 res5=0 res6=0 res7=0 res8=0 Farm=2 Garden=1 Road=5 House=2 Puerperal=1 | nw=1419553.3018
  s=  283 a= 20(BUILD:BigHouse) r= -1.3459 cum=   -488.46 v=-13.6816 top5=[a12=0.051, a11=0.047, a39=0.038, a43=0.033, a36=0.032] [BUILD FAILED: BigHouse]
    OBS: year=1 month=1 season=3 money=938 credit=144328 people=34 busy=3 free=31 home_places=170 need_workers=3 tax_due=0 main_tax_due=0 tax_amount=7638 main_tax_amount=0 days_alive=330 stage=0 res0=0 res1=200 res2=0 res3=0 res4=0 res5=0 res6=0 res7=0 res8=0 Farm=2 Garden=1 Road=5 House=2 Puerperal=1 | nw=1419247.2012
  s=  284 a= 32(BUILD:SmallAtomStation) r= -1.3607 cum=   -489.82 v=-13.7801 top5=[a12=0.051, a11=0.047, a39=0.038, a43=0.033, a36=0.032] [BUILD FAILED: SmallAtomStation]
    OBS: year=1 month=1 season=3 money=938 credit=144616 people=34 busy=3 free=31 home_places=170 need_workers=3 tax_due=0 main_tax_due=0 tax_amount=7638 main_tax_amount=0 days_alive=331 stage=0 res0=0 res1=200 res2=0 res3=0 res4=0 res5=0 res6=0 res7=0 res8=0 Farm=2 Garden=1 Road=5 House=2 Puerperal=1 | nw=1418936.1125
  s=  285 a= 29(BUILD:Puerperal) r= -4.7351 cum=   -494.56 v=-13.9412 top5=[a12=0.050, a11=0.048, a39=0.038, a43=0.034, a36=0.032] [BUILD FAILED: Puerperal]
    OBS: year=1 month=1 season=3 money=938 credit=144905 people=34 busy=3 free=31 home_places=170 need_workers=3 tax_due=0 main_tax_due=0 tax_amount=7638 main_tax_amount=0 days_alive=332 stage=0 res0=0 res1=200 res2=0 res3=0 res4=0 res5=0 res6=0 res7=0 res8=0 Farm=2 Garden=1 Road=5 House=2 Puerperal=1 | nw=1418633.3702
  s=  286 a= 40(MANAGER:6) r= -1.3512 cum=   -495.91 v=-14.1022 top5=[a12=0.049, a11=0.048, a39=0.039, a43=0.034, a36=0.032]
    OBS: year=1 month=1 season=3 money=938 credit=145194 people=34 busy=3 free=31 home_places=170 need_workers=3 tax_due=0 main_tax_due=0 tax_amount=7638 main_tax_amount=0 days_alive=333 stage=0 res0=0 res1=200 res2=0 res3=0 res4=0 res5=0 res6=0 res7=0 res8=0 Farm=2 Garden=1 Road=5 House=2 Puerperal=1 | nw=1418326.8052
  s=  287 a= 39(MANAGER:5) r= -4.7345 cum=   -500.64 v=-14.2806 top5=[a11=0.048, a12=0.048, a39=0.039, a43=0.034, a30=0.032]
    OBS: year=1 month=1 season=3 money=938 credit=145484 people=33 busy=3 free=30 home_places=170 need_workers=3 tax_due=0 main_tax_due=0 tax_amount=7638 main_tax_amount=0 days_alive=334 stage=0 res0=0 res1=200 res2=0 res3=0 res4=0 res5=0 res6=0 res7=0 res8=0 Farm=2 Garden=1 Road=5 House=2 Puerperal=1 | nw=1418017.7359
  s=  288 a= 41(MANAGER:7) r= -4.7261 cum=   -505.37 v=-14.3924 top5=[a11=0.049, a12=0.046, a39=0.039, a43=0.034, a30=0.032]
    OBS: year=1 month=1 season=3 money=538 credit=145774 people=33 busy=3 free=30 home_places=170 need_workers=3 tax_due=0 main_tax_due=0 tax_amount=7642 main_tax_amount=0 days_alive=335 stage=0 res0=0 res1=400 res2=0 res3=0 res4=0 res5=0 res6=0 res7=0 res8=0 Farm=2 Garden=1 Road=5 House=2 Puerperal=1 | nw=1417510.2693
  s=  289 a= 32(BUILD:SmallAtomStation) r= -1.3513 cum=   -506.72 v=-14.6118 top5=[a11=0.049, a12=0.045, a39=0.039, a43=0.035, a30=0.032] [BUILD FAILED: SmallAtomStation]
    OBS: year=1 month=1 season=3 money=538 credit=146065 people=33 busy=3 free=30 home_places=170 need_workers=3 tax_due=0 main_tax_due=0 tax_amount=7642 main_tax_amount=0 days_alive=336 stage=0 res0=0 res1=400 res2=0 res3=0 res4=0 res5=0 res6=0 res7=0 res8=0 Farm=2 Garden=1 Road=5 House=2 Puerperal=1 | nw=1417203.5037
  s=  290 a= 10(BUILD:Refinery) r= -0.8933 cum=   -507.61 v=-14.7576 top5=[a11=0.049, a12=0.045, a39=0.039, a43=0.035, a30=0.032] [BUILD: Refinery]
    OBS: year=1 month=2 season=3 money=538 credit=146357 people=34 busy=3 free=31 home_places=170 need_workers=3 tax_due=0 main_tax_due=0 tax_amount=7642 main_tax_amount=0 days_alive=337 stage=0 res0=0 res1=400 res2=0 res3=0 res4=0 res5=0 res6=0 res7=0 res8=0 Farm=2 Garden=1 Road=5 House=2 Puerperal=1 | nw=1416891.8004
  s=  291 a= 32(BUILD:SmallAtomStation) r= -4.7326 cum=   -512.34 v=-16.3348 top5=[a12=0.069, a39=0.034, a11=0.034, a34=0.030, a30=0.029] [BUILD FAILED: SmallAtomStation]
    OBS: year=1 month=2 season=3 money=538 credit=146649 people=34 busy=3 free=31 home_places=170 need_workers=3 tax_due=0 main_tax_due=0 tax_amount=7642 main_tax_amount=0 days_alive=338 stage=0 res0=0 res1=400 res2=0 res3=0 res4=0 res5=0 res6=0 res7=0 res8=0 Farm=2 Garden=1 Road=5 House=2 Puerperal=1 | nw=1416580.0971
  s=  292 a= 35(MANAGER:1) r= -1.3650 cum=   -513.71 v=-16.2294 top5=[a12=0.068, a11=0.034, a39=0.034, a34=0.030, a30=0.029]
    OBS: year=1 month=2 season=3 money=538 credit=146942 people=34 busy=3 free=31 home_places=170 need_workers=3 tax_due=0 main_tax_due=0 tax_amount=7642 main_tax_amount=0 days_alive=339 stage=0 res0=0 res1=400 res2=0 res3=0 res4=0 res5=0 res6=0 res7=0 res8=0 Farm=2 Garden=1 Road=5 House=2 Puerperal=1 | nw=1416269.1932
  s=  293 a= 22(BUILD:Apiary) r= -1.3699 cum=   -515.08 v=-16.1255 top5=[a12=0.067, a11=0.035, a39=0.034, a34=0.030, a30=0.030] [BUILD FAILED: Apiary]
    OBS: year=1 month=2 season=3 money=538 credit=147235 people=34 busy=3 free=31 home_places=170 need_workers=3 tax_due=0 main_tax_due=0 tax_amount=7642 main_tax_amount=0 days_alive=340 stage=0 res0=0 res1=400 res2=0 res3=0 res4=0 res5=0 res6=0 res7=0 res8=0 Farm=2 Garden=1 Road=5 House=2 Puerperal=1 | nw=1415957.4628
  s=  294 a= 19(BUILD:Mushroom) r= -4.7400 cum=   -519.82 v=-16.0227 top5=[a12=0.065, a11=0.035, a39=0.034, a34=0.030, a30=0.030] [BUILD FAILED: Mushroom]
    OBS: year=1 month=2 season=3 money=538 credit=147529 people=34 busy=3 free=31 home_places=170 need_workers=3 tax_due=0 main_tax_due=0 tax_amount=7642 main_tax_amount=0 days_alive=341 stage=0 res0=0 res1=400 res2=0 res3=0 res4=0 res5=0 res6=0 res7=0 res8=0 Farm=2 Garden=1 Road=5 House=2 Puerperal=1 | nw=1415644.9249
  s=  295 a= 41(MANAGER:7) r= -1.3702 cum=   -521.19 v=-15.9209 top5=[a12=0.064, a11=0.035, a39=0.035, a34=0.030, a30=0.030]
    OBS: year=1 month=2 season=3 money=538 credit=147824 people=34 busy=3 free=31 home_places=170 need_workers=3 tax_due=0 main_tax_due=0 tax_amount=7642 main_tax_amount=0 days_alive=342 stage=0 res0=0 res1=400 res2=0 res3=0 res4=0 res5=0 res6=0 res7=0 res8=0 Farm=2 Garden=1 Road=5 House=2 Puerperal=1 | nw=1415333.6237
  s=  296 a= 14(BUILD:Road) r= -1.3759 cum=   -522.57 v=-15.8262 top5=[a12=0.063, a11=0.035, a39=0.035, a30=0.030, a34=0.030] [BUILD FAILED: Road]
    OBS: year=1 month=2 season=3 money=538 credit=148119 people=34 busy=3 free=31 home_places=170 need_workers=3 tax_due=0 main_tax_due=0 tax_amount=7642 main_tax_amount=0 days_alive=343 stage=0 res0=0 res1=400 res2=0 res3=0 res4=0 res5=0 res6=0 res7=0 res8=0 Farm=2 Garden=1 Road=5 House=2 Puerperal=1 | nw=1415021.1571
  s=  297 a= 12(BUILD:PowerStation) r= -0.2184 cum=   -522.78 v=-15.7528 top5=[a12=0.062, a11=0.036, a39=0.035, a30=0.030, a34=0.030] [BUILD: PowerStation]
    OBS: year=1 month=2 season=3 money=138 credit=148415 people=34 busy=3 free=31 home_places=170 need_workers=3 tax_due=0 main_tax_due=0 tax_amount=7642 main_tax_amount=0 days_alive=344 stage=0 res0=0 res1=400 res2=0 res3=0 res4=0 res5=0 res6=0 res7=0 res8=0 Farm=2 Garden=1 Road=6 House=2 Puerperal=1 | nw=1414705.5522
  s=  298 a= 39(MANAGER:5) r= -1.3845 cum=   -524.17 v=-15.8620 top5=[a12=0.058, a11=0.035, a39=0.032, a34=0.032, a30=0.030]
    OBS: year=1 month=2 season=3 money=138 credit=148711 people=34 busy=3 free=31 home_places=170 need_workers=3 tax_due=0 main_tax_due=0 tax_amount=7642 main_tax_amount=0 days_alive=345 stage=0 res0=0 res1=400 res2=0 res3=0 res4=0 res5=0 res6=0 res7=0 res8=0 Farm=2 Garden=1 Road=6 House=2 Puerperal=1 | nw=1414391.4516
  s=  299 a= 34(MANAGER:0) r= -4.7588 cum=   -528.93 v=-15.7991 top5=[a12=0.057, a11=0.035, a39=0.032, a34=0.032, a30=0.031]
    OBS: year=1 month=2 season=3 money=138 credit=149008 people=34 busy=3 free=31 home_places=170 need_workers=3 tax_due=0 main_tax_due=0 tax_amount=7642 main_tax_amount=0 days_alive=346 stage=0 res0=0 res1=400 res2=0 res3=0 res4=0 res5=0 res6=0 res7=0 res8=0 Farm=2 Garden=1 Road=6 House=2 Puerperal=1 | nw=1414075.2839
  >>> Ep 1: reward=-528.93, steps=300
  >>> final: year=1 month=2 season=3 money=138 credit=149008 people=34 busy=3 free=31 home_places=170 need_workers=3 tax_due=0 main_tax_due=0 tax_amount=7642 main_tax_amount=0 days_alive=346 stage=0 res0=0 res1=400 res2=0 res3=0 res4=0 res5=0 res6=0 res7=0 res8=0 Farm=2 Garden=1 Road=6 House=2 Puerperal=1 | nw=1414075.2839
======================================================================
EPISODE 2
======================================================================
init: year=0 month=3 season=0 money=82000 credit=0 people=28 busy=0 free=28 home_places=50 need_workers=0 tax_due=0 main_tax_due=0 tax_amount=5106 main_tax_amount=0 days_alive=0 stage=0 res0=0 res1=0 res2=0 res3=0 res4=0 res5=0 res6=0 res7=0 res8=0 | nw=1532000.0000
  s=    0 a= 35(MANAGER:1) r= -0.2850 cum=     -0.29 v= +5.2512 top5=[a9=0.055, a15=0.047, a24=0.041, a8=0.035, a14=0.035]
    OBS: year=0 month=3 season=0 money=82000 credit=0 people=28 busy=0 free=28 home_places=50 need_workers=0 tax_due=0 main_tax_due=0 tax_amount=5106 main_tax_amount=0 days_alive=1 stage=0 res0=0 res1=0 res2=0 res3=0 res4=0 res5=0 res6=0 res7=0 res8=0 | nw=1532000.0000
  s=    1 a=  6(BUILD:SmallHouse) r= -0.2853 cum=     -0.57 v= +5.4352 top5=[a9=0.049, a15=0.042, a24=0.039, a22=0.034, a14=0.033] [BUILD: SmallHouse]
    OBS: year=0 month=3 season=0 money=82000 credit=0 people=28 busy=0 free=28 home_places=50 need_workers=0 tax_due=0 main_tax_due=0 tax_amount=5106 main_tax_amount=0 days_alive=2 stage=0 res0=0 res1=0 res2=0 res3=0 res4=0 res5=0 res6=0 res7=0 res8=0 | nw=1532000.0000
  s=    2 a=  0(DAY) r= -4.5683 cum=     -5.14 v= +5.5466 top5=[a9=0.046, a15=0.039, a24=0.037, a22=0.034, a14=0.032]
    OBS: year=0 month=3 season=0 money=82000 credit=0 people=28 busy=0 free=28 home_places=50 need_workers=0 tax_due=0 main_tax_due=0 tax_amount=5106 main_tax_amount=0 days_alive=3 stage=0 res0=0 res1=0 res2=0 res3=0 res4=0 res5=0 res6=0 res7=0 res8=0 | nw=1532000.0000
  s=    3 a= 40(MANAGER:6) r= -0.2851 cum=     -5.42 v= +5.6469 top5=[a9=0.044, a15=0.037, a24=0.036, a22=0.034, a4=0.032]
    OBS: year=0 month=3 season=0 money=82000 credit=0 people=28 busy=0 free=28 home_places=50 need_workers=0 tax_due=0 main_tax_due=0 tax_amount=5106 main_tax_amount=0 days_alive=4 stage=0 res0=0 res1=0 res2=0 res3=0 res4=0 res5=0 res6=0 res7=0 res8=0 | nw=1532000.0000
  s=    4 a= 36(MANAGER:2) r= -0.2854 cum=     -5.71 v= +5.7852 top5=[a9=0.042, a15=0.035, a24=0.035, a22=0.034, a4=0.032]
    OBS: year=0 month=3 season=0 money=82000 credit=0 people=28 busy=0 free=28 home_places=50 need_workers=0 tax_due=0 main_tax_due=0 tax_amount=5106 main_tax_amount=0 days_alive=5 stage=0 res0=0 res1=0 res2=0 res3=0 res4=0 res5=0 res6=0 res7=0 res8=0 | nw=1532000.0000
  s=    5 a=  9(BUILD:Ironmine) r= -4.7604 cum=    -10.47 v= +5.9396 top5=[a9=0.040, a15=0.034, a24=0.034, a22=0.034, a4=0.032] [BUILD FAILED: Ironmine]
    OBS: year=0 month=3 season=0 money=82000 credit=0 people=28 busy=0 free=28 home_places=50 need_workers=0 tax_due=0 main_tax_due=0 tax_amount=5106 main_tax_amount=0 days_alive=6 stage=0 res0=0 res1=0 res2=0 res3=0 res4=0 res5=0 res6=0 res7=0 res8=0 | nw=1532000.0000
  s=    6 a= 25(BUILD:SuperHouse) r= -0.2851 cum=    -10.75 v= +6.0643 top5=[a9=0.040, a22=0.033, a24=0.033, a15=0.033, a4=0.032] [BUILD: SuperHouse]
    OBS: year=0 month=3 season=0 money=82000 credit=0 people=28 busy=0 free=28 home_places=50 need_workers=0 tax_due=0 main_tax_due=0 tax_amount=5106 main_tax_amount=0 days_alive=7 stage=0 res0=0 res1=0 res2=0 res3=0 res4=0 res5=0 res6=0 res7=0 res8=0 | nw=1532000.0000
  s=    7 a=  0(DAY) r= +0.1902 cum=    -10.56 v= +6.1557 top5=[a9=0.039, a22=0.033, a24=0.033, a15=0.033, a4=0.032]
    OBS: year=0 month=3 season=0 money=82000 credit=0 people=28 busy=0 free=28 home_places=50 need_workers=0 tax_due=0 main_tax_due=0 tax_amount=5106 main_tax_amount=0 days_alive=8 stage=0 res0=0 res1=0 res2=0 res3=0 res4=0 res5=0 res6=0 res7=0 res8=0 | nw=1532000.0000
  s=    8 a=  0(DAY) r= -4.5671 cum=    -15.13 v= +6.2441 top5=[a9=0.038, a22=0.033, a24=0.033, a15=0.032, a4=0.032]
    OBS: year=0 month=3 season=0 money=82000 credit=0 people=28 busy=0 free=28 home_places=50 need_workers=0 tax_due=0 main_tax_due=0 tax_amount=5106 main_tax_amount=0 days_alive=9 stage=0 res0=0 res1=0 res2=0 res3=0 res4=0 res5=0 res6=0 res7=0 res8=0 | nw=1532000.0000
  s=    9 a= 24(BUILD:Hothouse) r= +1.7717 cum=    -13.36 v= +6.3354 top5=[a9=0.038, a22=0.033, a24=0.033, a4=0.032, a15=0.032] [BUILD: Hothouse]
    OBS: year=0 month=3 season=0 money=65410 credit=0 people=28 busy=0 free=28 home_places=50 need_workers=0 tax_due=0 main_tax_due=0 tax_amount=5526 main_tax_amount=0 days_alive=10 stage=0 res0=0 res1=0 res2=0 res3=0 res4=0 res5=0 res6=0 res7=0 res8=0 Hothouse=1 | nw=1532000.0000
  s=   10 a= 35(MANAGER:1) r= -0.2843 cum=    -13.64 v= +7.8871 top5=[a19=0.035, a1=0.035, a32=0.031, a10=0.030, a35=0.029]
    OBS: year=0 month=3 season=0 money=65410 credit=0 people=28 busy=0 free=28 home_places=50 need_workers=0 tax_due=0 main_tax_due=0 tax_amount=5526 main_tax_amount=0 days_alive=11 stage=0 res0=0 res1=0 res2=0 res3=0 res4=0 res5=0 res6=0 res7=0 res8=0 Hothouse=1 | nw=1532000.0000
  s=   11 a= 24(BUILD:Hothouse) r= +1.7682 cum=    -11.88 v= +7.9014 top5=[a19=0.035, a1=0.034, a32=0.031, a10=0.030, a35=0.029] [BUILD: Hothouse]
    OBS: year=0 month=3 season=0 money=48820 credit=0 people=28 busy=0 free=28 home_places=50 need_workers=0 tax_due=0 main_tax_due=0 tax_amount=5946 main_tax_amount=0 days_alive=12 stage=0 res0=0 res1=0 res2=0 res3=0 res4=0 res5=0 res6=0 res7=0 res8=0 Hothouse=2 | nw=1532000.0000
  s=   12 a=  4(BUILD:Garden) r= -0.1113 cum=    -11.99 v= +9.1426 top5=[a19=0.040, a1=0.035, a6=0.032, a32=0.031, a24=0.030] [BUILD: Garden]
    OBS: year=0 month=3 season=0 money=48820 credit=0 people=28 busy=0 free=28 home_places=50 need_workers=0 tax_due=0 main_tax_due=0 tax_amount=5946 main_tax_amount=0 days_alive=13 stage=0 res0=0 res1=0 res2=0 res3=0 res4=0 res5=0 res6=0 res7=0 res8=0 Hothouse=2 | nw=1532000.0000
  s=   13 a= 40(MANAGER:6) r= -4.7317 cum=    -16.72 v= +9.2341 top5=[a19=0.040, a1=0.035, a6=0.032, a32=0.031, a24=0.030]
    OBS: year=0 month=3 season=0 money=48820 credit=0 people=28 busy=0 free=28 home_places=50 need_workers=0 tax_due=0 main_tax_due=0 tax_amount=5946 main_tax_amount=0 days_alive=14 stage=0 res0=0 res1=0 res2=0 res3=0 res4=0 res5=0 res6=0 res7=0 res8=0 Hothouse=2 | nw=1532000.0000
  s=   14 a= 30(BUILD:BigIronmine) r= -0.2834 cum=    -17.00 v= +9.2809 top5=[a19=0.040, a1=0.035, a6=0.032, a32=0.031, a24=0.030] [BUILD: BigIronmine]
    OBS: year=0 month=3 season=0 money=48820 credit=0 people=28 busy=0 free=28 home_places=50 need_workers=0 tax_due=0 main_tax_due=0 tax_amount=5946 main_tax_amount=0 days_alive=15 stage=0 res0=0 res1=0 res2=0 res3=0 res4=0 res5=0 res6=0 res7=0 res8=0 Hothouse=2 | nw=1532000.0000
  s=   15 a= 40(MANAGER:6) r= -0.2837 cum=    -17.29 v= +9.3002 top5=[a19=0.040, a1=0.035, a6=0.032, a32=0.031, a24=0.030]
    OBS: year=0 month=3 season=0 money=48820 credit=0 people=28 busy=0 free=28 home_places=50 need_workers=0 tax_due=0 main_tax_due=0 tax_amount=5946 main_tax_amount=0 days_alive=16 stage=0 res0=0 res1=0 res2=0 res3=0 res4=0 res5=0 res6=0 res7=0 res8=0 Hothouse=2 | nw=1532000.0000
  s=   16 a= 24(BUILD:Hothouse) r= +1.7646 cum=    -15.52 v= +9.3083 top5=[a19=0.040, a1=0.035, a6=0.032, a32=0.031, a24=0.030] [BUILD: Hothouse]
    OBS: year=0 month=3 season=0 money=32230 credit=0 people=28 busy=0 free=28 home_places=50 need_workers=0 tax_due=0 main_tax_due=0 tax_amount=6366 main_tax_amount=0 days_alive=17 stage=0 res0=0 res1=0 res2=0 res3=0 res4=0 res5=0 res6=0 res7=0 res8=0 Hothouse=3 | nw=1532000.0000
  s=   17 a= 16(BUILD:CoalCut) r= -0.2832 cum=    -15.80 v= +9.9818 top5=[a19=0.044, a6=0.034, a1=0.033, a32=0.032, a24=0.031] [BUILD: CoalCut]
    OBS: year=0 month=3 season=0 money=32230 credit=0 people=28 busy=0 free=28 home_places=50 need_workers=0 tax_due=0 main_tax_due=0 tax_amount=6366 main_tax_amount=0 days_alive=18 stage=0 res0=0 res1=0 res2=0 res3=0 res4=0 res5=0 res6=0 res7=0 res8=0 Hothouse=3 | nw=1532000.0000
  s=   18 a= 40(MANAGER:6) r= -4.7235 cum=    -20.53 v=+10.0163 top5=[a19=0.043, a6=0.034, a1=0.033, a32=0.031, a24=0.031]
    OBS: year=0 month=3 season=0 money=32230 credit=0 people=28 busy=0 free=28 home_places=50 need_workers=0 tax_due=0 main_tax_due=0 tax_amount=6366 main_tax_amount=0 days_alive=19 stage=0 res0=0 res1=0 res2=0 res3=0 res4=0 res5=0 res6=0 res7=0 res8=0 Hothouse=3 | nw=1532000.0000
  s=   19 a=  2(BUILD:WaterChannel) r= +2.9292 cum=    -17.60 v=+10.0421 top5=[a19=0.043, a6=0.034, a1=0.033, a32=0.031, a24=0.031] [BUILD: WaterChannel]
    OBS: year=0 month=3 season=0 money=12416 credit=0 people=28 busy=0 free=28 home_places=50 need_workers=0 tax_due=0 main_tax_due=0 tax_amount=6786 main_tax_amount=0 days_alive=20 stage=0 res0=0 res1=0 res2=0 res3=0 res4=0 res5=0 res6=0 res7=0 res8=0 Farm=1 Hothouse=3 | nw=1532000.0000
  s=   20 a= 38(MANAGER:4) r= +1.5941 cum=    -16.00 v=+10.0728 top5=[a19=0.041, a6=0.034, a32=0.033, a24=0.031, a1=0.030]
    OBS: year=0 month=3 season=0 money=12416 credit=0 people=28 busy=0 free=28 home_places=50 need_workers=0 tax_due=0 main_tax_due=0 tax_amount=6786 main_tax_amount=0 days_alive=21 stage=0 res0=0 res1=0 res2=0 res3=0 res4=0 res5=0 res6=0 res7=0 res8=0 Farm=1 Hothouse=3 | nw=1532000.0000
  s=   21 a= 21(BUILD:BigFarm) r= -4.6445 cum=    -20.65 v= +9.6082 top5=[a19=0.039, a6=0.034, a32=0.032, a1=0.030, a43=0.030] [BUILD FAILED: BigFarm]
    OBS: year=0 month=3 season=0 money=12416 credit=0 people=28 busy=0 free=28 home_places=50 need_workers=0 tax_due=0 main_tax_due=0 tax_amount=6786 main_tax_amount=0 days_alive=22 stage=0 res0=0 res1=0 res2=0 res3=0 res4=0 res5=0 res6=0 res7=0 res8=0 Farm=1 Hothouse=3 | nw=1532000.0000
  s=   22 a= 11(BUILD:Goldmine) r= -0.2803 cum=    -20.93 v= +9.6727 top5=[a19=0.039, a6=0.033, a32=0.032, a43=0.030, a1=0.030] [BUILD: Goldmine]
    OBS: year=0 month=3 season=0 money=12416 credit=0 people=28 busy=0 free=28 home_places=50 need_workers=0 tax_due=0 main_tax_due=0 tax_amount=6786 main_tax_amount=0 days_alive=23 stage=0 res0=0 res1=0 res2=0 res3=0 res4=0 res5=0 res6=0 res7=0 res8=0 Farm=1 Hothouse=3 | nw=1532000.0000
  s=   23 a= 25(BUILD:SuperHouse) r= -0.2806 cum=    -21.21 v= +9.6982 top5=[a19=0.039, a6=0.033, a32=0.032, a43=0.030, a24=0.030] [BUILD: SuperHouse]
    OBS: year=0 month=3 season=0 money=12416 credit=0 people=28 busy=0 free=28 home_places=50 need_workers=0 tax_due=0 main_tax_due=0 tax_amount=6786 main_tax_amount=0 days_alive=24 stage=0 res0=0 res1=0 res2=0 res3=0 res4=0 res5=0 res6=0 res7=0 res8=0 Farm=1 Hothouse=3 | nw=1532000.0000
  s=   24 a= 21(BUILD:BigFarm) r= -4.6460 cum=    -25.86 v= +9.6793 top5=[a19=0.039, a6=0.033, a32=0.031, a24=0.030, a43=0.030] [BUILD FAILED: BigFarm]
    OBS: year=0 month=3 season=0 money=12416 credit=0 people=28 busy=0 free=28 home_places=50 need_workers=0 tax_due=0 main_tax_due=0 tax_amount=6786 main_tax_amount=0 days_alive=25 stage=0 res0=0 res1=0 res2=0 res3=0 res4=0 res5=0 res6=0 res7=0 res8=0 Farm=1 Hothouse=3 | nw=1532000.0000
  s=   25 a=  5(BUILD:House) r= -0.2804 cum=    -26.14 v= +9.6532 top5=[a19=0.039, a6=0.033, a32=0.031, a24=0.030, a43=0.030] [BUILD: House]
    OBS: year=0 month=3 season=0 money=12416 credit=0 people=28 busy=0 free=28 home_places=50 need_workers=0 tax_due=0 main_tax_due=0 tax_amount=6786 main_tax_amount=0 days_alive=26 stage=0 res0=0 res1=0 res2=0 res3=0 res4=0 res5=0 res6=0 res7=0 res8=0 Farm=1 Hothouse=3 | nw=1532000.0000
  s=   26 a= 27(BUILD:WaterMill) r= -0.2807 cum=    -26.42 v= +9.6216 top5=[a19=0.040, a6=0.033, a32=0.031, a24=0.030, a43=0.030] [BUILD: WaterMill]
    OBS: year=0 month=3 season=0 money=12416 credit=0 people=28 busy=0 free=28 home_places=50 need_workers=0 tax_due=0 main_tax_due=0 tax_amount=6786 main_tax_amount=0 days_alive=27 stage=0 res0=0 res1=0 res2=0 res3=0 res4=0 res5=0 res6=0 res7=0 res8=0 Farm=1 Hothouse=3 | nw=1532000.0000
  s=   27 a= 24(BUILD:Hothouse) r= -4.6817 cum=    -31.10 v= +9.5824 top5=[a19=0.040, a6=0.032, a32=0.031, a24=0.030, a43=0.030] [BUILD FAILED: Hothouse]
    OBS: year=0 month=3 season=0 money=12416 credit=0 people=28 busy=0 free=28 home_places=50 need_workers=0 tax_due=0 main_tax_due=0 tax_amount=6786 main_tax_amount=0 days_alive=28 stage=0 res0=0 res1=0 res2=0 res3=0 res4=0 res5=0 res6=0 res7=0 res8=0 Farm=1 Hothouse=3 | nw=1532000.0000
  s=   28 a= 10(BUILD:Refinery) r= -0.2805 cum=    -31.38 v= +9.5355 top5=[a19=0.040, a6=0.032, a32=0.031, a24=0.031, a15=0.030] [BUILD: Refinery]
    OBS: year=0 month=3 season=0 money=12416 credit=0 people=28 busy=0 free=28 home_places=50 need_workers=0 tax_due=0 main_tax_due=0 tax_amount=6786 main_tax_amount=0 days_alive=29 stage=0 res0=0 res1=0 res2=0 res3=0 res4=0 res5=0 res6=0 res7=0 res8=0 Farm=1 Hothouse=3 | nw=1532000.0000
  s=   29 a=  8(BUILD:Coalmine) r= -0.2807 cum=    -31.66 v= +9.4729 top5=[a19=0.040, a6=0.032, a24=0.031, a32=0.031, a15=0.030] [BUILD: Coalmine]
    OBS: year=0 month=3 season=0 money=12416 credit=0 people=28 busy=0 free=28 home_places=50 need_workers=0 tax_due=0 main_tax_due=0 tax_amount=6786 main_tax_amount=0 days_alive=30 stage=0 res0=0 res1=0 res2=0 res3=0 res4=0 res5=0 res6=0 res7=0 res8=0 Farm=1 Hothouse=3 | nw=1532000.0000
  s=   30 a= 32(BUILD:SmallAtomStation) r= -4.6829 cum=    -36.34 v= +9.4094 top5=[a19=0.040, a6=0.032, a24=0.031, a32=0.030, a15=0.030] [BUILD FAILED: SmallAtomStation]
    OBS: year=0 month=4 season=0 money=12416 credit=0 people=28 busy=0 free=28 home_places=50 need_workers=0 tax_due=0 main_tax_due=0 tax_amount=6786 main_tax_amount=0 days_alive=31 stage=0 res0=0 res1=0 res2=0 res3=0 res4=0 res5=0 res6=0 res7=0 res8=0 Farm=1 Hothouse=3 | nw=1532000.0000
  s=   31 a= 30(BUILD:BigIronmine) r= -0.2806 cum=    -36.62 v= +7.3898 top5=[a32=0.033, a6=0.033, a1=0.032, a19=0.032, a43=0.029] [BUILD: BigIronmine]
    OBS: year=0 month=4 season=0 money=12416 credit=0 people=28 busy=0 free=28 home_places=50 need_workers=0 tax_due=0 main_tax_due=0 tax_amount=6786 main_tax_amount=0 days_alive=32 stage=0 res0=0 res1=0 res2=0 res3=0 res4=0 res5=0 res6=0 res7=0 res8=0 Farm=1 Hothouse=3 | nw=1532000.0000
  s=   32 a= 34(MANAGER:0) r= -0.2808 cum=    -36.90 v= +7.5689 top5=[a32=0.033, a6=0.033, a19=0.032, a1=0.032, a43=0.029]
    OBS: year=0 month=4 season=0 money=12416 credit=0 people=28 busy=0 free=28 home_places=50 need_workers=0 tax_due=0 main_tax_due=0 tax_amount=6786 main_tax_amount=0 days_alive=33 stage=0 res0=0 res1=0 res2=0 res3=0 res4=0 res5=0 res6=0 res7=0 res8=0 Farm=1 Hothouse=3 | nw=1532000.0000
  s=   33 a= 38(MANAGER:4) r= -3.0915 cum=    -40.00 v= +7.7412 top5=[a6=0.033, a32=0.033, a19=0.032, a1=0.032, a43=0.029]
    OBS: year=0 month=4 season=0 money=12416 credit=0 people=28 busy=0 free=28 home_places=50 need_workers=0 tax_due=0 main_tax_due=0 tax_amount=6786 main_tax_amount=0 days_alive=34 stage=0 res0=0 res1=0 res2=0 res3=0 res4=0 res5=0 res6=0 res7=0 res8=0 Farm=1 Hothouse=3 | nw=1532000.0000
  s=   34 a= 15(BUILD:Fish) r= -0.2813 cum=    -40.28 v= +7.0113 top5=[a6=0.033, a32=0.031, a1=0.031, a19=0.031, a43=0.029] [BUILD: Fish]
    OBS: year=0 month=4 season=0 money=12416 credit=0 people=28 busy=0 free=28 home_places=50 need_workers=0 tax_due=0 main_tax_due=0 tax_amount=6786 main_tax_amount=0 days_alive=35 stage=0 res0=0 res1=0 res2=0 res3=0 res4=0 res5=0 res6=0 res7=0 res8=0 Farm=1 Hothouse=3 | nw=1532000.0000
  s=   35 a= 23(BUILD:Torchlight) r= -0.2815 cum=    -40.56 v= +7.1990 top5=[a6=0.033, a32=0.031, a1=0.031, a19=0.031, a43=0.029] [BUILD: Torchlight]
    OBS: year=0 month=4 season=0 money=12416 credit=0 people=28 busy=0 free=28 home_places=50 need_workers=0 tax_due=0 main_tax_due=0 tax_amount=6786 main_tax_amount=0 days_alive=36 stage=0 res0=0 res1=0 res2=0 res3=0 res4=0 res5=0 res6=0 res7=0 res8=0 Farm=1 Hothouse=3 | nw=1532000.0000
  s=   36 a= 23(BUILD:Torchlight) r= -4.6959 cum=    -45.25 v= +7.3950 top5=[a6=0.033, a19=0.031, a32=0.031, a1=0.031, a43=0.029] [BUILD FAILED: Torchlight]
    OBS: year=0 month=4 season=0 money=12416 credit=0 people=28 busy=0 free=28 home_places=50 need_workers=0 tax_due=0 main_tax_due=0 tax_amount=6786 main_tax_amount=0 days_alive=37 stage=0 res0=0 res1=0 res2=0 res3=0 res4=0 res5=0 res6=0 res7=0 res8=0 Farm=1 Hothouse=3 | nw=1532000.0000
  s=   37 a= 15(BUILD:Fish) r= -0.2813 cum=    -45.54 v= +7.5834 top5=[a6=0.033, a19=0.031, a32=0.031, a1=0.031, a43=0.029] [BUILD: Fish]
    OBS: year=0 month=4 season=0 money=12416 credit=0 people=28 busy=0 free=28 home_places=50 need_workers=0 tax_due=0 main_tax_due=0 tax_amount=6786 main_tax_amount=0 days_alive=38 stage=0 res0=0 res1=0 res2=0 res3=0 res4=0 res5=0 res6=0 res7=0 res8=0 Farm=1 Hothouse=3 | nw=1532000.0000
  s=   38 a= 10(BUILD:Refinery) r= -0.2816 cum=    -45.82 v= +7.7468 top5=[a6=0.033, a19=0.032, a32=0.031, a1=0.031, a43=0.029] [BUILD: Refinery]
    OBS: year=0 month=4 season=0 money=12416 credit=0 people=28 busy=0 free=28 home_places=50 need_workers=0 tax_due=0 main_tax_due=0 tax_amount=6786 main_tax_amount=0 days_alive=39 stage=0 res0=0 res1=0 res2=0 res3=0 res4=0 res5=0 res6=0 res7=0 res8=0 Farm=1 Hothouse=3 | nw=1532000.0000
  s=   39 a= 25(BUILD:SuperHouse) r= -4.6968 cum=    -50.51 v= +8.5240 top5=[a6=0.033, a32=0.033, a19=0.031, a1=0.030, a39=0.029] [BUILD FAILED: SuperHouse]
    OBS: year=0 month=4 season=0 money=12416 credit=0 people=28 busy=0 free=28 home_places=50 need_workers=0 tax_due=0 main_tax_due=0 tax_amount=6786 main_tax_amount=0 days_alive=40 stage=0 res0=0 res1=0 res2=0 res3=0 res4=0 res5=0 res6=0 res7=0 res8=0 Farm=1 Hothouse=3 | nw=1531994.3029
  s=   40 a=  4(BUILD:Garden) r= -0.2903 cum=    -50.80 v= +7.9461 top5=[a32=0.034, a6=0.033, a1=0.031, a19=0.030, a10=0.030] [BUILD: Garden]
    OBS: year=0 month=4 season=0 money=12416 credit=0 people=28 busy=0 free=28 home_places=50 need_workers=0 tax_due=0 main_tax_due=0 tax_amount=6786 main_tax_amount=0 days_alive=41 stage=0 res0=0 res1=0 res2=0 res3=0 res4=0 res5=0 res6=0 res7=0 res8=0 Farm=1 Hothouse=3 | nw=1531990.5048
  s=   41 a= 17(BUILD:HuntingLand) r= -0.3039 cum=    -51.11 v= +8.2297 top5=[a32=0.035, a6=0.033, a19=0.030, a10=0.030, a1=0.029] [BUILD: HuntingLand]
    OBS: year=0 month=4 season=0 money=12416 credit=0 people=28 busy=0 free=28 home_places=50 need_workers=0 tax_due=0 main_tax_due=0 tax_amount=6786 main_tax_amount=0 days_alive=42 stage=0 res0=0 res1=0 res2=0 res3=0 res4=0 res5=0 res6=0 res7=0 res8=0 Farm=1 Hothouse=3 | nw=1531981.0096
  s=   42 a= 26(BUILD:BigSawmill) r= -4.6978 cum=    -55.81 v= +7.5105 top5=[a32=0.036, a6=0.033, a10=0.030, a1=0.030, a30=0.029] [BUILD FAILED: BigSawmill]
    OBS: year=0 month=4 season=0 money=12416 credit=0 people=28 busy=0 free=28 home_places=50 need_workers=0 tax_due=0 main_tax_due=0 tax_amount=6786 main_tax_amount=0 days_alive=43 stage=0 res0=0 res1=0 res2=0 res3=0 res4=0 res5=0 res6=0 res7=0 res8=0 Farm=1 Hothouse=3 | nw=1531973.4135
  s=   43 a=  4(BUILD:Garden) r= -0.2993 cum=    -56.11 v= +7.6238 top5=[a32=0.036, a6=0.033, a10=0.030, a1=0.030, a19=0.029] [BUILD: Garden]
    OBS: year=0 month=4 season=0 money=12416 credit=0 people=28 busy=0 free=28 home_places=50 need_workers=0 tax_due=0 main_tax_due=0 tax_amount=6786 main_tax_amount=0 days_alive=44 stage=0 res0=0 res1=0 res2=0 res3=0 res4=0 res5=0 res6=0 res7=0 res8=0 Farm=1 Hothouse=3 | nw=1531965.8173
  s=   44 a= 35(MANAGER:1) r= +0.1887 cum=    -55.92 v= +7.7403 top5=[a32=0.036, a6=0.033, a10=0.030, a1=0.029, a19=0.029]
    OBS: year=0 month=4 season=0 money=12405 credit=0 people=28 busy=0 free=28 home_places=50 need_workers=0 tax_due=0 main_tax_due=0 tax_amount=6786 main_tax_amount=0 days_alive=45 stage=0 res0=0 res1=0 res2=0 res3=0 res4=0 res5=0 res6=0 res7=0 res8=0 Farm=1 Hothouse=3 | nw=1531966.2115
  s=   45 a= 17(BUILD:HuntingLand) r= -4.6964 cum=    -60.61 v= +7.8650 top5=[a32=0.035, a6=0.033, a10=0.030, a19=0.030, a1=0.029] [BUILD FAILED: HuntingLand]
    OBS: year=0 month=4 season=0 money=12405 credit=0 people=28 busy=0 free=28 home_places=50 need_workers=0 tax_due=0 main_tax_due=0 tax_amount=6786 main_tax_amount=0 days_alive=46 stage=0 res0=0 res1=0 res2=0 res3=0 res4=0 res5=0 res6=0 res7=0 res8=0 Farm=1 Hothouse=3 | nw=1531960.5144
  s=   46 a=  7(BUILD:Sawmill) r= -0.3126 cum=    -60.93 v= +8.3663 top5=[a32=0.035, a19=0.031, a10=0.031, a6=0.030, a39=0.029] [BUILD: Sawmill]
    OBS: year=0 month=4 season=0 money=12405 credit=0 people=28 busy=0 free=28 home_places=50 need_workers=0 tax_due=0 main_tax_due=0 tax_amount=6786 main_tax_amount=0 days_alive=47 stage=0 res0=0 res1=0 res2=0 res3=0 res4=0 res5=0 res6=0 res7=0 res8=0 Farm=1 Hothouse=3 | nw=1531947.2212
  s=   47 a= 15(BUILD:Fish) r= -0.3084 cum=    -61.23 v= +8.4467 top5=[a32=0.040, a30=0.032, a39=0.032, a43=0.031, a19=0.030] [BUILD: Fish]
    OBS: year=0 month=4 season=0 money=12405 credit=0 people=28 busy=0 free=28 home_places=50 need_workers=0 tax_due=0 main_tax_due=0 tax_amount=6786 main_tax_amount=0 days_alive=48 stage=0 res0=0 res1=0 res2=0 res3=0 res4=0 res5=0 res6=0 res7=0 res8=0 Farm=1 Hothouse=3 | nw=1531935.8269
  s=   48 a= 41(MANAGER:7) r= -4.6975 cum=    -65.93 v= +8.6171 top5=[a32=0.040, a30=0.032, a39=0.032, a43=0.031, a19=0.030]
    OBS: year=0 month=4 season=0 money=11605 credit=0 people=28 busy=0 free=28 home_places=50 need_workers=0 tax_due=0 main_tax_due=0 tax_amount=6794 main_tax_amount=0 days_alive=49 stage=0 res0=0 res1=400 res2=0 res3=0 res4=0 res5=0 res6=0 res7=0 res8=0 Farm=1 Hothouse=3 | nw=1531524.4327
  s=   49 a= 20(BUILD:BigHouse) r= -0.3126 cum=    -66.24 v=+10.1389 top5=[a32=0.035, a39=0.033, a43=0.032, a23=0.030, a30=0.030] [BUILD: BigHouse]
    OBS: year=0 month=4 season=0 money=11605 credit=0 people=28 busy=0 free=28 home_places=50 need_workers=0 tax_due=0 main_tax_due=0 tax_amount=6794 main_tax_amount=0 days_alive=50 stage=0 res0=0 res1=400 res2=0 res3=0 res4=0 res5=0 res6=0 res7=0 res8=0 Farm=1 Hothouse=3 | nw=1531511.1394
  s=   50 a=  3(BUILD:Farm) r= +1.4936 cum=    -64.75 v=+10.3503 top5=[a32=0.035, a39=0.033, a43=0.032, a23=0.030, a30=0.030] [BUILD: Farm]
    OBS: year=0 month=4 season=0 money=3965 credit=0 people=28 busy=0 free=28 home_places=50 need_workers=4 tax_due=0 main_tax_due=0 tax_amount=7214 main_tax_amount=0 days_alive=51 stage=0 res0=0 res1=400 res2=0 res3=0 res4=0 res5=0 res6=0 res7=0 res8=0 Farm=1 Garden=1 Hothouse=3 | nw=1531499.7452
  s=   51 a=  3(BUILD:Farm) r= -0.3079 cum=    -65.06 v=+11.3182 top5=[a32=0.034, a43=0.034, a39=0.034, a19=0.030, a14=0.029] [BUILD: Farm]
    OBS: year=0 month=4 season=0 money=3965 credit=0 people=28 busy=0 free=28 home_places=50 need_workers=4 tax_due=0 main_tax_due=0 tax_amount=7214 main_tax_amount=0 days_alive=52 stage=0 res0=0 res1=400 res2=0 res3=0 res4=0 res5=0 res6=0 res7=0 res8=0 Farm=1 Garden=1 Hothouse=3 | nw=1531488.3510
  s=   52 a=  5(BUILD:House) r= -4.6905 cum=    -69.75 v=+11.3988 top5=[a32=0.034, a43=0.034, a39=0.034, a19=0.030, a14=0.029] [BUILD FAILED: House]
    OBS: year=0 month=4 season=0 money=3965 credit=0 people=28 busy=0 free=28 home_places=50 need_workers=4 tax_due=0 main_tax_due=0 tax_amount=7214 main_tax_amount=0 days_alive=53 stage=0 res0=0 res1=400 res2=0 res3=0 res4=0 res5=0 res6=0 res7=0 res8=0 Farm=1 Garden=1 Hothouse=3 | nw=1531476.9567
  s=   53 a=  2(BUILD:WaterChannel) r= -0.3033 cum=    -70.05 v=+11.4769 top5=[a32=0.034, a43=0.034, a39=0.034, a19=0.031, a14=0.029] [BUILD: WaterChannel]
    OBS: year=0 month=4 season=0 money=3965 credit=0 people=28 busy=0 free=28 home_places=50 need_workers=4 tax_due=0 main_tax_due=0 tax_amount=7214 main_tax_amount=0 days_alive=54 stage=0 res0=0 res1=400 res2=0 res3=0 res4=0 res5=0 res6=0 res7=0 res8=0 Farm=1 Garden=1 Hothouse=3 | nw=1531467.4615
  s=   54 a= 29(BUILD:Puerperal) r= -0.3080 cum=    -70.36 v=+11.5170 top5=[a43=0.034, a32=0.034, a39=0.034, a19=0.031, a14=0.029] [BUILD: Puerperal]
    OBS: year=0 month=4 season=0 money=3965 credit=0 people=28 busy=0 free=28 home_places=50 need_workers=4 tax_due=0 main_tax_due=0 tax_amount=7214 main_tax_amount=0 days_alive=55 stage=0 res0=0 res1=400 res2=0 res3=0 res4=0 res5=0 res6=0 res7=0 res8=0 Farm=1 Garden=1 Hothouse=3 | nw=1531456.0673
  s=   55 a=  5(BUILD:House) r= -4.6917 cum=    -75.05 v=+11.5114 top5=[a43=0.034, a32=0.034, a39=0.034, a19=0.031, a14=0.029] [BUILD FAILED: House]
    OBS: year=0 month=4 season=0 money=3965 credit=0 people=28 busy=0 free=28 home_places=50 need_workers=4 tax_due=0 main_tax_due=0 tax_amount=7214 main_tax_amount=0 days_alive=56 stage=0 res0=0 res1=400 res2=0 res3=0 res4=0 res5=0 res6=0 res7=0 res8=0 Farm=1 Garden=1 Hothouse=3 | nw=1531444.6731
  s=   56 a= 19(BUILD:Mushroom) r= -0.2799 cum=    -75.33 v=+11.4967 top5=[a43=0.034, a32=0.034, a39=0.034, a19=0.031, a14=0.029] [BUILD: Mushroom]
    OBS: year=0 month=4 season=0 money=3965 credit=0 people=28 busy=0 free=28 home_places=50 need_workers=4 tax_due=0 main_tax_due=0 tax_amount=7214 main_tax_amount=0 days_alive=57 stage=0 res0=0 res1=400 res2=0 res3=0 res4=0 res5=0 res6=0 res7=0 res8=0 Farm=1 Garden=1 Hothouse=3 | nw=1531433.2788
  s=   57 a=  4(BUILD:Garden) r= -0.1361 cum=    -75.47 v=+12.1214 top5=[a39=0.036, a32=0.035, a43=0.035, a19=0.032, a14=0.029] [BUILD: Garden]
    OBS: year=0 month=4 season=0 money=3965 credit=0 people=28 busy=0 free=28 home_places=50 need_workers=4 tax_due=0 main_tax_due=0 tax_amount=7214 main_tax_amount=0 days_alive=58 stage=0 res0=0 res1=400 res2=0 res3=0 res4=0 res5=0 res6=0 res7=0 res8=0 Farm=1 Garden=1 Hothouse=3 | nw=1531422.2806
  s=   58 a= 42(MANAGER:8) r= -4.6920 cum=    -80.16 v=+11.8823 top5=[a39=0.036, a32=0.036, a43=0.034, a24=0.031, a19=0.030]
    OBS: year=0 month=4 season=0 money=53965 credit=50100 people=28 busy=0 free=28 home_places=50 need_workers=4 tax_due=0 main_tax_due=0 tax_amount=7214 main_tax_amount=0 days_alive=59 stage=0 res0=0 res1=400 res2=0 res3=0 res4=0 res5=0 res6=0 res7=0 res8=0 Farm=1 Garden=1 Hothouse=3 | nw=1531309.3832
  s=   59 a= 25(BUILD:SuperHouse) r= -0.6592 cum=    -80.82 v= +5.0957 top5=[a39=0.036, a43=0.035, a32=0.032, a15=0.032, a19=0.031] [BUILD: SuperHouse]
    OBS: year=0 month=4 season=0 money=53965 credit=50200 people=28 busy=0 free=28 home_places=50 need_workers=4 tax_due=0 main_tax_due=0 tax_amount=7214 main_tax_amount=0 days_alive=60 stage=0 res0=0 res1=400 res2=0 res3=0 res4=0 res5=0 res6=0 res7=0 res8=0 Farm=1 Garden=1 Hothouse=3 | nw=1531198.1870
  s=   60 a=  3(BUILD:Farm) r= +1.1362 cum=    -79.68 v= +5.1291 top5=[a39=0.036, a43=0.035, a15=0.032, a32=0.032, a19=0.031] [BUILD: Farm]
    OBS: year=0 month=5 season=0 money=46325 credit=50300 people=28 busy=0 free=28 home_places=50 need_workers=9 tax_due=0 main_tax_due=0 tax_amount=7634 main_tax_amount=0 days_alive=61 stage=0 res0=0 res1=400 res2=0 res3=0 res4=0 res5=0 res6=0 res7=0 res8=0 Farm=1 Garden=2 Hothouse=3 | nw=1531085.2897
  s=   61 a=  2(BUILD:WaterChannel) r= +1.1093 cum=    -78.57 v= +2.5268 top5=[a32=0.033, a39=0.031, a43=0.031, a24=0.030, a6=0.029] [BUILD: WaterChannel]
    OBS: year=0 month=5 season=0 money=26511 credit=50400 people=28 busy=0 free=28 home_places=50 need_workers=9 tax_due=0 main_tax_due=0 tax_amount=8054 main_tax_amount=0 days_alive=62 stage=0 res0=0 res1=400 res2=0 res3=0 res4=0 res5=0 res6=0 res7=0 res8=0 Farm=2 Garden=2 Hothouse=3 | nw=1530966.8932
  s=   62 a=  3(BUILD:Farm) r= +1.1290 cum=    -77.44 v= +4.0086 top5=[a39=0.032, a24=0.032, a32=0.032, a43=0.032, a6=0.030] [BUILD: Farm]
    OBS: year=0 month=5 season=0 money=18871 credit=50500 people=28 busy=0 free=28 home_places=50 need_workers=9 tax_due=0 main_tax_due=0 tax_amount=8474 main_tax_amount=0 days_alive=63 stage=0 res0=0 res1=400 res2=0 res3=0 res4=0 res5=0 res6=0 res7=0 res8=0 Farm=2 Garden=3 Hothouse=3 | nw=1530852.0968
  s=   63 a= 32(BUILD:SmallAtomStation) r= -0.6697 cum=    -78.11 v= +4.6120 top5=[a24=0.035, a39=0.034, a43=0.033, a32=0.030, a19=0.030] [BUILD: SmallAtomStation]
    OBS: year=0 month=5 season=0 money=18871 credit=50601 people=28 busy=0 free=28 home_places=50 need_workers=9 tax_due=0 main_tax_due=0 tax_amount=8474 main_tax_amount=0 days_alive=64 stage=0 res0=0 res1=400 res2=0 res3=0 res4=0 res5=0 res6=0 res7=0 res8=0 Farm=2 Garden=3 Hothouse=3 | nw=1530736.3005
  s=   64 a= 19(BUILD:Mushroom) r= -4.6817 cum=    -82.80 v= +4.7802 top5=[a24=0.035, a39=0.034, a43=0.033, a19=0.030, a32=0.030] [BUILD FAILED: Mushroom]
    OBS: year=0 month=5 season=0 money=18871 credit=50702 people=28 busy=0 free=28 home_places=50 need_workers=9 tax_due=0 main_tax_due=0 tax_amount=8474 main_tax_amount=0 days_alive=65 stage=0 res0=0 res1=400 res2=0 res3=0 res4=0 res5=0 res6=0 res7=0 res8=0 Farm=2 Garden=3 Hothouse=3 | nw=1530618.6051
  s=   65 a= 10(BUILD:Refinery) r= -0.6700 cum=    -83.47 v= +4.9351 top5=[a24=0.035, a39=0.034, a43=0.034, a19=0.030, a32=0.030] [BUILD: Refinery]
    OBS: year=0 month=5 season=0 money=18871 credit=50803 people=28 busy=0 free=28 home_places=50 need_workers=9 tax_due=0 main_tax_due=0 tax_amount=8474 main_tax_amount=0 days_alive=66 stage=0 res0=0 res1=400 res2=0 res3=0 res4=0 res5=0 res6=0 res7=0 res8=0 Farm=2 Garden=3 Hothouse=3 | nw=1530502.8087
  s=   66 a=  4(BUILD:Garden) r= -0.4918 cum=    -83.96 v= +5.0779 top5=[a24=0.036, a43=0.034, a39=0.034, a19=0.030, a32=0.030] [BUILD: Garden]
    OBS: year=0 month=5 season=0 money=18871 credit=50904 people=28 busy=0 free=28 home_places=50 need_workers=9 tax_due=0 main_tax_due=0 tax_amount=8474 main_tax_amount=0 days_alive=67 stage=0 res0=0 res1=400 res2=0 res3=0 res4=0 res5=0 res6=0 res7=0 res8=0 Farm=2 Garden=3 Hothouse=3 | nw=1530390.6125
  s=   67 a= 14(BUILD:Road) r= +4.6848 cum=    -79.27 v= +5.2201 top5=[a24=0.036, a43=0.034, a39=0.034, a19=0.030, a32=0.029] [BUILD: Road]
    OBS: year=0 month=5 season=0 money=12971 credit=51005 people=28 busy=0 free=28 home_places=50 need_workers=9 tax_due=0 main_tax_due=0 tax_amount=8894 main_tax_amount=0 days_alive=68 stage=0 res0=0 res1=400 res2=0 res3=0 res4=0 res5=0 res6=0 res7=0 res8=0 Farm=2 Garden=3 SmallHouse=1 Hothouse=3 | nw=1530273.1150
  s=   68 a= 12(BUILD:PowerStation) r= +0.4692 cum=    -78.80 v= +4.7497 top5=[a43=0.038, a24=0.037, a19=0.034, a39=0.032, a44=0.031] [BUILD: PowerStation]
    OBS: year=0 month=5 season=0 money=12571 credit=51107 people=28 busy=0 free=28 home_places=50 need_workers=9 tax_due=0 main_tax_due=0 tax_amount=8894 main_tax_amount=0 days_alive=69 stage=0 res0=0 res1=400 res2=0 res3=0 res4=0 res5=0 res6=0 res7=0 res8=0 Farm=2 Garden=3 Road=1 SmallHouse=1 Hothouse=3 | nw=1530154.6176
  s=   69 a= 12(BUILD:PowerStation) r= +0.4729 cum=    -78.33 v= +4.4962 top5=[a43=0.037, a24=0.036, a19=0.034, a39=0.032, a44=0.031] [BUILD: PowerStation]
    OBS: year=0 month=5 season=0 money=12171 credit=51209 people=28 busy=0 free=28 home_places=50 need_workers=9 tax_due=0 main_tax_due=0 tax_amount=8894 main_tax_amount=0 days_alive=70 stage=0 res0=0 res1=400 res2=0 res3=0 res4=0 res5=0 res6=0 res7=0 res8=0 Farm=2 Garden=3 Road=2 SmallHouse=1 Hothouse=3 | nw=1530037.8213
  s=   70 a= 24(BUILD:Hothouse) r= -0.6699 cum=    -79.00 v= +4.5438 top5=[a43=0.036, a24=0.036, a19=0.034, a39=0.032, a44=0.030] [BUILD: Hothouse]
    OBS: year=0 month=5 season=0 money=12171 credit=51311 people=28 busy=0 free=28 home_places=50 need_workers=9 tax_due=0 main_tax_due=0 tax_amount=8894 main_tax_amount=0 days_alive=71 stage=0 res0=0 res1=400 res2=0 res3=0 res4=0 res5=0 res6=0 res7=0 res8=0 Farm=2 Garden=3 Road=2 SmallHouse=1 Hothouse=3 | nw=1529920.1504
  s=   71 a= 18(BUILD:CowFarm) r= -4.6416 cum=    -83.64 v= +4.7324 top5=[a43=0.037, a24=0.036, a19=0.033, a39=0.032, a44=0.030] [BUILD FAILED: CowFarm]
    OBS: year=0 month=5 season=0 money=12171 credit=51413 people=28 busy=0 free=28 home_places=50 need_workers=9 tax_due=0 main_tax_due=0 tax_amount=8894 main_tax_amount=0 days_alive=72 stage=0 res0=0 res1=400 res2=0 res3=0 res4=0 res5=0 res6=0 res7=0 res8=0 Farm=2 Garden=3 Road=2 SmallHouse=1 Hothouse=3 | nw=1529802.4795
  s=   72 a= 43(MANAGER:9) r= -0.6747 cum=    -84.32 v= +4.8315 top5=[a43=0.037, a24=0.037, a19=0.033, a39=0.032, a44=0.030]
    OBS: year=0 month=5 season=0 money=12171 credit=51515 people=28 busy=0 free=28 home_places=50 need_workers=9 tax_due=0 main_tax_due=0 tax_amount=8894 main_tax_amount=0 days_alive=73 stage=0 res0=0 res1=400 res2=0 res3=0 res4=0 res5=0 res6=0 res7=0 res8=0 Farm=2 Garden=3 Road=2 SmallHouse=1 Hothouse=3 | nw=1529682.9095
  s=   73 a= 26(BUILD:BigSawmill) r= -0.6692 cum=    -84.99 v= +4.9011 top5=[a43=0.037, a24=0.036, a19=0.033, a39=0.032, a44=0.030] [BUILD: BigSawmill]
    OBS: year=0 month=5 season=0 money=12171 credit=51618 people=28 busy=0 free=28 home_places=50 need_workers=9 tax_due=0 main_tax_due=0 tax_amount=8894 main_tax_amount=0 days_alive=74 stage=0 res0=0 res1=400 res2=0 res3=0 res4=0 res5=0 res6=0 res7=0 res8=0 Farm=2 Garden=3 Road=2 SmallHouse=1 Hothouse=3 | nw=1529566.1376
  s=   74 a= 10(BUILD:Refinery) r= -4.6456 cum=    -89.63 v= +4.9735 top5=[a43=0.037, a24=0.036, a19=0.033, a39=0.032, a44=0.030] [BUILD FAILED: Refinery]
    OBS: year=0 month=5 season=0 money=12171 credit=51721 people=28 busy=0 free=28 home_places=50 need_workers=9 tax_due=0 main_tax_due=0 tax_amount=8894 main_tax_amount=0 days_alive=75 stage=0 res0=0 res1=400 res2=0 res3=0 res4=0 res5=0 res6=0 res7=0 res8=0 Farm=2 Garden=3 Road=2 SmallHouse=1 Hothouse=3 | nw=1529447.4667
  s=   75 a= 18(BUILD:CowFarm) r= +4.6397 cum=    -84.99 v= +5.2488 top5=[a43=0.039, a24=0.037, a19=0.033, a39=0.031, a44=0.030] [BUILD: CowFarm]
    OBS: year=0 month=5 season=0 money=12171 credit=51824 people=28 busy=0 free=28 home_places=50 need_workers=9 tax_due=0 main_tax_due=0 tax_amount=8894 main_tax_amount=0 days_alive=76 stage=0 res0=0 res1=400 res2=0 res3=0 res4=0 res5=0 res6=0 res7=0 res8=0 Farm=2 Garden=3 Road=2 SmallHouse=1 Hothouse=3 | nw=1529325.5752
  s=   76 a=  1(WEEK) r= -2.6117 cum=    -87.60 v= +5.4196 top5=[a43=0.040, a24=0.038, a19=0.032, a44=0.030, a32=0.030]
    OBS: year=0 month=5 season=0 money=12171 credit=52550 people=28 busy=0 free=28 home_places=50 need_workers=9 tax_due=0 main_tax_due=0 tax_amount=8894 main_tax_amount=0 days_alive=83 stage=0 res0=0 res1=400 res2=0 res3=0 res4=0 res5=0 res6=0 res7=0 res8=0 Farm=2 Garden=3 Road=2 SmallHouse=1 Hothouse=3 | nw=1528476.5702
  s=   77 a=  7(BUILD:Sawmill) r= -4.5994 cum=    -92.20 v= +6.3807 top5=[a43=0.044, a24=0.039, a15=0.033, a32=0.033, a39=0.031] [BUILD FAILED: Sawmill]
    OBS: year=0 month=5 season=0 money=12171 credit=52655 people=28 busy=0 free=28 home_places=50 need_workers=9 tax_due=0 main_tax_due=0 tax_amount=8894 main_tax_amount=0 days_alive=84 stage=0 res0=0 res1=400 res2=0 res3=0 res4=0 res5=0 res6=0 res7=0 res8=0 Farm=2 Garden=3 Road=2 SmallHouse=1 Hothouse=3 | nw=1528350.7316
  s=   78 a= 32(BUILD:SmallAtomStation) r= -0.6833 cum=    -92.89 v= +6.5793 top5=[a43=0.045, a24=0.039, a15=0.033, a32=0.033, a39=0.031] [BUILD: SmallAtomStation]
    OBS: year=0 month=5 season=0 money=12171 credit=52760 people=28 busy=0 free=28 home_places=50 need_workers=9 tax_due=0 main_tax_due=0 tax_amount=8894 main_tax_amount=0 days_alive=85 stage=0 res0=0 res1=400 res2=0 res3=0 res4=0 res5=0 res6=0 res7=0 res8=0 Farm=2 Garden=3 Road=2 SmallHouse=1 Hothouse=3 | nw=1528226.0323
  s=   79 a= 18(BUILD:CowFarm) r= -0.6943 cum=    -93.58 v= +6.7619 top5=[a43=0.045, a24=0.039, a15=0.033, a32=0.033, a39=0.032] [BUILD: CowFarm]
    OBS: year=0 month=5 season=0 money=12171 credit=52865 people=28 busy=0 free=28 home_places=50 need_workers=9 tax_due=0 main_tax_due=0 tax_amount=8894 main_tax_amount=0 days_alive=86 stage=0 res0=0 res1=400 res2=0 res3=0 res4=0 res5=0 res6=0 res7=0 res8=0 Farm=2 Garden=3 Road=2 SmallHouse=1 Hothouse=3 | nw=1528096.9828
  s=   80 a= 19(BUILD:Mushroom) r= -4.6040 cum=    -98.18 v= +6.9471 top5=[a43=0.045, a24=0.039, a15=0.033, a32=0.032, a39=0.032] [BUILD FAILED: Mushroom]
    OBS: year=0 month=5 season=0 money=12171 credit=52970 people=28 busy=0 free=28 home_places=50 need_workers=9 tax_due=0 main_tax_due=0 tax_amount=8894 main_tax_amount=0 days_alive=87 stage=0 res0=0 res1=400 res2=0 res3=0 res4=0 res5=0 res6=0 res7=0 res8=0 Farm=2 Garden=3 Road=2 SmallHouse=1 Hothouse=3 | nw=1527973.0433
  s=   81 a=  6(BUILD:SmallHouse) r= -0.6873 cum=    -98.87 v= +7.0963 top5=[a43=0.045, a24=0.039, a15=0.034, a32=0.032, a39=0.032] [BUILD: SmallHouse]
    OBS: year=0 month=5 season=0 money=12171 credit=53075 people=28 busy=0 free=28 home_places=50 need_workers=9 tax_due=0 main_tax_due=0 tax_amount=8894 main_tax_amount=0 days_alive=88 stage=0 res0=0 res1=400 res2=0 res3=0 res4=0 res5=0 res6=0 res7=0 res8=0 Farm=2 Garden=3 Road=2 SmallHouse=1 Hothouse=3 | nw=1527847.2047
  s=   82 a= 25(BUILD:SuperHouse) r= -0.6906 cum=    -99.56 v= +7.2460 top5=[a43=0.046, a24=0.039, a15=0.034, a39=0.032, a32=0.032] [BUILD: SuperHouse]
    OBS: year=0 month=5 season=0 money=12171 credit=53181 people=28 busy=0 free=28 home_places=50 need_workers=9 tax_due=0 main_tax_due=0 tax_amount=8894 main_tax_amount=0 days_alive=89 stage=0 res0=0 res1=400 res2=0 res3=0 res4=0 res5=0 res6=0 res7=0 res8=0 Farm=2 Garden=3 Road=2 SmallHouse=1 Hothouse=3 | nw=1527720.3661
  s=   83 a= 36(MANAGER:2) r= -4.1601 cum=   -103.72 v= +7.3815 top5=[a43=0.046, a24=0.039, a15=0.034, a39=0.032, a32=0.032]
    OBS: year=0 month=5 season=0 money=11831 credit=53287 people=28 busy=0 free=28 home_places=50 need_workers=9 tax_due=0 main_tax_due=0 tax_amount=8894 main_tax_amount=0 days_alive=90 stage=0 res0=0 res1=400 res2=0 res3=0 res4=0 res5=0 res6=0 res7=0 res8=0 Farm=2 Garden=3 Road=2 SmallHouse=1 Hothouse=3 | nw=1527888.2313
  s=   84 a= 43(MANAGER:9) r= -0.6871 cum=   -104.41 v= +7.6018 top5=[a43=0.046, a24=0.039, a15=0.034, a39=0.032, a25=0.032]
    OBS: year=0 month=5 season=0 money=11831 credit=53393 people=28 busy=0 free=28 home_places=50 need_workers=9 tax_due=0 main_tax_due=0 tax_amount=8894 main_tax_amount=0 days_alive=91 stage=0 res0=0 res1=400 res2=0 res3=0 res4=0 res5=0 res6=0 res7=0 res8=0 Farm=2 Garden=3 Road=2 SmallHouse=1 Hothouse=3 | nw=1527763.2917
  s=   85 a= 38(MANAGER:4) r= +1.1520 cum=   -103.26 v= +7.7072 top5=[a43=0.046, a24=0.039, a15=0.034, a39=0.032, a25=0.032]
    OBS: year=0 month=6 season=1 money=11831 credit=53499 people=28 busy=0 free=28 home_places=50 need_workers=15 tax_due=0 main_tax_due=0 tax_amount=8894 main_tax_amount=0 days_alive=92 stage=0 res0=0 res1=400 res2=0 res3=0 res4=0 res5=0 res6=0 res7=0 res8=0 Farm=2 Garden=3 Road=2 SmallHouse=1 Hothouse=3 | nw=1527636.4531
  s=   86 a= 35(MANAGER:1) r= -4.6073 cum=   -107.87 v= -5.0280 top5=[a24=0.036, a34=0.034, a43=0.032, a32=0.030, a10=0.029]
    OBS: year=0 month=6 season=1 money=11831 credit=53605 people=28 busy=0 free=28 home_places=50 need_workers=15 tax_due=0 main_tax_due=0 tax_amount=8894 main_tax_amount=0 days_alive=93 stage=0 res0=0 res1=400 res2=0 res3=0 res4=0 res5=0 res6=0 res7=0 res8=0 Farm=2 Garden=3 Road=2 SmallHouse=1 Hothouse=3 | nw=1527511.9508
  s=   87 a= 24(BUILD:Hothouse) r= -0.6841 cum=   -108.55 v= -5.3934 top5=[a24=0.038, a34=0.032, a43=0.032, a10=0.032, a39=0.031] [BUILD: Hothouse]
    OBS: year=0 month=6 season=1 money=11831 credit=53712 people=28 busy=0 free=28 home_places=50 need_workers=15 tax_due=0 main_tax_due=0 tax_amount=8894 main_tax_amount=0 days_alive=94 stage=0 res0=0 res1=400 res2=0 res3=0 res4=0 res5=0 res6=0 res7=0 res8=0 Farm=2 Garden=3 Road=2 SmallHouse=1 Hothouse=3 | nw=1527388.3476
  s=   88 a=  1(WEEK) r= -2.7406 cum=   -111.29 v= -5.2246 top5=[a24=0.038, a34=0.032, a43=0.032, a10=0.031, a39=0.031]
    OBS: year=0 month=6 season=1 money=11831 credit=54465 people=28 busy=0 free=28 home_places=50 need_workers=15 tax_due=0 main_tax_due=0 tax_amount=8894 main_tax_amount=0 days_alive=101 stage=0 res0=0 res1=400 res2=0 res3=0 res4=0 res5=0 res6=0 res7=0 res8=0 Farm=2 Garden=3 Road=2 SmallHouse=1 Hothouse=3 | nw=1526499.8058
  s=   89 a= 14(BUILD:Road) r= +0.1777 cum=   -111.11 v= -4.6017 top5=[a24=0.039, a34=0.035, a10=0.033, a39=0.032, a40=0.032] [BUILD: Road]
    OBS: year=0 month=6 season=1 money=5931 credit=54573 people=28 busy=0 free=28 home_places=50 need_workers=20 tax_due=0 main_tax_due=0 tax_amount=9314 main_tax_amount=0 days_alive=102 stage=0 res0=0 res1=400 res2=0 res3=0 res4=0 res5=0 res6=0 res7=0 res8=0 Farm=2 Garden=3 Road=2 SmallHouse=2 Hothouse=3 | nw=1526369.4641
  s=   90 a= 40(MANAGER:6) r= -0.1422 cum=   -111.25 v= -4.9895 top5=[a24=0.041, a34=0.036, a43=0.033, a39=0.033, a41=0.031]
    OBS: year=0 month=6 season=1 money=6131 credit=54682 people=28 busy=0 free=28 home_places=50 need_workers=20 tax_due=0 main_tax_due=0 tax_amount=9318 main_tax_amount=0 days_alive=103 stage=0 res0=0 res1=200 res2=0 res3=0 res4=0 res5=0 res6=0 res7=0 res8=0 Farm=2 Garden=3 Road=2 SmallHouse=2 Hothouse=3 | nw=1526238.5597
  s=   91 a=  8(BUILD:Coalmine) r= -4.6162 cum=   -115.87 v= -4.8354 top5=[a24=0.041, a34=0.036, a43=0.033, a39=0.033, a41=0.031] [BUILD FAILED: Coalmine]
    OBS: year=0 month=6 season=1 money=6131 credit=54791 people=28 busy=0 free=28 home_places=50 need_workers=20 tax_due=0 main_tax_due=0 tax_amount=9318 main_tax_amount=0 days_alive=104 stage=0 res0=0 res1=200 res2=0 res3=0 res4=0 res5=0 res6=0 res7=0 res8=0 Farm=2 Garden=3 Road=2 SmallHouse=2 Hothouse=3 | nw=1526107.9778
  s=   92 a= 41(MANAGER:7) r= -0.7060 cum=   -116.58 v= -4.6981 top5=[a24=0.041, a34=0.036, a43=0.033, a39=0.033, a41=0.031]
    OBS: year=0 month=6 season=1 money=5731 credit=54900 people=28 busy=0 free=28 home_places=50 need_workers=20 tax_due=0 main_tax_due=0 tax_amount=9322 main_tax_amount=0 days_alive=105 stage=0 res0=0 res1=400 res2=0 res3=0 res4=0 res5=0 res6=0 res7=0 res8=0 Farm=2 Garden=3 Road=2 SmallHouse=2 Hothouse=3 | nw=1525776.6361
  s=   93 a= 17(BUILD:HuntingLand) r= -0.7070 cum=   -117.28 v= -4.5851 top5=[a24=0.040, a34=0.037, a43=0.033, a39=0.033, a41=0.031] [BUILD: HuntingLand]
    OBS: year=0 month=6 season=1 money=5731 credit=55009 people=28 busy=0 free=28 home_places=50 need_workers=20 tax_due=0 main_tax_due=0 tax_amount=9322 main_tax_amount=0 days_alive=106 stage=0 res0=0 res1=400 res2=0 res3=0 res4=0 res5=0 res6=0 res7=0 res8=0 Farm=2 Garden=3 Road=2 SmallHouse=2 Hothouse=3 | nw=1525645.2944
  s=   94 a= 25(BUILD:SuperHouse) r= -4.6205 cum=   -121.90 v= -4.4706 top5=[a24=0.040, a34=0.037, a43=0.033, a39=0.033, a41=0.032] [BUILD FAILED: SuperHouse]
    OBS: year=0 month=6 season=1 money=5731 credit=55119 people=28 busy=0 free=28 home_places=50 need_workers=20 tax_due=0 main_tax_due=0 tax_amount=9322 main_tax_amount=0 days_alive=107 stage=0 res0=0 res1=400 res2=0 res3=0 res4=0 res5=0 res6=0 res7=0 res8=0 Farm=2 Garden=3 Road=2 SmallHouse=2 Hothouse=3 | nw=1525512.9527
  s=   95 a= 32(BUILD:SmallAtomStation) r= -0.7098 cum=   -122.61 v= -4.3587 top5=[a24=0.040, a34=0.037, a43=0.033, a39=0.033, a41=0.032] [BUILD: SmallAtomStation]
    OBS: year=0 month=6 season=1 money=5731 credit=55229 people=28 busy=0 free=28 home_places=50 need_workers=20 tax_due=0 main_tax_due=0 tax_amount=9322 main_tax_amount=0 days_alive=108 stage=0 res0=0 res1=400 res2=0 res3=0 res4=0 res5=0 res6=0 res7=0 res8=0 Farm=2 Garden=3 Road=2 SmallHouse=2 Hothouse=3 | nw=1525380.6110
  s=   96 a= 35(MANAGER:1) r= -0.7064 cum=   -123.32 v= -4.2497 top5=[a24=0.039, a34=0.037, a43=0.033, a39=0.033, a41=0.032]
    OBS: year=0 month=6 season=1 money=5731 credit=55339 people=28 busy=0 free=28 home_places=50 need_workers=20 tax_due=0 main_tax_due=0 tax_amount=9322 main_tax_amount=0 days_alive=109 stage=0 res0=0 res1=400 res2=0 res3=0 res4=0 res5=0 res6=0 res7=0 res8=0 Farm=2 Garden=3 Road=2 SmallHouse=2 Hothouse=3 | nw=1525250.1684
  s=   97 a= 12(BUILD:PowerStation) r= +0.4224 cum=   -122.90 v= -4.5858 top5=[a24=0.039, a34=0.038, a39=0.034, a43=0.032, a41=0.031] [BUILD: PowerStation]
    OBS: year=0 month=6 season=1 money=5331 credit=55449 people=28 busy=0 free=28 home_places=70 need_workers=20 tax_due=0 main_tax_due=0 tax_amount=9322 main_tax_amount=0 days_alive=110 stage=0 res0=0 res1=400 res2=0 res3=0 res4=0 res5=0 res6=0 res7=0 res8=0 Farm=2 Garden=3 Road=3 SmallHouse=2 Hothouse=3 | nw=1525116.3071
  s=   98 a= 27(BUILD:WaterMill) r= -0.7138 cum=   -123.61 v= -4.3914 top5=[a24=0.039, a34=0.037, a43=0.034, a39=0.034, a41=0.032] [BUILD: WaterMill]
    OBS: year=0 month=6 season=1 money=5331 credit=55559 people=28 busy=0 free=28 home_places=70 need_workers=20 tax_due=0 main_tax_due=0 tax_amount=9322 main_tax_amount=0 days_alive=111 stage=0 res0=0 res1=400 res2=0 res3=0 res4=0 res5=0 res6=0 res7=0 res8=0 Farm=2 Garden=3 Road=3 SmallHouse=2 Hothouse=3 | nw=1524983.2056
  s=   99 a=  0(DAY) r= -4.6300 cum=   -128.24 v= -4.2839 top5=[a24=0.039, a34=0.037, a43=0.034, a39=0.034, a41=0.032]
    OBS: year=0 month=6 season=1 money=5331 credit=55670 people=28 busy=0 free=28 home_places=70 need_workers=20 tax_due=0 main_tax_due=0 tax_amount=9322 main_tax_amount=0 days_alive=112 stage=0 res0=0 res1=400 res2=0 res3=0 res4=0 res5=0 res6=0 res7=0 res8=0 Farm=2 Garden=3 Road=3 SmallHouse=2 Hothouse=3 | nw=1524848.3444
  s=  100 a=  5(BUILD:House) r= -0.7183 cum=   -128.96 v= -4.1604 top5=[a24=0.039, a34=0.037, a43=0.034, a39=0.034, a41=0.032] [BUILD: House]
    OBS: year=0 month=6 season=1 money=5331 credit=55781 people=28 busy=0 free=28 home_places=70 need_workers=20 tax_due=0 main_tax_due=0 tax_amount=9322 main_tax_amount=0 days_alive=113 stage=0 res0=0 res1=400 res2=0 res3=0 res4=0 res5=0 res6=0 res7=0 res8=0 Farm=2 Garden=3 Road=3 SmallHouse=2 Hothouse=3 | nw=1524713.4831
  s=  101 a=  8(BUILD:Coalmine) r= -0.7193 cum=   -129.68 v= -4.0375 top5=[a24=0.038, a34=0.038, a43=0.034, a39=0.034, a41=0.032] [BUILD: Coalmine]
    OBS: year=0 month=6 season=1 money=5331 credit=55892 people=28 busy=0 free=28 home_places=70 need_workers=20 tax_due=0 main_tax_due=0 tax_amount=9322 main_tax_amount=0 days_alive=114 stage=0 res0=0 res1=400 res2=0 res3=0 res4=0 res5=0 res6=0 res7=0 res8=0 Farm=2 Garden=3 Road=3 SmallHouse=2 Hothouse=3 | nw=1524578.6219
  s=  102 a=  7(BUILD:Sawmill) r= -4.6341 cum=   -134.31 v= -3.9431 top5=[a24=0.038, a34=0.038, a43=0.034, a39=0.034, a41=0.032] [BUILD FAILED: Sawmill]
    OBS: year=0 month=6 season=1 money=5331 credit=56003 people=28 busy=0 free=28 home_places=70 need_workers=20 tax_due=0 main_tax_due=0 tax_amount=9322 main_tax_amount=0 days_alive=115 stage=0 res0=0 res1=400 res2=0 res3=0 res4=0 res5=0 res6=0 res7=0 res8=0 Farm=2 Garden=3 Road=3 SmallHouse=2 Hothouse=3 | nw=1524443.7606
  s=  103 a= 38(MANAGER:4) r= +1.1344 cum=   -133.18 v= -3.8853 top5=[a24=0.038, a34=0.038, a43=0.034, a39=0.034, a41=0.032]
    OBS: year=0 month=6 season=1 money=5331 credit=56115 people=28 busy=0 free=28 home_places=50 need_workers=20 tax_due=0 main_tax_due=0 tax_amount=9322 main_tax_amount=0 days_alive=116 stage=0 res0=0 res1=400 res2=0 res3=0 res4=0 res5=0 res6=0 res7=0 res8=0 Farm=2 Garden=3 Road=3 SmallHouse=2 Hothouse=3 | nw=1524310.0377
  s=  104 a= 22(BUILD:Apiary) r= -0.7217 cum=   -133.90 v= -4.2246 top5=[a34=0.040, a24=0.038, a39=0.036, a43=0.035, a41=0.032] [BUILD: Apiary]
    OBS: year=0 month=6 season=1 money=5331 credit=56227 people=28 busy=0 free=28 home_places=50 need_workers=20 tax_due=0 main_tax_due=0 tax_amount=9322 main_tax_amount=0 days_alive=117 stage=0 res0=0 res1=400 res2=0 res3=0 res4=0 res5=0 res6=0 res7=0 res8=0 Farm=2 Garden=3 Road=3 SmallHouse=2 Hothouse=3 | nw=1524174.1764
  s=  105 a= 31(BUILD:AirStation) r= -4.6298 cum=   -138.53 v= -4.1708 top5=[a34=0.039, a24=0.038, a39=0.037, a43=0.035, a41=0.032] [BUILD FAILED: AirStation]
    OBS: year=0 month=6 season=1 money=5331 credit=56339 people=28 busy=0 free=28 home_places=50 need_workers=20 tax_due=0 main_tax_due=0 tax_amount=9322 main_tax_amount=0 days_alive=118 stage=0 res0=0 res1=400 res2=0 res3=0 res4=0 res5=0 res6=0 res7=0 res8=0 Farm=2 Garden=3 Road=3 SmallHouse=2 Hothouse=3 | nw=1524040.7760
  s=  106 a= 24(BUILD:Hothouse) r= -0.7222 cum=   -139.25 v= -4.1155 top5=[a34=0.039, a24=0.038, a39=0.037, a43=0.035, a41=0.032] [BUILD: Hothouse]
    OBS: year=0 month=6 season=1 money=5331 credit=56451 people=28 busy=0 free=28 home_places=50 need_workers=20 tax_due=0 main_tax_due=0 tax_amount=9322 main_tax_amount=0 days_alive=119 stage=0 res0=0 res1=400 res2=0 res3=0 res4=0 res5=0 res6=0 res7=0 res8=0 Farm=2 Garden=3 Road=3 SmallHouse=2 Hothouse=3 | nw=1523904.9147
  s=  107 a= 39(MANAGER:5) r= +1.1285 cum=   -138.12 v= -4.0634 top5=[a34=0.039, a24=0.038, a39=0.037, a43=0.035, a41=0.032]
    OBS: year=0 month=6 season=1 money=5331 credit=56563 people=28 busy=0 free=28 home_places=50 need_workers=24 tax_due=0 main_tax_due=0 tax_amount=9322 main_tax_amount=0 days_alive=120 stage=0 res0=0 res1=400 res2=0 res3=0 res4=0 res5=0 res6=0 res7=0 res8=0 Farm=2 Garden=3 Road=3 SmallHouse=2 Hothouse=3 | nw=1523769.0535
  s=  108 a= 21(BUILD:BigFarm) r= -4.6256 cum=   -142.75 v= -4.1008 top5=[a24=0.039, a34=0.039, a39=0.036, a43=0.034, a10=0.032] [BUILD FAILED: BigFarm]
    OBS: year=0 month=6 season=1 money=5331 credit=56676 people=28 busy=0 free=28 home_places=50 need_workers=24 tax_due=0 main_tax_due=0 tax_amount=9322 main_tax_amount=0 days_alive=121 stage=0 res0=0 res1=400 res2=0 res3=0 res4=0 res5=0 res6=0 res7=0 res8=0 Farm=2 Garden=3 Road=3 SmallHouse=2 Hothouse=3 | nw=1523632.1922
  s=  109 a= 18(BUILD:CowFarm) r= -0.7207 cum=   -143.47 v= -4.0568 top5=[a24=0.039, a34=0.039, a39=0.036, a43=0.034, a10=0.032] [BUILD: CowFarm]
    OBS: year=0 month=7 season=1 money=5331 credit=56789 people=28 busy=0 free=28 home_places=50 need_workers=24 tax_due=0 main_tax_due=0 tax_amount=9322 main_tax_amount=0 days_alive=122 stage=0 res0=0 res1=400 res2=0 res3=0 res4=0 res5=0 res6=0 res7=0 res8=0 Farm=2 Garden=3 Road=3 SmallHouse=2 Hothouse=3 | nw=1523497.0320
  s=  110 a= 19(BUILD:Mushroom) r= -0.7238 cum=   -144.19 v= -6.5634 top5=[a24=0.040, a34=0.035, a43=0.032, a36=0.032, a10=0.032] [BUILD: Mushroom]
    OBS: year=0 month=7 season=1 money=5331 credit=56902 people=28 busy=0 free=28 home_places=50 need_workers=24 tax_due=0 main_tax_due=0 tax_amount=9322 main_tax_amount=0 days_alive=123 stage=0 res0=0 res1=400 res2=0 res3=0 res4=0 res5=0 res6=0 res7=0 res8=0 Farm=2 Garden=3 Road=3 SmallHouse=2 Hothouse=3 | nw=1523360.9305
  s=  111 a= 39(MANAGER:5) r= -3.5000 cum=   -147.69 v= -6.4161 top5=[a24=0.040, a34=0.035, a43=0.032, a36=0.032, a10=0.031]
    OBS: year=0 month=7 season=1 money=5331 credit=57015 people=28 busy=0 free=28 home_places=50 need_workers=28 tax_due=0 main_tax_due=0 tax_amount=9322 main_tax_amount=0 days_alive=124 stage=0 res0=0 res1=400 res2=0 res3=0 res4=0 res5=0 res6=0 res7=0 res8=0 Farm=2 Garden=3 Road=3 SmallHouse=2 Hothouse=3 | nw=1523225.9683
  s=  112 a= 13(BUILD:HydroStation) r= -0.7294 cum=   -148.42 v= -5.7318 top5=[a24=0.040, a34=0.035, a36=0.033, a10=0.032, a43=0.032] [BUILD: HydroStation]
    OBS: year=0 month=7 season=1 money=5331 credit=57129 people=28 busy=0 free=28 home_places=50 need_workers=28 tax_due=0 main_tax_due=0 tax_amount=9322 main_tax_amount=0 days_alive=125 stage=0 res0=0 res1=400 res2=0 res3=0 res4=0 res5=0 res6=0 res7=0 res8=0 Farm=2 Garden=3 Road=3 SmallHouse=2 Hothouse=3 | nw=1523088.1070
  s=  113 a= 19(BUILD:Mushroom) r= -0.7264 cum=   -149.15 v= -5.6060 top5=[a24=0.040, a34=0.035, a36=0.032, a10=0.032, a43=0.032] [BUILD: Mushroom]
    OBS: year=0 month=7 season=1 money=5331 credit=57243 people=28 busy=0 free=28 home_places=50 need_workers=28 tax_due=0 main_tax_due=0 tax_amount=9322 main_tax_amount=0 days_alive=126 stage=0 res0=0 res1=400 res2=0 res3=0 res4=0 res5=0 res6=0 res7=0 res8=0 Farm=2 Garden=3 Road=3 SmallHouse=2 Hothouse=3 | nw=1522951.9468
  s=  114 a= 16(BUILD:CoalCut) r= -4.6403 cum=   -153.79 v= -5.5001 top5=[a24=0.040, a34=0.035, a36=0.032, a10=0.032, a43=0.032] [BUILD FAILED: CoalCut]
    OBS: year=0 month=7 season=1 money=5331 credit=57357 people=28 busy=0 free=28 home_places=50 need_workers=28 tax_due=0 main_tax_due=0 tax_amount=9322 main_tax_amount=0 days_alive=127 stage=0 res0=0 res1=400 res2=0 res3=0 res4=0 res5=0 res6=0 res7=0 res8=0 Farm=2 Garden=3 Road=3 SmallHouse=2 Hothouse=3 | nw=1522814.0856
  s=  115 a= 39(MANAGER:5) r= +1.1243 cum=   -152.67 v= -5.3955 top5=[a24=0.039, a34=0.035, a36=0.032, a10=0.032, a43=0.032]
    OBS: year=0 month=7 season=1 money=5331 credit=57471 people=28 busy=0 free=28 home_places=70 need_workers=28 tax_due=0 main_tax_due=0 tax_amount=9322 main_tax_amount=0 days_alive=128 stage=0 res0=0 res1=400 res2=0 res3=0 res4=0 res5=0 res6=0 res7=0 res8=0 Farm=2 Garden=3 Road=3 SmallHouse=2 Hothouse=3 | nw=1522676.6616
  s=  116 a= 43(MANAGER:9) r= -0.7295 cum=   -153.40 v= -4.8609 top5=[a24=0.040, a34=0.035, a9=0.032, a36=0.032, a44=0.031]
    OBS: year=0 month=7 season=1 money=5331 credit=57585 people=28 busy=0 free=28 home_places=70 need_workers=28 tax_due=0 main_tax_due=0 tax_amount=9322 main_tax_amount=0 days_alive=129 stage=0 res0=0 res1=400 res2=0 res3=0 res4=0 res5=0 res6=0 res7=0 res8=0 Farm=2 Garden=3 Road=3 SmallHouse=2 Hothouse=3 | nw=1522539.2376
  s=  117 a= 15(BUILD:Fish) r= -4.6361 cum=   -158.03 v= -4.7122 top5=[a24=0.040, a34=0.035, a9=0.032, a36=0.031, a44=0.031] [BUILD FAILED: Fish]
    OBS: year=0 month=7 season=1 money=5331 credit=57700 people=28 busy=0 free=28 home_places=70 need_workers=28 tax_due=0 main_tax_due=0 tax_amount=9322 main_tax_amount=0 days_alive=130 stage=0 res0=0 res1=400 res2=0 res3=0 res4=0 res5=0 res6=0 res7=0 res8=0 Farm=2 Garden=3 Road=3 SmallHouse=2 Hothouse=3 | nw=1522400.8136
  s=  118 a=  4(BUILD:Garden) r= -0.7278 cum=   -158.76 v= -4.5748 top5=[a24=0.039, a34=0.035, a9=0.032, a44=0.031, a36=0.031] [BUILD: Garden]
    OBS: year=0 month=7 season=1 money=5331 credit=57815 people=28 busy=0 free=28 home_places=70 need_workers=28 tax_due=0 main_tax_due=0 tax_amount=9322 main_tax_amount=0 days_alive=131 stage=0 res0=0 res1=400 res2=0 res3=0 res4=0 res5=0 res6=0 res7=0 res8=0 Farm=2 Garden=3 Road=3 SmallHouse=2 Hothouse=3 | nw=1522264.2886
  s=  119 a=  9(BUILD:Ironmine) r= -0.7342 cum=   -159.49 v= -4.4371 top5=[a24=0.039, a34=0.035, a9=0.032, a44=0.031, a36=0.031] [BUILD: Ironmine]
    OBS: year=0 month=7 season=1 money=5331 credit=57930 people=28 busy=0 free=28 home_places=70 need_workers=28 tax_due=0 main_tax_due=0 tax_amount=9322 main_tax_amount=0 days_alive=132 stage=0 res0=0 res1=400 res2=0 res3=0 res4=0 res5=0 res6=0 res7=0 res8=0 Farm=2 Garden=3 Road=3 SmallHouse=2 Hothouse=3 | nw=1522125.4274
  s=  120 a= 33(BUILD:AtomStation) r= -4.6400 cum=   -164.13 v= -4.3007 top5=[a24=0.039, a34=0.035, a9=0.032, a44=0.031, a43=0.031] [BUILD FAILED: AtomStation]
    OBS: year=0 month=7 season=1 money=5331 credit=58045 people=28 busy=0 free=28 home_places=70 need_workers=28 tax_due=0 main_tax_due=0 tax_amount=9322 main_tax_amount=0 days_alive=133 stage=0 res0=0 res1=400 res2=0 res3=0 res4=0 res5=0 res6=0 res7=0 res8=0 Farm=2 Garden=3 Road=3 SmallHouse=2 Hothouse=3 | nw=1521986.5661
  s=  121 a= 18(BUILD:CowFarm) r= -0.7326 cum=   -164.87 v= -4.1865 top5=[a24=0.039, a34=0.036, a9=0.032, a44=0.031, a43=0.031] [BUILD: CowFarm]
    OBS: year=0 month=7 season=1 money=5331 credit=58161 people=28 busy=0 free=28 home_places=70 need_workers=28 tax_due=0 main_tax_due=0 tax_amount=9322 main_tax_amount=0 days_alive=134 stage=0 res0=0 res1=400 res2=0 res3=0 res4=0 res5=0 res6=0 res7=0 res8=0 Farm=2 Garden=3 Road=3 SmallHouse=2 Hothouse=3 | nw=1521848.6039
  s=  122 a= 42(MANAGER:8) r= -0.6178 cum=   -165.48 v= -4.0898 top5=[a24=0.039, a34=0.036, a9=0.032, a44=0.031, a43=0.031]
    OBS: year=0 month=7 season=1 money=55331 credit=108377 people=28 busy=0 free=28 home_places=70 need_workers=28 tax_due=0 main_tax_due=0 tax_amount=9322 main_tax_amount=0 days_alive=135 stage=0 res0=0 res1=400 res2=0 res3=0 res4=0 res5=0 res6=0 res7=0 res8=0 Farm=2 Garden=3 Road=3 SmallHouse=2 Hothouse=3 | nw=1521610.6417
  s=  123 a= 35(MANAGER:1) r= -4.6436 cum=   -170.13 v= -7.3156 top5=[a24=0.036, a43=0.035, a34=0.032, a10=0.032, a39=0.031]
    OBS: year=0 month=7 season=1 money=55331 credit=108593 people=28 busy=0 free=28 home_places=70 need_workers=28 tax_due=0 main_tax_due=0 tax_amount=9322 main_tax_amount=0 days_alive=136 stage=0 res0=0 res1=400 res2=0 res3=0 res4=0 res5=0 res6=0 res7=0 res8=0 Farm=2 Garden=3 Road=3 SmallHouse=2 Hothouse=3 | nw=1521370.7804
  s=  124 a= 27(BUILD:WaterMill) r= -1.0893 cum=   -171.22 v= -7.2586 top5=[a24=0.036, a43=0.034, a34=0.032, a10=0.032, a39=0.031] [BUILD FAILED: WaterMill]
    OBS: year=0 month=7 season=1 money=55331 credit=108810 people=28 busy=0 free=28 home_places=70 need_workers=28 tax_due=0 main_tax_due=0 tax_amount=9322 main_tax_amount=0 days_alive=137 stage=0 res0=0 res1=400 res2=0 res3=0 res4=0 res5=0 res6=0 res7=0 res8=0 Farm=2 Garden=3 Road=3 SmallHouse=2 Hothouse=3 | nw=1521129.9191
  s=  125 a= 22(BUILD:Apiary) r= +2.6275 cum=   -168.59 v= -7.2248 top5=[a24=0.036, a43=0.034, a34=0.032, a10=0.031, a39=0.031] [BUILD: Apiary]
    OBS: year=0 month=7 season=1 money=45946 credit=109027 people=28 busy=0 free=28 home_places=70 need_workers=28 tax_due=0 main_tax_due=0 tax_amount=9742 main_tax_amount=0 days_alive=138 stage=0 res0=0 res1=400 res2=0 res3=0 res4=0 res5=0 res6=0 res7=0 res8=0 Farm=2 Garden=3 Road=3 SmallHouse=2 Apiary=1 Hothouse=3 | nw=1520889.0579
  s=  126 a= 34(MANAGER:0) r= -4.6278 cum=   -173.22 v= -7.7634 top5=[a24=0.035, a43=0.032, a34=0.031, a39=0.030, a19=0.030]
    OBS: year=0 month=7 season=1 money=12949 credit=109245 people=28 busy=0 free=28 home_places=70 need_workers=28 tax_due=0 main_tax_due=0 tax_amount=9742 main_tax_amount=0 days_alive=139 stage=0 res0=0 res1=400 res2=0 res3=0 res4=0 res5=0 res6=0 res7=0 res8=0 Farm=2 Garden=3 Road=3 SmallHouse=2 Apiary=1 Hothouse=3 | nw=1487650.1966
  s=  127 a= 36(MANAGER:2) r= -4.3550 cum=   -177.57 v= -9.2550 top5=[a34=0.035, a24=0.035, a9=0.031, a36=0.031, a44=0.030]
    OBS: year=0 month=7 season=1 money=12480 credit=109463 people=28 busy=0 free=28 home_places=70 need_workers=28 tax_due=0 main_tax_due=0 tax_amount=9742 main_tax_amount=0 days_alive=140 stage=0 res0=0 res1=400 res2=0 res3=0 res4=0 res5=0 res6=0 res7=0 res8=0 Farm=2 Garden=3 Road=3 SmallHouse=2 Apiary=1 Hothouse=3 | nw=1487795.5369
  s=  128 a= 10(BUILD:Refinery) r= -1.0882 cum=   -178.66 v= -9.2029 top5=[a34=0.035, a24=0.035, a9=0.031, a36=0.030, a39=0.030] [BUILD FAILED: Refinery]
    OBS: year=0 month=7 season=1 money=12480 credit=109681 people=28 busy=0 free=28 home_places=70 need_workers=28 tax_due=0 main_tax_due=0 tax_amount=9742 main_tax_amount=0 days_alive=141 stage=0 res0=0 res1=400 res2=0 res3=0 res4=0 res5=0 res6=0 res7=0 res8=0 Farm=2 Garden=3 Road=3 SmallHouse=2 Apiary=1 Hothouse=3 | nw=1487554.1129
  s=  129 a= 22(BUILD:Apiary) r= +1.2228 cum=   -177.44 v= -9.1472 top5=[a34=0.035, a24=0.035, a9=0.031, a39=0.030, a36=0.030] [BUILD: Apiary]
    OBS: year=0 month=7 season=1 money=3095 credit=109900 people=28 busy=0 free=28 home_places=70 need_workers=28 tax_due=0 main_tax_due=0 tax_amount=10162 main_tax_amount=0 days_alive=142 stage=0 res0=0 res1=400 res2=0 res3=0 res4=0 res5=0 res6=0 res7=0 res8=0 Farm=2 Garden=3 Road=3 SmallHouse=2 Apiary=2 Hothouse=3 | nw=1487311.2517
  s=  130 a= 20(BUILD:BigHouse) r= -1.0918 cum=   -178.53 v=-10.3806 top5=[a34=0.034, a24=0.032, a9=0.030, a44=0.030, a19=0.030] [BUILD FAILED: BigHouse]
    OBS: year=0 month=7 season=1 money=3095 credit=110119 people=28 busy=0 free=28 home_places=70 need_workers=28 tax_due=0 main_tax_due=0 tax_amount=10162 main_tax_amount=0 days_alive=143 stage=0 res0=0 res1=400 res2=0 res3=0 res4=0 res5=0 res6=0 res7=0 res8=0 Farm=2 Garden=3 Road=3 SmallHouse=2 Apiary=2 Hothouse=3 | nw=1487068.8277
  s=  131 a= 35(MANAGER:1) r= -4.6258 cum=   -183.16 v=-10.3226 top5=[a34=0.034, a24=0.032, a9=0.030, a44=0.030, a19=0.030]
    OBS: year=0 month=7 season=1 money=3095 credit=110339 people=28 busy=0 free=28 home_places=70 need_workers=28 tax_due=0 main_tax_due=0 tax_amount=10162 main_tax_amount=0 days_alive=144 stage=0 res0=0 res1=400 res2=0 res3=0 res4=0 res5=0 res6=0 res7=0 res8=0 Farm=2 Garden=3 Road=3 SmallHouse=2 Apiary=2 Hothouse=3 | nw=1486827.3027
  s=  132 a= 27(BUILD:WaterMill) r= -1.0951 cum=   -184.25 v=-10.2659 top5=[a34=0.035, a24=0.032, a19=0.030, a9=0.030, a44=0.030] [BUILD FAILED: WaterMill]
    OBS: year=0 month=7 season=1 money=3095 credit=110559 people=28 busy=0 free=28 home_places=70 need_workers=28 tax_due=0 main_tax_due=0 tax_amount=10162 main_tax_amount=0 days_alive=145 stage=0 res0=0 res1=400 res2=0 res3=0 res4=0 res5=0 res6=0 res7=0 res8=0 Farm=2 Garden=3 Road=3 SmallHouse=2 Apiary=2 Hothouse=3 | nw=1486583.8787
  s=  133 a= 40(MANAGER:6) r= -0.5320 cum=   -184.78 v=-10.2104 top5=[a34=0.035, a24=0.032, a19=0.031, a44=0.030, a9=0.030]
    OBS: year=0 month=7 season=1 money=3295 credit=110780 people=28 busy=0 free=28 home_places=70 need_workers=28 tax_due=0 main_tax_due=0 tax_amount=10166 main_tax_amount=0 days_alive=146 stage=0 res0=0 res1=200 res2=0 res3=0 res4=0 res5=0 res6=0 res7=0 res8=0 Farm=2 Garden=3 Road=3 SmallHouse=2 Apiary=2 Hothouse=3 | nw=1486340.7185
  s=  134 a= 29(BUILD:Puerperal) r= -4.6298 cum=   -189.41 v=-10.1350 top5=[a34=0.035, a24=0.033, a19=0.031, a39=0.030, a44=0.030] [BUILD FAILED: Puerperal]
    OBS: year=0 month=7 season=1 money=3295 credit=111001 people=28 busy=0 free=28 home_places=70 need_workers=28 tax_due=0 main_tax_due=0 tax_amount=10166 main_tax_amount=0 days_alive=147 stage=0 res0=0 res1=200 res2=0 res3=0 res4=0 res5=0 res6=0 res7=0 res8=0 Farm=2 Garden=3 Road=3 SmallHouse=2 Apiary=2 Hothouse=3 | nw=1486095.8573
  s=  135 a= 13(BUILD:HydroStation) r= -1.1033 cum=   -190.52 v=-10.0979 top5=[a34=0.035, a24=0.033, a19=0.031, a39=0.031, a44=0.030] [BUILD FAILED: HydroStation]
    OBS: year=0 month=7 season=1 money=3295 credit=111223 people=28 busy=0 free=28 home_places=70 need_workers=28 tax_due=0 main_tax_due=0 tax_amount=10166 main_tax_amount=0 days_alive=148 stage=0 res0=0 res1=200 res2=0 res3=0 res4=0 res5=0 res6=0 res7=0 res8=0 Farm=2 Garden=3 Road=3 SmallHouse=2 Apiary=2 Hothouse=3 | nw=1485849.9960
  s=  136 a= 22(BUILD:Apiary) r= -1.1050 cum=   -191.62 v=-10.0621 top5=[a34=0.035, a24=0.033, a19=0.031, a39=0.031, a44=0.030] [BUILD FAILED: Apiary]
    OBS: year=0 month=7 season=1 money=3295 credit=111445 people=28 busy=0 free=28 home_places=70 need_workers=28 tax_due=0 main_tax_due=0 tax_amount=10166 main_tax_amount=0 days_alive=149 stage=0 res0=0 res1=200 res2=0 res3=0 res4=0 res5=0 res6=0 res7=0 res8=0 Farm=2 Garden=3 Road=3 SmallHouse=2 Apiary=2 Hothouse=3 | nw=1485604.1347
  s=  137 a= 15(BUILD:Fish) r= -4.6349 cum=   -196.26 v=-10.0404 top5=[a34=0.035, a24=0.033, a19=0.031, a39=0.031, a44=0.030] [BUILD FAILED: Fish]
    OBS: year=0 month=7 season=1 money=3295 credit=111667 people=28 busy=0 free=28 home_places=70 need_workers=28 tax_due=0 main_tax_due=0 tax_amount=10166 main_tax_amount=0 days_alive=150 stage=0 res0=0 res1=200 res2=0 res3=0 res4=0 res5=0 res6=0 res7=0 res8=0 Farm=2 Garden=3 Road=3 SmallHouse=2 Apiary=2 Hothouse=3 | nw=1485359.9745
  s=  138 a= 24(BUILD:Hothouse) r= -1.1083 cum=   -197.36 v=-10.0261 top5=[a34=0.035, a24=0.033, a19=0.032, a39=0.031, a44=0.030] [BUILD FAILED: Hothouse]
    OBS: year=0 month=7 season=1 money=3295 credit=111890 people=28 busy=0 free=28 home_places=70 need_workers=28 tax_due=0 main_tax_due=0 tax_amount=10166 main_tax_amount=0 days_alive=151 stage=0 res0=0 res1=200 res2=0 res3=0 res4=0 res5=0 res6=0 res7=0 res8=0 Farm=2 Garden=3 Road=3 SmallHouse=2 Apiary=2 Hothouse=3 | nw=1485113.1133
  s=  139 a= 41(MANAGER:7) r= -1.1100 cum=   -198.47 v=-10.0215 top5=[a34=0.035, a24=0.033, a19=0.032, a39=0.031, a44=0.030]
    OBS: year=0 month=7 season=1 money=2895 credit=112113 people=28 busy=0 free=28 home_places=70 need_workers=28 tax_due=0 main_tax_due=0 tax_amount=10170 main_tax_amount=0 days_alive=152 stage=0 res0=0 res1=400 res2=0 res3=0 res4=0 res5=0 res6=0 res7=0 res8=0 Farm=2 Garden=3 Road=3 SmallHouse=2 Apiary=2 Hothouse=3 | nw=1484666.2520
  s=  140 a= 31(BUILD:AirStation) r= -4.6399 cum=   -203.11 v=-10.0741 top5=[a34=0.035, a24=0.033, a19=0.032, a39=0.031, a44=0.030] [BUILD FAILED: AirStation]
    OBS: year=0 month=8 season=1 money=2895 credit=112337 people=28 busy=0 free=28 home_places=70 need_workers=28 tax_due=0 main_tax_due=0 tax_amount=10170 main_tax_amount=0 days_alive=153 stage=0 res0=0 res1=400 res2=0 res3=0 res4=0 res5=0 res6=0 res7=0 res8=0 Farm=2 Garden=3 Road=3 SmallHouse=2 Apiary=2 Hothouse=3 | nw=1484418.3907
  s=  141 a= 28(BUILD:BigRefinary) r= -1.0835 cum=   -204.20 v=-12.1380 top5=[a24=0.033, a34=0.032, a44=0.031, a36=0.030, a9=0.029] [BUILD FAILED: BigRefinary]
    OBS: year=0 month=8 season=1 money=2895 credit=112561 people=28 busy=0 free=28 home_places=70 need_workers=28 tax_due=0 main_tax_due=0 tax_amount=10170 main_tax_amount=0 days_alive=154 stage=0 res0=0 res1=400 res2=0 res3=0 res4=0 res5=0 res6=0 res7=0 res8=0 Farm=2 Garden=3 Road=3 SmallHouse=2 Apiary=2 Hothouse=3 | nw=1484170.5295
  s=  142 a=  5(BUILD:House) r= -1.1164 cum=   -205.31 v=-12.3434 top5=[a34=0.035, a24=0.033, a44=0.032, a36=0.031, a9=0.029] [BUILD FAILED: House]
    OBS: year=0 month=8 season=1 money=2895 credit=112786 people=28 busy=0 free=28 home_places=70 need_workers=28 tax_due=0 main_tax_due=0 tax_amount=10170 main_tax_amount=0 days_alive=155 stage=0 res0=0 res1=400 res2=0 res3=0 res4=0 res5=0 res6=0 res7=0 res8=0 Farm=2 Garden=3 Road=3 SmallHouse=2 Apiary=2 Hothouse=3 | nw=1483922.1055
  s=  143 a= 36(MANAGER:2) r= -4.6448 cum=   -209.96 v=-13.2754 top5=[a43=0.031, a34=0.031, a44=0.031, a24=0.030, a39=0.029]
    OBS: year=0 month=8 season=1 money=2738 credit=113011 people=28 busy=0 free=28 home_places=70 need_workers=28 tax_due=0 main_tax_due=0 tax_amount=10170 main_tax_amount=0 days_alive=156 stage=0 res0=0 res1=400 res2=0 res3=0 res4=0 res5=0 res6=0 res7=0 res8=0 Farm=2 Garden=3 Road=3 SmallHouse=2 Apiary=2 Hothouse=3 | nw=1483800.6224
  s=  144 a=  1(WEEK) r= -4.6400 cum=   -214.60 v=-12.9195 top5=[a43=0.031, a34=0.031, a44=0.030, a24=0.030, a9=0.029]
    OBS: year=0 month=8 season=1 money=2738 credit=114599 people=28 busy=0 free=28 home_places=70 need_workers=28 tax_due=0 main_tax_due=0 tax_amount=10170 main_tax_amount=0 days_alive=163 stage=0 res0=0 res1=400 res2=0 res3=0 res4=0 res5=0 res6=0 res7=0 res8=0 Farm=2 Garden=3 Road=3 SmallHouse=2 Apiary=2 Hothouse=3 | nw=1482028.5233
  s=  145 a= 43(MANAGER:9) r= -1.1482 cum=   -215.75 v=-13.1677 top5=[a34=0.034, a43=0.031, a39=0.031, a9=0.031, a24=0.029]
    OBS: year=0 month=8 season=1 money=2738 credit=114828 people=28 busy=0 free=28 home_places=70 need_workers=28 tax_due=0 main_tax_due=0 tax_amount=10170 main_tax_amount=0 days_alive=164 stage=0 res0=0 res1=400 res2=0 res3=0 res4=0 res5=0 res6=0 res7=0 res8=0 Farm=2 Garden=3 Road=3 SmallHouse=2 Apiary=2 Hothouse=3 | nw=1481767.9271
  s=  146 a= 23(BUILD:Torchlight) r= -4.6402 cum=   -220.39 v=-13.1668 top5=[a34=0.034, a43=0.031, a39=0.031, a9=0.031, a24=0.029] [BUILD FAILED: Torchlight]
    OBS: year=0 month=8 season=1 money=2738 credit=115057 people=28 busy=0 free=28 home_places=70 need_workers=28 tax_due=0 main_tax_due=0 tax_amount=10170 main_tax_amount=0 days_alive=165 stage=0 res0=0 res1=400 res2=0 res3=0 res4=0 res5=0 res6=0 res7=0 res8=0 Farm=2 Garden=3 Road=3 SmallHouse=2 Apiary=2 Hothouse=3 | nw=1481509.2647
  s=  147 a= 20(BUILD:BigHouse) r= -1.1472 cum=   -221.53 v=-13.1463 top5=[a34=0.034, a39=0.031, a43=0.031, a9=0.031, a24=0.029] [BUILD FAILED: BigHouse]
    OBS: year=0 month=8 season=1 money=2738 credit=115287 people=28 busy=0 free=28 home_places=70 need_workers=28 tax_due=0 main_tax_due=0 tax_amount=10170 main_tax_amount=0 days_alive=166 stage=0 res0=0 res1=400 res2=0 res3=0 res4=0 res5=0 res6=0 res7=0 res8=0 Farm=2 Garden=3 Road=3 SmallHouse=2 Apiary=2 Hothouse=3 | nw=1481249.6023
  s=  148 a=  7(BUILD:Sawmill) r= -1.1506 cum=   -222.68 v=-13.1254 top5=[a34=0.034, a39=0.031, a43=0.031, a9=0.031, a24=0.029] [BUILD FAILED: Sawmill]
    OBS: year=0 month=8 season=1 money=2738 credit=115517 people=28 busy=0 free=28 home_places=70 need_workers=28 tax_due=0 main_tax_due=0 tax_amount=10170 main_tax_amount=0 days_alive=167 stage=0 res0=0 res1=400 res2=0 res3=0 res4=0 res5=0 res6=0 res7=0 res8=0 Farm=2 Garden=3 Road=3 SmallHouse=2 Apiary=2 Hothouse=3 | nw=1480989.2032
  s=  149 a=  8(BUILD:Coalmine) r= -4.6452 cum=   -227.33 v=-13.1019 top5=[a34=0.034, a39=0.031, a43=0.031, a9=0.031, a24=0.029] [BUILD FAILED: Coalmine]
    OBS: year=0 month=8 season=1 money=2738 credit=115748 people=28 busy=0 free=28 home_places=70 need_workers=28 tax_due=0 main_tax_due=0 tax_amount=10170 main_tax_amount=0 days_alive=168 stage=0 res0=0 res1=400 res2=0 res3=0 res4=0 res5=0 res6=0 res7=0 res8=0 Farm=2 Garden=3 Road=3 SmallHouse=2 Apiary=2 Hothouse=3 | nw=1480729.4153
  s=  150 a= 17(BUILD:HuntingLand) r= -1.1489 cum=   -228.48 v=-13.0840 top5=[a34=0.034, a39=0.032, a43=0.031, a9=0.031, a24=0.029] [BUILD FAILED: HuntingLand]
    OBS: year=0 month=8 season=1 money=2738 credit=115979 people=28 busy=0 free=28 home_places=70 need_workers=28 tax_due=0 main_tax_due=0 tax_amount=10170 main_tax_amount=0 days_alive=169 stage=0 res0=0 res1=400 res2=0 res3=0 res4=0 res5=0 res6=0 res7=0 res8=0 Farm=2 Garden=3 Road=3 SmallHouse=2 Apiary=2 Hothouse=3 | nw=1480470.2213
  s=  151 a= 43(MANAGER:9) r= -1.1541 cum=   -229.63 v=-13.0708 top5=[a34=0.034, a39=0.032, a43=0.031, a9=0.031, a24=0.029]
    OBS: year=0 month=8 season=1 money=2738 credit=116210 people=28 busy=0 free=28 home_places=70 need_workers=28 tax_due=0 main_tax_due=0 tax_amount=10170 main_tax_amount=0 days_alive=170 stage=0 res0=0 res1=400 res2=0 res3=0 res4=0 res5=0 res6=0 res7=0 res8=0 Farm=2 Garden=3 Road=3 SmallHouse=2 Apiary=2 Hothouse=3 | nw=1480209.5588
  s=  152 a=  4(BUILD:Garden) r= -4.6502 cum=   -234.28 v=-13.0577 top5=[a34=0.034, a39=0.032, a43=0.031, a9=0.031, a24=0.029] [BUILD FAILED: Garden]
    OBS: year=0 month=8 season=1 money=2738 credit=116442 people=28 busy=0 free=28 home_places=70 need_workers=28 tax_due=0 main_tax_due=0 tax_amount=10170 main_tax_amount=0 days_alive=171 stage=0 res0=0 res1=400 res2=0 res3=0 res4=0 res5=0 res6=0 res7=0 res8=0 Farm=2 Garden=3 Road=3 SmallHouse=2 Apiary=2 Hothouse=3 | nw=1479947.6637
  s=  153 a= 35(MANAGER:1) r= -0.6410 cum=   -234.92 v=-13.0516 top5=[a34=0.034, a39=0.032, a43=0.031, a9=0.031, a24=0.029]
    OBS: year=0 month=8 season=1 money=2714 credit=116674 people=28 busy=0 free=28 home_places=70 need_workers=28 tax_due=0 main_tax_due=0 tax_amount=10170 main_tax_amount=0 days_alive=172 stage=0 res0=0 res1=400 res2=0 res3=0 res4=0 res5=0 res6=0 res7=0 res8=0 Farm=2 Garden=3 Road=3 SmallHouse=2 Apiary=2 Hothouse=3 | nw=1479708.3760
  s=  154 a= 43(MANAGER:9) r= -1.1614 cum=   -236.09 v=-13.0752 top5=[a34=0.034, a39=0.032, a9=0.031, a43=0.031, a24=0.029]
    OBS: year=0 month=8 season=1 money=2714 credit=116907 people=28 busy=0 free=28 home_places=70 need_workers=28 tax_due=0 main_tax_due=0 tax_amount=10170 main_tax_amount=0 days_alive=173 stage=0 res0=0 res1=400 res2=0 res3=0 res4=0 res5=0 res6=0 res7=0 res8=0 Farm=2 Garden=3 Road=3 SmallHouse=2 Apiary=2 Hothouse=3 | nw=1479445.7135
  s=  155 a= 41(MANAGER:7) r= -4.6542 cum=   -240.74 v=-13.0589 top5=[a34=0.034, a39=0.033, a9=0.031, a43=0.031, a24=0.029]
    OBS: year=0 month=8 season=1 money=2714 credit=117140 people=28 busy=0 free=28 home_places=70 need_workers=28 tax_due=0 main_tax_due=0 tax_amount=10170 main_tax_amount=0 days_alive=174 stage=0 res0=0 res1=400 res2=0 res3=0 res4=0 res5=0 res6=0 res7=0 res8=0 Farm=2 Garden=3 Road=3 SmallHouse=2 Apiary=2 Hothouse=3 | nw=1479183.0511
  s=  156 a= 44(MANAGER:10) r= -0.4674 cum=   -241.21 v=-13.0359 top5=[a34=0.034, a39=0.033, a9=0.031, a43=0.031, a24=0.029]
    OBS: year=0 month=8 season=1 money=2714 credit=117374 people=28 busy=0 free=28 home_places=70 need_workers=28 tax_due=0 main_tax_due=0 tax_amount=10170 main_tax_amount=0 days_alive=175 stage=0 res0=0 res1=400 res2=0 res3=0 res4=0 res5=0 res6=0 res7=0 res8=0 Farm=2 Garden=3 Road=3 SmallHouse=2 Apiary=2 Hothouse=3 | nw=1478919.3540
  s=  157 a= 41(MANAGER:7) r= -1.1707 cum=   -242.38 v=-13.0207 top5=[a34=0.034, a39=0.033, a43=0.031, a9=0.031, a24=0.029]
    OBS: year=0 month=8 season=1 money=2714 credit=117608 people=28 busy=0 free=28 home_places=70 need_workers=28 tax_due=0 main_tax_due=0 tax_amount=10170 main_tax_amount=0 days_alive=176 stage=0 res0=0 res1=400 res2=0 res3=0 res4=0 res5=0 res6=0 res7=0 res8=0 Farm=2 Garden=3 Road=3 SmallHouse=2 Apiary=2 Hothouse=3 | nw=1478653.7578
  s=  158 a= 14(BUILD:Road) r= -4.6578 cum=   -247.04 v=-13.0086 top5=[a34=0.034, a39=0.033, a43=0.031, a9=0.031, a24=0.029] [BUILD FAILED: Road]
    OBS: year=0 month=8 season=1 money=2714 credit=117843 people=28 busy=0 free=28 home_places=70 need_workers=28 tax_due=0 main_tax_due=0 tax_amount=10170 main_tax_amount=0 days_alive=177 stage=0 res0=0 res1=400 res2=0 res3=0 res4=0 res5=0 res6=0 res7=0 res8=0 Farm=2 Garden=3 Road=3 SmallHouse=2 Apiary=2 Hothouse=3 | nw=1478391.2337
  s=  159 a= 38(MANAGER:4) r= +0.6871 cum=   -246.35 v=-13.0021 top5=[a34=0.034, a39=0.033, a43=0.031, a9=0.031, a24=0.029]
    OBS: year=0 month=8 season=1 money=2714 credit=118078 people=28 busy=0 free=28 home_places=70 need_workers=33 tax_due=0 main_tax_due=0 tax_amount=10170 main_tax_amount=0 days_alive=178 stage=0 res0=0 res1=400 res2=0 res3=0 res4=0 res5=0 res6=0 res7=0 res8=0 Farm=2 Garden=3 Road=3 SmallHouse=2 Apiary=2 Hothouse=3 | nw=1478124.6376
  s=  160 a= 22(BUILD:Apiary) r= -1.1634 cum=   -247.51 v=-12.6793 top5=[a34=0.035, a43=0.033, a39=0.033, a9=0.032, a41=0.030] [BUILD FAILED: Apiary]
    OBS: year=0 month=8 season=1 money=2714 credit=118314 people=28 busy=0 free=28 home_places=70 need_workers=33 tax_due=0 main_tax_due=0 tax_amount=10170 main_tax_amount=0 days_alive=179 stage=0 res0=0 res1=400 res2=0 res3=0 res4=0 res5=0 res6=0 res7=0 res8=0 Farm=2 Garden=3 Road=3 SmallHouse=2 Apiary=2 Hothouse=3 | nw=1477862.7732
  s=  161 a= 42(MANAGER:8) r= -4.6568 cum=   -252.17 v=-12.6900 top5=[a34=0.034, a43=0.033, a39=0.033, a9=0.032, a41=0.030]
    OBS: year=0 month=8 season=1 money=2714 credit=118550 people=28 busy=0 free=28 home_places=70 need_workers=33 tax_due=0 main_tax_due=0 tax_amount=10170 main_tax_amount=0 days_alive=180 stage=0 res0=0 res1=400 res2=0 res3=0 res4=0 res5=0 res6=0 res7=0 res8=0 Farm=2 Garden=3 Road=3 SmallHouse=2 Apiary=2 Hothouse=3 | nw=1477599.0445
  s=  162 a= 13(BUILD:HydroStation) r= -1.1785 cum=   -253.35 v=-12.7016 top5=[a34=0.034, a39=0.033, a43=0.033, a9=0.031, a41=0.030] [BUILD FAILED: HydroStation]
    OBS: year=0 month=8 season=1 money=2714 credit=118787 people=28 busy=0 free=28 home_places=70 need_workers=33 tax_due=0 main_tax_due=0 tax_amount=10170 main_tax_amount=0 days_alive=181 stage=0 res0=0 res1=400 res2=0 res3=0 res4=0 res5=0 res6=0 res7=0 res8=0 Farm=2 Garden=3 Road=3 SmallHouse=2 Apiary=2 Hothouse=3 | nw=1477331.2082
  s=  163 a=  3(BUILD:Farm) r= -1.1802 cum=   -254.53 v=-12.7128 top5=[a34=0.034, a39=0.033, a43=0.033, a9=0.031, a41=0.030] [BUILD FAILED: Farm]
    OBS: year=0 month=8 season=1 money=2714 credit=119024 people=28 busy=0 free=28 home_places=70 need_workers=33 tax_due=0 main_tax_due=0 tax_amount=10170 main_tax_amount=0 days_alive=182 stage=0 res0=0 res1=400 res2=0 res3=0 res4=0 res5=0 res6=0 res7=0 res8=0 Farm=2 Garden=3 Road=3 SmallHouse=2 Apiary=2 Hothouse=3 | nw=1477063.3718
  s=  164 a= 18(BUILD:CowFarm) r= -4.6617 cum=   -259.19 v=-12.7241 top5=[a34=0.034, a39=0.033, a43=0.033, a9=0.031, a41=0.030] [BUILD FAILED: CowFarm]
    OBS: year=0 month=8 season=1 money=2714 credit=119262 people=28 busy=0 free=28 home_places=70 need_workers=33 tax_due=0 main_tax_due=0 tax_amount=10170 main_tax_amount=0 days_alive=183 stage=0 res0=0 res1=400 res2=0 res3=0 res4=0 res5=0 res6=0 res7=0 res8=0 Farm=2 Garden=3 Road=3 SmallHouse=2 Apiary=2 Hothouse=3 | nw=1476795.7094
  s=  165 a=  9(BUILD:Ironmine) r= -1.1809 cum=   -260.37 v=-12.7398 top5=[a34=0.034, a39=0.034, a43=0.033, a9=0.031, a41=0.030] [BUILD FAILED: Ironmine]
    OBS: year=0 month=9 season=2 money=2714 credit=119500 people=28 busy=0 free=28 home_places=70 need_workers=33 tax_due=0 main_tax_due=0 tax_amount=10170 main_tax_amount=0 days_alive=184 stage=0 res0=0 res1=400 res2=0 res3=0 res4=0 res5=0 res6=0 res7=0 res8=0 Farm=2 Garden=3 Road=3 SmallHouse=2 Apiary=2 Hothouse=3 | nw=1476528.0469
  s=  166 a=  4(BUILD:Garden) r= -1.0230 cum=   -261.39 v=-11.1795 top5=[a12=0.049, a9=0.039, a41=0.034, a39=0.033, a30=0.031] [BUILD FAILED: Garden]
    OBS: year=0 month=9 season=2 money=2714 credit=119739 people=28 busy=0 free=28 home_places=70 need_workers=33 tax_due=0 main_tax_due=0 tax_amount=10170 main_tax_amount=0 days_alive=185 stage=0 res0=0 res1=400 res2=0 res3=0 res4=0 res5=0 res6=0 res7=0 res8=0 Farm=2 Garden=3 Road=3 SmallHouse=2 Apiary=2 Hothouse=3 | nw=1476255.9890
  s=  167 a= 42(MANAGER:8) r= -4.6663 cum=   -266.06 v=-11.1053 top5=[a12=0.048, a9=0.039, a41=0.035, a39=0.033, a30=0.031]
    OBS: year=0 month=9 season=2 money=2714 credit=119978 people=28 busy=0 free=28 home_places=70 need_workers=33 tax_due=0 main_tax_due=0 tax_amount=10170 main_tax_amount=0 days_alive=186 stage=0 res0=0 res1=400 res2=0 res3=0 res4=0 res5=0 res6=0 res7=0 res8=0 Farm=2 Garden=3 Road=3 SmallHouse=2 Apiary=2 Hothouse=3 | nw=1475988.8230
  s=  168 a= 15(BUILD:Fish) r= -1.1906 cum=   -267.25 v=-11.0656 top5=[a12=0.048, a9=0.039, a41=0.035, a39=0.033, a30=0.031] [BUILD FAILED: Fish]
    OBS: year=0 month=9 season=2 money=2714 credit=120217 people=28 busy=0 free=28 home_places=70 need_workers=33 tax_due=0 main_tax_due=0 tax_amount=10170 main_tax_amount=0 days_alive=187 stage=0 res0=0 res1=400 res2=0 res3=0 res4=0 res5=0 res6=0 res7=0 res8=0 Farm=2 Garden=3 Road=3 SmallHouse=2 Apiary=2 Hothouse=3 | nw=1475718.2269
  s=  169 a= 12(BUILD:PowerStation) r= -0.0530 cum=   -267.30 v=-11.0272 top5=[a12=0.048, a9=0.038, a41=0.035, a39=0.033, a30=0.031] [BUILD: PowerStation]
    OBS: year=0 month=9 season=2 money=2314 credit=120457 people=28 busy=0 free=28 home_places=70 need_workers=33 tax_due=0 main_tax_due=0 tax_amount=10170 main_tax_amount=0 days_alive=188 stage=0 res0=0 res1=400 res2=0 res3=0 res4=0 res5=0 res6=0 res7=0 res8=0 Farm=2 Garden=3 Road=4 SmallHouse=2 Apiary=2 Hothouse=3 | nw=1475443.9719
  s=  170 a= 43(MANAGER:9) r= -1.1941 cum=   -268.50 v=-10.5938 top5=[a12=0.047, a9=0.036, a41=0.035, a39=0.032, a43=0.029]
    OBS: year=0 month=9 season=2 money=2314 credit=120697 people=28 busy=0 free=28 home_places=70 need_workers=33 tax_due=0 main_tax_due=0 tax_amount=10170 main_tax_amount=0 days_alive=189 stage=0 res0=0 res1=400 res2=0 res3=0 res4=0 res5=0 res6=0 res7=0 res8=0 Farm=2 Garden=3 Road=4 SmallHouse=2 Apiary=2 Hothouse=3 | nw=1475173.1124
  s=  171 a=  2(BUILD:WaterChannel) r= -4.6731 cum=   -273.17 v=-10.4946 top5=[a12=0.047, a9=0.036, a41=0.035, a39=0.032, a43=0.030] [BUILD FAILED: WaterChannel]
    OBS: year=0 month=9 season=2 money=2314 credit=120938 people=28 busy=0 free=28 home_places=70 need_workers=33 tax_due=0 main_tax_due=0 tax_amount=10170 main_tax_amount=0 days_alive=190 stage=0 res0=0 res1=400 res2=0 res3=0 res4=0 res5=0 res6=0 res7=0 res8=0 Farm=2 Garden=3 Road=4 SmallHouse=2 Apiary=2 Hothouse=3 | nw=1474896.2809
  s=  172 a=  8(BUILD:Coalmine) r= -1.2006 cum=   -274.37 v=-10.3984 top5=[a12=0.046, a9=0.035, a41=0.035, a39=0.032, a43=0.030] [BUILD FAILED: Coalmine]
    OBS: year=0 month=9 season=2 money=2314 credit=121179 people=28 busy=0 free=28 home_places=70 need_workers=33 tax_due=0 main_tax_due=0 tax_amount=10170 main_tax_amount=0 days_alive=191 stage=0 res0=0 res1=400 res2=0 res3=0 res4=0 res5=0 res6=0 res7=0 res8=0 Farm=2 Garden=3 Road=4 SmallHouse=2 Apiary=2 Hothouse=3 | nw=1474623.0975
  s=  173 a=  6(BUILD:SmallHouse) r= -1.2073 cum=   -275.58 v=-10.3277 top5=[a12=0.046, a9=0.035, a41=0.035, a39=0.032, a43=0.030] [BUILD FAILED: SmallHouse]
    OBS: year=0 month=9 season=2 money=2314 credit=121421 people=28 busy=0 free=28 home_places=70 need_workers=33 tax_due=0 main_tax_due=0 tax_amount=10170 main_tax_amount=0 days_alive=192 stage=0 res0=0 res1=400 res2=0 res3=0 res4=0 res5=0 res6=0 res7=0 res8=0 Farm=2 Garden=3 Road=4 SmallHouse=2 Apiary=2 Hothouse=3 | nw=1474347.8003
  s=  174 a= 41(MANAGER:7) r= -4.6778 cum=   -280.26 v=-10.2525 top5=[a12=0.046, a41=0.035, a9=0.035, a39=0.032, a43=0.030]
    OBS: year=0 month=9 season=2 money=2314 credit=121663 people=28 busy=0 free=28 home_places=70 need_workers=33 tax_due=0 main_tax_due=0 tax_amount=10170 main_tax_amount=0 days_alive=193 stage=0 res0=0 res1=400 res2=0 res3=0 res4=0 res5=0 res6=0 res7=0 res8=0 Farm=2 Garden=3 Road=4 SmallHouse=2 Apiary=2 Hothouse=3 | nw=1474074.2042
  s=  175 a= 34(MANAGER:0) r= -1.2068 cum=   -281.46 v=-10.1762 top5=[a12=0.046, a41=0.035, a9=0.035, a39=0.033, a43=0.030]
    OBS: year=0 month=9 season=2 money=2314 credit=121906 people=28 busy=0 free=28 home_places=70 need_workers=33 tax_due=0 main_tax_due=0 tax_amount=10170 main_tax_amount=0 days_alive=194 stage=0 res0=0 res1=400 res2=0 res3=0 res4=0 res5=0 res6=0 res7=0 res8=0 Farm=2 Garden=3 Road=4 SmallHouse=2 Apiary=2 Hothouse=3 | nw=1473799.6427
  s=  176 a= 40(MANAGER:6) r= -0.6370 cum=   -282.10 v=-10.8498 top5=[a12=0.047, a9=0.036, a41=0.035, a39=0.033, a43=0.031]
    OBS: year=0 month=9 season=2 money=2514 credit=122149 people=28 busy=0 free=28 home_places=70 need_workers=33 tax_due=0 main_tax_due=0 tax_amount=10174 main_tax_amount=0 days_alive=195 stage=0 res0=0 res1=200 res2=0 res3=0 res4=0 res5=0 res6=0 res7=0 res8=0 Farm=2 Garden=3 Road=4 SmallHouse=2 Apiary=2 Hothouse=3 | nw=1473525.4838
  s=  177 a= 33(BUILD:AtomStation) r= -4.6815 cum=   -286.78 v=-10.7812 top5=[a12=0.047, a9=0.036, a41=0.035, a39=0.033, a43=0.031] [BUILD FAILED: AtomStation]
    OBS: year=0 month=9 season=2 money=2514 credit=122393 people=28 busy=0 free=28 home_places=70 need_workers=33 tax_due=0 main_tax_due=0 tax_amount=10174 main_tax_amount=0 days_alive=196 stage=0 res0=0 res1=200 res2=0 res3=0 res4=0 res5=0 res6=0 res7=0 res8=0 Farm=2 Garden=3 Road=4 SmallHouse=2 Apiary=2 Hothouse=3 | nw=1473250.0371
  s=  178 a= 40(MANAGER:6) r= -1.2193 cum=   -288.00 v=-10.7612 top5=[a12=0.047, a9=0.035, a41=0.035, a39=0.033, a43=0.031]
    OBS: year=0 month=9 season=2 money=2514 credit=122637 people=28 busy=0 free=28 home_places=70 need_workers=33 tax_due=0 main_tax_due=0 tax_amount=10174 main_tax_amount=0 days_alive=197 stage=0 res0=0 res1=200 res2=0 res3=0 res4=0 res5=0 res6=0 res7=0 res8=0 Farm=2 Garden=3 Road=4 SmallHouse=2 Apiary=2 Hothouse=3 | nw=1472971.2434
  s=  179 a=  2(BUILD:WaterChannel) r= -1.2133 cum=   -289.21 v=-10.7625 top5=[a12=0.047, a9=0.035, a41=0.035, a39=0.033, a43=0.031] [BUILD FAILED: WaterChannel]
    OBS: year=0 month=9 season=2 money=2514 credit=122882 people=28 busy=0 free=28 home_places=70 need_workers=33 tax_due=0 main_tax_due=0 tax_amount=10174 main_tax_amount=0 days_alive=198 stage=0 res0=0 res1=200 res2=0 res3=0 res4=0 res5=0 res6=0 res7=0 res8=0 Farm=2 Garden=3 Road=4 SmallHouse=2 Apiary=2 Hothouse=3 | nw=1472695.7865
  s=  180 a= 25(BUILD:SuperHouse) r= -4.6861 cum=   -293.90 v=-10.7610 top5=[a12=0.047, a9=0.035, a41=0.035, a39=0.033, a43=0.031] [BUILD FAILED: SuperHouse]
    OBS: year=0 month=9 season=2 money=2514 credit=123127 people=28 busy=0 free=28 home_places=70 need_workers=33 tax_due=0 main_tax_due=0 tax_amount=10174 main_tax_amount=0 days_alive=199 stage=0 res0=0 res1=200 res2=0 res3=0 res4=0 res5=0 res6=0 res7=0 res8=0 Farm=2 Garden=3 Road=4 SmallHouse=2 Apiary=2 Hothouse=3 | nw=1472418.4306
  s=  181 a= 14(BUILD:Road) r= -0.2797 cum=   -294.18 v=-10.7268 top5=[a12=0.046, a41=0.035, a9=0.035, a39=0.033, a43=0.031] [BUILD: Road]
    OBS: year=0 month=9 season=2 money=2514 credit=123373 people=28 busy=0 free=28 home_places=70 need_workers=33 tax_due=0 main_tax_due=0 tax_amount=10174 main_tax_amount=0 days_alive=200 stage=0 res0=0 res1=200 res2=0 res3=0 res4=0 res5=0 res6=0 res7=0 res8=0 Farm=2 Garden=3 Road=4 SmallHouse=2 Apiary=2 Hothouse=3 | nw=1472142.2962
  s=  182 a= 23(BUILD:Torchlight) r= -1.2167 cum=   -295.40 v=-10.7062 top5=[a12=0.046, a41=0.035, a9=0.034, a39=0.034, a43=0.031] [BUILD FAILED: Torchlight]
    OBS: year=0 month=9 season=2 money=2514 credit=123619 people=28 busy=0 free=28 home_places=70 need_workers=33 tax_due=0 main_tax_due=0 tax_amount=10174 main_tax_amount=0 days_alive=201 stage=0 res0=0 res1=200 res2=0 res3=0 res4=0 res5=0 res6=0 res7=0 res8=0 Farm=2 Garden=3 Road=4 SmallHouse=2 Apiary=2 Hothouse=3 | nw=1471866.4011
  s=  183 a= 14(BUILD:Road) r= -4.6887 cum=   -300.09 v=-10.7229 top5=[a12=0.047, a41=0.035, a9=0.034, a39=0.034, a43=0.032] [BUILD FAILED: Road]
    OBS: year=0 month=9 season=2 money=2514 credit=123866 people=28 busy=0 free=28 home_places=70 need_workers=33 tax_due=0 main_tax_due=0 tax_amount=10174 main_tax_amount=0 days_alive=202 stage=0 res0=0 res1=200 res2=0 res3=0 res4=0 res5=0 res6=0 res7=0 res8=0 Farm=2 Garden=3 Road=4 SmallHouse=2 Apiary=2 Hothouse=3 | nw=1471589.3014
  s=  184 a= 11(BUILD:Goldmine) r= -0.7558 cum=   -300.84 v=-10.7627 top5=[a12=0.047, a41=0.035, a39=0.034, a9=0.034, a43=0.032] [BUILD: Goldmine]
    OBS: year=0 month=9 season=2 money=2514 credit=124113 people=29 busy=0 free=29 home_places=70 need_workers=33 tax_due=0 main_tax_due=0 tax_amount=10174 main_tax_amount=0 days_alive=203 stage=0 res0=0 res1=200 res2=0 res3=0 res4=0 res5=0 res6=0 res7=0 res8=0 Farm=2 Garden=3 Road=4 SmallHouse=2 Apiary=2 Hothouse=3 | nw=1471310.7052
  s=  185 a=  7(BUILD:Sawmill) r= -1.2246 cum=   -302.07 v=-10.8288 top5=[a12=0.046, a39=0.035, a41=0.035, a9=0.034, a43=0.032] [BUILD FAILED: Sawmill]
    OBS: year=0 month=9 season=2 money=2514 credit=124361 people=29 busy=0 free=29 home_places=70 need_workers=33 tax_due=0 main_tax_due=0 tax_amount=10174 main_tax_amount=0 days_alive=204 stage=0 res0=0 res1=200 res2=0 res3=0 res4=0 res5=0 res6=0 res7=0 res8=0 Farm=2 Garden=3 Road=4 SmallHouse=2 Apiary=2 Hothouse=3 | nw=1471032.6055
  s=  186 a= 42(MANAGER:8) r= -4.6925 cum=   -306.76 v=-10.9059 top5=[a12=0.046, a39=0.035, a41=0.035, a9=0.034, a43=0.032]
    OBS: year=0 month=9 season=2 money=2514 credit=124609 people=28 busy=0 free=28 home_places=70 need_workers=33 tax_due=0 main_tax_due=0 tax_amount=10174 main_tax_amount=0 days_alive=205 stage=0 res0=0 res1=200 res2=0 res3=0 res4=0 res5=0 res6=0 res7=0 res8=0 Farm=2 Garden=3 Road=4 SmallHouse=2 Apiary=2 Hothouse=3 | nw=1470753.7461
  s=  187 a= 33(BUILD:AtomStation) r= -1.2346 cum=   -307.99 v=-10.9847 top5=[a12=0.047, a41=0.035, a39=0.035, a9=0.033, a43=0.032] [BUILD FAILED: AtomStation]
    OBS: year=0 month=9 season=2 money=2514 credit=124858 people=28 busy=0 free=28 home_places=70 need_workers=33 tax_due=0 main_tax_due=0 tax_amount=10174 main_tax_amount=0 days_alive=206 stage=0 res0=0 res1=200 res2=0 res3=0 res4=0 res5=0 res6=0 res7=0 res8=0 Farm=2 Garden=3 Road=4 SmallHouse=2 Apiary=2 Hothouse=3 | nw=1470471.8861
  s=  188 a= 22(BUILD:Apiary) r= -1.2334 cum=   -309.23 v=-11.0689 top5=[a12=0.047, a39=0.035, a41=0.035, a9=0.033, a43=0.032] [BUILD FAILED: Apiary]
    OBS: year=0 month=9 season=2 money=2514 credit=125107 people=28 busy=0 free=28 home_places=70 need_workers=33 tax_due=0 main_tax_due=0 tax_amount=10174 main_tax_amount=0 days_alive=207 stage=0 res0=0 res1=200 res2=0 res3=0 res4=0 res5=0 res6=0 res7=0 res8=0 Farm=2 Garden=3 Road=4 SmallHouse=2 Apiary=2 Hothouse=3 | nw=1470191.2899
  s=  189 a= 27(BUILD:WaterMill) r= -4.6970 cum=   -313.92 v=-11.1465 top5=[a12=0.047, a39=0.035, a41=0.034, a9=0.033, a43=0.032] [BUILD FAILED: WaterMill]
    OBS: year=0 month=9 season=2 money=2514 credit=125357 people=28 busy=0 free=28 home_places=70 need_workers=33 tax_due=0 main_tax_due=0 tax_amount=10174 main_tax_amount=0 days_alive=208 stage=0 res0=0 res1=200 res2=0 res3=0 res4=0 res5=0 res6=0 res7=0 res8=0 Farm=2 Garden=3 Road=4 SmallHouse=2 Apiary=2 Hothouse=3 | nw=1469913.2939
  s=  190 a= 31(BUILD:AirStation) r= -1.2437 cum=   -315.17 v=-11.2141 top5=[a12=0.047, a39=0.035, a41=0.034, a9=0.033, a43=0.032] [BUILD FAILED: AirStation]
    OBS: year=0 month=9 season=2 money=2514 credit=125607 people=28 busy=0 free=28 home_places=70 need_workers=33 tax_due=0 main_tax_due=0 tax_amount=10174 main_tax_amount=0 days_alive=209 stage=0 res0=0 res1=200 res2=0 res3=0 res4=0 res5=0 res6=0 res7=0 res8=0 Farm=2 Garden=3 Road=4 SmallHouse=2 Apiary=2 Hothouse=3 | nw=1469628.8063
  s=  191 a= 24(BUILD:Hothouse) r= -1.2410 cum=   -316.41 v=-11.2878 top5=[a12=0.047, a39=0.035, a41=0.034, a9=0.033, a43=0.032] [BUILD FAILED: Hothouse]
    OBS: year=0 month=9 season=2 money=2514 credit=125858 people=28 busy=0 free=28 home_places=70 need_workers=33 tax_due=0 main_tax_due=0 tax_amount=10174 main_tax_amount=0 days_alive=210 stage=0 res0=0 res1=200 res2=0 res3=0 res4=0 res5=0 res6=0 res7=0 res8=0 Farm=2 Garden=3 Road=4 SmallHouse=2 Apiary=2 Hothouse=3 | nw=1469346.2448
  s=  192 a=  8(BUILD:Coalmine) r= -4.7014 cum=   -321.11 v=-11.3607 top5=[a12=0.047, a39=0.035, a41=0.034, a9=0.032, a43=0.032] [BUILD FAILED: Coalmine]
    OBS: year=0 month=9 season=2 money=2514 credit=126109 people=28 busy=0 free=28 home_places=70 need_workers=33 tax_due=0 main_tax_due=0 tax_amount=10174 main_tax_amount=0 days_alive=211 stage=0 res0=0 res1=200 res2=0 res3=0 res4=0 res5=0 res6=0 res7=0 res8=0 Farm=2 Garden=3 Road=4 SmallHouse=2 Apiary=2 Hothouse=3 | nw=1469063.8813
  s=  193 a= 44(MANAGER:10) r= -0.5345 cum=   -321.64 v=-11.4382 top5=[a12=0.047, a39=0.036, a41=0.034, a9=0.032, a43=0.032]
    OBS: year=0 month=9 season=2 money=2514 credit=126361 people=28 busy=0 free=28 home_places=70 need_workers=33 tax_due=0 main_tax_due=0 tax_amount=10174 main_tax_amount=0 days_alive=212 stage=0 res0=0 res1=200 res2=0 res3=0 res4=0 res5=0 res6=0 res7=0 res8=0 Farm=2 Garden=3 Road=4 SmallHouse=2 Apiary=2 Hothouse=3 | nw=1468782.6561
  s=  194 a= 41(MANAGER:7) r= -1.2442 cum=   -322.89 v=-11.5115 top5=[a12=0.046, a39=0.036, a41=0.034, a43=0.032, a9=0.032]
    OBS: year=0 month=9 season=2 money=2114 credit=126613 people=28 busy=0 free=28 home_places=70 need_workers=33 tax_due=0 main_tax_due=0 tax_amount=10178 main_tax_amount=0 days_alive=213 stage=0 res0=0 res1=400 res2=0 res3=0 res4=0 res5=0 res6=0 res7=0 res8=0 Farm=2 Garden=3 Road=4 SmallHouse=2 Apiary=2 Hothouse=3 | nw=1468299.8198
  s=  195 a= 16(BUILD:CoalCut) r= -4.7046 cum=   -327.59 v=-11.6501 top5=[a12=0.046, a39=0.036, a41=0.034, a43=0.032, a9=0.032] [BUILD FAILED: CoalCut]
    OBS: year=0 month=10 season=2 money=2114 credit=126866 people=28 busy=0 free=28 home_places=70 need_workers=33 tax_due=0 main_tax_due=0 tax_amount=10178 main_tax_amount=0 days_alive=214 stage=0 res0=0 res1=400 res2=0 res3=0 res4=0 res5=0 res6=0 res7=0 res8=0 Farm=2 Garden=3 Road=4 SmallHouse=2 Apiary=2 Hothouse=3 | nw=1468013.0853
  s=  196 a= 39(MANAGER:5) r= +0.6266 cum=   -326.97 v=-12.9145 top5=[a12=0.048, a9=0.035, a41=0.034, a39=0.030, a44=0.030]
    OBS: year=0 month=10 season=2 money=2114 credit=127119 people=28 busy=0 free=28 home_places=90 need_workers=33 tax_due=0 main_tax_due=0 tax_amount=10178 main_tax_amount=0 days_alive=215 stage=0 res0=0 res1=400 res2=0 res3=0 res4=0 res5=0 res6=0 res7=0 res8=0 Farm=2 Garden=3 Road=4 SmallHouse=2 Apiary=2 Hothouse=3 | nw=1467726.8227
  s=  197 a= 30(BUILD:BigIronmine) r= -1.2504 cum=   -328.22 v=-12.8780 top5=[a12=0.050, a9=0.034, a41=0.032, a44=0.031, a30=0.029] [BUILD FAILED: BigIronmine]
    OBS: year=0 month=10 season=2 money=2114 credit=127373 people=28 busy=0 free=28 home_places=90 need_workers=33 tax_due=0 main_tax_due=0 tax_amount=10178 main_tax_amount=0 days_alive=216 stage=0 res0=0 res1=400 res2=0 res3=0 res4=0 res5=0 res6=0 res7=0 res8=0 Farm=2 Garden=3 Road=4 SmallHouse=2 Apiary=2 Hothouse=3 | nw=1467441.9864
  s=  198 a= 15(BUILD:Fish) r= -4.7035 cum=   -332.92 v=-12.8506 top5=[a12=0.050, a9=0.034, a41=0.032, a44=0.031, a30=0.029] [BUILD FAILED: Fish]
    OBS: year=0 month=10 season=2 money=2114 credit=127627 people=28 busy=0 free=28 home_places=90 need_workers=33 tax_due=0 main_tax_due=0 tax_amount=10178 main_tax_amount=0 days_alive=217 stage=0 res0=0 res1=400 res2=0 res3=0 res4=0 res5=0 res6=0 res7=0 res8=0 Farm=2 Garden=3 Road=4 SmallHouse=2 Apiary=2 Hothouse=3 | nw=1467162.1220
  s=  199 a=  0(DAY) r= -0.7791 cum=   -333.70 v=-12.8247 top5=[a12=0.049, a9=0.033, a41=0.032, a44=0.031, a30=0.029]
    OBS: year=0 month=10 season=2 money=2114 credit=127882 people=28 busy=0 free=28 home_places=90 need_workers=33 tax_due=0 main_tax_due=0 tax_amount=10178 main_tax_amount=0 days_alive=218 stage=0 res0=0 res1=400 res2=0 res3=0 res4=0 res5=0 res6=0 res7=0 res8=0 Farm=2 Garden=3 Road=4 SmallHouse=2 Apiary=2 Hothouse=3 | nw=1466878.4009
  s=  200 a= 18(BUILD:CowFarm) r= -1.2528 cum=   -334.95 v=-12.8023 top5=[a12=0.049, a9=0.033, a41=0.032, a44=0.031, a30=0.029] [BUILD FAILED: CowFarm]
    OBS: year=0 month=10 season=2 money=2114 credit=128137 people=28 busy=0 free=28 home_places=90 need_workers=33 tax_due=0 main_tax_due=0 tax_amount=10178 main_tax_amount=0 days_alive=219 stage=0 res0=0 res1=400 res2=0 res3=0 res4=0 res5=0 res6=0 res7=0 res8=0 Farm=2 Garden=3 Road=4 SmallHouse=2 Apiary=2 Hothouse=3 | nw=1466593.7384
  s=  201 a= 27(BUILD:WaterMill) r= -4.7072 cum=   -339.66 v=-12.7872 top5=[a12=0.049, a9=0.033, a41=0.032, a44=0.031, a43=0.029] [BUILD FAILED: WaterMill]
    OBS: year=0 month=10 season=2 money=2114 credit=128393 people=28 busy=0 free=28 home_places=90 need_workers=33 tax_due=0 main_tax_due=0 tax_amount=10178 main_tax_amount=0 days_alive=220 stage=0 res0=0 res1=400 res2=0 res3=0 res4=0 res5=0 res6=0 res7=0 res8=0 Farm=2 Garden=3 Road=4 SmallHouse=2 Apiary=2 Hothouse=3 | nw=1466306.2668
  s=  202 a= 32(BUILD:SmallAtomStation) r= -1.2689 cum=   -340.93 v=-12.7692 top5=[a12=0.049, a9=0.033, a41=0.032, a44=0.031, a43=0.029] [BUILD FAILED: SmallAtomStation]
    OBS: year=0 month=10 season=2 money=2114 credit=128649 people=28 busy=0 free=28 home_places=90 need_workers=33 tax_due=0 main_tax_due=0 tax_amount=10178 main_tax_amount=0 days_alive=221 stage=0 res0=0 res1=400 res2=0 res3=0 res4=0 res5=0 res6=0 res7=0 res8=0 Farm=2 Garden=3 Road=4 SmallHouse=2 Apiary=2 Hothouse=3 | nw=1466015.2752
  s=  203 a=  9(BUILD:Ironmine) r= -1.2695 cum=   -342.20 v=-12.7510 top5=[a12=0.048, a9=0.032, a41=0.032, a44=0.031, a43=0.029] [BUILD FAILED: Ironmine]
    OBS: year=0 month=10 season=2 money=2114 credit=128906 people=28 busy=0 free=28 home_places=90 need_workers=33 tax_due=0 main_tax_due=0 tax_amount=10178 main_tax_amount=0 days_alive=222 stage=0 res0=0 res1=400 res2=0 res3=0 res4=0 res5=0 res6=0 res7=0 res8=0 Farm=2 Garden=3 Road=4 SmallHouse=2 Apiary=2 Hothouse=3 | nw=1465724.7800
  s=  204 a= 37(MANAGER:3) r= -4.7115 cum=   -346.91 v=-12.7300 top5=[a12=0.048, a41=0.032, a9=0.032, a44=0.031, a43=0.029]
    OBS: year=0 month=10 season=2 money=3052 credit=129163 people=28 busy=0 free=28 home_places=90 need_workers=33 tax_due=0 main_tax_due=0 tax_amount=9758 main_tax_amount=0 days_alive=223 stage=0 res0=0 res1=400 res2=0 res3=0 res4=0 res5=0 res6=0 res7=0 res8=0 Farm=2 Garden=3 Road=4 SmallHouse=2 Apiary=1 Hothouse=3 | nw=1457214.2323
  s=  205 a= 27(BUILD:WaterMill) r= -1.2612 cum=   -348.17 v=-12.5053 top5=[a12=0.047, a44=0.032, a9=0.030, a41=0.030, a43=0.028] [BUILD FAILED: WaterMill]
    OBS: year=0 month=10 season=2 money=3052 credit=129421 people=28 busy=0 free=28 home_places=90 need_workers=33 tax_due=0 main_tax_due=0 tax_amount=9758 main_tax_amount=0 days_alive=224 stage=0 res0=0 res1=400 res2=0 res3=0 res4=0 res5=0 res6=0 res7=0 res8=0 Farm=2 Garden=3 Road=4 SmallHouse=2 Apiary=1 Hothouse=3 | nw=1456927.7438
  s=  206 a= 42(MANAGER:8) r= -1.2605 cum=   -349.43 v=-12.5555 top5=[a12=0.047, a44=0.032, a9=0.030, a41=0.030, a43=0.029]
    OBS: year=0 month=10 season=2 money=3052 credit=129679 people=28 busy=0 free=28 home_places=90 need_workers=33 tax_due=0 main_tax_due=0 tax_amount=9758 main_tax_amount=0 days_alive=225 stage=0 res0=0 res1=400 res2=0 res3=0 res4=0 res5=0 res6=0 res7=0 res8=0 Farm=2 Garden=3 Road=4 SmallHouse=2 Apiary=1 Hothouse=3 | nw=1456642.3376
  s=  207 a=  9(BUILD:Ironmine) r= -4.7158 cum=   -354.15 v=-12.6083 top5=[a12=0.047, a44=0.032, a9=0.030, a41=0.030, a43=0.029] [BUILD FAILED: Ironmine]
    OBS: year=0 month=10 season=2 money=3052 credit=129938 people=28 busy=0 free=28 home_places=90 need_workers=33 tax_due=0 main_tax_due=0 tax_amount=9758 main_tax_amount=0 days_alive=226 stage=0 res0=0 res1=400 res2=0 res3=0 res4=0 res5=0 res6=0 res7=0 res8=0 Farm=2 Garden=3 Road=4 SmallHouse=2 Apiary=1 Hothouse=3 | nw=1456354.9069
  s=  208 a= 11(BUILD:Goldmine) r= -1.2600 cum=   -355.41 v=-12.6634 top5=[a12=0.047, a44=0.032, a9=0.030, a41=0.029, a43=0.029] [BUILD FAILED: Goldmine]
    OBS: year=0 month=10 season=2 money=3052 credit=130197 people=28 busy=0 free=28 home_places=90 need_workers=33 tax_due=0 main_tax_due=0 tax_amount=9758 main_tax_amount=0 days_alive=227 stage=0 res0=0 res1=400 res2=0 res3=0 res4=0 res5=0 res6=0 res7=0 res8=0 Farm=2 Garden=3 Road=4 SmallHouse=2 Apiary=1 Hothouse=3 | nw=1456070.2267
  s=  209 a= 15(BUILD:Fish) r= -1.2753 cum=   -356.68 v=-12.7480 top5=[a12=0.047, a44=0.032, a41=0.029, a9=0.029, a43=0.029] [BUILD FAILED: Fish]
    OBS: year=0 month=10 season=2 money=3052 credit=130457 people=28 busy=0 free=28 home_places=90 need_workers=33 tax_due=0 main_tax_due=0 tax_amount=9758 main_tax_amount=0 days_alive=228 stage=0 res0=0 res1=400 res2=0 res3=0 res4=0 res5=0 res6=0 res7=0 res8=0 Farm=2 Garden=3 Road=4 SmallHouse=2 Apiary=1 Hothouse=3 | nw=1455779.8045
  s=  210 a= 34(MANAGER:0) r= -4.7200 cum=   -361.40 v=-12.8440 top5=[a12=0.047, a44=0.032, a41=0.029, a43=0.029, a9=0.029]
    OBS: year=0 month=10 season=2 money=3052 credit=130717 people=28 busy=0 free=28 home_places=90 need_workers=33 tax_due=0 main_tax_due=0 tax_amount=9758 main_tax_amount=0 days_alive=229 stage=0 res0=0 res1=400 res2=0 res3=0 res4=0 res5=0 res6=0 res7=0 res8=0 Farm=2 Garden=3 Road=4 SmallHouse=2 Apiary=1 Hothouse=3 | nw=1455493.9748
  s=  211 a= 20(BUILD:BigHouse) r= -1.2735 cum=   -362.67 v=-12.9397 top5=[a12=0.047, a44=0.032, a41=0.029, a43=0.029, a9=0.029] [BUILD FAILED: BigHouse]
    OBS: year=0 month=10 season=2 money=3052 credit=130978 people=28 busy=0 free=28 home_places=90 need_workers=33 tax_due=0 main_tax_due=0 tax_amount=9758 main_tax_amount=0 days_alive=230 stage=0 res0=0 res1=400 res2=0 res3=0 res4=0 res5=0 res6=0 res7=0 res8=0 Farm=2 Garden=3 Road=4 SmallHouse=2 Apiary=1 Hothouse=3 | nw=1455204.8088
  s=  212 a= 23(BUILD:Torchlight) r= -1.2763 cum=   -363.95 v=-13.0318 top5=[a12=0.047, a44=0.032, a41=0.029, a43=0.029, a9=0.029] [BUILD FAILED: Torchlight]
    OBS: year=0 month=10 season=2 money=3052 credit=131239 people=28 busy=0 free=28 home_places=90 need_workers=33 tax_due=0 main_tax_due=0 tax_amount=9758 main_tax_amount=0 days_alive=231 stage=0 res0=0 res1=400 res2=0 res3=0 res4=0 res5=0 res6=0 res7=0 res8=0 Farm=2 Garden=3 Road=4 SmallHouse=2 Apiary=1 Hothouse=3 | nw=1454915.2056
  s=  213 a= 11(BUILD:Goldmine) r= -4.7242 cum=   -368.68 v=-13.1262 top5=[a12=0.047, a44=0.032, a43=0.029, a41=0.029, a9=0.028] [BUILD FAILED: Goldmine]
    OBS: year=0 month=10 season=2 money=3052 credit=131501 people=28 busy=0 free=28 home_places=90 need_workers=33 tax_due=0 main_tax_due=0 tax_amount=9758 main_tax_amount=0 days_alive=232 stage=0 res0=0 res1=400 res2=0 res3=0 res4=0 res5=0 res6=0 res7=0 res8=0 Farm=2 Garden=3 Road=4 SmallHouse=2 Apiary=1 Hothouse=3 | nw=1454621.8768
  s=  214 a=  7(BUILD:Sawmill) r= -1.2887 cum=   -369.96 v=-13.2175 top5=[a12=0.047, a44=0.032, a43=0.029, a41=0.029, a39=0.028] [BUILD FAILED: Sawmill]
    OBS: year=0 month=10 season=2 money=3052 credit=131764 people=28 busy=0 free=28 home_places=90 need_workers=33 tax_due=0 main_tax_due=0 tax_amount=9758 main_tax_amount=0 days_alive=233 stage=0 res0=0 res1=400 res2=0 res3=0 res4=0 res5=0 res6=0 res7=0 res8=0 Farm=2 Garden=3 Road=4 SmallHouse=2 Apiary=1 Hothouse=3 | nw=1454327.5480
  s=  215 a= 40(MANAGER:6) r= -0.7050 cum=   -370.67 v=-13.3027 top5=[a12=0.047, a44=0.032, a43=0.029, a41=0.029, a39=0.029]
    OBS: year=0 month=10 season=2 money=3252 credit=132027 people=28 busy=0 free=28 home_places=90 need_workers=33 tax_due=0 main_tax_due=0 tax_amount=9762 main_tax_amount=0 days_alive=234 stage=0 res0=0 res1=200 res2=0 res3=0 res4=0 res5=0 res6=0 res7=0 res8=0 Farm=2 Garden=3 Road=4 SmallHouse=2 Apiary=1 Hothouse=3 | nw=1454037.1418
  s=  216 a=  6(BUILD:SmallHouse) r= -4.7275 cum=   -375.40 v=-13.3567 top5=[a12=0.047, a44=0.032, a43=0.030, a41=0.029, a39=0.029] [BUILD FAILED: SmallHouse]
    OBS: year=0 month=10 season=2 money=3252 credit=132291 people=28 busy=0 free=28 home_places=90 need_workers=33 tax_due=0 main_tax_due=0 tax_amount=9762 main_tax_amount=0 days_alive=235 stage=0 res0=0 res1=200 res2=0 res3=0 res4=0 res5=0 res6=0 res7=0 res8=0 Farm=2 Garden=3 Road=4 SmallHouse=2 Apiary=1 Hothouse=3 | nw=1453747.3121
  s=  217 a= 18(BUILD:CowFarm) r= -1.2853 cum=   -376.68 v=-13.4389 top5=[a12=0.047, a44=0.032, a43=0.030, a41=0.029, a39=0.029] [BUILD FAILED: CowFarm]
    OBS: year=0 month=10 season=2 money=3252 credit=132555 people=28 busy=0 free=28 home_places=90 need_workers=33 tax_due=0 main_tax_due=0 tax_amount=9762 main_tax_amount=0 days_alive=236 stage=0 res0=0 res1=200 res2=0 res3=0 res4=0 res5=0 res6=0 res7=0 res8=0 Farm=2 Garden=3 Road=4 SmallHouse=2 Apiary=1 Hothouse=3 | nw=1453455.5834
  s=  218 a=  8(BUILD:Coalmine) r= -1.2828 cum=   -377.96 v=-13.5217 top5=[a12=0.047, a44=0.032, a43=0.030, a39=0.029, a41=0.029] [BUILD FAILED: Coalmine]
    OBS: year=0 month=10 season=2 money=3252 credit=132820 people=28 busy=0 free=28 home_places=90 need_workers=33 tax_due=0 main_tax_due=0 tax_amount=9762 main_tax_amount=0 days_alive=237 stage=0 res0=0 res1=200 res2=0 res3=0 res4=0 res5=0 res6=0 res7=0 res8=0 Farm=2 Garden=3 Road=4 SmallHouse=2 Apiary=1 Hothouse=3 | nw=1453165.6884
  s=  219 a= 14(BUILD:Road) r= -4.7317 cum=   -382.70 v=-13.6177 top5=[a12=0.048, a44=0.032, a43=0.030, a39=0.029, a41=0.029] [BUILD FAILED: Road]
    OBS: year=0 month=10 season=2 money=3252 credit=133085 people=28 busy=0 free=28 home_places=90 need_workers=33 tax_due=0 main_tax_due=0 tax_amount=9762 main_tax_amount=0 days_alive=238 stage=0 res0=0 res1=200 res2=0 res3=0 res4=0 res5=0 res6=0 res7=0 res8=0 Farm=2 Garden=3 Road=4 SmallHouse=2 Apiary=1 Hothouse=3 | nw=1452870.4988
  s=  220 a= 41(MANAGER:7) r= -1.2949 cum=   -383.99 v=-13.7119 top5=[a12=0.048, a44=0.032, a43=0.030, a39=0.030, a41=0.029]
    OBS: year=0 month=10 season=2 money=2852 credit=133351 people=28 busy=0 free=28 home_places=90 need_workers=33 tax_due=0 main_tax_due=0 tax_amount=9766 main_tax_amount=0 days_alive=239 stage=0 res0=0 res1=400 res2=0 res3=0 res4=0 res5=0 res6=0 res7=0 res8=0 Farm=2 Garden=3 Road=4 SmallHouse=2 Apiary=1 Hothouse=3 | nw=1452376.0103
  s=  221 a=  6(BUILD:SmallHouse) r= -1.2904 cum=   -385.28 v=-13.8684 top5=[a12=0.048, a44=0.032, a43=0.030, a39=0.030, a41=0.029] [BUILD FAILED: SmallHouse]
    OBS: year=0 month=10 season=2 money=2852 credit=133617 people=28 busy=0 free=28 home_places=90 need_workers=33 tax_due=0 main_tax_due=0 tax_amount=9766 main_tax_amount=0 days_alive=240 stage=0 res0=0 res1=400 res2=0 res3=0 res4=0 res5=0 res6=0 res7=0 res8=0 Farm=2 Garden=3 Road=4 SmallHouse=2 Apiary=1 Hothouse=3 | nw=1452084.1806
  s=  222 a= 29(BUILD:Puerperal) r= -4.7358 cum=   -390.02 v=-13.9235 top5=[a12=0.048, a44=0.032, a43=0.030, a39=0.030, a41=0.029] [BUILD FAILED: Puerperal]
    OBS: year=0 month=10 season=2 money=2852 credit=133884 people=28 busy=0 free=28 home_places=90 need_workers=33 tax_due=0 main_tax_due=0 tax_amount=9766 main_tax_amount=0 days_alive=241 stage=0 res0=0 res1=400 res2=0 res3=0 res4=0 res5=0 res6=0 res7=0 res8=0 Farm=2 Garden=3 Road=4 SmallHouse=2 Apiary=1 Hothouse=3 | nw=1451788.7820
  s=  223 a= 20(BUILD:BigHouse) r= -1.2958 cum=   -391.31 v=-13.9682 top5=[a12=0.047, a44=0.032, a39=0.030, a43=0.030, a41=0.029] [BUILD FAILED: BigHouse]
    OBS: year=0 month=10 season=2 money=2852 credit=134151 people=28 busy=0 free=28 home_places=90 need_workers=33 tax_due=0 main_tax_due=0 tax_amount=9766 main_tax_amount=0 days_alive=242 stage=0 res0=0 res1=400 res2=0 res3=0 res4=0 res5=0 res6=0 res7=0 res8=0 Farm=2 Garden=3 Road=4 SmallHouse=2 Apiary=1 Hothouse=3 | nw=1451495.1925
  s=  224 a= 12(BUILD:PowerStation) r= -0.1508 cum=   -391.46 v=-14.0195 top5=[a12=0.047, a44=0.032, a39=0.030, a43=0.030, a41=0.029] [BUILD: PowerStation]
    OBS: year=0 month=10 season=2 money=2452 credit=134419 people=28 busy=0 free=28 home_places=90 need_workers=33 tax_due=0 main_tax_due=0 tax_amount=9766 main_tax_amount=0 days_alive=243 stage=0 res0=0 res1=400 res2=0 res3=0 res4=0 res5=0 res6=0 res7=0 res8=0 Farm=2 Garden=3 Road=5 SmallHouse=2 Apiary=1 Hothouse=3 | nw=1451193.9300
  s=  225 a= 22(BUILD:Apiary) r= -1.3037 cum=   -392.77 v=-13.8253 top5=[a12=0.047, a44=0.032, a43=0.031, a39=0.031, a41=0.029] [BUILD FAILED: Apiary]
    OBS: year=0 month=10 season=2 money=2452 credit=134687 people=28 busy=0 free=28 home_places=90 need_workers=33 tax_due=0 main_tax_due=0 tax_amount=9766 main_tax_amount=0 days_alive=244 stage=0 res0=0 res1=400 res2=0 res3=0 res4=0 res5=0 res6=0 res7=0 res8=0 Farm=2 Garden=3 Road=5 SmallHouse=2 Apiary=1 Hothouse=3 | nw=1450898.2360
  s=  226 a=  1(WEEK) r= -4.7418 cum=   -397.51 v=-13.8897 top5=[a12=0.047, a44=0.032, a43=0.031, a39=0.031, a41=0.029]
    OBS: year=0 month=11 season=2 money=2452 credit=136580 people=28 busy=0 free=28 home_places=90 need_workers=33 tax_due=0 main_tax_due=0 tax_amount=9766 main_tax_amount=0 days_alive=251 stage=0 res0=0 res1=400 res2=0 res3=0 res4=0 res5=0 res6=0 res7=0 res8=0 Farm=2 Garden=3 Road=5 SmallHouse=2 Apiary=1 Hothouse=3 | nw=1448809.7160
  s=  227 a= 20(BUILD:BigHouse) r= -1.3240 cum=   -398.83 v=-14.2097 top5=[a12=0.048, a44=0.033, a41=0.029, a9=0.029, a43=0.029] [BUILD FAILED: BigHouse]
    OBS: year=0 month=11 season=2 money=2452 credit=136853 people=28 busy=0 free=28 home_places=90 need_workers=33 tax_due=0 main_tax_due=0 tax_amount=9766 main_tax_amount=0 days_alive=252 stage=0 res0=0 res1=400 res2=0 res3=0 res4=0 res5=0 res6=0 res7=0 res8=0 Farm=2 Garden=3 Road=5 SmallHouse=2 Apiary=1 Hothouse=3 | nw=1448507.6087
  s=  228 a= 15(BUILD:Fish) r= -1.3299 cum=   -400.16 v=-14.2163 top5=[a12=0.048, a44=0.033, a41=0.029, a9=0.029, a43=0.029] [BUILD FAILED: Fish]
    OBS: year=0 month=11 season=2 money=2452 credit=137126 people=28 busy=0 free=28 home_places=90 need_workers=33 tax_due=0 main_tax_due=0 tax_amount=9766 main_tax_amount=0 days_alive=253 stage=0 res0=0 res1=400 res2=0 res3=0 res4=0 res5=0 res6=0 res7=0 res8=0 Farm=2 Garden=3 Road=5 SmallHouse=2 Apiary=1 Hothouse=3 | nw=1448203.7839
  s=  229 a= 14(BUILD:Road) r= -4.7458 cum=   -404.91 v=-14.2294 top5=[a12=0.048, a44=0.033, a41=0.029, a43=0.029, a9=0.029] [BUILD FAILED: Road]
    OBS: year=0 month=11 season=2 money=2452 credit=137400 people=28 busy=0 free=28 home_places=90 need_workers=33 tax_due=0 main_tax_due=0 tax_amount=9766 main_tax_amount=0 days_alive=254 stage=0 res0=0 res1=400 res2=0 res3=0 res4=0 res5=0 res6=0 res7=0 res8=0 Farm=2 Garden=3 Road=5 SmallHouse=2 Apiary=1 Hothouse=3 | nw=1447899.1571
  s=  230 a= 12(BUILD:PowerStation) r= -0.1585 cum=   -405.07 v=-14.2454 top5=[a12=0.048, a44=0.033, a41=0.029, a43=0.029, a9=0.028] [BUILD: PowerStation]
    OBS: year=0 month=11 season=2 money=2052 credit=137674 people=28 busy=0 free=28 home_places=90 need_workers=33 tax_due=0 main_tax_due=0 tax_amount=9766 main_tax_amount=0 days_alive=255 stage=0 res0=0 res1=400 res2=0 res3=0 res4=0 res5=0 res6=0 res7=0 res8=0 Farm=2 Garden=3 Road=6 SmallHouse=2 Apiary=1 Hothouse=3 | nw=1447597.9836
  s=  231 a= 23(BUILD:Torchlight) r= -1.3221 cum=   -406.39 v=-13.9745 top5=[a12=0.047, a44=0.033, a43=0.030, a41=0.029, a40=0.028] [BUILD FAILED: Torchlight]
    OBS: year=0 month=11 season=2 money=2052 credit=137949 people=28 busy=0 free=28 home_places=90 need_workers=33 tax_due=0 main_tax_due=0 tax_amount=9766 main_tax_amount=0 days_alive=256 stage=0 res0=0 res1=400 res2=0 res3=0 res4=0 res5=0 res6=0 res7=0 res8=0 Farm=2 Garden=3 Road=6 SmallHouse=2 Apiary=1 Hothouse=3 | nw=1447298.4524
  s=  232 a= 36(MANAGER:2) r= -3.3032 cum=   -409.69 v=-14.0246 top5=[a12=0.047, a44=0.033, a43=0.030, a41=0.029, a40=0.028]
    OBS: year=0 month=11 season=2 money=886 credit=138224 people=28 busy=0 free=28 home_places=90 need_workers=33 tax_due=0 main_tax_due=0 tax_amount=9766 main_tax_amount=0 days_alive=257 stage=0 res0=0 res1=400 res2=0 res3=0 res4=0 res5=0 res6=0 res7=0 res8=0 Farm=2 Garden=3 Road=6 SmallHouse=2 Apiary=1 Hothouse=3 | nw=1447965.0915
  s=  233 a= 28(BUILD:BigRefinary) r= -1.3351 cum=   -411.03 v=-14.1970 top5=[a12=0.048, a44=0.033, a43=0.030, a41=0.029, a40=0.028] [BUILD FAILED: BigRefinary]
    OBS: year=0 month=11 season=2 money=886 credit=138500 people=28 busy=0 free=28 home_places=90 need_workers=33 tax_due=0 main_tax_due=0 tax_amount=9766 main_tax_amount=0 days_alive=258 stage=0 res0=0 res1=400 res2=0 res3=0 res4=0 res5=0 res6=0 res7=0 res8=0 Farm=2 Garden=3 Road=6 SmallHouse=2 Apiary=1 Hothouse=3 | nw=1447661.3974
  s=  234 a= 23(BUILD:Torchlight) r= -1.3399 cum=   -412.37 v=-14.2489 top5=[a12=0.048, a44=0.033, a43=0.030, a41=0.029, a40=0.028] [BUILD FAILED: Torchlight]
    OBS: year=0 month=11 season=2 money=886 credit=138777 people=28 busy=0 free=28 home_places=90 need_workers=33 tax_due=0 main_tax_due=0 tax_amount=9766 main_tax_amount=0 days_alive=259 stage=0 res0=0 res1=400 res2=0 res3=0 res4=0 res5=0 res6=0 res7=0 res8=0 Farm=2 Garden=3 Road=6 SmallHouse=2 Apiary=1 Hothouse=3 | nw=1447356.4708
  s=  235 a= 31(BUILD:AirStation) r= -4.7580 cum=   -417.13 v=-14.3042 top5=[a12=0.048, a44=0.033, a43=0.030, a41=0.029, a40=0.028] [BUILD FAILED: AirStation]
    OBS: year=0 month=11 season=2 money=886 credit=139054 people=28 busy=0 free=28 home_places=90 need_workers=33 tax_due=0 main_tax_due=0 tax_amount=9766 main_tax_amount=0 days_alive=260 stage=0 res0=0 res1=400 res2=0 res3=0 res4=0 res5=0 res6=0 res7=0 res8=0 Farm=2 Garden=3 Road=6 SmallHouse=2 Apiary=1 Hothouse=3 | nw=1447053.8737
  s=  236 a= 21(BUILD:BigFarm) r= -1.3485 cum=   -418.47 v=-14.3563 top5=[a12=0.048, a44=0.033, a43=0.030, a41=0.029, a32=0.027] [BUILD FAILED: BigFarm]
    OBS: year=0 month=11 season=2 money=886 credit=139332 people=28 busy=0 free=28 home_places=90 need_workers=33 tax_due=0 main_tax_due=0 tax_amount=9766 main_tax_amount=0 days_alive=261 stage=0 res0=0 res1=400 res2=0 res3=0 res4=0 res5=0 res6=0 res7=0 res8=0 Farm=2 Garden=3 Road=6 SmallHouse=2 Apiary=1 Hothouse=3 | nw=1446745.8087
  s=  237 a= 38(MANAGER:4) r= +0.5663 cum=   -417.91 v=-14.9854 top5=[a12=0.049, a44=0.032, a43=0.031, a41=0.029, a40=0.029]
    OBS: year=0 month=11 season=2 money=886 credit=139610 people=28 busy=0 free=28 home_places=90 need_workers=28 tax_due=0 main_tax_due=0 tax_amount=9766 main_tax_amount=0 days_alive=262 stage=0 res0=0 res1=400 res2=0 res3=0 res4=0 res5=0 res6=0 res7=0 res8=0 Farm=2 Garden=3 Road=6 SmallHouse=2 Apiary=1 Hothouse=3 | nw=1446443.4821
  s=  238 a=  2(BUILD:WaterChannel) r= -4.7567 cum=   -422.67 v=-14.0387 top5=[a12=0.049, a44=0.034, a41=0.031, a43=0.030, a34=0.029] [BUILD FAILED: WaterChannel]
    OBS: year=0 month=11 season=2 money=886 credit=139889 people=28 busy=0 free=28 home_places=90 need_workers=28 tax_due=0 main_tax_due=0 tax_amount=9766 main_tax_amount=0 days_alive=263 stage=0 res0=0 res1=400 res2=0 res3=0 res4=0 res5=0 res6=0 res7=0 res8=0 Farm=2 Garden=3 Road=6 SmallHouse=2 Apiary=1 Hothouse=3 | nw=1446138.2499
  s=  239 a= 16(BUILD:CoalCut) r= -1.3515 cum=   -424.02 v=-14.0514 top5=[a12=0.049, a44=0.034, a41=0.031, a43=0.030, a34=0.029] [BUILD FAILED: CoalCut]
    OBS: year=0 month=11 season=2 money=886 credit=140168 people=28 busy=0 free=28 home_places=90 need_workers=28 tax_due=0 main_tax_due=0 tax_amount=9766 main_tax_amount=0 days_alive=264 stage=0 res0=0 res1=400 res2=0 res3=0 res4=0 res5=0 res6=0 res7=0 res8=0 Farm=2 Garden=3 Road=6 SmallHouse=2 Apiary=1 Hothouse=3 | nw=1445829.6221
  s=  240 a= 31(BUILD:AirStation) r= -1.3568 cum=   -425.37 v=-14.0605 top5=[a12=0.049, a44=0.034, a41=0.031, a43=0.030, a34=0.028] [BUILD FAILED: AirStation]
    OBS: year=0 month=11 season=2 money=886 credit=140448 people=28 busy=0 free=28 home_places=90 need_workers=28 tax_due=0 main_tax_due=0 tax_amount=9766 main_tax_amount=0 days_alive=265 stage=0 res0=0 res1=400 res2=0 res3=0 res4=0 res5=0 res6=0 res7=0 res8=0 Farm=2 Garden=3 Road=6 SmallHouse=2 Apiary=1 Hothouse=3 | nw=1445519.5571
  s=  241 a= 40(MANAGER:6) r= -4.7606 cum=   -430.13 v=-14.0743 top5=[a12=0.048, a44=0.034, a41=0.031, a43=0.030, a39=0.028]
    OBS: year=0 month=11 season=2 money=1086 credit=140728 people=28 busy=0 free=28 home_places=90 need_workers=28 tax_due=0 main_tax_due=0 tax_amount=9770 main_tax_amount=0 days_alive=266 stage=0 res0=0 res1=200 res2=0 res3=0 res4=0 res5=0 res6=0 res7=0 res8=0 Farm=2 Garden=3 Road=6 SmallHouse=2 Apiary=1 Hothouse=3 | nw=1445207.4685
  s=  242 a=  0(DAY) r= -0.8792 cum=   -431.01 v=-14.0550 top5=[a12=0.048, a44=0.034, a41=0.031, a43=0.030, a39=0.029]
    OBS: year=0 month=11 season=2 money=1086 credit=141009 people=28 busy=0 free=28 home_places=90 need_workers=28 tax_due=0 main_tax_due=0 tax_amount=9770 main_tax_amount=0 days_alive=267 stage=0 res0=0 res1=200 res2=0 res3=0 res4=0 res5=0 res6=0 res7=0 res8=0 Farm=2 Garden=3 Road=6 SmallHouse=2 Apiary=1 Hothouse=3 | nw=1444898.7398
  s=  243 a=  9(BUILD:Ironmine) r= -1.3675 cum=   -432.38 v=-14.0777 top5=[a12=0.048, a44=0.034, a41=0.031, a43=0.031, a39=0.029] [BUILD FAILED: Ironmine]
    OBS: year=0 month=11 season=2 money=1086 credit=141291 people=28 busy=0 free=28 home_places=90 need_workers=28 tax_due=0 main_tax_due=0 tax_amount=9770 main_tax_amount=0 days_alive=268 stage=0 res0=0 res1=200 res2=0 res3=0 res4=0 res5=0 res6=0 res7=0 res8=0 Farm=2 Garden=3 Road=6 SmallHouse=2 Apiary=1 Hothouse=3 | nw=1444585.4110
  s=  244 a= 21(BUILD:BigFarm) r= -4.7639 cum=   -437.14 v=-14.0928 top5=[a12=0.048, a44=0.034, a41=0.031, a43=0.031, a39=0.029] [BUILD FAILED: BigFarm]
    OBS: year=0 month=11 season=2 money=1086 credit=141573 people=28 busy=0 free=28 home_places=90 need_workers=28 tax_due=0 main_tax_due=0 tax_amount=9770 main_tax_amount=0 days_alive=269 stage=0 res0=0 res1=200 res2=0 res3=0 res4=0 res5=0 res6=0 res7=0 res8=0 Farm=2 Garden=3 Road=6 SmallHouse=2 Apiary=1 Hothouse=3 | nw=1444279.5497
  s=  245 a= 24(BUILD:Hothouse) r= -1.3681 cum=   -438.51 v=-14.1102 top5=[a12=0.047, a44=0.034, a41=0.031, a43=0.031, a39=0.030] [BUILD FAILED: Hothouse]
    OBS: year=0 month=11 season=2 money=1086 credit=141856 people=28 busy=0 free=28 home_places=90 need_workers=28 tax_due=0 main_tax_due=0 tax_amount=9770 main_tax_amount=0 days_alive=270 stage=0 res0=0 res1=200 res2=0 res3=0 res4=0 res5=0 res6=0 res7=0 res8=0 Farm=2 Garden=3 Road=6 SmallHouse=2 Apiary=1 Hothouse=3 | nw=1443966.4847
  s=  246 a= 27(BUILD:WaterMill) r= -0.8823 cum=   -439.39 v=-14.1321 top5=[a12=0.047, a44=0.034, a41=0.031, a43=0.031, a39=0.030] [BUILD: WaterMill]
    OBS: year=0 month=11 season=2 money=1086 credit=142139 people=29 busy=0 free=29 home_places=90 need_workers=28 tax_due=0 main_tax_due=0 tax_amount=9770 main_tax_amount=0 days_alive=271 stage=0 res0=0 res1=200 res2=0 res3=0 res4=0 res5=0 res6=0 res7=0 res8=0 Farm=2 Garden=3 Road=6 SmallHouse=2 Apiary=1 Hothouse=3 | nw=1443658.1937
  s=  247 a= 34(MANAGER:0) r= -4.7671 cum=   -444.16 v=-14.1041 top5=[a12=0.046, a44=0.034, a41=0.031, a39=0.031, a43=0.031]
    OBS: year=0 month=11 season=2 money=1086 credit=142423 people=29 busy=0 free=29 home_places=90 need_workers=28 tax_due=0 main_tax_due=0 tax_amount=9770 main_tax_amount=0 days_alive=272 stage=0 res0=0 res1=200 res2=0 res3=0 res4=0 res5=0 res6=0 res7=0 res8=0 Farm=2 Garden=3 Road=6 SmallHouse=2 Apiary=1 Hothouse=3 | nw=1443347.3262
  s=  248 a= 26(BUILD:BigSawmill) r= -1.3608 cum=   -445.52 v=-14.1338 top5=[a12=0.046, a44=0.034, a41=0.031, a39=0.031, a43=0.031] [BUILD FAILED: BigSawmill]
    OBS: year=0 month=11 season=2 money=1086 credit=142707 people=29 busy=0 free=29 home_places=90 need_workers=28 tax_due=0 main_tax_due=0 tax_amount=9770 main_tax_amount=0 days_alive=273 stage=0 res0=0 res1=200 res2=0 res3=0 res4=0 res5=0 res6=0 res7=0 res8=0 Farm=2 Garden=3 Road=6 SmallHouse=2 Apiary=1 Hothouse=3 | nw=1443038.5624
  s=  249 a= 38(MANAGER:4) r= +0.5356 cum=   -444.99 v=-14.1684 top5=[a12=0.046, a44=0.034, a39=0.032, a41=0.031, a43=0.031]
    OBS: year=0 month=11 season=2 money=1086 credit=142992 people=29 busy=0 free=29 home_places=70 need_workers=28 tax_due=0 main_tax_due=0 tax_amount=9770 main_tax_amount=0 days_alive=274 stage=0 res0=0 res1=200 res2=0 res3=0 res4=0 res5=0 res6=0 res7=0 res8=0 Farm=2 Garden=3 Road=6 SmallHouse=2 Apiary=1 Hothouse=3 | nw=1442726.2709
  s=  250 a= 10(BUILD:Refinery) r= -4.7659 cum=   -449.75 v=-14.3740 top5=[a12=0.045, a39=0.034, a41=0.033, a44=0.032, a43=0.032] [BUILD FAILED: Refinery]
    OBS: year=0 month=12 season=3 money=1086 credit=143277 people=29 busy=0 free=29 home_places=70 need_workers=12 tax_due=0 main_tax_due=0 tax_amount=9770 main_tax_amount=0 days_alive=275 stage=0 res0=0 res1=200 res2=0 res3=0 res4=0 res5=0 res6=0 res7=0 res8=0 Farm=2 Garden=3 Road=6 SmallHouse=2 Apiary=1 Hothouse=3 | nw=1442415.4760
  s=  251 a=  7(BUILD:Sawmill) r= -1.3794 cum=   -451.13 v=-21.2465 top5=[a12=0.045, a39=0.036, a43=0.036, a36=0.033, a8=0.032] [BUILD FAILED: Sawmill]
    OBS: year=0 month=12 season=3 money=1086 credit=143563 people=29 busy=0 free=29 home_places=70 need_workers=12 tax_due=0 main_tax_due=0 tax_amount=9770 main_tax_amount=0 days_alive=276 stage=0 res0=0 res1=200 res2=0 res3=0 res4=0 res5=0 res6=0 res7=0 res8=0 Farm=2 Garden=3 Road=6 SmallHouse=2 Apiary=1 Hothouse=3 | nw=1442099.6089
  s=  252 a=  0(DAY) r= -0.9082 cum=   -452.04 v=-21.4280 top5=[a12=0.062, a43=0.037, a39=0.032, a11=0.032, a24=0.029]
    OBS: year=0 month=12 season=3 money=1086 credit=143850 people=29 busy=0 free=29 home_places=70 need_workers=12 tax_due=0 main_tax_due=0 tax_amount=9770 main_tax_amount=0 days_alive=277 stage=0 res0=0 res1=200 res2=0 res3=0 res4=0 res5=0 res6=0 res7=0 res8=0 Farm=2 Garden=3 Road=6 SmallHouse=2 Apiary=1 Hothouse=3 | nw=1441782.3112
  s=  253 a=  9(BUILD:Ironmine) r= -4.7691 cum=   -456.81 v=-21.3095 top5=[a12=0.062, a43=0.037, a11=0.032, a39=0.032, a24=0.029] [BUILD FAILED: Ironmine]
    OBS: year=0 month=12 season=3 money=1086 credit=144137 people=29 busy=0 free=29 home_places=70 need_workers=12 tax_due=0 main_tax_due=0 tax_amount=9770 main_tax_amount=0 days_alive=278 stage=0 res0=0 res1=200 res2=0 res3=0 res4=0 res5=0 res6=0 res7=0 res8=0 Farm=2 Garden=3 Road=6 SmallHouse=2 Apiary=1 Hothouse=3 | nw=1441463.2226
  s=  254 a= 31(BUILD:AirStation) r= -1.3818 cum=   -458.19 v=-21.1689 top5=[a12=0.061, a43=0.038, a11=0.032, a39=0.032, a24=0.029] [BUILD FAILED: AirStation]
    OBS: year=0 month=12 season=3 money=1086 credit=144425 people=29 busy=0 free=29 home_places=70 need_workers=12 tax_due=0 main_tax_due=0 tax_amount=9770 main_tax_amount=0 days_alive=279 stage=0 res0=0 res1=200 res2=0 res3=0 res4=0 res5=0 res6=0 res7=0 res8=0 Farm=2 Garden=3 Road=6 SmallHouse=2 Apiary=1 Hothouse=3 | nw=1441147.6341
  s=  255 a= 27(BUILD:WaterMill) r= -1.4011 cum=   -459.59 v=-21.0281 top5=[a12=0.060, a43=0.038, a11=0.032, a39=0.032, a24=0.029] [BUILD FAILED: WaterMill]
    OBS: year=0 month=12 season=3 money=1086 credit=144713 people=29 busy=0 free=29 home_places=70 need_workers=12 tax_due=0 main_tax_due=0 tax_amount=9770 main_tax_amount=0 days_alive=280 stage=0 res0=0 res1=200 res2=0 res3=0 res4=0 res5=0 res6=0 res7=0 res8=0 Farm=2 Garden=3 Road=6 SmallHouse=2 Apiary=1 Hothouse=3 | nw=1440824.7372
  s=  256 a= 41(MANAGER:7) r= -4.7729 cum=   -464.37 v=-20.8953 top5=[a12=0.059, a43=0.038, a11=0.032, a39=0.032, a24=0.029]
    OBS: year=0 month=12 season=3 money=686 credit=145002 people=29 busy=0 free=29 home_places=70 need_workers=12 tax_due=0 main_tax_due=0 tax_amount=9774 main_tax_amount=0 days_alive=281 stage=0 res0=0 res1=400 res2=0 res3=0 res4=0 res5=0 res6=0 res7=0 res8=0 Farm=2 Garden=3 Road=6 SmallHouse=2 Apiary=1 Hothouse=3 | nw=1440306.5236
  s=  257 a= 25(BUILD:SuperHouse) r= -1.3926 cum=   -465.76 v=-20.8312 top5=[a12=0.059, a43=0.038, a11=0.032, a39=0.032, a24=0.029] [BUILD FAILED: SuperHouse]
    OBS: year=0 month=12 season=3 money=686 credit=145292 people=29 busy=0 free=29 home_places=70 need_workers=12 tax_due=0 main_tax_due=0 tax_amount=9774 main_tax_amount=0 days_alive=282 stage=0 res0=0 res1=400 res2=0 res3=0 res4=0 res5=0 res6=0 res7=0 res8=0 Farm=2 Garden=3 Road=6 SmallHouse=2 Apiary=1 Hothouse=3 | nw=1439987.7224
  s=  258 a= 11(BUILD:Goldmine) r= -1.4115 cum=   -467.17 v=-20.7025 top5=[a12=0.058, a43=0.038, a11=0.032, a39=0.032, a24=0.029] [BUILD FAILED: Goldmine]
    OBS: year=0 month=12 season=3 money=686 credit=145582 people=29 busy=0 free=29 home_places=70 need_workers=12 tax_due=0 main_tax_due=0 tax_amount=9774 main_tax_amount=0 days_alive=283 stage=0 res0=0 res1=400 res2=0 res3=0 res4=0 res5=0 res6=0 res7=0 res8=0 Farm=2 Garden=3 Road=6 SmallHouse=2 Apiary=1 Hothouse=3 | nw=1439661.8011
  s=  259 a= 42(MANAGER:8) r= -4.7767 cum=   -471.95 v=-20.5727 top5=[a12=0.057, a43=0.038, a11=0.032, a39=0.032, a24=0.029]
    OBS: year=0 month=12 season=3 money=686 credit=145873 people=29 busy=0 free=29 home_places=70 need_workers=12 tax_due=0 main_tax_due=0 tax_amount=9774 main_tax_amount=0 days_alive=284 stage=0 res0=0 res1=400 res2=0 res3=0 res4=0 res5=0 res6=0 res7=0 res8=0 Farm=2 Garden=3 Road=6 SmallHouse=2 Apiary=1 Hothouse=3 | nw=1439344.9714
  s=  260 a= 18(BUILD:CowFarm) r= -1.4040 cum=   -473.35 v=-20.4400 top5=[a12=0.057, a43=0.038, a11=0.032, a39=0.032, a24=0.029] [BUILD FAILED: CowFarm]
    OBS: year=0 month=12 season=3 money=686 credit=146164 people=29 busy=0 free=29 home_places=70 need_workers=12 tax_due=0 main_tax_due=0 tax_amount=9774 main_tax_amount=0 days_alive=285 stage=0 res0=0 res1=400 res2=0 res3=0 res4=0 res5=0 res6=0 res7=0 res8=0 Farm=2 Garden=3 Road=6 SmallHouse=2 Apiary=1 Hothouse=3 | nw=1439022.7324
  s=  261 a= 34(MANAGER:0) r= -1.4022 cum=   -474.75 v=-20.3210 top5=[a12=0.056, a43=0.038, a11=0.032, a39=0.032, a24=0.029]
    OBS: year=0 month=12 season=3 money=686 credit=146456 people=29 busy=0 free=29 home_places=70 need_workers=12 tax_due=0 main_tax_due=0 tax_amount=9774 main_tax_amount=0 days_alive=286 stage=0 res0=0 res1=400 res2=0 res3=0 res4=0 res5=0 res6=0 res7=0 res8=0 Farm=2 Garden=3 Road=6 SmallHouse=2 Apiary=1 Hothouse=3 | nw=1438702.0393
  s=  262 a= 36(MANAGER:2) r= -4.7804 cum=   -479.53 v=-20.2031 top5=[a12=0.055, a43=0.038, a11=0.032, a39=0.032, a24=0.028]
    OBS: year=0 month=12 season=3 money=317 credit=146748 people=29 busy=0 free=29 home_places=70 need_workers=12 tax_due=0 main_tax_due=0 tax_amount=9774 main_tax_amount=0 days_alive=287 stage=0 res0=0 res1=400 res2=0 res3=0 res4=0 res5=0 res6=0 res7=0 res8=0 Farm=2 Garden=3 Road=6 SmallHouse=2 Apiary=1 Hothouse=3 | nw=1438687.3013
  s=  263 a= 36(MANAGER:2) r= -0.9082 cum=   -480.44 v=-20.1204 top5=[a12=0.054, a43=0.038, a11=0.032, a39=0.032, a24=0.028]
    OBS: year=0 month=12 season=3 money=303 credit=147041 people=29 busy=0 free=29 home_places=70 need_workers=12 tax_due=0 main_tax_due=0 tax_amount=9774 main_tax_amount=0 days_alive=288 stage=0 res0=0 res1=400 res2=0 res3=0 res4=0 res5=0 res6=0 res7=0 res8=0 Farm=2 Garden=3 Road=6 SmallHouse=2 Apiary=1 Hothouse=3 | nw=1438374.0420
  s=  264 a= 11(BUILD:Goldmine) r= -1.4163 cum=   -481.86 v=-20.0420 top5=[a12=0.053, a43=0.038, a11=0.032, a39=0.032, a32=0.028] [BUILD FAILED: Goldmine]
    OBS: year=0 month=12 season=3 money=303 credit=147335 people=29 busy=0 free=29 home_places=70 need_workers=12 tax_due=0 main_tax_due=0 tax_amount=9774 main_tax_amount=0 days_alive=289 stage=0 res0=0 res1=400 res2=0 res3=0 res4=0 res5=0 res6=0 res7=0 res8=0 Farm=2 Garden=3 Road=6 SmallHouse=2 Apiary=1 Hothouse=3 | nw=1438048.7132
  s=  265 a= 10(BUILD:Refinery) r= -4.7835 cum=   -486.64 v=-19.9711 top5=[a12=0.052, a43=0.038, a11=0.033, a39=0.032, a32=0.029] [BUILD FAILED: Refinery]
    OBS: year=0 month=12 season=3 money=303 credit=147629 people=29 busy=0 free=29 home_places=70 need_workers=12 tax_due=0 main_tax_due=0 tax_amount=9774 main_tax_amount=0 days_alive=290 stage=0 res0=0 res1=400 res2=0 res3=0 res4=0 res5=0 res6=0 res7=0 res8=0 Farm=2 Garden=3 Road=6 SmallHouse=2 Apiary=1 Hothouse=3 | nw=1437726.1099
  s=  266 a= 14(BUILD:Road) r= -1.4023 cum=   -488.04 v=-19.9031 top5=[a12=0.051, a43=0.038, a11=0.033, a39=0.033, a32=0.029] [BUILD FAILED: Road]
    OBS: year=0 month=12 season=3 money=303 credit=147924 people=29 busy=0 free=29 home_places=70 need_workers=12 tax_due=0 main_tax_due=0 tax_amount=9774 main_tax_amount=0 days_alive=291 stage=0 res0=0 res1=400 res2=0 res3=0 res4=0 res5=0 res6=0 res7=0 res8=0 Farm=2 Garden=3 Road=6 SmallHouse=2 Apiary=1 Hothouse=3 | nw=1437407.1793
  s=  267 a= 39(MANAGER:5) r= +0.4984 cum=   -487.54 v=-19.8326 top5=[a12=0.050, a43=0.038, a11=0.033, a39=0.033, a32=0.029]
    OBS: year=0 month=12 season=3 money=303 credit=148219 people=29 busy=0 free=29 home_places=90 need_workers=12 tax_due=0 main_tax_due=0 tax_amount=9774 main_tax_amount=0 days_alive=292 stage=0 res0=0 res1=400 res2=0 res3=0 res4=0 res5=0 res6=0 res7=0 res8=0 Farm=2 Garden=3 Road=6 SmallHouse=2 Apiary=1 Hothouse=3 | nw=1437083.8087
  s=  268 a= 36(MANAGER:2) r= -4.7824 cum=   -492.33 v=-19.8108 top5=[a12=0.050, a43=0.037, a11=0.033, a39=0.031, a8=0.029]
    OBS: year=0 month=12 season=3 money=241 credit=148515 people=29 busy=0 free=29 home_places=90 need_workers=12 tax_due=0 main_tax_due=0 tax_amount=9774 main_tax_amount=0 days_alive=293 stage=0 res0=0 res1=400 res2=0 res3=0 res4=0 res5=0 res6=0 res7=0 res8=0 Farm=2 Garden=3 Road=6 SmallHouse=2 Apiary=1 Hothouse=3 | nw=1436802.6614
  s=  269 a= 43(MANAGER:9) r= -1.4317 cum=   -493.76 v=-19.7630 top5=[a12=0.049, a43=0.037, a11=0.033, a39=0.031, a8=0.029]
    OBS: year=0 month=12 season=3 money=241 credit=148812 people=29 busy=0 free=29 home_places=90 need_workers=12 tax_due=0 main_tax_due=0 tax_amount=9774 main_tax_amount=0 days_alive=294 stage=0 res0=0 res1=400 res2=0 res3=0 res4=0 res5=0 res6=0 res7=0 res8=0 Farm=2 Garden=3 Road=6 SmallHouse=2 Apiary=1 Hothouse=3 | nw=1436472.1778
  s=  270 a= 44(MANAGER:10) r= -0.7167 cum=   -494.48 v=-19.7109 top5=[a12=0.048, a43=0.037, a11=0.033, a39=0.031, a8=0.029]
    OBS: year=0 month=12 season=3 money=241 credit=149109 people=29 busy=0 free=29 home_places=90 need_workers=12 tax_due=0 main_tax_due=0 tax_amount=9774 main_tax_amount=0 days_alive=295 stage=0 res0=0 res1=400 res2=0 res3=0 res4=0 res5=0 res6=0 res7=0 res8=0 Farm=2 Garden=3 Road=6 SmallHouse=2 Apiary=1 Hothouse=3 | nw=1436141.5447
  s=  271 a= 11(BUILD:Goldmine) r= -4.7851 cum=   -499.26 v=-19.6542 top5=[a12=0.047, a43=0.037, a11=0.033, a39=0.031, a8=0.029] [BUILD FAILED: Goldmine]
    OBS: year=0 month=12 season=3 money=241 credit=149407 people=29 busy=0 free=29 home_places=90 need_workers=12 tax_due=0 main_tax_due=0 tax_amount=9774 main_tax_amount=0 days_alive=296 stage=0 res0=0 res1=400 res2=0 res3=0 res4=0 res5=0 res6=0 res7=0 res8=0 Farm=2 Garden=3 Road=6 SmallHouse=2 Apiary=1 Hothouse=3 | nw=1435809.7550
  s=  272 a= 43(MANAGER:9) r= -1.4337 cum=   -500.69 v=-19.6027 top5=[a12=0.047, a43=0.037, a11=0.033, a39=0.031, a8=0.029]
    OBS: year=0 month=12 season=3 money=241 credit=149705 people=29 busy=0 free=29 home_places=90 need_workers=12 tax_due=0 main_tax_due=0 tax_amount=9774 main_tax_amount=0 days_alive=297 stage=0 res0=0 res1=400 res2=0 res3=0 res4=0 res5=0 res6=0 res7=0 res8=0 Farm=2 Garden=3 Road=6 SmallHouse=2 Apiary=1 Hothouse=3 | nw=1435479.6664
  s=  273 a= 30(BUILD:BigIronmine) r= -1.4350 cum=   -502.13 v=-19.5515 top5=[a12=0.046, a43=0.037, a11=0.033, a39=0.032, a8=0.029] [BUILD FAILED: BigIronmine]
    OBS: year=0 month=12 season=3 money=241 credit=150004 people=29 busy=0 free=29 home_places=90 need_workers=12 tax_due=0 main_tax_due=0 tax_amount=9774 main_tax_amount=0 days_alive=298 stage=0 res0=0 res1=400 res2=0 res3=0 res4=0 res5=0 res6=0 res7=0 res8=0 Farm=2 Garden=3 Road=6 SmallHouse=2 Apiary=1 Hothouse=3 | nw=1435149.8416
  s=  274 a= 30(BUILD:BigIronmine) r= -4.7888 cum=   -506.92 v=-19.5373 top5=[a12=0.045, a43=0.037, a11=0.033, a39=0.032, a8=0.030] [BUILD FAILED: BigIronmine]
    OBS: year=0 month=12 season=3 money=241 credit=150304 people=29 busy=0 free=29 home_places=90 need_workers=12 tax_due=0 main_tax_due=0 tax_amount=9774 main_tax_amount=0 days_alive=299 stage=0 res0=0 res1=400 res2=0 res3=0 res4=0 res5=0 res6=0 res7=0 res8=0 Farm=2 Garden=3 Road=6 SmallHouse=2 Apiary=1 Hothouse=3 | nw=1434819.9746
  s=  275 a=  8(BUILD:Coalmine) r= -0.4785 cum=   -507.40 v=-19.5319 top5=[a12=0.044, a43=0.037, a11=0.034, a39=0.032, a8=0.030] [BUILD: Coalmine]
    OBS: year=0 month=12 season=3 money=241 credit=150604 people=29 busy=0 free=29 home_places=90 need_workers=12 tax_due=0 main_tax_due=0 tax_amount=9774 main_tax_amount=0 days_alive=300 stage=0 res0=0 res1=400 res2=0 res3=0 res4=0 res5=0 res6=0 res7=0 res8=0 Farm=2 Garden=3 Road=6 SmallHouse=2 Apiary=1 Hothouse=3 | nw=1434490.5448
  s=  276 a= 40(MANAGER:6) r= -0.8603 cum=   -508.26 v=-19.5748 top5=[a12=0.043, a43=0.037, a11=0.034, a39=0.032, a8=0.030]
    OBS: year=0 month=12 season=3 money=441 credit=150905 people=29 busy=0 free=29 home_places=90 need_workers=12 tax_due=0 main_tax_due=0 tax_amount=9778 main_tax_amount=0 days_alive=301 stage=0 res0=0 res1=200 res2=0 res3=0 res4=0 res5=0 res6=0 res7=0 res8=0 Farm=2 Garden=3 Road=6 SmallHouse=2 Apiary=1 Hothouse=3 | nw=1434158.0666
  s=  277 a= 38(MANAGER:4) r= -4.3093 cum=   -512.57 v=-19.6197 top5=[a12=0.043, a43=0.037, a11=0.034, a39=0.032, a8=0.030]
    OBS: year=0 month=12 season=3 money=441 credit=151206 people=29 busy=0 free=29 home_places=70 need_workers=12 tax_due=0 main_tax_due=0 tax_amount=9778 main_tax_amount=0 days_alive=302 stage=0 res0=0 res1=200 res2=0 res3=0 res4=0 res5=0 res6=0 res7=0 res8=0 Farm=2 Garden=3 Road=6 SmallHouse=2 Apiary=1 Hothouse=3 | nw=1433830.0745
  s=  278 a= 36(MANAGER:2) r= -0.6931 cum=   -513.26 v=-19.6840 top5=[a12=0.041, a43=0.039, a39=0.033, a11=0.033, a32=0.029]
    OBS: year=0 month=12 season=3 money=304 credit=151508 people=29 busy=0 free=29 home_places=70 need_workers=12 tax_due=0 main_tax_due=0 tax_amount=9778 main_tax_amount=0 days_alive=303 stage=0 res0=0 res1=200 res2=0 res3=0 res4=0 res5=0 res6=0 res7=0 res8=0 Farm=2 Garden=3 Road=6 SmallHouse=2 Apiary=1 Hothouse=3 | nw=1433612.0742
  s=  279 a= 17(BUILD:HuntingLand) r= -1.4461 cum=   -514.71 v=-19.7264 top5=[a12=0.041, a43=0.039, a39=0.034, a11=0.034, a32=0.029] [BUILD FAILED: HuntingLand]
    OBS: year=0 month=12 season=3 money=304 credit=151811 people=29 busy=0 free=29 home_places=70 need_workers=12 tax_due=0 main_tax_due=0 tax_amount=9778 main_tax_amount=0 days_alive=304 stage=0 res0=0 res1=200 res2=0 res3=0 res4=0 res5=0 res6=0 res7=0 res8=0 Farm=2 Garden=3 Road=6 SmallHouse=2 Apiary=1 Hothouse=3 | nw=1433280.2383
  s=  280 a= 35(MANAGER:1) r= -4.7953 cum=   -519.50 v=-19.7995 top5=[a12=0.040, a43=0.039, a39=0.034, a11=0.034, a32=0.029]
    OBS: year=0 month=12 season=3 money=299 credit=152114 people=29 busy=0 free=29 home_places=70 need_workers=12 tax_due=0 main_tax_due=0 tax_amount=9778 main_tax_amount=0 days_alive=305 stage=0 res0=0 res1=200 res2=0 res3=0 res4=0 res5=0 res6=0 res7=0 res8=0 Farm=2 Garden=3 Road=6 SmallHouse=2 Apiary=1 Hothouse=3 | nw=1432944.6070
  s=  281 a= 32(BUILD:SmallAtomStation) r= -1.4614 cum=   -520.96 v=-19.8794 top5=[a12=0.039, a43=0.039, a11=0.034, a39=0.034, a32=0.029] [BUILD FAILED: SmallAtomStation]
    OBS: year=1 month=1 season=3 money=299 credit=152418 people=29 busy=0 free=29 home_places=70 need_workers=12 tax_due=0 main_tax_due=0 tax_amount=9778 main_tax_amount=0 days_alive=306 stage=0 res0=0 res1=200 res2=0 res3=0 res4=0 res5=0 res6=0 res7=0 res8=0 Farm=2 Garden=3 Road=6 SmallHouse=2 Apiary=1 Hothouse=3 | nw=1432606.9740
  s=  282 a= 39(MANAGER:5) r= +0.4673 cum=   -520.49 v=-24.8457 top5=[a12=0.075, a39=0.035, a11=0.031, a15=0.031, a43=0.030]
    OBS: year=1 month=1 season=3 money=299 credit=152722 people=29 busy=0 free=29 home_places=90 need_workers=12 tax_due=0 main_tax_due=0 tax_amount=9778 main_tax_amount=0 days_alive=307 stage=0 res0=0 res1=200 res2=0 res3=0 res4=0 res5=0 res6=0 res7=0 res8=0 Farm=2 Garden=3 Road=6 SmallHouse=2 Apiary=1 Hothouse=3 | nw=1432274.6100
  s=  283 a=  6(BUILD:SmallHouse) r= -4.7942 cum=   -525.29 v=-24.5046 top5=[a12=0.075, a39=0.034, a11=0.032, a43=0.030, a15=0.030] [BUILD FAILED: SmallHouse]
    OBS: year=1 month=1 season=3 money=299 credit=153027 people=29 busy=0 free=29 home_places=90 need_workers=12 tax_due=0 main_tax_due=0 tax_amount=9778 main_tax_amount=0 days_alive=308 stage=0 res0=0 res1=200 res2=0 res3=0 res4=0 res5=0 res6=0 res7=0 res8=0 Farm=2 Garden=3 Road=6 SmallHouse=2 Apiary=1 Hothouse=3 | nw=1431932.3768
  s=  284 a= 20(BUILD:BigHouse) r= -1.4699 cum=   -526.76 v=-24.5056 top5=[a12=0.074, a39=0.034, a11=0.032, a43=0.030, a15=0.030] [BUILD FAILED: BigHouse]
    OBS: year=1 month=1 season=3 money=299 credit=153333 people=29 busy=0 free=29 home_places=90 need_workers=12 tax_due=0 main_tax_due=0 tax_amount=9778 main_tax_amount=0 days_alive=309 stage=0 res0=0 res1=200 res2=0 res3=0 res4=0 res5=0 res6=0 res7=0 res8=0 Farm=2 Garden=3 Road=6 SmallHouse=2 Apiary=1 Hothouse=3 | nw=1431591.9519
  s=  285 a=  5(BUILD:House) r= -1.4614 cum=   -528.22 v=-24.5166 top5=[a12=0.073, a39=0.035, a11=0.032, a43=0.031, a15=0.030] [BUILD FAILED: House]
    OBS: year=1 month=1 season=3 money=299 credit=153639 people=29 busy=0 free=29 home_places=90 need_workers=12 tax_due=0 main_tax_due=0 tax_amount=9778 main_tax_amount=0 days_alive=310 stage=0 res0=0 res1=200 res2=0 res3=0 res4=0 res5=0 res6=0 res7=0 res8=0 Farm=2 Garden=3 Road=6 SmallHouse=2 Apiary=1 Hothouse=3 | nw=1431255.8869
  s=  286 a= 31(BUILD:AirStation) r= -4.7978 cum=   -533.02 v=-24.5258 top5=[a12=0.072, a39=0.035, a11=0.032, a43=0.031, a15=0.030] [BUILD FAILED: AirStation]
    OBS: year=1 month=1 season=3 money=299 credit=153946 people=29 busy=0 free=29 home_places=90 need_workers=12 tax_due=0 main_tax_due=0 tax_amount=9778 main_tax_amount=0 days_alive=311 stage=0 res0=0 res1=200 res2=0 res3=0 res4=0 res5=0 res6=0 res7=0 res8=0 Farm=2 Garden=3 Road=6 SmallHouse=2 Apiary=1 Hothouse=3 | nw=1430917.5350
  s=  287 a= 12(BUILD:PowerStation) r= -1.4723 cum=   -534.49 v=-24.5431 top5=[a12=0.071, a39=0.035, a11=0.032, a43=0.031, a15=0.030] [BUILD FAILED: PowerStation]
    OBS: year=1 month=1 season=3 money=299 credit=154253 people=29 busy=0 free=29 home_places=90 need_workers=12 tax_due=0 main_tax_due=0 tax_amount=9778 main_tax_amount=0 days_alive=312 stage=0 res0=0 res1=200 res2=0 res3=0 res4=0 res5=0 res6=0 res7=0 res8=0 Farm=2 Garden=3 Road=6 SmallHouse=2 Apiary=1 Hothouse=3 | nw=1430577.5051
  s=  288 a= 39(MANAGER:5) r= +0.4473 cum=   -534.04 v=-24.5716 top5=[a12=0.070, a39=0.035, a11=0.033, a43=0.031, a15=0.030]
    OBS: year=1 month=1 season=3 money=299 credit=154561 people=29 busy=0 free=29 home_places=90 need_workers=12 tax_due=0 main_tax_due=0 tax_amount=9778 main_tax_amount=0 days_alive=313 stage=0 res0=0 res1=200 res2=0 res3=0 res4=0 res5=0 res6=0 res7=0 res8=0 Farm=2 Garden=3 Road=6 SmallHouse=2 Apiary=1 Hothouse=3 | nw=1430238.5308
  s=  289 a=  3(BUILD:Farm) r= -4.7968 cum=   -538.84 v=-24.8829 top5=[a12=0.070, a39=0.033, a11=0.032, a43=0.032, a36=0.030] [BUILD FAILED: Farm]
    OBS: year=1 month=1 season=3 money=299 credit=154870 people=29 busy=0 free=29 home_places=90 need_workers=12 tax_due=0 main_tax_due=0 tax_amount=9778 main_tax_amount=0 days_alive=314 stage=0 res0=0 res1=200 res2=0 res3=0 res4=0 res5=0 res6=0 res7=0 res8=0 Farm=2 Garden=3 Road=6 SmallHouse=2 Apiary=1 Hothouse=3 | nw=1429899.9698
  s=  290 a= 44(MANAGER:10) r= -0.7602 cum=   -539.60 v=-24.9944 top5=[a12=0.069, a39=0.034, a11=0.032, a43=0.032, a36=0.030]
    OBS: year=1 month=1 season=3 money=299 credit=155179 people=29 busy=0 free=29 home_places=90 need_workers=12 tax_due=0 main_tax_due=0 tax_amount=9778 main_tax_amount=0 days_alive=315 stage=0 res0=0 res1=200 res2=0 res3=0 res4=0 res5=0 res6=0 res7=0 res8=0 Farm=2 Garden=3 Road=6 SmallHouse=2 Apiary=1 Hothouse=3 | nw=1429557.8888
  s=  291 a=  8(BUILD:Coalmine) r= -1.4743 cum=   -541.07 v=-25.1341 top5=[a12=0.068, a39=0.034, a11=0.033, a43=0.032, a36=0.030] [BUILD FAILED: Coalmine]
    OBS: year=1 month=1 season=3 money=299 credit=155489 people=29 busy=0 free=29 home_places=90 need_workers=12 tax_due=0 main_tax_due=0 tax_amount=9778 main_tax_amount=0 days_alive=316 stage=0 res0=0 res1=200 res2=0 res3=0 res4=0 res5=0 res6=0 res7=0 res8=0 Farm=2 Garden=3 Road=6 SmallHouse=2 Apiary=1 Hothouse=3 | nw=1429218.4937
  s=  292 a=  7(BUILD:Sawmill) r= -4.7994 cum=   -545.87 v=-25.3135 top5=[a12=0.067, a39=0.034, a11=0.033, a43=0.032, a36=0.030] [BUILD FAILED: Sawmill]
    OBS: year=1 month=1 season=3 money=299 credit=155799 people=29 busy=0 free=29 home_places=90 need_workers=12 tax_due=0 main_tax_due=0 tax_amount=9778 main_tax_amount=0 days_alive=317 stage=0 res0=0 res1=200 res2=0 res3=0 res4=0 res5=0 res6=0 res7=0 res8=0 Farm=2 Garden=3 Road=6 SmallHouse=2 Apiary=1 Hothouse=3 | nw=1428876.2071
  s=  293 a= 40(MANAGER:6) r= -1.4869 cum=   -547.36 v=-25.4811 top5=[a12=0.066, a39=0.034, a11=0.033, a43=0.032, a36=0.030]
    OBS: year=1 month=1 season=3 money=299 credit=156110 people=29 busy=0 free=29 home_places=90 need_workers=12 tax_due=0 main_tax_due=0 tax_amount=9778 main_tax_amount=0 days_alive=318 stage=0 res0=0 res1=200 res2=0 res3=0 res4=0 res5=0 res6=0 res7=0 res8=0 Farm=2 Garden=3 Road=6 SmallHouse=2 Apiary=1 Hothouse=3 | nw=1428532.1426
  s=  294 a=  2(BUILD:WaterChannel) r= -1.4934 cum=   -548.85 v=-25.6841 top5=[a12=0.066, a39=0.035, a11=0.033, a43=0.033, a36=0.030] [BUILD FAILED: WaterChannel]
    OBS: year=1 month=1 season=3 money=299 credit=156422 people=29 busy=0 free=29 home_places=90 need_workers=12 tax_due=0 main_tax_due=0 tax_amount=9778 main_tax_amount=0 days_alive=319 stage=0 res0=0 res1=200 res2=0 res3=0 res4=0 res5=0 res6=0 res7=0 res8=0 Farm=2 Garden=3 Road=6 SmallHouse=2 Apiary=1 Hothouse=3 | nw=1428186.1870
  s=  295 a= 31(BUILD:AirStation) r= -4.8030 cum=   -553.66 v=-25.8900 top5=[a12=0.065, a39=0.035, a11=0.033, a43=0.033, a36=0.030] [BUILD FAILED: AirStation]
    OBS: year=1 month=1 season=3 money=299 credit=156734 people=29 busy=0 free=29 home_places=90 need_workers=12 tax_due=0 main_tax_due=0 tax_amount=9778 main_tax_amount=0 days_alive=320 stage=0 res0=0 res1=200 res2=0 res3=0 res4=0 res5=0 res6=0 res7=0 res8=0 Farm=2 Garden=3 Road=6 SmallHouse=2 Apiary=1 Hothouse=3 | nw=1427840.4872
  s=  296 a= 14(BUILD:Road) r= -1.4966 cum=   -555.15 v=-26.0931 top5=[a12=0.064, a39=0.035, a11=0.033, a43=0.033, a36=0.029] [BUILD FAILED: Road]
    OBS: year=1 month=1 season=3 money=299 credit=157047 people=29 busy=0 free=29 home_places=90 need_workers=12 tax_due=0 main_tax_due=0 tax_amount=9778 main_tax_amount=0 days_alive=321 stage=0 res0=0 res1=200 res2=0 res3=0 res4=0 res5=0 res6=0 res7=0 res8=0 Farm=2 Garden=3 Road=6 SmallHouse=2 Apiary=1 Hothouse=3 | nw=1427493.7874
  s=  297 a= 33(BUILD:AtomStation) r= -1.4951 cum=   -556.65 v=-26.2951 top5=[a12=0.063, a39=0.035, a11=0.034, a43=0.033, a36=0.029] [BUILD FAILED: AtomStation]
    OBS: year=1 month=1 season=3 money=299 credit=157361 people=29 busy=0 free=29 home_places=90 need_workers=12 tax_due=0 main_tax_due=0 tax_amount=9778 main_tax_amount=0 days_alive=322 stage=0 res0=0 res1=200 res2=0 res3=0 res4=0 res5=0 res6=0 res7=0 res8=0 Farm=2 Garden=3 Road=6 SmallHouse=2 Apiary=1 Hothouse=3 | nw=1427148.5253
  s=  298 a= 33(BUILD:AtomStation) r= -4.8066 cum=   -561.46 v=-26.4962 top5=[a12=0.062, a39=0.036, a11=0.034, a43=0.033, a36=0.029] [BUILD FAILED: AtomStation]
    OBS: year=1 month=1 season=3 money=299 credit=157675 people=29 busy=0 free=29 home_places=90 need_workers=12 tax_due=0 main_tax_due=0 tax_amount=9778 main_tax_amount=0 days_alive=323 stage=0 res0=0 res1=200 res2=0 res3=0 res4=0 res5=0 res6=0 res7=0 res8=0 Farm=2 Garden=3 Road=6 SmallHouse=2 Apiary=1 Hothouse=3 | nw=1426804.8976
  s=  299 a= 12(BUILD:PowerStation) r= -1.5006 cum=   -562.96 v=-26.6959 top5=[a12=0.061, a39=0.036, a11=0.034, a43=0.034, a36=0.029] [BUILD FAILED: PowerStation]
    OBS: year=1 month=1 season=3 money=299 credit=157990 people=29 busy=0 free=29 home_places=90 need_workers=12 tax_due=0 main_tax_due=0 tax_amount=9778 main_tax_amount=0 days_alive=324 stage=0 res0=0 res1=200 res2=0 res3=0 res4=0 res5=0 res6=0 res7=0 res8=0 Farm=2 Garden=3 Road=6 SmallHouse=2 Apiary=1 Hothouse=3 | nw=1426457.9335
  >>> Ep 2: reward=-562.96, steps=300
  >>> final: year=1 month=1 season=3 money=299 credit=157990 people=29 busy=0 free=29 home_places=90 need_workers=12 tax_due=0 main_tax_due=0 tax_amount=9778 main_tax_amount=0 days_alive=324 stage=0 res0=0 res1=200 res2=0 res3=0 res4=0 res5=0 res6=0 res7=0 res8=0 Farm=2 Garden=3 Road=6 SmallHouse=2 Apiary=1 Hothouse=3 | nw=1426457.9335
======================================================================
EPISODE 3
======================================================================
init: year=0 month=3 season=0 money=82000 credit=0 people=28 busy=0 free=28 home_places=50 need_workers=0 tax_due=0 main_tax_due=0 tax_amount=5106 main_tax_amount=0 days_alive=0 stage=0 res0=0 res1=0 res2=0 res3=0 res4=0 res5=0 res6=0 res7=0 res8=0 | nw=1532000.0000
  s=    0 a= 11(BUILD:Goldmine) r= -0.2884 cum=     -0.29 v= +1.2610 top5=[a9=0.041, a15=0.035, a24=0.034, a22=0.033, a1=0.032] [BUILD: Goldmine]
    OBS: year=0 month=3 season=0 money=82000 credit=0 people=28 busy=0 free=28 home_places=50 need_workers=0 tax_due=0 main_tax_due=0 tax_amount=5106 main_tax_amount=0 days_alive=1 stage=0 res0=0 res1=0 res2=0 res3=0 res4=0 res5=0 res6=0 res7=0 res8=0 | nw=1532000.0000
  s=    1 a= 11(BUILD:Goldmine) r= -0.2885 cum=     -0.58 v= +1.3614 top5=[a9=0.041, a15=0.034, a24=0.034, a22=0.033, a1=0.032] [BUILD: Goldmine]
    OBS: year=0 month=3 season=0 money=82000 credit=0 people=28 busy=0 free=28 home_places=50 need_workers=0 tax_due=0 main_tax_due=0 tax_amount=5106 main_tax_amount=0 days_alive=2 stage=0 res0=0 res1=0 res2=0 res3=0 res4=0 res5=0 res6=0 res7=0 res8=0 | nw=1532000.0000
  s=    2 a= 22(BUILD:Apiary) r= +2.1201 cum=     +1.54 v= +1.4616 top5=[a9=0.040, a15=0.034, a24=0.033, a1=0.033, a22=0.032] [BUILD: Apiary]
    OBS: year=0 month=3 season=0 money=72615 credit=0 people=28 busy=0 free=28 home_places=50 need_workers=0 tax_due=0 main_tax_due=0 tax_amount=5526 main_tax_amount=0 days_alive=3 stage=0 res0=0 res1=0 res2=0 res3=0 res4=0 res5=0 res6=0 res7=0 res8=0 Apiary=1 | nw=1532000.0000
  s=    3 a= 11(BUILD:Goldmine) r= -0.2880 cum=     +1.26 v= +1.7771 top5=[a1=0.035, a32=0.031, a19=0.031, a10=0.030, a9=0.030] [BUILD: Goldmine]
    OBS: year=0 month=3 season=0 money=72615 credit=0 people=28 busy=0 free=28 home_places=50 need_workers=0 tax_due=0 main_tax_due=0 tax_amount=5526 main_tax_amount=0 days_alive=4 stage=0 res0=0 res1=0 res2=0 res3=0 res4=0 res5=0 res6=0 res7=0 res8=0 Apiary=1 | nw=1532000.0000
  s=    4 a= 18(BUILD:CowFarm) r= +4.8016 cum=     +6.06 v= +1.9315 top5=[a1=0.035, a32=0.031, a19=0.031, a10=0.030, a9=0.030] [BUILD: CowFarm]
    OBS: year=0 month=3 season=0 money=40613 credit=0 people=28 busy=0 free=28 home_places=50 need_workers=0 tax_due=0 main_tax_due=0 tax_amount=5946 main_tax_amount=0 days_alive=5 stage=0 res0=0 res1=0 res2=0 res3=0 res4=0 res5=0 res6=0 res7=0 res8=0 CowFarm=1 Apiary=1 | nw=1532000.0000
  s=    5 a= 10(BUILD:Refinery) r= -0.2860 cum=     +5.77 v= +2.1078 top5=[a1=0.038, a32=0.033, a22=0.031, a36=0.030, a9=0.030] [BUILD: Refinery]
    OBS: year=0 month=3 season=0 money=40613 credit=0 people=28 busy=0 free=28 home_places=50 need_workers=0 tax_due=0 main_tax_due=0 tax_amount=5946 main_tax_amount=0 days_alive=6 stage=0 res0=0 res1=0 res2=0 res3=0 res4=0 res5=0 res6=0 res7=0 res8=0 CowFarm=1 Apiary=1 | nw=1532000.0000
  s=    6 a= 40(MANAGER:6) r= -4.7682 cum=     +1.00 v= +2.2792 top5=[a1=0.038, a32=0.033, a22=0.031, a36=0.030, a9=0.030]
    OBS: year=0 month=3 season=0 money=40613 credit=0 people=28 busy=0 free=28 home_places=50 need_workers=0 tax_due=0 main_tax_due=0 tax_amount=5946 main_tax_amount=0 days_alive=7 stage=0 res0=0 res1=0 res2=0 res3=0 res4=0 res5=0 res6=0 res7=0 res8=0 CowFarm=1 Apiary=1 | nw=1532000.0000
  s=    7 a= 44(MANAGER:10) r= +0.4288 cum=     +1.43 v= +2.4537 top5=[a1=0.038, a32=0.033, a22=0.031, a36=0.030, a9=0.030]
    OBS: year=0 month=3 season=0 money=40613 credit=0 people=28 busy=0 free=28 home_places=50 need_workers=0 tax_due=0 main_tax_due=0 tax_amount=5946 main_tax_amount=0 days_alive=8 stage=0 res0=0 res1=0 res2=0 res3=0 res4=0 res5=0 res6=0 res7=0 res8=0 CowFarm=1 Apiary=1 | nw=1532000.0000
  s=    8 a= 20(BUILD:BigHouse) r= -0.2858 cum=     +1.15 v= +2.5870 top5=[a1=0.038, a32=0.032, a22=0.031, a36=0.030, a9=0.030] [BUILD: BigHouse]
    OBS: year=0 month=3 season=0 money=40613 credit=0 people=28 busy=0 free=28 home_places=50 need_workers=0 tax_due=0 main_tax_due=0 tax_amount=5946 main_tax_amount=0 days_alive=9 stage=0 res0=0 res1=0 res2=0 res3=0 res4=0 res5=0 res6=0 res7=0 res8=0 CowFarm=1 Apiary=1 | nw=1532000.0000
  s=    9 a= 13(BUILD:HydroStation) r= +0.2365 cum=     +1.38 v= +2.7201 top5=[a1=0.037, a32=0.032, a36=0.031, a22=0.031, a9=0.030] [BUILD: HydroStation]
    OBS: year=0 month=3 season=0 money=26575 credit=0 people=28 busy=0 free=28 home_places=50 need_workers=0 tax_due=0 main_tax_due=0 tax_amount=6366 main_tax_amount=0 days_alive=10 stage=0 res0=0 res1=0 res2=0 res3=0 res4=0 res5=0 res6=0 res7=0 res8=0 House=1 CowFarm=1 Apiary=1 | nw=1532000.0000
  s=   10 a= 43(MANAGER:9) r= -0.2860 cum=     +1.10 v= +3.5178 top5=[a1=0.037, a32=0.034, a6=0.030, a36=0.030, a22=0.030]
    OBS: year=0 month=3 season=0 money=26575 credit=0 people=28 busy=0 free=28 home_places=50 need_workers=0 tax_due=0 main_tax_due=0 tax_amount=6366 main_tax_amount=0 days_alive=11 stage=0 res0=0 res1=0 res2=0 res3=0 res4=0 res5=0 res6=0 res7=0 res8=0 House=1 CowFarm=1 Apiary=1 | nw=1532000.0000
  s=   11 a= 36(MANAGER:2) r= -4.7678 cum=     -3.67 v= +3.6497 top5=[a1=0.037, a32=0.034, a36=0.030, a6=0.030, a22=0.030]
    OBS: year=0 month=3 season=0 money=26575 credit=0 people=28 busy=0 free=28 home_places=50 need_workers=0 tax_due=0 main_tax_due=0 tax_amount=6366 main_tax_amount=0 days_alive=12 stage=0 res0=0 res1=0 res2=0 res3=0 res4=0 res5=0 res6=0 res7=0 res8=0 House=1 CowFarm=1 Apiary=1 | nw=1532000.0000
  s=   12 a=  2(BUILD:WaterChannel) r= +2.9590 cum=     -0.71 v= +3.7797 top5=[a1=0.037, a32=0.034, a36=0.031, a6=0.030, a22=0.030] [BUILD: WaterChannel]
    OBS: year=0 month=3 season=0 money=6761 credit=0 people=28 busy=0 free=28 home_places=50 need_workers=0 tax_due=0 main_tax_due=0 tax_amount=6786 main_tax_amount=0 days_alive=13 stage=0 res0=0 res1=0 res2=0 res3=0 res4=0 res5=0 res6=0 res7=0 res8=0 Farm=1 House=1 CowFarm=1 Apiary=1 | nw=1532000.0000
  s=   13 a=  9(BUILD:Ironmine) r= -0.2849 cum=     -1.00 v= +4.0800 top5=[a32=0.037, a1=0.035, a6=0.032, a36=0.031, a22=0.030] [BUILD: Ironmine]
    OBS: year=0 month=3 season=0 money=6761 credit=0 people=28 busy=0 free=28 home_places=50 need_workers=0 tax_due=0 main_tax_due=0 tax_amount=6786 main_tax_amount=0 days_alive=14 stage=0 res0=0 res1=0 res2=0 res3=0 res4=0 res5=0 res6=0 res7=0 res8=0 Farm=1 House=1 CowFarm=1 Apiary=1 | nw=1532000.0000
  s=   14 a= 39(MANAGER:5) r= -4.7500 cum=     -5.75 v= +4.1807 top5=[a32=0.037, a1=0.035, a6=0.032, a36=0.031, a22=0.030]
    OBS: year=0 month=3 season=0 money=6761 credit=0 people=28 busy=0 free=28 home_places=50 need_workers=0 tax_due=0 main_tax_due=0 tax_amount=6786 main_tax_amount=0 days_alive=15 stage=0 res0=0 res1=0 res2=0 res3=0 res4=0 res5=0 res6=0 res7=0 res8=0 Farm=1 House=1 CowFarm=1 Apiary=1 | nw=1532000.0000
  s=   15 a= 29(BUILD:Puerperal) r= -0.2848 cum=     -6.03 v= +4.2792 top5=[a32=0.037, a1=0.035, a6=0.032, a36=0.031, a22=0.030] [BUILD: Puerperal]
    OBS: year=0 month=3 season=0 money=6761 credit=0 people=28 busy=0 free=28 home_places=50 need_workers=0 tax_due=0 main_tax_due=0 tax_amount=6786 main_tax_amount=0 days_alive=16 stage=0 res0=0 res1=0 res2=0 res3=0 res4=0 res5=0 res6=0 res7=0 res8=0 Farm=1 House=1 CowFarm=1 Apiary=1 | nw=1532000.0000
  s=   16 a=  1(WEEK) r= +0.1899 cum=     -5.84 v= +4.3785 top5=[a32=0.037, a1=0.035, a6=0.032, a36=0.031, a22=0.030]
    OBS: year=0 month=3 season=0 money=6761 credit=0 people=28 busy=0 free=28 home_places=50 need_workers=0 tax_due=0 main_tax_due=0 tax_amount=6786 main_tax_amount=0 days_alive=23 stage=0 res0=0 res1=0 res2=0 res3=0 res4=0 res5=0 res6=0 res7=0 res8=0 Farm=1 House=1 CowFarm=1 Apiary=1 | nw=1532000.0000
  s=   17 a= 19(BUILD:Mushroom) r= -4.7486 cum=    -10.59 v= +4.7303 top5=[a32=0.036, a1=0.034, a36=0.033, a6=0.032, a22=0.030] [BUILD FAILED: Mushroom]
    OBS: year=0 month=3 season=0 money=6761 credit=0 people=28 busy=0 free=28 home_places=50 need_workers=0 tax_due=0 main_tax_due=0 tax_amount=6786 main_tax_amount=0 days_alive=24 stage=0 res0=0 res1=0 res2=0 res3=0 res4=0 res5=0 res6=0 res7=0 res8=0 Farm=1 House=1 CowFarm=1 Apiary=1 | nw=1532000.0000
  s=   18 a= 43(MANAGER:9) r= -0.2847 cum=    -10.88 v= +4.7351 top5=[a32=0.036, a1=0.034, a36=0.033, a6=0.032, a22=0.031]
    OBS: year=0 month=3 season=0 money=6761 credit=0 people=28 busy=0 free=28 home_places=50 need_workers=0 tax_due=0 main_tax_due=0 tax_amount=6786 main_tax_amount=0 days_alive=25 stage=0 res0=0 res1=0 res2=0 res3=0 res4=0 res5=0 res6=0 res7=0 res8=0 Farm=1 House=1 CowFarm=1 Apiary=1 | nw=1532000.0000
  s=   19 a= 24(BUILD:Hothouse) r= -0.2848 cum=    -11.16 v= +4.7353 top5=[a32=0.036, a1=0.034, a36=0.033, a6=0.032, a22=0.031] [BUILD: Hothouse]
    OBS: year=0 month=3 season=0 money=6761 credit=0 people=28 busy=0 free=28 home_places=50 need_workers=0 tax_due=0 main_tax_due=0 tax_amount=6786 main_tax_amount=0 days_alive=26 stage=0 res0=0 res1=0 res2=0 res3=0 res4=0 res5=0 res6=0 res7=0 res8=0 Farm=1 House=1 CowFarm=1 Apiary=1 | nw=1532000.0000
  s=   20 a=  7(BUILD:Sawmill) r= -4.7486 cum=    -15.91 v= +4.7344 top5=[a32=0.036, a1=0.034, a36=0.034, a6=0.032, a22=0.031] [BUILD FAILED: Sawmill]
    OBS: year=0 month=3 season=0 money=6761 credit=0 people=28 busy=0 free=28 home_places=50 need_workers=0 tax_due=0 main_tax_due=0 tax_amount=6786 main_tax_amount=0 days_alive=27 stage=0 res0=0 res1=0 res2=0 res3=0 res4=0 res5=0 res6=0 res7=0 res8=0 Farm=1 House=1 CowFarm=1 Apiary=1 | nw=1532000.0000
  s=   21 a= 38(MANAGER:4) r= +1.5995 cum=    -14.31 v= +4.8518 top5=[a32=0.040, a36=0.034, a1=0.034, a22=0.031, a14=0.030]
    OBS: year=0 month=3 season=0 money=6761 credit=0 people=28 busy=0 free=28 home_places=50 need_workers=0 tax_due=0 main_tax_due=0 tax_amount=6786 main_tax_amount=0 days_alive=28 stage=0 res0=0 res1=0 res2=0 res3=0 res4=0 res5=0 res6=0 res7=0 res8=0 Farm=1 House=1 CowFarm=1 Apiary=1 | nw=1531994.1988
  s=   22 a=  1(WEEK) r= +0.1208 cum=    -14.19 v= +4.1608 top5=[a32=0.038, a1=0.035, a36=0.035, a14=0.031, a6=0.030]
    OBS: year=0 month=4 season=0 money=6761 credit=0 people=28 busy=0 free=28 home_places=50 need_workers=0 tax_due=0 main_tax_due=0 tax_amount=6786 main_tax_amount=0 days_alive=35 stage=0 res0=0 res1=0 res2=0 res3=0 res4=0 res5=0 res6=0 res7=0 res8=0 Farm=1 House=1 CowFarm=1 Apiary=1 | nw=1531965.1930
  s=   23 a= 22(BUILD:Apiary) r= +2.0725 cum=    -12.12 v= +0.9104 top5=[a32=0.038, a1=0.037, a22=0.032, a9=0.030, a6=0.030] [BUILD: Apiary]
    OBS: year=0 month=4 season=0 money=6761 credit=0 people=28 busy=0 free=28 home_places=50 need_workers=0 tax_due=0 main_tax_due=0 tax_amount=6786 main_tax_amount=0 days_alive=36 stage=0 res0=0 res1=0 res2=0 res3=0 res4=0 res5=0 res6=0 res7=0 res8=0 Farm=1 House=1 CowFarm=1 Apiary=1 | nw=1531959.7186
  s=   24 a= 11(BUILD:Goldmine) r= -0.2910 cum=    -12.41 v= +0.3618 top5=[a32=0.039, a1=0.037, a22=0.032, a9=0.030, a36=0.029] [BUILD: Goldmine]
    OBS: year=0 month=4 season=0 money=6761 credit=0 people=28 busy=0 free=28 home_places=50 need_workers=0 tax_due=0 main_tax_due=0 tax_amount=6786 main_tax_amount=0 days_alive=37 stage=0 res0=0 res1=0 res2=0 res3=0 res4=0 res5=0 res6=0 res7=0 res8=0 Farm=1 House=1 CowFarm=1 Apiary=1 | nw=1531956.7136
  s=   25 a= 23(BUILD:Torchlight) r= -0.3002 cum=    -12.71 v= +0.5775 top5=[a32=0.039, a1=0.037, a22=0.031, a9=0.030, a36=0.030] [BUILD: Torchlight]
    OBS: year=0 month=4 season=0 money=6761 credit=0 people=28 busy=0 free=28 home_places=50 need_workers=0 tax_due=0 main_tax_due=0 tax_amount=6786 main_tax_amount=0 days_alive=38 stage=0 res0=0 res1=0 res2=0 res3=0 res4=0 res5=0 res6=0 res7=0 res8=0 Farm=1 House=1 CowFarm=1 Apiary=1 | nw=1531949.8412
  s=   26 a= 25(BUILD:SuperHouse) r= -4.7348 cum=    -17.44 v= +0.7812 top5=[a32=0.039, a1=0.037, a22=0.031, a36=0.030, a9=0.029] [BUILD FAILED: SuperHouse]
    OBS: year=0 month=4 season=0 money=6761 credit=0 people=28 busy=0 free=28 home_places=50 need_workers=0 tax_due=0 main_tax_due=0 tax_amount=6786 main_tax_amount=0 days_alive=39 stage=0 res0=0 res1=0 res2=0 res3=0 res4=0 res5=0 res6=0 res7=0 res8=0 Farm=1 House=1 CowFarm=1 Apiary=1 | nw=1531944.9025
  s=   27 a= 39(MANAGER:5) r= +1.5969 cum=    -15.85 v= +0.9764 top5=[a32=0.038, a1=0.037, a22=0.031, a36=0.030, a9=0.029]
    OBS: year=0 month=4 season=0 money=6761 credit=0 people=28 busy=0 free=28 home_places=110 need_workers=5 tax_due=0 main_tax_due=0 tax_amount=6786 main_tax_amount=0 days_alive=40 stage=0 res0=0 res1=0 res2=0 res3=0 res4=0 res5=0 res6=0 res7=0 res8=0 Farm=1 House=1 CowFarm=1 Apiary=1 | nw=1531939.9638
  s=   28 a= 14(BUILD:Road) r= +0.6074 cum=    -15.24 v= +2.5565 top5=[a1=0.033, a32=0.032, a6=0.031, a9=0.031, a36=0.029] [BUILD: Road]
    OBS: year=0 month=4 season=0 money=861 credit=0 people=28 busy=0 free=28 home_places=110 need_workers=5 tax_due=0 main_tax_due=0 tax_amount=7206 main_tax_amount=0 days_alive=41 stage=0 res0=0 res1=0 res2=0 res3=0 res4=0 res5=0 res6=0 res7=0 res8=0 Farm=1 House=1 SmallHouse=1 CowFarm=1 Apiary=1 | nw=1531935.0250
  s=   29 a= 20(BUILD:BigHouse) r= -0.2997 cum=    -15.54 v= +3.3318 top5=[a32=0.034, a1=0.032, a6=0.032, a9=0.032, a22=0.030] [BUILD: BigHouse]
    OBS: year=0 month=4 season=0 money=861 credit=0 people=28 busy=0 free=28 home_places=110 need_workers=5 tax_due=0 main_tax_due=0 tax_amount=7206 main_tax_amount=0 days_alive=42 stage=0 res0=0 res1=0 res2=0 res3=0 res4=0 res5=0 res6=0 res7=0 res8=0 Farm=1 House=1 SmallHouse=1 CowFarm=1 Apiary=1 | nw=1531928.1526
  s=   30 a=  7(BUILD:Sawmill) r= -4.7265 cum=    -20.26 v= +3.4848 top5=[a32=0.033, a1=0.032, a6=0.032, a9=0.032, a22=0.030] [BUILD FAILED: Sawmill]
    OBS: year=0 month=4 season=0 money=861 credit=0 people=28 busy=0 free=28 home_places=110 need_workers=5 tax_due=0 main_tax_due=0 tax_amount=7206 main_tax_amount=0 days_alive=43 stage=0 res0=0 res1=0 res2=0 res3=0 res4=0 res5=0 res6=0 res7=0 res8=0 Farm=1 House=1 SmallHouse=1 CowFarm=1 Apiary=1 | nw=1531923.2139
  s=   31 a= 36(MANAGER:2) r= +0.2544 cum=    -20.01 v= +3.6260 top5=[a32=0.033, a1=0.032, a6=0.032, a9=0.032, a22=0.030]
    OBS: year=0 month=4 season=0 money=826 credit=0 people=28 busy=0 free=28 home_places=110 need_workers=5 tax_due=0 main_tax_due=0 tax_amount=7206 main_tax_amount=0 days_alive=44 stage=0 res0=0 res1=0 res2=0 res3=0 res4=0 res5=0 res6=0 res7=0 res8=0 Farm=1 House=1 SmallHouse=1 CowFarm=1 Apiary=1 | nw=1531950.9554
  s=   32 a=  8(BUILD:Coalmine) r= -0.2951 cum=    -20.30 v= +3.7840 top5=[a32=0.033, a1=0.032, a6=0.032, a9=0.032, a36=0.030] [BUILD: Coalmine]
    OBS: year=0 month=4 season=0 money=826 credit=0 people=28 busy=0 free=28 home_places=110 need_workers=5 tax_due=0 main_tax_due=0 tax_amount=7206 main_tax_amount=0 days_alive=45 stage=0 res0=0 res1=0 res2=0 res3=0 res4=0 res5=0 res6=0 res7=0 res8=0 Farm=1 House=1 SmallHouse=1 CowFarm=1 Apiary=1 | nw=1531946.0167
  s=   33 a= 43(MANAGER:9) r= -4.7252 cum=    -25.03 v= +3.8833 top5=[a32=0.033, a1=0.032, a6=0.032, a9=0.032, a36=0.030]
    OBS: year=0 month=4 season=0 money=826 credit=0 people=28 busy=0 free=28 home_places=110 need_workers=5 tax_due=0 main_tax_due=0 tax_amount=7206 main_tax_amount=0 days_alive=46 stage=0 res0=0 res1=0 res2=0 res3=0 res4=0 res5=0 res6=0 res7=0 res8=0 Farm=1 House=1 SmallHouse=1 CowFarm=1 Apiary=1 | nw=1531942.4761
  s=   34 a=  2(BUILD:WaterChannel) r= -0.2950 cum=    -25.33 v= +3.9336 top5=[a32=0.033, a1=0.032, a6=0.032, a9=0.032, a36=0.030] [BUILD: WaterChannel]
    OBS: year=0 month=4 season=0 money=826 credit=0 people=28 busy=0 free=28 home_places=110 need_workers=5 tax_due=0 main_tax_due=0 tax_amount=7206 main_tax_amount=0 days_alive=47 stage=0 res0=0 res1=0 res2=0 res3=0 res4=0 res5=0 res6=0 res7=0 res8=0 Farm=1 House=1 SmallHouse=1 CowFarm=1 Apiary=1 | nw=1531937.5374
  s=   35 a= 14(BUILD:Road) r= -0.2951 cum=    -25.62 v= +3.9721 top5=[a32=0.033, a1=0.032, a6=0.032, a9=0.032, a36=0.030] [BUILD: Road]
    OBS: year=0 month=4 season=0 money=826 credit=0 people=28 busy=0 free=28 home_places=110 need_workers=5 tax_due=0 main_tax_due=0 tax_amount=7206 main_tax_amount=0 days_alive=48 stage=0 res0=0 res1=0 res2=0 res3=0 res4=0 res5=0 res6=0 res7=0 res8=0 Farm=1 House=1 SmallHouse=1 CowFarm=1 Apiary=1 | nw=1531932.5986
  s=   36 a=  1(WEEK) r= +2.3032 cum=    -23.32 v= +3.4341 top5=[a1=0.033, a9=0.032, a32=0.032, a36=0.031, a6=0.030]
    OBS: year=0 month=4 season=0 money=826 credit=0 people=28 busy=0 free=28 home_places=110 need_workers=5 tax_due=0 main_tax_due=0 tax_amount=7206 main_tax_amount=0 days_alive=55 stage=0 res0=0 res1=0 res2=0 res3=0 res4=0 res5=0 res6=0 res7=0 res8=0 Farm=1 House=1 SmallHouse=1 CowFarm=1 Apiary=1 | nw=1531827.4141
  s=   37 a= 21(BUILD:BigFarm) r= -0.3256 cum=    -23.64 v= +1.9497 top5=[a9=0.046, a44=0.039, a22=0.036, a25=0.034, a14=0.032] [BUILD: BigFarm]
    OBS: year=0 month=4 season=0 money=826 credit=0 people=28 busy=0 free=28 home_places=110 need_workers=5 tax_due=0 main_tax_due=0 tax_amount=7206 main_tax_amount=0 days_alive=56 stage=0 res0=0 res1=0 res2=0 res3=0 res4=0 res5=0 res6=0 res7=0 res8=0 Farm=1 House=1 SmallHouse=1 CowFarm=1 Apiary=1 | nw=1531809.3114
  s=   38 a= 36(MANAGER:2) r= +0.2201 cum=    -23.42 v= +2.0404 top5=[a9=0.046, a44=0.039, a22=0.035, a25=0.034, a14=0.032]
    OBS: year=0 month=4 season=0 money=737 credit=0 people=28 busy=0 free=28 home_places=110 need_workers=5 tax_due=0 main_tax_due=0 tax_amount=7206 main_tax_amount=0 days_alive=57 stage=0 res0=0 res1=0 res2=0 res3=0 res4=0 res5=0 res6=0 res7=0 res8=0 Farm=1 House=1 SmallHouse=1 CowFarm=1 Apiary=1 | nw=1531822.6056
  s=   39 a= 34(MANAGER:0) r= -4.7182 cum=    -28.14 v= +2.1482 top5=[a9=0.046, a44=0.039, a22=0.035, a25=0.034, a14=0.032]
    OBS: year=0 month=4 season=0 money=737 credit=0 people=28 busy=0 free=28 home_places=110 need_workers=5 tax_due=0 main_tax_due=0 tax_amount=7206 main_tax_amount=0 days_alive=58 stage=0 res0=0 res1=0 res2=0 res3=0 res4=0 res5=0 res6=0 res7=0 res8=0 Farm=1 House=1 SmallHouse=1 CowFarm=1 Apiary=1 | nw=1531804.5029
  s=   40 a= 26(BUILD:BigSawmill) r= -0.3186 cum=    -28.46 v= +2.1828 top5=[a9=0.046, a44=0.039, a22=0.035, a25=0.035, a14=0.032] [BUILD: BigSawmill]
    OBS: year=0 month=4 season=0 money=737 credit=0 people=28 busy=0 free=28 home_places=110 need_workers=5 tax_due=0 main_tax_due=0 tax_amount=7206 main_tax_amount=0 days_alive=59 stage=0 res0=0 res1=0 res2=0 res3=0 res4=0 res5=0 res6=0 res7=0 res8=0 Farm=1 House=1 SmallHouse=1 CowFarm=1 Apiary=1 | nw=1531789.3474
  s=   41 a= 15(BUILD:Fish) r= -0.3354 cum=    -28.79 v= +2.2187 top5=[a9=0.046, a44=0.039, a22=0.035, a25=0.035, a14=0.032] [BUILD: Fish]
    OBS: year=0 month=4 season=0 money=737 credit=0 people=28 busy=0 free=28 home_places=110 need_workers=5 tax_due=0 main_tax_due=0 tax_amount=7206 main_tax_amount=0 days_alive=60 stage=0 res0=0 res1=0 res2=0 res3=0 res4=0 res5=0 res6=0 res7=0 res8=0 Farm=1 House=1 SmallHouse=1 CowFarm=1 Apiary=1 | nw=1531767.1236
  s=   42 a= 41(MANAGER:7) r= -4.7187 cum=    -33.51 v= +2.2544 top5=[a9=0.046, a44=0.039, a25=0.035, a22=0.035, a19=0.032]
    OBS: year=0 month=5 season=0 money=737 credit=0 people=28 busy=0 free=28 home_places=110 need_workers=5 tax_due=0 main_tax_due=0 tax_amount=7206 main_tax_amount=0 days_alive=61 stage=0 res0=0 res1=0 res2=0 res3=0 res4=0 res5=0 res6=0 res7=0 res8=0 Farm=1 House=1 SmallHouse=1 CowFarm=1 Apiary=1 | nw=1531749.0209
  s=   43 a= 22(BUILD:Apiary) r= -0.3256 cum=    -33.84 v= -0.2144 top5=[a9=0.041, a44=0.040, a22=0.039, a2=0.036, a14=0.033] [BUILD: Apiary]
    OBS: year=0 month=5 season=0 money=737 credit=0 people=28 busy=0 free=28 home_places=110 need_workers=5 tax_due=0 main_tax_due=0 tax_amount=7206 main_tax_amount=0 days_alive=62 stage=0 res0=0 res1=0 res2=0 res3=0 res4=0 res5=0 res6=0 res7=0 res8=0 Farm=1 House=1 SmallHouse=1 CowFarm=1 Apiary=1 | nw=1531730.9182
  s=   44 a= 33(BUILD:AtomStation) r= -0.3257 cum=    -34.16 v= +0.2107 top5=[a9=0.040, a44=0.039, a22=0.038, a2=0.035, a14=0.033] [BUILD: AtomStation]
    OBS: year=0 month=5 season=0 money=737 credit=0 people=28 busy=0 free=28 home_places=110 need_workers=5 tax_due=0 main_tax_due=0 tax_amount=7206 main_tax_amount=0 days_alive=63 stage=0 res0=0 res1=0 res2=0 res3=0 res4=0 res5=0 res6=0 res7=0 res8=0 Farm=1 House=1 SmallHouse=1 CowFarm=1 Apiary=1 | nw=1531712.8155
  s=   45 a= 28(BUILD:BigRefinary) r= -4.7192 cum=    -38.88 v= +0.5978 top5=[a9=0.039, a44=0.038, a22=0.036, a2=0.034, a14=0.033] [BUILD FAILED: BigRefinary]
    OBS: year=0 month=5 season=0 money=737 credit=0 people=28 busy=0 free=28 home_places=110 need_workers=5 tax_due=0 main_tax_due=0 tax_amount=7206 main_tax_amount=0 days_alive=64 stage=0 res0=0 res1=0 res2=0 res3=0 res4=0 res5=0 res6=0 res7=0 res8=0 Farm=1 House=1 SmallHouse=1 CowFarm=1 Apiary=1 | nw=1531692.7791
  s=   46 a= 17(BUILD:HuntingLand) r= -0.3159 cum=    -39.20 v= +0.9609 top5=[a9=0.039, a44=0.038, a22=0.035, a2=0.033, a14=0.033] [BUILD: HuntingLand]
    OBS: year=0 month=5 season=0 money=737 credit=0 people=28 busy=0 free=28 home_places=110 need_workers=5 tax_due=0 main_tax_due=0 tax_amount=7206 main_tax_amount=0 days_alive=65 stage=0 res0=0 res1=0 res2=0 res3=0 res4=0 res5=0 res6=0 res7=0 res8=0 Farm=1 House=1 SmallHouse=1 CowFarm=1 Apiary=1 | nw=1531678.7975
  s=   47 a= 26(BUILD:BigSawmill) r= -0.3258 cum=    -39.53 v= +1.2780 top5=[a9=0.038, a44=0.037, a22=0.034, a14=0.033, a2=0.032] [BUILD: BigSawmill]
    OBS: year=0 month=5 season=0 money=737 credit=0 people=28 busy=0 free=28 home_places=110 need_workers=5 tax_due=0 main_tax_due=0 tax_amount=7206 main_tax_amount=0 days_alive=66 stage=0 res0=0 res1=0 res2=0 res3=0 res4=0 res5=0 res6=0 res7=0 res8=0 Farm=1 House=1 SmallHouse=1 CowFarm=1 Apiary=1 | nw=1531660.6948
  s=   48 a= 27(BUILD:WaterMill) r= -4.7196 cum=    -44.25 v= +1.5537 top5=[a9=0.038, a44=0.037, a22=0.034, a14=0.033, a2=0.032] [BUILD FAILED: WaterMill]
    OBS: year=0 month=5 season=0 money=737 credit=0 people=28 busy=0 free=28 home_places=110 need_workers=5 tax_due=0 main_tax_due=0 tax_amount=7206 main_tax_amount=0 days_alive=67 stage=0 res0=0 res1=0 res2=0 res3=0 res4=0 res5=0 res6=0 res7=0 res8=0 Farm=1 House=1 SmallHouse=1 CowFarm=1 Apiary=1 | nw=1531638.4710
  s=   49 a= 36(MANAGER:2) r= +0.2482 cum=    -44.00 v= +1.8069 top5=[a9=0.038, a44=0.036, a22=0.033, a14=0.033, a2=0.031]
    OBS: year=0 month=5 season=0 money=602 credit=0 people=28 busy=0 free=28 home_places=110 need_workers=5 tax_due=0 main_tax_due=0 tax_amount=7206 main_tax_amount=0 days_alive=68 stage=0 res0=0 res1=0 res2=0 res3=0 res4=0 res5=0 res6=0 res7=0 res8=0 Farm=1 House=1 SmallHouse=1 CowFarm=1 Apiary=1 | nw=1531663.7335
  s=   50 a=  9(BUILD:Ironmine) r= -0.3269 cum=    -44.32 v= +2.0542 top5=[a9=0.038, a44=0.036, a14=0.033, a22=0.032, a2=0.031] [BUILD: Ironmine]
    OBS: year=0 month=5 season=0 money=602 credit=0 people=28 busy=0 free=28 home_places=110 need_workers=5 tax_due=0 main_tax_due=0 tax_amount=7206 main_tax_amount=0 days_alive=69 stage=0 res0=0 res1=0 res2=0 res3=0 res4=0 res5=0 res6=0 res7=0 res8=0 Farm=1 House=1 SmallHouse=1 CowFarm=1 Apiary=1 | nw=1531645.0952
  s=   51 a=  2(BUILD:WaterChannel) r= -4.7185 cum=    -49.04 v= +2.2752 top5=[a9=0.037, a44=0.036, a14=0.032, a22=0.032, a2=0.030] [BUILD FAILED: WaterChannel]
    OBS: year=0 month=5 season=0 money=602 credit=0 people=28 busy=0 free=28 home_places=110 need_workers=5 tax_due=0 main_tax_due=0 tax_amount=7206 main_tax_amount=0 days_alive=70 stage=0 res0=0 res1=0 res2=0 res3=0 res4=0 res5=0 res6=0 res7=0 res8=0 Farm=1 House=1 SmallHouse=1 CowFarm=1 Apiary=1 | nw=1531626.9925
  s=   52 a= 41(MANAGER:7) r= -0.3274 cum=    -49.37 v= +2.4867 top5=[a9=0.037, a44=0.035, a14=0.032, a22=0.031, a2=0.030]
    OBS: year=0 month=5 season=0 money=602 credit=0 people=28 busy=0 free=28 home_places=110 need_workers=5 tax_due=0 main_tax_due=0 tax_amount=7206 main_tax_amount=0 days_alive=71 stage=0 res0=0 res1=0 res2=0 res3=0 res4=0 res5=0 res6=0 res7=0 res8=0 Farm=1 House=1 SmallHouse=1 CowFarm=1 Apiary=1 | nw=1531608.1300
  s=   53 a=  4(BUILD:Garden) r= -0.1440 cum=    -49.51 v= +2.6860 top5=[a9=0.037, a44=0.035, a14=0.032, a22=0.030, a19=0.029] [BUILD: Garden]
    OBS: year=0 month=5 season=0 money=602 credit=0 people=28 busy=0 free=28 home_places=110 need_workers=5 tax_due=0 main_tax_due=0 tax_amount=7206 main_tax_amount=0 days_alive=72 stage=0 res0=0 res1=0 res2=0 res3=0 res4=0 res5=0 res6=0 res7=0 res8=0 Farm=1 House=1 SmallHouse=1 CowFarm=1 Apiary=1 | nw=1531594.1484
  s=   54 a= 41(MANAGER:7) r= -4.7186 cum=    -54.23 v= +2.8780 top5=[a9=0.037, a44=0.035, a14=0.032, a22=0.030, a19=0.029]
    OBS: year=0 month=5 season=0 money=602 credit=0 people=28 busy=0 free=28 home_places=110 need_workers=5 tax_due=0 main_tax_due=0 tax_amount=7206 main_tax_amount=0 days_alive=73 stage=0 res0=0 res1=0 res2=0 res3=0 res4=0 res5=0 res6=0 res7=0 res8=0 Farm=1 House=1 SmallHouse=1 CowFarm=1 Apiary=1 | nw=1531571.3889
  s=   55 a= 40(MANAGER:6) r= -0.3256 cum=    -54.56 v= +3.0631 top5=[a9=0.037, a44=0.035, a14=0.032, a22=0.030, a19=0.029]
    OBS: year=0 month=5 season=0 money=602 credit=0 people=28 busy=0 free=28 home_places=110 need_workers=5 tax_due=0 main_tax_due=0 tax_amount=7206 main_tax_amount=0 days_alive=74 stage=0 res0=0 res1=0 res2=0 res3=0 res4=0 res5=0 res6=0 res7=0 res8=0 Farm=1 House=1 SmallHouse=1 CowFarm=1 Apiary=1 | nw=1531553.2862
  s=   56 a= 23(BUILD:Torchlight) r= -0.3257 cum=    -54.88 v= +3.2381 top5=[a9=0.037, a44=0.034, a14=0.032, a19=0.029, a22=0.029] [BUILD: Torchlight]
    OBS: year=0 month=5 season=0 money=602 credit=0 people=28 busy=0 free=28 home_places=110 need_workers=5 tax_due=0 main_tax_due=0 tax_amount=7206 main_tax_amount=0 days_alive=75 stage=0 res0=0 res1=0 res2=0 res3=0 res4=0 res5=0 res6=0 res7=0 res8=0 Farm=1 House=1 SmallHouse=1 CowFarm=1 Apiary=1 | nw=1531535.1836
  s=   57 a=  7(BUILD:Sawmill) r= -4.7191 cum=    -59.60 v= +3.4007 top5=[a9=0.037, a44=0.034, a14=0.032, a19=0.029, a25=0.029] [BUILD FAILED: Sawmill]
    OBS: year=0 month=5 season=0 money=602 credit=0 people=28 busy=0 free=28 home_places=110 need_workers=5 tax_due=0 main_tax_due=0 tax_amount=7206 main_tax_amount=0 days_alive=76 stage=0 res0=0 res1=0 res2=0 res3=0 res4=0 res5=0 res6=0 res7=0 res8=0 Farm=1 House=1 SmallHouse=1 CowFarm=1 Apiary=1 | nw=1531521.2020
  s=   58 a= 32(BUILD:SmallAtomStation) r= -0.3211 cum=    -59.92 v= +3.5360 top5=[a9=0.037, a44=0.034, a14=0.032, a19=0.029, a25=0.029] [BUILD: SmallAtomStation]
    OBS: year=0 month=5 season=0 money=602 credit=0 people=28 busy=0 free=28 home_places=110 need_workers=5 tax_due=0 main_tax_due=0 tax_amount=7206 main_tax_amount=0 days_alive=77 stage=0 res0=0 res1=0 res2=0 res3=0 res4=0 res5=0 res6=0 res7=0 res8=0 Farm=1 House=1 SmallHouse=1 CowFarm=1 Apiary=1 | nw=1531505.0330
  s=   59 a= 22(BUILD:Apiary) r= -0.3321 cum=    -60.26 v= +3.6599 top5=[a9=0.037, a44=0.034, a14=0.032, a19=0.029, a25=0.029] [BUILD: Apiary]
    OBS: year=0 month=5 season=0 money=602 credit=0 people=28 busy=0 free=28 home_places=110 need_workers=5 tax_due=0 main_tax_due=0 tax_amount=7206 main_tax_amount=0 days_alive=78 stage=0 res0=0 res1=0 res2=0 res3=0 res4=0 res5=0 res6=0 res7=0 res8=0 Farm=1 House=1 SmallHouse=1 CowFarm=1 Apiary=1 | nw=1531484.2368
  s=   60 a= 30(BUILD:BigIronmine) r= -4.7196 cum=    -64.98 v= +3.7743 top5=[a9=0.036, a44=0.033, a14=0.032, a19=0.029, a25=0.029] [BUILD FAILED: BigIronmine]
    OBS: year=0 month=5 season=0 money=602 credit=0 people=28 busy=0 free=28 home_places=110 need_workers=5 tax_due=0 main_tax_due=0 tax_amount=7206 main_tax_amount=0 days_alive=79 stage=0 res0=0 res1=0 res2=0 res3=0 res4=0 res5=0 res6=0 res7=0 res8=0 Farm=1 House=1 SmallHouse=1 CowFarm=1 Apiary=1 | nw=1531464.4330
  s=   61 a=  4(BUILD:Garden) r= -0.3314 cum=    -65.31 v= +3.8825 top5=[a9=0.036, a44=0.033, a14=0.032, a19=0.029, a25=0.029] [BUILD: Garden]
    OBS: year=0 month=5 season=0 money=602 credit=0 people=28 busy=0 free=28 home_places=110 need_workers=5 tax_due=0 main_tax_due=0 tax_amount=7206 main_tax_amount=0 days_alive=80 stage=0 res0=0 res1=0 res2=0 res3=0 res4=0 res5=0 res6=0 res7=0 res8=0 Farm=1 House=1 SmallHouse=1 CowFarm=1 Apiary=1 | nw=1531443.9103
  s=   62 a= 44(MANAGER:10) r= +0.3749 cum=    -64.93 v= +3.9727 top5=[a9=0.036, a44=0.033, a14=0.032, a25=0.029, a19=0.029]
    OBS: year=0 month=5 season=0 money=602 credit=0 people=28 busy=0 free=28 home_places=110 need_workers=5 tax_due=0 main_tax_due=0 tax_amount=7206 main_tax_amount=0 days_alive=81 stage=0 res0=0 res1=0 res2=0 res3=0 res4=0 res5=0 res6=0 res7=0 res8=0 Farm=1 House=1 SmallHouse=1 CowFarm=1 Apiary=1 | nw=1531422.8111
  s=   63 a=  9(BUILD:Ironmine) r= -4.7181 cum=    -69.65 v= +4.0401 top5=[a9=0.036, a44=0.033, a14=0.032, a24=0.029, a25=0.029] [BUILD FAILED: Ironmine]
    OBS: year=0 month=5 season=0 money=602 credit=0 people=28 busy=0 free=28 home_places=110 need_workers=5 tax_due=0 main_tax_due=0 tax_amount=7206 main_tax_amount=0 days_alive=82 stage=0 res0=0 res1=0 res2=0 res3=0 res4=0 res5=0 res6=0 res7=0 res8=0 Farm=1 House=1 SmallHouse=1 CowFarm=1 Apiary=1 | nw=1531402.2475
  s=   64 a= 17(BUILD:HuntingLand) r= -0.3256 cum=    -69.98 v= +4.1453 top5=[a9=0.036, a44=0.033, a14=0.032, a24=0.029, a36=0.029] [BUILD: HuntingLand]
    OBS: year=0 month=5 season=0 money=602 credit=0 people=28 busy=0 free=28 home_places=110 need_workers=5 tax_due=0 main_tax_due=0 tax_amount=7206 main_tax_amount=0 days_alive=83 stage=0 res0=0 res1=0 res2=0 res3=0 res4=0 res5=0 res6=0 res7=0 res8=0 Farm=1 House=1 SmallHouse=1 CowFarm=1 Apiary=1 | nw=1531384.1448
  s=   65 a= 11(BUILD:Goldmine) r= -0.3284 cum=    -70.30 v= +4.2755 top5=[a9=0.036, a44=0.033, a14=0.032, a24=0.029, a36=0.029] [BUILD: Goldmine]
    OBS: year=0 month=5 season=0 money=602 credit=0 people=28 busy=0 free=28 home_places=110 need_workers=5 tax_due=0 main_tax_due=0 tax_amount=7206 main_tax_amount=0 days_alive=84 stage=0 res0=0 res1=0 res2=0 res3=0 res4=0 res5=0 res6=0 res7=0 res8=0 Farm=1 House=1 SmallHouse=1 CowFarm=1 Apiary=1 | nw=1531364.8767
  s=   66 a= 35(MANAGER:1) r= -4.5038 cum=    -74.81 v= +4.4464 top5=[a9=0.036, a44=0.033, a14=0.031, a24=0.030, a36=0.030]
    OBS: year=0 month=5 season=0 money=569 credit=0 people=28 busy=0 free=28 home_places=110 need_workers=5 tax_due=0 main_tax_due=0 tax_amount=7206 main_tax_amount=0 days_alive=85 stage=0 res0=0 res1=0 res2=0 res3=0 res4=0 res5=0 res6=0 res7=0 res8=0 Farm=1 House=1 SmallHouse=1 CowFarm=1 Apiary=1 | nw=1531375.8858
  s=   67 a= 18(BUILD:CowFarm) r= -0.3302 cum=    -75.14 v= +4.6163 top5=[a9=0.036, a44=0.032, a14=0.031, a24=0.030, a36=0.030] [BUILD: CowFarm]
    OBS: year=0 month=5 season=0 money=569 credit=0 people=28 busy=0 free=28 home_places=110 need_workers=5 tax_due=0 main_tax_due=0 tax_amount=7206 main_tax_amount=0 days_alive=86 stage=0 res0=0 res1=0 res2=0 res3=0 res4=0 res5=0 res6=0 res7=0 res8=0 Farm=1 House=1 SmallHouse=1 CowFarm=1 Apiary=1 | nw=1531355.8494
  s=   68 a= 32(BUILD:SmallAtomStation) r= -0.3258 cum=    -75.46 v= +4.7802 top5=[a9=0.036, a44=0.032, a14=0.031, a24=0.031, a36=0.030] [BUILD: SmallAtomStation]
    OBS: year=0 month=5 season=0 money=569 credit=0 people=28 busy=0 free=28 home_places=110 need_workers=5 tax_due=0 main_tax_due=0 tax_amount=7206 main_tax_amount=0 days_alive=87 stage=0 res0=0 res1=0 res2=0 res3=0 res4=0 res5=0 res6=0 res7=0 res8=0 Farm=1 House=1 SmallHouse=1 CowFarm=1 Apiary=1 | nw=1531337.7467
  s=   69 a= 44(MANAGER:10) r= -4.3379 cum=    -79.80 v= +4.9250 top5=[a9=0.036, a44=0.032, a14=0.031, a24=0.031, a36=0.031]
    OBS: year=0 month=5 season=0 money=569 credit=0 people=28 busy=0 free=28 home_places=110 need_workers=5 tax_due=0 main_tax_due=0 tax_amount=7206 main_tax_amount=0 days_alive=88 stage=0 res0=0 res1=0 res2=0 res3=0 res4=0 res5=0 res6=0 res7=0 res8=0 Farm=1 House=1 SmallHouse=1 CowFarm=1 Apiary=1 | nw=1531319.6440
  s=   70 a= 44(MANAGER:10) r= +0.3819 cum=    -79.42 v= +5.0340 top5=[a9=0.036, a44=0.032, a24=0.031, a36=0.031, a14=0.031]
    OBS: year=0 month=5 season=0 money=569 credit=0 people=28 busy=0 free=28 home_places=110 need_workers=5 tax_due=0 main_tax_due=0 tax_amount=7206 main_tax_amount=0 days_alive=89 stage=0 res0=0 res1=0 res2=0 res3=0 res4=0 res5=0 res6=0 res7=0 res8=0 Farm=1 House=1 SmallHouse=1 CowFarm=1 Apiary=1 | nw=1531301.5413
  s=   71 a= 15(BUILD:Fish) r= -0.3355 cum=    -79.76 v= +5.1100 top5=[a9=0.036, a44=0.032, a24=0.032, a36=0.032, a14=0.031] [BUILD: Fish]
    OBS: year=0 month=5 season=0 money=569 credit=0 people=28 busy=0 free=28 home_places=110 need_workers=5 tax_due=0 main_tax_due=0 tax_amount=7206 main_tax_amount=0 days_alive=90 stage=0 res0=0 res1=0 res2=0 res3=0 res4=0 res5=0 res6=0 res7=0 res8=0 Farm=1 House=1 SmallHouse=1 CowFarm=1 Apiary=1 | nw=1531279.3175
  s=   72 a= 36(MANAGER:2) r= -4.4572 cum=    -84.21 v= +5.1717 top5=[a9=0.036, a24=0.032, a36=0.032, a44=0.032, a14=0.031]
    OBS: year=0 month=5 season=0 money=318 credit=0 people=28 busy=0 free=28 home_places=110 need_workers=5 tax_due=0 main_tax_due=0 tax_amount=7206 main_tax_amount=0 days_alive=91 stage=0 res0=0 res1=0 res2=0 res3=0 res4=0 res5=0 res6=0 res7=0 res8=0 Farm=1 House=1 SmallHouse=1 CowFarm=1 Apiary=1 | nw=1531310.7384
  s=   73 a= 16(BUILD:CoalCut) r= -0.3269 cum=    -84.54 v= +5.2291 top5=[a9=0.036, a24=0.033, a36=0.032, a44=0.032, a14=0.031] [BUILD: CoalCut]
    OBS: year=0 month=6 season=1 money=318 credit=0 people=28 busy=0 free=28 home_places=130 need_workers=20 tax_due=0 main_tax_due=0 tax_amount=7206 main_tax_amount=0 days_alive=92 stage=0 res0=0 res1=0 res2=0 res3=0 res4=0 res5=0 res6=0 res7=0 res8=0 Farm=1 House=1 SmallHouse=1 CowFarm=1 Apiary=1 | nw=1531292.1494
  s=   74 a= 41(MANAGER:7) r= -0.3162 cum=    -84.86 v= -1.8522 top5=[a9=0.037, a15=0.037, a14=0.036, a44=0.032, a24=0.030]
    OBS: year=0 month=6 season=1 money=318 credit=0 people=28 busy=0 free=28 home_places=130 need_workers=20 tax_due=0 main_tax_due=0 tax_amount=7206 main_tax_amount=0 days_alive=93 stage=0 res0=0 res1=0 res2=0 res3=0 res4=0 res5=0 res6=0 res7=0 res8=0 Farm=1 House=1 SmallHouse=1 CowFarm=1 Apiary=1 | nw=1531278.1678
  s=   75 a= 41(MANAGER:7) r= -4.7218 cum=    -89.58 v= -1.7037 top5=[a9=0.037, a15=0.037, a14=0.036, a44=0.032, a24=0.030]
    OBS: year=0 month=6 season=1 money=318 credit=0 people=28 busy=0 free=28 home_places=130 need_workers=20 tax_due=0 main_tax_due=0 tax_amount=7206 main_tax_amount=0 days_alive=94 stage=0 res0=0 res1=0 res2=0 res3=0 res4=0 res5=0 res6=0 res7=0 res8=0 Farm=1 House=1 SmallHouse=1 CowFarm=1 Apiary=1 | nw=1531260.0651
  s=   76 a= 17(BUILD:HuntingLand) r= -0.3258 cum=    -89.90 v= -1.5650 top5=[a9=0.037, a15=0.037, a14=0.036, a44=0.032, a24=0.030] [BUILD: HuntingLand]
    OBS: year=0 month=6 season=1 money=318 credit=0 people=28 busy=0 free=28 home_places=130 need_workers=20 tax_due=0 main_tax_due=0 tax_amount=7206 main_tax_amount=0 days_alive=95 stage=0 res0=0 res1=0 res2=0 res3=0 res4=0 res5=0 res6=0 res7=0 res8=0 Farm=1 House=1 SmallHouse=1 CowFarm=1 Apiary=1 | nw=1531241.9624
  s=   77 a=  8(BUILD:Coalmine) r= -0.3247 cum=    -90.23 v= -1.4393 top5=[a9=0.037, a15=0.037, a14=0.035, a44=0.032, a24=0.030] [BUILD: Coalmine]
    OBS: year=0 month=6 season=1 money=318 credit=0 people=28 busy=0 free=28 home_places=130 need_workers=20 tax_due=0 main_tax_due=0 tax_amount=7206 main_tax_amount=0 days_alive=96 stage=0 res0=0 res1=0 res2=0 res3=0 res4=0 res5=0 res6=0 res7=0 res8=0 Farm=1 House=1 SmallHouse=1 CowFarm=1 Apiary=1 | nw=1531224.3954
  s=   78 a= 22(BUILD:Apiary) r= -4.7222 cum=    -94.95 v= -1.3242 top5=[a9=0.037, a15=0.036, a14=0.035, a44=0.032, a24=0.030] [BUILD FAILED: Apiary]
    OBS: year=0 month=6 season=1 money=318 credit=0 people=28 busy=0 free=28 home_places=130 need_workers=20 tax_due=0 main_tax_due=0 tax_amount=7206 main_tax_amount=0 days_alive=97 stage=0 res0=0 res1=0 res2=0 res3=0 res4=0 res5=0 res6=0 res7=0 res8=0 Farm=1 House=1 SmallHouse=1 CowFarm=1 Apiary=1 | nw=1531206.2927
  s=   79 a= 22(BUILD:Apiary) r= -0.3258 cum=    -95.28 v= -1.2411 top5=[a9=0.037, a15=0.036, a14=0.035, a44=0.032, a24=0.030] [BUILD: Apiary]
    OBS: year=0 month=6 season=1 money=318 credit=0 people=28 busy=0 free=28 home_places=130 need_workers=20 tax_due=0 main_tax_due=0 tax_amount=7206 main_tax_amount=0 days_alive=98 stage=0 res0=0 res1=0 res2=0 res3=0 res4=0 res5=0 res6=0 res7=0 res8=0 Farm=1 House=1 SmallHouse=1 CowFarm=1 Apiary=1 | nw=1531188.1900
  s=   80 a= 11(BUILD:Goldmine) r= -0.3214 cum=    -95.60 v= -1.1731 top5=[a9=0.036, a15=0.036, a14=0.035, a44=0.032, a24=0.030] [BUILD: Goldmine]
    OBS: year=0 month=6 season=1 money=318 credit=0 people=28 busy=0 free=28 home_places=130 need_workers=20 tax_due=0 main_tax_due=0 tax_amount=7206 main_tax_amount=0 days_alive=99 stage=0 res0=0 res1=0 res2=0 res3=0 res4=0 res5=0 res6=0 res7=0 res8=0 Farm=1 House=1 SmallHouse=1 CowFarm=1 Apiary=1 | nw=1531172.0210
  s=   81 a= 16(BUILD:CoalCut) r= -4.1042 cum=    -99.70 v= -1.1045 top5=[a9=0.036, a15=0.036, a14=0.034, a44=0.032, a24=0.030] [BUILD FAILED: CoalCut]
    OBS: year=0 month=6 season=1 money=318 credit=0 people=28 busy=0 free=28 home_places=130 need_workers=20 tax_due=0 main_tax_due=0 tax_amount=7206 main_tax_amount=0 days_alive=100 stage=0 res0=0 res1=0 res2=0 res3=0 res4=0 res5=0 res6=0 res7=0 res8=0 Farm=1 House=1 SmallHouse=1 CowFarm=1 Apiary=1 | nw=1531153.9183
  s=   82 a= 40(MANAGER:6) r= -0.3260 cum=   -100.03 v= -1.0450 top5=[a9=0.036, a15=0.036, a14=0.034, a44=0.032, a24=0.030]
    OBS: year=0 month=6 season=1 money=318 credit=0 people=28 busy=0 free=28 home_places=130 need_workers=20 tax_due=0 main_tax_due=0 tax_amount=7206 main_tax_amount=0 days_alive=101 stage=0 res0=0 res1=0 res2=0 res3=0 res4=0 res5=0 res6=0 res7=0 res8=0 Farm=1 House=1 SmallHouse=1 CowFarm=1 Apiary=1 | nw=1531135.8156
  s=   83 a= 15(BUILD:Fish) r= -0.3262 cum=   -100.35 v= -0.9885 top5=[a9=0.036, a15=0.035, a14=0.034, a44=0.032, a24=0.030] [BUILD: Fish]
    OBS: year=0 month=6 season=1 money=318 credit=0 people=28 busy=0 free=28 home_places=130 need_workers=20 tax_due=0 main_tax_due=0 tax_amount=7206 main_tax_amount=0 days_alive=102 stage=0 res0=0 res1=0 res2=0 res3=0 res4=0 res5=0 res6=0 res7=0 res8=0 Farm=1 House=1 SmallHouse=1 CowFarm=1 Apiary=1 | nw=1531117.7129
  s=   84 a= 21(BUILD:BigFarm) r= -4.7256 cum=   -105.08 v= -0.9360 top5=[a9=0.036, a15=0.035, a14=0.034, a44=0.032, a24=0.030] [BUILD FAILED: BigFarm]
    OBS: year=0 month=6 season=1 money=318 credit=0 people=28 busy=0 free=28 home_places=130 need_workers=20 tax_due=0 main_tax_due=0 tax_amount=7206 main_tax_amount=0 days_alive=103 stage=0 res0=0 res1=0 res2=0 res3=0 res4=0 res5=0 res6=0 res7=0 res8=0 Farm=1 House=1 SmallHouse=1 CowFarm=1 Apiary=1 | nw=1531099.6102
  s=   85 a= 20(BUILD:BigHouse) r= -0.3248 cum=   -105.40 v= -0.9117 top5=[a9=0.036, a15=0.035, a14=0.034, a44=0.032, a24=0.030] [BUILD: BigHouse]
    OBS: year=0 month=6 season=1 money=318 credit=0 people=28 busy=0 free=28 home_places=130 need_workers=20 tax_due=0 main_tax_due=0 tax_amount=7206 main_tax_amount=0 days_alive=104 stage=0 res0=0 res1=0 res2=0 res3=0 res4=0 res5=0 res6=0 res7=0 res8=0 Farm=1 House=1 SmallHouse=1 CowFarm=1 Apiary=1 | nw=1531082.0432
  s=   86 a= 19(BUILD:Mushroom) r= -0.3262 cum=   -105.73 v= -0.8941 top5=[a9=0.036, a15=0.035, a14=0.034, a44=0.032, a24=0.030] [BUILD: Mushroom]
    OBS: year=0 month=6 season=1 money=318 credit=0 people=28 busy=0 free=28 home_places=130 need_workers=20 tax_due=0 main_tax_due=0 tax_amount=7206 main_tax_amount=0 days_alive=105 stage=0 res0=0 res1=0 res2=0 res3=0 res4=0 res5=0 res6=0 res7=0 res8=0 Farm=1 House=1 SmallHouse=1 CowFarm=1 Apiary=1 | nw=1531063.9405
  s=   87 a= 27(BUILD:WaterMill) r= -4.7260 cum=   -110.46 v= -0.8775 top5=[a9=0.036, a15=0.035, a14=0.033, a44=0.032, a24=0.030] [BUILD FAILED: WaterMill]
    OBS: year=0 month=6 season=1 money=318 credit=0 people=28 busy=0 free=28 home_places=130 need_workers=20 tax_due=0 main_tax_due=0 tax_amount=7206 main_tax_amount=0 days_alive=106 stage=0 res0=0 res1=0 res2=0 res3=0 res4=0 res5=0 res6=0 res7=0 res8=0 Farm=1 House=1 SmallHouse=1 CowFarm=1 Apiary=1 | nw=1531045.8378
  s=   88 a= 23(BUILD:Torchlight) r= -0.3215 cum=   -110.78 v= -0.8594 top5=[a9=0.035, a15=0.035, a14=0.033, a44=0.031, a24=0.030] [BUILD: Torchlight]
    OBS: year=0 month=6 season=1 money=318 credit=0 people=28 busy=0 free=28 home_places=130 need_workers=20 tax_due=0 main_tax_due=0 tax_amount=7206 main_tax_amount=0 days_alive=107 stage=0 res0=0 res1=0 res2=0 res3=0 res4=0 res5=0 res6=0 res7=0 res8=0 Farm=1 House=1 SmallHouse=1 CowFarm=1 Apiary=1 | nw=1531029.6688
  s=   89 a= 21(BUILD:BigFarm) r= -0.1540 cum=   -110.93 v= -0.8379 top5=[a9=0.035, a15=0.034, a14=0.033, a44=0.031, a24=0.031] [BUILD: BigFarm]
    OBS: year=0 month=6 season=1 money=318 credit=0 people=28 busy=0 free=28 home_places=130 need_workers=20 tax_due=0 main_tax_due=0 tax_amount=7206 main_tax_amount=0 days_alive=108 stage=0 res0=0 res1=0 res2=0 res3=0 res4=0 res5=0 res6=0 res7=0 res8=0 Farm=1 House=1 SmallHouse=1 CowFarm=1 Apiary=1 | nw=1531011.5661
  s=   90 a= 31(BUILD:AirStation) r= -4.7260 cum=   -115.66 v= -0.8112 top5=[a9=0.035, a15=0.034, a14=0.033, a44=0.031, a24=0.031] [BUILD FAILED: AirStation]
    OBS: year=0 month=6 season=1 money=318 credit=0 people=28 busy=0 free=28 home_places=130 need_workers=20 tax_due=0 main_tax_due=0 tax_amount=7206 main_tax_amount=0 days_alive=109 stage=0 res0=0 res1=0 res2=0 res3=0 res4=0 res5=0 res6=0 res7=0 res8=0 Farm=1 House=1 SmallHouse=1 CowFarm=1 Apiary=1 | nw=1530993.9990
  s=   91 a= 16(BUILD:CoalCut) r= -0.3261 cum=   -115.98 v= -0.7771 top5=[a9=0.035, a15=0.034, a14=0.033, a44=0.031, a24=0.031] [BUILD: CoalCut]
    OBS: year=0 month=6 season=1 money=318 credit=0 people=28 busy=0 free=28 home_places=130 need_workers=20 tax_due=0 main_tax_due=0 tax_amount=7206 main_tax_amount=0 days_alive=110 stage=0 res0=0 res1=0 res2=0 res3=0 res4=0 res5=0 res6=0 res7=0 res8=0 Farm=1 House=1 SmallHouse=1 CowFarm=1 Apiary=1 | nw=1530975.8963
  s=   92 a= 11(BUILD:Goldmine) r= -0.3262 cum=   -116.31 v= -0.7449 top5=[a9=0.035, a15=0.034, a14=0.033, a44=0.031, a24=0.031] [BUILD: Goldmine]
    OBS: year=0 month=6 season=1 money=318 credit=0 people=28 busy=0 free=28 home_places=130 need_workers=20 tax_due=0 main_tax_due=0 tax_amount=7206 main_tax_amount=0 days_alive=111 stage=0 res0=0 res1=0 res2=0 res3=0 res4=0 res5=0 res6=0 res7=0 res8=0 Farm=1 House=1 SmallHouse=1 CowFarm=1 Apiary=1 | nw=1530957.7936
  s=   93 a= 44(MANAGER:10) r= -4.3438 cum=   -120.65 v= -0.7203 top5=[a9=0.035, a15=0.034, a14=0.032, a44=0.031, a24=0.031]
    OBS: year=0 month=6 season=1 money=318 credit=0 people=28 busy=0 free=28 home_places=130 need_workers=20 tax_due=0 main_tax_due=0 tax_amount=7206 main_tax_amount=0 days_alive=112 stage=0 res0=0 res1=0 res2=0 res3=0 res4=0 res5=0 res6=0 res7=0 res8=0 Farm=1 House=1 SmallHouse=1 CowFarm=1 Apiary=1 | nw=1530939.6909
  s=   94 a= 35(MANAGER:1) r= +0.2367 cum=   -120.42 v= -0.6963 top5=[a9=0.035, a15=0.034, a14=0.032, a44=0.031, a24=0.031]
    OBS: year=0 month=6 season=1 money=277 credit=0 people=28 busy=0 free=28 home_places=130 need_workers=20 tax_due=0 main_tax_due=0 tax_amount=7206 main_tax_amount=0 days_alive=113 stage=0 res0=0 res1=0 res2=0 res3=0 res4=0 res5=0 res6=0 res7=0 res8=0 Farm=1 House=1 SmallHouse=1 CowFarm=1 Apiary=1 | nw=1530959.8709
  s=   95 a= 42(MANAGER:8) r= -0.2084 cum=   -120.63 v= -0.6728 top5=[a9=0.035, a15=0.034, a14=0.032, a44=0.031, a24=0.031]
    OBS: year=0 month=6 season=1 money=50277 credit=50100 people=28 busy=0 free=28 home_places=130 need_workers=20 tax_due=0 main_tax_due=0 tax_amount=7206 main_tax_amount=0 days_alive=114 stage=0 res0=0 res1=0 res2=0 res3=0 res4=0 res5=0 res6=0 res7=0 res8=0 Farm=1 House=1 SmallHouse=1 CowFarm=1 Apiary=1 | nw=1530841.7682
  s=   96 a= 36(MANAGER:2) r= -4.7267 cum=   -125.35 v= -7.4195 top5=[a9=0.034, a24=0.033, a14=0.032, a15=0.031, a44=0.031]
    OBS: year=0 month=6 season=1 money=50030 credit=50200 people=28 busy=0 free=28 home_places=130 need_workers=20 tax_due=0 main_tax_due=0 tax_amount=7206 main_tax_amount=0 days_alive=115 stage=0 res0=0 res1=0 res2=0 res3=0 res4=0 res5=0 res6=0 res7=0 res8=0 Farm=1 House=1 SmallHouse=1 CowFarm=1 Apiary=1 | nw=1530766.2861
  s=   97 a= 11(BUILD:Goldmine) r= -0.6811 cum=   -126.03 v= -7.3906 top5=[a9=0.034, a24=0.033, a14=0.032, a15=0.031, a44=0.031] [BUILD: Goldmine]
    OBS: year=0 month=6 season=1 money=50030 credit=50300 people=28 busy=0 free=28 home_places=130 need_workers=20 tax_due=0 main_tax_due=0 tax_amount=7206 main_tax_amount=0 days_alive=116 stage=0 res0=0 res1=0 res2=0 res3=0 res4=0 res5=0 res6=0 res7=0 res8=0 Farm=1 House=1 SmallHouse=1 CowFarm=1 Apiary=1 | nw=1530648.1834
  s=   98 a= 41(MANAGER:7) r= -1.1543 cum=   -127.19 v= -7.3955 top5=[a9=0.034, a24=0.033, a14=0.032, a15=0.031, a44=0.031]
    OBS: year=0 month=6 season=1 money=49230 credit=50400 people=28 busy=0 free=28 home_places=130 need_workers=20 tax_due=0 main_tax_due=0 tax_amount=7214 main_tax_amount=0 days_alive=117 stage=0 res0=0 res1=400 res2=0 res3=0 res4=0 res5=0 res6=0 res7=0 res8=0 Farm=1 House=1 SmallHouse=1 CowFarm=1 Apiary=1 | nw=1530130.0807
  s=   99 a=  9(BUILD:Ironmine) r= -4.7290 cum=   -131.92 v= -7.6839 top5=[a24=0.034, a44=0.032, a9=0.029, a14=0.029, a15=0.029] [BUILD FAILED: Ironmine]
    OBS: year=0 month=6 season=1 money=49230 credit=50500 people=28 busy=0 free=28 home_places=130 need_workers=20 tax_due=0 main_tax_due=0 tax_amount=7214 main_tax_amount=0 days_alive=118 stage=0 res0=0 res1=400 res2=0 res3=0 res4=0 res5=0 res6=0 res7=0 res8=0 Farm=1 House=1 SmallHouse=1 CowFarm=1 Apiary=1 | nw=1530011.9780
  s=  100 a=  3(BUILD:Farm) r= +1.1391 cum=   -130.78 v= -7.6529 top5=[a24=0.035, a44=0.032, a9=0.029, a14=0.029, a15=0.028] [BUILD: Farm]
    OBS: year=0 month=6 season=1 money=41590 credit=50601 people=28 busy=0 free=28 home_places=130 need_workers=20 tax_due=0 main_tax_due=0 tax_amount=7634 main_tax_amount=0 days_alive=119 stage=0 res0=0 res1=400 res2=0 res3=0 res4=0 res5=0 res6=0 res7=0 res8=0 Farm=1 Garden=1 House=1 SmallHouse=1 CowFarm=1 Apiary=1 | nw=1529896.9964
  s=  101 a= 32(BUILD:SmallAtomStation) r= -0.6843 cum=   -131.46 v= -7.8625 top5=[a24=0.033, a44=0.030, a9=0.029, a3=0.028, a6=0.028] [BUILD: SmallAtomStation]
    OBS: year=0 month=6 season=1 money=41590 credit=50702 people=28 busy=0 free=28 home_places=130 need_workers=20 tax_due=0 main_tax_due=0 tax_amount=7634 main_tax_amount=0 days_alive=120 stage=0 res0=0 res1=400 res2=0 res3=0 res4=0 res5=0 res6=0 res7=0 res8=0 Farm=1 Garden=1 House=1 SmallHouse=1 CowFarm=1 Apiary=1 | nw=1529777.8937
  s=  102 a= 17(BUILD:HuntingLand) r= -4.7253 cum=   -136.19 v= -7.8646 top5=[a24=0.033, a44=0.031, a9=0.029, a6=0.028, a3=0.028] [BUILD FAILED: HuntingLand]
    OBS: year=0 month=6 season=1 money=41590 credit=50803 people=28 busy=0 free=28 home_places=130 need_workers=20 tax_due=0 main_tax_due=0 tax_amount=7634 main_tax_amount=0 days_alive=121 stage=0 res0=0 res1=400 res2=0 res3=0 res4=0 res5=0 res6=0 res7=0 res8=0 Farm=1 Garden=1 House=1 SmallHouse=1 CowFarm=1 Apiary=1 | nw=1529658.7910
  s=  103 a= 19(BUILD:Mushroom) r= -0.6834 cum=   -136.87 v= -7.8718 top5=[a24=0.033, a44=0.031, a9=0.029, a6=0.028, a3=0.028] [BUILD: Mushroom]
    OBS: year=0 month=7 season=1 money=41590 credit=50904 people=28 busy=0 free=28 home_places=130 need_workers=20 tax_due=0 main_tax_due=0 tax_amount=7634 main_tax_amount=0 days_alive=122 stage=0 res0=0 res1=400 res2=0 res3=0 res4=0 res5=0 res6=0 res7=0 res8=0 Farm=1 Garden=1 House=1 SmallHouse=1 CowFarm=1 Apiary=1 | nw=1529540.2240
  s=  104 a=  4(BUILD:Garden) r= -0.5130 cum=   -137.38 v= -9.3292 top5=[a24=0.031, a15=0.031, a9=0.030, a44=0.029, a3=0.029] [BUILD: Garden]
    OBS: year=0 month=7 season=1 money=41590 credit=51005 people=28 busy=0 free=28 home_places=130 need_workers=20 tax_due=0 main_tax_due=0 tax_amount=7634 main_tax_amount=0 days_alive=123 stage=0 res0=0 res1=400 res2=0 res3=0 res4=0 res5=0 res6=0 res7=0 res8=0 Farm=1 Garden=1 House=1 SmallHouse=1 CowFarm=1 Apiary=1 | nw=1529421.1213
  s=  105 a= 44(MANAGER:10) r= -4.7059 cum=   -142.09 v= -9.2023 top5=[a24=0.031, a15=0.031, a9=0.029, a44=0.029, a3=0.029]
    OBS: year=0 month=7 season=1 money=41590 credit=51107 people=28 busy=0 free=28 home_places=130 need_workers=20 tax_due=0 main_tax_due=0 tax_amount=7634 main_tax_amount=0 days_alive=124 stage=0 res0=0 res1=400 res2=0 res3=0 res4=0 res5=0 res6=0 res7=0 res8=0 Farm=1 Garden=1 House=1 SmallHouse=1 CowFarm=1 Apiary=1 | nw=1529301.0186
  s=  106 a= 11(BUILD:Goldmine) r= -0.6880 cum=   -142.78 v= -9.0791 top5=[a24=0.031, a15=0.031, a9=0.029, a44=0.029, a3=0.029] [BUILD: Goldmine]
    OBS: year=0 month=7 season=1 money=41590 credit=51209 people=28 busy=0 free=28 home_places=130 need_workers=20 tax_due=0 main_tax_due=0 tax_amount=7634 main_tax_amount=0 days_alive=125 stage=0 res0=0 res1=400 res2=0 res3=0 res4=0 res5=0 res6=0 res7=0 res8=0 Farm=1 Garden=1 House=1 SmallHouse=1 CowFarm=1 Apiary=1 | nw=1529180.9159
  s=  107 a= 22(BUILD:Apiary) r= +1.6781 cum=   -141.10 v= -8.9585 top5=[a24=0.031, a15=0.030, a9=0.029, a44=0.029, a3=0.029] [BUILD: Apiary]
    OBS: year=0 month=7 season=1 money=32205 credit=51311 people=28 busy=0 free=28 home_places=130 need_workers=20 tax_due=0 main_tax_due=0 tax_amount=8054 main_tax_amount=0 days_alive=126 stage=0 res0=0 res1=400 res2=0 res3=0 res4=0 res5=0 res6=0 res7=0 res8=0 Farm=1 Garden=1 House=1 SmallHouse=1 CowFarm=1 Apiary=2 | nw=1529060.8132
  s=  108 a= 37(MANAGER:3) r= -4.7207 cum=   -145.82 v= -8.2922 top5=[a9=0.031, a15=0.030, a22=0.030, a14=0.029, a44=0.029]
    OBS: year=0 month=7 season=1 money=33143 credit=51413 people=28 busy=0 free=28 home_places=130 need_workers=15 tax_due=0 main_tax_due=0 tax_amount=7634 main_tax_amount=0 days_alive=127 stage=0 res0=0 res1=400 res2=0 res3=0 res4=0 res5=0 res6=0 res7=0 res8=0 Farm=1 Garden=1 House=1 SmallHouse=1 CowFarm=1 Apiary=1 | nw=1520543.9873
  s=  109 a= 36(MANAGER:2) r= -4.7174 cum=   -150.54 v= -7.8616 top5=[a14=0.031, a3=0.031, a9=0.030, a24=0.030, a15=0.029]
    OBS: year=0 month=7 season=1 money=33017 credit=51515 people=28 busy=0 free=28 home_places=130 need_workers=15 tax_due=0 main_tax_due=0 tax_amount=7634 main_tax_amount=0 days_alive=128 stage=0 res0=0 res1=400 res2=0 res3=0 res4=0 res5=0 res6=0 res7=0 res8=0 Farm=1 Garden=1 House=1 SmallHouse=1 CowFarm=1 Apiary=1 | nw=1520449.0081
  s=  110 a= 42(MANAGER:8) r= -0.5632 cum=   -151.10 v= -7.7391 top5=[a3=0.031, a14=0.031, a9=0.030, a24=0.030, a15=0.029]
    OBS: year=0 month=7 season=1 money=83017 credit=101718 people=28 busy=0 free=28 home_places=130 need_workers=15 tax_due=0 main_tax_due=0 tax_amount=7634 main_tax_amount=0 days_alive=129 stage=0 res0=0 res1=400 res2=0 res3=0 res4=0 res5=0 res6=0 res7=0 res8=0 Farm=1 Garden=1 House=1 SmallHouse=1 CowFarm=1 Apiary=1 | nw=1520231.7729
  s=  111 a= 43(MANAGER:9) r= -0.2100 cum=   -151.31 v=-13.6033 top5=[a24=0.034, a14=0.031, a3=0.030, a44=0.029, a22=0.028]
    OBS: year=0 month=7 season=1 money=33017 credit=51821 people=28 busy=0 free=28 home_places=130 need_workers=15 tax_due=0 main_tax_due=0 tax_amount=7634 main_tax_amount=0 days_alive=130 stage=0 res0=0 res1=400 res2=0 res3=0 res4=0 res5=0 res6=0 res7=0 res8=0 Farm=1 Garden=1 House=1 SmallHouse=1 CowFarm=1 Apiary=1 | nw=1520114.5376
  s=  112 a= 32(BUILD:SmallAtomStation) r= -4.7181 cum=   -156.03 v= -7.5812 top5=[a3=0.031, a14=0.031, a9=0.030, a24=0.030, a15=0.028] [BUILD FAILED: SmallAtomStation]
    OBS: year=0 month=7 season=1 money=33017 credit=51924 people=28 busy=0 free=28 home_places=130 need_workers=15 tax_due=0 main_tax_due=0 tax_amount=7634 main_tax_amount=0 days_alive=131 stage=0 res0=0 res1=400 res2=0 res3=0 res4=0 res5=0 res6=0 res7=0 res8=0 Farm=1 Garden=1 House=1 SmallHouse=1 CowFarm=1 Apiary=1 | nw=1519997.3024
  s=  113 a= 27(BUILD:WaterMill) r= -0.6819 cum=   -156.71 v= -7.5719 top5=[a3=0.031, a14=0.031, a9=0.030, a24=0.030, a15=0.028] [BUILD: WaterMill]
    OBS: year=0 month=7 season=1 money=33017 credit=52027 people=28 busy=0 free=28 home_places=130 need_workers=15 tax_due=0 main_tax_due=0 tax_amount=7634 main_tax_amount=0 days_alive=132 stage=0 res0=0 res1=400 res2=0 res3=0 res4=0 res5=0 res6=0 res7=0 res8=0 Farm=1 Garden=1 House=1 SmallHouse=1 CowFarm=1 Apiary=1 | nw=1519880.0671
  s=  114 a= 19(BUILD:Mushroom) r= -0.6849 cum=   -157.40 v= -7.5523 top5=[a3=0.031, a14=0.031, a9=0.030, a24=0.030, a15=0.028] [BUILD: Mushroom]
    OBS: year=0 month=7 season=1 money=33017 credit=52131 people=28 busy=0 free=28 home_places=130 need_workers=15 tax_due=0 main_tax_due=0 tax_amount=7634 main_tax_amount=0 days_alive=133 stage=0 res0=0 res1=400 res2=0 res3=0 res4=0 res5=0 res6=0 res7=0 res8=0 Farm=1 Garden=1 House=1 SmallHouse=1 CowFarm=1 Apiary=1 | nw=1519761.8319
  s=  115 a= 38(MANAGER:4) r= -4.7198 cum=   -162.12 v= -7.5233 top5=[a3=0.031, a14=0.031, a9=0.030, a24=0.030, a15=0.028]
    OBS: year=0 month=7 season=1 money=33017 credit=52235 people=28 busy=0 free=28 home_places=130 need_workers=15 tax_due=0 main_tax_due=0 tax_amount=7634 main_tax_amount=0 days_alive=134 stage=0 res0=0 res1=400 res2=0 res3=0 res4=0 res5=0 res6=0 res7=0 res8=0 Farm=1 Garden=1 House=1 SmallHouse=1 CowFarm=1 Apiary=1 | nw=1519649.4188
  s=  116 a= 35(MANAGER:1) r= -0.6853 cum=   -162.80 v= -7.4985 top5=[a3=0.031, a14=0.031, a9=0.030, a24=0.030, a15=0.028]
    OBS: year=0 month=7 season=1 money=33017 credit=52339 people=28 busy=0 free=28 home_places=130 need_workers=15 tax_due=0 main_tax_due=0 tax_amount=7634 main_tax_amount=0 days_alive=135 stage=0 res0=0 res1=400 res2=0 res3=0 res4=0 res5=0 res6=0 res7=0 res8=0 Farm=1 Garden=1 House=1 SmallHouse=1 CowFarm=1 Apiary=1 | nw=1519531.1836
  s=  117 a= 25(BUILD:SuperHouse) r= -0.6859 cum=   -163.49 v= -7.4763 top5=[a3=0.032, a14=0.031, a9=0.030, a24=0.030, a15=0.028] [BUILD: SuperHouse]
    OBS: year=0 month=7 season=1 money=33017 credit=52443 people=28 busy=0 free=28 home_places=130 need_workers=15 tax_due=0 main_tax_due=0 tax_amount=7634 main_tax_amount=0 days_alive=136 stage=0 res0=0 res1=400 res2=0 res3=0 res4=0 res5=0 res6=0 res7=0 res8=0 Farm=1 Garden=1 House=1 SmallHouse=1 CowFarm=1 Apiary=1 | nw=1519412.9483
  s=  118 a=  5(BUILD:House) r= -4.7215 cum=   -168.21 v= -7.4561 top5=[a3=0.032, a14=0.031, a9=0.030, a24=0.030, a15=0.027] [BUILD FAILED: House]
    OBS: year=0 month=7 season=1 money=33017 credit=52547 people=28 busy=0 free=28 home_places=130 need_workers=15 tax_due=0 main_tax_due=0 tax_amount=7634 main_tax_amount=0 days_alive=137 stage=0 res0=0 res1=400 res2=0 res3=0 res4=0 res5=0 res6=0 res7=0 res8=0 Farm=1 Garden=1 House=1 SmallHouse=1 CowFarm=1 Apiary=1 | nw=1519294.7131
  s=  119 a= 24(BUILD:Hothouse) r= +1.3810 cum=   -166.83 v= -7.4522 top5=[a3=0.032, a14=0.031, a9=0.030, a24=0.030, a15=0.027] [BUILD: Hothouse]
    OBS: year=0 month=7 season=1 money=16427 credit=52652 people=28 busy=0 free=28 home_places=130 need_workers=17 tax_due=0 main_tax_due=0 tax_amount=8054 main_tax_amount=0 days_alive=138 stage=0 res0=0 res1=400 res2=0 res3=0 res4=0 res5=0 res6=0 res7=0 res8=0 Farm=1 Garden=1 House=1 SmallHouse=1 CowFarm=1 Apiary=1 Hothouse=1 | nw=1519179.5989
  s=  120 a= 35(MANAGER:1) r= -0.6806 cum=   -167.51 v= -7.0566 top5=[a9=0.031, a14=0.031, a3=0.029, a44=0.028, a22=0.028]
    OBS: year=0 month=7 season=1 money=16427 credit=52757 people=28 busy=0 free=28 home_places=130 need_workers=17 tax_due=0 main_tax_due=0 tax_amount=8054 main_tax_amount=0 days_alive=139 stage=0 res0=0 res1=400 res2=0 res3=0 res4=0 res5=0 res6=0 res7=0 res8=0 Farm=1 Garden=1 House=1 SmallHouse=1 CowFarm=1 Apiary=1 Hothouse=1 | nw=1519063.6103
  s=  121 a= 19(BUILD:Mushroom) r= -4.7170 cum=   -172.23 v= -6.9741 top5=[a14=0.032, a9=0.032, a44=0.031, a3=0.029, a22=0.028] [BUILD FAILED: Mushroom]
    OBS: year=0 month=7 season=1 money=16427 credit=52862 people=28 busy=0 free=28 home_places=130 need_workers=17 tax_due=0 main_tax_due=0 tax_amount=8054 main_tax_amount=0 days_alive=140 stage=0 res0=0 res1=400 res2=0 res3=0 res4=0 res5=0 res6=0 res7=0 res8=0 Farm=1 Garden=1 House=1 SmallHouse=1 CowFarm=1 Apiary=1 Hothouse=1 | nw=1518943.5005
  s=  122 a= 10(BUILD:Refinery) r= -0.6908 cum=   -172.92 v= -6.9037 top5=[a14=0.032, a9=0.032, a44=0.031, a3=0.029, a6=0.028] [BUILD: Refinery]
    OBS: year=0 month=7 season=1 money=16427 credit=52967 people=28 busy=0 free=28 home_places=130 need_workers=17 tax_due=0 main_tax_due=0 tax_amount=8054 main_tax_amount=0 days_alive=141 stage=0 res0=0 res1=400 res2=0 res3=0 res4=0 res5=0 res6=0 res7=0 res8=0 Farm=1 Garden=1 House=1 SmallHouse=1 CowFarm=1 Apiary=1 Hothouse=1 | nw=1518823.3907
  s=  123 a= 38(MANAGER:4) r= -0.6914 cum=   -173.61 v= -6.8417 top5=[a14=0.032, a9=0.032, a44=0.031, a3=0.029, a6=0.028]
    OBS: year=0 month=7 season=1 money=16427 credit=53072 people=28 busy=0 free=28 home_places=130 need_workers=17 tax_due=0 main_tax_due=0 tax_amount=8054 main_tax_amount=0 days_alive=142 stage=0 res0=0 res1=400 res2=0 res3=0 res4=0 res5=0 res6=0 res7=0 res8=0 Farm=1 Garden=1 House=1 SmallHouse=1 CowFarm=1 Apiary=1 Hothouse=1 | nw=1518703.2809
  s=  124 a= 16(BUILD:CoalCut) r= -4.7187 cum=   -178.33 v= -6.8057 top5=[a14=0.032, a9=0.032, a44=0.031, a3=0.029, a6=0.028] [BUILD FAILED: CoalCut]
    OBS: year=0 month=7 season=1 money=16427 credit=53178 people=28 busy=0 free=28 home_places=130 need_workers=17 tax_due=0 main_tax_due=0 tax_amount=8054 main_tax_amount=0 days_alive=143 stage=0 res0=0 res1=400 res2=0 res3=0 res4=0 res5=0 res6=0 res7=0 res8=0 Farm=1 Garden=1 House=1 SmallHouse=1 CowFarm=1 Apiary=1 Hothouse=1 | nw=1518582.1711
  s=  125 a= 41(MANAGER:7) r= -0.6941 cum=   -179.02 v= -6.7710 top5=[a14=0.032, a9=0.032, a44=0.031, a6=0.029, a3=0.028]
    OBS: year=0 month=7 season=1 money=16427 credit=53284 people=28 busy=0 free=28 home_places=130 need_workers=17 tax_due=0 main_tax_due=0 tax_amount=8054 main_tax_amount=0 days_alive=144 stage=0 res0=0 res1=400 res2=0 res3=0 res4=0 res5=0 res6=0 res7=0 res8=0 Farm=1 Garden=1 House=1 SmallHouse=1 CowFarm=1 Apiary=1 Hothouse=1 | nw=1518461.0613
  s=  126 a= 44(MANAGER:10) r= +0.0130 cum=   -179.01 v= -6.7483 top5=[a14=0.032, a9=0.031, a44=0.031, a6=0.029, a3=0.028]
    OBS: year=0 month=7 season=1 money=16427 credit=53390 people=28 busy=0 free=28 home_places=130 need_workers=17 tax_due=0 main_tax_due=0 tax_amount=8054 main_tax_amount=0 days_alive=145 stage=0 res0=0 res1=400 res2=0 res3=0 res4=0 res5=0 res6=0 res7=0 res8=0 Farm=1 Garden=1 House=1 SmallHouse=1 CowFarm=1 Apiary=1 Hothouse=1 | nw=1518339.9515
  s=  127 a= 40(MANAGER:6) r= -4.7190 cum=   -183.73 v= -6.7425 top5=[a14=0.032, a9=0.031, a44=0.031, a6=0.029, a3=0.028]
    OBS: year=0 month=7 season=1 money=16627 credit=53496 people=28 busy=0 free=28 home_places=130 need_workers=17 tax_due=0 main_tax_due=0 tax_amount=8058 main_tax_amount=0 days_alive=146 stage=0 res0=0 res1=200 res2=0 res3=0 res4=0 res5=0 res6=0 res7=0 res8=0 Farm=1 Garden=1 House=1 SmallHouse=1 CowFarm=1 Apiary=1 Hothouse=1 | nw=1518218.8417
  s=  128 a=  6(BUILD:SmallHouse) r= -0.6931 cum=   -184.42 v= -6.7407 top5=[a14=0.032, a9=0.031, a44=0.031, a6=0.029, a24=0.028] [BUILD: SmallHouse]
    OBS: year=0 month=7 season=1 money=16627 credit=53602 people=28 busy=0 free=28 home_places=130 need_workers=17 tax_due=0 main_tax_due=0 tax_amount=8058 main_tax_amount=0 days_alive=147 stage=0 res0=0 res1=200 res2=0 res3=0 res4=0 res5=0 res6=0 res7=0 res8=0 Farm=1 Garden=1 House=1 SmallHouse=1 CowFarm=1 Apiary=1 Hothouse=1 | nw=1518098.4917
  s=  129 a= 14(BUILD:Road) r= +0.2130 cum=   -184.21 v= -6.7372 top5=[a14=0.032, a44=0.031, a9=0.031, a6=0.029, a24=0.028] [BUILD: Road]
    OBS: year=0 month=7 season=1 money=10727 credit=53709 people=28 busy=0 free=28 home_places=130 need_workers=17 tax_due=0 main_tax_due=0 tax_amount=8478 main_tax_amount=0 days_alive=148 stage=0 res0=0 res1=200 res2=0 res3=0 res4=0 res5=0 res6=0 res7=0 res8=0 Farm=1 Garden=1 House=1 SmallHouse=2 CowFarm=1 Apiary=1 Hothouse=1 | nw=1517980.5031
  s=  130 a= 39(MANAGER:5) r= -0.6982 cum=   -184.90 v= -6.6872 top5=[a14=0.033, a44=0.033, a9=0.032, a6=0.030, a22=0.029]
    OBS: year=0 month=7 season=1 money=10727 credit=53816 people=28 busy=0 free=28 home_places=130 need_workers=17 tax_due=0 main_tax_due=0 tax_amount=8478 main_tax_amount=0 days_alive=149 stage=0 res0=0 res1=200 res2=0 res3=0 res4=0 res5=0 res6=0 res7=0 res8=0 Farm=1 Garden=1 House=1 SmallHouse=2 CowFarm=1 Apiary=1 Hothouse=1 | nw=1517858.3933
  s=  131 a= 29(BUILD:Puerperal) r= -4.7212 cum=   -189.63 v= -6.7415 top5=[a44=0.033, a14=0.033, a9=0.032, a6=0.030, a22=0.029] [BUILD FAILED: Puerperal]
    OBS: year=0 month=7 season=1 money=10727 credit=53923 people=28 busy=0 free=28 home_places=130 need_workers=17 tax_due=0 main_tax_due=0 tax_amount=8478 main_tax_amount=0 days_alive=150 stage=0 res0=0 res1=200 res2=0 res3=0 res4=0 res5=0 res6=0 res7=0 res8=0 Farm=1 Garden=1 House=1 SmallHouse=2 CowFarm=1 Apiary=1 Hothouse=1 | nw=1517736.2835
  s=  132 a=  3(BUILD:Farm) r= +2.5187 cum=   -187.11 v= -6.5107 top5=[a44=0.033, a9=0.032, a14=0.031, a6=0.029, a24=0.028] [BUILD: Farm]
    OBS: year=0 month=7 season=1 money=3087 credit=54030 people=28 busy=0 free=28 home_places=130 need_workers=22 tax_due=0 main_tax_due=0 tax_amount=8898 main_tax_amount=0 days_alive=151 stage=0 res0=0 res1=200 res2=0 res3=0 res4=0 res5=0 res6=0 res7=0 res8=0 Farm=1 Garden=2 House=1 SmallHouse=2 CowFarm=1 Apiary=1 Hothouse=1 | nw=1517610.3062
  s=  133 a=  8(BUILD:Coalmine) r= -0.7079 cum=   -187.82 v= -8.9881 top5=[a44=0.035, a41=0.029, a9=0.029, a14=0.029, a6=0.029] [BUILD: Coalmine]
    OBS: year=0 month=7 season=1 money=3087 credit=54138 people=28 busy=0 free=28 home_places=130 need_workers=22 tax_due=0 main_tax_due=0 tax_amount=8898 main_tax_amount=0 days_alive=152 stage=0 res0=0 res1=200 res2=0 res3=0 res4=0 res5=0 res6=0 res7=0 res8=0 Farm=1 Garden=2 House=1 SmallHouse=2 CowFarm=1 Apiary=1 Hothouse=1 | nw=1517483.7663
  s=  134 a= 17(BUILD:HuntingLand) r= -4.7108 cum=   -192.53 v= -9.0281 top5=[a44=0.035, a41=0.029, a9=0.029, a14=0.029, a6=0.029] [BUILD FAILED: HuntingLand]
    OBS: year=0 month=8 season=1 money=3087 credit=54246 people=28 busy=0 free=28 home_places=130 need_workers=22 tax_due=0 main_tax_due=0 tax_amount=8898 main_tax_amount=0 days_alive=153 stage=0 res0=0 res1=200 res2=0 res3=0 res4=0 res5=0 res6=0 res7=0 res8=0 Farm=1 Garden=2 House=1 SmallHouse=2 CowFarm=1 Apiary=1 Hothouse=1 | nw=1517356.7890
  s=  135 a= 19(BUILD:Mushroom) r= -0.7080 cum=   -193.23 v= -9.6597 top5=[a44=0.032, a14=0.031, a22=0.031, a9=0.031, a2=0.030] [BUILD: Mushroom]
    OBS: year=0 month=8 season=1 money=3087 credit=54354 people=28 busy=0 free=28 home_places=130 need_workers=22 tax_due=0 main_tax_due=0 tax_amount=8898 main_tax_amount=0 days_alive=154 stage=0 res0=0 res1=200 res2=0 res3=0 res4=0 res5=0 res6=0 res7=0 res8=0 Farm=1 Garden=2 House=1 SmallHouse=2 CowFarm=1 Apiary=1 Hothouse=1 | nw=1517230.3474
  s=  136 a= 24(BUILD:Hothouse) r= -0.7099 cum=   -193.94 v= -9.5760 top5=[a44=0.032, a14=0.031, a22=0.031, a9=0.031, a2=0.030] [BUILD: Hothouse]
    OBS: year=0 month=8 season=1 money=3087 credit=54462 people=28 busy=0 free=28 home_places=130 need_workers=22 tax_due=0 main_tax_due=0 tax_amount=8898 main_tax_amount=0 days_alive=155 stage=0 res0=0 res1=200 res2=0 res3=0 res4=0 res5=0 res6=0 res7=0 res8=0 Farm=1 Garden=2 House=1 SmallHouse=2 CowFarm=1 Apiary=1 Hothouse=1 | nw=1517103.3702
  s=  137 a= 10(BUILD:Refinery) r= -4.7126 cum=   -198.66 v= -9.6582 top5=[a44=0.032, a14=0.031, a22=0.031, a9=0.030, a2=0.030] [BUILD FAILED: Refinery]
    OBS: year=0 month=8 season=1 money=3087 credit=54570 people=28 busy=0 free=28 home_places=130 need_workers=22 tax_due=0 main_tax_due=0 tax_amount=8898 main_tax_amount=0 days_alive=156 stage=0 res0=0 res1=200 res2=0 res3=0 res4=0 res5=0 res6=0 res7=0 res8=0 Farm=1 Garden=2 House=1 SmallHouse=2 CowFarm=1 Apiary=1 Hothouse=1 | nw=1516974.8734
  s=  138 a= 17(BUILD:HuntingLand) r= -0.7117 cum=   -199.37 v= -9.6376 top5=[a44=0.032, a14=0.031, a22=0.031, a9=0.030, a2=0.030] [BUILD: HuntingLand]
    OBS: year=0 month=8 season=1 money=3087 credit=54679 people=28 busy=0 free=28 home_places=130 need_workers=22 tax_due=0 main_tax_due=0 tax_amount=8898 main_tax_amount=0 days_alive=157 stage=0 res0=0 res1=200 res2=0 res3=0 res4=0 res5=0 res6=0 res7=0 res8=0 Farm=1 Garden=2 House=1 SmallHouse=2 CowFarm=1 Apiary=1 Hothouse=1 | nw=1516847.3103
  s=  139 a= 20(BUILD:BigHouse) r= -0.7169 cum=   -200.09 v= -9.5124 top5=[a44=0.032, a14=0.031, a22=0.030, a9=0.030, a2=0.030] [BUILD: BigHouse]
    OBS: year=0 month=8 season=1 money=3087 credit=54788 people=28 busy=0 free=28 home_places=130 need_workers=22 tax_due=0 main_tax_due=0 tax_amount=8898 main_tax_amount=0 days_alive=158 stage=0 res0=0 res1=200 res2=0 res3=0 res4=0 res5=0 res6=0 res7=0 res8=0 Farm=1 Garden=2 House=1 SmallHouse=2 CowFarm=1 Apiary=1 Hothouse=1 | nw=1516717.8135
  s=  140 a= 36(MANAGER:2) r= -4.7144 cum=   -204.80 v= -9.4260 top5=[a44=0.032, a14=0.031, a22=0.030, a9=0.030, a2=0.030]
    OBS: year=0 month=8 season=1 money=2779 credit=54897 people=28 busy=0 free=28 home_places=130 need_workers=22 tax_due=0 main_tax_due=0 tax_amount=8898 main_tax_amount=0 days_alive=159 stage=0 res0=0 res1=200 res2=0 res3=0 res4=0 res5=0 res6=0 res7=0 res8=0 Farm=1 Garden=2 House=1 SmallHouse=2 CowFarm=1 Apiary=1 Hothouse=1 | nw=1516652.8731
  s=  141 a= 38(MANAGER:4) r= -0.7155 cum=   -205.52 v= -9.3765 top5=[a44=0.032, a14=0.031, a9=0.030, a22=0.030, a2=0.030]
    OBS: year=0 month=8 season=1 money=2779 credit=55006 people=28 busy=0 free=28 home_places=130 need_workers=22 tax_due=0 main_tax_due=0 tax_amount=8898 main_tax_amount=0 days_alive=160 stage=0 res0=0 res1=200 res2=0 res3=0 res4=0 res5=0 res6=0 res7=0 res8=0 Farm=1 Garden=2 House=1 SmallHouse=2 CowFarm=1 Apiary=1 Hothouse=1 | nw=1516524.1361
  s=  142 a= 43(MANAGER:9) r= -0.7106 cum=   -206.23 v= -9.3524 top5=[a44=0.032, a14=0.031, a9=0.030, a22=0.030, a2=0.030]
    OBS: year=0 month=8 season=1 money=2779 credit=55116 people=28 busy=0 free=28 home_places=130 need_workers=22 tax_due=0 main_tax_due=0 tax_amount=8898 main_tax_amount=0 days_alive=161 stage=0 res0=0 res1=200 res2=0 res3=0 res4=0 res5=0 res6=0 res7=0 res8=0 Farm=1 Garden=2 House=1 SmallHouse=2 CowFarm=1 Apiary=1 Hothouse=1 | nw=1516397.7604
  s=  143 a= 38(MANAGER:4) r= -4.7162 cum=   -210.94 v= -9.3270 top5=[a44=0.032, a14=0.031, a9=0.030, a22=0.030, a2=0.030]
    OBS: year=0 month=8 season=1 money=2779 credit=55226 people=28 busy=0 free=28 home_places=130 need_workers=22 tax_due=0 main_tax_due=0 tax_amount=8898 main_tax_amount=0 days_alive=162 stage=0 res0=0 res1=200 res2=0 res3=0 res4=0 res5=0 res6=0 res7=0 res8=0 Farm=1 Garden=2 House=1 SmallHouse=2 CowFarm=1 Apiary=1 Hothouse=1 | nw=1516267.7993
  s=  144 a= 28(BUILD:BigRefinary) r= -0.7207 cum=   -211.66 v= -9.3018 top5=[a44=0.032, a14=0.031, a9=0.030, a22=0.030, a2=0.030] [BUILD: BigRefinary]
    OBS: year=0 month=8 season=1 money=2779 credit=55336 people=28 busy=0 free=28 home_places=130 need_workers=22 tax_due=0 main_tax_due=0 tax_amount=8898 main_tax_amount=0 days_alive=163 stage=0 res0=0 res1=200 res2=0 res3=0 res4=0 res5=0 res6=0 res7=0 res8=0 Farm=1 Garden=2 House=1 SmallHouse=2 CowFarm=1 Apiary=1 Hothouse=1 | nw=1516137.3024
  s=  145 a= 30(BUILD:BigIronmine) r= -0.7214 cum=   -212.38 v= -9.2765 top5=[a44=0.032, a14=0.031, a9=0.030, a22=0.030, a2=0.029] [BUILD: BigIronmine]
    OBS: year=0 month=8 season=1 money=2779 credit=55446 people=28 busy=0 free=28 home_places=130 need_workers=22 tax_due=0 main_tax_due=0 tax_amount=8898 main_tax_amount=0 days_alive=164 stage=0 res0=0 res1=200 res2=0 res3=0 res4=0 res5=0 res6=0 res7=0 res8=0 Farm=1 Garden=2 House=1 SmallHouse=2 CowFarm=1 Apiary=1 Hothouse=1 | nw=1516006.8056
  s=  146 a= 10(BUILD:Refinery) r= -4.7180 cum=   -217.10 v= -9.2503 top5=[a44=0.032, a14=0.030, a9=0.030, a22=0.030, a2=0.029] [BUILD FAILED: Refinery]
    OBS: year=0 month=8 season=1 money=2779 credit=55556 people=28 busy=0 free=28 home_places=130 need_workers=22 tax_due=0 main_tax_due=0 tax_amount=8898 main_tax_amount=0 days_alive=165 stage=0 res0=0 res1=200 res2=0 res3=0 res4=0 res5=0 res6=0 res7=0 res8=0 Farm=1 Garden=2 House=1 SmallHouse=2 CowFarm=1 Apiary=1 Hothouse=1 | nw=1515876.3088
  s=  147 a= 40(MANAGER:6) r= -0.7241 cum=   -217.83 v= -9.2382 top5=[a44=0.032, a14=0.030, a9=0.030, a22=0.029, a2=0.029]
    OBS: year=0 month=8 season=1 money=2779 credit=55667 people=28 busy=0 free=28 home_places=130 need_workers=22 tax_due=0 main_tax_due=0 tax_amount=8898 main_tax_amount=0 days_alive=166 stage=0 res0=0 res1=200 res2=0 res3=0 res4=0 res5=0 res6=0 res7=0 res8=0 Farm=1 Garden=2 House=1 SmallHouse=2 CowFarm=1 Apiary=1 Hothouse=1 | nw=1515744.8120
  s=  148 a= 10(BUILD:Refinery) r= -0.6996 cum=   -218.53 v= -9.2295 top5=[a44=0.033, a14=0.030, a9=0.030, a22=0.029, a2=0.029] [BUILD: Refinery]
    OBS: year=0 month=8 season=1 money=2779 credit=55778 people=28 busy=0 free=28 home_places=130 need_workers=22 tax_due=0 main_tax_due=0 tax_amount=8898 main_tax_amount=0 days_alive=167 stage=0 res0=0 res1=200 res2=0 res3=0 res4=0 res5=0 res6=0 res7=0 res8=0 Farm=1 Garden=2 House=1 SmallHouse=2 CowFarm=1 Apiary=1 Hothouse=1 | nw=1515614.0750
  s=  149 a= 26(BUILD:BigSawmill) r= -4.7198 cum=   -223.25 v= -9.5097 top5=[a44=0.033, a9=0.031, a14=0.030, a22=0.030, a2=0.029] [BUILD FAILED: BigSawmill]
    OBS: year=0 month=8 season=1 money=2779 credit=55889 people=28 busy=0 free=28 home_places=130 need_workers=22 tax_due=0 main_tax_due=0 tax_amount=8898 main_tax_amount=0 days_alive=168 stage=0 res0=0 res1=200 res2=0 res3=0 res4=0 res5=0 res6=0 res7=0 res8=0 Farm=1 Garden=2 House=1 SmallHouse=2 CowFarm=1 Apiary=1 Hothouse=1 | nw=1515479.2173
  s=  150 a= 26(BUILD:BigSawmill) r= -0.7341 cum=   -223.98 v= -9.8109 top5=[a44=0.032, a24=0.031, a2=0.029, a41=0.029, a9=0.028] [BUILD: BigSawmill]
    OBS: year=0 month=8 season=1 money=2779 credit=56000 people=28 busy=0 free=28 home_places=130 need_workers=22 tax_due=0 main_tax_due=0 tax_amount=8898 main_tax_amount=0 days_alive=169 stage=0 res0=0 res1=200 res2=0 res3=0 res4=0 res5=0 res6=0 res7=0 res8=0 Farm=1 Garden=2 House=1 SmallHouse=2 CowFarm=1 Apiary=1 Hothouse=1 | nw=1515343.9225
  s=  151 a= 15(BUILD:Fish) r= -0.7198 cum=   -224.70 v= -9.8339 top5=[a44=0.032, a24=0.031, a2=0.029, a41=0.029, a9=0.028] [BUILD: Fish]
    OBS: year=0 month=8 season=1 money=2779 credit=56112 people=28 busy=0 free=28 home_places=130 need_workers=22 tax_due=0 main_tax_due=0 tax_amount=8898 main_tax_amount=0 days_alive=170 stage=0 res0=0 res1=200 res2=0 res3=0 res4=0 res5=0 res6=0 res7=0 res8=0 Farm=1 Garden=2 House=1 SmallHouse=2 CowFarm=1 Apiary=1 Hothouse=1 | nw=1515207.6276
  s=  152 a= 16(BUILD:CoalCut) r= -4.7216 cum=   -229.42 v=-10.1545 top5=[a44=0.033, a24=0.032, a2=0.030, a9=0.029, a11=0.029] [BUILD FAILED: CoalCut]
    OBS: year=0 month=8 season=1 money=2779 credit=56224 people=28 busy=0 free=28 home_places=130 need_workers=22 tax_due=0 main_tax_due=0 tax_amount=8898 main_tax_amount=0 days_alive=171 stage=0 res0=0 res1=200 res2=0 res3=0 res4=0 res5=0 res6=0 res7=0 res8=0 Farm=1 Garden=2 House=1 SmallHouse=2 CowFarm=1 Apiary=1 Hothouse=1 | nw=1515070.4581
  s=  153 a= 39(MANAGER:5) r= -0.7396 cum=   -230.16 v= -9.7953 top5=[a24=0.032, a44=0.032, a2=0.029, a9=0.029, a11=0.028]
    OBS: year=0 month=8 season=1 money=2779 credit=56336 people=28 busy=0 free=28 home_places=130 need_workers=22 tax_due=0 main_tax_due=0 tax_amount=8898 main_tax_amount=0 days_alive=172 stage=0 res0=0 res1=200 res2=0 res3=0 res4=0 res5=0 res6=0 res7=0 res8=0 Farm=1 Garden=2 House=1 SmallHouse=2 CowFarm=1 Apiary=1 Hothouse=1 | nw=1514933.2887
  s=  154 a= 35(MANAGER:1) r= -0.7403 cum=   -230.90 v= -9.8208 top5=[a24=0.032, a44=0.032, a2=0.029, a9=0.029, a11=0.028]
    OBS: year=0 month=8 season=1 money=2779 credit=56448 people=28 busy=0 free=28 home_places=130 need_workers=22 tax_due=0 main_tax_due=0 tax_amount=8898 main_tax_amount=0 days_alive=173 stage=0 res0=0 res1=200 res2=0 res3=0 res4=0 res5=0 res6=0 res7=0 res8=0 Farm=1 Garden=2 House=1 SmallHouse=2 CowFarm=1 Apiary=1 Hothouse=1 | nw=1514796.1193
  s=  155 a= 26(BUILD:BigSawmill) r= -4.7234 cum=   -235.62 v= -9.8211 top5=[a24=0.032, a44=0.032, a2=0.029, a9=0.029, a11=0.028] [BUILD FAILED: BigSawmill]
    OBS: year=0 month=8 season=1 money=2779 credit=56560 people=28 busy=0 free=28 home_places=130 need_workers=22 tax_due=0 main_tax_due=0 tax_amount=8898 main_tax_amount=0 days_alive=174 stage=0 res0=0 res1=200 res2=0 res3=0 res4=0 res5=0 res6=0 res7=0 res8=0 Farm=1 Garden=2 House=1 SmallHouse=2 CowFarm=1 Apiary=1 Hothouse=1 | nw=1514660.6509
  s=  156 a= 40(MANAGER:6) r= -0.7431 cum=   -236.37 v= -9.8065 top5=[a24=0.032, a44=0.032, a2=0.029, a11=0.029, a9=0.028]
    OBS: year=0 month=8 season=1 money=2779 credit=56673 people=28 busy=0 free=28 home_places=130 need_workers=22 tax_due=0 main_tax_due=0 tax_amount=8898 main_tax_amount=0 days_alive=175 stage=0 res0=0 res1=200 res2=0 res3=0 res4=0 res5=0 res6=0 res7=0 res8=0 Farm=1 Garden=2 House=1 SmallHouse=2 CowFarm=1 Apiary=1 Hothouse=1 | nw=1514522.4815
  s=  157 a= 17(BUILD:HuntingLand) r= -0.7437 cum=   -237.11 v= -9.7767 top5=[a24=0.032, a44=0.032, a2=0.029, a11=0.029, a9=0.028] [BUILD: HuntingLand]
    OBS: year=0 month=8 season=1 money=2779 credit=56786 people=28 busy=0 free=28 home_places=130 need_workers=22 tax_due=0 main_tax_due=0 tax_amount=8898 main_tax_amount=0 days_alive=176 stage=0 res0=0 res1=200 res2=0 res3=0 res4=0 res5=0 res6=0 res7=0 res8=0 Farm=1 Garden=2 House=1 SmallHouse=2 CowFarm=1 Apiary=1 Hothouse=1 | nw=1514384.3120
  s=  158 a= 19(BUILD:Mushroom) r= -4.7251 cum=   -241.84 v= -9.7658 top5=[a24=0.033, a44=0.032, a2=0.029, a11=0.029, a9=0.028] [BUILD FAILED: Mushroom]
    OBS: year=0 month=8 season=1 money=2779 credit=56899 people=28 busy=0 free=28 home_places=130 need_workers=22 tax_due=0 main_tax_due=0 tax_amount=8898 main_tax_amount=0 days_alive=177 stage=0 res0=0 res1=200 res2=0 res3=0 res4=0 res5=0 res6=0 res7=0 res8=0 Farm=1 Garden=2 House=1 SmallHouse=2 CowFarm=1 Apiary=1 Hothouse=1 | nw=1514248.8361
  s=  159 a= 19(BUILD:Mushroom) r= -0.7401 cum=   -242.58 v= -9.7768 top5=[a24=0.033, a44=0.032, a11=0.029, a2=0.029, a9=0.028] [BUILD: Mushroom]
    OBS: year=0 month=8 season=1 money=2779 credit=57012 people=28 busy=0 free=28 home_places=130 need_workers=22 tax_due=0 main_tax_due=0 tax_amount=8898 main_tax_amount=0 days_alive=178 stage=0 res0=0 res1=200 res2=0 res3=0 res4=0 res5=0 res6=0 res7=0 res8=0 Farm=1 Garden=2 House=1 SmallHouse=2 CowFarm=1 Apiary=1 Hothouse=1 | nw=1514112.3677
  s=  160 a= 14(BUILD:Road) r= -0.7461 cum=   -243.32 v= -9.7980 top5=[a24=0.033, a44=0.032, a11=0.029, a2=0.028, a9=0.028] [BUILD: Road]
    OBS: year=0 month=8 season=1 money=2779 credit=57126 people=28 busy=0 free=28 home_places=130 need_workers=22 tax_due=0 main_tax_due=0 tax_amount=8898 main_tax_amount=0 days_alive=179 stage=0 res0=0 res1=200 res2=0 res3=0 res4=0 res5=0 res6=0 res7=0 res8=0 Farm=1 Garden=2 House=1 SmallHouse=2 CowFarm=1 Apiary=1 Hothouse=1 | nw=1513973.6356
  s=  161 a= 11(BUILD:Goldmine) r= -4.7269 cum=   -248.05 v= -9.8220 top5=[a24=0.033, a44=0.032, a11=0.029, a2=0.028, a9=0.028] [BUILD FAILED: Goldmine]
    OBS: year=0 month=8 season=1 money=2779 credit=57240 people=28 busy=0 free=28 home_places=130 need_workers=22 tax_due=0 main_tax_due=0 tax_amount=8898 main_tax_amount=0 days_alive=180 stage=0 res0=0 res1=200 res2=0 res3=0 res4=0 res5=0 res6=0 res7=0 res8=0 Farm=1 Garden=2 House=1 SmallHouse=2 CowFarm=1 Apiary=1 Hothouse=1 | nw=1513836.1672
  s=  162 a= 21(BUILD:BigFarm) r= -0.7476 cum=   -248.80 v= -9.8514 top5=[a24=0.033, a44=0.032, a11=0.029, a2=0.028, a41=0.028] [BUILD: BigFarm]
    OBS: year=0 month=8 season=1 money=2779 credit=57354 people=28 busy=0 free=28 home_places=130 need_workers=22 tax_due=0 main_tax_due=0 tax_amount=8898 main_tax_amount=0 days_alive=181 stage=0 res0=0 res1=200 res2=0 res3=0 res4=0 res5=0 res6=0 res7=0 res8=0 Farm=1 Garden=2 House=1 SmallHouse=2 CowFarm=1 Apiary=1 Hothouse=1 | nw=1513696.9978
  s=  163 a= 10(BUILD:Refinery) r= -0.7483 cum=   -249.55 v= -9.8809 top5=[a24=0.033, a44=0.032, a11=0.029, a43=0.028, a2=0.028] [BUILD: Refinery]
    OBS: year=0 month=8 season=1 money=2779 credit=57468 people=28 busy=0 free=28 home_places=130 need_workers=22 tax_due=0 main_tax_due=0 tax_amount=8898 main_tax_amount=0 days_alive=182 stage=0 res0=0 res1=200 res2=0 res3=0 res4=0 res5=0 res6=0 res7=0 res8=0 Farm=1 Garden=2 House=1 SmallHouse=2 CowFarm=1 Apiary=1 Hothouse=1 | nw=1513557.8283
  s=  164 a= 37(MANAGER:3) r= -4.7287 cum=   -254.27 v= -9.9105 top5=[a24=0.034, a44=0.032, a11=0.029, a43=0.028, a41=0.028]
    OBS: year=0 month=8 season=1 money=2779 credit=57582 people=28 busy=0 free=28 home_places=130 need_workers=22 tax_due=0 main_tax_due=0 tax_amount=8898 main_tax_amount=0 days_alive=183 stage=0 res0=0 res1=200 res2=0 res3=0 res4=0 res5=0 res6=0 res7=0 res8=0 Farm=1 Garden=2 House=1 SmallHouse=2 CowFarm=1 Apiary=1 Hothouse=1 | nw=1513418.6589
  s=  165 a= 29(BUILD:Puerperal) r= -0.7498 cum=   -255.02 v= -9.9403 top5=[a24=0.034, a44=0.032, a11=0.029, a43=0.028, a39=0.028] [BUILD: Puerperal]
    OBS: year=0 month=9 season=2 money=2779 credit=57697 people=28 busy=0 free=28 home_places=150 need_workers=28 tax_due=0 main_tax_due=0 tax_amount=8898 main_tax_amount=0 days_alive=184 stage=0 res0=0 res1=200 res2=0 res3=0 res4=0 res5=0 res6=0 res7=0 res8=0 Farm=1 Garden=2 House=1 SmallHouse=2 CowFarm=1 Apiary=1 Hothouse=1 | nw=1513279.0251
  s=  166 a= 19(BUILD:Mushroom) r= -0.7517 cum=   -255.78 v= -8.5360 top5=[a22=0.035, a44=0.033, a9=0.031, a32=0.030, a12=0.030] [BUILD: Mushroom]
    OBS: year=0 month=9 season=2 money=2779 credit=57812 people=28 busy=0 free=28 home_places=150 need_workers=28 tax_due=0 main_tax_due=0 tax_amount=8898 main_tax_amount=0 days_alive=185 stage=0 res0=0 res1=200 res2=0 res3=0 res4=0 res5=0 res6=0 res7=0 res8=0 Farm=1 Garden=2 House=1 SmallHouse=2 CowFarm=1 Apiary=1 Hothouse=1 | nw=1513138.8557
  s=  167 a= 34(MANAGER:0) r= -4.7304 cum=   -260.51 v= -8.4577 top5=[a22=0.035, a44=0.032, a9=0.031, a32=0.030, a12=0.030]
    OBS: year=0 month=9 season=2 money=2779 credit=57927 people=28 busy=0 free=28 home_places=150 need_workers=28 tax_due=0 main_tax_due=0 tax_amount=8898 main_tax_amount=0 days_alive=186 stage=0 res0=0 res1=200 res2=0 res3=0 res4=0 res5=0 res6=0 res7=0 res8=0 Farm=1 Garden=2 House=1 SmallHouse=2 CowFarm=1 Apiary=1 Hothouse=1 | nw=1512996.9852
  s=  168 a= 12(BUILD:PowerStation) r= +0.4077 cum=   -260.10 v= -8.3826 top5=[a22=0.035, a44=0.032, a9=0.031, a32=0.030, a12=0.030] [BUILD: PowerStation]
    OBS: year=0 month=9 season=2 money=2379 credit=58042 people=28 busy=0 free=28 home_places=150 need_workers=28 tax_due=0 main_tax_due=0 tax_amount=8898 main_tax_amount=0 days_alive=187 stage=0 res0=0 res1=200 res2=0 res3=0 res4=0 res5=0 res6=0 res7=0 res8=0 Farm=1 Garden=2 Road=1 House=1 SmallHouse=2 CowFarm=1 Apiary=1 Hothouse=1 | nw=1512855.5203
  s=  169 a= 40(MANAGER:6) r= -0.7548 cum=   -260.85 v= -8.4698 top5=[a22=0.033, a44=0.031, a32=0.030, a9=0.030, a12=0.030]
    OBS: year=0 month=9 season=2 money=2379 credit=58158 people=28 busy=0 free=28 home_places=150 need_workers=28 tax_due=0 main_tax_due=0 tax_amount=8898 main_tax_amount=0 days_alive=188 stage=0 res0=0 res1=200 res2=0 res3=0 res4=0 res5=0 res6=0 res7=0 res8=0 Farm=1 Garden=2 Road=1 House=1 SmallHouse=2 CowFarm=1 Apiary=1 Hothouse=1 | nw=1512714.3509
  s=  170 a= 23(BUILD:Torchlight) r= -4.7297 cum=   -265.58 v= -8.4453 top5=[a22=0.033, a44=0.031, a32=0.030, a9=0.029, a41=0.029] [BUILD FAILED: Torchlight]
    OBS: year=0 month=9 season=2 money=2379 credit=58274 people=28 busy=0 free=28 home_places=150 need_workers=28 tax_due=0 main_tax_due=0 tax_amount=8898 main_tax_amount=0 days_alive=189 stage=0 res0=0 res1=200 res2=0 res3=0 res4=0 res5=0 res6=0 res7=0 res8=0 Farm=1 Garden=2 Road=1 House=1 SmallHouse=2 CowFarm=1 Apiary=1 Hothouse=1 | nw=1512573.1815
  s=  171 a= 43(MANAGER:9) r= -0.7563 cum=   -266.34 v= -8.3867 top5=[a22=0.033, a44=0.031, a32=0.030, a41=0.029, a9=0.029]
    OBS: year=0 month=9 season=2 money=2379 credit=58390 people=28 busy=0 free=28 home_places=150 need_workers=28 tax_due=0 main_tax_due=0 tax_amount=8898 main_tax_amount=0 days_alive=190 stage=0 res0=0 res1=200 res2=0 res3=0 res4=0 res5=0 res6=0 res7=0 res8=0 Farm=1 Garden=2 Road=1 House=1 SmallHouse=2 CowFarm=1 Apiary=1 Hothouse=1 | nw=1512431.5748
  s=  172 a=  8(BUILD:Coalmine) r= -0.7541 cum=   -267.09 v= -8.3319 top5=[a22=0.033, a44=0.031, a32=0.030, a41=0.029, a9=0.029] [BUILD: Coalmine]
    OBS: year=0 month=9 season=2 money=2379 credit=58506 people=28 busy=0 free=28 home_places=150 need_workers=28 tax_due=0 main_tax_due=0 tax_amount=8898 main_tax_amount=0 days_alive=191 stage=0 res0=0 res1=200 res2=0 res3=0 res4=0 res5=0 res6=0 res7=0 res8=0 Farm=1 Garden=2 Road=1 House=1 SmallHouse=2 CowFarm=1 Apiary=1 Hothouse=1 | nw=1512291.1651
  s=  173 a= 30(BUILD:BigIronmine) r= -4.7314 cum=   -271.82 v= -8.2977 top5=[a22=0.033, a44=0.031, a32=0.030, a41=0.029, a9=0.029] [BUILD FAILED: BigIronmine]
    OBS: year=0 month=9 season=2 money=2379 credit=58623 people=28 busy=0 free=28 home_places=150 need_workers=28 tax_due=0 main_tax_due=0 tax_amount=8898 main_tax_amount=0 days_alive=192 stage=0 res0=0 res1=200 res2=0 res3=0 res4=0 res5=0 res6=0 res7=0 res8=0 Farm=1 Garden=2 Road=1 House=1 SmallHouse=2 CowFarm=1 Apiary=1 Hothouse=1 | nw=1512148.2675
  s=  174 a=  5(BUILD:House) r= -0.7627 cum=   -272.59 v= -8.2893 top5=[a22=0.033, a44=0.031, a32=0.030, a41=0.029, a9=0.029] [BUILD: House]
    OBS: year=0 month=9 season=2 money=2379 credit=58740 people=28 busy=0 free=28 home_places=150 need_workers=28 tax_due=0 main_tax_due=0 tax_amount=8898 main_tax_amount=0 days_alive=193 stage=0 res0=0 res1=200 res2=0 res3=0 res4=0 res5=0 res6=0 res7=0 res8=0 Farm=1 Garden=2 Road=1 House=1 SmallHouse=2 CowFarm=1 Apiary=1 Hothouse=1 | nw=1512004.3970
  s=  175 a=  5(BUILD:House) r= -0.7549 cum=   -273.34 v= -8.3936 top5=[a22=0.033, a44=0.032, a32=0.031, a9=0.030, a12=0.029] [BUILD: House]
    OBS: year=0 month=9 season=2 money=2379 credit=58857 people=28 busy=0 free=28 home_places=150 need_workers=28 tax_due=0 main_tax_due=0 tax_amount=8898 main_tax_amount=0 days_alive=194 stage=0 res0=0 res1=200 res2=0 res3=0 res4=0 res5=0 res6=0 res7=0 res8=0 Farm=1 Garden=2 Road=1 House=1 SmallHouse=2 CowFarm=1 Apiary=1 Hothouse=1 | nw=1511864.1266
  s=  176 a= 34(MANAGER:0) r= -4.7331 cum=   -278.08 v= -8.3531 top5=[a22=0.033, a44=0.032, a32=0.031, a9=0.030, a12=0.029]
    OBS: year=0 month=9 season=2 money=2379 credit=58974 people=28 busy=0 free=28 home_places=150 need_workers=28 tax_due=0 main_tax_due=0 tax_amount=8898 main_tax_amount=0 days_alive=195 stage=0 res0=0 res1=200 res2=0 res3=0 res4=0 res5=0 res6=0 res7=0 res8=0 Farm=1 Garden=2 Road=1 House=1 SmallHouse=2 CowFarm=1 Apiary=1 Hothouse=1 | nw=1511720.4607
  s=  177 a=  2(BUILD:WaterChannel) r= -0.7531 cum=   -278.83 v= -8.3416 top5=[a22=0.033, a44=0.032, a32=0.031, a9=0.029, a12=0.029] [BUILD: WaterChannel]
    OBS: year=0 month=9 season=2 money=2379 credit=59091 people=28 busy=0 free=28 home_places=150 need_workers=28 tax_due=0 main_tax_due=0 tax_amount=8898 main_tax_amount=0 days_alive=196 stage=0 res0=0 res1=200 res2=0 res3=0 res4=0 res5=0 res6=0 res7=0 res8=0 Farm=1 Garden=2 Road=1 House=1 SmallHouse=2 CowFarm=1 Apiary=1 Hothouse=1 | nw=1511581.1170
  s=  178 a= 26(BUILD:BigSawmill) r= -0.7606 cum=   -279.59 v= -8.3303 top5=[a22=0.033, a44=0.032, a32=0.031, a9=0.029, a12=0.029] [BUILD: BigSawmill]
    OBS: year=0 month=9 season=2 money=2379 credit=59209 people=28 busy=0 free=28 home_places=150 need_workers=28 tax_due=0 main_tax_due=0 tax_amount=8898 main_tax_amount=0 days_alive=197 stage=0 res0=0 res1=200 res2=0 res3=0 res4=0 res5=0 res6=0 res7=0 res8=0 Farm=1 Garden=2 Road=1 House=1 SmallHouse=2 CowFarm=1 Apiary=1 Hothouse=1 | nw=1511438.8889
  s=  179 a= 15(BUILD:Fish) r= -4.7349 cum=   -284.32 v= -8.3282 top5=[a22=0.033, a44=0.032, a32=0.031, a12=0.029, a9=0.029] [BUILD FAILED: Fish]
    OBS: year=0 month=9 season=2 money=2379 credit=59327 people=28 busy=0 free=28 home_places=150 need_workers=28 tax_due=0 main_tax_due=0 tax_amount=8898 main_tax_amount=0 days_alive=198 stage=0 res0=0 res1=200 res2=0 res3=0 res4=0 res5=0 res6=0 res7=0 res8=0 Farm=1 Garden=2 Road=1 House=1 SmallHouse=2 CowFarm=1 Apiary=1 Hothouse=1 | nw=1511294.9596
  s=  180 a= 17(BUILD:HuntingLand) r= -0.7587 cum=   -285.08 v= -8.3560 top5=[a22=0.033, a44=0.032, a32=0.031, a12=0.029, a9=0.029] [BUILD: HuntingLand]
    OBS: year=0 month=9 season=2 money=2379 credit=59445 people=28 busy=0 free=28 home_places=150 need_workers=28 tax_due=0 main_tax_due=0 tax_amount=8898 main_tax_amount=0 days_alive=199 stage=0 res0=0 res1=200 res2=0 res3=0 res4=0 res5=0 res6=0 res7=0 res8=0 Farm=1 Garden=2 Road=1 House=1 SmallHouse=2 CowFarm=1 Apiary=1 Hothouse=1 | nw=1511153.7239
  s=  181 a= 22(BUILD:Apiary) r= +0.1789 cum=   -284.90 v= -8.4284 top5=[a22=0.033, a44=0.032, a32=0.031, a12=0.029, a9=0.029] [BUILD: Apiary]
    OBS: year=0 month=9 season=2 money=2379 credit=59563 people=28 busy=0 free=28 home_places=150 need_workers=28 tax_due=0 main_tax_due=0 tax_amount=8898 main_tax_amount=0 days_alive=200 stage=0 res0=0 res1=200 res2=0 res3=0 res4=0 res5=0 res6=0 res7=0 res8=0 Farm=1 Garden=2 Road=1 House=1 SmallHouse=2 CowFarm=1 Apiary=1 Hothouse=1 | nw=1511008.8534
  s=  182 a= 12(BUILD:PowerStation) r= +0.3981 cum=   -284.51 v= -8.5155 top5=[a22=0.033, a44=0.032, a32=0.031, a12=0.029, a9=0.028] [BUILD: PowerStation]
    OBS: year=0 month=9 season=2 money=1979 credit=59682 people=28 busy=0 free=28 home_places=150 need_workers=28 tax_due=0 main_tax_due=0 tax_amount=8898 main_tax_amount=0 days_alive=201 stage=0 res0=0 res1=200 res2=0 res3=0 res4=0 res5=0 res6=0 res7=0 res8=0 Farm=1 Garden=2 Road=2 House=1 SmallHouse=2 CowFarm=1 Apiary=1 Hothouse=1 | nw=1510864.6840
  s=  183 a= 20(BUILD:BigHouse) r= -0.7733 cum=   -285.28 v= -8.8155 top5=[a32=0.031, a44=0.031, a22=0.031, a12=0.030, a41=0.029] [BUILD: BigHouse]
    OBS: year=0 month=9 season=2 money=1979 credit=59801 people=28 busy=0 free=28 home_places=150 need_workers=28 tax_due=0 main_tax_due=0 tax_amount=8898 main_tax_amount=0 days_alive=202 stage=0 res0=0 res1=200 res2=0 res3=0 res4=0 res5=0 res6=0 res7=0 res8=0 Farm=1 Garden=2 Road=2 House=1 SmallHouse=2 CowFarm=1 Apiary=1 Hothouse=1 | nw=1510717.8211
  s=  184 a= 41(MANAGER:7) r= -4.7370 cum=   -290.02 v= -8.9392 top5=[a32=0.031, a44=0.031, a22=0.031, a12=0.030, a41=0.029]
    OBS: year=0 month=9 season=2 money=1579 credit=59920 people=29 busy=0 free=29 home_places=150 need_workers=28 tax_due=0 main_tax_due=0 tax_amount=8902 main_tax_amount=0 days_alive=203 stage=0 res0=0 res1=400 res2=0 res3=0 res4=0 res5=0 res6=0 res7=0 res8=0 Farm=1 Garden=2 Road=2 House=1 SmallHouse=2 CowFarm=1 Apiary=1 Hothouse=1 | nw=1510370.3424
  s=  185 a= 36(MANAGER:2) r= +0.2355 cum=   -289.78 v= -8.9701 top5=[a44=0.031, a32=0.031, a22=0.031, a12=0.030, a41=0.028]
    OBS: year=0 month=9 season=2 money=975 credit=60039 people=29 busy=0 free=29 home_places=150 need_workers=28 tax_due=0 main_tax_due=0 tax_amount=8902 main_tax_amount=0 days_alive=204 stage=0 res0=0 res1=400 res2=0 res3=0 res4=0 res5=0 res6=0 res7=0 res8=0 Farm=1 Garden=2 Road=2 House=1 SmallHouse=2 CowFarm=1 Apiary=1 Hothouse=1 | nw=1510449.8686
  s=  186 a=  6(BUILD:SmallHouse) r= -4.7343 cum=   -294.51 v= -9.1081 top5=[a44=0.031, a32=0.031, a22=0.031, a12=0.030, a41=0.029] [BUILD FAILED: SmallHouse]
    OBS: year=0 month=9 season=2 money=975 credit=60159 people=28 busy=0 free=28 home_places=150 need_workers=28 tax_due=0 main_tax_due=0 tax_amount=8902 main_tax_amount=0 days_alive=205 stage=0 res0=0 res1=400 res2=0 res3=0 res4=0 res5=0 res6=0 res7=0 res8=0 Farm=1 Garden=2 Road=2 House=1 SmallHouse=2 CowFarm=1 Apiary=1 Hothouse=1 | nw=1510302.3628
  s=  187 a= 29(BUILD:Puerperal) r= -4.7313 cum=   -299.25 v= -9.3617 top5=[a44=0.032, a32=0.032, a22=0.031, a12=0.030, a41=0.029] [BUILD FAILED: Puerperal]
    OBS: year=0 month=9 season=2 money=975 credit=60279 people=28 busy=0 free=28 home_places=150 need_workers=28 tax_due=0 main_tax_due=0 tax_amount=8902 main_tax_amount=0 days_alive=206 stage=0 res0=0 res1=400 res2=0 res3=0 res4=0 res5=0 res6=0 res7=0 res8=0 Farm=1 Garden=2 Road=2 House=1 SmallHouse=2 CowFarm=1 Apiary=1 Hothouse=1 | nw=1510156.5320
  s=  188 a= 44(MANAGER:10) r= -0.0660 cum=   -299.31 v= -9.4885 top5=[a44=0.032, a32=0.032, a22=0.031, a12=0.030, a41=0.029]
    OBS: year=0 month=9 season=2 money=975 credit=60399 people=28 busy=0 free=28 home_places=150 need_workers=28 tax_due=0 main_tax_due=0 tax_amount=8902 main_tax_amount=0 days_alive=207 stage=0 res0=0 res1=400 res2=0 res3=0 res4=0 res5=0 res6=0 res7=0 res8=0 Farm=1 Garden=2 Road=2 House=1 SmallHouse=2 CowFarm=1 Apiary=1 Hothouse=1 | nw=1510009.0262
  s=  189 a= 44(MANAGER:10) r= -0.0618 cum=   -299.37 v= -9.7053 top5=[a32=0.032, a44=0.032, a22=0.032, a12=0.030, a41=0.028]
    OBS: year=0 month=9 season=2 money=975 credit=60519 people=28 busy=0 free=28 home_places=150 need_workers=28 tax_due=0 main_tax_due=0 tax_amount=8902 main_tax_amount=0 days_alive=208 stage=0 res0=0 res1=400 res2=0 res3=0 res4=0 res5=0 res6=0 res7=0 res8=0 Farm=1 Garden=2 Road=2 House=1 SmallHouse=2 CowFarm=1 Apiary=1 Hothouse=1 | nw=1509863.4195
  s=  190 a= 34(MANAGER:0) r= -4.7305 cum=   -304.10 v= -9.8491 top5=[a32=0.032, a44=0.032, a22=0.032, a12=0.030, a41=0.028]
    OBS: year=0 month=9 season=2 money=975 credit=60640 people=28 busy=0 free=28 home_places=150 need_workers=28 tax_due=0 main_tax_due=0 tax_amount=8902 main_tax_amount=0 days_alive=209 stage=0 res0=0 res1=400 res2=0 res3=0 res4=0 res5=0 res6=0 res7=0 res8=0 Farm=1 Garden=2 Road=2 House=1 SmallHouse=2 CowFarm=1 Apiary=1 Hothouse=1 | nw=1509717.0259
  s=  191 a= 27(BUILD:WaterMill) r= -0.7843 cum=   -304.89 v= -9.9792 top5=[a44=0.032, a32=0.032, a22=0.032, a12=0.031, a41=0.028] [BUILD: WaterMill]
    OBS: year=0 month=9 season=2 money=975 credit=60761 people=28 busy=0 free=28 home_places=150 need_workers=28 tax_due=0 main_tax_due=0 tax_amount=8902 main_tax_amount=0 days_alive=210 stage=0 res0=0 res1=400 res2=0 res3=0 res4=0 res5=0 res6=0 res7=0 res8=0 Farm=1 Garden=2 Road=2 House=1 SmallHouse=2 CowFarm=1 Apiary=1 Hothouse=1 | nw=1509565.9756
  s=  192 a=  9(BUILD:Ironmine) r= -0.7780 cum=   -305.67 v=-10.1077 top5=[a44=0.032, a32=0.032, a22=0.032, a12=0.031, a41=0.028] [BUILD: Ironmine]
    OBS: year=0 month=9 season=2 money=975 credit=60882 people=28 busy=0 free=28 home_places=150 need_workers=28 tax_due=0 main_tax_due=0 tax_amount=8902 main_tax_amount=0 days_alive=211 stage=0 res0=0 res1=400 res2=0 res3=0 res4=0 res5=0 res6=0 res7=0 res8=0 Farm=1 Garden=2 Road=2 House=1 SmallHouse=2 CowFarm=1 Apiary=1 Hothouse=1 | nw=1509417.8724
  s=  193 a= 27(BUILD:WaterMill) r= -4.7323 cum=   -310.40 v=-10.2014 top5=[a44=0.033, a32=0.032, a22=0.032, a12=0.031, a41=0.028] [BUILD FAILED: WaterMill]
    OBS: year=0 month=9 season=2 money=975 credit=61003 people=28 busy=0 free=28 home_places=150 need_workers=28 tax_due=0 main_tax_due=0 tax_amount=8902 main_tax_amount=0 days_alive=212 stage=0 res0=0 res1=400 res2=0 res3=0 res4=0 res5=0 res6=0 res7=0 res8=0 Farm=1 Garden=2 Road=2 House=1 SmallHouse=2 CowFarm=1 Apiary=1 Hothouse=1 | nw=1509271.2657
  s=  194 a= 30(BUILD:BigIronmine) r= -0.7781 cum=   -311.18 v=-10.2853 top5=[a44=0.033, a32=0.032, a22=0.032, a12=0.031, a43=0.028] [BUILD: BigIronmine]
    OBS: year=0 month=9 season=2 money=975 credit=61125 people=28 busy=0 free=28 home_places=150 need_workers=28 tax_due=0 main_tax_due=0 tax_amount=8902 main_tax_amount=0 days_alive=213 stage=0 res0=0 res1=400 res2=0 res3=0 res4=0 res5=0 res6=0 res7=0 res8=0 Farm=1 Garden=2 Road=2 House=1 SmallHouse=2 CowFarm=1 Apiary=1 Hothouse=1 | nw=1509123.3365
  s=  195 a=  1(WEEK) r= -3.3176 cum=   -314.49 v=-10.3697 top5=[a44=0.033, a32=0.033, a22=0.032, a12=0.031, a43=0.029]
    OBS: year=0 month=10 season=2 money=975 credit=61982 people=28 busy=0 free=28 home_places=150 need_workers=28 tax_due=0 main_tax_due=0 tax_amount=8902 main_tax_amount=0 days_alive=220 stage=0 res0=0 res1=400 res2=0 res3=0 res4=0 res5=0 res6=0 res7=0 res8=0 Farm=1 Garden=2 Road=2 House=1 SmallHouse=2 CowFarm=1 Apiary=1 Hothouse=1 | nw=1508074.9238
  s=  196 a=  3(BUILD:Farm) r= -4.7331 cum=   -319.23 v=-10.0033 top5=[a44=0.032, a22=0.031, a12=0.031, a32=0.030, a41=0.029] [BUILD FAILED: Farm]
    OBS: year=0 month=10 season=2 money=975 credit=62105 people=28 busy=0 free=28 home_places=150 need_workers=28 tax_due=0 main_tax_due=0 tax_amount=8902 main_tax_amount=0 days_alive=221 stage=0 res0=0 res1=400 res2=0 res3=0 res4=0 res5=0 res6=0 res7=0 res8=0 Farm=1 Garden=2 Road=2 House=1 SmallHouse=2 CowFarm=1 Apiary=1 Hothouse=1 | nw=1507927.1917
  s=  197 a= 37(MANAGER:3) r= -0.7883 cum=   -320.02 v= -9.9528 top5=[a44=0.032, a22=0.031, a12=0.031, a32=0.030, a41=0.029]
    OBS: year=0 month=10 season=2 money=975 credit=62229 people=28 busy=0 free=28 home_places=150 need_workers=28 tax_due=0 main_tax_due=0 tax_amount=8902 main_tax_amount=0 days_alive=222 stage=0 res0=0 res1=400 res2=0 res3=0 res4=0 res5=0 res6=0 res7=0 res8=0 Farm=1 Garden=2 Road=2 House=1 SmallHouse=2 CowFarm=1 Apiary=1 Hothouse=1 | nw=1507776.1232
  s=  198 a= 19(BUILD:Mushroom) r= -0.7908 cum=   -320.81 v= -9.9139 top5=[a44=0.032, a22=0.031, a12=0.031, a32=0.031, a41=0.029] [BUILD: Mushroom]
    OBS: year=0 month=10 season=2 money=975 credit=62353 people=28 busy=0 free=28 home_places=150 need_workers=28 tax_due=0 main_tax_due=0 tax_amount=8902 main_tax_amount=0 days_alive=223 stage=0 res0=0 res1=400 res2=0 res3=0 res4=0 res5=0 res6=0 res7=0 res8=0 Farm=1 Garden=2 Road=2 House=1 SmallHouse=2 CowFarm=1 Apiary=1 Hothouse=1 | nw=1507624.2602
  s=  199 a= 34(MANAGER:0) r= -4.7349 cum=   -325.54 v= -9.8819 top5=[a44=0.032, a22=0.031, a32=0.031, a12=0.031, a41=0.029]
    OBS: year=0 month=10 season=2 money=975 credit=62477 people=28 busy=0 free=28 home_places=150 need_workers=28 tax_due=0 main_tax_due=0 tax_amount=8902 main_tax_amount=0 days_alive=224 stage=0 res0=0 res1=400 res2=0 res3=0 res4=0 res5=0 res6=0 res7=0 res8=0 Farm=1 Garden=2 Road=2 House=1 SmallHouse=2 CowFarm=1 Apiary=1 Hothouse=1 | nw=1507478.8325
  s=  200 a= 42(MANAGER:8) r= -0.6735 cum=   -326.22 v= -9.8657 top5=[a44=0.032, a32=0.031, a22=0.031, a12=0.031, a41=0.029]
    OBS: year=0 month=10 season=2 money=50975 credit=112701 people=28 busy=0 free=28 home_places=150 need_workers=28 tax_due=0 main_tax_due=0 tax_amount=8902 main_tax_amount=0 days_alive=225 stage=0 res0=0 res1=400 res2=0 res3=0 res4=0 res5=0 res6=0 res7=0 res8=0 Farm=1 Garden=2 Road=2 House=1 SmallHouse=2 CowFarm=1 Apiary=1 Hothouse=1 | nw=1507226.8548
  s=  201 a= 15(BUILD:Fish) r= -1.1475 cum=   -327.36 v=-13.0632 top5=[a12=0.036, a32=0.027, a44=0.027, a43=0.027, a7=0.026] [BUILD FAILED: Fish]
    OBS: year=0 month=10 season=2 money=50975 credit=112926 people=28 busy=0 free=28 home_places=150 need_workers=28 tax_due=0 main_tax_due=0 tax_amount=8902 main_tax_amount=0 days_alive=226 stage=0 res0=0 res1=400 res2=0 res3=0 res4=0 res5=0 res6=0 res7=0 res8=0 Farm=1 Garden=2 Road=2 House=1 SmallHouse=2 CowFarm=1 Apiary=1 Hothouse=1 | nw=1506974.9843
  s=  202 a= 18(BUILD:CowFarm) r= +0.6219 cum=   -326.74 v=-13.1555 top5=[a12=0.036, a32=0.027, a44=0.027, a43=0.027, a7=0.026] [BUILD: CowFarm]
    OBS: year=0 month=10 season=2 money=18973 credit=113151 people=28 busy=0 free=28 home_places=150 need_workers=28 tax_due=0 main_tax_due=0 tax_amount=9322 main_tax_amount=0 days_alive=227 stage=0 res0=0 res1=400 res2=0 res3=0 res4=0 res5=0 res6=0 res7=0 res8=0 Farm=1 Garden=2 Road=2 House=1 SmallHouse=2 CowFarm=2 Apiary=1 Hothouse=1 | nw=1506726.3113
  s=  203 a= 38(MANAGER:4) r= +0.7457 cum=   -326.00 v=-15.2337 top5=[a12=0.038, a44=0.031, a41=0.031, a43=0.029, a32=0.028]
    OBS: year=0 month=10 season=2 money=18973 credit=113377 people=28 busy=0 free=28 home_places=150 need_workers=28 tax_due=0 main_tax_due=0 tax_amount=9322 main_tax_amount=0 days_alive=228 stage=0 res0=0 res1=400 res2=0 res3=0 res4=0 res5=0 res6=0 res7=0 res8=0 Farm=1 Garden=2 Road=2 House=1 SmallHouse=2 CowFarm=2 Apiary=1 Hothouse=1 | nw=1506474.6062
  s=  204 a= 11(BUILD:Goldmine) r= -4.7348 cum=   -330.73 v=-15.1517 top5=[a12=0.037, a41=0.033, a44=0.030, a43=0.030, a32=0.029] [BUILD FAILED: Goldmine]
    OBS: year=0 month=10 season=2 money=18973 credit=113603 people=28 busy=0 free=28 home_places=150 need_workers=28 tax_due=0 main_tax_due=0 tax_amount=9322 main_tax_amount=0 days_alive=229 stage=0 res0=0 res1=400 res2=0 res3=0 res4=0 res5=0 res6=0 res7=0 res8=0 Farm=1 Garden=2 Road=2 House=1 SmallHouse=2 CowFarm=2 Apiary=1 Hothouse=1 | nw=1506222.9995
  s=  205 a= 40(MANAGER:6) r= -0.5725 cum=   -331.30 v=-15.2082 top5=[a12=0.037, a41=0.032, a44=0.030, a43=0.030, a32=0.029]
    OBS: year=0 month=10 season=2 money=19173 credit=113830 people=28 busy=0 free=28 home_places=150 need_workers=28 tax_due=0 main_tax_due=0 tax_amount=9326 main_tax_amount=0 days_alive=230 stage=0 res0=0 res1=200 res2=0 res3=0 res4=0 res5=0 res6=0 res7=0 res8=0 Farm=1 Garden=2 Road=2 House=1 SmallHouse=2 CowFarm=2 Apiary=1 Hothouse=1 | nw=1505970.9285
  s=  206 a=  9(BUILD:Ironmine) r= -1.1549 cum=   -332.46 v=-15.2412 top5=[a12=0.037, a41=0.032, a44=0.030, a43=0.030, a32=0.029] [BUILD FAILED: Ironmine]
    OBS: year=0 month=10 season=2 money=19173 credit=114057 people=28 busy=0 free=28 home_places=150 need_workers=28 tax_due=0 main_tax_due=0 tax_amount=9326 main_tax_amount=0 days_alive=231 stage=0 res0=0 res1=200 res2=0 res3=0 res4=0 res5=0 res6=0 res7=0 res8=0 Farm=1 Garden=2 Road=2 House=1 SmallHouse=2 CowFarm=2 Apiary=1 Hothouse=1 | nw=1505717.0580
  s=  207 a=  3(BUILD:Farm) r= +0.6636 cum=   -331.79 v=-15.2906 top5=[a12=0.037, a41=0.032, a44=0.030, a43=0.030, a32=0.029] [BUILD: Farm]
    OBS: year=0 month=10 season=2 money=11533 credit=114285 people=28 busy=0 free=28 home_places=150 need_workers=28 tax_due=0 main_tax_due=0 tax_amount=9746 main_tax_amount=0 days_alive=232 stage=0 res0=0 res1=200 res2=0 res3=0 res4=0 res5=0 res6=0 res7=0 res8=0 Farm=1 Garden=3 Road=2 House=1 SmallHouse=2 CowFarm=2 Apiary=1 Hothouse=1 | nw=1505463.8885
  s=  208 a= 12(BUILD:PowerStation) r= +1.4291 cum=   -330.36 v=-15.7681 top5=[a12=0.039, a41=0.034, a44=0.033, a43=0.030, a32=0.028] [BUILD: PowerStation]
    OBS: year=0 month=10 season=2 money=11133 credit=114513 people=28 busy=0 free=28 home_places=150 need_workers=28 tax_due=0 main_tax_due=0 tax_amount=9746 main_tax_amount=0 days_alive=233 stage=0 res0=0 res1=200 res2=0 res3=0 res4=0 res5=0 res6=0 res7=0 res8=0 Farm=1 Garden=3 Road=3 House=1 SmallHouse=2 CowFarm=2 Apiary=1 Hothouse=1 | nw=1505209.9593
  s=  209 a=  4(BUILD:Garden) r= -0.9887 cum=   -331.35 v=-15.4017 top5=[a12=0.039, a41=0.035, a44=0.033, a43=0.031, a32=0.028] [BUILD: Garden]
    OBS: year=0 month=10 season=2 money=11133 credit=114742 people=28 busy=0 free=28 home_places=150 need_workers=28 tax_due=0 main_tax_due=0 tax_amount=9746 main_tax_amount=0 days_alive=234 stage=0 res0=0 res1=200 res2=0 res3=0 res4=0 res5=0 res6=0 res7=0 res8=0 Farm=1 Garden=3 Road=3 House=1 SmallHouse=2 CowFarm=2 Apiary=1 Hothouse=1 | nw=1504953.8908
  s=  210 a= 17(BUILD:HuntingLand) r= -4.7345 cum=   -336.09 v=-15.4752 top5=[a12=0.039, a41=0.034, a44=0.033, a43=0.031, a32=0.028] [BUILD FAILED: HuntingLand]
    OBS: year=0 month=10 season=2 money=11133 credit=114971 people=28 busy=0 free=28 home_places=150 need_workers=28 tax_due=0 main_tax_due=0 tax_amount=9746 main_tax_amount=0 days_alive=235 stage=0 res0=0 res1=200 res2=0 res3=0 res4=0 res5=0 res6=0 res7=0 res8=0 Farm=1 Garden=3 Road=3 House=1 SmallHouse=2 CowFarm=2 Apiary=1 Hothouse=1 | nw=1504698.0203
  s=  211 a= 16(BUILD:CoalCut) r= -1.1578 cum=   -337.25 v=-15.5458 top5=[a12=0.039, a41=0.034, a44=0.033, a43=0.031, a32=0.028] [BUILD FAILED: CoalCut]
    OBS: year=0 month=10 season=2 money=11133 credit=115200 people=28 busy=0 free=28 home_places=150 need_workers=28 tax_due=0 main_tax_due=0 tax_amount=9746 main_tax_amount=0 days_alive=236 stage=0 res0=0 res1=200 res2=0 res3=0 res4=0 res5=0 res6=0 res7=0 res8=0 Farm=1 Garden=3 Road=3 House=1 SmallHouse=2 CowFarm=2 Apiary=1 Hothouse=1 | nw=1504443.8509
  s=  212 a= 21(BUILD:BigFarm) r= -1.1613 cum=   -338.41 v=-15.6053 top5=[a12=0.039, a41=0.034, a44=0.034, a43=0.031, a32=0.028] [BUILD FAILED: BigFarm]
    OBS: year=0 month=10 season=2 money=11133 credit=115430 people=28 busy=0 free=28 home_places=150 need_workers=28 tax_due=0 main_tax_due=0 tax_amount=9746 main_tax_amount=0 days_alive=237 stage=0 res0=0 res1=200 res2=0 res3=0 res4=0 res5=0 res6=0 res7=0 res8=0 Farm=1 Garden=3 Road=3 House=1 SmallHouse=2 CowFarm=2 Apiary=1 Hothouse=1 | nw=1504188.6815
  s=  213 a=  6(BUILD:SmallHouse) r= -4.7370 cum=   -343.14 v=-15.6691 top5=[a12=0.039, a41=0.034, a44=0.034, a43=0.032, a32=0.028] [BUILD FAILED: SmallHouse]
    OBS: year=0 month=10 season=2 money=11133 credit=115660 people=28 busy=0 free=28 home_places=150 need_workers=28 tax_due=0 main_tax_due=0 tax_amount=9746 main_tax_amount=0 days_alive=238 stage=0 res0=0 res1=200 res2=0 res3=0 res4=0 res5=0 res6=0 res7=0 res8=0 Farm=1 Garden=3 Road=3 House=1 SmallHouse=2 CowFarm=2 Apiary=1 Hothouse=1 | nw=1503931.0920
  s=  214 a= 28(BUILD:BigRefinary) r= -1.1647 cum=   -344.31 v=-15.7438 top5=[a12=0.039, a41=0.035, a44=0.034, a43=0.032, a32=0.028] [BUILD FAILED: BigRefinary]
    OBS: year=0 month=10 season=2 money=11133 credit=115891 people=28 busy=0 free=28 home_places=150 need_workers=28 tax_due=0 main_tax_due=0 tax_amount=9746 main_tax_amount=0 days_alive=239 stage=0 res0=0 res1=200 res2=0 res3=0 res4=0 res5=0 res6=0 res7=0 res8=0 Farm=1 Garden=3 Road=3 House=1 SmallHouse=2 CowFarm=2 Apiary=1 Hothouse=1 | nw=1503674.9225
  s=  215 a= 30(BUILD:BigIronmine) r= -1.1659 cum=   -345.47 v=-16.1903 top5=[a12=0.040, a41=0.034, a44=0.034, a43=0.032, a32=0.029] [BUILD FAILED: BigIronmine]
    OBS: year=0 month=10 season=2 money=11133 credit=116122 people=28 busy=0 free=28 home_places=150 need_workers=28 tax_due=0 main_tax_due=0 tax_amount=9746 main_tax_amount=0 days_alive=240 stage=0 res0=0 res1=200 res2=0 res3=0 res4=0 res5=0 res6=0 res7=0 res8=0 Farm=1 Garden=3 Road=3 House=1 SmallHouse=2 CowFarm=2 Apiary=1 Hothouse=1 | nw=1503418.7531
  s=  216 a= 21(BUILD:BigFarm) r= -4.7395 cum=   -350.21 v=-16.2608 top5=[a12=0.039, a41=0.034, a44=0.034, a43=0.032, a32=0.028] [BUILD FAILED: BigFarm]
    OBS: year=0 month=10 season=2 money=11133 credit=116354 people=28 busy=0 free=28 home_places=150 need_workers=28 tax_due=0 main_tax_due=0 tax_amount=9746 main_tax_amount=0 days_alive=241 stage=0 res0=0 res1=200 res2=0 res3=0 res4=0 res5=0 res6=0 res7=0 res8=0 Farm=1 Garden=3 Road=3 House=1 SmallHouse=2 CowFarm=2 Apiary=1 Hothouse=1 | nw=1503164.0184
  s=  217 a= 24(BUILD:Hothouse) r= -1.1757 cum=   -351.39 v=-16.3228 top5=[a12=0.039, a44=0.034, a41=0.034, a43=0.032, a32=0.028] [BUILD FAILED: Hothouse]
    OBS: year=0 month=10 season=2 money=11133 credit=116586 people=28 busy=0 free=28 home_places=150 need_workers=28 tax_due=0 main_tax_due=0 tax_amount=9746 main_tax_amount=0 days_alive=242 stage=0 res0=0 res1=200 res2=0 res3=0 res4=0 res5=0 res6=0 res7=0 res8=0 Farm=1 Garden=3 Road=3 House=1 SmallHouse=2 CowFarm=2 Apiary=1 Hothouse=1 | nw=1502904.1901
  s=  218 a= 22(BUILD:Apiary) r= +1.1993 cum=   -350.19 v=-16.3846 top5=[a12=0.039, a44=0.034, a41=0.034, a43=0.032, a32=0.028] [BUILD: Apiary]
    OBS: year=0 month=10 season=2 money=1748 credit=116819 people=28 busy=0 free=28 home_places=150 need_workers=28 tax_due=0 main_tax_due=0 tax_amount=10166 main_tax_amount=0 days_alive=243 stage=0 res0=0 res1=200 res2=0 res3=0 res4=0 res5=0 res6=0 res7=0 res8=0 Farm=1 Garden=3 Road=3 House=1 SmallHouse=2 CowFarm=2 Apiary=2 Hothouse=1 | nw=1502645.5834
  s=  219 a= 22(BUILD:Apiary) r= -1.1768 cum=   -351.37 v=-17.3425 top5=[a12=0.041, a41=0.036, a44=0.034, a43=0.032, a32=0.028] [BUILD FAILED: Apiary]
    OBS: year=0 month=10 season=2 money=1748 credit=117052 people=28 busy=0 free=28 home_places=150 need_workers=28 tax_due=0 main_tax_due=0 tax_amount=10166 main_tax_amount=0 days_alive=244 stage=0 res0=0 res1=200 res2=0 res3=0 res4=0 res5=0 res6=0 res7=0 res8=0 Farm=1 Garden=3 Road=3 House=1 SmallHouse=2 CowFarm=2 Apiary=2 Hothouse=1 | nw=1502385.7129
  s=  220 a= 13(BUILD:HydroStation) r= -4.7391 cum=   -356.11 v=-17.4089 top5=[a12=0.041, a41=0.036, a44=0.034, a43=0.032, a32=0.028] [BUILD FAILED: HydroStation]
    OBS: year=0 month=11 season=2 money=1748 credit=117286 people=28 busy=0 free=28 home_places=150 need_workers=28 tax_due=0 main_tax_due=0 tax_amount=10166 main_tax_amount=0 days_alive=245 stage=0 res0=0 res1=200 res2=0 res3=0 res4=0 res5=0 res6=0 res7=0 res8=0 Farm=1 Garden=3 Road=3 House=1 SmallHouse=2 CowFarm=2 Apiary=2 Hothouse=1 | nw=1502126.5435
  s=  221 a=  6(BUILD:SmallHouse) r= -1.1773 cum=   -357.28 v=-18.8652 top5=[a12=0.042, a41=0.035, a44=0.033, a43=0.028, a34=0.027] [BUILD FAILED: SmallHouse]
    OBS: year=0 month=11 season=2 money=1748 credit=117520 people=28 busy=0 free=28 home_places=150 need_workers=28 tax_due=0 main_tax_due=0 tax_amount=10166 main_tax_amount=0 days_alive=246 stage=0 res0=0 res1=200 res2=0 res3=0 res4=0 res5=0 res6=0 res7=0 res8=0 Farm=1 Garden=3 Road=3 House=1 SmallHouse=2 CowFarm=2 Apiary=2 Hothouse=1 | nw=1501866.9368
  s=  222 a=  7(BUILD:Sawmill) r= -1.1834 cum=   -358.47 v=-18.8619 top5=[a12=0.042, a41=0.035, a44=0.033, a43=0.028, a34=0.027] [BUILD FAILED: Sawmill]
    OBS: year=0 month=11 season=2 money=1748 credit=117755 people=28 busy=0 free=28 home_places=150 need_workers=28 tax_due=0 main_tax_due=0 tax_amount=10166 main_tax_amount=0 days_alive=247 stage=0 res0=0 res1=200 res2=0 res3=0 res4=0 res5=0 res6=0 res7=0 res8=0 Farm=1 Garden=3 Road=3 House=1 SmallHouse=2 CowFarm=2 Apiary=2 Hothouse=1 | nw=1501605.2709
  s=  223 a= 12(BUILD:PowerStation) r= -0.0191 cum=   -358.49 v=-18.8559 top5=[a12=0.042, a41=0.035, a44=0.033, a43=0.029, a34=0.027] [BUILD: PowerStation]
    OBS: year=0 month=11 season=2 money=1348 credit=117990 people=28 busy=0 free=28 home_places=150 need_workers=28 tax_due=0 main_tax_due=0 tax_amount=10166 main_tax_amount=0 days_alive=248 stage=0 res0=0 res1=200 res2=0 res3=0 res4=0 res5=0 res6=0 res7=0 res8=0 Farm=1 Garden=3 Road=4 House=1 SmallHouse=2 CowFarm=2 Apiary=2 Hothouse=1 | nw=1501343.2024
  s=  224 a= 44(MANAGER:10) r= -0.4779 cum=   -358.96 v=-18.1775 top5=[a12=0.042, a41=0.035, a44=0.033, a43=0.030, a34=0.027]
    OBS: year=0 month=11 season=2 money=1348 credit=118225 people=28 busy=0 free=28 home_places=150 need_workers=28 tax_due=0 main_tax_due=0 tax_amount=10166 main_tax_amount=0 days_alive=249 stage=0 res0=0 res1=200 res2=0 res3=0 res4=0 res5=0 res6=0 res7=0 res8=0 Farm=1 Garden=3 Road=4 House=1 SmallHouse=2 CowFarm=2 Apiary=2 Hothouse=1 | nw=1501079.9022
  s=  225 a= 22(BUILD:Apiary) r= -4.7443 cum=   -363.71 v=-18.1579 top5=[a12=0.042, a41=0.035, a44=0.033, a43=0.030, a34=0.027] [BUILD FAILED: Apiary]
    OBS: year=0 month=11 season=2 money=1348 credit=118461 people=28 busy=0 free=28 home_places=150 need_workers=28 tax_due=0 main_tax_due=0 tax_amount=10166 main_tax_amount=0 days_alive=250 stage=0 res0=0 res1=200 res2=0 res3=0 res4=0 res5=0 res6=0 res7=0 res8=0 Farm=1 Garden=3 Road=4 House=1 SmallHouse=2 CowFarm=2 Apiary=2 Hothouse=1 | nw=1500814.6116
  s=  226 a=  2(BUILD:WaterChannel) r= -1.1677 cum=   -364.88 v=-18.1237 top5=[a12=0.042, a41=0.035, a44=0.033, a43=0.030, a32=0.027] [BUILD FAILED: WaterChannel]
    OBS: year=0 month=11 season=2 money=1348 credit=118697 people=28 busy=0 free=28 home_places=150 need_workers=28 tax_due=0 main_tax_due=0 tax_amount=10166 main_tax_amount=0 days_alive=251 stage=0 res0=0 res1=200 res2=0 res3=0 res4=0 res5=0 res6=0 res7=0 res8=0 Farm=1 Garden=3 Road=4 House=1 SmallHouse=2 CowFarm=2 Apiary=2 Hothouse=1 | nw=1500553.4422
  s=  227 a= 15(BUILD:Fish) r= -1.1897 cum=   -366.07 v=-18.6227 top5=[a12=0.042, a41=0.035, a44=0.034, a43=0.029, a34=0.027] [BUILD FAILED: Fish]
    OBS: year=0 month=11 season=2 money=1348 credit=118934 people=28 busy=0 free=28 home_places=150 need_workers=28 tax_due=0 main_tax_due=0 tax_amount=10166 main_tax_amount=0 days_alive=252 stage=0 res0=0 res1=200 res2=0 res3=0 res4=0 res5=0 res6=0 res7=0 res8=0 Farm=1 Garden=3 Road=4 House=1 SmallHouse=2 CowFarm=2 Apiary=2 Hothouse=1 | nw=1500290.8355
  s=  228 a= 33(BUILD:AtomStation) r= -4.7467 cum=   -370.81 v=-18.0701 top5=[a12=0.042, a41=0.035, a44=0.033, a43=0.030, a32=0.028] [BUILD FAILED: AtomStation]
    OBS: year=0 month=11 season=2 money=1348 credit=119171 people=28 busy=0 free=28 home_places=150 need_workers=28 tax_due=0 main_tax_due=0 tax_amount=10166 main_tax_amount=0 days_alive=253 stage=0 res0=0 res1=200 res2=0 res3=0 res4=0 res5=0 res6=0 res7=0 res8=0 Farm=1 Garden=3 Road=4 House=1 SmallHouse=2 CowFarm=2 Apiary=2 Hothouse=1 | nw=1500024.6607
  s=  229 a= 12(BUILD:PowerStation) r= -0.0351 cum=   -370.85 v=-18.0543 top5=[a12=0.042, a41=0.035, a44=0.033, a43=0.030, a32=0.028] [BUILD: PowerStation]
    OBS: year=0 month=11 season=2 money=948 credit=119409 people=28 busy=0 free=28 home_places=150 need_workers=30 tax_due=0 main_tax_due=0 tax_amount=10166 main_tax_amount=0 days_alive=254 stage=0 res0=0 res1=200 res2=0 res3=0 res4=0 res5=0 res6=0 res7=0 res8=0 Farm=1 Garden=3 Road=5 House=1 SmallHouse=2 CowFarm=2 Apiary=2 Hothouse=1 | nw=1499757.2814
  s=  230 a= 43(MANAGER:9) r= -1.1904 cum=   -372.04 v=-18.0035 top5=[a12=0.043, a41=0.035, a44=0.033, a43=0.031, a32=0.027]
    OBS: year=0 month=11 season=2 money=948 credit=119647 people=28 busy=0 free=28 home_places=150 need_workers=30 tax_due=0 main_tax_due=0 tax_amount=10166 main_tax_amount=0 days_alive=255 stage=0 res0=0 res1=200 res2=0 res3=0 res4=0 res5=0 res6=0 res7=0 res8=0 Farm=1 Garden=3 Road=5 House=1 SmallHouse=2 CowFarm=2 Apiary=2 Hothouse=1 | nw=1499495.1364
  s=  231 a= 27(BUILD:WaterMill) r= -4.7474 cum=   -376.79 v=-18.0028 top5=[a12=0.043, a41=0.035, a44=0.033, a43=0.031, a32=0.027] [BUILD FAILED: WaterMill]
    OBS: year=0 month=11 season=2 money=948 credit=119886 people=28 busy=0 free=28 home_places=150 need_workers=30 tax_due=0 main_tax_due=0 tax_amount=10166 main_tax_amount=0 days_alive=256 stage=0 res0=0 res1=200 res2=0 res3=0 res4=0 res5=0 res6=0 res7=0 res8=0 Farm=1 Garden=3 Road=5 House=1 SmallHouse=2 CowFarm=2 Apiary=2 Hothouse=1 | nw=1499228.1934
  s=  232 a= 16(BUILD:CoalCut) r= -1.1959 cum=   -377.98 v=-18.0039 top5=[a12=0.043, a41=0.035, a44=0.033, a43=0.031, a32=0.027] [BUILD FAILED: CoalCut]
    OBS: year=0 month=11 season=2 money=948 credit=120125 people=28 busy=0 free=28 home_places=150 need_workers=30 tax_due=0 main_tax_due=0 tax_amount=10166 main_tax_amount=0 days_alive=257 stage=0 res0=0 res1=200 res2=0 res3=0 res4=0 res5=0 res6=0 res7=0 res8=0 Farm=1 Garden=3 Road=5 House=1 SmallHouse=2 CowFarm=2 Apiary=2 Hothouse=1 | nw=1498964.1903
  s=  233 a= 24(BUILD:Hothouse) r= -1.2028 cum=   -379.18 v=-18.0280 top5=[a12=0.043, a41=0.035, a44=0.033, a43=0.031, a32=0.027] [BUILD FAILED: Hothouse]
    OBS: year=0 month=11 season=2 money=948 credit=120365 people=28 busy=0 free=28 home_places=150 need_workers=30 tax_due=0 main_tax_due=0 tax_amount=10166 main_tax_amount=0 days_alive=258 stage=0 res0=0 res1=200 res2=0 res3=0 res4=0 res5=0 res6=0 res7=0 res8=0 Farm=1 Garden=3 Road=5 House=1 SmallHouse=2 CowFarm=2 Apiary=2 Hothouse=1 | nw=1498697.8238
  s=  234 a= 43(MANAGER:9) r= -4.7498 cum=   -383.93 v=-18.0535 top5=[a12=0.043, a41=0.034, a44=0.033, a43=0.031, a32=0.027]
    OBS: year=0 month=11 season=2 money=948 credit=120605 people=28 busy=0 free=28 home_places=150 need_workers=30 tax_due=0 main_tax_due=0 tax_amount=10166 main_tax_amount=0 days_alive=259 stage=0 res0=0 res1=200 res2=0 res3=0 res4=0 res5=0 res6=0 res7=0 res8=0 Farm=1 Garden=3 Road=5 House=1 SmallHouse=2 CowFarm=2 Apiary=2 Hothouse=1 | nw=1498432.2171
  s=  235 a= 32(BUILD:SmallAtomStation) r= -1.2107 cum=   -385.14 v=-18.0781 top5=[a12=0.042, a41=0.034, a44=0.033, a43=0.031, a32=0.027] [BUILD FAILED: SmallAtomStation]
    OBS: year=0 month=11 season=2 money=948 credit=120846 people=28 busy=0 free=28 home_places=150 need_workers=30 tax_due=0 main_tax_due=0 tax_amount=10166 main_tax_amount=0 days_alive=260 stage=0 res0=0 res1=200 res2=0 res3=0 res4=0 res5=0 res6=0 res7=0 res8=0 Farm=1 Garden=3 Road=5 House=1 SmallHouse=2 CowFarm=2 Apiary=2 Hothouse=1 | nw=1498162.9516
  s=  236 a=  9(BUILD:Ironmine) r= -1.2229 cum=   -386.37 v=-18.7592 top5=[a12=0.044, a41=0.033, a44=0.033, a43=0.031, a32=0.028] [BUILD FAILED: Ironmine]
    OBS: year=0 month=11 season=2 money=948 credit=121087 people=28 busy=0 free=28 home_places=150 need_workers=30 tax_due=0 main_tax_due=0 tax_amount=10166 main_tax_amount=0 days_alive=261 stage=0 res0=0 res1=200 res2=0 res3=0 res4=0 res5=0 res6=0 res7=0 res8=0 Farm=1 Garden=3 Road=5 House=1 SmallHouse=2 CowFarm=2 Apiary=2 Hothouse=1 | nw=1497889.0784
  s=  237 a= 32(BUILD:SmallAtomStation) r= -4.7522 cum=   -391.12 v=-18.7740 top5=[a12=0.044, a41=0.033, a44=0.033, a43=0.031, a32=0.028] [BUILD FAILED: SmallAtomStation]
    OBS: year=0 month=11 season=2 money=948 credit=121329 people=28 busy=0 free=28 home_places=150 need_workers=30 tax_due=0 main_tax_due=0 tax_amount=10166 main_tax_amount=0 days_alive=262 stage=0 res0=0 res1=200 res2=0 res3=0 res4=0 res5=0 res6=0 res7=0 res8=0 Farm=1 Garden=3 Road=5 House=1 SmallHouse=2 CowFarm=2 Apiary=2 Hothouse=1 | nw=1497621.0344
  s=  238 a=  8(BUILD:Coalmine) r= -1.2112 cum=   -392.33 v=-18.8046 top5=[a12=0.044, a41=0.033, a44=0.033, a43=0.031, a32=0.028] [BUILD FAILED: Coalmine]
    OBS: year=0 month=11 season=2 money=948 credit=121571 people=28 busy=0 free=28 home_places=150 need_workers=30 tax_due=0 main_tax_due=0 tax_amount=10166 main_tax_amount=0 days_alive=263 stage=0 res0=0 res1=200 res2=0 res3=0 res4=0 res5=0 res6=0 res7=0 res8=0 Farm=1 Garden=3 Road=5 House=1 SmallHouse=2 CowFarm=2 Apiary=2 Hothouse=1 | nw=1497352.5531
  s=  239 a=  2(BUILD:WaterChannel) r= -1.2173 cum=   -393.55 v=-18.8318 top5=[a12=0.044, a44=0.033, a41=0.033, a43=0.031, a32=0.028] [BUILD FAILED: WaterChannel]
    OBS: year=0 month=11 season=2 money=948 credit=121814 people=28 busy=0 free=28 home_places=150 need_workers=30 tax_due=0 main_tax_due=0 tax_amount=10166 main_tax_amount=0 days_alive=264 stage=0 res0=0 res1=200 res2=0 res3=0 res4=0 res5=0 res6=0 res7=0 res8=0 Farm=1 Garden=3 Road=5 House=1 SmallHouse=2 CowFarm=2 Apiary=2 Hothouse=1 | nw=1497082.0469
  s=  240 a=  2(BUILD:WaterChannel) r= -4.7546 cum=   -398.30 v=-18.8668 top5=[a12=0.044, a44=0.033, a41=0.033, a43=0.031, a32=0.028] [BUILD FAILED: WaterChannel]
    OBS: year=0 month=11 season=2 money=948 credit=122057 people=28 busy=0 free=28 home_places=150 need_workers=30 tax_due=0 main_tax_due=0 tax_amount=10166 main_tax_amount=0 days_alive=265 stage=0 res0=0 res1=200 res2=0 res3=0 res4=0 res5=0 res6=0 res7=0 res8=0 Farm=1 Garden=3 Road=5 House=1 SmallHouse=2 CowFarm=2 Apiary=2 Hothouse=1 | nw=1496808.3461
  s=  241 a= 37(MANAGER:3) r= -4.7518 cum=   -403.05 v=-18.9095 top5=[a12=0.044, a44=0.033, a41=0.033, a43=0.031, a32=0.028]
    OBS: year=0 month=11 season=2 money=4148 credit=122301 people=28 busy=0 free=28 home_places=150 need_workers=30 tax_due=0 main_tax_due=0 tax_amount=9746 main_tax_amount=0 days_alive=266 stage=0 res0=0 res1=200 res2=0 res3=0 res4=0 res5=0 res6=0 res7=0 res8=0 Farm=1 Garden=3 Road=5 House=1 SmallHouse=2 CowFarm=1 Apiary=2 Hothouse=1 | nw=1467735.7750
  s=  242 a=  2(BUILD:WaterChannel) r= -1.1883 cum=   -404.24 v=-18.5812 top5=[a12=0.046, a44=0.033, a43=0.029, a34=0.028, a41=0.027] [BUILD FAILED: WaterChannel]
    OBS: year=0 month=11 season=2 money=4148 credit=122545 people=28 busy=0 free=28 home_places=150 need_workers=30 tax_due=0 main_tax_due=0 tax_amount=9746 main_tax_amount=0 days_alive=267 stage=0 res0=0 res1=200 res2=0 res3=0 res4=0 res5=0 res6=0 res7=0 res8=0 Farm=1 Garden=3 Road=5 House=1 SmallHouse=2 CowFarm=1 Apiary=2 Hothouse=1 | nw=1467464.9712
  s=  243 a= 40(MANAGER:6) r= -4.7515 cum=   -408.99 v=-18.9271 top5=[a12=0.047, a44=0.034, a34=0.030, a43=0.029, a41=0.027]
    OBS: year=0 month=11 season=2 money=4148 credit=122790 people=28 busy=0 free=28 home_places=150 need_workers=30 tax_due=0 main_tax_due=0 tax_amount=9746 main_tax_amount=0 days_alive=268 stage=0 res0=0 res1=200 res2=0 res3=0 res4=0 res5=0 res6=0 res7=0 res8=0 Farm=1 Garden=3 Road=5 House=1 SmallHouse=2 CowFarm=1 Apiary=2 Hothouse=1 | nw=1467189.3000
  s=  244 a= 24(BUILD:Hothouse) r= -1.2246 cum=   -410.22 v=-18.5491 top5=[a12=0.048, a44=0.034, a43=0.029, a34=0.028, a41=0.027] [BUILD FAILED: Hothouse]
    OBS: year=0 month=11 season=2 money=4148 credit=123035 people=28 busy=0 free=28 home_places=150 need_workers=30 tax_due=0 main_tax_due=0 tax_amount=9746 main_tax_amount=0 days_alive=269 stage=0 res0=0 res1=200 res2=0 res3=0 res4=0 res5=0 res6=0 res7=0 res8=0 Farm=1 Garden=3 Road=5 House=1 SmallHouse=2 CowFarm=1 Apiary=2 Hothouse=1 | nw=1466916.5760
  s=  245 a= 41(MANAGER:7) r= -1.2334 cum=   -411.45 v=-18.6164 top5=[a12=0.048, a44=0.034, a43=0.030, a34=0.028, a41=0.027]
    OBS: year=0 month=11 season=2 money=3748 credit=123281 people=28 busy=0 free=28 home_places=150 need_workers=30 tax_due=0 main_tax_due=0 tax_amount=9750 main_tax_amount=0 days_alive=270 stage=0 res0=0 res1=400 res2=0 res3=0 res4=0 res5=0 res6=0 res7=0 res8=0 Farm=1 Garden=3 Road=5 House=1 SmallHouse=2 CowFarm=1 Apiary=2 Hothouse=1 | nw=1466440.6646
  s=  246 a= 40(MANAGER:6) r= -4.7539 cum=   -416.21 v=-18.7475 top5=[a12=0.049, a44=0.034, a43=0.030, a34=0.028, a41=0.027]
    OBS: year=0 month=11 season=2 money=3948 credit=123527 people=29 busy=0 free=29 home_places=150 need_workers=30 tax_due=0 main_tax_due=0 tax_amount=9754 main_tax_amount=0 days_alive=271 stage=0 res0=0 res1=200 res2=0 res3=0 res4=0 res5=0 res6=0 res7=0 res8=0 Farm=1 Garden=3 Road=5 House=1 SmallHouse=2 CowFarm=1 Apiary=2 Hothouse=1 | nw=1466160.9204
  s=  247 a= 35(MANAGER:1) r= -1.2397 cum=   -417.45 v=-18.7105 top5=[a12=0.048, a44=0.034, a43=0.030, a34=0.028, a39=0.027]
    OBS: year=0 month=11 season=2 money=3948 credit=123774 people=29 busy=0 free=29 home_places=150 need_workers=30 tax_due=0 main_tax_due=0 tax_amount=9754 main_tax_amount=0 days_alive=272 stage=0 res0=0 res1=200 res2=0 res3=0 res4=0 res5=0 res6=0 res7=0 res8=0 Farm=1 Garden=3 Road=5 House=1 SmallHouse=2 CowFarm=1 Apiary=2 Hothouse=1 | nw=1465882.8466
  s=  248 a=  2(BUILD:WaterChannel) r= -1.2400 cum=   -418.69 v=-18.7414 top5=[a12=0.048, a44=0.034, a43=0.031, a34=0.028, a39=0.027] [BUILD FAILED: WaterChannel]
    OBS: year=0 month=11 season=2 money=3948 credit=124021 people=29 busy=0 free=29 home_places=150 need_workers=30 tax_due=0 main_tax_due=0 tax_amount=9754 main_tax_amount=0 days_alive=273 stage=0 res0=0 res1=200 res2=0 res3=0 res4=0 res5=0 res6=0 res7=0 res8=0 Farm=1 Garden=3 Road=5 House=1 SmallHouse=2 CowFarm=1 Apiary=2 Hothouse=1 | nw=1465605.1754
  s=  249 a= 12(BUILD:PowerStation) r= -0.0776 cum=   -418.76 v=-18.7952 top5=[a12=0.048, a44=0.034, a43=0.031, a39=0.028, a34=0.027] [BUILD: PowerStation]
    OBS: year=0 month=11 season=2 money=3548 credit=124269 people=29 busy=0 free=29 home_places=150 need_workers=35 tax_due=0 main_tax_due=0 tax_amount=9754 main_tax_amount=0 days_alive=274 stage=0 res0=0 res1=200 res2=0 res3=0 res4=0 res5=0 res6=0 res7=0 res8=0 Farm=1 Garden=3 Road=6 House=1 SmallHouse=2 CowFarm=1 Apiary=2 Hothouse=1 | nw=1465324.8032
  s=  250 a= 35(MANAGER:1) r= -1.2427 cum=   -420.01 v=-18.4818 top5=[a12=0.048, a44=0.034, a43=0.032, a34=0.028, a41=0.028]
    OBS: year=0 month=12 season=3 money=3548 credit=124517 people=29 busy=0 free=29 home_places=150 need_workers=14 tax_due=0 main_tax_due=0 tax_amount=9754 main_tax_amount=0 days_alive=275 stage=0 res0=0 res1=200 res2=0 res3=0 res4=0 res5=0 res6=0 res7=0 res8=0 Farm=1 Garden=3 Road=6 House=1 SmallHouse=2 CowFarm=1 Apiary=2 Hothouse=1 | nw=1465046.8917
  s=  251 a= 15(BUILD:Fish) r= -4.7599 cum=   -424.77 v=-23.4827 top5=[a12=0.042, a36=0.034, a17=0.031, a24=0.028, a39=0.028] [BUILD FAILED: Fish]
    OBS: year=0 month=12 season=3 money=3548 credit=124766 people=29 busy=0 free=29 home_places=150 need_workers=14 tax_due=0 main_tax_due=0 tax_amount=9754 main_tax_amount=0 days_alive=276 stage=0 res0=0 res1=200 res2=0 res3=0 res4=0 res5=0 res6=0 res7=0 res8=0 Farm=1 Garden=3 Road=6 House=1 SmallHouse=2 CowFarm=1 Apiary=2 Hothouse=1 | nw=1464767.1058
  s=  252 a= 20(BUILD:BigHouse) r= -1.2617 cum=   -426.03 v=-24.1249 top5=[a12=0.060, a32=0.032, a43=0.031, a6=0.029, a34=0.028] [BUILD FAILED: BigHouse]
    OBS: year=0 month=12 season=3 money=3548 credit=125015 people=29 busy=0 free=29 home_places=150 need_workers=14 tax_due=0 main_tax_due=0 tax_amount=9754 main_tax_amount=0 days_alive=277 stage=0 res0=0 res1=200 res2=0 res3=0 res4=0 res5=0 res6=0 res7=0 res8=0 Farm=1 Garden=3 Road=6 House=1 SmallHouse=2 CowFarm=1 Apiary=2 Hothouse=1 | nw=1464481.6681
  s=  253 a= 40(MANAGER:6) r= -1.2430 cum=   -427.27 v=-23.9393 top5=[a12=0.059, a32=0.032, a43=0.032, a6=0.029, a34=0.027]
    OBS: year=0 month=12 season=3 money=3548 credit=125265 people=29 busy=0 free=29 home_places=150 need_workers=14 tax_due=0 main_tax_due=0 tax_amount=9754 main_tax_amount=0 days_alive=278 stage=0 res0=0 res1=200 res2=0 res3=0 res4=0 res5=0 res6=0 res7=0 res8=0 Farm=1 Garden=3 Road=6 House=1 SmallHouse=2 CowFarm=1 Apiary=2 Hothouse=1 | nw=1464204.6512
  s=  254 a= 41(MANAGER:7) r= -4.7623 cum=   -432.03 v=-23.7613 top5=[a12=0.058, a32=0.032, a43=0.032, a6=0.029, a34=0.027]
    OBS: year=0 month=12 season=3 money=3148 credit=125515 people=29 busy=0 free=29 home_places=150 need_workers=14 tax_due=0 main_tax_due=0 tax_amount=9758 main_tax_amount=0 days_alive=279 stage=0 res0=0 res1=400 res2=0 res3=0 res4=0 res5=0 res6=0 res7=0 res8=0 Farm=1 Garden=3 Road=6 House=1 SmallHouse=2 CowFarm=1 Apiary=2 Hothouse=1 | nw=1463721.8909
  s=  255 a=  7(BUILD:Sawmill) r= -1.2466 cum=   -433.28 v=-23.6505 top5=[a12=0.057, a32=0.032, a43=0.032, a6=0.029, a34=0.027] [BUILD FAILED: Sawmill]
    OBS: year=0 month=12 season=3 money=3148 credit=125766 people=29 busy=0 free=29 home_places=150 need_workers=14 tax_due=0 main_tax_due=0 tax_amount=9758 main_tax_amount=0 days_alive=280 stage=0 res0=0 res1=400 res2=0 res3=0 res4=0 res5=0 res6=0 res7=0 res8=0 Farm=1 Garden=3 Road=6 House=1 SmallHouse=2 CowFarm=1 Apiary=2 Hothouse=1 | nw=1463443.8052
  s=  256 a= 12(BUILD:PowerStation) r= -0.0791 cum=   -433.36 v=-23.7187 top5=[a12=0.061, a43=0.032, a32=0.031, a6=0.029, a8=0.028] [BUILD: PowerStation]
    OBS: year=0 month=12 season=3 money=2748 credit=126017 people=29 busy=0 free=29 home_places=150 need_workers=14 tax_due=0 main_tax_due=0 tax_amount=9758 main_tax_amount=0 days_alive=281 stage=0 res0=0 res1=400 res2=0 res3=0 res4=0 res5=0 res6=0 res7=0 res8=0 Farm=1 Garden=3 Road=7 House=1 SmallHouse=2 CowFarm=1 Apiary=2 Hothouse=1 | nw=1463164.5949
  s=  257 a= 21(BUILD:BigFarm) r= -1.2706 cum=   -434.63 v=-23.5265 top5=[a12=0.057, a43=0.032, a32=0.032, a6=0.028, a35=0.028] [BUILD FAILED: BigFarm]
    OBS: year=0 month=12 season=3 money=2748 credit=126269 people=29 busy=0 free=29 home_places=150 need_workers=14 tax_due=0 main_tax_due=0 tax_amount=9758 main_tax_amount=0 days_alive=282 stage=0 res0=0 res1=400 res2=0 res3=0 res4=0 res5=0 res6=0 res7=0 res8=0 Farm=1 Garden=3 Road=7 House=1 SmallHouse=2 CowFarm=1 Apiary=2 Hothouse=1 | nw=1462877.3311
  s=  258 a= 14(BUILD:Road) r= -4.7657 cum=   -439.40 v=-23.4180 top5=[a12=0.056, a43=0.032, a32=0.032, a6=0.028, a35=0.028] [BUILD FAILED: Road]
    OBS: year=0 month=12 season=3 money=2748 credit=126521 people=29 busy=0 free=29 home_places=150 need_workers=14 tax_due=0 main_tax_due=0 tax_amount=9758 main_tax_amount=0 days_alive=283 stage=0 res0=0 res1=400 res2=0 res3=0 res4=0 res5=0 res6=0 res7=0 res8=0 Farm=1 Garden=3 Road=7 House=1 SmallHouse=2 CowFarm=1 Apiary=2 Hothouse=1 | nw=1462592.7262
  s=  259 a= 36(MANAGER:2) r= +0.3510 cum=   -439.04 v=-23.3394 top5=[a12=0.055, a43=0.032, a32=0.032, a35=0.028, a6=0.028]
    OBS: year=0 month=12 season=3 money=1555 credit=126774 people=29 busy=0 free=29 home_places=150 need_workers=14 tax_due=0 main_tax_due=0 tax_amount=9758 main_tax_amount=0 days_alive=284 stage=0 res0=0 res1=400 res2=0 res3=0 res4=0 res5=0 res6=0 res7=0 res8=0 Farm=1 Garden=3 Road=7 House=1 SmallHouse=2 CowFarm=1 Apiary=2 Hothouse=1 | nw=1462786.8756
  s=  260 a= 15(BUILD:Fish) r= -1.2740 cum=   -440.32 v=-23.4114 top5=[a12=0.054, a43=0.033, a32=0.032, a35=0.028, a6=0.028] [BUILD FAILED: Fish]
    OBS: year=0 month=12 season=3 money=1555 credit=127027 people=29 busy=0 free=29 home_places=150 need_workers=14 tax_due=0 main_tax_due=0 tax_amount=9758 main_tax_amount=0 days_alive=285 stage=0 res0=0 res1=400 res2=0 res3=0 res4=0 res5=0 res6=0 res7=0 res8=0 Farm=1 Garden=3 Road=7 House=1 SmallHouse=2 CowFarm=1 Apiary=2 Hothouse=1 | nw=1462498.9344
  s=  261 a= 41(MANAGER:7) r= -4.7653 cum=   -445.08 v=-23.3433 top5=[a12=0.053, a43=0.033, a32=0.032, a35=0.028, a6=0.027]
    OBS: year=0 month=12 season=3 money=1555 credit=127281 people=29 busy=0 free=29 home_places=150 need_workers=14 tax_due=0 main_tax_due=0 tax_amount=9758 main_tax_amount=0 days_alive=286 stage=0 res0=0 res1=400 res2=0 res3=0 res4=0 res5=0 res6=0 res7=0 res8=0 Farm=1 Garden=3 Road=7 House=1 SmallHouse=2 CowFarm=1 Apiary=2 Hothouse=1 | nw=1462210.8872
  s=  262 a= 15(BUILD:Fish) r= -1.2815 cum=   -446.37 v=-23.2895 top5=[a12=0.052, a43=0.033, a32=0.032, a35=0.028, a6=0.027] [BUILD FAILED: Fish]
    OBS: year=0 month=12 season=3 money=1555 credit=127535 people=29 busy=0 free=29 home_places=150 need_workers=14 tax_due=0 main_tax_due=0 tax_amount=9758 main_tax_amount=0 days_alive=287 stage=0 res0=0 res1=400 res2=0 res3=0 res4=0 res5=0 res6=0 res7=0 res8=0 Farm=1 Garden=3 Road=7 House=1 SmallHouse=2 CowFarm=1 Apiary=2 Hothouse=1 | nw=1461920.2449
  s=  263 a= 14(BUILD:Road) r= -1.2897 cum=   -447.65 v=-23.5022 top5=[a12=0.056, a43=0.032, a32=0.031, a30=0.029, a8=0.028] [BUILD FAILED: Road]
    OBS: year=0 month=12 season=3 money=1555 credit=127790 people=29 busy=0 free=29 home_places=150 need_workers=14 tax_due=0 main_tax_due=0 tax_amount=9758 main_tax_amount=0 days_alive=288 stage=0 res0=0 res1=400 res2=0 res3=0 res4=0 res5=0 res6=0 res7=0 res8=0 Farm=1 Garden=3 Road=7 House=1 SmallHouse=2 CowFarm=1 Apiary=2 Hothouse=1 | nw=1461626.7377
  s=  264 a= 25(BUILD:SuperHouse) r= -4.7677 cum=   -452.42 v=-23.4988 top5=[a12=0.055, a43=0.032, a32=0.031, a30=0.029, a8=0.028] [BUILD FAILED: SuperHouse]
    OBS: year=0 month=12 season=3 money=1555 credit=128045 people=29 busy=0 free=29 home_places=150 need_workers=14 tax_due=0 main_tax_due=0 tax_amount=9758 main_tax_amount=0 days_alive=289 stage=0 res0=0 res1=400 res2=0 res3=0 res4=0 res5=0 res6=0 res7=0 res8=0 Farm=1 Garden=3 Road=7 House=1 SmallHouse=2 CowFarm=1 Apiary=2 Hothouse=1 | nw=1461337.5563
  s=  265 a= 35(MANAGER:1) r= -1.2773 cum=   -453.70 v=-23.4931 top5=[a12=0.054, a43=0.032, a32=0.031, a30=0.029, a8=0.028]
    OBS: year=0 month=12 season=3 money=1555 credit=128301 people=29 busy=0 free=29 home_places=150 need_workers=14 tax_due=0 main_tax_due=0 tax_amount=9758 main_tax_amount=0 days_alive=290 stage=0 res0=0 res1=400 res2=0 res3=0 res4=0 res5=0 res6=0 res7=0 res8=0 Farm=1 Garden=3 Road=7 House=1 SmallHouse=2 CowFarm=1 Apiary=2 Hothouse=1 | nw=1461049.7371
  s=  266 a= 35(MANAGER:1) r= -1.2790 cum=   -454.98 v=-23.4868 top5=[a12=0.054, a43=0.032, a32=0.031, a30=0.029, a8=0.028]
    OBS: year=0 month=12 season=3 money=1555 credit=128557 people=29 busy=0 free=29 home_places=150 need_workers=14 tax_due=0 main_tax_due=0 tax_amount=9758 main_tax_amount=0 days_alive=291 stage=0 res0=0 res1=400 res2=0 res3=0 res4=0 res5=0 res6=0 res7=0 res8=0 Farm=1 Garden=3 Road=7 House=1 SmallHouse=2 CowFarm=1 Apiary=2 Hothouse=1 | nw=1460761.7281
  s=  267 a= 14(BUILD:Road) r= -4.7701 cum=   -459.75 v=-23.4771 top5=[a12=0.053, a43=0.033, a32=0.031, a30=0.029, a8=0.028] [BUILD FAILED: Road]
    OBS: year=0 month=12 season=3 money=1555 credit=128814 people=29 busy=0 free=29 home_places=150 need_workers=14 tax_due=0 main_tax_due=0 tax_amount=9758 main_tax_amount=0 days_alive=292 stage=0 res0=0 res1=400 res2=0 res3=0 res4=0 res5=0 res6=0 res7=0 res8=0 Farm=1 Garden=3 Road=7 House=1 SmallHouse=2 CowFarm=1 Apiary=2 Hothouse=1 | nw=1460471.4322
  s=  268 a= 32(BUILD:SmallAtomStation) r= -1.2881 cum=   -461.04 v=-23.4636 top5=[a12=0.052, a43=0.033, a32=0.031, a30=0.030, a8=0.028] [BUILD FAILED: SmallAtomStation]
    OBS: year=0 month=12 season=3 money=1555 credit=129071 people=29 busy=0 free=29 home_places=150 need_workers=14 tax_due=0 main_tax_due=0 tax_amount=9758 main_tax_amount=0 days_alive=293 stage=0 res0=0 res1=400 res2=0 res3=0 res4=0 res5=0 res6=0 res7=0 res8=0 Farm=1 Garden=3 Road=7 House=1 SmallHouse=2 CowFarm=1 Apiary=2 Hothouse=1 | nw=1460180.0946
  s=  269 a= 23(BUILD:Torchlight) r= -1.2866 cum=   -462.32 v=-23.4485 top5=[a12=0.051, a43=0.032, a32=0.031, a30=0.030, a8=0.028] [BUILD FAILED: Torchlight]
    OBS: year=0 month=12 season=3 money=1555 credit=129329 people=29 busy=0 free=29 home_places=150 need_workers=14 tax_due=0 main_tax_due=0 tax_amount=9758 main_tax_amount=0 days_alive=294 stage=0 res0=0 res1=400 res2=0 res3=0 res4=0 res5=0 res6=0 res7=0 res8=0 Farm=1 Garden=3 Road=7 House=1 SmallHouse=2 CowFarm=1 Apiary=2 Hothouse=1 | nw=1459889.9465
  s=  270 a= 36(MANAGER:2) r= -4.7724 cum=   -467.10 v=-23.4320 top5=[a12=0.050, a43=0.032, a32=0.031, a30=0.030, a8=0.028]
    OBS: year=0 month=12 season=3 money=1358 credit=129587 people=29 busy=0 free=29 home_places=150 need_workers=14 tax_due=0 main_tax_due=0 tax_amount=9758 main_tax_amount=0 days_alive=295 stage=0 res0=0 res1=400 res2=0 res3=0 res4=0 res5=0 res6=0 res7=0 res8=0 Farm=1 Garden=3 Road=7 House=1 SmallHouse=2 CowFarm=1 Apiary=2 Hothouse=1 | nw=1459689.8281
  s=  271 a= 43(MANAGER:9) r= -1.2877 cum=   -468.38 v=-23.4442 top5=[a12=0.049, a43=0.032, a32=0.031, a30=0.030, a8=0.028]
    OBS: year=0 month=12 season=3 money=1358 credit=129846 people=29 busy=0 free=29 home_places=150 need_workers=14 tax_due=0 main_tax_due=0 tax_amount=9758 main_tax_amount=0 days_alive=296 stage=0 res0=0 res1=400 res2=0 res3=0 res4=0 res5=0 res6=0 res7=0 res8=0 Farm=1 Garden=3 Road=7 House=1 SmallHouse=2 CowFarm=1 Apiary=2 Hothouse=1 | nw=1459399.7196
  s=  272 a= 28(BUILD:BigRefinary) r= -1.3040 cum=   -469.69 v=-23.4350 top5=[a12=0.048, a43=0.032, a32=0.031, a30=0.030, a8=0.028] [BUILD FAILED: BigRefinary]
    OBS: year=0 month=12 season=3 money=1358 credit=130105 people=29 busy=0 free=29 home_places=150 need_workers=14 tax_due=0 main_tax_due=0 tax_amount=9758 main_tax_amount=0 days_alive=297 stage=0 res0=0 res1=400 res2=0 res3=0 res4=0 res5=0 res6=0 res7=0 res8=0 Farm=1 Garden=3 Road=7 House=1 SmallHouse=2 CowFarm=1 Apiary=2 Hothouse=1 | nw=1459103.3084
  s=  273 a= 24(BUILD:Hothouse) r= -4.7747 cum=   -474.46 v=-23.4512 top5=[a12=0.047, a43=0.032, a32=0.031, a30=0.030, a44=0.028] [BUILD FAILED: Hothouse]
    OBS: year=0 month=12 season=3 money=1358 credit=130365 people=29 busy=0 free=29 home_places=150 need_workers=14 tax_due=0 main_tax_due=0 tax_amount=9758 main_tax_amount=0 days_alive=298 stage=0 res0=0 res1=400 res2=0 res3=0 res4=0 res5=0 res6=0 res7=0 res8=0 Farm=1 Garden=3 Road=7 House=1 SmallHouse=2 CowFarm=1 Apiary=2 Hothouse=1 | nw=1458810.9623
  s=  274 a=  8(BUILD:Coalmine) r= -1.2884 cum=   -475.75 v=-23.4963 top5=[a12=0.046, a43=0.032, a32=0.031, a30=0.030, a8=0.028] [BUILD FAILED: Coalmine]
    OBS: year=0 month=12 season=3 money=1358 credit=130625 people=29 busy=0 free=29 home_places=150 need_workers=14 tax_due=0 main_tax_due=0 tax_amount=9758 main_tax_amount=0 days_alive=299 stage=0 res0=0 res1=400 res2=0 res3=0 res4=0 res5=0 res6=0 res7=0 res8=0 Farm=1 Garden=3 Road=7 House=1 SmallHouse=2 CowFarm=1 Apiary=2 Hothouse=1 | nw=1458521.5866
  s=  275 a= 24(BUILD:Hothouse) r= -0.3354 cum=   -476.09 v=-23.5426 top5=[a12=0.046, a43=0.032, a32=0.031, a30=0.030, a8=0.028] [BUILD: Hothouse]
    OBS: year=0 month=12 season=3 money=1358 credit=130886 people=29 busy=0 free=29 home_places=150 need_workers=14 tax_due=0 main_tax_due=0 tax_amount=9758 main_tax_amount=0 days_alive=300 stage=0 res0=0 res1=400 res2=0 res3=0 res4=0 res5=0 res6=0 res7=0 res8=0 Farm=1 Garden=3 Road=7 House=1 SmallHouse=2 CowFarm=1 Apiary=2 Hothouse=1 | nw=1458231.9880
  s=  276 a= 20(BUILD:BigHouse) r= -4.7759 cum=   -480.86 v=-23.5921 top5=[a12=0.045, a43=0.032, a32=0.031, a30=0.030, a8=0.028] [BUILD FAILED: BigHouse]
    OBS: year=0 month=12 season=3 money=1358 credit=131147 people=29 busy=0 free=29 home_places=150 need_workers=14 tax_due=0 main_tax_due=0 tax_amount=9758 main_tax_amount=0 days_alive=301 stage=0 res0=0 res1=400 res2=0 res3=0 res4=0 res5=0 res6=0 res7=0 res8=0 Farm=1 Garden=3 Road=7 House=1 SmallHouse=2 CowFarm=1 Apiary=2 Hothouse=1 | nw=1457937.4418
  s=  277 a= 27(BUILD:WaterMill) r= -1.2989 cum=   -482.16 v=-23.6410 top5=[a12=0.044, a43=0.032, a32=0.031, a30=0.030, a8=0.028] [BUILD FAILED: WaterMill]
    OBS: year=0 month=12 season=3 money=1358 credit=131409 people=29 busy=0 free=29 home_places=150 need_workers=14 tax_due=0 main_tax_due=0 tax_amount=9758 main_tax_amount=0 days_alive=302 stage=0 res0=0 res1=400 res2=0 res3=0 res4=0 res5=0 res6=0 res7=0 res8=0 Farm=1 Garden=3 Road=7 House=1 SmallHouse=2 CowFarm=1 Apiary=2 Hothouse=1 | nw=1457644.5721
  s=  278 a=  3(BUILD:Farm) r= -1.3042 cum=   -483.47 v=-23.6873 top5=[a12=0.043, a43=0.032, a32=0.031, a30=0.030, a8=0.029] [BUILD FAILED: Farm]
    OBS: year=0 month=12 season=3 money=1358 credit=131671 people=29 busy=0 free=29 home_places=150 need_workers=14 tax_due=0 main_tax_due=0 tax_amount=9758 main_tax_amount=0 days_alive=303 stage=0 res0=0 res1=400 res2=0 res3=0 res4=0 res5=0 res6=0 res7=0 res8=0 Farm=1 Garden=3 Road=7 House=1 SmallHouse=2 CowFarm=1 Apiary=2 Hothouse=1 | nw=1457350.0655
  s=  279 a= 21(BUILD:BigFarm) r= -4.7782 cum=   -488.24 v=-23.7321 top5=[a12=0.042, a43=0.033, a32=0.031, a30=0.030, a8=0.029] [BUILD FAILED: BigFarm]
    OBS: year=0 month=12 season=3 money=1358 credit=131934 people=29 busy=0 free=29 home_places=150 need_workers=14 tax_due=0 main_tax_due=0 tax_amount=9758 main_tax_amount=0 days_alive=304 stage=0 res0=0 res1=400 res2=0 res3=0 res4=0 res5=0 res6=0 res7=0 res8=0 Farm=1 Garden=3 Road=7 House=1 SmallHouse=2 CowFarm=1 Apiary=2 Hothouse=1 | nw=1457054.9174
  s=  280 a= 35(MANAGER:1) r= -0.7903 cum=   -489.03 v=-23.7768 top5=[a12=0.042, a43=0.033, a32=0.031, a30=0.030, a8=0.029]
    OBS: year=0 month=12 season=3 money=1334 credit=132197 people=29 busy=0 free=29 home_places=150 need_workers=14 tax_due=0 main_tax_due=0 tax_amount=9758 main_tax_amount=0 days_alive=305 stage=0 res0=0 res1=400 res2=0 res3=0 res4=0 res5=0 res6=0 res7=0 res8=0 Farm=1 Garden=3 Road=7 House=1 SmallHouse=2 CowFarm=1 Apiary=2 Hothouse=1 | nw=1456776.1238
  s=  281 a= 25(BUILD:SuperHouse) r= -1.3196 cum=   -490.35 v=-23.8285 top5=[a12=0.041, a43=0.033, a32=0.031, a30=0.030, a8=0.029] [BUILD FAILED: SuperHouse]
    OBS: year=1 month=1 season=3 money=1334 credit=132461 people=29 busy=0 free=29 home_places=150 need_workers=14 tax_due=0 main_tax_due=0 tax_amount=9758 main_tax_amount=0 days_alive=306 stage=0 res0=0 res1=400 res2=0 res3=0 res4=0 res5=0 res6=0 res7=0 res8=0 Farm=1 Garden=3 Road=7 House=1 SmallHouse=2 CowFarm=1 Apiary=2 Hothouse=1 | nw=1456476.1575
  s=  282 a= 11(BUILD:Goldmine) r= -4.7801 cum=   -495.13 v=-28.4170 top5=[a12=0.091, a39=0.032, a15=0.029, a32=0.028, a11=0.028] [BUILD FAILED: Goldmine]
    OBS: year=1 month=1 season=3 money=1334 credit=132725 people=29 busy=0 free=29 home_places=150 need_workers=14 tax_due=0 main_tax_due=0 tax_amount=9758 main_tax_amount=0 days_alive=307 stage=0 res0=0 res1=400 res2=0 res3=0 res4=0 res5=0 res6=0 res7=0 res8=0 Farm=1 Garden=3 Road=7 House=1 SmallHouse=2 CowFarm=1 Apiary=2 Hothouse=1 | nw=1456178.5796
  s=  283 a= 36(MANAGER:2) r= -0.6500 cum=   -495.78 v=-28.4219 top5=[a12=0.090, a39=0.032, a15=0.029, a11=0.029, a32=0.028]
    OBS: year=1 month=1 season=3 money=1128 credit=132990 people=29 busy=0 free=29 home_places=150 need_workers=14 tax_due=0 main_tax_due=0 tax_amount=9758 main_tax_amount=0 days_alive=308 stage=0 res0=0 res1=400 res2=0 res3=0 res4=0 res5=0 res6=0 res7=0 res8=0 Farm=1 Garden=3 Road=7 House=1 SmallHouse=2 CowFarm=1 Apiary=2 Hothouse=1 | nw=1455959.4401
  s=  284 a= 24(BUILD:Hothouse) r= -1.3137 cum=   -497.10 v=-28.4886 top5=[a12=0.088, a39=0.033, a15=0.029, a11=0.029, a32=0.028] [BUILD FAILED: Hothouse]
    OBS: year=1 month=1 season=3 money=1128 credit=133255 people=29 busy=0 free=29 home_places=150 need_workers=14 tax_due=0 main_tax_due=0 tax_amount=9758 main_tax_amount=0 days_alive=309 stage=0 res0=0 res1=400 res2=0 res3=0 res4=0 res5=0 res6=0 res7=0 res8=0 Farm=1 Garden=3 Road=7 House=1 SmallHouse=2 CowFarm=1 Apiary=2 Hothouse=1 | nw=1455662.9522
  s=  285 a= 40(MANAGER:6) r= -4.7817 cum=   -501.88 v=-28.5123 top5=[a12=0.087, a39=0.033, a15=0.029, a11=0.029, a32=0.028]
    OBS: year=1 month=1 season=3 money=1328 credit=133521 people=29 busy=0 free=29 home_places=150 need_workers=14 tax_due=0 main_tax_due=0 tax_amount=9762 main_tax_amount=0 days_alive=310 stage=0 res0=0 res1=200 res2=0 res3=0 res4=0 res5=0 res6=0 res7=0 res8=0 Farm=1 Garden=3 Road=7 House=1 SmallHouse=2 CowFarm=1 Apiary=2 Hothouse=1 | nw=1455360.4271
  s=  286 a= 42(MANAGER:8) r= -1.3274 cum=   -503.21 v=-28.4887 top5=[a12=0.085, a39=0.033, a15=0.029, a11=0.029, a43=0.028]
    OBS: year=1 month=1 season=3 money=1328 credit=133788 people=29 busy=0 free=29 home_places=150 need_workers=14 tax_due=0 main_tax_due=0 tax_amount=9762 main_tax_amount=0 days_alive=311 stage=0 res0=0 res1=200 res2=0 res3=0 res4=0 res5=0 res6=0 res7=0 res8=0 Farm=1 Garden=3 Road=7 House=1 SmallHouse=2 CowFarm=1 Apiary=2 Hothouse=1 | nw=1455058.7100
  s=  287 a= 25(BUILD:SuperHouse) r= -1.3285 cum=   -504.53 v=-28.5125 top5=[a12=0.084, a39=0.033, a15=0.029, a11=0.029, a43=0.028] [BUILD FAILED: SuperHouse]
    OBS: year=1 month=1 season=3 money=1328 credit=134055 people=29 busy=0 free=29 home_places=150 need_workers=14 tax_due=0 main_tax_due=0 tax_amount=9762 main_tax_amount=0 days_alive=312 stage=0 res0=0 res1=200 res2=0 res3=0 res4=0 res5=0 res6=0 res7=0 res8=0 Farm=1 Garden=3 Road=7 House=1 SmallHouse=2 CowFarm=1 Apiary=2 Hothouse=1 | nw=1454757.0913
  s=  288 a= 34(MANAGER:0) r= -4.7840 cum=   -509.32 v=-28.5359 top5=[a12=0.083, a39=0.033, a15=0.029, a11=0.029, a43=0.029]
    OBS: year=1 month=1 season=3 money=1328 credit=134323 people=29 busy=0 free=29 home_places=150 need_workers=14 tax_due=0 main_tax_due=0 tax_amount=9762 main_tax_amount=0 days_alive=313 stage=0 res0=0 res1=200 res2=0 res3=0 res4=0 res5=0 res6=0 res7=0 res8=0 Farm=1 Garden=3 Road=7 House=1 SmallHouse=2 CowFarm=1 Apiary=2 Hothouse=1 | nw=1454452.6557
  s=  289 a= 24(BUILD:Hothouse) r= -1.3227 cum=   -510.64 v=-28.5571 top5=[a12=0.081, a39=0.033, a15=0.030, a11=0.029, a43=0.029] [BUILD FAILED: Hothouse]
    OBS: year=1 month=1 season=3 money=1328 credit=134591 people=29 busy=0 free=29 home_places=150 need_workers=14 tax_due=0 main_tax_due=0 tax_amount=9762 main_tax_amount=0 days_alive=314 stage=0 res0=0 res1=200 res2=0 res3=0 res4=0 res5=0 res6=0 res7=0 res8=0 Farm=1 Garden=3 Road=7 House=1 SmallHouse=2 CowFarm=1 Apiary=2 Hothouse=1 | nw=1454153.9535
  s=  290 a= 39(MANAGER:5) r= -1.3304 cum=   -511.97 v=-28.6057 top5=[a12=0.080, a39=0.033, a15=0.030, a11=0.030, a43=0.029]
    OBS: year=1 month=1 season=3 money=1328 credit=134860 people=29 busy=0 free=29 home_places=150 need_workers=14 tax_due=0 main_tax_due=0 tax_amount=9762 main_tax_amount=0 days_alive=315 stage=0 res0=0 res1=200 res2=0 res3=0 res4=0 res5=0 res6=0 res7=0 res8=0 Farm=1 Garden=3 Road=7 House=1 SmallHouse=2 CowFarm=1 Apiary=2 Hothouse=1 | nw=1453852.5812
  s=  291 a= 43(MANAGER:9) r= -4.7863 cum=   -516.76 v=-28.6733 top5=[a12=0.078, a39=0.033, a11=0.030, a15=0.030, a43=0.029]
    OBS: year=1 month=1 season=3 money=1328 credit=135129 people=29 busy=0 free=29 home_places=150 need_workers=14 tax_due=0 main_tax_due=0 tax_amount=9762 main_tax_amount=0 days_alive=316 stage=0 res0=0 res1=200 res2=0 res3=0 res4=0 res5=0 res6=0 res7=0 res8=0 Farm=1 Garden=3 Road=7 House=1 SmallHouse=2 CowFarm=1 Apiary=2 Hothouse=1 | nw=1453552.5306
  s=  292 a= 44(MANAGER:10) r= -0.6321 cum=   -517.39 v=-28.7372 top5=[a12=0.077, a39=0.033, a11=0.030, a15=0.030, a43=0.029]
    OBS: year=1 month=1 season=3 money=1328 credit=135399 people=29 busy=0 free=29 home_places=150 need_workers=14 tax_due=0 main_tax_due=0 tax_amount=9762 main_tax_amount=0 days_alive=317 stage=0 res0=0 res1=200 res2=0 res3=0 res4=0 res5=0 res6=0 res7=0 res8=0 Farm=1 Garden=3 Road=7 House=1 SmallHouse=2 CowFarm=1 Apiary=2 Hothouse=1 | nw=1453243.6662
  s=  293 a= 23(BUILD:Torchlight) r= -1.3391 cum=   -518.73 v=-28.8194 top5=[a12=0.076, a39=0.033, a11=0.030, a15=0.030, a43=0.030] [BUILD FAILED: Torchlight]
    OBS: year=1 month=1 season=3 money=1328 credit=135669 people=29 busy=0 free=29 home_places=150 need_workers=14 tax_due=0 main_tax_due=0 tax_amount=9762 main_tax_amount=0 days_alive=318 stage=0 res0=0 res1=200 res2=0 res3=0 res4=0 res5=0 res6=0 res7=0 res8=0 Farm=1 Garden=3 Road=7 House=1 SmallHouse=2 CowFarm=1 Apiary=2 Hothouse=1 | nw=1452939.6893
  s=  294 a= 15(BUILD:Fish) r= -4.7879 cum=   -523.52 v=-28.9182 top5=[a12=0.074, a39=0.033, a11=0.030, a43=0.030, a15=0.030] [BUILD FAILED: Fish]
    OBS: year=1 month=1 season=3 money=1328 credit=135940 people=29 busy=0 free=29 home_places=150 need_workers=14 tax_due=0 main_tax_due=0 tax_amount=9762 main_tax_amount=0 days_alive=319 stage=0 res0=0 res1=200 res2=0 res3=0 res4=0 res5=0 res6=0 res7=0 res8=0 Farm=1 Garden=3 Road=7 House=1 SmallHouse=2 CowFarm=1 Apiary=2 Hothouse=1 | nw=1452632.9241
  s=  295 a= 17(BUILD:HuntingLand) r= -1.3435 cum=   -524.86 v=-29.0557 top5=[a12=0.073, a39=0.034, a11=0.030, a43=0.030, a15=0.030] [BUILD FAILED: HuntingLand]
    OBS: year=1 month=1 season=3 money=1328 credit=136211 people=29 busy=0 free=29 home_places=150 need_workers=14 tax_due=0 main_tax_due=0 tax_amount=9762 main_tax_amount=0 days_alive=320 stage=0 res0=0 res1=200 res2=0 res3=0 res4=0 res5=0 res6=0 res7=0 res8=0 Farm=1 Garden=3 Road=7 House=1 SmallHouse=2 CowFarm=1 Apiary=2 Hothouse=1 | nw=1452327.6096
  s=  296 a= 32(BUILD:SmallAtomStation) r= -1.3337 cum=   -526.19 v=-29.2054 top5=[a12=0.072, a39=0.034, a11=0.031, a43=0.030, a15=0.030] [BUILD FAILED: SmallAtomStation]
    OBS: year=1 month=1 season=3 money=1328 credit=136483 people=29 busy=0 free=29 home_places=150 need_workers=14 tax_due=0 main_tax_due=0 tax_amount=9762 main_tax_amount=0 days_alive=321 stage=0 res0=0 res1=200 res2=0 res3=0 res4=0 res5=0 res6=0 res7=0 res8=0 Farm=1 Garden=3 Road=7 House=1 SmallHouse=2 CowFarm=1 Apiary=2 Hothouse=1 | nw=1452026.9559
  s=  297 a= 27(BUILD:WaterMill) r= -4.7902 cum=   -530.98 v=-29.3554 top5=[a12=0.070, a39=0.034, a11=0.031, a43=0.030, a15=0.030] [BUILD FAILED: WaterMill]
    OBS: year=1 month=1 season=3 money=1328 credit=136755 people=29 busy=0 free=29 home_places=150 need_workers=14 tax_due=0 main_tax_due=0 tax_amount=9762 main_tax_amount=0 days_alive=322 stage=0 res0=0 res1=200 res2=0 res3=0 res4=0 res5=0 res6=0 res7=0 res8=0 Farm=1 Garden=3 Road=7 House=1 SmallHouse=2 CowFarm=1 Apiary=2 Hothouse=1 | nw=1451725.2259
  s=  298 a= 32(BUILD:SmallAtomStation) r= -1.3558 cum=   -532.34 v=-29.5065 top5=[a12=0.069, a39=0.034, a11=0.031, a43=0.031, a15=0.030] [BUILD FAILED: SmallAtomStation]
    OBS: year=1 month=1 season=3 money=1328 credit=137028 people=29 busy=0 free=29 home_places=150 need_workers=14 tax_due=0 main_tax_due=0 tax_amount=9762 main_tax_amount=0 days_alive=323 stage=0 res0=0 res1=200 res2=0 res3=0 res4=0 res5=0 res6=0 res7=0 res8=0 Farm=1 Garden=3 Road=7 House=1 SmallHouse=2 CowFarm=1 Apiary=2 Hothouse=1 | nw=1451415.8485
  s=  299 a= 11(BUILD:Goldmine) r= -1.3424 cum=   -533.68 v=-29.6618 top5=[a12=0.068, a39=0.034, a11=0.031, a43=0.031, a15=0.030] [BUILD FAILED: Goldmine]
    OBS: year=1 month=1 season=3 money=1328 credit=137302 people=29 busy=0 free=29 home_places=150 need_workers=14 tax_due=0 main_tax_due=0 tax_amount=9762 main_tax_amount=0 days_alive=324 stage=0 res0=0 res1=200 res2=0 res3=0 res4=0 res5=0 res6=0 res7=0 res8=0 Farm=1 Garden=3 Road=7 House=1 SmallHouse=2 CowFarm=1 Apiary=2 Hothouse=1 | nw=1451112.6391
  >>> Ep 3: reward=-533.68, steps=300
  >>> final: year=1 month=1 season=3 money=1328 credit=137302 people=29 busy=0 free=29 home_places=150 need_workers=14 tax_due=0 main_tax_due=0 tax_amount=9762 main_tax_amount=0 days_alive=324 stage=0 res0=0 res1=200 res2=0 res3=0 res4=0 res5=0 res6=0 res7=0 res8=0 Farm=1 Garden=3 Road=7 House=1 SmallHouse=2 CowFarm=1 Apiary=2 Hothouse=1 | nw=1451112.6391

======================================================================
SUMMARY
======================================================================
Episodes: 3
Total steps: 900
Mean reward: -541.86
Max reward:  -528.93
Min reward:  -562.96
  Ep 1: -528.93
  Ep 2: -562.96
  Ep 3: -533.68

ACTION DISTRIBUTION (all 900 steps)
  MANAGER:6           :    31 (3.4%)
  MANAGER:9           :    30 (3.3%)
  BUILD:Fish          :    30 (3.3%)
  BUILD:SmallAtomStation:    28 (3.1%)
  MANAGER:7           :    27 (3.0%)
  BUILD:Hothouse      :    26 (2.9%)
  MANAGER:2           :    26 (2.9%)
  BUILD:PowerStation  :    26 (2.9%)
  BUILD:Coalmine      :    26 (2.9%)
  MANAGER:5           :    25 (2.8%)
  BUILD:Goldmine      :    25 (2.8%)
  BUILD:Mushroom      :    24 (2.7%)
  BUILD:WaterMill     :    24 (2.7%)
  BUILD:HuntingLand   :    24 (2.7%)
  MANAGER:10          :    24 (2.7%)
  MANAGER:1           :    24 (2.7%)
  BUILD:WaterChannel  :    23 (2.6%)
  BUILD:Ironmine      :    23 (2.6%)
  BUILD:Road          :    23 (2.6%)
  MANAGER:0           :    22 (2.4%)
  BUILD:Apiary        :    21 (2.3%)
  BUILD:SuperHouse    :    21 (2.3%)
  BUILD:BigRefinary   :    19 (2.1%)
  BUILD:Refinery      :    19 (2.1%)
  BUILD:Torchlight    :    18 (2.0%)
  BUILD:Garden        :    18 (2.0%)
  BUILD:CowFarm       :    18 (2.0%)
  BUILD:BigIronmine   :    17 (1.9%)
  BUILD:BigFarm       :    17 (1.9%)
  BUILD:BigHouse      :    17 (1.9%)
  MANAGER:4           :    17 (1.9%)
  BUILD:CoalCut       :    16 (1.8%)
  WEEK                :    16 (1.8%)
  BUILD:Farm          :    16 (1.8%)
  BUILD:BigSawmill    :    16 (1.8%)
  MANAGER:8           :    15 (1.7%)
  BUILD:SmallHouse    :    15 (1.7%)
  BUILD:Sawmill       :    15 (1.7%)
  BUILD:House         :    13 (1.4%)
  BUILD:Puerperal     :    13 (1.4%)
  DAY                 :    12 (1.3%)
  BUILD:AtomStation   :    12 (1.3%)
  BUILD:AirStation    :    11 (1.2%)
  BUILD:HydroStation  :     9 (1.0%)
  MANAGER:3           :     8 (0.9%)
